image_id,evaluation_status,relative_path,true_class,predicted_class,is_correct,uncalibrated_max_probability,top_1_class,top_2_class,top_3_class,cv_fold,production_split,source_atomic_split_group_id,source_atomic_cohort_ids,object_type,motif_visibility,selected_base_configuration_id,selected_motif_configuration_id,motif_descriptor,motif_c_value,motif_applied,probability_01_opishnyan_ceramics,probability_02_ornek,probability_03_bubnivka_ceramics,probability_04_petrykivka_painting,probability_05_kosiv_ceramics
img_db1291f981873646,nested_outer_oof_adaptive_base_fixed_consensus_v5,dataset_dev/01_opishnyan_ceramics/o065.jpg,01_opishnyan_ceramics,01_opishnyan_ceramics,True,0.3685574941838499,01_opishnyan_ceramics,05_kosiv_ceramics,03_bubnivka_ceramics,4,train,obj_single_db1291f981873646,,unreviewed,unreviewed,global_cls__c10__source0p5,fixed_base_plus_three_motif_heads__equal_centered_logits,fixed_three_descriptor_consensus,10.0,True,0.3685574941838499,0.09857261396910319,0.1915157436881161,0.007355474435758596,0.333998673723172
img_27a4af8334229eeb,nested_outer_oof_adaptive_base_fixed_consensus_v5,dataset_dev/01_opishnyan_ceramics/o066.jpg,01_opishnyan_ceramics,01_opishnyan_ceramics,True,0.6137498929263683,01_opishnyan_ceramics,05_kosiv_ceramics,02_ornek,1,train,obj_single_27a4af8334229eeb,,unreviewed,unreviewed,global_cls__c10__source0p5,fixed_base_plus_three_motif_heads__equal_centered_logits,fixed_three_descriptor_consensus,10.0,True,0.6137498929263683,0.07898754344576221,0.07636614740777366,0.03132245201996447,0.1995739642001314
img_79fd0a23766a0896,nested_outer_oof_adaptive_base_fixed_consensus_v5,dataset_dev/01_opishnyan_ceramics/o067.jpg,01_opishnyan_ceramics,02_ornek,False,0.8232457177399515,02_ornek,01_opishnyan_ceramics,03_bubnivka_ceramics,4,train,obj_single_79fd0a23766a0896,,unreviewed,unreviewed,global_cls__c10__source0p5,fixed_base_plus_three_motif_heads__equal_centered_logits,fixed_three_descriptor_consensus,10.0,True,0.0872679384405077,0.8232457177399515,0.06887533369982016,0.016966620706625107,0.0036443894130954828
img_cf3ec0065848b378,nested_outer_oof_adaptive_base_fixed_consensus_v5,dataset_dev/01_opishnyan_ceramics/o070.jpg,01_opishnyan_ceramics,01_opishnyan_ceramics,True,0.5459698877978657,01_opishnyan_ceramics,03_bubnivka_ceramics,02_ornek,4,train,obj_single_cf3ec0065848b378,,unreviewed,unreviewed,global_cls__c10__source0p5,fixed_base_plus_three_motif_heads__equal_centered_logits,fixed_three_descriptor_consensus,10.0,True,0.5459698877978657,0.17227785386357736,0.27028090561284646,0.005976239419187637,0.005495113306522806
img_3f867edb13f6d9e7,nested_outer_oof_adaptive_base_fixed_consensus_v5,dataset_dev/01_opishnyan_ceramics/o072.jpg,01_opishnyan_ceramics,03_bubnivka_ceramics,False,0.570637866705292,03_bubnivka_ceramics,01_opishnyan_ceramics,02_ornek,4,train,obj_single_3f867edb13f6d9e7,,unreviewed,unreviewed,global_cls__c10__source0p5,fixed_base_plus_three_motif_heads__equal_centered_logits,fixed_three_descriptor_consensus,10.0,True,0.25838155252530765,0.124548791736499,0.570637866705292,0.015719814910979926,0.030711974121921348
img_e42e9a248f42aeff,nested_outer_oof_adaptive_base_fixed_consensus_v5,dataset_dev/01_opishnyan_ceramics/o076.jpg,01_opishnyan_ceramics,01_opishnyan_ceramics,True,0.6836119982952366,01_opishnyan_ceramics,02_ornek,05_kosiv_ceramics,4,train,obj_single_e42e9a248f42aeff,,unreviewed,unreviewed,global_cls__c10__source0p5,fixed_base_plus_three_motif_heads__equal_centered_logits,fixed_three_descriptor_consensus,10.0,True,0.6836119982952366,0.25537894064560335,0.028405637856550273,0.000955327381086593,0.03164809582152323
img_20daf377d66f3fa1,nested_outer_oof_adaptive_base_fixed_consensus_v5,dataset_dev/01_opishnyan_ceramics/o077.jpg,01_opishnyan_ceramics,01_opishnyan_ceramics,True,0.9753212669425345,01_opishnyan_ceramics,03_bubnivka_ceramics,05_kosiv_ceramics,4,train,obj_single_20daf377d66f3fa1,,unreviewed,unreviewed,global_cls__c10__source0p5,fixed_base_plus_three_motif_heads__equal_centered_logits,fixed_three_descriptor_consensus,10.0,True,0.9753212669425345,5.10016283624226e-05,0.015658467264455144,0.00015033844171225414,0.008818925722935852
img_55d9ff12510acae5,nested_outer_oof_adaptive_base_fixed_consensus_v5,dataset_dev/01_opishnyan_ceramics/o079.jpg,01_opishnyan_ceramics,01_opishnyan_ceramics,True,0.9772815684680198,01_opishnyan_ceramics,05_kosiv_ceramics,03_bubnivka_ceramics,1,train,obj_single_55d9ff12510acae5,,unreviewed,unreviewed,global_cls__c10__source0p5,fixed_base_plus_three_motif_heads__equal_centered_logits,fixed_three_descriptor_consensus,10.0,True,0.9772815684680198,3.702220039702558e-05,0.002472990653016677,0.0008437746770410946,0.019364644001525263
img_9f4dd9669496c0fc,nested_outer_oof_adaptive_base_fixed_consensus_v5,dataset_dev/01_opishnyan_ceramics/o080.jpg,01_opishnyan_ceramics,01_opishnyan_ceramics,True,0.9985066988487872,01_opishnyan_ceramics,03_bubnivka_ceramics,05_kosiv_ceramics,4,train,src_manual_037,,figurine_or_sculpture,clear,global_cls__c10__source0p5,fixed_base_plus_three_motif_heads__equal_centered_logits,fixed_three_descriptor_consensus,10.0,True,0.9985066988487872,0.00011413337113605994,0.0007708243003132912,6.478194738368015e-05,0.0005435615323798003
img_bc67051e8211bbac,nested_outer_oof_adaptive_base_fixed_consensus_v5,dataset_dev/01_opishnyan_ceramics/o094.jpg,01_opishnyan_ceramics,01_opishnyan_ceramics,True,0.99734405894067,01_opishnyan_ceramics,05_kosiv_ceramics,02_ornek,2,train,srcgrp_4816dd56c8688495,src_global_opn_museum_display_logo,unreviewed,unreviewed,three_view_cls_logit_ensemble__c100__source0p5,fixed_base_plus_three_motif_heads__equal_centered_logits,fixed_three_descriptor_consensus,10.0,True,0.99734405894067,0.0005967204850201059,0.00010658267825279761,0.00013913689327415028,0.0018135010027828264
img_83d7d22b0e1eb6eb,nested_outer_oof_adaptive_base_fixed_consensus_v5,dataset_dev/01_opishnyan_ceramics/o097.jpg,01_opishnyan_ceramics,01_opishnyan_ceramics,True,0.9719276335667958,01_opishnyan_ceramics,05_kosiv_ceramics,02_ornek,2,train,srcgrp_4816dd56c8688495,src_global_opn_museum_display_logo,unreviewed,unreviewed,three_view_cls_logit_ensemble__c100__source0p5,fixed_base_plus_three_motif_heads__equal_centered_logits,fixed_three_descriptor_consensus,10.0,True,0.9719276335667958,0.003150516285271668,0.0013739975702853561,0.0004280040327636875,0.02311984854488353
img_66293d24535400e3,nested_outer_oof_adaptive_base_fixed_consensus_v5,dataset_dev/01_opishnyan_ceramics/o100.jpg,01_opishnyan_ceramics,01_opishnyan_ceramics,True,0.967024182315804,01_opishnyan_ceramics,02_ornek,05_kosiv_ceramics,2,train,srcgrp_4816dd56c8688495,src_global_opn_museum_display_logo,unreviewed,unreviewed,three_view_cls_logit_ensemble__c100__source0p5,fixed_base_plus_three_motif_heads__equal_centered_logits,fixed_three_descriptor_consensus,10.0,True,0.967024182315804,0.021491105348278375,0.0003011030947176303,0.0003516054351201915,0.01083200380607988
img_065dff950ae8b9dc,nested_outer_oof_adaptive_base_fixed_consensus_v5,dataset_dev/01_opishnyan_ceramics/o101.jpg,01_opishnyan_ceramics,01_opishnyan_ceramics,True,0.9842235064522331,01_opishnyan_ceramics,05_kosiv_ceramics,03_bubnivka_ceramics,2,train,srcgrp_4816dd56c8688495,src_global_opn_museum_display_logo,unreviewed,unreviewed,three_view_cls_logit_ensemble__c100__source0p5,fixed_base_plus_three_motif_heads__equal_centered_logits,fixed_three_descriptor_consensus,10.0,True,0.9842235064522331,4.8953433134634526e-05,0.006374685805066234,0.0015010412752069883,0.007851813034359214
img_a7f9c61d19edc296,nested_outer_oof_adaptive_base_fixed_consensus_v5,dataset_dev/01_opishnyan_ceramics/o102.jpg,01_opishnyan_ceramics,01_opishnyan_ceramics,True,0.9645737609663442,01_opishnyan_ceramics,03_bubnivka_ceramics,05_kosiv_ceramics,2,train,srcgrp_4816dd56c8688495,src_global_opn_museum_display_logo,unreviewed,unreviewed,three_view_cls_logit_ensemble__c100__source0p5,fixed_base_plus_three_motif_heads__equal_centered_logits,fixed_three_descriptor_consensus,10.0,True,0.9645737609663442,0.0008408843731677395,0.022394104826120847,0.002568634105038007,0.0096226157293294
img_1460ba9736792769,nested_outer_oof_adaptive_base_fixed_consensus_v5,dataset_dev/01_opishnyan_ceramics/o103.jpg,01_opishnyan_ceramics,01_opishnyan_ceramics,True,0.9905073369928076,01_opishnyan_ceramics,02_ornek,03_bubnivka_ceramics,2,train,srcgrp_4816dd56c8688495,src_global_opn_museum_display_logo,unreviewed,unreviewed,three_view_cls_logit_ensemble__c100__source0p5,fixed_base_plus_three_motif_heads__equal_centered_logits,fixed_three_descriptor_consensus,10.0,True,0.9905073369928076,0.004912396294465171,0.0026773671754787725,0.0006531807416813155,0.001249718795567106
img_9ff629926d00c926,nested_outer_oof_adaptive_base_fixed_consensus_v5,dataset_dev/01_opishnyan_ceramics/o117.jpg,01_opishnyan_ceramics,03_bubnivka_ceramics,False,0.45554087577243313,03_bubnivka_ceramics,02_ornek,01_opishnyan_ceramics,3,validation,srcgrp_b6dba6413920e1cb,src_global_opn_gray_catalog_b,unreviewed,unreviewed,three_view_cls_logit_ensemble__c100__source0p5,fixed_base_plus_three_motif_heads__equal_centered_logits,fixed_three_descriptor_consensus,10.0,True,0.19715021381475886,0.22162654756943234,0.45554087577243313,0.04908017628589175,0.07660218655748406
img_f217d73709a40bba,nested_outer_oof_adaptive_base_fixed_consensus_v5,dataset_dev/01_opishnyan_ceramics/o119.jpg,01_opishnyan_ceramics,01_opishnyan_ceramics,True,0.9532045636386646,01_opishnyan_ceramics,03_bubnivka_ceramics,05_kosiv_ceramics,3,validation,srcgrp_b6dba6413920e1cb,src_global_opn_gray_catalog_b,unreviewed,unreviewed,three_view_cls_logit_ensemble__c100__source0p5,fixed_base_plus_three_motif_heads__equal_centered_logits,fixed_three_descriptor_consensus,10.0,True,0.9532045636386646,0.001435608688746745,0.03393020718400558,0.00047667076179157535,0.010952949726791453
img_56fe26ce51147522,nested_outer_oof_adaptive_base_fixed_consensus_v5,dataset_dev/01_opishnyan_ceramics/o122.jpg,01_opishnyan_ceramics,03_bubnivka_ceramics,False,0.7328715055319518,03_bubnivka_ceramics,01_opishnyan_ceramics,05_kosiv_ceramics,3,validation,srcgrp_b6dba6413920e1cb,src_global_opn_gray_catalog_b,unreviewed,unreviewed,three_view_cls_logit_ensemble__c100__source0p5,fixed_base_plus_three_motif_heads__equal_centered_logits,fixed_three_descriptor_consensus,10.0,True,0.2527361689507176,0.002122645314045162,0.7328715055319518,0.00058281159904617,0.011686868604239195
img_bb478a6a9ea96f01,nested_outer_oof_adaptive_base_fixed_consensus_v5,dataset_dev/01_opishnyan_ceramics/o124.jpg,01_opishnyan_ceramics,03_bubnivka_ceramics,False,0.7367654882040203,03_bubnivka_ceramics,01_opishnyan_ceramics,05_kosiv_ceramics,3,validation,srcgrp_b6dba6413920e1cb,src_global_opn_gray_catalog_b,unreviewed,unreviewed,three_view_cls_logit_ensemble__c100__source0p5,fixed_base_plus_three_motif_heads__equal_centered_logits,fixed_three_descriptor_consensus,10.0,True,0.24285057476148839,0.0016819122995214016,0.7367654882040203,0.0008555355180645615,0.017846489216905247
img_4c7d5a51f9d49830,nested_outer_oof_adaptive_base_fixed_consensus_v5,dataset_dev/01_opishnyan_ceramics/o126.jpg,01_opishnyan_ceramics,01_opishnyan_ceramics,True,0.9041443346830875,01_opishnyan_ceramics,03_bubnivka_ceramics,05_kosiv_ceramics,3,validation,srcgrp_b6dba6413920e1cb,src_global_opn_gray_catalog_b,vase_jug_or_vessel,clear,three_view_cls_logit_ensemble__c100__source0p5,fixed_base_plus_three_motif_heads__equal_centered_logits,fixed_three_descriptor_consensus,10.0,True,0.9041443346830875,0.0013685390074751195,0.05852363777625527,0.000619515546520918,0.035343972986660914
img_390d919059572a43,nested_outer_oof_adaptive_base_fixed_consensus_v5,dataset_dev/01_opishnyan_ceramics/o127.jpg,01_opishnyan_ceramics,05_kosiv_ceramics,False,0.7078627083808423,05_kosiv_ceramics,02_ornek,03_bubnivka_ceramics,3,validation,srcgrp_b6dba6413920e1cb,src_global_opn_gray_catalog_b,unreviewed,unreviewed,three_view_cls_logit_ensemble__c100__source0p5,fixed_base_plus_three_motif_heads__equal_centered_logits,fixed_three_descriptor_consensus,10.0,True,0.06475157788753333,0.11555071713245313,0.10723832194392571,0.0045966746552454875,0.7078627083808423
img_183cedcef8321e71,nested_outer_oof_adaptive_base_fixed_consensus_v5,dataset_dev/01_opishnyan_ceramics/o128.jpg,01_opishnyan_ceramics,01_opishnyan_ceramics,True,0.5676801691858818,01_opishnyan_ceramics,05_kosiv_ceramics,03_bubnivka_ceramics,3,validation,srcgrp_b6dba6413920e1cb,src_global_opn_gray_catalog_b,unreviewed,unreviewed,three_view_cls_logit_ensemble__c100__source0p5,fixed_base_plus_three_motif_heads__equal_centered_logits,fixed_three_descriptor_consensus,10.0,True,0.5676801691858818,0.009188550633382144,0.07470570372963524,0.02946544089352193,0.31896013555757896
img_8ac7c7cfa2046468,nested_outer_oof_adaptive_base_fixed_consensus_v5,dataset_dev/01_opishnyan_ceramics/o131.jpg,01_opishnyan_ceramics,05_kosiv_ceramics,False,0.5407540980657229,05_kosiv_ceramics,01_opishnyan_ceramics,02_ornek,3,validation,srcgrp_b6dba6413920e1cb,src_global_opn_gray_catalog_b,unreviewed,unreviewed,three_view_cls_logit_ensemble__c100__source0p5,fixed_base_plus_three_motif_heads__equal_centered_logits,fixed_three_descriptor_consensus,10.0,True,0.35362114057910227,0.08285301795405121,0.017116372146404248,0.0056553712547193595,0.5407540980657229
img_98cf909cf2c2c26e,nested_outer_oof_adaptive_base_fixed_consensus_v5,dataset_dev/01_opishnyan_ceramics/o132.jpg,01_opishnyan_ceramics,01_opishnyan_ceramics,True,0.639657815440974,01_opishnyan_ceramics,05_kosiv_ceramics,02_ornek,3,validation,srcgrp_b6dba6413920e1cb,src_global_opn_gray_catalog_b,unreviewed,unreviewed,three_view_cls_logit_ensemble__c100__source0p5,fixed_base_plus_three_motif_heads__equal_centered_logits,fixed_three_descriptor_consensus,10.0,True,0.639657815440974,0.03087306829631874,0.006341654242122366,0.0008014628843545237,0.32232599913623033
img_965b324ff3a43ff9,nested_outer_oof_adaptive_base_fixed_consensus_v5,dataset_dev/01_opishnyan_ceramics/o134.jpg,01_opishnyan_ceramics,01_opishnyan_ceramics,True,0.9097863366789725,01_opishnyan_ceramics,03_bubnivka_ceramics,05_kosiv_ceramics,3,validation,srcgrp_b6dba6413920e1cb,src_global_opn_gray_catalog_b,unreviewed,unreviewed,three_view_cls_logit_ensemble__c100__source0p5,fixed_base_plus_three_motif_heads__equal_centered_logits,fixed_three_descriptor_consensus,10.0,True,0.9097863366789725,0.000773316356277653,0.046200450385607425,0.0018220521906284412,0.041417844388514154
img_dd456711a8868062,nested_outer_oof_adaptive_base_fixed_consensus_v5,dataset_dev/01_opishnyan_ceramics/o135.jpg,01_opishnyan_ceramics,01_opishnyan_ceramics,True,0.4825770484754357,01_opishnyan_ceramics,03_bubnivka_ceramics,05_kosiv_ceramics,3,validation,srcgrp_b6dba6413920e1cb,src_global_opn_gray_catalog_b,unreviewed,unreviewed,three_view_cls_logit_ensemble__c100__source0p5,fixed_base_plus_three_motif_heads__equal_centered_logits,fixed_three_descriptor_consensus,10.0,True,0.4825770484754357,0.0014125697133705783,0.2616391382500451,0.008902854522323556,0.2454683890388251
img_14bbcde62d473908,nested_outer_oof_adaptive_base_fixed_consensus_v5,dataset_dev/01_opishnyan_ceramics/o136.jpg,01_opishnyan_ceramics,01_opishnyan_ceramics,True,0.4568742061170495,01_opishnyan_ceramics,05_kosiv_ceramics,03_bubnivka_ceramics,3,validation,srcgrp_b6dba6413920e1cb,src_global_opn_gray_catalog_b,plate_or_bowl,clear,three_view_cls_logit_ensemble__c100__source0p5,fixed_base_plus_three_motif_heads__equal_centered_logits,fixed_three_descriptor_consensus,10.0,True,0.4568742061170495,0.06945405863391967,0.19299701907741243,0.01090012743110523,0.26977458874051324
img_fa9396bae33d6dd0,nested_outer_oof_adaptive_base_fixed_consensus_v5,dataset_dev/01_opishnyan_ceramics/o137.jpg,01_opishnyan_ceramics,01_opishnyan_ceramics,True,0.9300733514519227,01_opishnyan_ceramics,03_bubnivka_ceramics,05_kosiv_ceramics,3,validation,srcgrp_b6dba6413920e1cb,src_global_opn_gray_catalog_b,unreviewed,unreviewed,three_view_cls_logit_ensemble__c100__source0p5,fixed_base_plus_three_motif_heads__equal_centered_logits,fixed_three_descriptor_consensus,10.0,True,0.9300733514519227,0.0012382554175461816,0.034378887238394516,0.0013375811635728712,0.03297192472856366
img_f83d5e93773dd9a0,nested_outer_oof_adaptive_base_fixed_consensus_v5,dataset_dev/01_opishnyan_ceramics/o139.jpg,01_opishnyan_ceramics,01_opishnyan_ceramics,True,0.6157874974813008,01_opishnyan_ceramics,05_kosiv_ceramics,03_bubnivka_ceramics,3,validation,srcgrp_b6dba6413920e1cb,src_global_opn_gray_catalog_b,unreviewed,unreviewed,three_view_cls_logit_ensemble__c100__source0p5,fixed_base_plus_three_motif_heads__equal_centered_logits,fixed_three_descriptor_consensus,10.0,True,0.6157874974813008,0.0016321124004017979,0.005552964521644495,0.0011935825648563964,0.3758338430317964
img_f4ef1443f234b845,nested_outer_oof_adaptive_base_fixed_consensus_v5,dataset_dev/01_opishnyan_ceramics/o140.jpg,01_opishnyan_ceramics,03_bubnivka_ceramics,False,0.7208657556354285,03_bubnivka_ceramics,01_opishnyan_ceramics,05_kosiv_ceramics,3,validation,srcgrp_b6dba6413920e1cb,src_global_opn_gray_catalog_b,unreviewed,unreviewed,three_view_cls_logit_ensemble__c100__source0p5,fixed_base_plus_three_motif_heads__equal_centered_logits,fixed_three_descriptor_consensus,10.0,True,0.2677908824136846,0.0010356869868374152,0.7208657556354285,0.0004566152940558271,0.009851059669993582
img_bdeb80622d1df61f,nested_outer_oof_adaptive_base_fixed_consensus_v5,dataset_dev/01_opishnyan_ceramics/o141.jpg,01_opishnyan_ceramics,01_opishnyan_ceramics,True,0.9558301783562142,01_opishnyan_ceramics,05_kosiv_ceramics,03_bubnivka_ceramics,3,validation,srcgrp_b6dba6413920e1cb,src_global_opn_gray_catalog_b,unreviewed,unreviewed,three_view_cls_logit_ensemble__c100__source0p5,fixed_base_plus_three_motif_heads__equal_centered_logits,fixed_three_descriptor_consensus,10.0,True,0.9558301783562142,0.0027774360117437252,0.007043077736696177,0.0006253068378982362,0.03372400105744767
img_7feb2e1954f4a350,nested_outer_oof_adaptive_base_fixed_consensus_v5,dataset_dev/01_opishnyan_ceramics/o143.jpg,01_opishnyan_ceramics,01_opishnyan_ceramics,True,0.7242962591535275,01_opishnyan_ceramics,05_kosiv_ceramics,03_bubnivka_ceramics,3,validation,srcgrp_b6dba6413920e1cb,src_global_opn_gray_catalog_b,unreviewed,unreviewed,three_view_cls_logit_ensemble__c100__source0p5,fixed_base_plus_three_motif_heads__equal_centered_logits,fixed_three_descriptor_consensus,10.0,True,0.7242962591535275,0.007117651130629762,0.016383541835557448,0.0006392778408784606,0.25156327003940687
img_0f4c7e86e25b879b,nested_outer_oof_adaptive_base_fixed_consensus_v5,dataset_dev/01_opishnyan_ceramics/o144.jpg,01_opishnyan_ceramics,01_opishnyan_ceramics,True,0.8278140069988604,01_opishnyan_ceramics,03_bubnivka_ceramics,05_kosiv_ceramics,3,validation,srcgrp_b6dba6413920e1cb,src_global_opn_gray_catalog_b,unreviewed,unreviewed,three_view_cls_logit_ensemble__c100__source0p5,fixed_base_plus_three_motif_heads__equal_centered_logits,fixed_three_descriptor_consensus,10.0,True,0.8278140069988604,0.000725346100975063,0.12655234289047432,0.0007866946389075862,0.04412160937078265
img_51b9ac2eeb3d7f1f,nested_outer_oof_adaptive_base_fixed_consensus_v5,dataset_dev/01_opishnyan_ceramics/o145.jpg,01_opishnyan_ceramics,03_bubnivka_ceramics,False,0.5637035415362562,03_bubnivka_ceramics,05_kosiv_ceramics,02_ornek,3,validation,srcgrp_b6dba6413920e1cb,src_global_opn_gray_catalog_b,unreviewed,unreviewed,three_view_cls_logit_ensemble__c100__source0p5,fixed_base_plus_three_motif_heads__equal_centered_logits,fixed_three_descriptor_consensus,10.0,True,0.04878222751058329,0.057404588336265924,0.5637035415362562,0.02469730696803447,0.30541233564885995
img_c0405690e861dcd2,nested_outer_oof_adaptive_base_fixed_consensus_v5,dataset_dev/01_opishnyan_ceramics/o146.jpg,01_opishnyan_ceramics,01_opishnyan_ceramics,True,0.6242308336830958,01_opishnyan_ceramics,05_kosiv_ceramics,04_petrykivka_painting,3,validation,srcgrp_b6dba6413920e1cb,src_global_opn_gray_catalog_b,unreviewed,unreviewed,three_view_cls_logit_ensemble__c100__source0p5,fixed_base_plus_three_motif_heads__equal_centered_logits,fixed_three_descriptor_consensus,10.0,True,0.6242308336830958,0.0012826230536582127,0.024074564032523216,0.027180535602230334,0.3232314436284924
img_ee6f0b38ad82c8bd,nested_outer_oof_adaptive_base_fixed_consensus_v5,dataset_dev/01_opishnyan_ceramics/o147.jpg,01_opishnyan_ceramics,01_opishnyan_ceramics,True,0.9877418483550595,01_opishnyan_ceramics,03_bubnivka_ceramics,05_kosiv_ceramics,3,validation,srcgrp_b6dba6413920e1cb,src_global_opn_gray_catalog_b,unreviewed,unreviewed,three_view_cls_logit_ensemble__c100__source0p5,fixed_base_plus_three_motif_heads__equal_centered_logits,fixed_three_descriptor_consensus,10.0,True,0.9877418483550595,0.0005042189832032791,0.00845400692129382,0.00022375272655448584,0.003076173013889115
img_52b17ecb09f74f50,nested_outer_oof_adaptive_base_fixed_consensus_v5,dataset_dev/01_opishnyan_ceramics/o148.jpg,01_opishnyan_ceramics,01_opishnyan_ceramics,True,0.950867031623362,01_opishnyan_ceramics,05_kosiv_ceramics,02_ornek,3,validation,srcgrp_b6dba6413920e1cb,src_global_opn_gray_catalog_b,unreviewed,unreviewed,three_view_cls_logit_ensemble__c100__source0p5,fixed_base_plus_three_motif_heads__equal_centered_logits,fixed_three_descriptor_consensus,10.0,True,0.950867031623362,0.0064596758402428915,0.004886462590173271,0.0003007385771089125,0.03748609136911292
img_79b2bc31bf22c1ea,nested_outer_oof_adaptive_base_fixed_consensus_v5,dataset_dev/01_opishnyan_ceramics/o149.jpg,01_opishnyan_ceramics,01_opishnyan_ceramics,True,0.6064805527121877,01_opishnyan_ceramics,03_bubnivka_ceramics,05_kosiv_ceramics,3,validation,srcgrp_b6dba6413920e1cb,src_global_opn_gray_catalog_b,unreviewed,unreviewed,three_view_cls_logit_ensemble__c100__source0p5,fixed_base_plus_three_motif_heads__equal_centered_logits,fixed_three_descriptor_consensus,10.0,True,0.6064805527121877,0.004965979006430346,0.1959577647767276,0.0051117511444128535,0.18748395236024154
img_dd6fd1f4a679e67d,nested_outer_oof_adaptive_base_fixed_consensus_v5,dataset_dev/01_opishnyan_ceramics/o151.jpg,01_opishnyan_ceramics,01_opishnyan_ceramics,True,0.8303634425494747,01_opishnyan_ceramics,03_bubnivka_ceramics,05_kosiv_ceramics,3,validation,srcgrp_b6dba6413920e1cb,src_global_opn_gray_catalog_b,unreviewed,unreviewed,three_view_cls_logit_ensemble__c100__source0p5,fixed_base_plus_three_motif_heads__equal_centered_logits,fixed_three_descriptor_consensus,10.0,True,0.8303634425494747,0.0010839104059816916,0.15842379562580947,0.00040191580048487904,0.009726935618249435
img_a33d94149fab6ea0,nested_outer_oof_adaptive_base_fixed_consensus_v5,dataset_dev/01_opishnyan_ceramics/o152.jpg,01_opishnyan_ceramics,01_opishnyan_ceramics,True,0.8677117005471259,01_opishnyan_ceramics,03_bubnivka_ceramics,05_kosiv_ceramics,3,validation,srcgrp_b6dba6413920e1cb,src_global_opn_gray_catalog_b,unreviewed,unreviewed,three_view_cls_logit_ensemble__c100__source0p5,fixed_base_plus_three_motif_heads__equal_centered_logits,fixed_three_descriptor_consensus,10.0,True,0.8677117005471259,0.0011349026161056458,0.10528452135547335,0.0017199034255127683,0.02414897205578261
img_62156143d7280c45,nested_outer_oof_adaptive_base_fixed_consensus_v5,dataset_dev/01_opishnyan_ceramics/o154.jpg,01_opishnyan_ceramics,01_opishnyan_ceramics,True,0.9930445550677344,01_opishnyan_ceramics,05_kosiv_ceramics,03_bubnivka_ceramics,3,validation,srcgrp_b6dba6413920e1cb,src_global_opn_gray_catalog_b,unreviewed,unreviewed,three_view_cls_logit_ensemble__c100__source0p5,fixed_base_plus_three_motif_heads__equal_centered_logits,fixed_three_descriptor_consensus,10.0,True,0.9930445550677344,0.00013049181741135024,0.00020115876066298133,8.158830368581854e-05,0.0065422060505054246
img_efa59e5c3378c310,nested_outer_oof_adaptive_base_fixed_consensus_v5,dataset_dev/01_opishnyan_ceramics/o155.jpg,01_opishnyan_ceramics,01_opishnyan_ceramics,True,0.8146002610018681,01_opishnyan_ceramics,02_ornek,05_kosiv_ceramics,3,validation,srcgrp_b6dba6413920e1cb,src_global_opn_gray_catalog_b,unreviewed,unreviewed,three_view_cls_logit_ensemble__c100__source0p5,fixed_base_plus_three_motif_heads__equal_centered_logits,fixed_three_descriptor_consensus,10.0,True,0.8146002610018681,0.15291105580435446,0.001499691247250146,0.006058692417849814,0.024930299528677625
img_10e68b42ffd61bab,nested_outer_oof_adaptive_base_fixed_consensus_v5,dataset_dev/01_opishnyan_ceramics/o157.jpg,01_opishnyan_ceramics,01_opishnyan_ceramics,True,0.9882657701942397,01_opishnyan_ceramics,02_ornek,05_kosiv_ceramics,3,validation,srcgrp_b6dba6413920e1cb,src_global_opn_gray_catalog_b,unreviewed,unreviewed,three_view_cls_logit_ensemble__c100__source0p5,fixed_base_plus_three_motif_heads__equal_centered_logits,fixed_three_descriptor_consensus,10.0,True,0.9882657701942397,0.007756584147309687,0.0001624149253730489,0.0007260217049572492,0.0030892090281203987
img_b4695e4f1b7b0d1f,nested_outer_oof_adaptive_base_fixed_consensus_v5,dataset_dev/01_opishnyan_ceramics/o158.jpg,01_opishnyan_ceramics,01_opishnyan_ceramics,True,0.9303169566635393,01_opishnyan_ceramics,05_kosiv_ceramics,03_bubnivka_ceramics,3,validation,srcgrp_b6dba6413920e1cb,src_global_opn_gray_catalog_b,unreviewed,unreviewed,three_view_cls_logit_ensemble__c100__source0p5,fixed_base_plus_three_motif_heads__equal_centered_logits,fixed_three_descriptor_consensus,10.0,True,0.9303169566635393,0.014713032736470505,0.02135327371314297,0.0007380012636945004,0.03287873562315277
img_68603f417f96ad22,nested_outer_oof_adaptive_base_fixed_consensus_v5,dataset_dev/01_opishnyan_ceramics/o160.jpg,01_opishnyan_ceramics,01_opishnyan_ceramics,True,0.7393654568836402,01_opishnyan_ceramics,05_kosiv_ceramics,02_ornek,3,validation,srcgrp_b6dba6413920e1cb,src_global_opn_gray_catalog_b,unreviewed,unreviewed,three_view_cls_logit_ensemble__c100__source0p5,fixed_base_plus_three_motif_heads__equal_centered_logits,fixed_three_descriptor_consensus,10.0,True,0.7393654568836402,0.08534551506536024,0.04178875172696085,0.0014772653225572732,0.13202301100148134
img_ddfec16b11e92dff,nested_outer_oof_adaptive_base_fixed_consensus_v5,dataset_dev/01_opishnyan_ceramics/o162.jpg,01_opishnyan_ceramics,01_opishnyan_ceramics,True,0.5197454280706573,01_opishnyan_ceramics,03_bubnivka_ceramics,04_petrykivka_painting,3,validation,srcgrp_b6dba6413920e1cb,src_global_opn_gray_catalog_b,unreviewed,unreviewed,three_view_cls_logit_ensemble__c100__source0p5,fixed_base_plus_three_motif_heads__equal_centered_logits,fixed_three_descriptor_consensus,10.0,True,0.5197454280706573,0.033160808574411935,0.35853245742899387,0.04500529121423217,0.043556014711704706
img_91bc335b06563471,nested_outer_oof_adaptive_base_fixed_consensus_v5,dataset_dev/01_opishnyan_ceramics/o163.jpg,01_opishnyan_ceramics,01_opishnyan_ceramics,True,0.8597491710993882,01_opishnyan_ceramics,03_bubnivka_ceramics,05_kosiv_ceramics,3,validation,srcgrp_b6dba6413920e1cb,src_global_opn_gray_catalog_b,unreviewed,unreviewed,three_view_cls_logit_ensemble__c100__source0p5,fixed_base_plus_three_motif_heads__equal_centered_logits,fixed_three_descriptor_consensus,10.0,True,0.8597491710993882,0.013095310186932364,0.07279604034662908,0.01486996483119096,0.039489513535859354
img_c3061194d858329c,nested_outer_oof_adaptive_base_fixed_consensus_v5,dataset_dev/01_opishnyan_ceramics/o165.jpg,01_opishnyan_ceramics,01_opishnyan_ceramics,True,0.6305509290008686,01_opishnyan_ceramics,03_bubnivka_ceramics,05_kosiv_ceramics,3,validation,srcgrp_b6dba6413920e1cb,src_global_opn_gray_catalog_b,unreviewed,unreviewed,three_view_cls_logit_ensemble__c100__source0p5,fixed_base_plus_three_motif_heads__equal_centered_logits,fixed_three_descriptor_consensus,10.0,True,0.6305509290008686,0.0006498363680852077,0.26743074260287447,0.0007941628258246182,0.10057432920234693
img_a46bbe0e36046839,nested_outer_oof_adaptive_base_fixed_consensus_v5,dataset_dev/01_opishnyan_ceramics/o166.jpg,01_opishnyan_ceramics,01_opishnyan_ceramics,True,0.8942523083065611,01_opishnyan_ceramics,05_kosiv_ceramics,03_bubnivka_ceramics,3,validation,srcgrp_b6dba6413920e1cb,src_global_opn_gray_catalog_b,unreviewed,unreviewed,three_view_cls_logit_ensemble__c100__source0p5,fixed_base_plus_three_motif_heads__equal_centered_logits,fixed_three_descriptor_consensus,10.0,True,0.8942523083065611,0.00020644586368469625,0.04325649794410511,0.00034465598369942826,0.06194009190194948
img_e228a82b01727a0f,nested_outer_oof_adaptive_base_fixed_consensus_v5,dataset_dev/01_opishnyan_ceramics/o168_1.jpg,01_opishnyan_ceramics,01_opishnyan_ceramics,True,0.6711515702871307,01_opishnyan_ceramics,05_kosiv_ceramics,03_bubnivka_ceramics,3,validation,srcgrp_b6dba6413920e1cb,src_global_opn_gray_catalog_b,figurine_or_sculpture,clear,three_view_cls_logit_ensemble__c100__source0p5,fixed_base_plus_three_motif_heads__equal_centered_logits,fixed_three_descriptor_consensus,10.0,True,0.6711515702871307,0.08731969597263332,0.11324773110615624,0.0018584221355804273,0.12642258049849944
img_2960b120c1061863,nested_outer_oof_adaptive_base_fixed_consensus_v5,dataset_dev/01_opishnyan_ceramics/o168_2.jpg,01_opishnyan_ceramics,01_opishnyan_ceramics,True,0.8391457071377412,01_opishnyan_ceramics,03_bubnivka_ceramics,05_kosiv_ceramics,3,validation,srcgrp_b6dba6413920e1cb,src_global_opn_gray_catalog_b,figurine_or_sculpture,clear,three_view_cls_logit_ensemble__c100__source0p5,fixed_base_plus_three_motif_heads__equal_centered_logits,fixed_three_descriptor_consensus,10.0,True,0.8391457071377412,0.006188059247041091,0.14365482589399342,0.0005156286245971293,0.010495779096627276
img_0106a0208a392c88,nested_outer_oof_adaptive_base_fixed_consensus_v5,dataset_dev/01_opishnyan_ceramics/o169.jpg,01_opishnyan_ceramics,01_opishnyan_ceramics,True,0.7436528655914361,01_opishnyan_ceramics,03_bubnivka_ceramics,05_kosiv_ceramics,3,validation,srcgrp_b6dba6413920e1cb,src_global_opn_gray_catalog_b,unreviewed,unreviewed,three_view_cls_logit_ensemble__c100__source0p5,fixed_base_plus_three_motif_heads__equal_centered_logits,fixed_three_descriptor_consensus,10.0,True,0.7436528655914361,0.005748096321577537,0.12151936609762282,0.02107694363909477,0.10800272835026878
img_7ce2e17f00e3d009,nested_outer_oof_adaptive_base_fixed_consensus_v5,dataset_dev/01_opishnyan_ceramics/o170.jpg,01_opishnyan_ceramics,03_bubnivka_ceramics,False,0.6452681557669234,03_bubnivka_ceramics,01_opishnyan_ceramics,02_ornek,3,validation,srcgrp_b6dba6413920e1cb,src_global_opn_gray_catalog_b,unreviewed,unreviewed,three_view_cls_logit_ensemble__c100__source0p5,fixed_base_plus_three_motif_heads__equal_centered_logits,fixed_three_descriptor_consensus,10.0,True,0.3332254804826708,0.009151759741830105,0.6452681557669234,0.005302110602562696,0.007052493406012916
img_6ad0e77397b14f05,nested_outer_oof_adaptive_base_fixed_consensus_v5,dataset_dev/01_opishnyan_ceramics/o171.jpg,01_opishnyan_ceramics,01_opishnyan_ceramics,True,0.32551881609907296,01_opishnyan_ceramics,03_bubnivka_ceramics,05_kosiv_ceramics,3,validation,srcgrp_b6dba6413920e1cb,src_global_opn_gray_catalog_b,unreviewed,unreviewed,three_view_cls_logit_ensemble__c100__source0p5,fixed_base_plus_three_motif_heads__equal_centered_logits,fixed_three_descriptor_consensus,10.0,True,0.32551881609907296,0.04965095644319217,0.2745770313254279,0.09672739076170454,0.25352580537060243
img_132ac06c4185d62b,nested_outer_oof_adaptive_base_fixed_consensus_v5,dataset_dev/01_opishnyan_ceramics/o177.jpg,01_opishnyan_ceramics,03_bubnivka_ceramics,False,0.7788741192893439,03_bubnivka_ceramics,01_opishnyan_ceramics,05_kosiv_ceramics,3,validation,srcgrp_b6dba6413920e1cb,src_global_opn_gray_catalog_b,plate_or_bowl,clear,three_view_cls_logit_ensemble__c100__source0p5,fixed_base_plus_three_motif_heads__equal_centered_logits,fixed_three_descriptor_consensus,10.0,True,0.21212761096316543,0.0015520392722670614,0.7788741192893439,0.0031035464840444677,0.004342683991179148
img_f6a4f6a87c2eeaca,nested_outer_oof_adaptive_base_fixed_consensus_v5,dataset_dev/01_opishnyan_ceramics/o178.jpg,01_opishnyan_ceramics,01_opishnyan_ceramics,True,0.5292995386726309,01_opishnyan_ceramics,03_bubnivka_ceramics,05_kosiv_ceramics,3,validation,srcgrp_b6dba6413920e1cb,src_global_opn_gray_catalog_b,unreviewed,unreviewed,three_view_cls_logit_ensemble__c100__source0p5,fixed_base_plus_three_motif_heads__equal_centered_logits,fixed_three_descriptor_consensus,10.0,True,0.5292995386726309,0.00571470636284395,0.26938842106030525,0.007072910022936386,0.18852442388128346
img_18dff748fa839596,nested_outer_oof_adaptive_base_fixed_consensus_v5,dataset_dev/01_opishnyan_ceramics/o179.jpg,01_opishnyan_ceramics,03_bubnivka_ceramics,False,0.5109883725419313,03_bubnivka_ceramics,01_opishnyan_ceramics,02_ornek,3,validation,srcgrp_b6dba6413920e1cb,src_global_opn_gray_catalog_b,plate_or_bowl,clear,three_view_cls_logit_ensemble__c100__source0p5,fixed_base_plus_three_motif_heads__equal_centered_logits,fixed_three_descriptor_consensus,10.0,True,0.4839162539412112,0.003457771676339078,0.5109883725419313,0.0008835134183748267,0.0007540884221436634
img_5282803ad6d9e796,nested_outer_oof_adaptive_base_fixed_consensus_v5,dataset_dev/01_opishnyan_ceramics/o181.jpg,01_opishnyan_ceramics,03_bubnivka_ceramics,False,0.8050462983744726,03_bubnivka_ceramics,01_opishnyan_ceramics,05_kosiv_ceramics,3,validation,srcgrp_b6dba6413920e1cb,src_global_opn_gray_catalog_b,unreviewed,unreviewed,three_view_cls_logit_ensemble__c100__source0p5,fixed_base_plus_three_motif_heads__equal_centered_logits,fixed_three_descriptor_consensus,10.0,True,0.0939485450323193,0.006228654272645438,0.8050462983744726,0.017304864812410992,0.07747163750815171
img_4d03e2dc0a7fc2c9,nested_outer_oof_adaptive_base_fixed_consensus_v5,dataset_dev/01_opishnyan_ceramics/o182.jpg,01_opishnyan_ceramics,01_opishnyan_ceramics,True,0.53916991714436,01_opishnyan_ceramics,03_bubnivka_ceramics,05_kosiv_ceramics,3,validation,srcgrp_b6dba6413920e1cb,src_global_opn_gray_catalog_b,unreviewed,unreviewed,three_view_cls_logit_ensemble__c100__source0p5,fixed_base_plus_three_motif_heads__equal_centered_logits,fixed_three_descriptor_consensus,10.0,True,0.53916991714436,0.014824226591021342,0.30328557142237006,0.022981157608501494,0.11973912723374701
img_7ba07728403feda9,nested_outer_oof_adaptive_base_fixed_consensus_v5,dataset_dev/01_opishnyan_ceramics/o184.jpg,01_opishnyan_ceramics,03_bubnivka_ceramics,False,0.9056770128413849,03_bubnivka_ceramics,01_opishnyan_ceramics,04_petrykivka_painting,3,validation,srcgrp_b6dba6413920e1cb,src_global_opn_gray_catalog_b,unreviewed,unreviewed,three_view_cls_logit_ensemble__c100__source0p5,fixed_base_plus_three_motif_heads__equal_centered_logits,fixed_three_descriptor_consensus,10.0,True,0.06489224847123873,0.0019429029288557335,0.9056770128413849,0.019902331851258077,0.007585503907262511
img_f1dd5107cc8c72d3,nested_outer_oof_adaptive_base_fixed_consensus_v5,dataset_dev/01_opishnyan_ceramics/o187.jpg,01_opishnyan_ceramics,01_opishnyan_ceramics,True,0.9076052175211369,01_opishnyan_ceramics,03_bubnivka_ceramics,04_petrykivka_painting,3,validation,srcgrp_b6dba6413920e1cb,src_global_opn_gray_catalog_b,unreviewed,unreviewed,three_view_cls_logit_ensemble__c100__source0p5,fixed_base_plus_three_motif_heads__equal_centered_logits,fixed_three_descriptor_consensus,10.0,True,0.9076052175211369,0.008200689368343776,0.050884235323028125,0.018884906369568626,0.0144249514179224
img_5cefdfbc50a45519,nested_outer_oof_adaptive_base_fixed_consensus_v5,dataset_dev/01_opishnyan_ceramics/o189.jpg,01_opishnyan_ceramics,01_opishnyan_ceramics,True,0.8468180006550071,01_opishnyan_ceramics,05_kosiv_ceramics,03_bubnivka_ceramics,3,validation,srcgrp_b6dba6413920e1cb,src_global_opn_gray_catalog_b,unreviewed,unreviewed,three_view_cls_logit_ensemble__c100__source0p5,fixed_base_plus_three_motif_heads__equal_centered_logits,fixed_three_descriptor_consensus,10.0,True,0.8468180006550071,0.016201810803516892,0.062331477808620424,0.0033534860313838644,0.0712952247014717
img_f2f49e4157ba1250,nested_outer_oof_adaptive_base_fixed_consensus_v5,dataset_dev/01_opishnyan_ceramics/o191.jpg,01_opishnyan_ceramics,03_bubnivka_ceramics,False,0.9578484978459455,03_bubnivka_ceramics,01_opishnyan_ceramics,05_kosiv_ceramics,3,validation,srcgrp_b6dba6413920e1cb,src_global_opn_gray_catalog_b,unreviewed,unreviewed,three_view_cls_logit_ensemble__c100__source0p5,fixed_base_plus_three_motif_heads__equal_centered_logits,fixed_three_descriptor_consensus,10.0,True,0.03749512670579997,0.00138206387888904,0.9578484978459455,0.0013064172839940334,0.001967894285371444
img_d814076f3330edcc,nested_outer_oof_adaptive_base_fixed_consensus_v5,dataset_dev/01_opishnyan_ceramics/o192.jpg,01_opishnyan_ceramics,03_bubnivka_ceramics,False,0.8528236570854287,03_bubnivka_ceramics,01_opishnyan_ceramics,04_petrykivka_painting,3,validation,srcgrp_b6dba6413920e1cb,src_global_opn_gray_catalog_b,unreviewed,unreviewed,three_view_cls_logit_ensemble__c100__source0p5,fixed_base_plus_three_motif_heads__equal_centered_logits,fixed_three_descriptor_consensus,10.0,True,0.10899281809251692,0.003875590455346749,0.8528236570854287,0.02889702368464093,0.005410910682066628
img_a7711e8b6b0d58bd,nested_outer_oof_adaptive_base_fixed_consensus_v5,dataset_dev/01_opishnyan_ceramics/o194.jpg,01_opishnyan_ceramics,01_opishnyan_ceramics,True,0.9696168035031749,01_opishnyan_ceramics,03_bubnivka_ceramics,05_kosiv_ceramics,3,validation,srcgrp_b6dba6413920e1cb,src_global_opn_gray_catalog_b,unreviewed,unreviewed,three_view_cls_logit_ensemble__c100__source0p5,fixed_base_plus_three_motif_heads__equal_centered_logits,fixed_three_descriptor_consensus,10.0,True,0.9696168035031749,0.0002985756927369044,0.018548954634500483,9.779433195738245e-05,0.011437871837630436
img_db3971b3b7077c75,nested_outer_oof_adaptive_base_fixed_consensus_v5,dataset_dev/01_opishnyan_ceramics/o195.jpg,01_opishnyan_ceramics,01_opishnyan_ceramics,True,0.9693896926330502,01_opishnyan_ceramics,03_bubnivka_ceramics,05_kosiv_ceramics,3,validation,srcgrp_b6dba6413920e1cb,src_global_opn_gray_catalog_b,unreviewed,unreviewed,three_view_cls_logit_ensemble__c100__source0p5,fixed_base_plus_three_motif_heads__equal_centered_logits,fixed_three_descriptor_consensus,10.0,True,0.9693896926330502,0.00017938258775812606,0.025824363671597857,0.0010203513653083418,0.00358620974228558
img_45212bb24a5937ea,nested_outer_oof_adaptive_base_fixed_consensus_v5,dataset_dev/01_opishnyan_ceramics/o196.jpg,01_opishnyan_ceramics,01_opishnyan_ceramics,True,0.9685151136647674,01_opishnyan_ceramics,03_bubnivka_ceramics,05_kosiv_ceramics,3,validation,srcgrp_b6dba6413920e1cb,src_global_opn_gray_catalog_b,unreviewed,unreviewed,three_view_cls_logit_ensemble__c100__source0p5,fixed_base_plus_three_motif_heads__equal_centered_logits,fixed_three_descriptor_consensus,10.0,True,0.9685151136647674,0.001189940427506929,0.014315176992234573,0.0033537399437584547,0.012626028971732886
img_fa3023f4e270d501,nested_outer_oof_adaptive_base_fixed_consensus_v5,dataset_dev/01_opishnyan_ceramics/o198.jpg,01_opishnyan_ceramics,01_opishnyan_ceramics,True,0.9230191189856294,01_opishnyan_ceramics,03_bubnivka_ceramics,05_kosiv_ceramics,3,validation,srcgrp_b6dba6413920e1cb,src_global_opn_gray_catalog_b,unreviewed,unreviewed,three_view_cls_logit_ensemble__c100__source0p5,fixed_base_plus_three_motif_heads__equal_centered_logits,fixed_three_descriptor_consensus,10.0,True,0.9230191189856294,0.0009073556119828961,0.0741170069677291,0.0002865698563852116,0.001669948578273527
img_f02cd861d0146ccd,nested_outer_oof_adaptive_base_fixed_consensus_v5,dataset_dev/01_opishnyan_ceramics/o199.jpg,01_opishnyan_ceramics,01_opishnyan_ceramics,True,0.9353625002674889,01_opishnyan_ceramics,03_bubnivka_ceramics,05_kosiv_ceramics,3,validation,srcgrp_b6dba6413920e1cb,src_global_opn_gray_catalog_b,unreviewed,unreviewed,three_view_cls_logit_ensemble__c100__source0p5,fixed_base_plus_three_motif_heads__equal_centered_logits,fixed_three_descriptor_consensus,10.0,True,0.9353625002674889,0.0006580451445293988,0.03961982317384349,0.00044614640768205974,0.023913485006456108
img_46a488f3567c723d,nested_outer_oof_adaptive_base_fixed_consensus_v5,dataset_dev/01_opishnyan_ceramics/o200.jpg,01_opishnyan_ceramics,01_opishnyan_ceramics,True,0.9119965079677783,01_opishnyan_ceramics,05_kosiv_ceramics,02_ornek,3,validation,srcgrp_b6dba6413920e1cb,src_global_opn_gray_catalog_b,unreviewed,unreviewed,three_view_cls_logit_ensemble__c100__source0p5,fixed_base_plus_three_motif_heads__equal_centered_logits,fixed_three_descriptor_consensus,10.0,True,0.9119965079677783,0.018506217581296076,0.00718466134493991,0.0007782114708186332,0.06153440163516707
img_47422c3678da647b,nested_outer_oof_adaptive_base_fixed_consensus_v5,dataset_dev/01_opishnyan_ceramics/o203.jpg,01_opishnyan_ceramics,01_opishnyan_ceramics,True,0.9522063257063342,01_opishnyan_ceramics,05_kosiv_ceramics,02_ornek,3,validation,srcgrp_b6dba6413920e1cb,src_global_opn_gray_catalog_b,unreviewed,unreviewed,three_view_cls_logit_ensemble__c100__source0p5,fixed_base_plus_three_motif_heads__equal_centered_logits,fixed_three_descriptor_consensus,10.0,True,0.9522063257063342,0.016969466644291928,0.006249984816212468,0.00028184367782059934,0.024292379155340608
img_6c4db1cbe35c3817,nested_outer_oof_adaptive_base_fixed_consensus_v5,dataset_dev/01_opishnyan_ceramics/o204.jpg,01_opishnyan_ceramics,01_opishnyan_ceramics,True,0.9260450645715217,01_opishnyan_ceramics,05_kosiv_ceramics,03_bubnivka_ceramics,3,validation,srcgrp_b6dba6413920e1cb,src_global_opn_gray_catalog_b,unreviewed,unreviewed,three_view_cls_logit_ensemble__c100__source0p5,fixed_base_plus_three_motif_heads__equal_centered_logits,fixed_three_descriptor_consensus,10.0,True,0.9260450645715217,0.01034061067867303,0.023001894637900276,0.000355397373603879,0.040257032738300974
img_877e77aaa9e945c3,nested_outer_oof_adaptive_base_fixed_consensus_v5,dataset_dev/01_opishnyan_ceramics/o205.jpg,01_opishnyan_ceramics,01_opishnyan_ceramics,True,0.9344470958907476,01_opishnyan_ceramics,02_ornek,05_kosiv_ceramics,3,validation,srcgrp_b6dba6413920e1cb,src_global_opn_gray_catalog_b,unreviewed,unreviewed,three_view_cls_logit_ensemble__c100__source0p5,fixed_base_plus_three_motif_heads__equal_centered_logits,fixed_three_descriptor_consensus,10.0,True,0.9344470958907476,0.05525561097462715,0.0007810877385879603,0.00027133980501580786,0.009244865591021448
img_24b75f3a6cd0c7ee,nested_outer_oof_adaptive_base_fixed_consensus_v5,dataset_dev/01_opishnyan_ceramics/o207.jpg,01_opishnyan_ceramics,01_opishnyan_ceramics,True,0.9474551989520925,01_opishnyan_ceramics,03_bubnivka_ceramics,05_kosiv_ceramics,3,validation,srcgrp_b6dba6413920e1cb,src_global_opn_gray_catalog_b,unreviewed,unreviewed,three_view_cls_logit_ensemble__c100__source0p5,fixed_base_plus_three_motif_heads__equal_centered_logits,fixed_three_descriptor_consensus,10.0,True,0.9474551989520925,0.0025839849624028893,0.03893573115400311,0.0012977483665433237,0.009727336564957983
img_b866957ff1f5b755,nested_outer_oof_adaptive_base_fixed_consensus_v5,dataset_dev/01_opishnyan_ceramics/o208_1.jpg,01_opishnyan_ceramics,01_opishnyan_ceramics,True,0.9390519314719499,01_opishnyan_ceramics,05_kosiv_ceramics,02_ornek,3,validation,srcgrp_b6dba6413920e1cb,src_global_opn_gray_catalog_b,figurine_or_sculpture,clear,three_view_cls_logit_ensemble__c100__source0p5,fixed_base_plus_three_motif_heads__equal_centered_logits,fixed_three_descriptor_consensus,10.0,True,0.9390519314719499,0.011459738673272817,0.004097839013310391,0.011064489668874229,0.03432600117259273
img_9bc51236e8fc9ed7,nested_outer_oof_adaptive_base_fixed_consensus_v5,dataset_dev/01_opishnyan_ceramics/o208_2.jpg,01_opishnyan_ceramics,01_opishnyan_ceramics,True,0.8907049371474779,01_opishnyan_ceramics,05_kosiv_ceramics,04_petrykivka_painting,3,validation,srcgrp_b6dba6413920e1cb,src_global_opn_gray_catalog_b,figurine_or_sculpture,clear,three_view_cls_logit_ensemble__c100__source0p5,fixed_base_plus_three_motif_heads__equal_centered_logits,fixed_three_descriptor_consensus,10.0,True,0.8907049371474779,0.004960394523615498,0.010386427331215004,0.016435399322003004,0.07751284167568863
img_4ae8e743ce6add41,nested_outer_oof_adaptive_base_fixed_consensus_v5,dataset_dev/01_opishnyan_ceramics/o208_3.jpg,01_opishnyan_ceramics,01_opishnyan_ceramics,True,0.9566103909468219,01_opishnyan_ceramics,05_kosiv_ceramics,02_ornek,3,validation,srcgrp_b6dba6413920e1cb,src_global_opn_gray_catalog_b,figurine_or_sculpture,clear,three_view_cls_logit_ensemble__c100__source0p5,fixed_base_plus_three_motif_heads__equal_centered_logits,fixed_three_descriptor_consensus,10.0,True,0.9566103909468219,0.013424586940080996,0.0005788217607125606,0.004281054877673727,0.025105145474711002
img_a6d08ac9cc301204,nested_outer_oof_adaptive_base_fixed_consensus_v5,dataset_dev/01_opishnyan_ceramics/o208_4.jpg,01_opishnyan_ceramics,01_opishnyan_ceramics,True,0.7912824155373598,01_opishnyan_ceramics,02_ornek,05_kosiv_ceramics,3,validation,srcgrp_b6dba6413920e1cb,src_global_opn_gray_catalog_b,figurine_or_sculpture,clear,three_view_cls_logit_ensemble__c100__source0p5,fixed_base_plus_three_motif_heads__equal_centered_logits,fixed_three_descriptor_consensus,10.0,True,0.7912824155373598,0.09418854486082319,0.03960206524835374,0.005837029245126949,0.06908994510833619
img_c32e4f8ca6f6afd3,nested_outer_oof_adaptive_base_fixed_consensus_v5,dataset_dev/01_opishnyan_ceramics/o208_5.jpg,01_opishnyan_ceramics,01_opishnyan_ceramics,True,0.9376233036053431,01_opishnyan_ceramics,05_kosiv_ceramics,03_bubnivka_ceramics,3,validation,srcgrp_b6dba6413920e1cb,src_global_opn_gray_catalog_b,figurine_or_sculpture,clear,three_view_cls_logit_ensemble__c100__source0p5,fixed_base_plus_three_motif_heads__equal_centered_logits,fixed_three_descriptor_consensus,10.0,True,0.9376233036053431,0.013286540516370748,0.020160794149398212,0.001251077410280387,0.027678284318607495
img_0f008d0311b688b7,nested_outer_oof_adaptive_base_fixed_consensus_v5,dataset_dev/01_opishnyan_ceramics/o209.jpg,01_opishnyan_ceramics,01_opishnyan_ceramics,True,0.903786536649591,01_opishnyan_ceramics,05_kosiv_ceramics,04_petrykivka_painting,3,validation,srcgrp_b6dba6413920e1cb,src_global_opn_gray_catalog_b,unreviewed,unreviewed,three_view_cls_logit_ensemble__c100__source0p5,fixed_base_plus_three_motif_heads__equal_centered_logits,fixed_three_descriptor_consensus,10.0,True,0.903786536649591,0.007885263006454249,0.0034142200796052555,0.03158267059868122,0.05333130966566825
img_ae20e7c38c7b4220,nested_outer_oof_adaptive_base_fixed_consensus_v5,dataset_dev/01_opishnyan_ceramics/o210.jpg,01_opishnyan_ceramics,03_bubnivka_ceramics,False,0.9661982184434792,03_bubnivka_ceramics,05_kosiv_ceramics,01_opishnyan_ceramics,3,validation,srcgrp_b6dba6413920e1cb,src_global_opn_gray_catalog_b,unreviewed,unreviewed,three_view_cls_logit_ensemble__c100__source0p5,fixed_base_plus_three_motif_heads__equal_centered_logits,fixed_three_descriptor_consensus,10.0,True,0.011469121549623762,0.0004772663518700668,0.9661982184434792,0.00903823945105163,0.012817154203975412
img_80aaefa627be58f6,nested_outer_oof_adaptive_base_fixed_consensus_v5,dataset_dev/01_opishnyan_ceramics/o211.jpg,01_opishnyan_ceramics,03_bubnivka_ceramics,False,0.9409771744843818,03_bubnivka_ceramics,01_opishnyan_ceramics,05_kosiv_ceramics,3,validation,srcgrp_b6dba6413920e1cb,src_global_opn_gray_catalog_b,unreviewed,unreviewed,three_view_cls_logit_ensemble__c100__source0p5,fixed_base_plus_three_motif_heads__equal_centered_logits,fixed_three_descriptor_consensus,10.0,True,0.04492537356190684,0.0007704671362633357,0.9409771744843818,0.005882522611107266,0.00744446220634096
img_3a7d5fff3ea44b25,nested_outer_oof_adaptive_base_fixed_consensus_v5,dataset_dev/01_opishnyan_ceramics/o212.jpg,01_opishnyan_ceramics,03_bubnivka_ceramics,False,0.8722150323248237,03_bubnivka_ceramics,01_opishnyan_ceramics,05_kosiv_ceramics,3,validation,srcgrp_b6dba6413920e1cb,src_global_opn_gray_catalog_b,unreviewed,unreviewed,three_view_cls_logit_ensemble__c100__source0p5,fixed_base_plus_three_motif_heads__equal_centered_logits,fixed_three_descriptor_consensus,10.0,True,0.12386140111006445,0.00048715061857613763,0.8722150323248237,0.0016046833895064353,0.001831732557029276
img_34dac5a2a5a65f9f,nested_outer_oof_adaptive_base_fixed_consensus_v5,dataset_dev/01_opishnyan_ceramics/o213.jpg,01_opishnyan_ceramics,01_opishnyan_ceramics,True,0.9197994186822179,01_opishnyan_ceramics,03_bubnivka_ceramics,02_ornek,3,validation,srcgrp_b6dba6413920e1cb,src_global_opn_gray_catalog_b,unreviewed,unreviewed,three_view_cls_logit_ensemble__c100__source0p5,fixed_base_plus_three_motif_heads__equal_centered_logits,fixed_three_descriptor_consensus,10.0,True,0.9197994186822179,0.025067210468932722,0.05492990874351117,0.00017556670392876938,2.789540140939186e-05
img_fa392882545f41ef,nested_outer_oof_adaptive_base_fixed_consensus_v5,dataset_dev/01_opishnyan_ceramics/o215.jpg,01_opishnyan_ceramics,01_opishnyan_ceramics,True,0.6355543066697842,01_opishnyan_ceramics,03_bubnivka_ceramics,05_kosiv_ceramics,3,validation,srcgrp_b6dba6413920e1cb,src_global_opn_gray_catalog_b,unreviewed,unreviewed,three_view_cls_logit_ensemble__c100__source0p5,fixed_base_plus_three_motif_heads__equal_centered_logits,fixed_three_descriptor_consensus,10.0,True,0.6355543066697842,0.0027790842952686943,0.1889897684716326,0.021435806681587944,0.15124103388172663
img_4778c3013cc66028,nested_outer_oof_adaptive_base_fixed_consensus_v5,dataset_dev/01_opishnyan_ceramics/o216.jpg,01_opishnyan_ceramics,01_opishnyan_ceramics,True,0.6114086604049203,01_opishnyan_ceramics,03_bubnivka_ceramics,05_kosiv_ceramics,3,validation,srcgrp_b6dba6413920e1cb,src_global_opn_gray_catalog_b,unreviewed,unreviewed,three_view_cls_logit_ensemble__c100__source0p5,fixed_base_plus_three_motif_heads__equal_centered_logits,fixed_three_descriptor_consensus,10.0,True,0.6114086604049203,0.005308479990806657,0.29610729304788197,0.003980167872442684,0.08319539868394836
img_a97e2b5e87d217b0,nested_outer_oof_adaptive_base_fixed_consensus_v5,dataset_dev/01_opishnyan_ceramics/o217.jpg,01_opishnyan_ceramics,05_kosiv_ceramics,False,0.9039126320234047,05_kosiv_ceramics,01_opishnyan_ceramics,04_petrykivka_painting,3,validation,srcgrp_b6dba6413920e1cb,src_global_opn_gray_catalog_b,unreviewed,unreviewed,three_view_cls_logit_ensemble__c100__source0p5,fixed_base_plus_three_motif_heads__equal_centered_logits,fixed_three_descriptor_consensus,10.0,True,0.05163170393149675,0.00816425864522234,0.012018807970577769,0.024272597429298617,0.9039126320234047
img_bc01118a96391b76,nested_outer_oof_adaptive_base_fixed_consensus_v5,dataset_dev/01_opishnyan_ceramics/o218.jpg,01_opishnyan_ceramics,01_opishnyan_ceramics,True,0.6150900514718352,01_opishnyan_ceramics,03_bubnivka_ceramics,05_kosiv_ceramics,3,validation,srcgrp_b6dba6413920e1cb,src_global_opn_gray_catalog_b,unreviewed,unreviewed,three_view_cls_logit_ensemble__c100__source0p5,fixed_base_plus_three_motif_heads__equal_centered_logits,fixed_three_descriptor_consensus,10.0,True,0.6150900514718352,0.0032619756591965796,0.37432065052470614,0.0022628023083319424,0.005064520035930149
img_12b6905240f8ed85,nested_outer_oof_adaptive_base_fixed_consensus_v5,dataset_dev/01_opishnyan_ceramics/o219.jpg,01_opishnyan_ceramics,03_bubnivka_ceramics,False,0.7929776369693655,03_bubnivka_ceramics,01_opishnyan_ceramics,04_petrykivka_painting,3,validation,srcgrp_b6dba6413920e1cb,src_global_opn_gray_catalog_b,unreviewed,unreviewed,three_view_cls_logit_ensemble__c100__source0p5,fixed_base_plus_three_motif_heads__equal_centered_logits,fixed_three_descriptor_consensus,10.0,True,0.19767782834355688,0.0003250940193142692,0.7929776369693655,0.007408463757156431,0.0016109769106069567
img_7fd1166a6959bcd3,nested_outer_oof_adaptive_base_fixed_consensus_v5,dataset_dev/01_opishnyan_ceramics/o220.jpg,01_opishnyan_ceramics,03_bubnivka_ceramics,False,0.9375064207470434,03_bubnivka_ceramics,01_opishnyan_ceramics,04_petrykivka_painting,3,validation,srcgrp_b6dba6413920e1cb,src_global_opn_gray_catalog_b,unreviewed,unreviewed,three_view_cls_logit_ensemble__c100__source0p5,fixed_base_plus_three_motif_heads__equal_centered_logits,fixed_three_descriptor_consensus,10.0,True,0.05555236306502665,0.0006324557789498303,0.9375064207470434,0.004424424224775033,0.0018843361842051335
img_07ac62fe1cb3b346,nested_outer_oof_adaptive_base_fixed_consensus_v5,dataset_dev/01_opishnyan_ceramics/o221.jpg,01_opishnyan_ceramics,03_bubnivka_ceramics,False,0.5336002413008909,03_bubnivka_ceramics,01_opishnyan_ceramics,02_ornek,3,validation,srcgrp_b6dba6413920e1cb,src_global_opn_gray_catalog_b,unreviewed,unreviewed,three_view_cls_logit_ensemble__c100__source0p5,fixed_base_plus_three_motif_heads__equal_centered_logits,fixed_three_descriptor_consensus,10.0,True,0.4420086516207354,0.009098894754701251,0.5336002413008909,0.00866706414282007,0.006625148180852488
img_62961795d242ea26,nested_outer_oof_adaptive_base_fixed_consensus_v5,dataset_dev/01_opishnyan_ceramics/o222.jpg,01_opishnyan_ceramics,01_opishnyan_ceramics,True,0.8749266344572986,01_opishnyan_ceramics,05_kosiv_ceramics,02_ornek,3,validation,srcgrp_b6dba6413920e1cb,src_global_opn_gray_catalog_b,unreviewed,unreviewed,three_view_cls_logit_ensemble__c100__source0p5,fixed_base_plus_three_motif_heads__equal_centered_logits,fixed_three_descriptor_consensus,10.0,True,0.8749266344572986,0.03284826248013144,0.02058627610384747,0.022480065630380307,0.04915876132834212
img_b3bc50db9ce68bc1,nested_outer_oof_adaptive_base_fixed_consensus_v5,dataset_dev/01_opishnyan_ceramics/o224.jpg,01_opishnyan_ceramics,03_bubnivka_ceramics,False,0.7027607518709664,03_bubnivka_ceramics,01_opishnyan_ceramics,02_ornek,3,validation,srcgrp_b6dba6413920e1cb,src_global_opn_gray_catalog_b,unreviewed,unreviewed,three_view_cls_logit_ensemble__c100__source0p5,fixed_base_plus_three_motif_heads__equal_centered_logits,fixed_three_descriptor_consensus,10.0,True,0.29303651374834183,0.002489183538629974,0.7027607518709664,0.0007706575036556594,0.0009428933384059778
img_baedaa0c71e3b7ab,nested_outer_oof_adaptive_base_fixed_consensus_v5,dataset_dev/01_opishnyan_ceramics/o227.jpg,01_opishnyan_ceramics,02_ornek,False,0.9105502874111893,02_ornek,01_opishnyan_ceramics,03_bubnivka_ceramics,4,train,obj_single_baedaa0c71e3b7ab,,unreviewed,unreviewed,global_cls__c10__source0p5,fixed_base_plus_three_motif_heads__equal_centered_logits,fixed_three_descriptor_consensus,10.0,True,0.03785660256721748,0.9105502874111893,0.0362420364024819,0.013248915851393286,0.002102157767718171
img_cb94defd98ea0ecf,nested_outer_oof_adaptive_base_fixed_consensus_v5,dataset_dev/01_opishnyan_ceramics/o238_1.jpg,01_opishnyan_ceramics,01_opishnyan_ceramics,True,0.5879026745089738,01_opishnyan_ceramics,02_ornek,03_bubnivka_ceramics,4,train,srcgrp_2f3fc2708dc7b50c,src_global_opn_shelf_figurines,figurine_or_sculpture,clear,global_cls__c10__source0p5,fixed_base_plus_three_motif_heads__equal_centered_logits,fixed_three_descriptor_consensus,10.0,True,0.5879026745089738,0.26122894851220807,0.13694507782684076,0.0028293884470807665,0.011093910704896667
img_b6c8a1f25fcff781,nested_outer_oof_adaptive_base_fixed_consensus_v5,dataset_dev/01_opishnyan_ceramics/o238_2.jpg,01_opishnyan_ceramics,01_opishnyan_ceramics,True,0.9524157345143116,01_opishnyan_ceramics,03_bubnivka_ceramics,02_ornek,4,train,srcgrp_2f3fc2708dc7b50c,src_global_opn_shelf_figurines,figurine_or_sculpture,clear,global_cls__c10__source0p5,fixed_base_plus_three_motif_heads__equal_centered_logits,fixed_three_descriptor_consensus,10.0,True,0.9524157345143116,0.007856322375300357,0.037075069902132454,0.0008060203227029354,0.0018468528855527385
img_2b60864c8acbd2ed,nested_outer_oof_adaptive_base_fixed_consensus_v5,dataset_dev/01_opishnyan_ceramics/o238_3.jpg,01_opishnyan_ceramics,02_ornek,False,0.4938042086449145,02_ornek,01_opishnyan_ceramics,03_bubnivka_ceramics,4,train,srcgrp_2f3fc2708dc7b50c,src_global_opn_shelf_figurines,figurine_or_sculpture,clear,global_cls__c10__source0p5,fixed_base_plus_three_motif_heads__equal_centered_logits,fixed_three_descriptor_consensus,10.0,True,0.472495254087164,0.4938042086449145,0.03000650028635332,0.0021639843073973544,0.0015300526741707631
img_126cf508ef443a2e,nested_outer_oof_adaptive_base_fixed_consensus_v5,dataset_dev/01_opishnyan_ceramics/o238_4.jpg,01_opishnyan_ceramics,01_opishnyan_ceramics,True,0.7391160678171195,01_opishnyan_ceramics,03_bubnivka_ceramics,02_ornek,4,train,srcgrp_2f3fc2708dc7b50c,src_global_opn_shelf_figurines,figurine_or_sculpture,clear,global_cls__c10__source0p5,fixed_base_plus_three_motif_heads__equal_centered_logits,fixed_three_descriptor_consensus,10.0,True,0.7391160678171195,0.10092825630268469,0.14717647571162756,0.0030962828441372706,0.009682917324431184
img_3ee3eeef60f72437,nested_outer_oof_adaptive_base_fixed_consensus_v5,dataset_dev/01_opishnyan_ceramics/o238_5.jpg,01_opishnyan_ceramics,01_opishnyan_ceramics,True,0.6432467740160492,01_opishnyan_ceramics,02_ornek,03_bubnivka_ceramics,4,train,srcgrp_2f3fc2708dc7b50c,src_global_opn_shelf_figurines,figurine_or_sculpture,clear,global_cls__c10__source0p5,fixed_base_plus_three_motif_heads__equal_centered_logits,fixed_three_descriptor_consensus,10.0,True,0.6432467740160492,0.19814943188077258,0.13644725575796668,0.00534767872531774,0.016808859619893823
img_48c3e0ac7ac459c8,nested_outer_oof_adaptive_base_fixed_consensus_v5,dataset_dev/01_opishnyan_ceramics/o239_1.jpg,01_opishnyan_ceramics,01_opishnyan_ceramics,True,0.8575089257195965,01_opishnyan_ceramics,03_bubnivka_ceramics,05_kosiv_ceramics,4,train,srcgrp_2f3fc2708dc7b50c,src_global_opn_shelf_figurines,figurine_or_sculpture,clear,global_cls__c10__source0p5,fixed_base_plus_three_motif_heads__equal_centered_logits,fixed_three_descriptor_consensus,10.0,True,0.8575089257195965,0.038394917568585867,0.0532026295191712,0.0025373288143028146,0.04835619837834365
img_e74ffa08e7ae375a,nested_outer_oof_adaptive_base_fixed_consensus_v5,dataset_dev/01_opishnyan_ceramics/o239_2.jpg,01_opishnyan_ceramics,01_opishnyan_ceramics,True,0.92703002163517,01_opishnyan_ceramics,05_kosiv_ceramics,03_bubnivka_ceramics,4,train,srcgrp_2f3fc2708dc7b50c,src_global_opn_shelf_figurines,figurine_or_sculpture,clear,global_cls__c10__source0p5,fixed_base_plus_three_motif_heads__equal_centered_logits,fixed_three_descriptor_consensus,10.0,True,0.92703002163517,0.004261602820386441,0.027152367110185257,0.0005071787846729565,0.04104882964958529
img_d1fc44e2cf491131,nested_outer_oof_adaptive_base_fixed_consensus_v5,dataset_dev/01_opishnyan_ceramics/o239_3.jpg,01_opishnyan_ceramics,01_opishnyan_ceramics,True,0.8472758093221552,01_opishnyan_ceramics,05_kosiv_ceramics,02_ornek,4,train,srcgrp_2f3fc2708dc7b50c,src_global_opn_shelf_figurines,figurine_or_sculpture,clear,global_cls__c10__source0p5,fixed_base_plus_three_motif_heads__equal_centered_logits,fixed_three_descriptor_consensus,10.0,True,0.8472758093221552,0.01836587058181194,0.010609742213950875,0.003958794027807845,0.1197897838542742
img_c8ef2eb10beb8067,nested_outer_oof_adaptive_base_fixed_consensus_v5,dataset_dev/01_opishnyan_ceramics/o239_4.jpg,01_opishnyan_ceramics,01_opishnyan_ceramics,True,0.8616056766459039,01_opishnyan_ceramics,05_kosiv_ceramics,03_bubnivka_ceramics,4,train,srcgrp_2f3fc2708dc7b50c,src_global_opn_shelf_figurines,figurine_or_sculpture,clear,global_cls__c10__source0p5,fixed_base_plus_three_motif_heads__equal_centered_logits,fixed_three_descriptor_consensus,10.0,True,0.8616056766459039,0.011698954314232232,0.05034689574285666,0.0011977382228874857,0.07515073507411987
img_8236436c367459ed,nested_outer_oof_adaptive_base_fixed_consensus_v5,dataset_dev/01_opishnyan_ceramics/o239_5.jpg,01_opishnyan_ceramics,01_opishnyan_ceramics,True,0.5065144124028605,01_opishnyan_ceramics,05_kosiv_ceramics,03_bubnivka_ceramics,4,train,srcgrp_2f3fc2708dc7b50c,src_global_opn_shelf_figurines,figurine_or_sculpture,clear,global_cls__c10__source0p5,fixed_base_plus_three_motif_heads__equal_centered_logits,fixed_three_descriptor_consensus,10.0,True,0.5065144124028605,0.01319083401042972,0.18746642332814942,0.004514492760319633,0.2883138374982407
img_9dcae94b7c028b48,nested_outer_oof_adaptive_base_fixed_consensus_v5,dataset_dev/01_opishnyan_ceramics/o239_6.jpg,01_opishnyan_ceramics,01_opishnyan_ceramics,True,0.7827070327990309,01_opishnyan_ceramics,05_kosiv_ceramics,03_bubnivka_ceramics,4,train,srcgrp_2f3fc2708dc7b50c,src_global_opn_shelf_figurines,mixed_display_or_collection,small,global_cls__c10__source0p5,fixed_base_plus_three_motif_heads__equal_centered_logits,fixed_three_descriptor_consensus,10.0,True,0.7827070327990309,0.010028512368132842,0.04103280942244922,0.004356280994579329,0.16187536441580788
img_93b2789a31126f29,nested_outer_oof_adaptive_base_fixed_consensus_v5,dataset_dev/01_opishnyan_ceramics/o240_1.jpg,01_opishnyan_ceramics,01_opishnyan_ceramics,True,0.6898320700357066,01_opishnyan_ceramics,05_kosiv_ceramics,03_bubnivka_ceramics,4,train,srcgrp_2f3fc2708dc7b50c,src_global_opn_shelf_figurines,figurine_or_sculpture,clear,global_cls__c10__source0p5,fixed_base_plus_three_motif_heads__equal_centered_logits,fixed_three_descriptor_consensus,10.0,True,0.6898320700357066,0.005204383442529554,0.053611118952300175,0.008115106958712127,0.24323732061075154
img_0d7ce2666d11bb48,nested_outer_oof_adaptive_base_fixed_consensus_v5,dataset_dev/01_opishnyan_ceramics/o240_2.jpg,01_opishnyan_ceramics,01_opishnyan_ceramics,True,0.5857907329024353,01_opishnyan_ceramics,05_kosiv_ceramics,03_bubnivka_ceramics,4,train,srcgrp_2f3fc2708dc7b50c,src_global_opn_shelf_figurines,figurine_or_sculpture,clear,global_cls__c10__source0p5,fixed_base_plus_three_motif_heads__equal_centered_logits,fixed_three_descriptor_consensus,10.0,True,0.5857907329024353,0.027280372626067886,0.029268306992405135,0.002830452477671382,0.35483013500142024
img_501e17ee4507ae59,nested_outer_oof_adaptive_base_fixed_consensus_v5,dataset_dev/01_opishnyan_ceramics/o240_3.jpg,01_opishnyan_ceramics,01_opishnyan_ceramics,True,0.8151506470058546,01_opishnyan_ceramics,05_kosiv_ceramics,02_ornek,4,train,srcgrp_2f3fc2708dc7b50c,src_global_opn_shelf_figurines,figurine_or_sculpture,clear,global_cls__c10__source0p5,fixed_base_plus_three_motif_heads__equal_centered_logits,fixed_three_descriptor_consensus,10.0,True,0.8151506470058546,0.03968674249217871,0.021053049927183258,0.0037161759704093474,0.12039338460437421
img_6f8c7cbb1fa03243,nested_outer_oof_adaptive_base_fixed_consensus_v5,dataset_dev/01_opishnyan_ceramics/o240_4.jpg,01_opishnyan_ceramics,01_opishnyan_ceramics,True,0.7914064669014006,01_opishnyan_ceramics,05_kosiv_ceramics,03_bubnivka_ceramics,4,train,srcgrp_2f3fc2708dc7b50c,src_global_opn_shelf_figurines,figurine_or_sculpture,clear,global_cls__c10__source0p5,fixed_base_plus_three_motif_heads__equal_centered_logits,fixed_three_descriptor_consensus,10.0,True,0.7914064669014006,0.012002703529321677,0.02537668064004612,0.008811336684319214,0.1624028122449124
img_a86a1b6053becbfa,nested_outer_oof_adaptive_base_fixed_consensus_v5,dataset_dev/01_opishnyan_ceramics/o241_1.jpg,01_opishnyan_ceramics,01_opishnyan_ceramics,True,0.7037320266928586,01_opishnyan_ceramics,05_kosiv_ceramics,03_bubnivka_ceramics,4,train,srcgrp_2f3fc2708dc7b50c,src_global_opn_shelf_figurines,figurine_or_sculpture,clear,global_cls__c10__source0p5,fixed_base_plus_three_motif_heads__equal_centered_logits,fixed_three_descriptor_consensus,10.0,True,0.7037320266928586,0.021928047301400935,0.13263224890378017,0.0027643325069771694,0.13894334459498314
img_ffa7ba15d83ebe0b,nested_outer_oof_adaptive_base_fixed_consensus_v5,dataset_dev/01_opishnyan_ceramics/o241_2.jpg,01_opishnyan_ceramics,01_opishnyan_ceramics,True,0.8035899494127354,01_opishnyan_ceramics,05_kosiv_ceramics,03_bubnivka_ceramics,4,train,srcgrp_2f3fc2708dc7b50c,src_global_opn_shelf_figurines,figurine_or_sculpture,clear,global_cls__c10__source0p5,fixed_base_plus_three_motif_heads__equal_centered_logits,fixed_three_descriptor_consensus,10.0,True,0.8035899494127354,0.009291171616999673,0.05378803558613069,0.002848678529205357,0.13048216485492892
img_54d25170201fb5ca,nested_outer_oof_adaptive_base_fixed_consensus_v5,dataset_dev/01_opishnyan_ceramics/o241_3.jpg,01_opishnyan_ceramics,05_kosiv_ceramics,False,0.4401281029094226,05_kosiv_ceramics,01_opishnyan_ceramics,03_bubnivka_ceramics,4,train,srcgrp_2f3fc2708dc7b50c,src_global_opn_shelf_figurines,figurine_or_sculpture,clear,global_cls__c10__source0p5,fixed_base_plus_three_motif_heads__equal_centered_logits,fixed_three_descriptor_consensus,10.0,True,0.3468599073412626,0.03695364412136691,0.17375493650731505,0.0023034091206327488,0.4401281029094226
img_7acc158d3d0724b0,nested_outer_oof_adaptive_base_fixed_consensus_v5,dataset_dev/01_opishnyan_ceramics/o241_4.jpg,01_opishnyan_ceramics,01_opishnyan_ceramics,True,0.35331095978174043,01_opishnyan_ceramics,05_kosiv_ceramics,03_bubnivka_ceramics,4,train,srcgrp_2f3fc2708dc7b50c,src_global_opn_shelf_figurines,mixed_display_or_collection,partial,global_cls__c10__source0p5,fixed_base_plus_three_motif_heads__equal_centered_logits,fixed_three_descriptor_consensus,10.0,True,0.35331095978174043,0.02755861392404323,0.29279421944452544,0.008119446095363355,0.31821676075432764
img_b8e4297448c9e0dc,nested_outer_oof_adaptive_base_fixed_consensus_v5,dataset_dev/01_opishnyan_ceramics/o242_1.jpg,01_opishnyan_ceramics,01_opishnyan_ceramics,True,0.47703480044830726,01_opishnyan_ceramics,02_ornek,05_kosiv_ceramics,4,train,srcgrp_2f3fc2708dc7b50c,src_global_opn_shelf_figurines,figurine_or_sculpture,clear,global_cls__c10__source0p5,fixed_base_plus_three_motif_heads__equal_centered_logits,fixed_three_descriptor_consensus,10.0,True,0.47703480044830726,0.22239432484790647,0.14192647853715554,0.011881605475606533,0.14676279069102435
img_52eca838bac851ab,nested_outer_oof_adaptive_base_fixed_consensus_v5,dataset_dev/01_opishnyan_ceramics/o242_2.jpg,01_opishnyan_ceramics,01_opishnyan_ceramics,True,0.8254002281655898,01_opishnyan_ceramics,03_bubnivka_ceramics,05_kosiv_ceramics,4,train,srcgrp_2f3fc2708dc7b50c,src_global_opn_shelf_figurines,figurine_or_sculpture,clear,global_cls__c10__source0p5,fixed_base_plus_three_motif_heads__equal_centered_logits,fixed_three_descriptor_consensus,10.0,True,0.8254002281655898,0.03272770836153491,0.08925370420403399,0.0021117943235374743,0.050506564945303895
img_9f7b8342b05305bd,nested_outer_oof_adaptive_base_fixed_consensus_v5,dataset_dev/01_opishnyan_ceramics/o242_3.jpg,01_opishnyan_ceramics,01_opishnyan_ceramics,True,0.3367500705827501,01_opishnyan_ceramics,05_kosiv_ceramics,03_bubnivka_ceramics,4,train,srcgrp_2f3fc2708dc7b50c,src_global_opn_shelf_figurines,figurine_or_sculpture,clear,global_cls__c10__source0p5,fixed_base_plus_three_motif_heads__equal_centered_logits,fixed_three_descriptor_consensus,10.0,True,0.3367500705827501,0.13341149100970334,0.2087586302826314,0.01221013415200972,0.30886967397290543
img_7e2ec2a69156e43e,nested_outer_oof_adaptive_base_fixed_consensus_v5,dataset_dev/01_opishnyan_ceramics/o242_4.jpg,01_opishnyan_ceramics,01_opishnyan_ceramics,True,0.8514087554183661,01_opishnyan_ceramics,02_ornek,05_kosiv_ceramics,4,train,srcgrp_2f3fc2708dc7b50c,src_global_opn_shelf_figurines,figurine_or_sculpture,clear,global_cls__c10__source0p5,fixed_base_plus_three_motif_heads__equal_centered_logits,fixed_three_descriptor_consensus,10.0,True,0.8514087554183661,0.08355069758219776,0.00799853799061766,0.0010442367190738287,0.05599777228974441
img_ce99660dc3c55c07,nested_outer_oof_adaptive_base_fixed_consensus_v5,dataset_dev/01_opishnyan_ceramics/o242_5.jpg,01_opishnyan_ceramics,01_opishnyan_ceramics,True,0.5882897111117287,01_opishnyan_ceramics,05_kosiv_ceramics,03_bubnivka_ceramics,4,train,srcgrp_2f3fc2708dc7b50c,src_global_opn_shelf_figurines,figurine_or_sculpture,clear,global_cls__c10__source0p5,fixed_base_plus_three_motif_heads__equal_centered_logits,fixed_three_descriptor_consensus,10.0,True,0.5882897111117287,0.09827830251628925,0.10507595374784756,0.005226548364266691,0.2031294842598678
img_8089ced9edc75267,nested_outer_oof_adaptive_base_fixed_consensus_v5,dataset_dev/01_opishnyan_ceramics/o243_1.jpg,01_opishnyan_ceramics,03_bubnivka_ceramics,False,0.6022705046947254,03_bubnivka_ceramics,01_opishnyan_ceramics,02_ornek,4,train,srcgrp_2f3fc2708dc7b50c,src_global_opn_shelf_figurines,figurine_or_sculpture,clear,global_cls__c10__source0p5,fixed_base_plus_three_motif_heads__equal_centered_logits,fixed_three_descriptor_consensus,10.0,True,0.3606013491256788,0.025995319591874094,0.6022705046947254,0.006379555660220591,0.0047532709275010885
img_bd929df3fe7d5fbd,nested_outer_oof_adaptive_base_fixed_consensus_v5,dataset_dev/01_opishnyan_ceramics/o243_2.jpg,01_opishnyan_ceramics,03_bubnivka_ceramics,False,0.7646459276561778,03_bubnivka_ceramics,01_opishnyan_ceramics,02_ornek,4,train,srcgrp_2f3fc2708dc7b50c,src_global_opn_shelf_figurines,figurine_or_sculpture,clear,global_cls__c10__source0p5,fixed_base_plus_three_motif_heads__equal_centered_logits,fixed_three_descriptor_consensus,10.0,True,0.18631687324546664,0.02607339455379522,0.7646459276561778,0.009731092894545455,0.013232711650014932
img_b084220fc3fbdd26,nested_outer_oof_adaptive_base_fixed_consensus_v5,dataset_dev/01_opishnyan_ceramics/o243_3.jpg,01_opishnyan_ceramics,01_opishnyan_ceramics,True,0.873959756649538,01_opishnyan_ceramics,03_bubnivka_ceramics,02_ornek,4,train,srcgrp_2f3fc2708dc7b50c,src_global_opn_shelf_figurines,figurine_or_sculpture,clear,global_cls__c10__source0p5,fixed_base_plus_three_motif_heads__equal_centered_logits,fixed_three_descriptor_consensus,10.0,True,0.873959756649538,0.014621362528568856,0.10353795910916512,0.005786344129386197,0.002094577583341979
img_d382e6f75f0a4dd9,nested_outer_oof_adaptive_base_fixed_consensus_v5,dataset_dev/01_opishnyan_ceramics/o243_4.jpg,01_opishnyan_ceramics,03_bubnivka_ceramics,False,0.7397428558509446,03_bubnivka_ceramics,01_opishnyan_ceramics,02_ornek,4,train,srcgrp_2f3fc2708dc7b50c,src_global_opn_shelf_figurines,figurine_or_sculpture,clear,global_cls__c10__source0p5,fixed_base_plus_three_motif_heads__equal_centered_logits,fixed_three_descriptor_consensus,10.0,True,0.20607857666010218,0.024693401153476006,0.7397428558509446,0.02148241586821992,0.008002750467257265
img_663ec2166ae0dfba,nested_outer_oof_adaptive_base_fixed_consensus_v5,dataset_dev/01_opishnyan_ceramics/o243_5.jpg,01_opishnyan_ceramics,03_bubnivka_ceramics,False,0.5945571825026468,03_bubnivka_ceramics,01_opishnyan_ceramics,02_ornek,4,train,srcgrp_2f3fc2708dc7b50c,src_global_opn_shelf_figurines,figurine_or_sculpture,clear,global_cls__c10__source0p5,fixed_base_plus_three_motif_heads__equal_centered_logits,fixed_three_descriptor_consensus,10.0,True,0.2825883262239687,0.07349477385276164,0.5945571825026468,0.04658353048717922,0.0027761869334436964
img_da84406d4e652347,nested_outer_oof_adaptive_base_fixed_consensus_v5,dataset_dev/01_opishnyan_ceramics/o243_6.jpg,01_opishnyan_ceramics,03_bubnivka_ceramics,False,0.5239760593899744,03_bubnivka_ceramics,01_opishnyan_ceramics,02_ornek,4,train,srcgrp_2f3fc2708dc7b50c,src_global_opn_shelf_figurines,figurine_or_sculpture,clear,global_cls__c10__source0p5,fixed_base_plus_three_motif_heads__equal_centered_logits,fixed_three_descriptor_consensus,10.0,True,0.4481954119670299,0.012276362916077168,0.5239760593899744,0.007971150704232533,0.0075810150226860015
img_184565012f5c7981,nested_outer_oof_adaptive_base_fixed_consensus_v5,dataset_dev/01_opishnyan_ceramics/o243_7.jpg,01_opishnyan_ceramics,01_opishnyan_ceramics,True,0.8038463745525207,01_opishnyan_ceramics,03_bubnivka_ceramics,02_ornek,4,train,srcgrp_2f3fc2708dc7b50c,src_global_opn_shelf_figurines,figurine_or_sculpture,clear,global_cls__c10__source0p5,fixed_base_plus_three_motif_heads__equal_centered_logits,fixed_three_descriptor_consensus,10.0,True,0.8038463745525207,0.02029153859946018,0.1711280780956194,0.003466185122527918,0.0012678236298718085
img_0108d3ca73ddaba5,nested_outer_oof_adaptive_base_fixed_consensus_v5,dataset_dev/01_opishnyan_ceramics/o243_8.jpg,01_opishnyan_ceramics,01_opishnyan_ceramics,True,0.49043310251779815,01_opishnyan_ceramics,03_bubnivka_ceramics,02_ornek,4,train,srcgrp_2f3fc2708dc7b50c,src_global_opn_shelf_figurines,figurine_or_sculpture,clear,global_cls__c10__source0p5,fixed_base_plus_three_motif_heads__equal_centered_logits,fixed_three_descriptor_consensus,10.0,True,0.49043310251779815,0.021293412266591226,0.4671695276606293,0.012472952327734484,0.008631005227246934
img_2ec1a27617fae637,nested_outer_oof_adaptive_base_fixed_consensus_v5,dataset_dev/01_opishnyan_ceramics/o243_9.jpg,01_opishnyan_ceramics,03_bubnivka_ceramics,False,0.5699192389985217,03_bubnivka_ceramics,01_opishnyan_ceramics,05_kosiv_ceramics,4,train,srcgrp_2f3fc2708dc7b50c,src_global_opn_shelf_figurines,figurine_or_sculpture,small,global_cls__c10__source0p5,fixed_base_plus_three_motif_heads__equal_centered_logits,fixed_three_descriptor_consensus,10.0,True,0.3913612977376447,0.016073531207567042,0.5699192389985217,0.003947391379213304,0.018698540677053115
img_9a02fc391b896773,nested_outer_oof_adaptive_base_fixed_consensus_v5,dataset_dev/01_opishnyan_ceramics/o244_1.jpg,01_opishnyan_ceramics,01_opishnyan_ceramics,True,0.9936904546449673,01_opishnyan_ceramics,02_ornek,05_kosiv_ceramics,4,train,src_manual_071,,figurine_or_sculpture,clear,global_cls__c10__source0p5,fixed_base_plus_three_motif_heads__equal_centered_logits,fixed_three_descriptor_consensus,10.0,True,0.9936904546449673,0.003992800753125433,0.00017567399175667258,0.0002544351223312363,0.0018866354878193739
img_a19029b6ba3454ff,nested_outer_oof_adaptive_base_fixed_consensus_v5,dataset_dev/01_opishnyan_ceramics/o244_2.jpg,01_opishnyan_ceramics,01_opishnyan_ceramics,True,0.9863823236479051,01_opishnyan_ceramics,02_ornek,05_kosiv_ceramics,4,train,src_manual_071,,figurine_or_sculpture,clear,global_cls__c10__source0p5,fixed_base_plus_three_motif_heads__equal_centered_logits,fixed_three_descriptor_consensus,10.0,True,0.9863823236479051,0.010622388185802809,5.179660928537677e-05,0.0005084554586515234,0.002435036098355344
img_c72a524e4f88102a,nested_outer_oof_adaptive_base_fixed_consensus_v5,dataset_dev/01_opishnyan_ceramics/o245_1.jpg,01_opishnyan_ceramics,01_opishnyan_ceramics,True,0.9918628826238096,01_opishnyan_ceramics,03_bubnivka_ceramics,05_kosiv_ceramics,0,train,srcgrp_b30951e6e0850d05,src_global_opn_roundmark_catalog,figurine_or_sculpture,clear,three_view_cls_logit_ensemble__c100__source0p5,fixed_base_plus_three_motif_heads__equal_centered_logits,fixed_three_descriptor_consensus,10.0,True,0.9918628826238096,0.00020602830522185379,0.006140148068045782,0.0004738875978851267,0.00131705340503775
img_0b3c4da4af95de05,nested_outer_oof_adaptive_base_fixed_consensus_v5,dataset_dev/01_opishnyan_ceramics/o245_2.jpg,01_opishnyan_ceramics,01_opishnyan_ceramics,True,0.9870340557842662,01_opishnyan_ceramics,03_bubnivka_ceramics,05_kosiv_ceramics,0,train,srcgrp_b30951e6e0850d05,src_global_opn_roundmark_catalog,figurine_or_sculpture,clear,three_view_cls_logit_ensemble__c100__source0p5,fixed_base_plus_three_motif_heads__equal_centered_logits,fixed_three_descriptor_consensus,10.0,True,0.9870340557842662,0.00038807409215188305,0.01089395722097652,0.0002288188408622134,0.0014550940617433872
img_c056a9378073298e,nested_outer_oof_adaptive_base_fixed_consensus_v5,dataset_dev/01_opishnyan_ceramics/o245_3.jpg,01_opishnyan_ceramics,01_opishnyan_ceramics,True,0.8981811160261155,01_opishnyan_ceramics,03_bubnivka_ceramics,05_kosiv_ceramics,0,train,srcgrp_b30951e6e0850d05,src_global_opn_roundmark_catalog,figurine_or_sculpture,clear,three_view_cls_logit_ensemble__c100__source0p5,fixed_base_plus_three_motif_heads__equal_centered_logits,fixed_three_descriptor_consensus,10.0,True,0.8981811160261155,0.00014643443259323665,0.09754042802502372,0.0002984019470047487,0.003833619569262868
img_f220c911b9f11601,nested_outer_oof_adaptive_base_fixed_consensus_v5,dataset_dev/01_opishnyan_ceramics/o245_4.jpg,01_opishnyan_ceramics,01_opishnyan_ceramics,True,0.9515656248907521,01_opishnyan_ceramics,03_bubnivka_ceramics,05_kosiv_ceramics,0,train,srcgrp_b30951e6e0850d05,src_global_opn_roundmark_catalog,figurine_or_sculpture,clear,three_view_cls_logit_ensemble__c100__source0p5,fixed_base_plus_three_motif_heads__equal_centered_logits,fixed_three_descriptor_consensus,10.0,True,0.9515656248907521,0.0005570607237591947,0.04115509623320385,0.00037221311750857875,0.006350005034776454
img_6f10c82d793e0751,nested_outer_oof_adaptive_base_fixed_consensus_v5,dataset_dev/01_opishnyan_ceramics/o245_5.jpg,01_opishnyan_ceramics,01_opishnyan_ceramics,True,0.9983612798170403,01_opishnyan_ceramics,05_kosiv_ceramics,03_bubnivka_ceramics,0,train,srcgrp_b30951e6e0850d05,src_global_opn_roundmark_catalog,figurine_or_sculpture,clear,three_view_cls_logit_ensemble__c100__source0p5,fixed_base_plus_three_motif_heads__equal_centered_logits,fixed_three_descriptor_consensus,10.0,True,0.9983612798170403,2.0314100699273202e-05,0.0004975552400214074,0.00010778818413032276,0.0010130626581089045
img_737bac91f3ea8376,nested_outer_oof_adaptive_base_fixed_consensus_v5,dataset_dev/01_opishnyan_ceramics/o245_6.jpg,01_opishnyan_ceramics,01_opishnyan_ceramics,True,0.9981693933769661,01_opishnyan_ceramics,05_kosiv_ceramics,03_bubnivka_ceramics,0,train,srcgrp_b30951e6e0850d05,src_global_opn_roundmark_catalog,figurine_or_sculpture,clear,three_view_cls_logit_ensemble__c100__source0p5,fixed_base_plus_three_motif_heads__equal_centered_logits,fixed_three_descriptor_consensus,10.0,True,0.9981693933769661,4.402494733448984e-05,0.000511953367447358,0.0002757540009109121,0.0009988743073411533
img_bcf6de6e11703b1b,nested_outer_oof_adaptive_base_fixed_consensus_v5,dataset_dev/01_opishnyan_ceramics/o246_1.jpg,01_opishnyan_ceramics,02_ornek,False,0.6819546662922598,02_ornek,01_opishnyan_ceramics,05_kosiv_ceramics,0,train,srcgrp_b30951e6e0850d05,src_global_opn_roundmark_catalog,other,clear,three_view_cls_logit_ensemble__c100__source0p5,fixed_base_plus_three_motif_heads__equal_centered_logits,fixed_three_descriptor_consensus,10.0,True,0.30316427613973346,0.6819546662922598,0.003925365642518434,0.0009468133302974681,0.010008878595190932
img_735a80bba5ea6d78,nested_outer_oof_adaptive_base_fixed_consensus_v5,dataset_dev/01_opishnyan_ceramics/o246_2.jpg,01_opishnyan_ceramics,01_opishnyan_ceramics,True,0.9656227982685379,01_opishnyan_ceramics,02_ornek,04_petrykivka_painting,0,train,srcgrp_b30951e6e0850d05,src_global_opn_roundmark_catalog,other,partial,three_view_cls_logit_ensemble__c100__source0p5,fixed_base_plus_three_motif_heads__equal_centered_logits,fixed_three_descriptor_consensus,10.0,True,0.9656227982685379,0.03342132200226108,0.00019818775801725279,0.0004891320093840801,0.00026855996179974795
img_e9951e34c7533236,nested_outer_oof_adaptive_base_fixed_consensus_v5,dataset_dev/01_opishnyan_ceramics/o247_1.jpg,01_opishnyan_ceramics,01_opishnyan_ceramics,True,0.8096746039296896,01_opishnyan_ceramics,02_ornek,05_kosiv_ceramics,0,train,srcgrp_b30951e6e0850d05,src_global_opn_roundmark_catalog,other,clear,three_view_cls_logit_ensemble__c100__source0p5,fixed_base_plus_three_motif_heads__equal_centered_logits,fixed_three_descriptor_consensus,10.0,True,0.8096746039296896,0.18470960036363843,0.0022556087023402854,0.001048638522013699,0.002311548482318122
img_f54470248126f85e,nested_outer_oof_adaptive_base_fixed_consensus_v5,dataset_dev/01_opishnyan_ceramics/o247_2.jpg,01_opishnyan_ceramics,01_opishnyan_ceramics,True,0.9955613281092617,01_opishnyan_ceramics,02_ornek,04_petrykivka_painting,0,train,srcgrp_b30951e6e0850d05,src_global_opn_roundmark_catalog,other,partial,three_view_cls_logit_ensemble__c100__source0p5,fixed_base_plus_three_motif_heads__equal_centered_logits,fixed_three_descriptor_consensus,10.0,True,0.9955613281092617,0.0036486572963136303,0.0002755000603891197,0.0003855895503240637,0.00012892498371132294
img_07d5477cf8f2a365,nested_outer_oof_adaptive_base_fixed_consensus_v5,dataset_dev/01_opishnyan_ceramics/o249_1.jpg,01_opishnyan_ceramics,01_opishnyan_ceramics,True,0.7790848367527298,01_opishnyan_ceramics,02_ornek,05_kosiv_ceramics,0,train,srcgrp_b30951e6e0850d05,src_global_opn_roundmark_catalog,other,clear,three_view_cls_logit_ensemble__c100__source0p5,fixed_base_plus_three_motif_heads__equal_centered_logits,fixed_three_descriptor_consensus,10.0,True,0.7790848367527298,0.20974614917923115,0.0008606145277378729,0.0002592806479623868,0.010049118892338916
img_d02dc6995ca23ff9,nested_outer_oof_adaptive_base_fixed_consensus_v5,dataset_dev/01_opishnyan_ceramics/o249_2.jpg,01_opishnyan_ceramics,01_opishnyan_ceramics,True,0.9974786713365298,01_opishnyan_ceramics,02_ornek,03_bubnivka_ceramics,0,train,srcgrp_b30951e6e0850d05,src_global_opn_roundmark_catalog,other,partial,three_view_cls_logit_ensemble__c100__source0p5,fixed_base_plus_three_motif_heads__equal_centered_logits,fixed_three_descriptor_consensus,10.0,True,0.9974786713365298,0.0022991013657511143,7.697647213699743e-05,7.423971346015614e-05,7.101111212183458e-05
img_a200973fcd06472b,nested_outer_oof_adaptive_base_fixed_consensus_v5,dataset_dev/01_opishnyan_ceramics/o250_1.jpeg,01_opishnyan_ceramics,01_opishnyan_ceramics,True,0.9890608040957625,01_opishnyan_ceramics,05_kosiv_ceramics,03_bubnivka_ceramics,0,train,srcgrp_b30951e6e0850d05,src_global_opn_roundmark_catalog,figurine_or_sculpture,clear,three_view_cls_logit_ensemble__c100__source0p5,fixed_base_plus_three_motif_heads__equal_centered_logits,fixed_three_descriptor_consensus,10.0,True,0.9890608040957625,0.0003099841131824061,0.000479949642136685,0.0004575376604372026,0.009691724488481181
img_e7105b4870c7826c,nested_outer_oof_adaptive_base_fixed_consensus_v5,dataset_dev/01_opishnyan_ceramics/o250_2.jpeg,01_opishnyan_ceramics,01_opishnyan_ceramics,True,0.9769173996894238,01_opishnyan_ceramics,05_kosiv_ceramics,03_bubnivka_ceramics,0,train,srcgrp_b30951e6e0850d05,src_global_opn_roundmark_catalog,figurine_or_sculpture,clear,three_view_cls_logit_ensemble__c100__source0p5,fixed_base_plus_three_motif_heads__equal_centered_logits,fixed_three_descriptor_consensus,10.0,True,0.9769173996894238,0.00017630928769695386,0.0022699484327604273,0.00022027218447842942,0.02041607040564011
img_7b9a7fe90a891e34,nested_outer_oof_adaptive_base_fixed_consensus_v5,dataset_dev/01_opishnyan_ceramics/o250_3.jpeg,01_opishnyan_ceramics,01_opishnyan_ceramics,True,0.9970508165011559,01_opishnyan_ceramics,05_kosiv_ceramics,03_bubnivka_ceramics,0,train,srcgrp_b30951e6e0850d05,src_global_opn_roundmark_catalog,figurine_or_sculpture,clear,three_view_cls_logit_ensemble__c100__source0p5,fixed_base_plus_three_motif_heads__equal_centered_logits,fixed_three_descriptor_consensus,10.0,True,0.9970508165011559,0.0001285688073550757,0.00032689733697641073,0.00010263871697900712,0.0023910786375334965
img_2d6d81449e0fe606,nested_outer_oof_adaptive_base_fixed_consensus_v5,dataset_dev/01_opishnyan_ceramics/o250_4.jpeg,01_opishnyan_ceramics,01_opishnyan_ceramics,True,0.9805726185576481,01_opishnyan_ceramics,05_kosiv_ceramics,03_bubnivka_ceramics,0,train,srcgrp_b30951e6e0850d05,src_global_opn_roundmark_catalog,mixed_display_or_collection,small,three_view_cls_logit_ensemble__c100__source0p5,fixed_base_plus_three_motif_heads__equal_centered_logits,fixed_three_descriptor_consensus,10.0,True,0.9805726185576481,0.0007185442301659982,0.0011745077565469043,0.0004350211872731362,0.017099308268365858
img_113c5648b2a7208f,nested_outer_oof_adaptive_base_fixed_consensus_v5,dataset_dev/01_opishnyan_ceramics/o250_5.jpeg,01_opishnyan_ceramics,01_opishnyan_ceramics,True,0.9961364061595308,01_opishnyan_ceramics,05_kosiv_ceramics,03_bubnivka_ceramics,0,train,srcgrp_b30951e6e0850d05,src_global_opn_roundmark_catalog,figurine_or_sculpture,clear,three_view_cls_logit_ensemble__c100__source0p5,fixed_base_plus_three_motif_heads__equal_centered_logits,fixed_three_descriptor_consensus,10.0,True,0.9961364061595308,0.0005135407061141762,0.001465235061610978,0.00023500272157128102,0.0016498153511726882
img_a72f997d7f89b7c6,nested_outer_oof_adaptive_base_fixed_consensus_v5,dataset_dev/01_opishnyan_ceramics/o250_6.jpeg,01_opishnyan_ceramics,01_opishnyan_ceramics,True,0.9989547446954076,01_opishnyan_ceramics,03_bubnivka_ceramics,05_kosiv_ceramics,0,train,srcgrp_b30951e6e0850d05,src_global_opn_roundmark_catalog,mixed_display_or_collection,partial,three_view_cls_logit_ensemble__c100__source0p5,fixed_base_plus_three_motif_heads__equal_centered_logits,fixed_three_descriptor_consensus,10.0,True,0.9989547446954076,2.5031985349706777e-05,0.000530775196675374,9.524411846638347e-05,0.0003942040041010301
img_2d252c9c994054a0,nested_outer_oof_adaptive_base_fixed_consensus_v5,dataset_dev/01_opishnyan_ceramics/o251_1.jpg,01_opishnyan_ceramics,01_opishnyan_ceramics,True,0.9937659887488483,01_opishnyan_ceramics,02_ornek,03_bubnivka_ceramics,0,train,srcgrp_b30951e6e0850d05,src_global_opn_roundmark_catalog,figurine_or_sculpture,clear,three_view_cls_logit_ensemble__c100__source0p5,fixed_base_plus_three_motif_heads__equal_centered_logits,fixed_three_descriptor_consensus,10.0,True,0.9937659887488483,0.0036386195008104687,0.0024994466087466653,5.31776038985796e-05,4.276753769608172e-05
img_ca32b20a9cb88bbd,nested_outer_oof_adaptive_base_fixed_consensus_v5,dataset_dev/01_opishnyan_ceramics/o251_2.jpg,01_opishnyan_ceramics,01_opishnyan_ceramics,True,0.9538937390047553,01_opishnyan_ceramics,02_ornek,03_bubnivka_ceramics,0,train,srcgrp_b30951e6e0850d05,src_global_opn_roundmark_catalog,figurine_or_sculpture,clear,three_view_cls_logit_ensemble__c100__source0p5,fixed_base_plus_three_motif_heads__equal_centered_logits,fixed_three_descriptor_consensus,10.0,True,0.9538937390047553,0.028255007657793936,0.017283641296702335,0.00017312351599346236,0.00039448852475490665
img_067d2760a1a04dc0,nested_outer_oof_adaptive_base_fixed_consensus_v5,dataset_dev/01_opishnyan_ceramics/o251_3.jpg,01_opishnyan_ceramics,01_opishnyan_ceramics,True,0.9947350339847284,01_opishnyan_ceramics,03_bubnivka_ceramics,02_ornek,0,train,srcgrp_b30951e6e0850d05,src_global_opn_roundmark_catalog,figurine_or_sculpture,clear,three_view_cls_logit_ensemble__c100__source0p5,fixed_base_plus_three_motif_heads__equal_centered_logits,fixed_three_descriptor_consensus,10.0,True,0.9947350339847284,0.00113090312923701,0.003997298759905318,2.6560012487534593e-05,0.00011020411364183832
img_110c9fea10138e38,nested_outer_oof_adaptive_base_fixed_consensus_v5,dataset_dev/01_opishnyan_ceramics/o253.jpg,01_opishnyan_ceramics,01_opishnyan_ceramics,True,0.8577771664961011,01_opishnyan_ceramics,02_ornek,04_petrykivka_painting,0,train,srcgrp_b30951e6e0850d05,src_global_opn_roundmark_catalog,unreviewed,unreviewed,three_view_cls_logit_ensemble__c100__source0p5,fixed_base_plus_three_motif_heads__equal_centered_logits,fixed_three_descriptor_consensus,10.0,True,0.8577771664961011,0.13922383627203036,0.0007007110085954141,0.0012694227177537643,0.0010288635055191496
img_de1095350dc23f20,nested_outer_oof_adaptive_base_fixed_consensus_v5,dataset_dev/01_opishnyan_ceramics/o255.jpg,01_opishnyan_ceramics,01_opishnyan_ceramics,True,0.6313914183418845,01_opishnyan_ceramics,02_ornek,04_petrykivka_painting,0,train,srcgrp_b30951e6e0850d05,src_global_opn_roundmark_catalog,unreviewed,unreviewed,three_view_cls_logit_ensemble__c100__source0p5,fixed_base_plus_three_motif_heads__equal_centered_logits,fixed_three_descriptor_consensus,10.0,True,0.6313914183418845,0.36684722465310904,0.0006348043409401853,0.0009316535048976798,0.0001948991591686599
img_4563d33a9083e4ad,nested_outer_oof_adaptive_base_fixed_consensus_v5,dataset_dev/01_opishnyan_ceramics/o256.jpg,01_opishnyan_ceramics,01_opishnyan_ceramics,True,0.9763459907894259,01_opishnyan_ceramics,02_ornek,05_kosiv_ceramics,0,train,srcgrp_b30951e6e0850d05,src_global_opn_roundmark_catalog,unreviewed,unreviewed,three_view_cls_logit_ensemble__c100__source0p5,fixed_base_plus_three_motif_heads__equal_centered_logits,fixed_three_descriptor_consensus,10.0,True,0.9763459907894259,0.016640499659339777,0.0001643349467852638,0.00037531745162195897,0.006473857152827059
img_c9e617c6a91eec3a,nested_outer_oof_adaptive_base_fixed_consensus_v5,dataset_dev/01_opishnyan_ceramics/o258.jpg,01_opishnyan_ceramics,01_opishnyan_ceramics,True,0.7577809832575416,01_opishnyan_ceramics,02_ornek,03_bubnivka_ceramics,0,train,srcgrp_b30951e6e0850d05,src_global_opn_roundmark_catalog,unreviewed,unreviewed,three_view_cls_logit_ensemble__c100__source0p5,fixed_base_plus_three_motif_heads__equal_centered_logits,fixed_three_descriptor_consensus,10.0,True,0.7577809832575416,0.24108796385234485,0.0007750339212025102,0.00010351518136545925,0.0002525037875456323
img_aeb8046d8de64911,nested_outer_oof_adaptive_base_fixed_consensus_v5,dataset_dev/01_opishnyan_ceramics/o259_1.jpg,01_opishnyan_ceramics,01_opishnyan_ceramics,True,0.9968421644289689,01_opishnyan_ceramics,02_ornek,05_kosiv_ceramics,0,train,srcgrp_b30951e6e0850d05,src_global_opn_roundmark_catalog,figurine_or_sculpture,clear,three_view_cls_logit_ensemble__c100__source0p5,fixed_base_plus_three_motif_heads__equal_centered_logits,fixed_three_descriptor_consensus,10.0,True,0.9968421644289689,0.002554457369737637,0.0001341158722137412,8.2184042584959e-05,0.000387078286495046
img_6c5876976b4e9f46,nested_outer_oof_adaptive_base_fixed_consensus_v5,dataset_dev/01_opishnyan_ceramics/o259_2.jpg,01_opishnyan_ceramics,01_opishnyan_ceramics,True,0.9957005940646244,01_opishnyan_ceramics,02_ornek,05_kosiv_ceramics,0,train,srcgrp_b30951e6e0850d05,src_global_opn_roundmark_catalog,figurine_or_sculpture,clear,three_view_cls_logit_ensemble__c100__source0p5,fixed_base_plus_three_motif_heads__equal_centered_logits,fixed_three_descriptor_consensus,10.0,True,0.9957005940646244,0.002944152484076701,0.00014360934363079615,0.00014946230729434513,0.001062181800373454
img_834e92172ea5c178,nested_outer_oof_adaptive_base_fixed_consensus_v5,dataset_dev/01_opishnyan_ceramics/o260_1.jpg,01_opishnyan_ceramics,01_opishnyan_ceramics,True,0.9887554012191274,01_opishnyan_ceramics,05_kosiv_ceramics,03_bubnivka_ceramics,0,train,srcgrp_b30951e6e0850d05,src_global_opn_roundmark_catalog,figurine_or_sculpture,clear,three_view_cls_logit_ensemble__c100__source0p5,fixed_base_plus_three_motif_heads__equal_centered_logits,fixed_three_descriptor_consensus,10.0,True,0.9887554012191274,0.0008301697824359775,0.0023693232879378272,0.0006867915307102491,0.007358314179788439
img_54aae79e4b5022fd,nested_outer_oof_adaptive_base_fixed_consensus_v5,dataset_dev/01_opishnyan_ceramics/o260_2.jpg,01_opishnyan_ceramics,01_opishnyan_ceramics,True,0.9936504005080707,01_opishnyan_ceramics,05_kosiv_ceramics,03_bubnivka_ceramics,0,train,srcgrp_b30951e6e0850d05,src_global_opn_roundmark_catalog,figurine_or_sculpture,clear,three_view_cls_logit_ensemble__c100__source0p5,fixed_base_plus_three_motif_heads__equal_centered_logits,fixed_three_descriptor_consensus,10.0,True,0.9936504005080707,0.00037682775371532023,0.001430103840729577,0.0003077357277600543,0.004234932169724128
img_a9c59628cbf6adbe,nested_outer_oof_adaptive_base_fixed_consensus_v5,dataset_dev/01_opishnyan_ceramics/o261_1.jpg,01_opishnyan_ceramics,01_opishnyan_ceramics,True,0.9761548637915599,01_opishnyan_ceramics,05_kosiv_ceramics,03_bubnivka_ceramics,0,train,srcgrp_b30951e6e0850d05,src_global_opn_roundmark_catalog,figurine_or_sculpture,clear,three_view_cls_logit_ensemble__c100__source0p5,fixed_base_plus_three_motif_heads__equal_centered_logits,fixed_three_descriptor_consensus,10.0,True,0.9761548637915599,0.0015124503253681326,0.0076940724824864585,0.0009448234212960344,0.013693789979289472
img_362230d5f73b992b,nested_outer_oof_adaptive_base_fixed_consensus_v5,dataset_dev/01_opishnyan_ceramics/o261_2.jpg,01_opishnyan_ceramics,01_opishnyan_ceramics,True,0.9789472268425405,01_opishnyan_ceramics,05_kosiv_ceramics,03_bubnivka_ceramics,0,train,srcgrp_b30951e6e0850d05,src_global_opn_roundmark_catalog,figurine_or_sculpture,clear,three_view_cls_logit_ensemble__c100__source0p5,fixed_base_plus_three_motif_heads__equal_centered_logits,fixed_three_descriptor_consensus,10.0,True,0.9789472268425405,0.0003315537761734189,0.007568777147654947,0.0008429078674304108,0.012309534366200556
img_c1b5cceac248bfed,nested_outer_oof_adaptive_base_fixed_consensus_v5,dataset_dev/01_opishnyan_ceramics/o262_1.jpg,01_opishnyan_ceramics,01_opishnyan_ceramics,True,0.9817337432934433,01_opishnyan_ceramics,03_bubnivka_ceramics,05_kosiv_ceramics,0,train,srcgrp_b30951e6e0850d05,src_global_opn_roundmark_catalog,figurine_or_sculpture,clear,three_view_cls_logit_ensemble__c100__source0p5,fixed_base_plus_three_motif_heads__equal_centered_logits,fixed_three_descriptor_consensus,10.0,True,0.9817337432934433,0.0022046423020317236,0.0077298881495380944,0.0009978927409600563,0.007333833514026841
img_c419c65b051ca923,nested_outer_oof_adaptive_base_fixed_consensus_v5,dataset_dev/01_opishnyan_ceramics/o262_2.jpg,01_opishnyan_ceramics,01_opishnyan_ceramics,True,0.9921827105144084,01_opishnyan_ceramics,03_bubnivka_ceramics,05_kosiv_ceramics,0,train,srcgrp_b30951e6e0850d05,src_global_opn_roundmark_catalog,figurine_or_sculpture,clear,three_view_cls_logit_ensemble__c100__source0p5,fixed_base_plus_three_motif_heads__equal_centered_logits,fixed_three_descriptor_consensus,10.0,True,0.9921827105144084,0.0009167429338279661,0.0038283530884860237,0.00035124575807698815,0.0027209477052004658
img_c228fc750f00f843,nested_outer_oof_adaptive_base_fixed_consensus_v5,dataset_dev/01_opishnyan_ceramics/o262_3.jpg,01_opishnyan_ceramics,01_opishnyan_ceramics,True,0.9886386628736958,01_opishnyan_ceramics,03_bubnivka_ceramics,05_kosiv_ceramics,0,train,srcgrp_b30951e6e0850d05,src_global_opn_roundmark_catalog,figurine_or_sculpture,clear,three_view_cls_logit_ensemble__c100__source0p5,fixed_base_plus_three_motif_heads__equal_centered_logits,fixed_three_descriptor_consensus,10.0,True,0.9886386628736958,0.0003284659115964044,0.006354086954898208,0.000210516181904557,0.00446826807790516
img_4e624a80186723dd,nested_outer_oof_adaptive_base_fixed_consensus_v5,dataset_dev/01_opishnyan_ceramics/o263_1.jpg,01_opishnyan_ceramics,01_opishnyan_ceramics,True,0.9185791633866371,01_opishnyan_ceramics,03_bubnivka_ceramics,05_kosiv_ceramics,0,train,srcgrp_b30951e6e0850d05,src_global_opn_roundmark_catalog,figurine_or_sculpture,clear,three_view_cls_logit_ensemble__c100__source0p5,fixed_base_plus_three_motif_heads__equal_centered_logits,fixed_three_descriptor_consensus,10.0,True,0.9185791633866371,0.001897480805047632,0.04711089114095371,0.004050321219321562,0.028362143448039917
img_9ef03e8749bf03cf,nested_outer_oof_adaptive_base_fixed_consensus_v5,dataset_dev/01_opishnyan_ceramics/o263_2.jpg,01_opishnyan_ceramics,01_opishnyan_ceramics,True,0.9521874030990656,01_opishnyan_ceramics,03_bubnivka_ceramics,02_ornek,0,train,srcgrp_b30951e6e0850d05,src_global_opn_roundmark_catalog,figurine_or_sculpture,clear,three_view_cls_logit_ensemble__c100__source0p5,fixed_base_plus_three_motif_heads__equal_centered_logits,fixed_three_descriptor_consensus,10.0,True,0.9521874030990656,0.0077030753338534225,0.03353856390228824,0.0018327578000554112,0.004738199864737182
img_009dc1f3ecc3edce,nested_outer_oof_adaptive_base_fixed_consensus_v5,dataset_dev/01_opishnyan_ceramics/o263_3.jpg,01_opishnyan_ceramics,01_opishnyan_ceramics,True,0.9035866554601522,01_opishnyan_ceramics,03_bubnivka_ceramics,05_kosiv_ceramics,0,train,srcgrp_b30951e6e0850d05,src_global_opn_roundmark_catalog,figurine_or_sculpture,clear,three_view_cls_logit_ensemble__c100__source0p5,fixed_base_plus_three_motif_heads__equal_centered_logits,fixed_three_descriptor_consensus,10.0,True,0.9035866554601522,0.006464469711702804,0.053705962203346634,0.0019380628754069335,0.034304849749391485
img_0241575b9e86ac6c,nested_outer_oof_adaptive_base_fixed_consensus_v5,dataset_dev/01_opishnyan_ceramics/o265_1.jpg,01_opishnyan_ceramics,01_opishnyan_ceramics,True,0.9508376924428601,01_opishnyan_ceramics,03_bubnivka_ceramics,05_kosiv_ceramics,0,train,srcgrp_b30951e6e0850d05,src_global_opn_roundmark_catalog,figurine_or_sculpture,clear,three_view_cls_logit_ensemble__c100__source0p5,fixed_base_plus_three_motif_heads__equal_centered_logits,fixed_three_descriptor_consensus,10.0,True,0.9508376924428601,0.000573276718942812,0.026475477673494976,0.0009801011493526918,0.021133452015349635
img_a68d6d2809aa979a,nested_outer_oof_adaptive_base_fixed_consensus_v5,dataset_dev/01_opishnyan_ceramics/o265_2.jpg,01_opishnyan_ceramics,01_opishnyan_ceramics,True,0.9752165098289137,01_opishnyan_ceramics,05_kosiv_ceramics,03_bubnivka_ceramics,0,train,srcgrp_b30951e6e0850d05,src_global_opn_roundmark_catalog,figurine_or_sculpture,clear,three_view_cls_logit_ensemble__c100__source0p5,fixed_base_plus_three_motif_heads__equal_centered_logits,fixed_three_descriptor_consensus,10.0,True,0.9752165098289137,0.0008474812715514752,0.010980260388726282,0.0004908953806462443,0.012464853130162292
img_b76567c1882f8024,nested_outer_oof_adaptive_base_fixed_consensus_v5,dataset_dev/01_opishnyan_ceramics/o266_1.jpg,01_opishnyan_ceramics,01_opishnyan_ceramics,True,0.987544849874946,01_opishnyan_ceramics,02_ornek,04_petrykivka_painting,0,train,srcgrp_b30951e6e0850d05,src_global_opn_roundmark_catalog,figurine_or_sculpture,clear,three_view_cls_logit_ensemble__c100__source0p5,fixed_base_plus_three_motif_heads__equal_centered_logits,fixed_three_descriptor_consensus,10.0,True,0.987544849874946,0.011714357693139667,0.00027650143099365614,0.00030804785079861465,0.0001562431501221026
img_b138be2de96df993,nested_outer_oof_adaptive_base_fixed_consensus_v5,dataset_dev/01_opishnyan_ceramics/o266_2.jpg,01_opishnyan_ceramics,01_opishnyan_ceramics,True,0.9094727249115832,01_opishnyan_ceramics,02_ornek,04_petrykivka_painting,0,train,srcgrp_b30951e6e0850d05,src_global_opn_roundmark_catalog,figurine_or_sculpture,clear,three_view_cls_logit_ensemble__c100__source0p5,fixed_base_plus_three_motif_heads__equal_centered_logits,fixed_three_descriptor_consensus,10.0,True,0.9094727249115832,0.08993112229046436,0.00011911575564441313,0.00032454034633149056,0.00015249669597652745
img_585714093b7c5de4,nested_outer_oof_adaptive_base_fixed_consensus_v5,dataset_dev/01_opishnyan_ceramics/o267.jpg,01_opishnyan_ceramics,01_opishnyan_ceramics,True,0.9960486609740221,01_opishnyan_ceramics,02_ornek,03_bubnivka_ceramics,0,train,srcgrp_b30951e6e0850d05,src_global_opn_roundmark_catalog,figurine_or_sculpture,clear,three_view_cls_logit_ensemble__c100__source0p5,fixed_base_plus_three_motif_heads__equal_centered_logits,fixed_three_descriptor_consensus,10.0,True,0.9960486609740221,0.0022177862601909914,0.0016956248167160422,2.5304622694803476e-05,1.2623326375995423e-05
img_4acec48e98c96b9d,nested_outer_oof_adaptive_base_fixed_consensus_v5,dataset_dev/01_opishnyan_ceramics/o267_2.jpg,01_opishnyan_ceramics,01_opishnyan_ceramics,True,0.9855811823701867,01_opishnyan_ceramics,02_ornek,03_bubnivka_ceramics,0,train,srcgrp_b30951e6e0850d05,src_global_opn_roundmark_catalog,figurine_or_sculpture,clear,three_view_cls_logit_ensemble__c100__source0p5,fixed_base_plus_three_motif_heads__equal_centered_logits,fixed_three_descriptor_consensus,10.0,True,0.9855811823701867,0.013892328295235495,0.00047124230943086437,3.5892297133368374e-05,1.9354728013424354e-05
img_69ce860e75bebdfa,nested_outer_oof_adaptive_base_fixed_consensus_v5,dataset_dev/01_opishnyan_ceramics/o268_1.jpg,01_opishnyan_ceramics,01_opishnyan_ceramics,True,0.9986431862201316,01_opishnyan_ceramics,03_bubnivka_ceramics,02_ornek,0,train,srcgrp_b30951e6e0850d05,src_global_opn_roundmark_catalog,figurine_or_sculpture,clear,three_view_cls_logit_ensemble__c100__source0p5,fixed_base_plus_three_motif_heads__equal_centered_logits,fixed_three_descriptor_consensus,10.0,True,0.9986431862201316,0.0005036753583364303,0.0008262773936137764,1.3096436086743425e-05,1.3764591831470498e-05
img_6e605b49f3c48ced,nested_outer_oof_adaptive_base_fixed_consensus_v5,dataset_dev/01_opishnyan_ceramics/o268_2.jpg,01_opishnyan_ceramics,01_opishnyan_ceramics,True,0.9945855764844022,01_opishnyan_ceramics,03_bubnivka_ceramics,02_ornek,0,train,srcgrp_b30951e6e0850d05,src_global_opn_roundmark_catalog,figurine_or_sculpture,clear,three_view_cls_logit_ensemble__c100__source0p5,fixed_base_plus_three_motif_heads__equal_centered_logits,fixed_three_descriptor_consensus,10.0,True,0.9945855764844022,0.002195061910103629,0.003093772991999617,3.419417990169526e-05,9.139443359309293e-05
img_1a0d183cb8c5aded,nested_outer_oof_adaptive_base_fixed_consensus_v5,dataset_dev/01_opishnyan_ceramics/o269_1.jpg,01_opishnyan_ceramics,01_opishnyan_ceramics,True,0.995045261993402,01_opishnyan_ceramics,02_ornek,03_bubnivka_ceramics,0,train,srcgrp_b30951e6e0850d05,src_global_opn_roundmark_catalog,figurine_or_sculpture,clear,three_view_cls_logit_ensemble__c100__source0p5,fixed_base_plus_three_motif_heads__equal_centered_logits,fixed_three_descriptor_consensus,10.0,True,0.995045261993402,0.002586853137916136,0.0021894431816237804,9.768983554957279e-05,8.07518515082662e-05
img_7c2c910fab25cee0,nested_outer_oof_adaptive_base_fixed_consensus_v5,dataset_dev/01_opishnyan_ceramics/o269_2.jpg,01_opishnyan_ceramics,01_opishnyan_ceramics,True,0.9837916708964733,01_opishnyan_ceramics,02_ornek,03_bubnivka_ceramics,0,train,srcgrp_b30951e6e0850d05,src_global_opn_roundmark_catalog,figurine_or_sculpture,clear,three_view_cls_logit_ensemble__c100__source0p5,fixed_base_plus_three_motif_heads__equal_centered_logits,fixed_three_descriptor_consensus,10.0,True,0.9837916708964733,0.01275529370753536,0.0033435484397306586,7.444126282342376e-05,3.504569343722607e-05
img_ec1906b378d9dd37,nested_outer_oof_adaptive_base_fixed_consensus_v5,dataset_dev/01_opishnyan_ceramics/o270_1.jpg,01_opishnyan_ceramics,01_opishnyan_ceramics,True,0.9741297259509003,01_opishnyan_ceramics,03_bubnivka_ceramics,02_ornek,0,train,srcgrp_b30951e6e0850d05,src_global_opn_roundmark_catalog,figurine_or_sculpture,clear,three_view_cls_logit_ensemble__c100__source0p5,fixed_base_plus_three_motif_heads__equal_centered_logits,fixed_three_descriptor_consensus,10.0,True,0.9741297259509003,0.005901265680315294,0.018072999769027865,0.0003422659370544938,0.0015537426627020882
img_8c888f2bdb442f31,nested_outer_oof_adaptive_base_fixed_consensus_v5,dataset_dev/01_opishnyan_ceramics/o270_2.jpg,01_opishnyan_ceramics,01_opishnyan_ceramics,True,0.9831410197811898,01_opishnyan_ceramics,03_bubnivka_ceramics,02_ornek,0,train,srcgrp_b30951e6e0850d05,src_global_opn_roundmark_catalog,figurine_or_sculpture,clear,three_view_cls_logit_ensemble__c100__source0p5,fixed_base_plus_three_motif_heads__equal_centered_logits,fixed_three_descriptor_consensus,10.0,True,0.9831410197811898,0.0023534786560050437,0.013409267777322454,0.0002716215102855507,0.0008246122751972156
img_06c5563fba349e83,nested_outer_oof_adaptive_base_fixed_consensus_v5,dataset_dev/01_opishnyan_ceramics/o270_3.jpg,01_opishnyan_ceramics,01_opishnyan_ceramics,True,0.9188816879033175,01_opishnyan_ceramics,03_bubnivka_ceramics,02_ornek,0,train,srcgrp_b30951e6e0850d05,src_global_opn_roundmark_catalog,figurine_or_sculpture,clear,three_view_cls_logit_ensemble__c100__source0p5,fixed_base_plus_three_motif_heads__equal_centered_logits,fixed_three_descriptor_consensus,10.0,True,0.9188816879033175,0.013718445753646702,0.06637038092084684,0.00026324130759428554,0.0007662441145947592
img_5e07f8c226080cb2,nested_outer_oof_adaptive_base_fixed_consensus_v5,dataset_dev/01_opishnyan_ceramics/o271_1.jpg,01_opishnyan_ceramics,01_opishnyan_ceramics,True,0.9763854345526797,01_opishnyan_ceramics,03_bubnivka_ceramics,05_kosiv_ceramics,0,train,srcgrp_b30951e6e0850d05,src_global_opn_roundmark_catalog,figurine_or_sculpture,clear,three_view_cls_logit_ensemble__c100__source0p5,fixed_base_plus_three_motif_heads__equal_centered_logits,fixed_three_descriptor_consensus,10.0,True,0.9763854345526797,9.063385055205931e-05,0.022825564241105045,0.00029485358399068017,0.000403513771672616
img_c00eab243e48431e,nested_outer_oof_adaptive_base_fixed_consensus_v5,dataset_dev/01_opishnyan_ceramics/o271_2.jpg,01_opishnyan_ceramics,01_opishnyan_ceramics,True,0.9412583854380301,01_opishnyan_ceramics,03_bubnivka_ceramics,05_kosiv_ceramics,0,train,srcgrp_b30951e6e0850d05,src_global_opn_roundmark_catalog,figurine_or_sculpture,clear,three_view_cls_logit_ensemble__c100__source0p5,fixed_base_plus_three_motif_heads__equal_centered_logits,fixed_three_descriptor_consensus,10.0,True,0.9412583854380301,0.00013142594035472845,0.05802721403514916,0.00017987406579125426,0.00040310052067468386
img_380bccfc3701715d,nested_outer_oof_adaptive_base_fixed_consensus_v5,dataset_dev/01_opishnyan_ceramics/o272.jpg,01_opishnyan_ceramics,01_opishnyan_ceramics,True,0.9944335178785,01_opishnyan_ceramics,05_kosiv_ceramics,02_ornek,0,train,srcgrp_b30951e6e0850d05,src_global_opn_roundmark_catalog,cup_or_mug,clear,three_view_cls_logit_ensemble__c100__source0p5,fixed_base_plus_three_motif_heads__equal_centered_logits,fixed_three_descriptor_consensus,10.0,True,0.9944335178785,0.0016026643662895973,0.001455211444874383,0.0006238888392120069,0.0018847174711240857
img_ac33dd3db98a540d,nested_outer_oof_adaptive_base_fixed_consensus_v5,dataset_dev/01_opishnyan_ceramics/o273.jpg,01_opishnyan_ceramics,01_opishnyan_ceramics,True,0.9946275036774721,01_opishnyan_ceramics,02_ornek,05_kosiv_ceramics,0,train,srcgrp_b30951e6e0850d05,src_global_opn_roundmark_catalog,cup_or_mug,clear,three_view_cls_logit_ensemble__c100__source0p5,fixed_base_plus_three_motif_heads__equal_centered_logits,fixed_three_descriptor_consensus,10.0,True,0.9946275036774721,0.0036027072372701702,0.00022340314769372707,0.00018496114410919344,0.001361424793454776
img_6cb591ecd70a8a1a,nested_outer_oof_adaptive_base_fixed_consensus_v5,dataset_dev/01_opishnyan_ceramics/o275_1.jpg,01_opishnyan_ceramics,01_opishnyan_ceramics,True,0.9907166056881491,01_opishnyan_ceramics,03_bubnivka_ceramics,02_ornek,0,train,srcgrp_b30951e6e0850d05,src_global_opn_roundmark_catalog,figurine_or_sculpture,clear,three_view_cls_logit_ensemble__c100__source0p5,fixed_base_plus_three_motif_heads__equal_centered_logits,fixed_three_descriptor_consensus,10.0,True,0.9907166056881491,0.003139165490399361,0.005003949305627518,6.657453410003715e-05,0.001073704981723839
img_6c5d025af71a5b4a,nested_outer_oof_adaptive_base_fixed_consensus_v5,dataset_dev/01_opishnyan_ceramics/o275_2.jpg,01_opishnyan_ceramics,01_opishnyan_ceramics,True,0.9928512480546239,01_opishnyan_ceramics,03_bubnivka_ceramics,02_ornek,0,train,srcgrp_b30951e6e0850d05,src_global_opn_roundmark_catalog,figurine_or_sculpture,clear,three_view_cls_logit_ensemble__c100__source0p5,fixed_base_plus_three_motif_heads__equal_centered_logits,fixed_three_descriptor_consensus,10.0,True,0.9928512480546239,0.0016485326976930365,0.004726070885568336,0.0001599779045360412,0.0006141704575788098
img_70ace851c0eea7de,nested_outer_oof_adaptive_base_fixed_consensus_v5,dataset_dev/01_opishnyan_ceramics/o277_1.jpg,01_opishnyan_ceramics,01_opishnyan_ceramics,True,0.9866232856077575,01_opishnyan_ceramics,05_kosiv_ceramics,02_ornek,0,train,srcgrp_b30951e6e0850d05,src_global_opn_roundmark_catalog,vase_jug_or_vessel,clear,three_view_cls_logit_ensemble__c100__source0p5,fixed_base_plus_three_motif_heads__equal_centered_logits,fixed_three_descriptor_consensus,10.0,True,0.9866232856077575,0.0029946410437315762,0.0006141023866889806,0.0010679336168003622,0.008700037345021722
img_4501eafafbe8ace5,nested_outer_oof_adaptive_base_fixed_consensus_v5,dataset_dev/01_opishnyan_ceramics/o277_2.jpg,01_opishnyan_ceramics,01_opishnyan_ceramics,True,0.9744408622867172,01_opishnyan_ceramics,02_ornek,05_kosiv_ceramics,0,train,srcgrp_b30951e6e0850d05,src_global_opn_roundmark_catalog,vase_jug_or_vessel,clear,three_view_cls_logit_ensemble__c100__source0p5,fixed_base_plus_three_motif_heads__equal_centered_logits,fixed_three_descriptor_consensus,10.0,True,0.9744408622867172,0.012029468917467433,0.0014600243698425729,0.0010864547017513354,0.010983189724221446
img_e7fbbd29e7795674,nested_outer_oof_adaptive_base_fixed_consensus_v5,dataset_dev/01_opishnyan_ceramics/o278.jpg,01_opishnyan_ceramics,01_opishnyan_ceramics,True,0.9899872318470119,01_opishnyan_ceramics,02_ornek,03_bubnivka_ceramics,0,train,srcgrp_b30951e6e0850d05,src_global_opn_roundmark_catalog,plate_or_bowl,clear,three_view_cls_logit_ensemble__c100__source0p5,fixed_base_plus_three_motif_heads__equal_centered_logits,fixed_three_descriptor_consensus,10.0,True,0.9899872318470119,0.006166836117987983,0.002518314752491794,0.00022238645512067857,0.0011052308273874407
img_572c2f01a7795729,nested_outer_oof_adaptive_base_fixed_consensus_v5,dataset_dev/01_opishnyan_ceramics/o279.jpg,01_opishnyan_ceramics,01_opishnyan_ceramics,True,0.9759061035668967,01_opishnyan_ceramics,02_ornek,05_kosiv_ceramics,0,train,srcgrp_b30951e6e0850d05,src_global_opn_roundmark_catalog,plate_or_bowl,clear,three_view_cls_logit_ensemble__c100__source0p5,fixed_base_plus_three_motif_heads__equal_centered_logits,fixed_three_descriptor_consensus,10.0,True,0.9759061035668967,0.018752865887582886,0.002212996912110136,0.0001566203957842605,0.002971413237625902
img_c1b2a52932d538fe,nested_outer_oof_adaptive_base_fixed_consensus_v5,dataset_dev/01_opishnyan_ceramics/o281.jpg,01_opishnyan_ceramics,01_opishnyan_ceramics,True,0.8962454982455128,01_opishnyan_ceramics,03_bubnivka_ceramics,05_kosiv_ceramics,0,train,srcgrp_b30951e6e0850d05,src_global_opn_roundmark_catalog,plate_or_bowl,clear,three_view_cls_logit_ensemble__c100__source0p5,fixed_base_plus_three_motif_heads__equal_centered_logits,fixed_three_descriptor_consensus,10.0,True,0.8962454982455128,0.008946504778836961,0.06989599794603166,0.01213994711247404,0.012772051917144278
img_4b4819eb3477e515,nested_outer_oof_adaptive_base_fixed_consensus_v5,dataset_dev/01_opishnyan_ceramics/o282_1.jpg,01_opishnyan_ceramics,01_opishnyan_ceramics,True,0.8233416655265559,01_opishnyan_ceramics,02_ornek,05_kosiv_ceramics,0,train,srcgrp_b30951e6e0850d05,src_global_opn_roundmark_catalog,other,clear,three_view_cls_logit_ensemble__c100__source0p5,fixed_base_plus_three_motif_heads__equal_centered_logits,fixed_three_descriptor_consensus,10.0,True,0.8233416655265559,0.08994138776457815,0.002026669724329166,0.002815480774264358,0.08187479621027254
img_1bda9aa0c6417235,nested_outer_oof_adaptive_base_fixed_consensus_v5,dataset_dev/01_opishnyan_ceramics/o282_2.jpg,01_opishnyan_ceramics,01_opishnyan_ceramics,True,0.905704697068689,01_opishnyan_ceramics,05_kosiv_ceramics,02_ornek,0,train,srcgrp_b30951e6e0850d05,src_global_opn_roundmark_catalog,other,clear,three_view_cls_logit_ensemble__c100__source0p5,fixed_base_plus_three_motif_heads__equal_centered_logits,fixed_three_descriptor_consensus,10.0,True,0.905704697068689,0.038642816053664514,0.001589780092516594,0.0023149074085817385,0.051747799376548054
img_aa242586187f5fbe,nested_outer_oof_adaptive_base_fixed_consensus_v5,dataset_dev/01_opishnyan_ceramics/o285.jpeg,01_opishnyan_ceramics,01_opishnyan_ceramics,True,0.5884231812001826,01_opishnyan_ceramics,02_ornek,05_kosiv_ceramics,0,train,srcgrp_b30951e6e0850d05,src_global_opn_roundmark_catalog,other,clear,three_view_cls_logit_ensemble__c100__source0p5,fixed_base_plus_three_motif_heads__equal_centered_logits,fixed_three_descriptor_consensus,10.0,True,0.5884231812001826,0.3616917279081779,0.004270315457103214,0.014316300594788499,0.031298474839747854
img_31e421669e3f6a58,nested_outer_oof_adaptive_base_fixed_consensus_v5,dataset_dev/01_opishnyan_ceramics/o287_1.jpg,01_opishnyan_ceramics,01_opishnyan_ceramics,True,0.9908902249062316,01_opishnyan_ceramics,03_bubnivka_ceramics,05_kosiv_ceramics,0,train,srcgrp_b30951e6e0850d05,src_global_opn_roundmark_catalog,figurine_or_sculpture,clear,three_view_cls_logit_ensemble__c100__source0p5,fixed_base_plus_three_motif_heads__equal_centered_logits,fixed_three_descriptor_consensus,10.0,True,0.9908902249062316,0.0002129490024759369,0.006202618819302432,0.00015127117634999501,0.0025429360956401204
img_40c84d6d2bdeeb14,nested_outer_oof_adaptive_base_fixed_consensus_v5,dataset_dev/01_opishnyan_ceramics/o287_2.jpg,01_opishnyan_ceramics,01_opishnyan_ceramics,True,0.9912881493240352,01_opishnyan_ceramics,05_kosiv_ceramics,03_bubnivka_ceramics,0,train,srcgrp_b30951e6e0850d05,src_global_opn_roundmark_catalog,figurine_or_sculpture,clear,three_view_cls_logit_ensemble__c100__source0p5,fixed_base_plus_three_motif_heads__equal_centered_logits,fixed_three_descriptor_consensus,10.0,True,0.9912881493240352,0.0011189657962970092,0.0029711711940403067,0.00012150310816135305,0.004500210577466024
img_e132ab402eaccd43,nested_outer_oof_adaptive_base_fixed_consensus_v5,dataset_dev/01_opishnyan_ceramics/o287_3.jpg,01_opishnyan_ceramics,01_opishnyan_ceramics,True,0.9847898935158375,01_opishnyan_ceramics,03_bubnivka_ceramics,05_kosiv_ceramics,0,train,srcgrp_b30951e6e0850d05,src_global_opn_roundmark_catalog,figurine_or_sculpture,clear,three_view_cls_logit_ensemble__c100__source0p5,fixed_base_plus_three_motif_heads__equal_centered_logits,fixed_three_descriptor_consensus,10.0,True,0.9847898935158375,0.00041276187334551536,0.00979566809331409,0.00023278062772163057,0.004768895889781555
img_f542281929b8c4b2,nested_outer_oof_adaptive_base_fixed_consensus_v5,dataset_dev/01_opishnyan_ceramics/o288_1.jpg,01_opishnyan_ceramics,01_opishnyan_ceramics,True,0.9919344800782562,01_opishnyan_ceramics,05_kosiv_ceramics,03_bubnivka_ceramics,0,train,srcgrp_b30951e6e0850d05,src_global_opn_roundmark_catalog,figurine_or_sculpture,clear,three_view_cls_logit_ensemble__c100__source0p5,fixed_base_plus_three_motif_heads__equal_centered_logits,fixed_three_descriptor_consensus,10.0,True,0.9919344800782562,0.00039912396452358376,0.0033180846164179503,0.0003010754422275473,0.0040472358985748505
img_0be04087eef43e7c,nested_outer_oof_adaptive_base_fixed_consensus_v5,dataset_dev/01_opishnyan_ceramics/o288_2.jpg,01_opishnyan_ceramics,01_opishnyan_ceramics,True,0.9698172306369989,01_opishnyan_ceramics,05_kosiv_ceramics,03_bubnivka_ceramics,0,train,srcgrp_b30951e6e0850d05,src_global_opn_roundmark_catalog,figurine_or_sculpture,clear,three_view_cls_logit_ensemble__c100__source0p5,fixed_base_plus_three_motif_heads__equal_centered_logits,fixed_three_descriptor_consensus,10.0,True,0.9698172306369989,0.0007864479988718573,0.0008659450774677258,0.0005544173331408147,0.02797595895352084
img_d899a331cd4090b7,nested_outer_oof_adaptive_base_fixed_consensus_v5,dataset_dev/01_opishnyan_ceramics/o288_3.jpg,01_opishnyan_ceramics,01_opishnyan_ceramics,True,0.9913129143620809,01_opishnyan_ceramics,05_kosiv_ceramics,03_bubnivka_ceramics,0,train,srcgrp_b30951e6e0850d05,src_global_opn_roundmark_catalog,figurine_or_sculpture,clear,three_view_cls_logit_ensemble__c100__source0p5,fixed_base_plus_three_motif_heads__equal_centered_logits,fixed_three_descriptor_consensus,10.0,True,0.9913129143620809,0.0003527942047717957,0.0028246265328819545,0.0002723296170930332,0.005237335283172495
img_709522d78bd07f33,nested_outer_oof_adaptive_base_fixed_consensus_v5,dataset_dev/01_opishnyan_ceramics/o288_4.jpg,01_opishnyan_ceramics,01_opishnyan_ceramics,True,0.9845963940727099,01_opishnyan_ceramics,05_kosiv_ceramics,02_ornek,0,train,srcgrp_b30951e6e0850d05,src_global_opn_roundmark_catalog,figurine_or_sculpture,clear,three_view_cls_logit_ensemble__c100__source0p5,fixed_base_plus_three_motif_heads__equal_centered_logits,fixed_three_descriptor_consensus,10.0,True,0.9845963940727099,0.001333213898387117,0.0013196328239335935,0.0007960936739543096,0.01195466553101487
img_1ca800c5dd944f9c,nested_outer_oof_adaptive_base_fixed_consensus_v5,dataset_dev/01_opishnyan_ceramics/o288_5.jpg,01_opishnyan_ceramics,01_opishnyan_ceramics,True,0.9767925904279992,01_opishnyan_ceramics,05_kosiv_ceramics,03_bubnivka_ceramics,0,train,srcgrp_b30951e6e0850d05,src_global_opn_roundmark_catalog,figurine_or_sculpture,clear,three_view_cls_logit_ensemble__c100__source0p5,fixed_base_plus_three_motif_heads__equal_centered_logits,fixed_three_descriptor_consensus,10.0,True,0.9767925904279992,0.0005221747701042107,0.003050773166288841,0.00030879488063789316,0.019325666754969686
img_e831a02d41831a36,nested_outer_oof_adaptive_base_fixed_consensus_v5,dataset_dev/01_opishnyan_ceramics/o288_6.jpg,01_opishnyan_ceramics,01_opishnyan_ceramics,True,0.9892992601198292,01_opishnyan_ceramics,05_kosiv_ceramics,03_bubnivka_ceramics,0,train,srcgrp_b30951e6e0850d05,src_global_opn_roundmark_catalog,figurine_or_sculpture,clear,three_view_cls_logit_ensemble__c100__source0p5,fixed_base_plus_three_motif_heads__equal_centered_logits,fixed_three_descriptor_consensus,10.0,True,0.9892992601198292,5.9454042102799095e-05,0.000459302992025778,0.00022373317324880928,0.00995824967279321
img_b4304d10ee5692ca,nested_outer_oof_adaptive_base_fixed_consensus_v5,dataset_dev/01_opishnyan_ceramics/o288_7.jpg,01_opishnyan_ceramics,01_opishnyan_ceramics,True,0.9605203818228264,01_opishnyan_ceramics,05_kosiv_ceramics,03_bubnivka_ceramics,0,train,srcgrp_b30951e6e0850d05,src_global_opn_roundmark_catalog,figurine_or_sculpture,clear,three_view_cls_logit_ensemble__c100__source0p5,fixed_base_plus_three_motif_heads__equal_centered_logits,fixed_three_descriptor_consensus,10.0,True,0.9605203818228264,0.0010696447277201864,0.002118393830245074,0.0014483646506969346,0.03484321496851142
img_5936f11d50e9aac2,nested_outer_oof_adaptive_base_fixed_consensus_v5,dataset_dev/01_opishnyan_ceramics/o289_1.jpg,01_opishnyan_ceramics,01_opishnyan_ceramics,True,0.9940547814523488,01_opishnyan_ceramics,05_kosiv_ceramics,03_bubnivka_ceramics,0,train,srcgrp_b30951e6e0850d05,src_global_opn_roundmark_catalog,figurine_or_sculpture,clear,three_view_cls_logit_ensemble__c100__source0p5,fixed_base_plus_three_motif_heads__equal_centered_logits,fixed_three_descriptor_consensus,10.0,True,0.9940547814523488,0.0011710707923404122,0.0015216390074081214,0.0004968346717015841,0.0027556740762011162
img_ee4758e644bde976,nested_outer_oof_adaptive_base_fixed_consensus_v5,dataset_dev/01_opishnyan_ceramics/o289_3.jpg,01_opishnyan_ceramics,01_opishnyan_ceramics,True,0.9983626588192372,01_opishnyan_ceramics,03_bubnivka_ceramics,05_kosiv_ceramics,0,train,srcgrp_b30951e6e0850d05,src_global_opn_roundmark_catalog,figurine_or_sculpture,clear,three_view_cls_logit_ensemble__c100__source0p5,fixed_base_plus_three_motif_heads__equal_centered_logits,fixed_three_descriptor_consensus,10.0,True,0.9983626588192372,0.0004137048068184968,0.0005763350909037946,0.0001082897946099172,0.0005390114884307091
img_f03bd7d1ba3e578d,nested_outer_oof_adaptive_base_fixed_consensus_v5,dataset_dev/01_opishnyan_ceramics/o289_4.jpg,01_opishnyan_ceramics,01_opishnyan_ceramics,True,0.9977787961340214,01_opishnyan_ceramics,02_ornek,05_kosiv_ceramics,0,train,srcgrp_b30951e6e0850d05,src_global_opn_roundmark_catalog,figurine_or_sculpture,clear,three_view_cls_logit_ensemble__c100__source0p5,fixed_base_plus_three_motif_heads__equal_centered_logits,fixed_three_descriptor_consensus,10.0,True,0.9977787961340214,0.0007262053486418926,0.0006173462166308632,0.0001724354652076716,0.0007052168354981323
img_30123fdbed6354ef,nested_outer_oof_adaptive_base_fixed_consensus_v5,dataset_dev/01_opishnyan_ceramics/o289_5.jpg,01_opishnyan_ceramics,01_opishnyan_ceramics,True,0.9919126489184318,01_opishnyan_ceramics,02_ornek,05_kosiv_ceramics,0,train,srcgrp_b30951e6e0850d05,src_global_opn_roundmark_catalog,figurine_or_sculpture,clear,three_view_cls_logit_ensemble__c100__source0p5,fixed_base_plus_three_motif_heads__equal_centered_logits,fixed_three_descriptor_consensus,10.0,True,0.9919126489184318,0.0035328746130714704,0.0012696323422814214,0.00044710905406944614,0.0028377350721457226
img_eb9d16ea4f9cb241,nested_outer_oof_adaptive_base_fixed_consensus_v5,dataset_dev/01_opishnyan_ceramics/o290.jpg,01_opishnyan_ceramics,01_opishnyan_ceramics,True,0.9970622389105254,01_opishnyan_ceramics,02_ornek,05_kosiv_ceramics,0,train,srcgrp_b30951e6e0850d05,src_global_opn_roundmark_catalog,vase_jug_or_vessel,clear,three_view_cls_logit_ensemble__c100__source0p5,fixed_base_plus_three_motif_heads__equal_centered_logits,fixed_three_descriptor_consensus,10.0,True,0.9970622389105254,0.00142317487561281,0.0005557252514017203,0.0002097655963722178,0.0007490953660878727
img_0a15df43c98e6bd1,nested_outer_oof_adaptive_base_fixed_consensus_v5,dataset_dev/01_opishnyan_ceramics/o291.jpg,01_opishnyan_ceramics,01_opishnyan_ceramics,True,0.996937706916124,01_opishnyan_ceramics,05_kosiv_ceramics,02_ornek,0,train,srcgrp_b30951e6e0850d05,src_global_opn_roundmark_catalog,other,small,three_view_cls_logit_ensemble__c100__source0p5,fixed_base_plus_three_motif_heads__equal_centered_logits,fixed_three_descriptor_consensus,10.0,True,0.996937706916124,0.0008838747081612227,0.0003307688754295848,0.00018563908058819305,0.0016620104196970388
img_daca2b48c06b7ec7,nested_outer_oof_adaptive_base_fixed_consensus_v5,dataset_dev/01_opishnyan_ceramics/o291_2.jpg,01_opishnyan_ceramics,01_opishnyan_ceramics,True,0.9975112767098594,01_opishnyan_ceramics,05_kosiv_ceramics,03_bubnivka_ceramics,0,train,srcgrp_b30951e6e0850d05,src_global_opn_roundmark_catalog,other,small,three_view_cls_logit_ensemble__c100__source0p5,fixed_base_plus_three_motif_heads__equal_centered_logits,fixed_three_descriptor_consensus,10.0,True,0.9975112767098594,0.00048664373070997705,0.0006765466521797501,0.00018937752836603353,0.0011361553788849883
img_3a71e2a9eb06c963,nested_outer_oof_adaptive_base_fixed_consensus_v5,dataset_dev/01_opishnyan_ceramics/o293.jpg,01_opishnyan_ceramics,01_opishnyan_ceramics,True,0.9973838804901751,01_opishnyan_ceramics,02_ornek,05_kosiv_ceramics,0,train,srcgrp_b30951e6e0850d05,src_global_opn_roundmark_catalog,unreviewed,unreviewed,three_view_cls_logit_ensemble__c100__source0p5,fixed_base_plus_three_motif_heads__equal_centered_logits,fixed_three_descriptor_consensus,10.0,True,0.9973838804901751,0.0012514394624774333,0.00041146390037250674,4.541555583349225e-05,0.0009078005911415459
img_ab31ebe0c4fe0d31,nested_outer_oof_adaptive_base_fixed_consensus_v5,dataset_dev/01_opishnyan_ceramics/o294.jpg,01_opishnyan_ceramics,01_opishnyan_ceramics,True,0.997855231174031,01_opishnyan_ceramics,02_ornek,05_kosiv_ceramics,0,train,srcgrp_b30951e6e0850d05,src_global_opn_roundmark_catalog,vase_jug_or_vessel,clear,three_view_cls_logit_ensemble__c100__source0p5,fixed_base_plus_three_motif_heads__equal_centered_logits,fixed_three_descriptor_consensus,10.0,True,0.997855231174031,0.0011635242642729867,0.00029998331956865185,8.431153593866847e-05,0.000596949706188685
img_b348e210a79049cc,nested_outer_oof_adaptive_base_fixed_consensus_v5,dataset_dev/01_opishnyan_ceramics/o296_1.jpg,01_opishnyan_ceramics,01_opishnyan_ceramics,True,0.9770328293994689,01_opishnyan_ceramics,02_ornek,05_kosiv_ceramics,0,train,srcgrp_b30951e6e0850d05,src_global_opn_roundmark_catalog,vase_jug_or_vessel,clear,three_view_cls_logit_ensemble__c100__source0p5,fixed_base_plus_three_motif_heads__equal_centered_logits,fixed_three_descriptor_consensus,10.0,True,0.9770328293994689,0.02112563015942344,0.00020733275159888942,0.0005728980859977133,0.0010613096035111142
img_47392343e388ef86,nested_outer_oof_adaptive_base_fixed_consensus_v5,dataset_dev/01_opishnyan_ceramics/o296_2.jpg,01_opishnyan_ceramics,01_opishnyan_ceramics,True,0.9930763160358937,01_opishnyan_ceramics,02_ornek,05_kosiv_ceramics,0,train,srcgrp_b30951e6e0850d05,src_global_opn_roundmark_catalog,vase_jug_or_vessel,clear,three_view_cls_logit_ensemble__c100__source0p5,fixed_base_plus_three_motif_heads__equal_centered_logits,fixed_three_descriptor_consensus,10.0,True,0.9930763160358937,0.005738158100374489,0.0002703908432230058,0.00018744277131465758,0.0007276922491940341
img_50ec9888cac14aab,nested_outer_oof_adaptive_base_fixed_consensus_v5,dataset_dev/01_opishnyan_ceramics/o297.jpeg,01_opishnyan_ceramics,01_opishnyan_ceramics,True,0.9840177512597641,01_opishnyan_ceramics,02_ornek,05_kosiv_ceramics,0,train,srcgrp_b30951e6e0850d05,src_global_opn_roundmark_catalog,unreviewed,unreviewed,three_view_cls_logit_ensemble__c100__source0p5,fixed_base_plus_three_motif_heads__equal_centered_logits,fixed_three_descriptor_consensus,10.0,True,0.9840177512597641,0.010837781917806953,0.0013036195178342202,0.000526823436710957,0.003314023867883805
img_6b7a0e9ba0a4aee2,nested_outer_oof_adaptive_base_fixed_consensus_v5,dataset_dev/01_opishnyan_ceramics/o298.jpeg,01_opishnyan_ceramics,01_opishnyan_ceramics,True,0.9862329235522013,01_opishnyan_ceramics,05_kosiv_ceramics,03_bubnivka_ceramics,0,train,srcgrp_b30951e6e0850d05,src_global_opn_roundmark_catalog,unreviewed,unreviewed,three_view_cls_logit_ensemble__c100__source0p5,fixed_base_plus_three_motif_heads__equal_centered_logits,fixed_three_descriptor_consensus,10.0,True,0.9862329235522013,0.0015581800562498244,0.0020996180119102034,0.00013379748410716915,0.009975480895531429
img_9a0c0533930e168b,nested_outer_oof_adaptive_base_fixed_consensus_v5,dataset_dev/01_opishnyan_ceramics/o300.jpeg,01_opishnyan_ceramics,01_opishnyan_ceramics,True,0.9886156074107236,01_opishnyan_ceramics,02_ornek,03_bubnivka_ceramics,0,train,srcgrp_b30951e6e0850d05,src_global_opn_roundmark_catalog,unreviewed,unreviewed,three_view_cls_logit_ensemble__c100__source0p5,fixed_base_plus_three_motif_heads__equal_centered_logits,fixed_three_descriptor_consensus,10.0,True,0.9886156074107236,0.008306619768400081,0.001570919047540513,5.914913084916382e-05,0.0014477046424866409
img_314a681c3dad20b8,nested_outer_oof_adaptive_base_fixed_consensus_v5,dataset_dev/01_opishnyan_ceramics/o301.jpeg,01_opishnyan_ceramics,04_petrykivka_painting,False,0.28059809225673427,04_petrykivka_painting,01_opishnyan_ceramics,03_bubnivka_ceramics,0,train,srcgrp_b30951e6e0850d05,src_global_opn_roundmark_catalog,unreviewed,unreviewed,three_view_cls_logit_ensemble__c100__source0p5,fixed_base_plus_three_motif_heads__equal_centered_logits,fixed_three_descriptor_consensus,10.0,True,0.2459245244040909,0.19777043629267277,0.2207311513617889,0.28059809225673427,0.05497579568471324
img_f8f0dfe77fb006b5,nested_outer_oof_adaptive_base_fixed_consensus_v5,dataset_dev/01_opishnyan_ceramics/o302.jpeg,01_opishnyan_ceramics,01_opishnyan_ceramics,True,0.48131732963741797,01_opishnyan_ceramics,02_ornek,05_kosiv_ceramics,0,train,srcgrp_b30951e6e0850d05,src_global_opn_roundmark_catalog,unreviewed,unreviewed,three_view_cls_logit_ensemble__c100__source0p5,fixed_base_plus_three_motif_heads__equal_centered_logits,fixed_three_descriptor_consensus,10.0,True,0.48131732963741797,0.4374769859153394,0.022321995219171973,0.028783444236992282,0.03010024499107838
img_38eb396320760219,nested_outer_oof_adaptive_base_fixed_consensus_v5,dataset_dev/01_opishnyan_ceramics/o304.jpeg,01_opishnyan_ceramics,01_opishnyan_ceramics,True,0.6438242788589159,01_opishnyan_ceramics,02_ornek,04_petrykivka_painting,0,train,srcgrp_b30951e6e0850d05,src_global_opn_roundmark_catalog,unreviewed,unreviewed,three_view_cls_logit_ensemble__c100__source0p5,fixed_base_plus_three_motif_heads__equal_centered_logits,fixed_three_descriptor_consensus,10.0,True,0.6438242788589159,0.23679528379043452,0.020862346795947773,0.07348361287588136,0.02503447767882035
img_8aa892afda1b357d,nested_outer_oof_adaptive_base_fixed_consensus_v5,dataset_dev/01_opishnyan_ceramics/o305_1.jpg,01_opishnyan_ceramics,01_opishnyan_ceramics,True,0.9044235888478541,01_opishnyan_ceramics,05_kosiv_ceramics,02_ornek,0,train,srcgrp_b30951e6e0850d05,src_global_opn_roundmark_catalog,box_or_container,clear,three_view_cls_logit_ensemble__c100__source0p5,fixed_base_plus_three_motif_heads__equal_centered_logits,fixed_three_descriptor_consensus,10.0,True,0.9044235888478541,0.03093376519408183,0.012123625979755805,0.004828390419777113,0.04769062955853112
img_cd5089cc37f81ddf,nested_outer_oof_adaptive_base_fixed_consensus_v5,dataset_dev/01_opishnyan_ceramics/o305_2.jpg,01_opishnyan_ceramics,01_opishnyan_ceramics,True,0.9317964961962912,01_opishnyan_ceramics,05_kosiv_ceramics,02_ornek,0,train,srcgrp_b30951e6e0850d05,src_global_opn_roundmark_catalog,box_or_container,clear,three_view_cls_logit_ensemble__c100__source0p5,fixed_base_plus_three_motif_heads__equal_centered_logits,fixed_three_descriptor_consensus,10.0,True,0.9317964961962912,0.015089912647820357,0.005751904305120769,0.0049764023018986185,0.042385284548869015
img_9a06dc174b02c1bf,nested_outer_oof_adaptive_base_fixed_consensus_v5,dataset_dev/01_opishnyan_ceramics/o305_3.jpg,01_opishnyan_ceramics,01_opishnyan_ceramics,True,0.99565483129395,01_opishnyan_ceramics,05_kosiv_ceramics,03_bubnivka_ceramics,0,train,srcgrp_b30951e6e0850d05,src_global_opn_roundmark_catalog,box_or_container,clear,three_view_cls_logit_ensemble__c100__source0p5,fixed_base_plus_three_motif_heads__equal_centered_logits,fixed_three_descriptor_consensus,10.0,True,0.99565483129395,0.0005502800470825288,0.0006872462587817565,0.0004454501951426239,0.0026621922050428454
img_ad2f0b536922b793,nested_outer_oof_adaptive_base_fixed_consensus_v5,dataset_dev/01_opishnyan_ceramics/o306_1.jpg,01_opishnyan_ceramics,01_opishnyan_ceramics,True,0.9064908707525876,01_opishnyan_ceramics,05_kosiv_ceramics,03_bubnivka_ceramics,0,train,srcgrp_b30951e6e0850d05,src_global_opn_roundmark_catalog,box_or_container,clear,three_view_cls_logit_ensemble__c100__source0p5,fixed_base_plus_three_motif_heads__equal_centered_logits,fixed_three_descriptor_consensus,10.0,True,0.9064908707525876,0.017212000157034665,0.02493730467128396,0.0032494594205767845,0.0481103649985171
img_20f4288c86570678,nested_outer_oof_adaptive_base_fixed_consensus_v5,dataset_dev/01_opishnyan_ceramics/o306_2.jpg,01_opishnyan_ceramics,01_opishnyan_ceramics,True,0.8115177197775636,01_opishnyan_ceramics,05_kosiv_ceramics,03_bubnivka_ceramics,0,train,srcgrp_b30951e6e0850d05,src_global_opn_roundmark_catalog,box_or_container,clear,three_view_cls_logit_ensemble__c100__source0p5,fixed_base_plus_three_motif_heads__equal_centered_logits,fixed_three_descriptor_consensus,10.0,True,0.8115177197775636,0.04072931286581073,0.0425264122598766,0.008705992032179028,0.09652056306457034
img_a353587fd41ba094,nested_outer_oof_adaptive_base_fixed_consensus_v5,dataset_dev/01_opishnyan_ceramics/o306_3.jpg,01_opishnyan_ceramics,01_opishnyan_ceramics,True,0.987117331560848,01_opishnyan_ceramics,03_bubnivka_ceramics,05_kosiv_ceramics,0,train,srcgrp_b30951e6e0850d05,src_global_opn_roundmark_catalog,box_or_container,clear,three_view_cls_logit_ensemble__c100__source0p5,fixed_base_plus_three_motif_heads__equal_centered_logits,fixed_three_descriptor_consensus,10.0,True,0.987117331560848,0.0013650297105617932,0.005952640836011306,0.0007382510322106748,0.004826746860368231
img_c0432f28604ad8dd,nested_outer_oof_adaptive_base_fixed_consensus_v5,dataset_dev/01_opishnyan_ceramics/o307_1.jpg,01_opishnyan_ceramics,01_opishnyan_ceramics,True,0.9550763408007714,01_opishnyan_ceramics,05_kosiv_ceramics,02_ornek,0,train,srcgrp_b30951e6e0850d05,src_global_opn_roundmark_catalog,vase_jug_or_vessel,clear,three_view_cls_logit_ensemble__c100__source0p5,fixed_base_plus_three_motif_heads__equal_centered_logits,fixed_three_descriptor_consensus,10.0,True,0.9550763408007714,0.019494552295034086,0.001511546617338739,0.0033007430031887,0.020616817283667006
img_0ffb2074bf5da653,nested_outer_oof_adaptive_base_fixed_consensus_v5,dataset_dev/01_opishnyan_ceramics/o307_2.jpg,01_opishnyan_ceramics,02_ornek,False,0.5242818891417717,02_ornek,01_opishnyan_ceramics,05_kosiv_ceramics,0,train,srcgrp_b30951e6e0850d05,src_global_opn_roundmark_catalog,vase_jug_or_vessel,clear,three_view_cls_logit_ensemble__c100__source0p5,fixed_base_plus_three_motif_heads__equal_centered_logits,fixed_three_descriptor_consensus,10.0,True,0.3851629749141243,0.5242818891417717,0.010691117412964869,0.005459074131699782,0.07440494439943951
img_a08581a23ff2f19f,nested_outer_oof_adaptive_base_fixed_consensus_v5,dataset_dev/01_opishnyan_ceramics/o307_3.jpg,01_opishnyan_ceramics,01_opishnyan_ceramics,True,0.8631799069019939,01_opishnyan_ceramics,02_ornek,03_bubnivka_ceramics,0,train,srcgrp_b30951e6e0850d05,src_global_opn_roundmark_catalog,vase_jug_or_vessel,clear,three_view_cls_logit_ensemble__c100__source0p5,fixed_base_plus_three_motif_heads__equal_centered_logits,fixed_three_descriptor_consensus,10.0,True,0.8631799069019939,0.09340064039983201,0.022841961877429547,0.004997228527725249,0.015580262293019339
img_9f4215ca7e0de3c4,nested_outer_oof_adaptive_base_fixed_consensus_v5,dataset_dev/01_opishnyan_ceramics/o309_1.jpg,01_opishnyan_ceramics,01_opishnyan_ceramics,True,0.8899117872338667,01_opishnyan_ceramics,02_ornek,05_kosiv_ceramics,0,train,srcgrp_b30951e6e0850d05,src_global_opn_roundmark_catalog,vase_jug_or_vessel,clear,three_view_cls_logit_ensemble__c100__source0p5,fixed_base_plus_three_motif_heads__equal_centered_logits,fixed_three_descriptor_consensus,10.0,True,0.8899117872338667,0.07879314619203553,0.006909198826816751,0.002556315379169782,0.02182955236811142
img_80a623ff0df8dc73,nested_outer_oof_adaptive_base_fixed_consensus_v5,dataset_dev/01_opishnyan_ceramics/o309_2.jpg,01_opishnyan_ceramics,01_opishnyan_ceramics,True,0.9455717393219412,01_opishnyan_ceramics,02_ornek,05_kosiv_ceramics,0,train,srcgrp_b30951e6e0850d05,src_global_opn_roundmark_catalog,vase_jug_or_vessel,clear,three_view_cls_logit_ensemble__c100__source0p5,fixed_base_plus_three_motif_heads__equal_centered_logits,fixed_three_descriptor_consensus,10.0,True,0.9455717393219412,0.036398742079168614,0.004591785483703664,0.0011042660943583263,0.012333467020828286
img_35ee4fc7cced07a4,nested_outer_oof_adaptive_base_fixed_consensus_v5,dataset_dev/01_opishnyan_ceramics/o310_1.jpg,01_opishnyan_ceramics,01_opishnyan_ceramics,True,0.986066979934844,01_opishnyan_ceramics,02_ornek,05_kosiv_ceramics,0,train,srcgrp_b30951e6e0850d05,src_global_opn_roundmark_catalog,vase_jug_or_vessel,clear,three_view_cls_logit_ensemble__c100__source0p5,fixed_base_plus_three_motif_heads__equal_centered_logits,fixed_three_descriptor_consensus,10.0,True,0.986066979934844,0.007433204245332185,0.0011044979085341779,0.0005342835757987545,0.004861034335490854
img_2854c2b617caa23e,nested_outer_oof_adaptive_base_fixed_consensus_v5,dataset_dev/01_opishnyan_ceramics/o310_2.jpg,01_opishnyan_ceramics,01_opishnyan_ceramics,True,0.9977962792379335,01_opishnyan_ceramics,02_ornek,05_kosiv_ceramics,0,train,srcgrp_b30951e6e0850d05,src_global_opn_roundmark_catalog,vase_jug_or_vessel,clear,three_view_cls_logit_ensemble__c100__source0p5,fixed_base_plus_three_motif_heads__equal_centered_logits,fixed_three_descriptor_consensus,10.0,True,0.9977962792379335,0.0018330785693664773,0.00011311989400739331,3.025602554338237e-05,0.00022726627314939503
img_fab7c6ba4cfc65fe,nested_outer_oof_adaptive_base_fixed_consensus_v5,dataset_dev/01_opishnyan_ceramics/o311_1.jpg,01_opishnyan_ceramics,01_opishnyan_ceramics,True,0.9811582205636524,01_opishnyan_ceramics,02_ornek,05_kosiv_ceramics,0,train,srcgrp_b30951e6e0850d05,src_global_opn_roundmark_catalog,vase_jug_or_vessel,clear,three_view_cls_logit_ensemble__c100__source0p5,fixed_base_plus_three_motif_heads__equal_centered_logits,fixed_three_descriptor_consensus,10.0,True,0.9811582205636524,0.01618890351109956,0.0009285073129546957,0.0005811390153576438,0.0011432295969358195
img_83c576f625712640,nested_outer_oof_adaptive_base_fixed_consensus_v5,dataset_dev/01_opishnyan_ceramics/o311_2.jpg,01_opishnyan_ceramics,01_opishnyan_ceramics,True,0.9554056831005019,01_opishnyan_ceramics,02_ornek,05_kosiv_ceramics,0,train,srcgrp_b30951e6e0850d05,src_global_opn_roundmark_catalog,vase_jug_or_vessel,clear,three_view_cls_logit_ensemble__c100__source0p5,fixed_base_plus_three_motif_heads__equal_centered_logits,fixed_three_descriptor_consensus,10.0,True,0.9554056831005019,0.028575294575191906,0.0030902218243239236,0.0010614144832618525,0.011867386016720395
img_565148ab9811f6d8,nested_outer_oof_adaptive_base_fixed_consensus_v5,dataset_dev/01_opishnyan_ceramics/o313_1.jpg,01_opishnyan_ceramics,01_opishnyan_ceramics,True,0.9522020538079279,01_opishnyan_ceramics,02_ornek,03_bubnivka_ceramics,0,train,srcgrp_b30951e6e0850d05,src_global_opn_roundmark_catalog,plate_or_bowl,clear,three_view_cls_logit_ensemble__c100__source0p5,fixed_base_plus_three_motif_heads__equal_centered_logits,fixed_three_descriptor_consensus,10.0,True,0.9522020538079279,0.03970407265025021,0.004307049956419399,0.0017562259957061427,0.002030597589696481
img_c2318eaf44bf63c8,nested_outer_oof_adaptive_base_fixed_consensus_v5,dataset_dev/01_opishnyan_ceramics/o313_2.jpg,01_opishnyan_ceramics,01_opishnyan_ceramics,True,0.9838927890557116,01_opishnyan_ceramics,05_kosiv_ceramics,02_ornek,0,train,srcgrp_b30951e6e0850d05,src_global_opn_roundmark_catalog,plate_or_bowl,small,three_view_cls_logit_ensemble__c100__source0p5,fixed_base_plus_three_motif_heads__equal_centered_logits,fixed_three_descriptor_consensus,10.0,True,0.9838927890557116,0.0021250171973229456,0.001101036784719908,0.000634346192778976,0.01224681076946647
img_f41001fee9cdd02b,nested_outer_oof_adaptive_base_fixed_consensus_v5,dataset_dev/01_opishnyan_ceramics/o314_1.jpg,01_opishnyan_ceramics,01_opishnyan_ceramics,True,0.9961805499289461,01_opishnyan_ceramics,05_kosiv_ceramics,02_ornek,0,train,srcgrp_b30951e6e0850d05,src_global_opn_roundmark_catalog,box_or_container,clear,three_view_cls_logit_ensemble__c100__source0p5,fixed_base_plus_three_motif_heads__equal_centered_logits,fixed_three_descriptor_consensus,10.0,True,0.9961805499289461,0.001177008316117336,0.0009766480684774816,0.00031175435528561627,0.001354039331173343
img_d68d7bb3a9de6907,nested_outer_oof_adaptive_base_fixed_consensus_v5,dataset_dev/01_opishnyan_ceramics/o314_2.jpg,01_opishnyan_ceramics,01_opishnyan_ceramics,True,0.9667512142389589,01_opishnyan_ceramics,05_kosiv_ceramics,02_ornek,0,train,srcgrp_b30951e6e0850d05,src_global_opn_roundmark_catalog,box_or_container,clear,three_view_cls_logit_ensemble__c100__source0p5,fixed_base_plus_three_motif_heads__equal_centered_logits,fixed_three_descriptor_consensus,10.0,True,0.9667512142389589,0.013553686556110887,0.003879723705586398,0.00071211573414454,0.015103259765199403
img_4138ddd251940fe0,nested_outer_oof_adaptive_base_fixed_consensus_v5,dataset_dev/01_opishnyan_ceramics/o315_1.jpg,01_opishnyan_ceramics,01_opishnyan_ceramics,True,0.9322632384600417,01_opishnyan_ceramics,05_kosiv_ceramics,02_ornek,0,train,srcgrp_b30951e6e0850d05,src_global_opn_roundmark_catalog,box_or_container,clear,three_view_cls_logit_ensemble__c100__source0p5,fixed_base_plus_three_motif_heads__equal_centered_logits,fixed_three_descriptor_consensus,10.0,True,0.9322632384600417,0.010318190036261707,0.007572054148358846,0.002122861342131875,0.047723656013205946
img_1832eab2ee2f6890,nested_outer_oof_adaptive_base_fixed_consensus_v5,dataset_dev/01_opishnyan_ceramics/o315_2.jpg,01_opishnyan_ceramics,01_opishnyan_ceramics,True,0.9701697792613705,01_opishnyan_ceramics,05_kosiv_ceramics,02_ornek,0,train,srcgrp_b30951e6e0850d05,src_global_opn_roundmark_catalog,box_or_container,clear,three_view_cls_logit_ensemble__c100__source0p5,fixed_base_plus_three_motif_heads__equal_centered_logits,fixed_three_descriptor_consensus,10.0,True,0.9701697792613705,0.0058791248191845825,0.003078884429229985,0.0015108298761756602,0.019361381614039545
img_677eaa2cb3288f4e,nested_outer_oof_adaptive_base_fixed_consensus_v5,dataset_dev/01_opishnyan_ceramics/o316_1.jpeg,01_opishnyan_ceramics,01_opishnyan_ceramics,True,0.9804426375075602,01_opishnyan_ceramics,05_kosiv_ceramics,03_bubnivka_ceramics,0,train,srcgrp_b30951e6e0850d05,src_global_opn_roundmark_catalog,box_or_container,clear,three_view_cls_logit_ensemble__c100__source0p5,fixed_base_plus_three_motif_heads__equal_centered_logits,fixed_three_descriptor_consensus,10.0,True,0.9804426375075602,0.0026140194047432935,0.002800693873194767,0.002606190555388245,0.011536458659113442
img_4af5d3b94ef5f165,nested_outer_oof_adaptive_base_fixed_consensus_v5,dataset_dev/01_opishnyan_ceramics/o316_2.jpeg,01_opishnyan_ceramics,01_opishnyan_ceramics,True,0.8796924596373311,01_opishnyan_ceramics,05_kosiv_ceramics,02_ornek,0,train,srcgrp_b30951e6e0850d05,src_global_opn_roundmark_catalog,box_or_container,clear,three_view_cls_logit_ensemble__c100__source0p5,fixed_base_plus_three_motif_heads__equal_centered_logits,fixed_three_descriptor_consensus,10.0,True,0.8796924596373311,0.02562854646093886,0.014508705192044778,0.004334304390387342,0.07583598431929789
img_f65c2215486d520a,nested_outer_oof_adaptive_base_fixed_consensus_v5,dataset_dev/01_opishnyan_ceramics/o316_3.jpeg,01_opishnyan_ceramics,01_opishnyan_ceramics,True,0.9837498270982299,01_opishnyan_ceramics,05_kosiv_ceramics,03_bubnivka_ceramics,0,train,srcgrp_b30951e6e0850d05,src_global_opn_roundmark_catalog,box_or_container,clear,three_view_cls_logit_ensemble__c100__source0p5,fixed_base_plus_three_motif_heads__equal_centered_logits,fixed_three_descriptor_consensus,10.0,True,0.9837498270982299,0.0014695441832766715,0.0033151858111762915,0.0010120333004028533,0.010453409606914205
img_077a2c1326256b70,nested_outer_oof_adaptive_base_fixed_consensus_v5,dataset_dev/01_opishnyan_ceramics/o317_1.jpeg,01_opishnyan_ceramics,01_opishnyan_ceramics,True,0.9979234628349488,01_opishnyan_ceramics,03_bubnivka_ceramics,02_ornek,0,train,srcgrp_b30951e6e0850d05,src_global_opn_roundmark_catalog,box_or_container,clear,three_view_cls_logit_ensemble__c100__source0p5,fixed_base_plus_three_motif_heads__equal_centered_logits,fixed_three_descriptor_consensus,10.0,True,0.9979234628349488,0.0005028983844578307,0.0009849568350170893,0.000201663623683106,0.00038701832189310824
img_f630af4581e58bf2,nested_outer_oof_adaptive_base_fixed_consensus_v5,dataset_dev/01_opishnyan_ceramics/o317_2.jpeg,01_opishnyan_ceramics,01_opishnyan_ceramics,True,0.988796848868634,01_opishnyan_ceramics,03_bubnivka_ceramics,05_kosiv_ceramics,0,train,srcgrp_b30951e6e0850d05,src_global_opn_roundmark_catalog,box_or_container,clear,three_view_cls_logit_ensemble__c100__source0p5,fixed_base_plus_three_motif_heads__equal_centered_logits,fixed_three_descriptor_consensus,10.0,True,0.988796848868634,0.0012772609324883386,0.004977830855850278,0.001186109933850949,0.00376194940917633
img_2c6cbb40945726fc,nested_outer_oof_adaptive_base_fixed_consensus_v5,dataset_dev/01_opishnyan_ceramics/o318.jpeg,01_opishnyan_ceramics,01_opishnyan_ceramics,True,0.9640574549650911,01_opishnyan_ceramics,05_kosiv_ceramics,04_petrykivka_painting,0,train,srcgrp_b30951e6e0850d05,src_global_opn_roundmark_catalog,unreviewed,unreviewed,three_view_cls_logit_ensemble__c100__source0p5,fixed_base_plus_three_motif_heads__equal_centered_logits,fixed_three_descriptor_consensus,10.0,True,0.9640574549650911,0.002501309234907698,0.004063568446765834,0.00634109800605171,0.023036569347183834
img_0c210b69b82f1fd8,nested_outer_oof_adaptive_base_fixed_consensus_v5,dataset_dev/01_opishnyan_ceramics/o320_1.jpg,01_opishnyan_ceramics,01_opishnyan_ceramics,True,0.7803962694519053,01_opishnyan_ceramics,02_ornek,05_kosiv_ceramics,0,train,srcgrp_b30951e6e0850d05,src_global_opn_roundmark_catalog,box_or_container,clear,three_view_cls_logit_ensemble__c100__source0p5,fixed_base_plus_three_motif_heads__equal_centered_logits,fixed_three_descriptor_consensus,10.0,True,0.7803962694519053,0.20389266765321465,0.0040282638877854335,0.0019378763230755343,0.009744922684019214
img_614966b2cd9afe27,nested_outer_oof_adaptive_base_fixed_consensus_v5,dataset_dev/01_opishnyan_ceramics/o320_2.jpg,01_opishnyan_ceramics,01_opishnyan_ceramics,True,0.9382683771116939,01_opishnyan_ceramics,02_ornek,03_bubnivka_ceramics,0,train,srcgrp_b30951e6e0850d05,src_global_opn_roundmark_catalog,box_or_container,clear,three_view_cls_logit_ensemble__c100__source0p5,fixed_base_plus_three_motif_heads__equal_centered_logits,fixed_three_descriptor_consensus,10.0,True,0.9382683771116939,0.05261960250005365,0.006891979777974504,0.0011396513130985033,0.00108038929717936
img_e3fe3fcda804d096,nested_outer_oof_adaptive_base_fixed_consensus_v5,dataset_dev/01_opishnyan_ceramics/o322.jpg,01_opishnyan_ceramics,01_opishnyan_ceramics,True,0.956840442936903,01_opishnyan_ceramics,05_kosiv_ceramics,04_petrykivka_painting,0,train,srcgrp_b30951e6e0850d05,src_global_opn_roundmark_catalog,unreviewed,unreviewed,three_view_cls_logit_ensemble__c100__source0p5,fixed_base_plus_three_motif_heads__equal_centered_logits,fixed_three_descriptor_consensus,10.0,True,0.956840442936903,0.003054688880454849,0.00096306749928911,0.010283799340704806,0.028858001342648005
img_08e120dbada66fdc,nested_outer_oof_adaptive_base_fixed_consensus_v5,dataset_dev/01_opishnyan_ceramics/o324_1.jpg,01_opishnyan_ceramics,01_opishnyan_ceramics,True,0.9791661248188918,01_opishnyan_ceramics,05_kosiv_ceramics,03_bubnivka_ceramics,0,train,srcgrp_b30951e6e0850d05,src_global_opn_roundmark_catalog,plate_or_bowl,clear,three_view_cls_logit_ensemble__c100__source0p5,fixed_base_plus_three_motif_heads__equal_centered_logits,fixed_three_descriptor_consensus,10.0,True,0.9791661248188918,0.0031961710929273744,0.0035550488941421634,0.0006578782519616685,0.01342477694207729
img_8f1e7b19c76c5cb3,nested_outer_oof_adaptive_base_fixed_consensus_v5,dataset_dev/01_opishnyan_ceramics/o324_2.jpg,01_opishnyan_ceramics,01_opishnyan_ceramics,True,0.9683205699848491,01_opishnyan_ceramics,05_kosiv_ceramics,03_bubnivka_ceramics,0,train,srcgrp_b30951e6e0850d05,src_global_opn_roundmark_catalog,plate_or_bowl,clear,three_view_cls_logit_ensemble__c100__source0p5,fixed_base_plus_three_motif_heads__equal_centered_logits,fixed_three_descriptor_consensus,10.0,True,0.9683205699848491,0.005615519060149322,0.007871291805752603,0.0005988648396100759,0.017593754309638967
img_3e79062327dc866e,nested_outer_oof_adaptive_base_fixed_consensus_v5,dataset_dev/01_opishnyan_ceramics/o324_3.jpg,01_opishnyan_ceramics,01_opishnyan_ceramics,True,0.983803819244351,01_opishnyan_ceramics,03_bubnivka_ceramics,05_kosiv_ceramics,0,train,srcgrp_b30951e6e0850d05,src_global_opn_roundmark_catalog,plate_or_bowl,clear,three_view_cls_logit_ensemble__c100__source0p5,fixed_base_plus_three_motif_heads__equal_centered_logits,fixed_three_descriptor_consensus,10.0,True,0.983803819244351,0.0024338632309455818,0.007191342371373306,0.00033875935763262826,0.006232215795697318
img_cb6ba7acdad6258b,nested_outer_oof_adaptive_base_fixed_consensus_v5,dataset_dev/01_opishnyan_ceramics/o324_4.jpg,01_opishnyan_ceramics,01_opishnyan_ceramics,True,0.9673910856551271,01_opishnyan_ceramics,05_kosiv_ceramics,03_bubnivka_ceramics,0,train,srcgrp_b30951e6e0850d05,src_global_opn_roundmark_catalog,plate_or_bowl,clear,three_view_cls_logit_ensemble__c100__source0p5,fixed_base_plus_three_motif_heads__equal_centered_logits,fixed_three_descriptor_consensus,10.0,True,0.9673910856551271,0.007879995872069643,0.011510903943918372,0.0004850795563021741,0.012732934972582804
img_5e34c644a6d18511,nested_outer_oof_adaptive_base_fixed_consensus_v5,dataset_dev/01_opishnyan_ceramics/o325_1.jpeg,01_opishnyan_ceramics,01_opishnyan_ceramics,True,0.984045193347901,01_opishnyan_ceramics,02_ornek,05_kosiv_ceramics,0,train,srcgrp_b30951e6e0850d05,src_global_opn_roundmark_catalog,cup_or_mug,clear,three_view_cls_logit_ensemble__c100__source0p5,fixed_base_plus_three_motif_heads__equal_centered_logits,fixed_three_descriptor_consensus,10.0,True,0.984045193347901,0.006921961603386698,0.002470040704292605,0.000714252216554818,0.005848552127864967
img_0fcb49fb14f121b2,nested_outer_oof_adaptive_base_fixed_consensus_v5,dataset_dev/01_opishnyan_ceramics/o325_2.jpeg,01_opishnyan_ceramics,01_opishnyan_ceramics,True,0.9794341278599957,01_opishnyan_ceramics,02_ornek,03_bubnivka_ceramics,0,train,srcgrp_b30951e6e0850d05,src_global_opn_roundmark_catalog,cup_or_mug,clear,three_view_cls_logit_ensemble__c100__source0p5,fixed_base_plus_three_motif_heads__equal_centered_logits,fixed_three_descriptor_consensus,10.0,True,0.9794341278599957,0.010130857928261013,0.005542752451650761,0.0007458254391977845,0.004146436320894753
img_e3a01b7dc3e2ae25,nested_outer_oof_adaptive_base_fixed_consensus_v5,dataset_dev/01_opishnyan_ceramics/o325_3.jpeg,01_opishnyan_ceramics,01_opishnyan_ceramics,True,0.993476018878556,01_opishnyan_ceramics,03_bubnivka_ceramics,02_ornek,0,train,srcgrp_b30951e6e0850d05,src_global_opn_roundmark_catalog,cup_or_mug,clear,three_view_cls_logit_ensemble__c100__source0p5,fixed_base_plus_three_motif_heads__equal_centered_logits,fixed_three_descriptor_consensus,10.0,True,0.993476018878556,0.002354537830633271,0.003874178748319363,0.00018271077772555747,0.0001125537647658126
img_b40d7077a7e1b17e,nested_outer_oof_adaptive_base_fixed_consensus_v5,dataset_dev/01_opishnyan_ceramics/o326.jpg,01_opishnyan_ceramics,01_opishnyan_ceramics,True,0.9954030740974307,01_opishnyan_ceramics,02_ornek,05_kosiv_ceramics,0,train,srcgrp_b30951e6e0850d05,src_global_opn_roundmark_catalog,cup_or_mug,clear,three_view_cls_logit_ensemble__c100__source0p5,fixed_base_plus_three_motif_heads__equal_centered_logits,fixed_three_descriptor_consensus,10.0,True,0.9954030740974307,0.003457423348515261,7.451733826361271e-05,0.0002193430261469555,0.0008456421896435491
img_8b0729441c7ed0a4,nested_outer_oof_adaptive_base_fixed_consensus_v5,dataset_dev/01_opishnyan_ceramics/o327.jpg,01_opishnyan_ceramics,01_opishnyan_ceramics,True,0.9877978347098281,01_opishnyan_ceramics,02_ornek,05_kosiv_ceramics,0,train,srcgrp_b30951e6e0850d05,src_global_opn_roundmark_catalog,unreviewed,unreviewed,three_view_cls_logit_ensemble__c100__source0p5,fixed_base_plus_three_motif_heads__equal_centered_logits,fixed_three_descriptor_consensus,10.0,True,0.9877978347098281,0.009461620971691237,6.712876730194454e-05,0.0004470480618365137,0.0022263674893422086
img_53f678d9d61f5682,nested_outer_oof_adaptive_base_fixed_consensus_v5,dataset_dev/01_opishnyan_ceramics/o328_1.jpeg,01_opishnyan_ceramics,01_opishnyan_ceramics,True,0.9895137228231635,01_opishnyan_ceramics,02_ornek,03_bubnivka_ceramics,0,train,srcgrp_b30951e6e0850d05,src_global_opn_roundmark_catalog,box_or_container,clear,three_view_cls_logit_ensemble__c100__source0p5,fixed_base_plus_three_motif_heads__equal_centered_logits,fixed_three_descriptor_consensus,10.0,True,0.9895137228231635,0.0046685294172088875,0.0025892317160717934,0.0011717015901528535,0.0020568144534027135
img_315438724c75aa3f,nested_outer_oof_adaptive_base_fixed_consensus_v5,dataset_dev/01_opishnyan_ceramics/o328_2.jpeg,01_opishnyan_ceramics,01_opishnyan_ceramics,True,0.9406787592032229,01_opishnyan_ceramics,02_ornek,05_kosiv_ceramics,0,train,srcgrp_b30951e6e0850d05,src_global_opn_roundmark_catalog,box_or_container,clear,three_view_cls_logit_ensemble__c100__source0p5,fixed_base_plus_three_motif_heads__equal_centered_logits,fixed_three_descriptor_consensus,10.0,True,0.9406787592032229,0.04312756515358896,0.005504397894971296,0.000861715320816217,0.009827562427400358
img_e62d404032d49e1f,nested_outer_oof_adaptive_base_fixed_consensus_v5,dataset_dev/01_opishnyan_ceramics/o329_1.jpeg,01_opishnyan_ceramics,01_opishnyan_ceramics,True,0.9750823078792968,01_opishnyan_ceramics,03_bubnivka_ceramics,05_kosiv_ceramics,0,train,srcgrp_b30951e6e0850d05,src_global_opn_roundmark_catalog,box_or_container,clear,three_view_cls_logit_ensemble__c100__source0p5,fixed_base_plus_three_motif_heads__equal_centered_logits,fixed_three_descriptor_consensus,10.0,True,0.9750823078792968,0.0027152844033944707,0.017478156258555286,0.0005459581197406008,0.004178293339012943
img_e2d91c0c40f13953,nested_outer_oof_adaptive_base_fixed_consensus_v5,dataset_dev/01_opishnyan_ceramics/o329_2.jpeg,01_opishnyan_ceramics,01_opishnyan_ceramics,True,0.9356916212251144,01_opishnyan_ceramics,02_ornek,03_bubnivka_ceramics,0,train,srcgrp_b30951e6e0850d05,src_global_opn_roundmark_catalog,box_or_container,clear,three_view_cls_logit_ensemble__c100__source0p5,fixed_base_plus_three_motif_heads__equal_centered_logits,fixed_three_descriptor_consensus,10.0,True,0.9356916212251144,0.024669454196514007,0.023109021347308627,0.0019238062732583184,0.014606096957804883
img_2a0b3912d3767f56,nested_outer_oof_adaptive_base_fixed_consensus_v5,dataset_dev/01_opishnyan_ceramics/o331_1.jpeg,01_opishnyan_ceramics,01_opishnyan_ceramics,True,0.9607840447278277,01_opishnyan_ceramics,02_ornek,05_kosiv_ceramics,0,train,srcgrp_b30951e6e0850d05,src_global_opn_roundmark_catalog,box_or_container,clear,three_view_cls_logit_ensemble__c100__source0p5,fixed_base_plus_three_motif_heads__equal_centered_logits,fixed_three_descriptor_consensus,10.0,True,0.9607840447278277,0.016702985806351916,0.009509447122369749,0.0008257239395485901,0.012177798403902058
img_97a348c31caf8582,nested_outer_oof_adaptive_base_fixed_consensus_v5,dataset_dev/01_opishnyan_ceramics/o331_2.jpeg,01_opishnyan_ceramics,01_opishnyan_ceramics,True,0.8005381129569764,01_opishnyan_ceramics,02_ornek,05_kosiv_ceramics,0,train,srcgrp_b30951e6e0850d05,src_global_opn_roundmark_catalog,box_or_container,clear,three_view_cls_logit_ensemble__c100__source0p5,fixed_base_plus_three_motif_heads__equal_centered_logits,fixed_three_descriptor_consensus,10.0,True,0.8005381129569764,0.08485513363235132,0.04930280114911161,0.002506746793616708,0.06279720546794397
img_32a7f6a06ea40101,nested_outer_oof_adaptive_base_fixed_consensus_v5,dataset_dev/01_opishnyan_ceramics/o332_1.jpeg,01_opishnyan_ceramics,01_opishnyan_ceramics,True,0.9392037851623953,01_opishnyan_ceramics,03_bubnivka_ceramics,05_kosiv_ceramics,0,train,srcgrp_b30951e6e0850d05,src_global_opn_roundmark_catalog,box_or_container,clear,three_view_cls_logit_ensemble__c100__source0p5,fixed_base_plus_three_motif_heads__equal_centered_logits,fixed_three_descriptor_consensus,10.0,True,0.9392037851623953,0.0021413151924079593,0.04406610553246544,0.0002598389071037295,0.014328955205627323
img_05f20236656b6a2b,nested_outer_oof_adaptive_base_fixed_consensus_v5,dataset_dev/01_opishnyan_ceramics/o332_2.jpeg,01_opishnyan_ceramics,01_opishnyan_ceramics,True,0.8790976374962478,01_opishnyan_ceramics,05_kosiv_ceramics,03_bubnivka_ceramics,0,train,srcgrp_b30951e6e0850d05,src_global_opn_roundmark_catalog,box_or_container,clear,three_view_cls_logit_ensemble__c100__source0p5,fixed_base_plus_three_motif_heads__equal_centered_logits,fixed_three_descriptor_consensus,10.0,True,0.8790976374962478,0.015811304740406144,0.031486067765855885,0.0010248704599373517,0.07258011953755296
img_790386d594946b5a,nested_outer_oof_adaptive_base_fixed_consensus_v5,dataset_dev/01_opishnyan_ceramics/o333_1.jpeg,01_opishnyan_ceramics,01_opishnyan_ceramics,True,0.9766711859118516,01_opishnyan_ceramics,02_ornek,03_bubnivka_ceramics,0,train,srcgrp_b30951e6e0850d05,src_global_opn_roundmark_catalog,box_or_container,clear,three_view_cls_logit_ensemble__c100__source0p5,fixed_base_plus_three_motif_heads__equal_centered_logits,fixed_three_descriptor_consensus,10.0,True,0.9766711859118516,0.01195624965035536,0.008047935431296178,0.0003138366057366442,0.003010792400760105
img_7cd57aa849bbb3da,nested_outer_oof_adaptive_base_fixed_consensus_v5,dataset_dev/01_opishnyan_ceramics/o333_2.jpeg,01_opishnyan_ceramics,01_opishnyan_ceramics,True,0.8875968118924787,01_opishnyan_ceramics,02_ornek,03_bubnivka_ceramics,0,train,srcgrp_b30951e6e0850d05,src_global_opn_roundmark_catalog,box_or_container,clear,three_view_cls_logit_ensemble__c100__source0p5,fixed_base_plus_three_motif_heads__equal_centered_logits,fixed_three_descriptor_consensus,10.0,True,0.8875968118924787,0.08429689277776065,0.016562893636085894,0.0009360042768018569,0.010607397416872716
img_fca1d6ea80d23fa0,nested_outer_oof_adaptive_base_fixed_consensus_v5,dataset_dev/01_opishnyan_ceramics/o334_1.jpg,01_opishnyan_ceramics,01_opishnyan_ceramics,True,0.5331444739925623,01_opishnyan_ceramics,05_kosiv_ceramics,02_ornek,0,train,srcgrp_b30951e6e0850d05,src_global_opn_roundmark_catalog,vase_jug_or_vessel,clear,three_view_cls_logit_ensemble__c100__source0p5,fixed_base_plus_three_motif_heads__equal_centered_logits,fixed_three_descriptor_consensus,10.0,True,0.5331444739925623,0.08724768943301692,0.012507606450136615,0.007177680405203358,0.35992254971908083
img_8e3b178b67906f98,nested_outer_oof_adaptive_base_fixed_consensus_v5,dataset_dev/01_opishnyan_ceramics/o334_2.jpg,01_opishnyan_ceramics,01_opishnyan_ceramics,True,0.7218584152027696,01_opishnyan_ceramics,05_kosiv_ceramics,02_ornek,0,train,srcgrp_b30951e6e0850d05,src_global_opn_roundmark_catalog,vase_jug_or_vessel,clear,three_view_cls_logit_ensemble__c100__source0p5,fixed_base_plus_three_motif_heads__equal_centered_logits,fixed_three_descriptor_consensus,10.0,True,0.7218584152027696,0.11570026135345565,0.0025228173731771794,0.004888545109153148,0.15502996096144436
img_7e73f14dc8971bfb,nested_outer_oof_adaptive_base_fixed_consensus_v5,dataset_dev/01_opishnyan_ceramics/o335_1.jpg,01_opishnyan_ceramics,01_opishnyan_ceramics,True,0.9936093980577213,01_opishnyan_ceramics,02_ornek,03_bubnivka_ceramics,0,train,srcgrp_b30951e6e0850d05,src_global_opn_roundmark_catalog,vase_jug_or_vessel,clear,three_view_cls_logit_ensemble__c100__source0p5,fixed_base_plus_three_motif_heads__equal_centered_logits,fixed_three_descriptor_consensus,10.0,True,0.9936093980577213,0.003694475907044395,0.0012944753616892777,0.0004283759210992286,0.0009732747524456451
img_a3e70b0efa051ed1,nested_outer_oof_adaptive_base_fixed_consensus_v5,dataset_dev/01_opishnyan_ceramics/o335_2.jpg,01_opishnyan_ceramics,01_opishnyan_ceramics,True,0.9815122458617453,01_opishnyan_ceramics,02_ornek,05_kosiv_ceramics,0,train,srcgrp_b30951e6e0850d05,src_global_opn_roundmark_catalog,vase_jug_or_vessel,clear,three_view_cls_logit_ensemble__c100__source0p5,fixed_base_plus_three_motif_heads__equal_centered_logits,fixed_three_descriptor_consensus,10.0,True,0.9815122458617453,0.009761371932885444,0.0026918941010516504,0.002316497865935246,0.0037179902383822814
img_b1c9e3efc02d1fda,nested_outer_oof_adaptive_base_fixed_consensus_v5,dataset_dev/01_opishnyan_ceramics/o335_3.jpg,01_opishnyan_ceramics,01_opishnyan_ceramics,True,0.9172763046603274,01_opishnyan_ceramics,03_bubnivka_ceramics,02_ornek,0,train,srcgrp_b30951e6e0850d05,src_global_opn_roundmark_catalog,vase_jug_or_vessel,clear,three_view_cls_logit_ensemble__c100__source0p5,fixed_base_plus_three_motif_heads__equal_centered_logits,fixed_three_descriptor_consensus,10.0,True,0.9172763046603274,0.012884919853873744,0.06549725366535214,0.0012474705158253248,0.003094051304621243
img_ce66ac894919a50f,nested_outer_oof_adaptive_base_fixed_consensus_v5,dataset_dev/01_opishnyan_ceramics/o338_1.jpg,01_opishnyan_ceramics,01_opishnyan_ceramics,True,0.9391098218122484,01_opishnyan_ceramics,02_ornek,05_kosiv_ceramics,0,train,srcgrp_b30951e6e0850d05,src_global_opn_roundmark_catalog,vase_jug_or_vessel,clear,three_view_cls_logit_ensemble__c100__source0p5,fixed_base_plus_three_motif_heads__equal_centered_logits,fixed_three_descriptor_consensus,10.0,True,0.9391098218122484,0.053887298517571604,0.001079496264916109,0.0016483307919447742,0.004275052613318739
img_443d3b32d2d20e34,nested_outer_oof_adaptive_base_fixed_consensus_v5,dataset_dev/01_opishnyan_ceramics/o338_2.jpg,01_opishnyan_ceramics,01_opishnyan_ceramics,True,0.9455810897180584,01_opishnyan_ceramics,02_ornek,05_kosiv_ceramics,0,train,srcgrp_b30951e6e0850d05,src_global_opn_roundmark_catalog,vase_jug_or_vessel,clear,three_view_cls_logit_ensemble__c100__source0p5,fixed_base_plus_three_motif_heads__equal_centered_logits,fixed_three_descriptor_consensus,10.0,True,0.9455810897180584,0.04673219762711783,0.0008523545681964007,0.0024423194304548797,0.004392038656172503
img_7a47efcf3f4baa30,nested_outer_oof_adaptive_base_fixed_consensus_v5,dataset_dev/01_opishnyan_ceramics/o338_3.jpg,01_opishnyan_ceramics,01_opishnyan_ceramics,True,0.9942634236094053,01_opishnyan_ceramics,02_ornek,05_kosiv_ceramics,0,train,srcgrp_b30951e6e0850d05,src_global_opn_roundmark_catalog,vase_jug_or_vessel,clear,three_view_cls_logit_ensemble__c100__source0p5,fixed_base_plus_three_motif_heads__equal_centered_logits,fixed_three_descriptor_consensus,10.0,True,0.9942634236094053,0.0030190397984621187,0.0008304207678920273,0.0007377351583407635,0.001149380665899749
img_f8ff5a7156b4ebfa,nested_outer_oof_adaptive_base_fixed_consensus_v5,dataset_dev/01_opishnyan_ceramics/o338_4.jpg,01_opishnyan_ceramics,01_opishnyan_ceramics,True,0.9808345674763844,01_opishnyan_ceramics,02_ornek,03_bubnivka_ceramics,0,train,srcgrp_b30951e6e0850d05,src_global_opn_roundmark_catalog,vase_jug_or_vessel,clear,three_view_cls_logit_ensemble__c100__source0p5,fixed_base_plus_three_motif_heads__equal_centered_logits,fixed_three_descriptor_consensus,10.0,True,0.9808345674763844,0.009740028818365528,0.005519335383956901,0.0015473459090547255,0.0023587224122383435
img_167353db1dfd711a,nested_outer_oof_adaptive_base_fixed_consensus_v5,dataset_dev/01_opishnyan_ceramics/o339_1.jpeg,01_opishnyan_ceramics,01_opishnyan_ceramics,True,0.9836709097987764,01_opishnyan_ceramics,05_kosiv_ceramics,02_ornek,0,train,srcgrp_b30951e6e0850d05,src_global_opn_roundmark_catalog,vase_jug_or_vessel,clear,three_view_cls_logit_ensemble__c100__source0p5,fixed_base_plus_three_motif_heads__equal_centered_logits,fixed_three_descriptor_consensus,10.0,True,0.9836709097987764,0.0056815444784392745,0.0013504762623142367,0.0009763858896472422,0.00832068357082301
img_a6b47b9dcf170bdb,nested_outer_oof_adaptive_base_fixed_consensus_v5,dataset_dev/01_opishnyan_ceramics/o339_2.jpeg,01_opishnyan_ceramics,01_opishnyan_ceramics,True,0.9231800669500756,01_opishnyan_ceramics,05_kosiv_ceramics,03_bubnivka_ceramics,0,train,srcgrp_b30951e6e0850d05,src_global_opn_roundmark_catalog,vase_jug_or_vessel,clear,three_view_cls_logit_ensemble__c100__source0p5,fixed_base_plus_three_motif_heads__equal_centered_logits,fixed_three_descriptor_consensus,10.0,True,0.9231800669500756,0.00875027662831144,0.02609135490130994,0.002468543027505062,0.039509758492797926
img_55bef1527e3da779,nested_outer_oof_adaptive_base_fixed_consensus_v5,dataset_dev/01_opishnyan_ceramics/o339_3.jpeg,01_opishnyan_ceramics,01_opishnyan_ceramics,True,0.9751742608749977,01_opishnyan_ceramics,05_kosiv_ceramics,02_ornek,0,train,srcgrp_b30951e6e0850d05,src_global_opn_roundmark_catalog,vase_jug_or_vessel,clear,three_view_cls_logit_ensemble__c100__source0p5,fixed_base_plus_three_motif_heads__equal_centered_logits,fixed_three_descriptor_consensus,10.0,True,0.9751742608749977,0.009620415883865373,0.0016460603846905008,0.0011156767787985538,0.012443586077647915
img_d5cd60cf5a4d78cb,nested_outer_oof_adaptive_base_fixed_consensus_v5,dataset_dev/01_opishnyan_ceramics/o340.jpg,01_opishnyan_ceramics,01_opishnyan_ceramics,True,0.9957959598457722,01_opishnyan_ceramics,02_ornek,04_petrykivka_painting,0,train,srcgrp_b30951e6e0850d05,src_global_opn_roundmark_catalog,unreviewed,unreviewed,three_view_cls_logit_ensemble__c100__source0p5,fixed_base_plus_three_motif_heads__equal_centered_logits,fixed_three_descriptor_consensus,10.0,True,0.9957959598457722,0.0023893133907171137,0.0004536929532934626,0.0011552143427348749,0.00020581946748230505
img_687dd299f91f92e1,nested_outer_oof_adaptive_base_fixed_consensus_v5,dataset_dev/01_opishnyan_ceramics/o341.jpg,01_opishnyan_ceramics,01_opishnyan_ceramics,True,0.9674783197651211,01_opishnyan_ceramics,02_ornek,04_petrykivka_painting,0,train,srcgrp_b30951e6e0850d05,src_global_opn_roundmark_catalog,plate_or_bowl,clear,three_view_cls_logit_ensemble__c100__source0p5,fixed_base_plus_three_motif_heads__equal_centered_logits,fixed_three_descriptor_consensus,10.0,True,0.9674783197651211,0.011387970956579981,0.006145705429541639,0.011181989735234004,0.00380601411352306
img_a0bfebe1febaa18c,nested_outer_oof_adaptive_base_fixed_consensus_v5,dataset_dev/01_opishnyan_ceramics/o343_1.jpeg,01_opishnyan_ceramics,01_opishnyan_ceramics,True,0.9451556323034338,01_opishnyan_ceramics,02_ornek,05_kosiv_ceramics,0,train,srcgrp_b30951e6e0850d05,src_global_opn_roundmark_catalog,cup_or_mug,clear,three_view_cls_logit_ensemble__c100__source0p5,fixed_base_plus_three_motif_heads__equal_centered_logits,fixed_three_descriptor_consensus,10.0,True,0.9451556323034338,0.04625022984085396,0.0009045471138788751,0.0007385423168114164,0.006951048425022004
img_5c99b427186b7fac,nested_outer_oof_adaptive_base_fixed_consensus_v5,dataset_dev/01_opishnyan_ceramics/o343_2.jpeg,01_opishnyan_ceramics,01_opishnyan_ceramics,True,0.9947762492229452,01_opishnyan_ceramics,02_ornek,05_kosiv_ceramics,0,train,srcgrp_b30951e6e0850d05,src_global_opn_roundmark_catalog,cup_or_mug,clear,three_view_cls_logit_ensemble__c100__source0p5,fixed_base_plus_three_motif_heads__equal_centered_logits,fixed_three_descriptor_consensus,10.0,True,0.9947762492229452,0.002677601218117789,0.0007372244508825539,0.00037806968893019526,0.0014308554191245126
img_263680a271f45ab6,nested_outer_oof_adaptive_base_fixed_consensus_v5,dataset_dev/01_opishnyan_ceramics/o344.jpeg,01_opishnyan_ceramics,01_opishnyan_ceramics,True,0.9950646284163615,01_opishnyan_ceramics,02_ornek,05_kosiv_ceramics,0,train,srcgrp_b30951e6e0850d05,src_global_opn_roundmark_catalog,unreviewed,unreviewed,three_view_cls_logit_ensemble__c100__source0p5,fixed_base_plus_three_motif_heads__equal_centered_logits,fixed_three_descriptor_consensus,10.0,True,0.9950646284163615,0.00424800054753673,0.00013481671125040894,8.136972943158848e-05,0.00047118459541976463
img_a0bd2f3d47df28bc,nested_outer_oof_adaptive_base_fixed_consensus_v5,dataset_dev/01_opishnyan_ceramics/o346.jpeg,01_opishnyan_ceramics,01_opishnyan_ceramics,True,0.9933361264433687,01_opishnyan_ceramics,02_ornek,05_kosiv_ceramics,0,train,srcgrp_b30951e6e0850d05,src_global_opn_roundmark_catalog,unreviewed,unreviewed,three_view_cls_logit_ensemble__c100__source0p5,fixed_base_plus_three_motif_heads__equal_centered_logits,fixed_three_descriptor_consensus,10.0,True,0.9933361264433687,0.005283412828813682,0.00015124751725062002,0.00024814731208052873,0.0009810658984862758
img_99359bac945a2097,nested_outer_oof_adaptive_base_fixed_consensus_v5,dataset_dev/01_opishnyan_ceramics/o347.jpg,01_opishnyan_ceramics,01_opishnyan_ceramics,True,0.9673356543756948,01_opishnyan_ceramics,02_ornek,03_bubnivka_ceramics,0,train,srcgrp_b30951e6e0850d05,src_global_opn_roundmark_catalog,unreviewed,unreviewed,three_view_cls_logit_ensemble__c100__source0p5,fixed_base_plus_three_motif_heads__equal_centered_logits,fixed_three_descriptor_consensus,10.0,True,0.9673356543756948,0.027827926581538025,0.00187904169587677,0.0012895069837217533,0.0016678703631687304
img_ae3d0934052191a8,nested_outer_oof_adaptive_base_fixed_consensus_v5,dataset_dev/01_opishnyan_ceramics/o348.jpg,01_opishnyan_ceramics,01_opishnyan_ceramics,True,0.9830067797146803,01_opishnyan_ceramics,02_ornek,03_bubnivka_ceramics,0,train,srcgrp_b30951e6e0850d05,src_global_opn_roundmark_catalog,unreviewed,unreviewed,three_view_cls_logit_ensemble__c100__source0p5,fixed_base_plus_three_motif_heads__equal_centered_logits,fixed_three_descriptor_consensus,10.0,True,0.9830067797146803,0.01660439146035976,0.00026218755252332135,2.3606204115587975e-05,0.00010303506832093125
img_80f19b72cbeb44b8,nested_outer_oof_adaptive_base_fixed_consensus_v5,dataset_dev/01_opishnyan_ceramics/o350.jpg,01_opishnyan_ceramics,01_opishnyan_ceramics,True,0.9795037015214445,01_opishnyan_ceramics,02_ornek,03_bubnivka_ceramics,0,train,srcgrp_b30951e6e0850d05,src_global_opn_roundmark_catalog,unreviewed,unreviewed,three_view_cls_logit_ensemble__c100__source0p5,fixed_base_plus_three_motif_heads__equal_centered_logits,fixed_three_descriptor_consensus,10.0,True,0.9795037015214445,0.019653409668409266,0.00048267815185655343,4.759287639807349e-05,0.00031261778189159575
img_27c93e1ae7c3947f,nested_outer_oof_adaptive_base_fixed_consensus_v5,dataset_dev/01_opishnyan_ceramics/o351.jpg,01_opishnyan_ceramics,01_opishnyan_ceramics,True,0.9751565708288787,01_opishnyan_ceramics,02_ornek,03_bubnivka_ceramics,0,train,srcgrp_b30951e6e0850d05,src_global_opn_roundmark_catalog,unreviewed,unreviewed,three_view_cls_logit_ensemble__c100__source0p5,fixed_base_plus_three_motif_heads__equal_centered_logits,fixed_three_descriptor_consensus,10.0,True,0.9751565708288787,0.013984417106224197,0.006018647614501582,0.0017603429945945617,0.0030800214558008724
img_b2d5dabab3b5ce24,nested_outer_oof_adaptive_base_fixed_consensus_v5,dataset_dev/01_opishnyan_ceramics/o354.jpg,01_opishnyan_ceramics,01_opishnyan_ceramics,True,0.9671835052007458,01_opishnyan_ceramics,02_ornek,05_kosiv_ceramics,0,train,srcgrp_b30951e6e0850d05,src_global_opn_roundmark_catalog,unreviewed,unreviewed,three_view_cls_logit_ensemble__c100__source0p5,fixed_base_plus_three_motif_heads__equal_centered_logits,fixed_three_descriptor_consensus,10.0,True,0.9671835052007458,0.011463102209834462,0.009083401797207232,0.002098530877557226,0.010171459914655347
img_48910c8c60c106b1,nested_outer_oof_adaptive_base_fixed_consensus_v5,dataset_dev/01_opishnyan_ceramics/o356.jpeg,01_opishnyan_ceramics,01_opishnyan_ceramics,True,0.48194384378532124,01_opishnyan_ceramics,05_kosiv_ceramics,04_petrykivka_painting,0,train,srcgrp_b30951e6e0850d05,src_global_opn_roundmark_catalog,unreviewed,unreviewed,three_view_cls_logit_ensemble__c100__source0p5,fixed_base_plus_three_motif_heads__equal_centered_logits,fixed_three_descriptor_consensus,10.0,True,0.48194384378532124,0.08768155319063912,0.014062275819047947,0.1870063352226389,0.22930599198235285
img_c1a10ea4766e4ce5,nested_outer_oof_adaptive_base_fixed_consensus_v5,dataset_dev/01_opishnyan_ceramics/o357.jpg,01_opishnyan_ceramics,01_opishnyan_ceramics,True,0.9710094596932005,01_opishnyan_ceramics,04_petrykivka_painting,02_ornek,0,train,srcgrp_b30951e6e0850d05,src_global_opn_roundmark_catalog,unreviewed,unreviewed,three_view_cls_logit_ensemble__c100__source0p5,fixed_base_plus_three_motif_heads__equal_centered_logits,fixed_three_descriptor_consensus,10.0,True,0.9710094596932005,0.008137392707193108,0.007137847979633314,0.009093250475799033,0.004622049144173983
img_1ed1ecb994848b59,nested_outer_oof_adaptive_base_fixed_consensus_v5,dataset_dev/01_opishnyan_ceramics/o359.jpg,01_opishnyan_ceramics,01_opishnyan_ceramics,True,0.9821885419475009,01_opishnyan_ceramics,02_ornek,03_bubnivka_ceramics,0,train,srcgrp_b30951e6e0850d05,src_global_opn_roundmark_catalog,unreviewed,unreviewed,three_view_cls_logit_ensemble__c100__source0p5,fixed_base_plus_three_motif_heads__equal_centered_logits,fixed_three_descriptor_consensus,10.0,True,0.9821885419475009,0.01039417151893823,0.0035883520154409735,0.0022109426350981586,0.001617991883021783
img_8d2701f4edef4fb2,nested_outer_oof_adaptive_base_fixed_consensus_v5,dataset_dev/01_opishnyan_ceramics/o361_1.jpg,01_opishnyan_ceramics,01_opishnyan_ceramics,True,0.9918861123593538,01_opishnyan_ceramics,02_ornek,03_bubnivka_ceramics,0,train,srcgrp_b30951e6e0850d05,src_global_opn_roundmark_catalog,cup_or_mug,clear,three_view_cls_logit_ensemble__c100__source0p5,fixed_base_plus_three_motif_heads__equal_centered_logits,fixed_three_descriptor_consensus,10.0,True,0.9918861123593538,0.0061343992262909985,0.0014828801805855769,0.00019155205929748153,0.0003050561744722495
img_615af16eb000a274,nested_outer_oof_adaptive_base_fixed_consensus_v5,dataset_dev/01_opishnyan_ceramics/o361_2.jpg,01_opishnyan_ceramics,01_opishnyan_ceramics,True,0.996220331076851,01_opishnyan_ceramics,03_bubnivka_ceramics,02_ornek,0,train,srcgrp_b30951e6e0850d05,src_global_opn_roundmark_catalog,cup_or_mug,clear,three_view_cls_logit_ensemble__c100__source0p5,fixed_base_plus_three_motif_heads__equal_centered_logits,fixed_three_descriptor_consensus,10.0,True,0.996220331076851,0.0009587632973447844,0.002657228189681594,6.675443269134526e-05,9.692300343144997e-05
img_8bd9151b5deddd16,nested_outer_oof_adaptive_base_fixed_consensus_v5,dataset_dev/01_opishnyan_ceramics/o363.png,01_opishnyan_ceramics,01_opishnyan_ceramics,True,0.9680501423496021,01_opishnyan_ceramics,02_ornek,04_petrykivka_painting,0,train,srcgrp_b30951e6e0850d05,src_global_opn_roundmark_catalog,unreviewed,unreviewed,three_view_cls_logit_ensemble__c100__source0p5,fixed_base_plus_three_motif_heads__equal_centered_logits,fixed_three_descriptor_consensus,10.0,True,0.9680501423496021,0.02900513736862954,0.0001486657970794227,0.001676791408385817,0.0011192630763032538
img_3d5a083a410bb93f,nested_outer_oof_adaptive_base_fixed_consensus_v5,dataset_dev/01_opishnyan_ceramics/o364_1.jpg,01_opishnyan_ceramics,01_opishnyan_ceramics,True,0.9799126638067871,01_opishnyan_ceramics,02_ornek,05_kosiv_ceramics,0,train,srcgrp_b30951e6e0850d05,src_global_opn_roundmark_catalog,cup_or_mug,clear,three_view_cls_logit_ensemble__c100__source0p5,fixed_base_plus_three_motif_heads__equal_centered_logits,fixed_three_descriptor_consensus,10.0,True,0.9799126638067871,0.018092789722382797,0.00034371599605365186,0.00017562673984256136,0.0014752037349339388
img_e19d78d4fc7d3ac9,nested_outer_oof_adaptive_base_fixed_consensus_v5,dataset_dev/01_opishnyan_ceramics/o364_2.jpg,01_opishnyan_ceramics,01_opishnyan_ceramics,True,0.9899956215410186,01_opishnyan_ceramics,02_ornek,05_kosiv_ceramics,0,train,srcgrp_b30951e6e0850d05,src_global_opn_roundmark_catalog,cup_or_mug,clear,three_view_cls_logit_ensemble__c100__source0p5,fixed_base_plus_three_motif_heads__equal_centered_logits,fixed_three_descriptor_consensus,10.0,True,0.9899956215410186,0.00782649246346219,0.0003765814188903263,0.00026078879605152995,0.0015405157805773067
img_21ca6d7a68406cca,nested_outer_oof_adaptive_base_fixed_consensus_v5,dataset_dev/01_opishnyan_ceramics/o366_1.jpg,01_opishnyan_ceramics,01_opishnyan_ceramics,True,0.9909323115287867,01_opishnyan_ceramics,02_ornek,03_bubnivka_ceramics,0,train,srcgrp_b30951e6e0850d05,src_global_opn_roundmark_catalog,cup_or_mug,clear,three_view_cls_logit_ensemble__c100__source0p5,fixed_base_plus_three_motif_heads__equal_centered_logits,fixed_three_descriptor_consensus,10.0,True,0.9909323115287867,0.0071173769724770025,0.00148298588408715,0.00013438476324275278,0.0003329408514064811
img_dff895e8b381565c,nested_outer_oof_adaptive_base_fixed_consensus_v5,dataset_dev/01_opishnyan_ceramics/o366_2.jpg,01_opishnyan_ceramics,01_opishnyan_ceramics,True,0.9974027119929411,01_opishnyan_ceramics,03_bubnivka_ceramics,02_ornek,0,train,srcgrp_b30951e6e0850d05,src_global_opn_roundmark_catalog,cup_or_mug,clear,three_view_cls_logit_ensemble__c100__source0p5,fixed_base_plus_three_motif_heads__equal_centered_logits,fixed_three_descriptor_consensus,10.0,True,0.9974027119929411,0.00026531597941695045,0.002235460826421986,7.309022048959611e-05,2.3420980730325522e-05
img_83e46fcfccac2ad7,nested_outer_oof_adaptive_base_fixed_consensus_v5,dataset_dev/01_opishnyan_ceramics/o367_1.jpg,01_opishnyan_ceramics,01_opishnyan_ceramics,True,0.9954899669598346,01_opishnyan_ceramics,03_bubnivka_ceramics,02_ornek,0,train,srcgrp_b30951e6e0850d05,src_global_opn_roundmark_catalog,cup_or_mug,clear,three_view_cls_logit_ensemble__c100__source0p5,fixed_base_plus_three_motif_heads__equal_centered_logits,fixed_three_descriptor_consensus,10.0,True,0.9954899669598346,0.00020280145147301046,0.004129300689986316,5.088176217558563e-05,0.0001270491365304326
img_be90b72e2adebfe6,nested_outer_oof_adaptive_base_fixed_consensus_v5,dataset_dev/01_opishnyan_ceramics/o367_2.jpg,01_opishnyan_ceramics,01_opishnyan_ceramics,True,0.9950153815991719,01_opishnyan_ceramics,03_bubnivka_ceramics,02_ornek,0,train,srcgrp_b30951e6e0850d05,src_global_opn_roundmark_catalog,cup_or_mug,clear,three_view_cls_logit_ensemble__c100__source0p5,fixed_base_plus_three_motif_heads__equal_centered_logits,fixed_three_descriptor_consensus,10.0,True,0.9950153815991719,0.001512599189917087,0.002699041759492057,6.774873729504517e-05,0.0007052287141238792
img_d9911c963744d26e,nested_outer_oof_adaptive_base_fixed_consensus_v5,dataset_dev/01_opishnyan_ceramics/o368_1.jpg,01_opishnyan_ceramics,01_opishnyan_ceramics,True,0.9902565476789924,01_opishnyan_ceramics,02_ornek,03_bubnivka_ceramics,0,train,srcgrp_b30951e6e0850d05,src_global_opn_roundmark_catalog,cup_or_mug,clear,three_view_cls_logit_ensemble__c100__source0p5,fixed_base_plus_three_motif_heads__equal_centered_logits,fixed_three_descriptor_consensus,10.0,True,0.9902565476789924,0.004706898754307946,0.004336608319377378,0.0002907530625045855,0.00040919218481765235
img_b900b1b12072cd15,nested_outer_oof_adaptive_base_fixed_consensus_v5,dataset_dev/01_opishnyan_ceramics/o368_2.jpg,01_opishnyan_ceramics,01_opishnyan_ceramics,True,0.9802194042858171,01_opishnyan_ceramics,03_bubnivka_ceramics,02_ornek,0,train,srcgrp_b30951e6e0850d05,src_global_opn_roundmark_catalog,cup_or_mug,clear,three_view_cls_logit_ensemble__c100__source0p5,fixed_base_plus_three_motif_heads__equal_centered_logits,fixed_three_descriptor_consensus,10.0,True,0.9802194042858171,0.008490390903627748,0.010029378324880912,0.00031610398719492344,0.0009447224984791026
img_f8226a72a14f37e4,nested_outer_oof_adaptive_base_fixed_consensus_v5,dataset_dev/01_opishnyan_ceramics/o370_1.jpg,01_opishnyan_ceramics,01_opishnyan_ceramics,True,0.9813203846500601,01_opishnyan_ceramics,05_kosiv_ceramics,02_ornek,0,train,srcgrp_b30951e6e0850d05,src_global_opn_roundmark_catalog,cup_or_mug,clear,three_view_cls_logit_ensemble__c100__source0p5,fixed_base_plus_three_motif_heads__equal_centered_logits,fixed_three_descriptor_consensus,10.0,True,0.9813203846500601,0.0024804278571245925,0.0012038111795319396,0.0013476147699688305,0.013647761543314438
img_af7a366bb7455028,nested_outer_oof_adaptive_base_fixed_consensus_v5,dataset_dev/01_opishnyan_ceramics/o370_2.jpg,01_opishnyan_ceramics,01_opishnyan_ceramics,True,0.9821664607452846,01_opishnyan_ceramics,05_kosiv_ceramics,02_ornek,0,train,srcgrp_b30951e6e0850d05,src_global_opn_roundmark_catalog,cup_or_mug,clear,three_view_cls_logit_ensemble__c100__source0p5,fixed_base_plus_three_motif_heads__equal_centered_logits,fixed_three_descriptor_consensus,10.0,True,0.9821664607452846,0.004117400230211789,0.0015481534930178943,0.00035423221483742016,0.011813753316648317
img_c91f0cc2cfb74ca9,nested_outer_oof_adaptive_base_fixed_consensus_v5,dataset_dev/01_opishnyan_ceramics/o372_1.jpg,01_opishnyan_ceramics,01_opishnyan_ceramics,True,0.9703026911095869,01_opishnyan_ceramics,05_kosiv_ceramics,02_ornek,0,train,srcgrp_b30951e6e0850d05,src_global_opn_roundmark_catalog,cup_or_mug,clear,three_view_cls_logit_ensemble__c100__source0p5,fixed_base_plus_three_motif_heads__equal_centered_logits,fixed_three_descriptor_consensus,10.0,True,0.9703026911095869,0.0021048988550163793,0.0008866361734174341,0.0012298697410957505,0.0254759041208836
img_11f38fd40ee8fe25,nested_outer_oof_adaptive_base_fixed_consensus_v5,dataset_dev/01_opishnyan_ceramics/o372_2.jpg,01_opishnyan_ceramics,01_opishnyan_ceramics,True,0.9513492294784667,01_opishnyan_ceramics,05_kosiv_ceramics,02_ornek,0,train,srcgrp_b30951e6e0850d05,src_global_opn_roundmark_catalog,cup_or_mug,clear,three_view_cls_logit_ensemble__c100__source0p5,fixed_base_plus_three_motif_heads__equal_centered_logits,fixed_three_descriptor_consensus,10.0,True,0.9513492294784667,0.0029617755712215833,0.0029444205769242476,0.0016024550284926074,0.04114211934489491
img_55c53c30cba8dc01,nested_outer_oof_adaptive_base_fixed_consensus_v5,dataset_dev/01_opishnyan_ceramics/o373_1.jpg,01_opishnyan_ceramics,01_opishnyan_ceramics,True,0.9985704358083448,01_opishnyan_ceramics,02_ornek,05_kosiv_ceramics,0,train,srcgrp_b30951e6e0850d05,src_global_opn_roundmark_catalog,cup_or_mug,clear,three_view_cls_logit_ensemble__c100__source0p5,fixed_base_plus_three_motif_heads__equal_centered_logits,fixed_three_descriptor_consensus,10.0,True,0.9985704358083448,0.0009305387209615994,0.00016384951162405983,0.00012008483270371009,0.00021509112636580575
img_93707dbebb89ab73,nested_outer_oof_adaptive_base_fixed_consensus_v5,dataset_dev/01_opishnyan_ceramics/o373_2.jpg,01_opishnyan_ceramics,01_opishnyan_ceramics,True,0.9696527169126496,01_opishnyan_ceramics,05_kosiv_ceramics,02_ornek,0,train,srcgrp_b30951e6e0850d05,src_global_opn_roundmark_catalog,cup_or_mug,clear,three_view_cls_logit_ensemble__c100__source0p5,fixed_base_plus_three_motif_heads__equal_centered_logits,fixed_three_descriptor_consensus,10.0,True,0.9696527169126496,0.012007630217382227,0.0027976561601732296,0.0015595506897401947,0.013982446020054655
img_67bfaf6e55a963f4,nested_outer_oof_adaptive_base_fixed_consensus_v5,dataset_dev/01_opishnyan_ceramics/o374_1.jpg,01_opishnyan_ceramics,01_opishnyan_ceramics,True,0.9953312200042462,01_opishnyan_ceramics,02_ornek,05_kosiv_ceramics,0,train,srcgrp_b30951e6e0850d05,src_global_opn_roundmark_catalog,cup_or_mug,clear,three_view_cls_logit_ensemble__c100__source0p5,fixed_base_plus_three_motif_heads__equal_centered_logits,fixed_three_descriptor_consensus,10.0,True,0.9953312200042462,0.0023577250980624256,0.0002153606556513538,0.00015904983033112273,0.0019366444117088109
img_eb2fce7549669d76,nested_outer_oof_adaptive_base_fixed_consensus_v5,dataset_dev/01_opishnyan_ceramics/o374_2.jpg,01_opishnyan_ceramics,01_opishnyan_ceramics,True,0.9969889261594826,01_opishnyan_ceramics,02_ornek,03_bubnivka_ceramics,0,train,srcgrp_b30951e6e0850d05,src_global_opn_roundmark_catalog,cup_or_mug,clear,three_view_cls_logit_ensemble__c100__source0p5,fixed_base_plus_three_motif_heads__equal_centered_logits,fixed_three_descriptor_consensus,10.0,True,0.9969889261594826,0.001013794020877136,0.0009095622573233493,0.00042332850379086704,0.0006643890585259384
img_2b9ab68e2321d4eb,nested_outer_oof_adaptive_base_fixed_consensus_v5,dataset_dev/01_opishnyan_ceramics/o375_2.jpg,01_opishnyan_ceramics,01_opishnyan_ceramics,True,0.9893573659354801,01_opishnyan_ceramics,05_kosiv_ceramics,03_bubnivka_ceramics,0,train,srcgrp_b30951e6e0850d05,src_global_opn_roundmark_catalog,cup_or_mug,clear,three_view_cls_logit_ensemble__c100__source0p5,fixed_base_plus_three_motif_heads__equal_centered_logits,fixed_three_descriptor_consensus,10.0,True,0.9893573659354801,0.002126613487718315,0.002342207577202343,0.0004685322854164661,0.0057052807141827625
img_75759a575b270237,nested_outer_oof_adaptive_base_fixed_consensus_v5,dataset_dev/01_opishnyan_ceramics/o376_1.jpg,01_opishnyan_ceramics,01_opishnyan_ceramics,True,0.955130175382325,01_opishnyan_ceramics,05_kosiv_ceramics,02_ornek,0,train,srcgrp_b30951e6e0850d05,src_global_opn_roundmark_catalog,cup_or_mug,clear,three_view_cls_logit_ensemble__c100__source0p5,fixed_base_plus_three_motif_heads__equal_centered_logits,fixed_three_descriptor_consensus,10.0,True,0.955130175382325,0.012485318699365026,0.00671038891140906,0.0007158386523497989,0.024958278354550827
img_a49cd2b6f6992399,nested_outer_oof_adaptive_base_fixed_consensus_v5,dataset_dev/01_opishnyan_ceramics/o376_2.jpg,01_opishnyan_ceramics,01_opishnyan_ceramics,True,0.9769801214860042,01_opishnyan_ceramics,05_kosiv_ceramics,03_bubnivka_ceramics,0,train,srcgrp_b30951e6e0850d05,src_global_opn_roundmark_catalog,cup_or_mug,clear,three_view_cls_logit_ensemble__c100__source0p5,fixed_base_plus_three_motif_heads__equal_centered_logits,fixed_three_descriptor_consensus,10.0,True,0.9769801214860042,0.005047708607274742,0.006237479948100199,0.000588965269566385,0.011145724689054573
img_9799c7b44a442e8b,nested_outer_oof_adaptive_base_fixed_consensus_v5,dataset_dev/01_opishnyan_ceramics/o376_3.jpg,01_opishnyan_ceramics,01_opishnyan_ceramics,True,0.9827560543761105,01_opishnyan_ceramics,05_kosiv_ceramics,02_ornek,0,train,srcgrp_b30951e6e0850d05,src_global_opn_roundmark_catalog,cup_or_mug,clear,three_view_cls_logit_ensemble__c100__source0p5,fixed_base_plus_three_motif_heads__equal_centered_logits,fixed_three_descriptor_consensus,10.0,True,0.9827560543761105,0.003000046661383566,0.0022081990654162814,0.0006229201692084923,0.011412779727881453
img_bbd236a1de7ff5f0,nested_outer_oof_adaptive_base_fixed_consensus_v5,dataset_dev/01_opishnyan_ceramics/o376_4.jpg,01_opishnyan_ceramics,01_opishnyan_ceramics,True,0.992485871396475,01_opishnyan_ceramics,05_kosiv_ceramics,03_bubnivka_ceramics,0,train,srcgrp_b30951e6e0850d05,src_global_opn_roundmark_catalog,cup_or_mug,clear,three_view_cls_logit_ensemble__c100__source0p5,fixed_base_plus_three_motif_heads__equal_centered_logits,fixed_three_descriptor_consensus,10.0,True,0.992485871396475,0.0008007079305492607,0.001164310606423845,0.0005813893558170727,0.004967720710734731
img_e0d78cc1dc305af8,nested_outer_oof_adaptive_base_fixed_consensus_v5,dataset_dev/01_opishnyan_ceramics/o376_5.jpg,01_opishnyan_ceramics,01_opishnyan_ceramics,True,0.985333361278325,01_opishnyan_ceramics,05_kosiv_ceramics,02_ornek,0,train,srcgrp_b30951e6e0850d05,src_global_opn_roundmark_catalog,plate_or_bowl,clear,three_view_cls_logit_ensemble__c100__source0p5,fixed_base_plus_three_motif_heads__equal_centered_logits,fixed_three_descriptor_consensus,10.0,True,0.985333361278325,0.00633523816444535,0.0006463139565903158,0.0009786892628931168,0.006706397337746283
img_16cd80834f899481,nested_outer_oof_adaptive_base_fixed_consensus_v5,dataset_dev/01_opishnyan_ceramics/o377_1.jpg,01_opishnyan_ceramics,01_opishnyan_ceramics,True,0.9873268157087157,01_opishnyan_ceramics,05_kosiv_ceramics,03_bubnivka_ceramics,0,train,srcgrp_b30951e6e0850d05,src_global_opn_roundmark_catalog,cup_or_mug,clear,three_view_cls_logit_ensemble__c100__source0p5,fixed_base_plus_three_motif_heads__equal_centered_logits,fixed_three_descriptor_consensus,10.0,True,0.9873268157087157,0.001557166643666155,0.0032894475626869014,9.461941156605708e-05,0.007731950673365187
img_0defb60f9d94bcce,nested_outer_oof_adaptive_base_fixed_consensus_v5,dataset_dev/01_opishnyan_ceramics/o377_2.jpg,01_opishnyan_ceramics,01_opishnyan_ceramics,True,0.9824448782483521,01_opishnyan_ceramics,03_bubnivka_ceramics,05_kosiv_ceramics,0,train,srcgrp_b30951e6e0850d05,src_global_opn_roundmark_catalog,cup_or_mug,clear,three_view_cls_logit_ensemble__c100__source0p5,fixed_base_plus_three_motif_heads__equal_centered_logits,fixed_three_descriptor_consensus,10.0,True,0.9824448782483521,0.002241698657806968,0.010665225292128521,0.0001638602882603825,0.004484337513452051
img_75f90ed598c0000c,nested_outer_oof_adaptive_base_fixed_consensus_v5,dataset_dev/01_opishnyan_ceramics/o378_1.jpg,01_opishnyan_ceramics,01_opishnyan_ceramics,True,0.9820893820731403,01_opishnyan_ceramics,03_bubnivka_ceramics,05_kosiv_ceramics,0,train,srcgrp_b30951e6e0850d05,src_global_opn_roundmark_catalog,cup_or_mug,clear,three_view_cls_logit_ensemble__c100__source0p5,fixed_base_plus_three_motif_heads__equal_centered_logits,fixed_three_descriptor_consensus,10.0,True,0.9820893820731403,0.0012395858769179149,0.009905435362285895,8.788902954019058e-05,0.006677707658115715
img_e115d071d69dceb4,nested_outer_oof_adaptive_base_fixed_consensus_v5,dataset_dev/01_opishnyan_ceramics/o378_2.jpg,01_opishnyan_ceramics,01_opishnyan_ceramics,True,0.9977918865283694,01_opishnyan_ceramics,03_bubnivka_ceramics,02_ornek,0,train,srcgrp_b30951e6e0850d05,src_global_opn_roundmark_catalog,cup_or_mug,clear,three_view_cls_logit_ensemble__c100__source0p5,fixed_base_plus_three_motif_heads__equal_centered_logits,fixed_three_descriptor_consensus,10.0,True,0.9977918865283694,0.0002693379481250918,0.0017219915036381763,2.2746735126609073e-05,0.00019403728474075955
img_fd4693a6cc75206d,nested_outer_oof_adaptive_base_fixed_consensus_v5,dataset_dev/01_opishnyan_ceramics/o380_1.jpg,01_opishnyan_ceramics,01_opishnyan_ceramics,True,0.9989278572598621,01_opishnyan_ceramics,03_bubnivka_ceramics,02_ornek,0,train,srcgrp_b30951e6e0850d05,src_global_opn_roundmark_catalog,figurine_or_sculpture,clear,three_view_cls_logit_ensemble__c100__source0p5,fixed_base_plus_three_motif_heads__equal_centered_logits,fixed_three_descriptor_consensus,10.0,True,0.9989278572598621,0.0003875645857386427,0.000500869874255097,0.00010996005130978212,7.37482288342653e-05
img_e377cd845bc8f23b,nested_outer_oof_adaptive_base_fixed_consensus_v5,dataset_dev/01_opishnyan_ceramics/o380_2.jpg,01_opishnyan_ceramics,01_opishnyan_ceramics,True,0.9990301033684182,01_opishnyan_ceramics,03_bubnivka_ceramics,04_petrykivka_painting,0,train,srcgrp_b30951e6e0850d05,src_global_opn_roundmark_catalog,figurine_or_sculpture,clear,three_view_cls_logit_ensemble__c100__source0p5,fixed_base_plus_three_motif_heads__equal_centered_logits,fixed_three_descriptor_consensus,10.0,True,0.9990301033684182,0.00011074910390627197,0.0005865734044841012,0.00023772740001013165,3.4846723181260195e-05
img_667d2e7447b2e402,nested_outer_oof_adaptive_base_fixed_consensus_v5,dataset_dev/01_opishnyan_ceramics/o381_1.jpg,01_opishnyan_ceramics,01_opishnyan_ceramics,True,0.9923140956140474,01_opishnyan_ceramics,03_bubnivka_ceramics,05_kosiv_ceramics,0,train,srcgrp_b30951e6e0850d05,src_global_opn_roundmark_catalog,figurine_or_sculpture,clear,three_view_cls_logit_ensemble__c100__source0p5,fixed_base_plus_three_motif_heads__equal_centered_logits,fixed_three_descriptor_consensus,10.0,True,0.9923140956140474,8.265106054058503e-05,0.005978934196706092,0.00027963922090438575,0.001344679907801635
img_e460b3015c946bc3,nested_outer_oof_adaptive_base_fixed_consensus_v5,dataset_dev/01_opishnyan_ceramics/o381_2.jpg,01_opishnyan_ceramics,01_opishnyan_ceramics,True,0.9689083084373966,01_opishnyan_ceramics,03_bubnivka_ceramics,05_kosiv_ceramics,0,train,srcgrp_b30951e6e0850d05,src_global_opn_roundmark_catalog,figurine_or_sculpture,clear,three_view_cls_logit_ensemble__c100__source0p5,fixed_base_plus_three_motif_heads__equal_centered_logits,fixed_three_descriptor_consensus,10.0,True,0.9689083084373966,0.0002146307451826586,0.022035577179564912,0.0005542549824388525,0.008287228655417186
img_cbce41440de0a309,nested_outer_oof_adaptive_base_fixed_consensus_v5,dataset_dev/01_opishnyan_ceramics/o381_3.jpg,01_opishnyan_ceramics,01_opishnyan_ceramics,True,0.977220977120708,01_opishnyan_ceramics,03_bubnivka_ceramics,05_kosiv_ceramics,0,train,srcgrp_b30951e6e0850d05,src_global_opn_roundmark_catalog,figurine_or_sculpture,clear,three_view_cls_logit_ensemble__c100__source0p5,fixed_base_plus_three_motif_heads__equal_centered_logits,fixed_three_descriptor_consensus,10.0,True,0.977220977120708,0.0002176680879151016,0.014191111089083087,0.0003873089942137122,0.007982934708079937
img_7f5a3ceccb0977e0,nested_outer_oof_adaptive_base_fixed_consensus_v5,dataset_dev/01_opishnyan_ceramics/o382_1.jpg,01_opishnyan_ceramics,01_opishnyan_ceramics,True,0.9979037740754626,01_opishnyan_ceramics,02_ornek,05_kosiv_ceramics,0,train,srcgrp_b30951e6e0850d05,src_global_opn_roundmark_catalog,figurine_or_sculpture,clear,three_view_cls_logit_ensemble__c100__source0p5,fixed_base_plus_three_motif_heads__equal_centered_logits,fixed_three_descriptor_consensus,10.0,True,0.9979037740754626,0.0013673942402596618,0.00026080168921908817,0.00010767454413880086,0.000360355450919707
img_ff3d5e30507ccdd3,nested_outer_oof_adaptive_base_fixed_consensus_v5,dataset_dev/01_opishnyan_ceramics/o382_2.jpg,01_opishnyan_ceramics,01_opishnyan_ceramics,True,0.9990441686883924,01_opishnyan_ceramics,02_ornek,05_kosiv_ceramics,0,train,srcgrp_b30951e6e0850d05,src_global_opn_roundmark_catalog,figurine_or_sculpture,clear,three_view_cls_logit_ensemble__c100__source0p5,fixed_base_plus_three_motif_heads__equal_centered_logits,fixed_three_descriptor_consensus,10.0,True,0.9990441686883924,0.0005989365604052013,0.00011624273748622364,9.017145369278641e-05,0.0001504805600231616
img_c994b5180889800d,nested_outer_oof_adaptive_base_fixed_consensus_v5,dataset_dev/01_opishnyan_ceramics/o382_3.jpg,01_opishnyan_ceramics,01_opishnyan_ceramics,True,0.9990930385024498,01_opishnyan_ceramics,02_ornek,03_bubnivka_ceramics,0,train,srcgrp_b30951e6e0850d05,src_global_opn_roundmark_catalog,figurine_or_sculpture,clear,three_view_cls_logit_ensemble__c100__source0p5,fixed_base_plus_three_motif_heads__equal_centered_logits,fixed_three_descriptor_consensus,10.0,True,0.9990930385024498,0.00039012843640653385,0.0002442808135452363,0.00011412673184451897,0.00015842551575381435
img_6fddc613fdeb9269,nested_outer_oof_adaptive_base_fixed_consensus_v5,dataset_dev/01_opishnyan_ceramics/o383_1.jpg,01_opishnyan_ceramics,01_opishnyan_ceramics,True,0.9737228485514166,01_opishnyan_ceramics,05_kosiv_ceramics,02_ornek,0,train,srcgrp_b30951e6e0850d05,src_global_opn_roundmark_catalog,vase_jug_or_vessel,clear,three_view_cls_logit_ensemble__c100__source0p5,fixed_base_plus_three_motif_heads__equal_centered_logits,fixed_three_descriptor_consensus,10.0,True,0.9737228485514166,0.010191238866865654,0.0021278532727358537,0.0015285926456458318,0.01242946666333612
img_0cdd398c23cc0673,nested_outer_oof_adaptive_base_fixed_consensus_v5,dataset_dev/01_opishnyan_ceramics/o383_2.jpg,01_opishnyan_ceramics,01_opishnyan_ceramics,True,0.9734812471172342,01_opishnyan_ceramics,05_kosiv_ceramics,02_ornek,0,train,srcgrp_b30951e6e0850d05,src_global_opn_roundmark_catalog,vase_jug_or_vessel,clear,three_view_cls_logit_ensemble__c100__source0p5,fixed_base_plus_three_motif_heads__equal_centered_logits,fixed_three_descriptor_consensus,10.0,True,0.9734812471172342,0.00602917250144935,0.0011655197302144807,0.0035866912535194116,0.015737369397582596
img_d264fd627ee86532,nested_outer_oof_adaptive_base_fixed_consensus_v5,dataset_test/01_opishnyan_ceramics/o063.jpg,01_opishnyan_ceramics,01_opishnyan_ceramics,True,0.811892740255738,01_opishnyan_ceramics,03_bubnivka_ceramics,05_kosiv_ceramics,4,train,obj_single_d264fd627ee86532,,unreviewed,unreviewed,global_cls__c10__source0p5,fixed_base_plus_three_motif_heads__equal_centered_logits,fixed_three_descriptor_consensus,10.0,True,0.811892740255738,0.007083798419838575,0.1614427512393119,0.003208187549090359,0.016372522536021165
img_061fe0488f99ea72,nested_outer_oof_adaptive_base_fixed_consensus_v5,dataset_test/01_opishnyan_ceramics/o064.jpg,01_opishnyan_ceramics,01_opishnyan_ceramics,True,0.5231550508887356,01_opishnyan_ceramics,03_bubnivka_ceramics,02_ornek,4,train,obj_single_061fe0488f99ea72,,unreviewed,unreviewed,global_cls__c10__source0p5,fixed_base_plus_three_motif_heads__equal_centered_logits,fixed_three_descriptor_consensus,10.0,True,0.5231550508887356,0.006950358985903688,0.4669668327368247,0.0013250106723682726,0.0016027467161678017
img_a0eda321a1f3bc6e,nested_outer_oof_adaptive_base_fixed_consensus_v5,dataset_test/01_opishnyan_ceramics/o068.jpeg,01_opishnyan_ceramics,01_opishnyan_ceramics,True,0.8155792764693284,01_opishnyan_ceramics,03_bubnivka_ceramics,02_ornek,1,train,obj_single_a0eda321a1f3bc6e,,unreviewed,unreviewed,global_cls__c10__source0p5,fixed_base_plus_three_motif_heads__equal_centered_logits,fixed_three_descriptor_consensus,10.0,True,0.8155792764693284,0.045258459232681604,0.11135359891921837,0.022514518017100325,0.005294147361671237
img_c1e6c88153f13fb6,nested_outer_oof_adaptive_base_fixed_consensus_v5,dataset_test/01_opishnyan_ceramics/o069.jpeg,01_opishnyan_ceramics,01_opishnyan_ceramics,True,0.9754042954654761,01_opishnyan_ceramics,05_kosiv_ceramics,03_bubnivka_ceramics,1,train,obj_single_c1e6c88153f13fb6,,unreviewed,unreviewed,global_cls__c10__source0p5,fixed_base_plus_three_motif_heads__equal_centered_logits,fixed_three_descriptor_consensus,10.0,True,0.9754042954654761,0.001432801876424159,0.004651722661270459,0.0009698423528188948,0.01754133764401043
img_8caef1f8888b9e34,nested_outer_oof_adaptive_base_fixed_consensus_v5,dataset_test/01_opishnyan_ceramics/o071.jpg,01_opishnyan_ceramics,03_bubnivka_ceramics,False,0.5276494292954592,03_bubnivka_ceramics,01_opishnyan_ceramics,04_petrykivka_painting,4,train,obj_single_8caef1f8888b9e34,,unreviewed,unreviewed,global_cls__c10__source0p5,fixed_base_plus_three_motif_heads__equal_centered_logits,fixed_three_descriptor_consensus,10.0,True,0.24385881589248784,0.06107436229879348,0.5276494292954592,0.15385146547834044,0.013565927034918913
img_9f99e3d62c5be863,nested_outer_oof_adaptive_base_fixed_consensus_v5,dataset_test/01_opishnyan_ceramics/o073.jpg,01_opishnyan_ceramics,03_bubnivka_ceramics,False,0.8874374243718445,03_bubnivka_ceramics,05_kosiv_ceramics,02_ornek,4,train,obj_single_9f99e3d62c5be863,,unreviewed,unreviewed,global_cls__c10__source0p5,fixed_base_plus_three_motif_heads__equal_centered_logits,fixed_three_descriptor_consensus,10.0,True,0.016661222678215726,0.022191283308413814,0.8874374243718445,0.008080642950601026,0.06562942669092496
img_028cc73cac919d86,nested_outer_oof_adaptive_base_fixed_consensus_v5,dataset_test/01_opishnyan_ceramics/o074.jpg,01_opishnyan_ceramics,01_opishnyan_ceramics,True,0.776980595434134,01_opishnyan_ceramics,02_ornek,03_bubnivka_ceramics,4,train,obj_single_028cc73cac919d86,,unreviewed,unreviewed,global_cls__c10__source0p5,fixed_base_plus_three_motif_heads__equal_centered_logits,fixed_three_descriptor_consensus,10.0,True,0.776980595434134,0.10724282003439986,0.06297216545191804,0.003225542082297111,0.04957887699725097
img_5f8af8acc3f92fdb,nested_outer_oof_adaptive_base_fixed_consensus_v5,dataset_test/01_opishnyan_ceramics/o075.jpg,01_opishnyan_ceramics,03_bubnivka_ceramics,False,0.7788561036773775,03_bubnivka_ceramics,02_ornek,01_opishnyan_ceramics,4,train,obj_single_5f8af8acc3f92fdb,,unreviewed,unreviewed,global_cls__c10__source0p5,fixed_base_plus_three_motif_heads__equal_centered_logits,fixed_three_descriptor_consensus,10.0,True,0.03847712922241928,0.171257284274329,0.7788561036773775,0.0026771706394806026,0.008732312186393587
img_014f671a94192289,nested_outer_oof_adaptive_base_fixed_consensus_v5,dataset_test/01_opishnyan_ceramics/o078.jpg,01_opishnyan_ceramics,01_opishnyan_ceramics,True,0.9347177552334025,01_opishnyan_ceramics,05_kosiv_ceramics,03_bubnivka_ceramics,4,train,src_manual_076,,figurine_or_sculpture,clear,global_cls__c10__source0p5,fixed_base_plus_three_motif_heads__equal_centered_logits,fixed_three_descriptor_consensus,10.0,True,0.9347177552334025,0.0014784997245798925,0.0069586569890587625,0.002114281121747845,0.05473080693121076
img_808d9e1809e6fdda,nested_outer_oof_adaptive_base_fixed_consensus_v5,dataset_test/01_opishnyan_ceramics/o081.jpg,01_opishnyan_ceramics,03_bubnivka_ceramics,False,0.8244559112031115,03_bubnivka_ceramics,01_opishnyan_ceramics,02_ornek,1,train,obj_single_808d9e1809e6fdda,,unreviewed,unreviewed,global_cls__c10__source0p5,fixed_base_plus_three_motif_heads__equal_centered_logits,fixed_three_descriptor_consensus,10.0,True,0.16608485288748295,0.006380474470333731,0.8244559112031115,0.0004900964875560719,0.0025886649515157157
img_524f04addec14305,nested_outer_oof_adaptive_base_fixed_consensus_v5,dataset_test/01_opishnyan_ceramics/o082.jpg,01_opishnyan_ceramics,01_opishnyan_ceramics,True,0.8096370385995947,01_opishnyan_ceramics,03_bubnivka_ceramics,02_ornek,4,train,obj_single_524f04addec14305,,unreviewed,unreviewed,global_cls__c10__source0p5,fixed_base_plus_three_motif_heads__equal_centered_logits,fixed_three_descriptor_consensus,10.0,True,0.8096370385995947,0.05267557581231537,0.11799715592216238,0.004628947827340807,0.015061281838586777
img_ebd722710dc86130,nested_outer_oof_adaptive_base_fixed_consensus_v5,dataset_test/01_opishnyan_ceramics/o083.jpg,01_opishnyan_ceramics,03_bubnivka_ceramics,False,0.6242960165087231,03_bubnivka_ceramics,04_petrykivka_painting,02_ornek,4,train,obj_single_ebd722710dc86130,,unreviewed,unreviewed,global_cls__c10__source0p5,fixed_base_plus_three_motif_heads__equal_centered_logits,fixed_three_descriptor_consensus,10.0,True,0.07163162770906928,0.09354003522412897,0.6242960165087231,0.19228073020496034,0.018251590353118227
img_296fc5933b2e9ad7,nested_outer_oof_adaptive_base_fixed_consensus_v5,dataset_test/01_opishnyan_ceramics/o084.jpg,01_opishnyan_ceramics,03_bubnivka_ceramics,False,0.834275338534759,03_bubnivka_ceramics,01_opishnyan_ceramics,05_kosiv_ceramics,4,train,obj_single_296fc5933b2e9ad7,,unreviewed,unreviewed,global_cls__c10__source0p5,fixed_base_plus_three_motif_heads__equal_centered_logits,fixed_three_descriptor_consensus,10.0,True,0.13113977576105507,0.012483089008549011,0.834275338534759,0.0039032165622060167,0.01819858013343108
img_8c89f52d4cd2d9e9,nested_outer_oof_adaptive_base_fixed_consensus_v5,dataset_test/01_opishnyan_ceramics/o085.jpg,01_opishnyan_ceramics,01_opishnyan_ceramics,True,0.8449114047420863,01_opishnyan_ceramics,03_bubnivka_ceramics,05_kosiv_ceramics,2,train,srcgrp_4816dd56c8688495,src_global_opn_museum_display_logo,unreviewed,unreviewed,three_view_cls_logit_ensemble__c100__source0p5,fixed_base_plus_three_motif_heads__equal_centered_logits,fixed_three_descriptor_consensus,10.0,True,0.8449114047420863,0.0022128567026817245,0.13727175991488402,0.0007472954468030324,0.014856683193544912
img_e3dc9280b439e054,nested_outer_oof_adaptive_base_fixed_consensus_v5,dataset_test/01_opishnyan_ceramics/o086.jpg,01_opishnyan_ceramics,01_opishnyan_ceramics,True,0.8347779030186199,01_opishnyan_ceramics,03_bubnivka_ceramics,05_kosiv_ceramics,2,train,srcgrp_4816dd56c8688495,src_global_opn_museum_display_logo,unreviewed,unreviewed,three_view_cls_logit_ensemble__c100__source0p5,fixed_base_plus_three_motif_heads__equal_centered_logits,fixed_three_descriptor_consensus,10.0,True,0.8347779030186199,0.0038491346775274653,0.1411646531042699,0.0003082847710043353,0.019900024428578463
img_33f2b9609d8f9b35,nested_outer_oof_adaptive_base_fixed_consensus_v5,dataset_test/01_opishnyan_ceramics/o087.jpg,01_opishnyan_ceramics,01_opishnyan_ceramics,True,0.9991645616772605,01_opishnyan_ceramics,03_bubnivka_ceramics,02_ornek,2,train,srcgrp_4816dd56c8688495,src_global_opn_museum_display_logo,unreviewed,unreviewed,three_view_cls_logit_ensemble__c100__source0p5,fixed_base_plus_three_motif_heads__equal_centered_logits,fixed_three_descriptor_consensus,10.0,True,0.9991645616772605,0.0002455508139953643,0.0005093925079296975,1.627157077715113e-05,6.422343003739222e-05
img_2f51825850666e39,nested_outer_oof_adaptive_base_fixed_consensus_v5,dataset_test/01_opishnyan_ceramics/o088.jpg,01_opishnyan_ceramics,01_opishnyan_ceramics,True,0.994770449853101,01_opishnyan_ceramics,03_bubnivka_ceramics,05_kosiv_ceramics,2,train,srcgrp_4816dd56c8688495,src_global_opn_museum_display_logo,unreviewed,unreviewed,three_view_cls_logit_ensemble__c100__source0p5,fixed_base_plus_three_motif_heads__equal_centered_logits,fixed_three_descriptor_consensus,10.0,True,0.994770449853101,0.0004262227430696493,0.0036980415709583123,0.00019105507451454184,0.0009142307583566627
img_d7f521f324d95cf8,nested_outer_oof_adaptive_base_fixed_consensus_v5,dataset_test/01_opishnyan_ceramics/o089.jpg,01_opishnyan_ceramics,01_opishnyan_ceramics,True,0.7958718655694085,01_opishnyan_ceramics,05_kosiv_ceramics,02_ornek,2,train,srcgrp_4816dd56c8688495,src_global_opn_museum_display_logo,unreviewed,unreviewed,three_view_cls_logit_ensemble__c100__source0p5,fixed_base_plus_three_motif_heads__equal_centered_logits,fixed_three_descriptor_consensus,10.0,True,0.7958718655694085,0.0681918033291095,0.009814562535882547,0.002262516923124726,0.12385925164247456
img_e4c1ef826f8ac577,nested_outer_oof_adaptive_base_fixed_consensus_v5,dataset_test/01_opishnyan_ceramics/o090.jpg,01_opishnyan_ceramics,01_opishnyan_ceramics,True,0.9832901296037624,01_opishnyan_ceramics,03_bubnivka_ceramics,02_ornek,2,train,srcgrp_4816dd56c8688495,src_global_opn_museum_display_logo,unreviewed,unreviewed,three_view_cls_logit_ensemble__c100__source0p5,fixed_base_plus_three_motif_heads__equal_centered_logits,fixed_three_descriptor_consensus,10.0,True,0.9832901296037624,0.002008437539284846,0.012734426643917437,0.00017249784176966146,0.0017945083712655031
img_cf83c0cd58243ec7,nested_outer_oof_adaptive_base_fixed_consensus_v5,dataset_test/01_opishnyan_ceramics/o091.jpg,01_opishnyan_ceramics,01_opishnyan_ceramics,True,0.9295259862070486,01_opishnyan_ceramics,02_ornek,03_bubnivka_ceramics,2,train,srcgrp_4816dd56c8688495,src_global_opn_museum_display_logo,unreviewed,unreviewed,three_view_cls_logit_ensemble__c100__source0p5,fixed_base_plus_three_motif_heads__equal_centered_logits,fixed_three_descriptor_consensus,10.0,True,0.9295259862070486,0.041163364619585696,0.02111734086270349,0.0005018256840578777,0.007691482626604239
img_13d03e8dbd584dc2,nested_outer_oof_adaptive_base_fixed_consensus_v5,dataset_test/01_opishnyan_ceramics/o092.jpg,01_opishnyan_ceramics,01_opishnyan_ceramics,True,0.9925502291372883,01_opishnyan_ceramics,05_kosiv_ceramics,03_bubnivka_ceramics,2,train,srcgrp_4816dd56c8688495,src_global_opn_museum_display_logo,unreviewed,unreviewed,three_view_cls_logit_ensemble__c100__source0p5,fixed_base_plus_three_motif_heads__equal_centered_logits,fixed_three_descriptor_consensus,10.0,True,0.9925502291372883,4.803171085579677e-05,0.0012470677831090944,2.7173266271999735e-05,0.006127498102474678
img_1fa235c0f0c9b41a,nested_outer_oof_adaptive_base_fixed_consensus_v5,dataset_test/01_opishnyan_ceramics/o093.jpg,01_opishnyan_ceramics,01_opishnyan_ceramics,True,0.8158191343454951,01_opishnyan_ceramics,05_kosiv_ceramics,03_bubnivka_ceramics,2,train,srcgrp_4816dd56c8688495,src_global_opn_museum_display_logo,unreviewed,unreviewed,three_view_cls_logit_ensemble__c100__source0p5,fixed_base_plus_three_motif_heads__equal_centered_logits,fixed_three_descriptor_consensus,10.0,True,0.8158191343454951,0.010649527294564998,0.050033348584886644,0.014440528091641253,0.1090574616834119
img_ab63166b65665a7c,nested_outer_oof_adaptive_base_fixed_consensus_v5,dataset_test/01_opishnyan_ceramics/o095.jpg,01_opishnyan_ceramics,01_opishnyan_ceramics,True,0.9959914427523209,01_opishnyan_ceramics,02_ornek,05_kosiv_ceramics,2,train,srcgrp_4816dd56c8688495,src_global_opn_museum_display_logo,unreviewed,unreviewed,three_view_cls_logit_ensemble__c100__source0p5,fixed_base_plus_three_motif_heads__equal_centered_logits,fixed_three_descriptor_consensus,10.0,True,0.9959914427523209,0.0018395509233594379,0.0004945264717671797,0.00014211683848582476,0.0015323630140665588
img_109761f0027c4b2c,nested_outer_oof_adaptive_base_fixed_consensus_v5,dataset_test/01_opishnyan_ceramics/o096.jpg,01_opishnyan_ceramics,01_opishnyan_ceramics,True,0.9901762393740142,01_opishnyan_ceramics,02_ornek,03_bubnivka_ceramics,2,train,srcgrp_4816dd56c8688495,src_global_opn_museum_display_logo,unreviewed,unreviewed,three_view_cls_logit_ensemble__c100__source0p5,fixed_base_plus_three_motif_heads__equal_centered_logits,fixed_three_descriptor_consensus,10.0,True,0.9901762393740142,0.004861520725112307,0.002380579079365175,0.00026482689689139054,0.0023168339246166614
img_e7f044337956aa91,nested_outer_oof_adaptive_base_fixed_consensus_v5,dataset_test/01_opishnyan_ceramics/o098.jpg,01_opishnyan_ceramics,01_opishnyan_ceramics,True,0.9239079919355877,01_opishnyan_ceramics,03_bubnivka_ceramics,05_kosiv_ceramics,2,train,srcgrp_4816dd56c8688495,src_global_opn_museum_display_logo,unreviewed,unreviewed,three_view_cls_logit_ensemble__c100__source0p5,fixed_base_plus_three_motif_heads__equal_centered_logits,fixed_three_descriptor_consensus,10.0,True,0.9239079919355877,0.0007403605552571703,0.0665151909643857,0.0001788211929300282,0.008657635351839393
img_25d05e8760253590,nested_outer_oof_adaptive_base_fixed_consensus_v5,dataset_test/01_opishnyan_ceramics/o099.jpg,01_opishnyan_ceramics,01_opishnyan_ceramics,True,0.9939024186906581,01_opishnyan_ceramics,02_ornek,05_kosiv_ceramics,2,train,srcgrp_4816dd56c8688495,src_global_opn_museum_display_logo,unreviewed,unreviewed,three_view_cls_logit_ensemble__c100__source0p5,fixed_base_plus_three_motif_heads__equal_centered_logits,fixed_three_descriptor_consensus,10.0,True,0.9939024186906581,0.0025138529450557793,0.0008993083332426246,0.0003076924798263805,0.00237672755121735
img_8902392409bb3a70,nested_outer_oof_adaptive_base_fixed_consensus_v5,dataset_test/01_opishnyan_ceramics/o104.jpg,01_opishnyan_ceramics,01_opishnyan_ceramics,True,0.9883008223263106,01_opishnyan_ceramics,03_bubnivka_ceramics,05_kosiv_ceramics,2,train,srcgrp_4816dd56c8688495,src_global_opn_museum_display_logo,unreviewed,unreviewed,three_view_cls_logit_ensemble__c100__source0p5,fixed_base_plus_three_motif_heads__equal_centered_logits,fixed_three_descriptor_consensus,10.0,True,0.9883008223263106,0.0001244740396225616,0.010477360598152451,0.0004577188888520611,0.000639624147062232
img_d02bdb53fd9e91a3,nested_outer_oof_adaptive_base_fixed_consensus_v5,dataset_test/01_opishnyan_ceramics/o105.jpg,01_opishnyan_ceramics,01_opishnyan_ceramics,True,0.9919230503096588,01_opishnyan_ceramics,03_bubnivka_ceramics,05_kosiv_ceramics,2,train,srcgrp_4816dd56c8688495,src_global_opn_museum_display_logo,unreviewed,unreviewed,three_view_cls_logit_ensemble__c100__source0p5,fixed_base_plus_three_motif_heads__equal_centered_logits,fixed_three_descriptor_consensus,10.0,True,0.9919230503096588,0.0002831691148840233,0.004897656986756496,0.00017209465050871116,0.0027240289381919975
img_2521aad37ecbe1d0,nested_outer_oof_adaptive_base_fixed_consensus_v5,dataset_test/01_opishnyan_ceramics/o106.jpg,01_opishnyan_ceramics,01_opishnyan_ceramics,True,0.9953293568705421,01_opishnyan_ceramics,03_bubnivka_ceramics,02_ornek,2,train,srcgrp_4816dd56c8688495,src_global_opn_museum_display_logo,unreviewed,unreviewed,three_view_cls_logit_ensemble__c100__source0p5,fixed_base_plus_three_motif_heads__equal_centered_logits,fixed_three_descriptor_consensus,10.0,True,0.9953293568705421,0.001372584876734415,0.002593260352899959,0.00033819491168011063,0.00036660298814328296
img_4564db1dbe16c66e,nested_outer_oof_adaptive_base_fixed_consensus_v5,dataset_test/01_opishnyan_ceramics/o107.jpg,01_opishnyan_ceramics,01_opishnyan_ceramics,True,0.9444330645706631,01_opishnyan_ceramics,05_kosiv_ceramics,03_bubnivka_ceramics,2,train,srcgrp_4816dd56c8688495,src_global_opn_museum_display_logo,unreviewed,unreviewed,three_view_cls_logit_ensemble__c100__source0p5,fixed_base_plus_three_motif_heads__equal_centered_logits,fixed_three_descriptor_consensus,10.0,True,0.9444330645706631,0.0023508378878990092,0.02070904288476803,0.007428455344802565,0.025078599311867296
img_399a7cf11615b6a8,nested_outer_oof_adaptive_base_fixed_consensus_v5,dataset_test/01_opishnyan_ceramics/o108.jpg,01_opishnyan_ceramics,01_opishnyan_ceramics,True,0.9586839747405248,01_opishnyan_ceramics,03_bubnivka_ceramics,05_kosiv_ceramics,2,train,srcgrp_4816dd56c8688495,src_global_opn_museum_display_logo,unreviewed,unreviewed,three_view_cls_logit_ensemble__c100__source0p5,fixed_base_plus_three_motif_heads__equal_centered_logits,fixed_three_descriptor_consensus,10.0,True,0.9586839747405248,0.0011379024031345493,0.03669470821947865,0.000770220113508934,0.002713194523352997
img_d7ca34acd9b2d022,nested_outer_oof_adaptive_base_fixed_consensus_v5,dataset_test/01_opishnyan_ceramics/o109.jpg,01_opishnyan_ceramics,01_opishnyan_ceramics,True,0.992306532537349,01_opishnyan_ceramics,02_ornek,05_kosiv_ceramics,2,train,srcgrp_4816dd56c8688495,src_global_opn_museum_display_logo,unreviewed,unreviewed,three_view_cls_logit_ensemble__c100__source0p5,fixed_base_plus_three_motif_heads__equal_centered_logits,fixed_three_descriptor_consensus,10.0,True,0.992306532537349,0.005400108483273002,0.000786464572626896,5.691265392779336e-05,0.0014499817528233598
img_49ca6e98d1bc9f0f,nested_outer_oof_adaptive_base_fixed_consensus_v5,dataset_test/01_opishnyan_ceramics/o110.jpg,01_opishnyan_ceramics,01_opishnyan_ceramics,True,0.9878018609322494,01_opishnyan_ceramics,03_bubnivka_ceramics,05_kosiv_ceramics,2,train,srcgrp_4816dd56c8688495,src_global_opn_museum_display_logo,unreviewed,unreviewed,three_view_cls_logit_ensemble__c100__source0p5,fixed_base_plus_three_motif_heads__equal_centered_logits,fixed_three_descriptor_consensus,10.0,True,0.9878018609322494,0.00010132638037073496,0.006512004808019308,0.0003858775222588635,0.005198930357101685
img_41e45a3de579c0f2,nested_outer_oof_adaptive_base_fixed_consensus_v5,dataset_test/01_opishnyan_ceramics/o111.jpg,01_opishnyan_ceramics,01_opishnyan_ceramics,True,0.9689979464960626,01_opishnyan_ceramics,03_bubnivka_ceramics,05_kosiv_ceramics,2,train,srcgrp_4816dd56c8688495,src_global_opn_museum_display_logo,unreviewed,unreviewed,three_view_cls_logit_ensemble__c100__source0p5,fixed_base_plus_three_motif_heads__equal_centered_logits,fixed_three_descriptor_consensus,10.0,True,0.9689979464960626,0.002177093541395155,0.022807089900570288,0.0012196561570133537,0.004798213904958608
img_303522182f90eb7c,nested_outer_oof_adaptive_base_fixed_consensus_v5,dataset_test/01_opishnyan_ceramics/o112.jpg,01_opishnyan_ceramics,01_opishnyan_ceramics,True,0.889862257098861,01_opishnyan_ceramics,03_bubnivka_ceramics,05_kosiv_ceramics,2,train,srcgrp_4816dd56c8688495,src_global_opn_museum_display_logo,unreviewed,unreviewed,three_view_cls_logit_ensemble__c100__source0p5,fixed_base_plus_three_motif_heads__equal_centered_logits,fixed_three_descriptor_consensus,10.0,True,0.889862257098861,0.0016696603544746188,0.07564487697967621,0.0028500667321700894,0.02997313883481818
img_9eb84d612d82ba16,nested_outer_oof_adaptive_base_fixed_consensus_v5,dataset_test/01_opishnyan_ceramics/o113.jpg,01_opishnyan_ceramics,01_opishnyan_ceramics,True,0.9589616938879633,01_opishnyan_ceramics,03_bubnivka_ceramics,05_kosiv_ceramics,2,train,srcgrp_4816dd56c8688495,src_global_opn_museum_display_logo,unreviewed,unreviewed,three_view_cls_logit_ensemble__c100__source0p5,fixed_base_plus_three_motif_heads__equal_centered_logits,fixed_three_descriptor_consensus,10.0,True,0.9589616938879633,0.0012167191478734051,0.03537044910617667,0.000607164623923453,0.0038439732340633287
img_8772e76cd8093891,nested_outer_oof_adaptive_base_fixed_consensus_v5,dataset_test/01_opishnyan_ceramics/o114.jpg,01_opishnyan_ceramics,01_opishnyan_ceramics,True,0.8060673306432992,01_opishnyan_ceramics,03_bubnivka_ceramics,05_kosiv_ceramics,2,train,srcgrp_4816dd56c8688495,src_global_opn_museum_display_logo,unreviewed,unreviewed,three_view_cls_logit_ensemble__c100__source0p5,fixed_base_plus_three_motif_heads__equal_centered_logits,fixed_three_descriptor_consensus,10.0,True,0.8060673306432992,0.002536680123915295,0.14018389701727849,0.0054753433170490135,0.04573674889845797
img_0f3cf4af9fc81631,nested_outer_oof_adaptive_base_fixed_consensus_v5,dataset_test/01_opishnyan_ceramics/o115.jpg,01_opishnyan_ceramics,01_opishnyan_ceramics,True,0.9808481703627846,01_opishnyan_ceramics,02_ornek,03_bubnivka_ceramics,2,train,srcgrp_4816dd56c8688495,src_global_opn_museum_display_logo,unreviewed,unreviewed,three_view_cls_logit_ensemble__c100__source0p5,fixed_base_plus_three_motif_heads__equal_centered_logits,fixed_three_descriptor_consensus,10.0,True,0.9808481703627846,0.01625805402279035,0.002090253431116775,0.0005217570885434912,0.00028176509476487976
img_a22297630fd54d70,nested_outer_oof_adaptive_base_fixed_consensus_v5,dataset_test/01_opishnyan_ceramics/o116.jpg,01_opishnyan_ceramics,03_bubnivka_ceramics,False,0.7814517624804894,03_bubnivka_ceramics,01_opishnyan_ceramics,02_ornek,3,validation,srcgrp_b6dba6413920e1cb,src_global_opn_gray_catalog_b,unreviewed,unreviewed,three_view_cls_logit_ensemble__c100__source0p5,fixed_base_plus_three_motif_heads__equal_centered_logits,fixed_three_descriptor_consensus,10.0,True,0.14159913672356425,0.033494553308042276,0.7814517624804894,0.01990045370929562,0.023554093778608468
img_7d7ec2c65f70b81a,nested_outer_oof_adaptive_base_fixed_consensus_v5,dataset_test/01_opishnyan_ceramics/o118.jpg,01_opishnyan_ceramics,03_bubnivka_ceramics,False,0.6217243045572872,03_bubnivka_ceramics,01_opishnyan_ceramics,05_kosiv_ceramics,3,validation,srcgrp_b6dba6413920e1cb,src_global_opn_gray_catalog_b,unreviewed,unreviewed,three_view_cls_logit_ensemble__c100__source0p5,fixed_base_plus_three_motif_heads__equal_centered_logits,fixed_three_descriptor_consensus,10.0,True,0.22027700659945737,0.03425667680922759,0.6217243045572872,0.02181250898150431,0.10192950305252352
img_3e5ef4e0dc6ad2c0,nested_outer_oof_adaptive_base_fixed_consensus_v5,dataset_test/01_opishnyan_ceramics/o120.jpg,01_opishnyan_ceramics,01_opishnyan_ceramics,True,0.8624721935342585,01_opishnyan_ceramics,03_bubnivka_ceramics,05_kosiv_ceramics,3,validation,srcgrp_b6dba6413920e1cb,src_global_opn_gray_catalog_b,unreviewed,unreviewed,three_view_cls_logit_ensemble__c100__source0p5,fixed_base_plus_three_motif_heads__equal_centered_logits,fixed_three_descriptor_consensus,10.0,True,0.8624721935342585,0.0014731200219248966,0.09828529355997308,0.002281559953226531,0.0354878329306169
img_bf6cebfbe75230df,nested_outer_oof_adaptive_base_fixed_consensus_v5,dataset_test/01_opishnyan_ceramics/o121.jpg,01_opishnyan_ceramics,01_opishnyan_ceramics,True,0.8485840062523551,01_opishnyan_ceramics,03_bubnivka_ceramics,05_kosiv_ceramics,3,validation,srcgrp_b6dba6413920e1cb,src_global_opn_gray_catalog_b,unreviewed,unreviewed,three_view_cls_logit_ensemble__c100__source0p5,fixed_base_plus_three_motif_heads__equal_centered_logits,fixed_three_descriptor_consensus,10.0,True,0.8485840062523551,0.006079975399070521,0.13053393285099069,0.0008962992065314915,0.013905786291052057
img_902a5698c9e96ccb,nested_outer_oof_adaptive_base_fixed_consensus_v5,dataset_test/01_opishnyan_ceramics/o123.jpg,01_opishnyan_ceramics,01_opishnyan_ceramics,True,0.8904858036251349,01_opishnyan_ceramics,05_kosiv_ceramics,04_petrykivka_painting,3,validation,srcgrp_b6dba6413920e1cb,src_global_opn_gray_catalog_b,unreviewed,unreviewed,three_view_cls_logit_ensemble__c100__source0p5,fixed_base_plus_three_motif_heads__equal_centered_logits,fixed_three_descriptor_consensus,10.0,True,0.8904858036251349,0.02160298380048497,0.01355554720262319,0.02429623480904866,0.05005943056270851
img_dd2ea8672497a153,nested_outer_oof_adaptive_base_fixed_consensus_v5,dataset_test/01_opishnyan_ceramics/o125.jpg,01_opishnyan_ceramics,01_opishnyan_ceramics,True,0.5157313512403523,01_opishnyan_ceramics,05_kosiv_ceramics,03_bubnivka_ceramics,3,validation,srcgrp_b6dba6413920e1cb,src_global_opn_gray_catalog_b,unreviewed,unreviewed,three_view_cls_logit_ensemble__c100__source0p5,fixed_base_plus_three_motif_heads__equal_centered_logits,fixed_three_descriptor_consensus,10.0,True,0.5157313512403523,0.00206654587648425,0.009529531577862115,0.0008739426080027658,0.4717986286972985
img_71c97bf7e3b3d77d,nested_outer_oof_adaptive_base_fixed_consensus_v5,dataset_test/01_opishnyan_ceramics/o129.jpg,01_opishnyan_ceramics,01_opishnyan_ceramics,True,0.7964198078963413,01_opishnyan_ceramics,03_bubnivka_ceramics,05_kosiv_ceramics,3,validation,srcgrp_b6dba6413920e1cb,src_global_opn_gray_catalog_b,unreviewed,unreviewed,three_view_cls_logit_ensemble__c100__source0p5,fixed_base_plus_three_motif_heads__equal_centered_logits,fixed_three_descriptor_consensus,10.0,True,0.7964198078963413,0.024569315815301834,0.10606430562922214,0.013507437454303892,0.059439133204830776
img_dbf0dac759e6f66f,nested_outer_oof_adaptive_base_fixed_consensus_v5,dataset_test/01_opishnyan_ceramics/o130.jpg,01_opishnyan_ceramics,01_opishnyan_ceramics,True,0.8232571108041711,01_opishnyan_ceramics,03_bubnivka_ceramics,05_kosiv_ceramics,3,validation,srcgrp_b6dba6413920e1cb,src_global_opn_gray_catalog_b,unreviewed,unreviewed,three_view_cls_logit_ensemble__c100__source0p5,fixed_base_plus_three_motif_heads__equal_centered_logits,fixed_three_descriptor_consensus,10.0,True,0.8232571108041711,0.01583528023242547,0.08383852161456778,0.021920901675443086,0.05514818567339242
img_0f55ab3a69d12133,nested_outer_oof_adaptive_base_fixed_consensus_v5,dataset_test/01_opishnyan_ceramics/o133.jpg,01_opishnyan_ceramics,01_opishnyan_ceramics,True,0.7484294529977032,01_opishnyan_ceramics,02_ornek,05_kosiv_ceramics,3,validation,srcgrp_b6dba6413920e1cb,src_global_opn_gray_catalog_b,unreviewed,unreviewed,three_view_cls_logit_ensemble__c100__source0p5,fixed_base_plus_three_motif_heads__equal_centered_logits,fixed_three_descriptor_consensus,10.0,True,0.7484294529977032,0.12697803071857797,0.05411222831983628,0.007293720869997262,0.06318656709388522
img_316dcb65985f5c7d,nested_outer_oof_adaptive_base_fixed_consensus_v5,dataset_test/01_opishnyan_ceramics/o142.jpg,01_opishnyan_ceramics,03_bubnivka_ceramics,False,0.6576891553739947,03_bubnivka_ceramics,01_opishnyan_ceramics,05_kosiv_ceramics,3,validation,srcgrp_b6dba6413920e1cb,src_global_opn_gray_catalog_b,unreviewed,unreviewed,three_view_cls_logit_ensemble__c100__source0p5,fixed_base_plus_three_motif_heads__equal_centered_logits,fixed_three_descriptor_consensus,10.0,True,0.33442364939144026,0.0002460875359376677,0.6576891553739947,0.0002897551743744332,0.007351352524252787
img_20860c291da90e73,nested_outer_oof_adaptive_base_fixed_consensus_v5,dataset_test/01_opishnyan_ceramics/o150.jpg,01_opishnyan_ceramics,01_opishnyan_ceramics,True,0.7968595258410267,01_opishnyan_ceramics,03_bubnivka_ceramics,05_kosiv_ceramics,3,validation,srcgrp_b6dba6413920e1cb,src_global_opn_gray_catalog_b,unreviewed,unreviewed,three_view_cls_logit_ensemble__c100__source0p5,fixed_base_plus_three_motif_heads__equal_centered_logits,fixed_three_descriptor_consensus,10.0,True,0.7968595258410267,0.0017214561869810915,0.14121637748417287,0.0008784505566705961,0.059324189931148845
img_78a165e15fbfc7b1,nested_outer_oof_adaptive_base_fixed_consensus_v5,dataset_test/01_opishnyan_ceramics/o153.jpg,01_opishnyan_ceramics,01_opishnyan_ceramics,True,0.926772075905185,01_opishnyan_ceramics,05_kosiv_ceramics,03_bubnivka_ceramics,3,validation,srcgrp_b6dba6413920e1cb,src_global_opn_gray_catalog_b,unreviewed,unreviewed,three_view_cls_logit_ensemble__c100__source0p5,fixed_base_plus_three_motif_heads__equal_centered_logits,fixed_three_descriptor_consensus,10.0,True,0.926772075905185,0.00336466770647834,0.029277108592911865,0.0013813237916038001,0.03920482400382109
img_d2f520a7e3bac646,nested_outer_oof_adaptive_base_fixed_consensus_v5,dataset_test/01_opishnyan_ceramics/o156.jpg,01_opishnyan_ceramics,01_opishnyan_ceramics,True,0.9395805907682934,01_opishnyan_ceramics,02_ornek,05_kosiv_ceramics,3,validation,srcgrp_b6dba6413920e1cb,src_global_opn_gray_catalog_b,unreviewed,unreviewed,three_view_cls_logit_ensemble__c100__source0p5,fixed_base_plus_three_motif_heads__equal_centered_logits,fixed_three_descriptor_consensus,10.0,True,0.9395805907682934,0.03550752721076395,0.002510510049389509,0.0014613523435571673,0.020940019627996093
img_f8f0bb43d11ae168,nested_outer_oof_adaptive_base_fixed_consensus_v5,dataset_test/01_opishnyan_ceramics/o159.jpg,01_opishnyan_ceramics,01_opishnyan_ceramics,True,0.9421304110195705,01_opishnyan_ceramics,05_kosiv_ceramics,03_bubnivka_ceramics,3,validation,srcgrp_b6dba6413920e1cb,src_global_opn_gray_catalog_b,unreviewed,unreviewed,three_view_cls_logit_ensemble__c100__source0p5,fixed_base_plus_three_motif_heads__equal_centered_logits,fixed_three_descriptor_consensus,10.0,True,0.9421304110195705,0.0037692484377831173,0.006282930199592165,0.00046508141305060734,0.04735232893000354
img_e560167233db6370,nested_outer_oof_adaptive_base_fixed_consensus_v5,dataset_test/01_opishnyan_ceramics/o161.jpg,01_opishnyan_ceramics,01_opishnyan_ceramics,True,0.9298989333348624,01_opishnyan_ceramics,05_kosiv_ceramics,02_ornek,3,validation,srcgrp_b6dba6413920e1cb,src_global_opn_gray_catalog_b,unreviewed,unreviewed,three_view_cls_logit_ensemble__c100__source0p5,fixed_base_plus_three_motif_heads__equal_centered_logits,fixed_three_descriptor_consensus,10.0,True,0.9298989333348624,0.014604296686027165,0.0045490538383422645,0.0006740877592042324,0.0502736283815641
img_784b95e76dcd8f94,nested_outer_oof_adaptive_base_fixed_consensus_v5,dataset_test/01_opishnyan_ceramics/o164.jpg,01_opishnyan_ceramics,01_opishnyan_ceramics,True,0.98574518024246,01_opishnyan_ceramics,03_bubnivka_ceramics,02_ornek,3,validation,srcgrp_b6dba6413920e1cb,src_global_opn_gray_catalog_b,unreviewed,unreviewed,three_view_cls_logit_ensemble__c100__source0p5,fixed_base_plus_three_motif_heads__equal_centered_logits,fixed_three_descriptor_consensus,10.0,True,0.98574518024246,0.000603798409010158,0.013190422013106684,0.00036285478615883933,9.774454926419218e-05
img_e1c9a03904e1d51f,nested_outer_oof_adaptive_base_fixed_consensus_v5,dataset_test/01_opishnyan_ceramics/o167.jpg,01_opishnyan_ceramics,01_opishnyan_ceramics,True,0.8673507175205839,01_opishnyan_ceramics,03_bubnivka_ceramics,05_kosiv_ceramics,3,validation,srcgrp_b6dba6413920e1cb,src_global_opn_gray_catalog_b,unreviewed,unreviewed,three_view_cls_logit_ensemble__c100__source0p5,fixed_base_plus_three_motif_heads__equal_centered_logits,fixed_three_descriptor_consensus,10.0,True,0.8673507175205839,0.0004310306573967965,0.1201856252667678,0.0021483960386710914,0.009884230516580385
img_1b1a0e5da874ce41,nested_outer_oof_adaptive_base_fixed_consensus_v5,dataset_test/01_opishnyan_ceramics/o172.jpg,01_opishnyan_ceramics,03_bubnivka_ceramics,False,0.9103294880768287,03_bubnivka_ceramics,01_opishnyan_ceramics,02_ornek,3,validation,srcgrp_b6dba6413920e1cb,src_global_opn_gray_catalog_b,unreviewed,unreviewed,three_view_cls_logit_ensemble__c100__source0p5,fixed_base_plus_three_motif_heads__equal_centered_logits,fixed_three_descriptor_consensus,10.0,True,0.0852576517959653,0.0025662737149393313,0.9103294880768287,0.001099519988390679,0.000747066423875947
img_f9db09ea170f8f29,nested_outer_oof_adaptive_base_fixed_consensus_v5,dataset_test/01_opishnyan_ceramics/o173.jpg,01_opishnyan_ceramics,03_bubnivka_ceramics,False,0.9365138675272271,03_bubnivka_ceramics,01_opishnyan_ceramics,02_ornek,3,validation,srcgrp_b6dba6413920e1cb,src_global_opn_gray_catalog_b,unreviewed,unreviewed,three_view_cls_logit_ensemble__c100__source0p5,fixed_base_plus_three_motif_heads__equal_centered_logits,fixed_three_descriptor_consensus,10.0,True,0.037473367679878127,0.014144098209802194,0.9365138675272271,0.0017590295844317572,0.010109636998660946
img_b19b2df240e73108,nested_outer_oof_adaptive_base_fixed_consensus_v5,dataset_test/01_opishnyan_ceramics/o180.jpg,01_opishnyan_ceramics,01_opishnyan_ceramics,True,0.5313709524473171,01_opishnyan_ceramics,03_bubnivka_ceramics,04_petrykivka_painting,3,validation,srcgrp_b6dba6413920e1cb,src_global_opn_gray_catalog_b,unreviewed,unreviewed,three_view_cls_logit_ensemble__c100__source0p5,fixed_base_plus_three_motif_heads__equal_centered_logits,fixed_three_descriptor_consensus,10.0,True,0.5313709524473171,0.00037761467719638536,0.46273387534043214,0.004463074774837608,0.001054482760216701
img_3668c2c126d3312b,nested_outer_oof_adaptive_base_fixed_consensus_v5,dataset_test/01_opishnyan_ceramics/o183.jpg,01_opishnyan_ceramics,03_bubnivka_ceramics,False,0.772349050422605,03_bubnivka_ceramics,01_opishnyan_ceramics,05_kosiv_ceramics,3,validation,srcgrp_b6dba6413920e1cb,src_global_opn_gray_catalog_b,unreviewed,unreviewed,three_view_cls_logit_ensemble__c100__source0p5,fixed_base_plus_three_motif_heads__equal_centered_logits,fixed_three_descriptor_consensus,10.0,True,0.20528021581149034,0.0028176173646898717,0.772349050422605,0.003609793643803745,0.01594332275741103
img_f5d7780f6f9df16f,nested_outer_oof_adaptive_base_fixed_consensus_v5,dataset_test/01_opishnyan_ceramics/o188.jpg,01_opishnyan_ceramics,01_opishnyan_ceramics,True,0.8413716211517983,01_opishnyan_ceramics,03_bubnivka_ceramics,02_ornek,3,validation,srcgrp_b6dba6413920e1cb,src_global_opn_gray_catalog_b,unreviewed,unreviewed,three_view_cls_logit_ensemble__c100__source0p5,fixed_base_plus_three_motif_heads__equal_centered_logits,fixed_three_descriptor_consensus,10.0,True,0.8413716211517983,0.018677842666621255,0.12921286076498403,0.0046026914233207716,0.006134983993275534
img_23f2dcad4191d7d2,nested_outer_oof_adaptive_base_fixed_consensus_v5,dataset_test/01_opishnyan_ceramics/o190.jpg,01_opishnyan_ceramics,01_opishnyan_ceramics,True,0.8773376250136703,01_opishnyan_ceramics,03_bubnivka_ceramics,02_ornek,3,validation,srcgrp_b6dba6413920e1cb,src_global_opn_gray_catalog_b,unreviewed,unreviewed,three_view_cls_logit_ensemble__c100__source0p5,fixed_base_plus_three_motif_heads__equal_centered_logits,fixed_three_descriptor_consensus,10.0,True,0.8773376250136703,0.015436887715619806,0.098802940866401,0.0004718001221209702,0.007950746282187914
img_cf2e0711e7803def,nested_outer_oof_adaptive_base_fixed_consensus_v5,dataset_test/01_opishnyan_ceramics/o197.jpg,01_opishnyan_ceramics,01_opishnyan_ceramics,True,0.9503335772657241,01_opishnyan_ceramics,03_bubnivka_ceramics,05_kosiv_ceramics,3,validation,srcgrp_b6dba6413920e1cb,src_global_opn_gray_catalog_b,unreviewed,unreviewed,three_view_cls_logit_ensemble__c100__source0p5,fixed_base_plus_three_motif_heads__equal_centered_logits,fixed_three_descriptor_consensus,10.0,True,0.9503335772657241,0.007103380242809182,0.02053555276975345,0.001938288873816607,0.02008920084789661
img_b2a4a82e259bcb84,nested_outer_oof_adaptive_base_fixed_consensus_v5,dataset_test/01_opishnyan_ceramics/o206.jpg,01_opishnyan_ceramics,01_opishnyan_ceramics,True,0.9874198948945714,01_opishnyan_ceramics,03_bubnivka_ceramics,02_ornek,3,validation,srcgrp_b6dba6413920e1cb,src_global_opn_gray_catalog_b,unreviewed,unreviewed,three_view_cls_logit_ensemble__c100__source0p5,fixed_base_plus_three_motif_heads__equal_centered_logits,fixed_three_descriptor_consensus,10.0,True,0.9874198948945714,0.004284407884769089,0.007751640603336204,8.031495613886493e-05,0.0004637416611843782
img_8fb7cc8f1301ace2,nested_outer_oof_adaptive_base_fixed_consensus_v5,dataset_test/01_opishnyan_ceramics/o223.jpg,01_opishnyan_ceramics,03_bubnivka_ceramics,False,0.8448341285249469,03_bubnivka_ceramics,01_opishnyan_ceramics,02_ornek,3,validation,srcgrp_b6dba6413920e1cb,src_global_opn_gray_catalog_b,unreviewed,unreviewed,three_view_cls_logit_ensemble__c100__source0p5,fixed_base_plus_three_motif_heads__equal_centered_logits,fixed_three_descriptor_consensus,10.0,True,0.1454460172399421,0.004120101203599248,0.8448341285249469,0.003425494252970487,0.0021742587785411414
img_85311ecf06eb0949,nested_outer_oof_adaptive_base_fixed_consensus_v5,dataset_test/01_opishnyan_ceramics/o228_1.jpg,01_opishnyan_ceramics,01_opishnyan_ceramics,True,0.8002782817441747,01_opishnyan_ceramics,05_kosiv_ceramics,03_bubnivka_ceramics,4,train,srcgrp_fa2263c27d459924,src_global_opn_shop_cubbies,mixed_display_or_collection,clear,global_cls__c10__source0p5,fixed_base_plus_three_motif_heads__equal_centered_logits,fixed_three_descriptor_consensus,10.0,True,0.8002782817441747,0.03892083074044459,0.048792741385639,0.003244529832477768,0.10876361629726403
img_60fff2740afd3bb5,nested_outer_oof_adaptive_base_fixed_consensus_v5,dataset_test/01_opishnyan_ceramics/o228_2.jpg,01_opishnyan_ceramics,01_opishnyan_ceramics,True,0.914804319097405,01_opishnyan_ceramics,03_bubnivka_ceramics,02_ornek,4,train,srcgrp_fa2263c27d459924,src_global_opn_shop_cubbies,mixed_display_or_collection,clear,global_cls__c10__source0p5,fixed_base_plus_three_motif_heads__equal_centered_logits,fixed_three_descriptor_consensus,10.0,True,0.914804319097405,0.01536614138175585,0.06296701143170588,0.006528605962873769,0.00033392212625964174
img_fbb86b48bfc1cd62,nested_outer_oof_adaptive_base_fixed_consensus_v5,dataset_test/01_opishnyan_ceramics/o228_3.jpg,01_opishnyan_ceramics,01_opishnyan_ceramics,True,0.7235559608755049,01_opishnyan_ceramics,02_ornek,05_kosiv_ceramics,4,train,srcgrp_fa2263c27d459924,src_global_opn_shop_cubbies,mixed_display_or_collection,clear,global_cls__c10__source0p5,fixed_base_plus_three_motif_heads__equal_centered_logits,fixed_three_descriptor_consensus,10.0,True,0.7235559608755049,0.13078009606125363,0.06812800302799733,0.007317485553052276,0.07021845448219194
img_82018e81a9aa850d,nested_outer_oof_adaptive_base_fixed_consensus_v5,dataset_test/01_opishnyan_ceramics/o228_4.jpg,01_opishnyan_ceramics,01_opishnyan_ceramics,True,0.936725662020475,01_opishnyan_ceramics,03_bubnivka_ceramics,02_ornek,4,train,srcgrp_fa2263c27d459924,src_global_opn_shop_cubbies,mixed_display_or_collection,clear,global_cls__c10__source0p5,fixed_base_plus_three_motif_heads__equal_centered_logits,fixed_three_descriptor_consensus,10.0,True,0.936725662020475,0.006461757123738022,0.04952628363710498,0.0030172160034859096,0.00426908121519596
img_fb98c98a8ff5ff97,nested_outer_oof_adaptive_base_fixed_consensus_v5,dataset_test/01_opishnyan_ceramics/o229_1.jpg,01_opishnyan_ceramics,01_opishnyan_ceramics,True,0.621145883030001,01_opishnyan_ceramics,03_bubnivka_ceramics,02_ornek,4,train,srcgrp_fa2263c27d459924,src_global_opn_shop_cubbies,mixed_display_or_collection,clear,global_cls__c10__source0p5,fixed_base_plus_three_motif_heads__equal_centered_logits,fixed_three_descriptor_consensus,10.0,True,0.621145883030001,0.1036807403541729,0.2220312392903513,0.006724858838836234,0.04641727848663854
img_c3416c4b518d2bce,nested_outer_oof_adaptive_base_fixed_consensus_v5,dataset_test/01_opishnyan_ceramics/o229_2.jpg,01_opishnyan_ceramics,01_opishnyan_ceramics,True,0.8544274809152471,01_opishnyan_ceramics,03_bubnivka_ceramics,02_ornek,4,train,srcgrp_fa2263c27d459924,src_global_opn_shop_cubbies,mixed_display_or_collection,clear,global_cls__c10__source0p5,fixed_base_plus_three_motif_heads__equal_centered_logits,fixed_three_descriptor_consensus,10.0,True,0.8544274809152471,0.04794209590511616,0.07834066112325601,0.002596016886331784,0.016693745170048683
img_866211f3cf80f5d0,nested_outer_oof_adaptive_base_fixed_consensus_v5,dataset_test/01_opishnyan_ceramics/o229_3.jpg,01_opishnyan_ceramics,01_opishnyan_ceramics,True,0.469869547496105,01_opishnyan_ceramics,03_bubnivka_ceramics,05_kosiv_ceramics,4,train,srcgrp_fa2263c27d459924,src_global_opn_shop_cubbies,mixed_display_or_collection,clear,global_cls__c10__source0p5,fixed_base_plus_three_motif_heads__equal_centered_logits,fixed_three_descriptor_consensus,10.0,True,0.469869547496105,0.05974875907697298,0.36427758731946386,0.003592982668525331,0.10251112343893284
img_2d02a902971b8400,nested_outer_oof_adaptive_base_fixed_consensus_v5,dataset_test/01_opishnyan_ceramics/o229_4.jpg,01_opishnyan_ceramics,01_opishnyan_ceramics,True,0.7015049321561636,01_opishnyan_ceramics,03_bubnivka_ceramics,05_kosiv_ceramics,4,train,srcgrp_fa2263c27d459924,src_global_opn_shop_cubbies,mixed_display_or_collection,clear,global_cls__c10__source0p5,fixed_base_plus_three_motif_heads__equal_centered_logits,fixed_three_descriptor_consensus,10.0,True,0.7015049321561636,0.05971389726525859,0.15190675994020736,0.011271962183855067,0.07560244845451534
img_a8e8398b8c9d0bf4,nested_outer_oof_adaptive_base_fixed_consensus_v5,dataset_test/01_opishnyan_ceramics/o229_5.jpg,01_opishnyan_ceramics,01_opishnyan_ceramics,True,0.6985538799229337,01_opishnyan_ceramics,05_kosiv_ceramics,03_bubnivka_ceramics,4,train,srcgrp_fa2263c27d459924,src_global_opn_shop_cubbies,cup_or_mug,clear,global_cls__c10__source0p5,fixed_base_plus_three_motif_heads__equal_centered_logits,fixed_three_descriptor_consensus,10.0,True,0.6985538799229337,0.07465514634382091,0.09776785553530616,0.001345077984614238,0.12767804021332507
img_f756d5e1935a5a56,nested_outer_oof_adaptive_base_fixed_consensus_v5,dataset_test/01_opishnyan_ceramics/o230_1.jpg,01_opishnyan_ceramics,01_opishnyan_ceramics,True,0.49640175456305746,01_opishnyan_ceramics,02_ornek,03_bubnivka_ceramics,4,train,srcgrp_fa2263c27d459924,src_global_opn_shop_cubbies,mixed_display_or_collection,clear,global_cls__c10__source0p5,fixed_base_plus_three_motif_heads__equal_centered_logits,fixed_three_descriptor_consensus,10.0,True,0.49640175456305746,0.3015308976008519,0.11980827188548747,0.02946006131308815,0.052799014637515185
img_424b0689aefbf984,nested_outer_oof_adaptive_base_fixed_consensus_v5,dataset_test/01_opishnyan_ceramics/o230_2.jpg,01_opishnyan_ceramics,01_opishnyan_ceramics,True,0.6711760886189936,01_opishnyan_ceramics,02_ornek,05_kosiv_ceramics,4,train,srcgrp_fa2263c27d459924,src_global_opn_shop_cubbies,vase_jug_or_vessel,clear,global_cls__c10__source0p5,fixed_base_plus_three_motif_heads__equal_centered_logits,fixed_three_descriptor_consensus,10.0,True,0.6711760886189936,0.16696390419131127,0.06312713535041709,0.00377684794291818,0.09495602389635979
img_15ee71cdaf6cbba8,nested_outer_oof_adaptive_base_fixed_consensus_v5,dataset_test/01_opishnyan_ceramics/o230_3.jpg,01_opishnyan_ceramics,01_opishnyan_ceramics,True,0.5253745701740368,01_opishnyan_ceramics,02_ornek,05_kosiv_ceramics,4,train,srcgrp_fa2263c27d459924,src_global_opn_shop_cubbies,box_or_container,clear,global_cls__c10__source0p5,fixed_base_plus_three_motif_heads__equal_centered_logits,fixed_three_descriptor_consensus,10.0,True,0.5253745701740368,0.21992379134734671,0.12049582254822157,0.011512667241502792,0.12269314868889203
img_b855be323173bbf6,nested_outer_oof_adaptive_base_fixed_consensus_v5,dataset_test/01_opishnyan_ceramics/o230_4.jpg,01_opishnyan_ceramics,01_opishnyan_ceramics,True,0.5588932834044881,01_opishnyan_ceramics,02_ornek,03_bubnivka_ceramics,4,train,srcgrp_fa2263c27d459924,src_global_opn_shop_cubbies,mixed_display_or_collection,clear,global_cls__c10__source0p5,fixed_base_plus_three_motif_heads__equal_centered_logits,fixed_three_descriptor_consensus,10.0,True,0.5588932834044881,0.3393800742730102,0.03659650905899577,0.029451635179385798,0.035678498084120075
img_78030108dba3b7fd,nested_outer_oof_adaptive_base_fixed_consensus_v5,dataset_test/01_opishnyan_ceramics/o231_1.jpg,01_opishnyan_ceramics,03_bubnivka_ceramics,False,0.5594878688542816,03_bubnivka_ceramics,05_kosiv_ceramics,01_opishnyan_ceramics,4,train,srcgrp_fa2263c27d459924,src_global_opn_shop_cubbies,mixed_display_or_collection,clear,global_cls__c10__source0p5,fixed_base_plus_three_motif_heads__equal_centered_logits,fixed_three_descriptor_consensus,10.0,True,0.14511732598837684,0.0392164430868197,0.5594878688542816,0.0012206702519464644,0.25495769181857547
img_6a9adccdcaa22262,nested_outer_oof_adaptive_base_fixed_consensus_v5,dataset_test/01_opishnyan_ceramics/o231_2.jpg,01_opishnyan_ceramics,01_opishnyan_ceramics,True,0.7237466158298351,01_opishnyan_ceramics,05_kosiv_ceramics,03_bubnivka_ceramics,4,train,srcgrp_fa2263c27d459924,src_global_opn_shop_cubbies,vase_jug_or_vessel,clear,global_cls__c10__source0p5,fixed_base_plus_three_motif_heads__equal_centered_logits,fixed_three_descriptor_consensus,10.0,True,0.7237466158298351,0.005569797973166966,0.08680849627258083,0.00035596919855851396,0.1835191207258585
img_1543c27459671cfe,nested_outer_oof_adaptive_base_fixed_consensus_v5,dataset_test/01_opishnyan_ceramics/o231_3.jpg,01_opishnyan_ceramics,01_opishnyan_ceramics,True,0.5837231474879966,01_opishnyan_ceramics,05_kosiv_ceramics,03_bubnivka_ceramics,4,train,srcgrp_fa2263c27d459924,src_global_opn_shop_cubbies,cup_or_mug,clear,global_cls__c10__source0p5,fixed_base_plus_three_motif_heads__equal_centered_logits,fixed_three_descriptor_consensus,10.0,True,0.5837231474879966,0.043752836819892116,0.1335289800667434,0.0007348424101433882,0.23826019321522443
img_97fb0ef67c57b8e0,nested_outer_oof_adaptive_base_fixed_consensus_v5,dataset_test/01_opishnyan_ceramics/o231_4.jpg,01_opishnyan_ceramics,01_opishnyan_ceramics,True,0.4871114944029399,01_opishnyan_ceramics,03_bubnivka_ceramics,05_kosiv_ceramics,4,train,srcgrp_fa2263c27d459924,src_global_opn_shop_cubbies,box_or_container,clear,global_cls__c10__source0p5,fixed_base_plus_three_motif_heads__equal_centered_logits,fixed_three_descriptor_consensus,10.0,True,0.4871114944029399,0.023130011989225284,0.325719763246534,0.0010042424082642469,0.16303448795303668
img_dd0828da8ee534b7,nested_outer_oof_adaptive_base_fixed_consensus_v5,dataset_test/01_opishnyan_ceramics/o231_5.jpg,01_opishnyan_ceramics,01_opishnyan_ceramics,True,0.4019299449356514,01_opishnyan_ceramics,03_bubnivka_ceramics,05_kosiv_ceramics,4,train,srcgrp_fa2263c27d459924,src_global_opn_shop_cubbies,plate_or_bowl,clear,global_cls__c10__source0p5,fixed_base_plus_three_motif_heads__equal_centered_logits,fixed_three_descriptor_consensus,10.0,True,0.4019299449356514,0.034777819408959805,0.31910001316839526,0.0015864500189700812,0.2426057724680234
img_50a396d22d841b8d,nested_outer_oof_adaptive_base_fixed_consensus_v5,dataset_test/01_opishnyan_ceramics/o231_6.jpg,01_opishnyan_ceramics,01_opishnyan_ceramics,True,0.4632787060070923,01_opishnyan_ceramics,03_bubnivka_ceramics,05_kosiv_ceramics,4,train,srcgrp_fa2263c27d459924,src_global_opn_shop_cubbies,cup_or_mug,clear,global_cls__c10__source0p5,fixed_base_plus_three_motif_heads__equal_centered_logits,fixed_three_descriptor_consensus,10.0,True,0.4632787060070923,0.10606863768214482,0.2855997965433278,0.0043791119102964135,0.1406737478571388
img_33d6949a32dce1ef,nested_outer_oof_adaptive_base_fixed_consensus_v5,dataset_test/01_opishnyan_ceramics/o231_7.jpg,01_opishnyan_ceramics,05_kosiv_ceramics,False,0.4988493411362125,05_kosiv_ceramics,01_opishnyan_ceramics,03_bubnivka_ceramics,4,train,srcgrp_fa2263c27d459924,src_global_opn_shop_cubbies,mixed_display_or_collection,clear,global_cls__c10__source0p5,fixed_base_plus_three_motif_heads__equal_centered_logits,fixed_three_descriptor_consensus,10.0,True,0.2313437758394364,0.04408788454867708,0.22185262890644938,0.003866369569224764,0.4988493411362125
img_4783f39952692d0e,nested_outer_oof_adaptive_base_fixed_consensus_v5,dataset_test/01_opishnyan_ceramics/o232_1.jpg,01_opishnyan_ceramics,01_opishnyan_ceramics,True,0.5438918929904731,01_opishnyan_ceramics,03_bubnivka_ceramics,02_ornek,4,train,srcgrp_fa2263c27d459924,src_global_opn_shop_cubbies,mixed_display_or_collection,clear,global_cls__c10__source0p5,fixed_base_plus_three_motif_heads__equal_centered_logits,fixed_three_descriptor_consensus,10.0,True,0.5438918929904731,0.08019811367340458,0.36312119291136624,0.006097073418262163,0.006691727006493734
img_f8a3ae5f1450dece,nested_outer_oof_adaptive_base_fixed_consensus_v5,dataset_test/01_opishnyan_ceramics/o232_2.jpg,01_opishnyan_ceramics,03_bubnivka_ceramics,False,0.7200101795280454,03_bubnivka_ceramics,01_opishnyan_ceramics,02_ornek,4,train,srcgrp_fa2263c27d459924,src_global_opn_shop_cubbies,box_or_container,clear,global_cls__c10__source0p5,fixed_base_plus_three_motif_heads__equal_centered_logits,fixed_three_descriptor_consensus,10.0,True,0.2484059736814619,0.01825382307833217,0.7200101795280454,0.0011248560294033632,0.012205167682757279
img_cc126686ffc3fe4a,nested_outer_oof_adaptive_base_fixed_consensus_v5,dataset_test/01_opishnyan_ceramics/o232_3.jpg,01_opishnyan_ceramics,01_opishnyan_ceramics,True,0.49444987066176865,01_opishnyan_ceramics,03_bubnivka_ceramics,02_ornek,4,train,srcgrp_fa2263c27d459924,src_global_opn_shop_cubbies,mixed_display_or_collection,clear,global_cls__c10__source0p5,fixed_base_plus_three_motif_heads__equal_centered_logits,fixed_three_descriptor_consensus,10.0,True,0.49444987066176865,0.10057071115528322,0.39283432277685965,0.0034604257417656078,0.008684669664322846
img_fc53f3ee5d6198d7,nested_outer_oof_adaptive_base_fixed_consensus_v5,dataset_test/01_opishnyan_ceramics/o232_4.jpg,01_opishnyan_ceramics,03_bubnivka_ceramics,False,0.546857127452032,03_bubnivka_ceramics,01_opishnyan_ceramics,02_ornek,4,train,srcgrp_fa2263c27d459924,src_global_opn_shop_cubbies,box_or_container,clear,global_cls__c10__source0p5,fixed_base_plus_three_motif_heads__equal_centered_logits,fixed_three_descriptor_consensus,10.0,True,0.38225556605164485,0.05440915559531596,0.546857127452032,0.0012127436100644528,0.01526540729094263
img_eadfcf530bf760fc,nested_outer_oof_adaptive_base_fixed_consensus_v5,dataset_test/01_opishnyan_ceramics/o232_5.jpg,01_opishnyan_ceramics,03_bubnivka_ceramics,False,0.7096091649624321,03_bubnivka_ceramics,02_ornek,01_opishnyan_ceramics,4,train,srcgrp_fa2263c27d459924,src_global_opn_shop_cubbies,mixed_display_or_collection,clear,global_cls__c10__source0p5,fixed_base_plus_three_motif_heads__equal_centered_logits,fixed_three_descriptor_consensus,10.0,True,0.0758534031360782,0.2008307026296805,0.7096091649624321,0.0033673046766287806,0.010339424595180363
img_f137ca4dbe240c72,nested_outer_oof_adaptive_base_fixed_consensus_v5,dataset_test/01_opishnyan_ceramics/o232_6.jpg,01_opishnyan_ceramics,03_bubnivka_ceramics,False,0.5495072164681004,03_bubnivka_ceramics,01_opishnyan_ceramics,02_ornek,4,train,srcgrp_fa2263c27d459924,src_global_opn_shop_cubbies,cup_or_mug,clear,global_cls__c10__source0p5,fixed_base_plus_three_motif_heads__equal_centered_logits,fixed_three_descriptor_consensus,10.0,True,0.31745999199087443,0.08354785136734803,0.5495072164681004,0.0021813193047607433,0.04730362086891635
img_d991ce9ab914e668,nested_outer_oof_adaptive_base_fixed_consensus_v5,dataset_test/01_opishnyan_ceramics/o232_7.jpg,01_opishnyan_ceramics,01_opishnyan_ceramics,True,0.566845459274386,01_opishnyan_ceramics,03_bubnivka_ceramics,02_ornek,4,train,srcgrp_fa2263c27d459924,src_global_opn_shop_cubbies,cup_or_mug,clear,global_cls__c10__source0p5,fixed_base_plus_three_motif_heads__equal_centered_logits,fixed_three_descriptor_consensus,10.0,True,0.566845459274386,0.039024561056207226,0.38112851682191634,0.0014013969486224916,0.011600065898867801
img_546eb3ea49467690,nested_outer_oof_adaptive_base_fixed_consensus_v5,dataset_test/01_opishnyan_ceramics/o232_8.jpg,01_opishnyan_ceramics,01_opishnyan_ceramics,True,0.4681584868724409,01_opishnyan_ceramics,03_bubnivka_ceramics,02_ornek,4,train,srcgrp_fa2263c27d459924,src_global_opn_shop_cubbies,vase_jug_or_vessel,clear,global_cls__c10__source0p5,fixed_base_plus_three_motif_heads__equal_centered_logits,fixed_three_descriptor_consensus,10.0,True,0.4681584868724409,0.0678605017228077,0.4571387335706608,0.0013234697355932912,0.005518808098497148
img_e230a92e1c340786,nested_outer_oof_adaptive_base_fixed_consensus_v5,dataset_test/01_opishnyan_ceramics/o233_1.jpg,01_opishnyan_ceramics,01_opishnyan_ceramics,True,0.7299218155792577,01_opishnyan_ceramics,02_ornek,05_kosiv_ceramics,4,train,srcgrp_fa2263c27d459924,src_global_opn_shop_cubbies,mixed_display_or_collection,clear,global_cls__c10__source0p5,fixed_base_plus_three_motif_heads__equal_centered_logits,fixed_three_descriptor_consensus,10.0,True,0.7299218155792577,0.10270939353037478,0.06768405846538898,0.009578175948828373,0.09010655647615032
img_bf2568cb2be8d7de,nested_outer_oof_adaptive_base_fixed_consensus_v5,dataset_test/01_opishnyan_ceramics/o233_2.jpg,01_opishnyan_ceramics,01_opishnyan_ceramics,True,0.9317151068950109,01_opishnyan_ceramics,03_bubnivka_ceramics,05_kosiv_ceramics,4,train,srcgrp_fa2263c27d459924,src_global_opn_shop_cubbies,vase_jug_or_vessel,clear,global_cls__c10__source0p5,fixed_base_plus_three_motif_heads__equal_centered_logits,fixed_three_descriptor_consensus,10.0,True,0.9317151068950109,0.021527876943696414,0.023450278979240843,0.001542416795207681,0.021764320386844033
img_e8127fb81bd27fec,nested_outer_oof_adaptive_base_fixed_consensus_v5,dataset_test/01_opishnyan_ceramics/o233_3.jpg,01_opishnyan_ceramics,01_opishnyan_ceramics,True,0.9380656820633436,01_opishnyan_ceramics,03_bubnivka_ceramics,05_kosiv_ceramics,4,train,srcgrp_fa2263c27d459924,src_global_opn_shop_cubbies,cup_or_mug,clear,global_cls__c10__source0p5,fixed_base_plus_three_motif_heads__equal_centered_logits,fixed_three_descriptor_consensus,10.0,True,0.9380656820633436,0.01873457586422861,0.023192202199291214,0.0009959956123950602,0.019011544260741576
img_2f3ed4137c861ee2,nested_outer_oof_adaptive_base_fixed_consensus_v5,dataset_test/01_opishnyan_ceramics/o234.jpg,01_opishnyan_ceramics,03_bubnivka_ceramics,False,0.7889776078343058,03_bubnivka_ceramics,02_ornek,01_opishnyan_ceramics,4,train,srcgrp_fa2263c27d459924,src_global_opn_shop_cubbies,unreviewed,unreviewed,global_cls__c10__source0p5,fixed_base_plus_three_motif_heads__equal_centered_logits,fixed_three_descriptor_consensus,10.0,True,0.062125684628744494,0.14209334495712703,0.7889776078343058,0.002082719471393102,0.0047206431084295146
img_b7e0b2ede17d36e7,nested_outer_oof_adaptive_base_fixed_consensus_v5,dataset_test/01_opishnyan_ceramics/o235_1.jpg,01_opishnyan_ceramics,05_kosiv_ceramics,False,0.7377707044954566,05_kosiv_ceramics,01_opishnyan_ceramics,03_bubnivka_ceramics,4,train,srcgrp_fa2263c27d459924,src_global_opn_shop_cubbies,mixed_display_or_collection,clear,global_cls__c10__source0p5,fixed_base_plus_three_motif_heads__equal_centered_logits,fixed_three_descriptor_consensus,10.0,True,0.17310422622415841,0.01792968844980146,0.06860873702148239,0.0025866438091010596,0.7377707044954566
img_0073e7843cacc5ea,nested_outer_oof_adaptive_base_fixed_consensus_v5,dataset_test/01_opishnyan_ceramics/o235_2.jpg,01_opishnyan_ceramics,05_kosiv_ceramics,False,0.6834924788006865,05_kosiv_ceramics,01_opishnyan_ceramics,03_bubnivka_ceramics,4,train,srcgrp_fa2263c27d459924,src_global_opn_shop_cubbies,mixed_display_or_collection,clear,global_cls__c10__source0p5,fixed_base_plus_three_motif_heads__equal_centered_logits,fixed_three_descriptor_consensus,10.0,True,0.20990325376788643,0.02989339268017001,0.07020593361743618,0.006504941133820821,0.6834924788006865
img_32a414b9e34e09e4,nested_outer_oof_adaptive_base_fixed_consensus_v5,dataset_test/01_opishnyan_ceramics/o235_3.jpg,01_opishnyan_ceramics,01_opishnyan_ceramics,True,0.8429529647465654,01_opishnyan_ceramics,03_bubnivka_ceramics,05_kosiv_ceramics,4,train,srcgrp_fa2263c27d459924,src_global_opn_shop_cubbies,vase_jug_or_vessel,clear,global_cls__c10__source0p5,fixed_base_plus_three_motif_heads__equal_centered_logits,fixed_three_descriptor_consensus,10.0,True,0.8429529647465654,0.009537106341018845,0.08849493837263954,0.0013085285055824984,0.05770646203419369
img_28c1918ca97d1115,nested_outer_oof_adaptive_base_fixed_consensus_v5,dataset_test/01_opishnyan_ceramics/o235_4.jpg,01_opishnyan_ceramics,01_opishnyan_ceramics,True,0.7427932450350908,01_opishnyan_ceramics,05_kosiv_ceramics,03_bubnivka_ceramics,4,train,srcgrp_fa2263c27d459924,src_global_opn_shop_cubbies,plate_or_bowl,clear,global_cls__c10__source0p5,fixed_base_plus_three_motif_heads__equal_centered_logits,fixed_three_descriptor_consensus,10.0,True,0.7427932450350908,0.06444224084317088,0.08247357348525275,0.015403015258244451,0.09488792537824117
img_caa40d4251d63e80,nested_outer_oof_adaptive_base_fixed_consensus_v5,dataset_test/01_opishnyan_ceramics/o235_5.jpg,01_opishnyan_ceramics,01_opishnyan_ceramics,True,0.5536241439552494,01_opishnyan_ceramics,05_kosiv_ceramics,03_bubnivka_ceramics,4,train,srcgrp_fa2263c27d459924,src_global_opn_shop_cubbies,cup_or_mug,clear,global_cls__c10__source0p5,fixed_base_plus_three_motif_heads__equal_centered_logits,fixed_three_descriptor_consensus,10.0,True,0.5536241439552494,0.04934426162438623,0.07733944005283383,0.0028215908970868203,0.3168705634704436
img_536eca24f8d35a34,nested_outer_oof_adaptive_base_fixed_consensus_v5,dataset_test/01_opishnyan_ceramics/o236_1.jpg,01_opishnyan_ceramics,01_opishnyan_ceramics,True,0.5319798309455329,01_opishnyan_ceramics,05_kosiv_ceramics,03_bubnivka_ceramics,4,train,srcgrp_fa2263c27d459924,src_global_opn_shop_cubbies,mixed_display_or_collection,clear,global_cls__c10__source0p5,fixed_base_plus_three_motif_heads__equal_centered_logits,fixed_three_descriptor_consensus,10.0,True,0.5319798309455329,0.012971286423856683,0.105542527737357,0.010212509733216886,0.3392938451600366
img_8ef8f15220cb71f2,nested_outer_oof_adaptive_base_fixed_consensus_v5,dataset_test/01_opishnyan_ceramics/o236_2.jpg,01_opishnyan_ceramics,05_kosiv_ceramics,False,0.38921644474472217,05_kosiv_ceramics,01_opishnyan_ceramics,03_bubnivka_ceramics,4,train,srcgrp_fa2263c27d459924,src_global_opn_shop_cubbies,mixed_display_or_collection,clear,global_cls__c10__source0p5,fixed_base_plus_three_motif_heads__equal_centered_logits,fixed_three_descriptor_consensus,10.0,True,0.37392381521964413,0.054303393752638346,0.16929765532415791,0.013258690958837405,0.38921644474472217
img_ae80dc127da457bb,nested_outer_oof_adaptive_base_fixed_consensus_v5,dataset_test/01_opishnyan_ceramics/o236_3.jpg,01_opishnyan_ceramics,01_opishnyan_ceramics,True,0.8601154278556912,01_opishnyan_ceramics,04_petrykivka_painting,02_ornek,4,train,srcgrp_fa2263c27d459924,src_global_opn_shop_cubbies,plate_or_bowl,clear,global_cls__c10__source0p5,fixed_base_plus_three_motif_heads__equal_centered_logits,fixed_three_descriptor_consensus,10.0,True,0.8601154278556912,0.022494343618466695,0.011601578755599532,0.08882273841900981,0.016965911351232814
img_61a6858fa49e6e18,nested_outer_oof_adaptive_base_fixed_consensus_v5,dataset_test/01_opishnyan_ceramics/o236_4.jpg,01_opishnyan_ceramics,01_opishnyan_ceramics,True,0.7970991063749056,01_opishnyan_ceramics,04_petrykivka_painting,05_kosiv_ceramics,4,train,srcgrp_fa2263c27d459924,src_global_opn_shop_cubbies,plate_or_bowl,clear,global_cls__c10__source0p5,fixed_base_plus_three_motif_heads__equal_centered_logits,fixed_three_descriptor_consensus,10.0,True,0.7970991063749056,0.018637836658014984,0.03780636130642373,0.09767515887088496,0.048781536789770916
img_dd839aa9664e10d1,nested_outer_oof_adaptive_base_fixed_consensus_v5,dataset_test/01_opishnyan_ceramics/o236_5.jpg,01_opishnyan_ceramics,01_opishnyan_ceramics,True,0.9228170364848192,01_opishnyan_ceramics,03_bubnivka_ceramics,05_kosiv_ceramics,4,train,srcgrp_fa2263c27d459924,src_global_opn_shop_cubbies,cup_or_mug,clear,global_cls__c10__source0p5,fixed_base_plus_three_motif_heads__equal_centered_logits,fixed_three_descriptor_consensus,10.0,True,0.9228170364848192,0.007875577443023156,0.03493260315041396,0.00553783827526491,0.028836944646478808
img_1e033e767348e35d,nested_outer_oof_adaptive_base_fixed_consensus_v5,dataset_test/01_opishnyan_ceramics/o237_1.jpg,01_opishnyan_ceramics,01_opishnyan_ceramics,True,0.7414685030376786,01_opishnyan_ceramics,03_bubnivka_ceramics,05_kosiv_ceramics,4,train,srcgrp_2f3fc2708dc7b50c,src_global_opn_shelf_figurines,figurine_or_sculpture,clear,global_cls__c10__source0p5,fixed_base_plus_three_motif_heads__equal_centered_logits,fixed_three_descriptor_consensus,10.0,True,0.7414685030376786,0.003003522410077631,0.13916798733328814,0.004698313817887501,0.11166167340106811
img_9b70353b6ec9307e,nested_outer_oof_adaptive_base_fixed_consensus_v5,dataset_test/01_opishnyan_ceramics/o237_2.jpg,01_opishnyan_ceramics,01_opishnyan_ceramics,True,0.8448050744695497,01_opishnyan_ceramics,05_kosiv_ceramics,03_bubnivka_ceramics,4,train,srcgrp_2f3fc2708dc7b50c,src_global_opn_shelf_figurines,figurine_or_sculpture,clear,global_cls__c10__source0p5,fixed_base_plus_three_motif_heads__equal_centered_logits,fixed_three_descriptor_consensus,10.0,True,0.8448050744695497,0.0058909076713087585,0.013832996606590481,0.005207738519635224,0.13026328273291585
img_1dee0a163255c260,nested_outer_oof_adaptive_base_fixed_consensus_v5,dataset_test/01_opishnyan_ceramics/o237_3.jpg,01_opishnyan_ceramics,01_opishnyan_ceramics,True,0.8595106022241783,01_opishnyan_ceramics,05_kosiv_ceramics,03_bubnivka_ceramics,4,train,srcgrp_2f3fc2708dc7b50c,src_global_opn_shelf_figurines,figurine_or_sculpture,clear,global_cls__c10__source0p5,fixed_base_plus_three_motif_heads__equal_centered_logits,fixed_three_descriptor_consensus,10.0,True,0.8595106022241783,0.0010527329941443478,0.05267120618612447,0.006701946260389892,0.08006351233516286
img_8e4e2df20591c6c2,nested_outer_oof_adaptive_base_fixed_consensus_v5,dataset_test/01_opishnyan_ceramics/o237_4.jpg,01_opishnyan_ceramics,03_bubnivka_ceramics,False,0.5577070715244602,03_bubnivka_ceramics,01_opishnyan_ceramics,05_kosiv_ceramics,4,train,srcgrp_2f3fc2708dc7b50c,src_global_opn_shelf_figurines,mixed_display_or_collection,partial,global_cls__c10__source0p5,fixed_base_plus_three_motif_heads__equal_centered_logits,fixed_three_descriptor_consensus,10.0,True,0.4182056737791449,0.0021892435633072867,0.5577070715244602,0.004648730984049207,0.017249280149038416
img_522edcd776a0834e,nested_outer_oof_adaptive_base_fixed_consensus_v5,dataset_test/01_opishnyan_ceramics/o237_5.jpg,01_opishnyan_ceramics,01_opishnyan_ceramics,True,0.7939442030895189,01_opishnyan_ceramics,03_bubnivka_ceramics,05_kosiv_ceramics,4,train,srcgrp_2f3fc2708dc7b50c,src_global_opn_shelf_figurines,mixed_display_or_collection,small,global_cls__c10__source0p5,fixed_base_plus_three_motif_heads__equal_centered_logits,fixed_three_descriptor_consensus,10.0,True,0.7939442030895189,0.014339705569577432,0.15559629357451188,0.0010052282723838613,0.03511456949400779
img_016ad741c5ec6aee,nested_outer_oof_adaptive_base_fixed_consensus_v5,dataset_test/01_opishnyan_ceramics/o248_1.jpg,01_opishnyan_ceramics,01_opishnyan_ceramics,True,0.7824771355222803,01_opishnyan_ceramics,02_ornek,05_kosiv_ceramics,0,train,srcgrp_b30951e6e0850d05,src_global_opn_roundmark_catalog,other,clear,three_view_cls_logit_ensemble__c100__source0p5,fixed_base_plus_three_motif_heads__equal_centered_logits,fixed_three_descriptor_consensus,10.0,True,0.7824771355222803,0.2091149674204227,0.0021164484507904518,7.471866803008943e-05,0.006216729938476704
img_16adda10446f0f8e,nested_outer_oof_adaptive_base_fixed_consensus_v5,dataset_test/01_opishnyan_ceramics/o248_2.jpg,01_opishnyan_ceramics,01_opishnyan_ceramics,True,0.9979491403150433,01_opishnyan_ceramics,02_ornek,04_petrykivka_painting,0,train,srcgrp_b30951e6e0850d05,src_global_opn_roundmark_catalog,other,partial,three_view_cls_logit_ensemble__c100__source0p5,fixed_base_plus_three_motif_heads__equal_centered_logits,fixed_three_descriptor_consensus,10.0,True,0.9979491403150433,0.0018301887617224752,4.127670396200917e-05,0.00012941989902166422,4.997432025057047e-05
img_405b61e590499e61,nested_outer_oof_adaptive_base_fixed_consensus_v5,dataset_test/01_opishnyan_ceramics/o252.jpg,01_opishnyan_ceramics,01_opishnyan_ceramics,True,0.8659086697222724,01_opishnyan_ceramics,02_ornek,03_bubnivka_ceramics,0,train,srcgrp_b30951e6e0850d05,src_global_opn_roundmark_catalog,unreviewed,unreviewed,three_view_cls_logit_ensemble__c100__source0p5,fixed_base_plus_three_motif_heads__equal_centered_logits,fixed_three_descriptor_consensus,10.0,True,0.8659086697222724,0.12259006878058226,0.00984101736412438,0.0008314813919102384,0.0008287627411107565
img_1fce5d45a91c61fe,nested_outer_oof_adaptive_base_fixed_consensus_v5,dataset_test/01_opishnyan_ceramics/o254.jpg,01_opishnyan_ceramics,01_opishnyan_ceramics,True,0.9461062773829597,01_opishnyan_ceramics,02_ornek,03_bubnivka_ceramics,0,train,srcgrp_b30951e6e0850d05,src_global_opn_roundmark_catalog,unreviewed,unreviewed,three_view_cls_logit_ensemble__c100__source0p5,fixed_base_plus_three_motif_heads__equal_centered_logits,fixed_three_descriptor_consensus,10.0,True,0.9461062773829597,0.05244455587582909,0.0006473643795694134,0.00025698871677428135,0.000544813644867715
img_dc38208d2ad0ac7d,nested_outer_oof_adaptive_base_fixed_consensus_v5,dataset_test/01_opishnyan_ceramics/o257.jpg,01_opishnyan_ceramics,01_opishnyan_ceramics,True,0.7733716572438806,01_opishnyan_ceramics,02_ornek,03_bubnivka_ceramics,0,train,srcgrp_b30951e6e0850d05,src_global_opn_roundmark_catalog,unreviewed,unreviewed,three_view_cls_logit_ensemble__c100__source0p5,fixed_base_plus_three_motif_heads__equal_centered_logits,fixed_three_descriptor_consensus,10.0,True,0.7733716572438806,0.22514304236586172,0.0008411226121371315,0.00042071675672589816,0.00022346102139468756
img_c1f5897b897625cd,nested_outer_oof_adaptive_base_fixed_consensus_v5,dataset_test/01_opishnyan_ceramics/o264_1.jpg,01_opishnyan_ceramics,01_opishnyan_ceramics,True,0.9624931456714658,01_opishnyan_ceramics,05_kosiv_ceramics,03_bubnivka_ceramics,0,train,srcgrp_b30951e6e0850d05,src_global_opn_roundmark_catalog,figurine_or_sculpture,clear,three_view_cls_logit_ensemble__c100__source0p5,fixed_base_plus_three_motif_heads__equal_centered_logits,fixed_three_descriptor_consensus,10.0,True,0.9624931456714658,0.00027068512408776876,0.008615786783495054,0.00037712680967379473,0.028243255611277333
img_ee917848c0e2ac85,nested_outer_oof_adaptive_base_fixed_consensus_v5,dataset_test/01_opishnyan_ceramics/o264_2.jpg,01_opishnyan_ceramics,01_opishnyan_ceramics,True,0.9170224370868671,01_opishnyan_ceramics,05_kosiv_ceramics,03_bubnivka_ceramics,0,train,srcgrp_b30951e6e0850d05,src_global_opn_roundmark_catalog,figurine_or_sculpture,clear,three_view_cls_logit_ensemble__c100__source0p5,fixed_base_plus_three_motif_heads__equal_centered_logits,fixed_three_descriptor_consensus,10.0,True,0.9170224370868671,0.0014679646456533216,0.005994887066756451,0.00196627517403893,0.0735484360266842
img_d9f2362b82df1168,nested_outer_oof_adaptive_base_fixed_consensus_v5,dataset_test/01_opishnyan_ceramics/o274.jpg,01_opishnyan_ceramics,01_opishnyan_ceramics,True,0.9995124956416496,01_opishnyan_ceramics,02_ornek,05_kosiv_ceramics,0,train,srcgrp_b30951e6e0850d05,src_global_opn_roundmark_catalog,unreviewed,unreviewed,three_view_cls_logit_ensemble__c100__source0p5,fixed_base_plus_three_motif_heads__equal_centered_logits,fixed_three_descriptor_consensus,10.0,True,0.9995124956416496,0.0003726685197283351,2.5587212608893026e-05,1.446497701634056e-05,7.478364899684696e-05
img_c581eedca86c58c7,nested_outer_oof_adaptive_base_fixed_consensus_v5,dataset_test/01_opishnyan_ceramics/o280.jpg,01_opishnyan_ceramics,01_opishnyan_ceramics,True,0.996971106852425,01_opishnyan_ceramics,02_ornek,03_bubnivka_ceramics,0,train,srcgrp_b30951e6e0850d05,src_global_opn_roundmark_catalog,unreviewed,unreviewed,three_view_cls_logit_ensemble__c100__source0p5,fixed_base_plus_three_motif_heads__equal_centered_logits,fixed_three_descriptor_consensus,10.0,True,0.996971106852425,0.0013795246453308365,0.0008626370312307991,0.00012536269510786735,0.0006613687759058136
img_132232fc5279c9dc,nested_outer_oof_adaptive_base_fixed_consensus_v5,dataset_test/01_opishnyan_ceramics/o283.jpeg,01_opishnyan_ceramics,01_opishnyan_ceramics,True,0.7872224725284407,01_opishnyan_ceramics,02_ornek,05_kosiv_ceramics,0,train,srcgrp_b30951e6e0850d05,src_global_opn_roundmark_catalog,unreviewed,unreviewed,three_view_cls_logit_ensemble__c100__source0p5,fixed_base_plus_three_motif_heads__equal_centered_logits,fixed_three_descriptor_consensus,10.0,True,0.7872224725284407,0.19623664923330175,0.0011413329665623596,0.0054976200153903755,0.009901925256304756
img_4b15a6fe65b93e55,nested_outer_oof_adaptive_base_fixed_consensus_v5,dataset_test/01_opishnyan_ceramics/o284.jpeg,01_opishnyan_ceramics,01_opishnyan_ceramics,True,0.504345441023837,01_opishnyan_ceramics,02_ornek,05_kosiv_ceramics,0,train,srcgrp_b30951e6e0850d05,src_global_opn_roundmark_catalog,other,clear,three_view_cls_logit_ensemble__c100__source0p5,fixed_base_plus_three_motif_heads__equal_centered_logits,fixed_three_descriptor_consensus,10.0,True,0.504345441023837,0.43351816744656796,0.004888928814318535,0.010686821191800113,0.04656064152347629
img_56cba7ae17031ba8,nested_outer_oof_adaptive_base_fixed_consensus_v5,dataset_test/01_opishnyan_ceramics/o286_2.jpg,01_opishnyan_ceramics,01_opishnyan_ceramics,True,0.9806483199183295,01_opishnyan_ceramics,03_bubnivka_ceramics,05_kosiv_ceramics,0,train,srcgrp_b30951e6e0850d05,src_global_opn_roundmark_catalog,figurine_or_sculpture,clear,three_view_cls_logit_ensemble__c100__source0p5,fixed_base_plus_three_motif_heads__equal_centered_logits,fixed_three_descriptor_consensus,10.0,True,0.9806483199183295,0.00029491648443383045,0.017999993691022006,0.0003780124905155923,0.0006787574156992127
img_bad71dee8ab659a6,nested_outer_oof_adaptive_base_fixed_consensus_v5,dataset_test/01_opishnyan_ceramics/o292.jpg,01_opishnyan_ceramics,01_opishnyan_ceramics,True,0.9714803886229572,01_opishnyan_ceramics,02_ornek,05_kosiv_ceramics,0,train,srcgrp_b30951e6e0850d05,src_global_opn_roundmark_catalog,vase_jug_or_vessel,clear,three_view_cls_logit_ensemble__c100__source0p5,fixed_base_plus_three_motif_heads__equal_centered_logits,fixed_three_descriptor_consensus,10.0,True,0.9714803886229572,0.026000901997442823,0.000730482959350919,0.0005267842747349619,0.0012614421455143946
img_1e2d829fb4be622d,nested_outer_oof_adaptive_base_fixed_consensus_v5,dataset_test/01_opishnyan_ceramics/o292_2.jpg,01_opishnyan_ceramics,01_opishnyan_ceramics,True,0.9977037771900313,01_opishnyan_ceramics,02_ornek,03_bubnivka_ceramics,0,train,srcgrp_b30951e6e0850d05,src_global_opn_roundmark_catalog,vase_jug_or_vessel,clear,three_view_cls_logit_ensemble__c100__source0p5,fixed_base_plus_three_motif_heads__equal_centered_logits,fixed_three_descriptor_consensus,10.0,True,0.9977037771900313,0.0018124134204311937,0.0003328919552432937,5.0046840236994295e-05,0.00010087059405704204
img_5c8289caa32140d6,nested_outer_oof_adaptive_base_fixed_consensus_v5,dataset_test/01_opishnyan_ceramics/o295.jpg,01_opishnyan_ceramics,01_opishnyan_ceramics,True,0.9965489929361979,01_opishnyan_ceramics,05_kosiv_ceramics,02_ornek,0,train,srcgrp_b30951e6e0850d05,src_global_opn_roundmark_catalog,unreviewed,unreviewed,three_view_cls_logit_ensemble__c100__source0p5,fixed_base_plus_three_motif_heads__equal_centered_logits,fixed_three_descriptor_consensus,10.0,True,0.9965489929361979,0.0010701863385528731,0.0005357793785908817,9.262680823637022e-05,0.0017524145384218406
img_afdca78c8e225301,nested_outer_oof_adaptive_base_fixed_consensus_v5,dataset_test/01_opishnyan_ceramics/o299.jpeg,01_opishnyan_ceramics,01_opishnyan_ceramics,True,0.997741392431186,01_opishnyan_ceramics,02_ornek,05_kosiv_ceramics,0,train,srcgrp_b30951e6e0850d05,src_global_opn_roundmark_catalog,unreviewed,unreviewed,three_view_cls_logit_ensemble__c100__source0p5,fixed_base_plus_three_motif_heads__equal_centered_logits,fixed_three_descriptor_consensus,10.0,True,0.997741392431186,0.0019251053620000444,9.255469481641528e-05,3.424428066496976e-05,0.0002067032313325203
img_e6bbaf3dda9cc4c0,nested_outer_oof_adaptive_base_fixed_consensus_v5,dataset_test/01_opishnyan_ceramics/o303.jpeg,01_opishnyan_ceramics,01_opishnyan_ceramics,True,0.8732676222852561,01_opishnyan_ceramics,02_ornek,04_petrykivka_painting,0,train,srcgrp_b30951e6e0850d05,src_global_opn_roundmark_catalog,unreviewed,unreviewed,three_view_cls_logit_ensemble__c100__source0p5,fixed_base_plus_three_motif_heads__equal_centered_logits,fixed_three_descriptor_consensus,10.0,True,0.8732676222852561,0.07060035302171938,0.010294944250107248,0.033100078925089677,0.01273700151782755
img_7ce59b9e881e2c58,nested_outer_oof_adaptive_base_fixed_consensus_v5,dataset_test/01_opishnyan_ceramics/o308_1.jpg,01_opishnyan_ceramics,01_opishnyan_ceramics,True,0.976566404808041,01_opishnyan_ceramics,02_ornek,05_kosiv_ceramics,0,train,srcgrp_b30951e6e0850d05,src_global_opn_roundmark_catalog,vase_jug_or_vessel,clear,three_view_cls_logit_ensemble__c100__source0p5,fixed_base_plus_three_motif_heads__equal_centered_logits,fixed_three_descriptor_consensus,10.0,True,0.976566404808041,0.014885963499685215,0.003958172814296862,0.0004927286337231474,0.004096730244253881
img_9580e860d4b311cc,nested_outer_oof_adaptive_base_fixed_consensus_v5,dataset_test/01_opishnyan_ceramics/o308_2.jpg,01_opishnyan_ceramics,01_opishnyan_ceramics,True,0.9627645526547278,01_opishnyan_ceramics,02_ornek,03_bubnivka_ceramics,0,train,srcgrp_b30951e6e0850d05,src_global_opn_roundmark_catalog,vase_jug_or_vessel,clear,three_view_cls_logit_ensemble__c100__source0p5,fixed_base_plus_three_motif_heads__equal_centered_logits,fixed_three_descriptor_consensus,10.0,True,0.9627645526547278,0.019730867893234638,0.008791012266129442,0.0009352324161856744,0.007778334769722237
img_3ce592ed41633390,nested_outer_oof_adaptive_base_fixed_consensus_v5,dataset_test/01_opishnyan_ceramics/o312_1.jpg,01_opishnyan_ceramics,01_opishnyan_ceramics,True,0.9568172976706406,01_opishnyan_ceramics,02_ornek,05_kosiv_ceramics,0,train,srcgrp_b30951e6e0850d05,src_global_opn_roundmark_catalog,vase_jug_or_vessel,clear,three_view_cls_logit_ensemble__c100__source0p5,fixed_base_plus_three_motif_heads__equal_centered_logits,fixed_three_descriptor_consensus,10.0,True,0.9568172976706406,0.024502289509174418,0.004094120293410896,0.0015850968697724906,0.013001195657001478
img_553b709122e73f33,nested_outer_oof_adaptive_base_fixed_consensus_v5,dataset_test/01_opishnyan_ceramics/o312_2.jpg,01_opishnyan_ceramics,01_opishnyan_ceramics,True,0.9662131469397416,01_opishnyan_ceramics,02_ornek,05_kosiv_ceramics,0,train,srcgrp_b30951e6e0850d05,src_global_opn_roundmark_catalog,vase_jug_or_vessel,clear,three_view_cls_logit_ensemble__c100__source0p5,fixed_base_plus_three_motif_heads__equal_centered_logits,fixed_three_descriptor_consensus,10.0,True,0.9662131469397416,0.026045342376678618,0.0008197994824185111,0.0009643517975107821,0.005957359403650515
img_d5fc4b4084497255,nested_outer_oof_adaptive_base_fixed_consensus_v5,dataset_test/01_opishnyan_ceramics/o319_1.jpeg,01_opishnyan_ceramics,01_opishnyan_ceramics,True,0.6824257800733329,01_opishnyan_ceramics,03_bubnivka_ceramics,02_ornek,0,train,srcgrp_b30951e6e0850d05,src_global_opn_roundmark_catalog,box_or_container,clear,three_view_cls_logit_ensemble__c100__source0p5,fixed_base_plus_three_motif_heads__equal_centered_logits,fixed_three_descriptor_consensus,10.0,True,0.6824257800733329,0.09449190580468185,0.15157569540642837,0.0028205352198300386,0.06868608349572694
img_82597470ef24da72,nested_outer_oof_adaptive_base_fixed_consensus_v5,dataset_test/01_opishnyan_ceramics/o319_2.jpeg,01_opishnyan_ceramics,01_opishnyan_ceramics,True,0.9723116075268445,01_opishnyan_ceramics,03_bubnivka_ceramics,05_kosiv_ceramics,0,train,srcgrp_b30951e6e0850d05,src_global_opn_roundmark_catalog,box_or_container,clear,three_view_cls_logit_ensemble__c100__source0p5,fixed_base_plus_three_motif_heads__equal_centered_logits,fixed_three_descriptor_consensus,10.0,True,0.9723116075268445,0.00438141430884956,0.013118859950638422,0.0020962597490448045,0.008091858464622728
img_af90f81ca583b88d,nested_outer_oof_adaptive_base_fixed_consensus_v5,dataset_test/01_opishnyan_ceramics/o321_1.jpg,01_opishnyan_ceramics,01_opishnyan_ceramics,True,0.7515957984274911,01_opishnyan_ceramics,02_ornek,05_kosiv_ceramics,0,train,srcgrp_b30951e6e0850d05,src_global_opn_roundmark_catalog,box_or_container,clear,three_view_cls_logit_ensemble__c100__source0p5,fixed_base_plus_three_motif_heads__equal_centered_logits,fixed_three_descriptor_consensus,10.0,True,0.7515957984274911,0.189544737752237,0.011526096477707578,0.0013451890500234453,0.04598817829254092
img_3b58009f83299eb8,nested_outer_oof_adaptive_base_fixed_consensus_v5,dataset_test/01_opishnyan_ceramics/o321_2.jpg,01_opishnyan_ceramics,01_opishnyan_ceramics,True,0.9224803899718316,01_opishnyan_ceramics,02_ornek,03_bubnivka_ceramics,0,train,srcgrp_b30951e6e0850d05,src_global_opn_roundmark_catalog,box_or_container,clear,three_view_cls_logit_ensemble__c100__source0p5,fixed_base_plus_three_motif_heads__equal_centered_logits,fixed_three_descriptor_consensus,10.0,True,0.9224803899718316,0.047103125910992055,0.02026821950917481,0.002430528491553596,0.0077177361164481005
img_18060d827c3daf81,nested_outer_oof_adaptive_base_fixed_consensus_v5,dataset_test/01_opishnyan_ceramics/o323.jpg,01_opishnyan_ceramics,01_opishnyan_ceramics,True,0.9842125111679136,01_opishnyan_ceramics,05_kosiv_ceramics,03_bubnivka_ceramics,0,train,srcgrp_b30951e6e0850d05,src_global_opn_roundmark_catalog,unreviewed,unreviewed,three_view_cls_logit_ensemble__c100__source0p5,fixed_base_plus_three_motif_heads__equal_centered_logits,fixed_three_descriptor_consensus,10.0,True,0.9842125111679136,0.0020073889758556473,0.002267660011417847,0.0014308943216359204,0.01008154552317673
img_a8dc2d775ff6ee8c,nested_outer_oof_adaptive_base_fixed_consensus_v5,dataset_test/01_opishnyan_ceramics/o326_2.jpg,01_opishnyan_ceramics,01_opishnyan_ceramics,True,0.9830554658454326,01_opishnyan_ceramics,02_ornek,05_kosiv_ceramics,0,train,srcgrp_b30951e6e0850d05,src_global_opn_roundmark_catalog,cup_or_mug,clear,three_view_cls_logit_ensemble__c100__source0p5,fixed_base_plus_three_motif_heads__equal_centered_logits,fixed_three_descriptor_consensus,10.0,True,0.9830554658454326,0.01607366078310767,2.035106229838646e-05,5.3600754660823634e-05,0.0007969215545004628
img_bcc8cd23126a5768,nested_outer_oof_adaptive_base_fixed_consensus_v5,dataset_test/01_opishnyan_ceramics/o330_1.jpeg,01_opishnyan_ceramics,01_opishnyan_ceramics,True,0.9695987909403324,01_opishnyan_ceramics,03_bubnivka_ceramics,05_kosiv_ceramics,0,train,srcgrp_b30951e6e0850d05,src_global_opn_roundmark_catalog,box_or_container,clear,three_view_cls_logit_ensemble__c100__source0p5,fixed_base_plus_three_motif_heads__equal_centered_logits,fixed_three_descriptor_consensus,10.0,True,0.9695987909403324,0.005954353461358366,0.014590000741973972,0.0003496628285720641,0.009507192027763284
img_42a15338b3c1eace,nested_outer_oof_adaptive_base_fixed_consensus_v5,dataset_test/01_opishnyan_ceramics/o330_2.jpeg,01_opishnyan_ceramics,01_opishnyan_ceramics,True,0.9162543442446183,01_opishnyan_ceramics,02_ornek,05_kosiv_ceramics,0,train,srcgrp_b30951e6e0850d05,src_global_opn_roundmark_catalog,box_or_container,clear,three_view_cls_logit_ensemble__c100__source0p5,fixed_base_plus_three_motif_heads__equal_centered_logits,fixed_three_descriptor_consensus,10.0,True,0.9162543442446183,0.03755163516608816,0.012371963587825613,0.0011483313958941918,0.03267372560557367
img_5d3a6947e0671de9,nested_outer_oof_adaptive_base_fixed_consensus_v5,dataset_test/01_opishnyan_ceramics/o336_1.jpg,01_opishnyan_ceramics,01_opishnyan_ceramics,True,0.9509981669716912,01_opishnyan_ceramics,02_ornek,04_petrykivka_painting,0,train,srcgrp_b30951e6e0850d05,src_global_opn_roundmark_catalog,vase_jug_or_vessel,clear,three_view_cls_logit_ensemble__c100__source0p5,fixed_base_plus_three_motif_heads__equal_centered_logits,fixed_three_descriptor_consensus,10.0,True,0.9509981669716912,0.027415034001499416,0.008887089787349898,0.011128745249965075,0.0015709639894946074
img_a2ca5dbabca1ea65,nested_outer_oof_adaptive_base_fixed_consensus_v5,dataset_test/01_opishnyan_ceramics/o336_2.jpg,01_opishnyan_ceramics,01_opishnyan_ceramics,True,0.8254996818365079,01_opishnyan_ceramics,03_bubnivka_ceramics,02_ornek,0,train,srcgrp_b30951e6e0850d05,src_global_opn_roundmark_catalog,vase_jug_or_vessel,clear,three_view_cls_logit_ensemble__c100__source0p5,fixed_base_plus_three_motif_heads__equal_centered_logits,fixed_three_descriptor_consensus,10.0,True,0.8254996818365079,0.06881267194551902,0.0987168587159549,0.0038655837098063588,0.0031052037922117905
img_295ae82551ac46e5,nested_outer_oof_adaptive_base_fixed_consensus_v5,dataset_test/01_opishnyan_ceramics/o337_1.jpg,01_opishnyan_ceramics,01_opishnyan_ceramics,True,0.9891224044176924,01_opishnyan_ceramics,02_ornek,05_kosiv_ceramics,0,train,srcgrp_b30951e6e0850d05,src_global_opn_roundmark_catalog,vase_jug_or_vessel,clear,three_view_cls_logit_ensemble__c100__source0p5,fixed_base_plus_three_motif_heads__equal_centered_logits,fixed_three_descriptor_consensus,10.0,True,0.9891224044176924,0.005136958510172924,0.0004460967031462892,0.001037165583082934,0.004257374785905539
img_50bb507662906a8a,nested_outer_oof_adaptive_base_fixed_consensus_v5,dataset_test/01_opishnyan_ceramics/o337_2.jpg,01_opishnyan_ceramics,01_opishnyan_ceramics,True,0.986649069378695,01_opishnyan_ceramics,05_kosiv_ceramics,02_ornek,0,train,srcgrp_b30951e6e0850d05,src_global_opn_roundmark_catalog,vase_jug_or_vessel,clear,three_view_cls_logit_ensemble__c100__source0p5,fixed_base_plus_three_motif_heads__equal_centered_logits,fixed_three_descriptor_consensus,10.0,True,0.986649069378695,0.0054326879866052466,0.0004788057200025454,0.0009347794444829997,0.006504657470214388
img_734752b738511b0d,nested_outer_oof_adaptive_base_fixed_consensus_v5,dataset_test/01_opishnyan_ceramics/o337_3.jpg,01_opishnyan_ceramics,01_opishnyan_ceramics,True,0.988540865620527,01_opishnyan_ceramics,02_ornek,03_bubnivka_ceramics,0,train,srcgrp_b30951e6e0850d05,src_global_opn_roundmark_catalog,vase_jug_or_vessel,clear,three_view_cls_logit_ensemble__c100__source0p5,fixed_base_plus_three_motif_heads__equal_centered_logits,fixed_three_descriptor_consensus,10.0,True,0.988540865620527,0.004745130197803514,0.004672811683144654,0.00044844373262933093,0.0015927487658955427
img_4cb33cee2798a612,nested_outer_oof_adaptive_base_fixed_consensus_v5,dataset_test/01_opishnyan_ceramics/o342.jpg,01_opishnyan_ceramics,01_opishnyan_ceramics,True,0.9967733336363018,01_opishnyan_ceramics,02_ornek,03_bubnivka_ceramics,0,train,srcgrp_b30951e6e0850d05,src_global_opn_roundmark_catalog,unreviewed,unreviewed,three_view_cls_logit_ensemble__c100__source0p5,fixed_base_plus_three_motif_heads__equal_centered_logits,fixed_three_descriptor_consensus,10.0,True,0.9967733336363018,0.0015737393760137273,0.0010237108976403264,0.0003474746552654116,0.0002817414347790276
img_74f059af8cdcd958,nested_outer_oof_adaptive_base_fixed_consensus_v5,dataset_test/01_opishnyan_ceramics/o345.jpeg,01_opishnyan_ceramics,01_opishnyan_ceramics,True,0.9458511339614419,01_opishnyan_ceramics,02_ornek,05_kosiv_ceramics,0,train,srcgrp_b30951e6e0850d05,src_global_opn_roundmark_catalog,unreviewed,unreviewed,three_view_cls_logit_ensemble__c100__source0p5,fixed_base_plus_three_motif_heads__equal_centered_logits,fixed_three_descriptor_consensus,10.0,True,0.9458511339614419,0.039130089583003874,0.0028750593652465324,0.00041566098117072744,0.011728056109137103
img_1ca9f2febeaf6ae4,nested_outer_oof_adaptive_base_fixed_consensus_v5,dataset_test/01_opishnyan_ceramics/o349.jpg,01_opishnyan_ceramics,01_opishnyan_ceramics,True,0.9443644810615881,01_opishnyan_ceramics,05_kosiv_ceramics,02_ornek,0,train,srcgrp_b30951e6e0850d05,src_global_opn_roundmark_catalog,unreviewed,unreviewed,three_view_cls_logit_ensemble__c100__source0p5,fixed_base_plus_three_motif_heads__equal_centered_logits,fixed_three_descriptor_consensus,10.0,True,0.9443644810615881,0.006086670492894801,0.0018774474266698843,0.0017409716916666521,0.04593042932718032
img_39b616188fad4eaa,nested_outer_oof_adaptive_base_fixed_consensus_v5,dataset_test/01_opishnyan_ceramics/o353.jpg,01_opishnyan_ceramics,01_opishnyan_ceramics,True,0.7271511681390792,01_opishnyan_ceramics,03_bubnivka_ceramics,02_ornek,0,train,srcgrp_b30951e6e0850d05,src_global_opn_roundmark_catalog,unreviewed,unreviewed,three_view_cls_logit_ensemble__c100__source0p5,fixed_base_plus_three_motif_heads__equal_centered_logits,fixed_three_descriptor_consensus,10.0,True,0.7271511681390792,0.059704798202314134,0.19029028801146308,0.0021455215696523067,0.02070822407749129
img_d796eebc07c2e289,nested_outer_oof_adaptive_base_fixed_consensus_v5,dataset_test/01_opishnyan_ceramics/o355.jpg,01_opishnyan_ceramics,01_opishnyan_ceramics,True,0.9635464274951419,01_opishnyan_ceramics,02_ornek,05_kosiv_ceramics,0,train,srcgrp_b30951e6e0850d05,src_global_opn_roundmark_catalog,unreviewed,unreviewed,three_view_cls_logit_ensemble__c100__source0p5,fixed_base_plus_three_motif_heads__equal_centered_logits,fixed_three_descriptor_consensus,10.0,True,0.9635464274951419,0.01223002111960715,0.006659851765763776,0.006044784297415419,0.011518915322071622
img_74538819b5b0bbf1,nested_outer_oof_adaptive_base_fixed_consensus_v5,dataset_test/01_opishnyan_ceramics/o358.jpg,01_opishnyan_ceramics,01_opishnyan_ceramics,True,0.994331931566982,01_opishnyan_ceramics,03_bubnivka_ceramics,02_ornek,0,train,srcgrp_b30951e6e0850d05,src_global_opn_roundmark_catalog,unreviewed,unreviewed,three_view_cls_logit_ensemble__c100__source0p5,fixed_base_plus_three_motif_heads__equal_centered_logits,fixed_three_descriptor_consensus,10.0,True,0.994331931566982,0.0014791994189346906,0.0021309368546601065,0.001401517324559328,0.0006564148348637336
img_0d5c7708357a9e5b,nested_outer_oof_adaptive_base_fixed_consensus_v5,dataset_test/01_opishnyan_ceramics/o360.jpg,01_opishnyan_ceramics,01_opishnyan_ceramics,True,0.9849953866016901,01_opishnyan_ceramics,02_ornek,03_bubnivka_ceramics,0,train,srcgrp_b30951e6e0850d05,src_global_opn_roundmark_catalog,unreviewed,unreviewed,three_view_cls_logit_ensemble__c100__source0p5,fixed_base_plus_three_motif_heads__equal_centered_logits,fixed_three_descriptor_consensus,10.0,True,0.9849953866016901,0.00842970633997904,0.004947013972256557,0.0014538799642028904,0.0001740131218714367
img_44dae0b6e6112b8f,nested_outer_oof_adaptive_base_fixed_consensus_v5,dataset_test/01_opishnyan_ceramics/o362_1.jpg,01_opishnyan_ceramics,01_opishnyan_ceramics,True,0.962014236248455,01_opishnyan_ceramics,02_ornek,03_bubnivka_ceramics,0,train,srcgrp_b30951e6e0850d05,src_global_opn_roundmark_catalog,cup_or_mug,clear,three_view_cls_logit_ensemble__c100__source0p5,fixed_base_plus_three_motif_heads__equal_centered_logits,fixed_three_descriptor_consensus,10.0,True,0.962014236248455,0.03082039570932122,0.004933458719883205,9.429283078845555e-05,0.002137616491552383
img_4abb9030b7959c85,nested_outer_oof_adaptive_base_fixed_consensus_v5,dataset_test/01_opishnyan_ceramics/o362_2.jpg,01_opishnyan_ceramics,01_opishnyan_ceramics,True,0.9764583808058738,01_opishnyan_ceramics,02_ornek,03_bubnivka_ceramics,0,train,srcgrp_b30951e6e0850d05,src_global_opn_roundmark_catalog,cup_or_mug,clear,three_view_cls_logit_ensemble__c100__source0p5,fixed_base_plus_three_motif_heads__equal_centered_logits,fixed_three_descriptor_consensus,10.0,True,0.9764583808058738,0.01965425834508015,0.002964210223810838,3.0044926022500802e-05,0.0008931056992128041
img_ce2b553062ec2b5f,nested_outer_oof_adaptive_base_fixed_consensus_v5,dataset_test/01_opishnyan_ceramics/o365_1.jpg,01_opishnyan_ceramics,01_opishnyan_ceramics,True,0.992021823389719,01_opishnyan_ceramics,02_ornek,03_bubnivka_ceramics,0,train,srcgrp_b30951e6e0850d05,src_global_opn_roundmark_catalog,cup_or_mug,clear,three_view_cls_logit_ensemble__c100__source0p5,fixed_base_plus_three_motif_heads__equal_centered_logits,fixed_three_descriptor_consensus,10.0,True,0.992021823389719,0.005414976216231696,0.0020694729975626056,0.00014903590106102917,0.0003446914954256391
img_c86a1ccd325ec77a,nested_outer_oof_adaptive_base_fixed_consensus_v5,dataset_test/01_opishnyan_ceramics/o365_2.jpg,01_opishnyan_ceramics,01_opishnyan_ceramics,True,0.9593808593288635,01_opishnyan_ceramics,02_ornek,03_bubnivka_ceramics,0,train,srcgrp_b30951e6e0850d05,src_global_opn_roundmark_catalog,cup_or_mug,clear,three_view_cls_logit_ensemble__c100__source0p5,fixed_base_plus_three_motif_heads__equal_centered_logits,fixed_three_descriptor_consensus,10.0,True,0.9593808593288635,0.029795667044073746,0.009626600408472581,0.00016794542658029734,0.0010289277920099095
img_5e5f15214adb0fa2,nested_outer_oof_adaptive_base_fixed_consensus_v5,dataset_test/01_opishnyan_ceramics/o371_1.jpg,01_opishnyan_ceramics,01_opishnyan_ceramics,True,0.9447855449595582,01_opishnyan_ceramics,05_kosiv_ceramics,02_ornek,0,train,srcgrp_b30951e6e0850d05,src_global_opn_roundmark_catalog,cup_or_mug,clear,three_view_cls_logit_ensemble__c100__source0p5,fixed_base_plus_three_motif_heads__equal_centered_logits,fixed_three_descriptor_consensus,10.0,True,0.9447855449595582,0.008131844907557096,0.0008658352556450684,0.0031824689714543422,0.043034305905785164
img_aa5c718d24f4401f,nested_outer_oof_adaptive_base_fixed_consensus_v5,dataset_test/01_opishnyan_ceramics/o371_2.jpg,01_opishnyan_ceramics,01_opishnyan_ceramics,True,0.9572768117505134,01_opishnyan_ceramics,05_kosiv_ceramics,02_ornek,0,train,srcgrp_b30951e6e0850d05,src_global_opn_roundmark_catalog,cup_or_mug,clear,three_view_cls_logit_ensemble__c100__source0p5,fixed_base_plus_three_motif_heads__equal_centered_logits,fixed_three_descriptor_consensus,10.0,True,0.9572768117505134,0.006302961604978825,0.003971777365019875,0.0006614835543644899,0.031786965725123496
img_a41f538eaa3ca4fd,nested_outer_oof_adaptive_base_fixed_consensus_v5,dataset_test/01_opishnyan_ceramics/o375_1.jpg,01_opishnyan_ceramics,01_opishnyan_ceramics,True,0.9658990587236151,01_opishnyan_ceramics,05_kosiv_ceramics,03_bubnivka_ceramics,0,train,srcgrp_b30951e6e0850d05,src_global_opn_roundmark_catalog,cup_or_mug,clear,three_view_cls_logit_ensemble__c100__source0p5,fixed_base_plus_three_motif_heads__equal_centered_logits,fixed_three_descriptor_consensus,10.0,True,0.9658990587236151,0.006148976727170557,0.008499835937910859,0.0011976237812414588,0.018254504830061958
img_d0833ac497c47d30,nested_outer_oof_adaptive_base_fixed_consensus_v5,dataset_test/01_opishnyan_ceramics/o375_3.jpg,01_opishnyan_ceramics,01_opishnyan_ceramics,True,0.9889958467664668,01_opishnyan_ceramics,05_kosiv_ceramics,02_ornek,0,train,srcgrp_b30951e6e0850d05,src_global_opn_roundmark_catalog,cup_or_mug,clear,three_view_cls_logit_ensemble__c100__source0p5,fixed_base_plus_three_motif_heads__equal_centered_logits,fixed_three_descriptor_consensus,10.0,True,0.9889958467664668,0.0027830030798506925,0.001156603994454571,0.0003935095167139221,0.006671036642514126
img_c00c4c06be6cc2d0,nested_outer_oof_adaptive_base_fixed_consensus_v5,dataset_test/01_opishnyan_ceramics/o375_4.jpg,01_opishnyan_ceramics,01_opishnyan_ceramics,True,0.9951475074794011,01_opishnyan_ceramics,02_ornek,04_petrykivka_painting,0,train,srcgrp_b30951e6e0850d05,src_global_opn_roundmark_catalog,plate_or_bowl,clear,three_view_cls_logit_ensemble__c100__source0p5,fixed_base_plus_three_motif_heads__equal_centered_logits,fixed_three_descriptor_consensus,10.0,True,0.9951475074794011,0.002245831839301193,0.00045587392792574794,0.0012348358005035644,0.0009159509528681738
img_166c65513bea513d,nested_outer_oof_adaptive_base_fixed_consensus_v5,dataset_test/01_opishnyan_ceramics/o379_1.jpg,01_opishnyan_ceramics,01_opishnyan_ceramics,True,0.9977798750027981,01_opishnyan_ceramics,02_ornek,03_bubnivka_ceramics,0,train,srcgrp_b30951e6e0850d05,src_global_opn_roundmark_catalog,cup_or_mug,clear,three_view_cls_logit_ensemble__c100__source0p5,fixed_base_plus_three_motif_heads__equal_centered_logits,fixed_three_descriptor_consensus,10.0,True,0.9977798750027981,0.000911248921649333,0.0008679524751057856,2.1745616935716007e-05,0.00041917798351105554
img_763f34bf262c091b,nested_outer_oof_adaptive_base_fixed_consensus_v5,dataset_test/01_opishnyan_ceramics/o379_2.jpg,01_opishnyan_ceramics,01_opishnyan_ceramics,True,0.9991508037056661,01_opishnyan_ceramics,03_bubnivka_ceramics,02_ornek,0,train,srcgrp_b30951e6e0850d05,src_global_opn_roundmark_catalog,cup_or_mug,clear,three_view_cls_logit_ensemble__c100__source0p5,fixed_base_plus_three_motif_heads__equal_centered_logits,fixed_three_descriptor_consensus,10.0,True,0.9991508037056661,0.00017649843162159147,0.0006288249646867295,8.889921055581826e-06,3.49829769701094e-05
img_0362511ba2fbe757,nested_outer_oof_adaptive_base_fixed_consensus_v5,dataset_test/01_opishnyan_ceramics/o380_3.jpg,01_opishnyan_ceramics,01_opishnyan_ceramics,True,0.9985534604099553,01_opishnyan_ceramics,03_bubnivka_ceramics,04_petrykivka_painting,0,train,srcgrp_b30951e6e0850d05,src_global_opn_roundmark_catalog,figurine_or_sculpture,clear,three_view_cls_logit_ensemble__c100__source0p5,fixed_base_plus_three_motif_heads__equal_centered_logits,fixed_three_descriptor_consensus,10.0,True,0.9985534604099553,0.0003472983983634182,0.0007040438188198246,0.0003502781553032481,4.4919217558026574e-05
img_21379ee2dc031ca9,nested_outer_oof_adaptive_base_fixed_consensus_v5,dataset_test/01_opishnyan_ceramics/o380_4.jpg,01_opishnyan_ceramics,01_opishnyan_ceramics,True,0.9985872314360552,01_opishnyan_ceramics,03_bubnivka_ceramics,04_petrykivka_painting,0,train,srcgrp_b30951e6e0850d05,src_global_opn_roundmark_catalog,figurine_or_sculpture,clear,three_view_cls_logit_ensemble__c100__source0p5,fixed_base_plus_three_motif_heads__equal_centered_logits,fixed_three_descriptor_consensus,10.0,True,0.9985872314360552,0.00037494834795372687,0.000552016073133496,0.0004072265107553405,7.857763210225052e-05
img_e81e5234ac5445db,nested_outer_oof_adaptive_base_fixed_consensus_v5,dataset_test/01_opishnyan_ceramics/o384_1.jpg,01_opishnyan_ceramics,01_opishnyan_ceramics,True,0.9599948708734184,01_opishnyan_ceramics,02_ornek,05_kosiv_ceramics,0,train,srcgrp_b30951e6e0850d05,src_global_opn_roundmark_catalog,vase_jug_or_vessel,clear,three_view_cls_logit_ensemble__c100__source0p5,fixed_base_plus_three_motif_heads__equal_centered_logits,fixed_three_descriptor_consensus,10.0,True,0.9599948708734184,0.018453512574512103,0.002152898785505592,0.0019310234069517412,0.017467694359611867
img_640c20e82085ca29,nested_outer_oof_adaptive_base_fixed_consensus_v5,dataset_test/01_opishnyan_ceramics/o384_2.jpg,01_opishnyan_ceramics,01_opishnyan_ceramics,True,0.9868538824607268,01_opishnyan_ceramics,05_kosiv_ceramics,02_ornek,0,train,srcgrp_b30951e6e0850d05,src_global_opn_roundmark_catalog,vase_jug_or_vessel,clear,three_view_cls_logit_ensemble__c100__source0p5,fixed_base_plus_three_motif_heads__equal_centered_logits,fixed_three_descriptor_consensus,10.0,True,0.9868538824607268,0.004029265171915713,0.0007728622022876854,0.0013832488351006723,0.0069607413299690914
img_d474b98398f5f7ce,nested_outer_oof_adaptive_base_fixed_consensus_v5,dataset_dev/02_ornek/kt036.jpg,02_ornek,03_bubnivka_ceramics,False,0.39873278662819417,03_bubnivka_ceramics,05_kosiv_ceramics,02_ornek,1,train,obj_single_d474b98398f5f7ce,,unreviewed,unreviewed,global_cls__c10__source0p5,fixed_base_plus_three_motif_heads__equal_centered_logits,fixed_three_descriptor_consensus,10.0,True,0.03788804553700291,0.14958697386979045,0.39873278662819417,0.09739735457053633,0.31639483939447627
img_ebe542bf01199a35,nested_outer_oof_adaptive_base_fixed_consensus_v5,dataset_dev/02_ornek/kt037.jpg,02_ornek,02_ornek,True,0.9196207945407457,02_ornek,04_petrykivka_painting,01_opishnyan_ceramics,1,train,obj_single_ebe542bf01199a35,,unreviewed,unreviewed,global_cls__c10__source0p5,fixed_base_plus_three_motif_heads__equal_centered_logits,fixed_three_descriptor_consensus,10.0,True,0.030474105473286273,0.9196207945407457,0.0002850777072602446,0.034616677411741056,0.01500334486696651
img_e9aa8f455a86bb53,nested_outer_oof_adaptive_base_fixed_consensus_v5,dataset_dev/02_ornek/kt040.jpg,02_ornek,02_ornek,True,0.9987958008249802,02_ornek,04_petrykivka_painting,05_kosiv_ceramics,3,train,obj_single_e9aa8f455a86bb53,,unreviewed,unreviewed,three_view_cls_logit_ensemble__c100__source0p5,fixed_base_plus_three_motif_heads__equal_centered_logits,fixed_three_descriptor_consensus,10.0,True,5.454860823150575e-05,0.9987958008249802,1.877767428776416e-05,0.0005877979104446974,0.0005430749820559193
img_9b0f644c3f0f1c76,nested_outer_oof_adaptive_base_fixed_consensus_v5,dataset_dev/02_ornek/kt041.jpg,02_ornek,02_ornek,True,0.9604764644729095,02_ornek,04_petrykivka_painting,03_bubnivka_ceramics,4,train,obj_single_9b0f644c3f0f1c76,,unreviewed,unreviewed,global_cls__c10__source0p5,fixed_base_plus_three_motif_heads__equal_centered_logits,fixed_three_descriptor_consensus,10.0,True,0.0006346645501798381,0.9604764644729095,0.0017518797119314017,0.03571080134666406,0.0014261899183150109
img_bbe449f6d38f0e0f,nested_outer_oof_adaptive_base_fixed_consensus_v5,dataset_dev/02_ornek/kt043.jpg,02_ornek,02_ornek,True,0.9972989394418931,02_ornek,03_bubnivka_ceramics,05_kosiv_ceramics,3,train,obj_single_bbe449f6d38f0e0f,,unreviewed,unreviewed,three_view_cls_logit_ensemble__c100__source0p5,fixed_base_plus_three_motif_heads__equal_centered_logits,fixed_three_descriptor_consensus,10.0,True,0.0003059988639969623,0.9972989394418931,0.0008726640235337348,0.000757307890727732,0.000765089779848459
img_e88ecb3d87846eb8,nested_outer_oof_adaptive_base_fixed_consensus_v5,dataset_dev/02_ornek/kt044.jpg,02_ornek,02_ornek,True,0.991665399240175,02_ornek,01_opishnyan_ceramics,03_bubnivka_ceramics,0,train,obj_single_e88ecb3d87846eb8,,unreviewed,unreviewed,three_view_cls_logit_ensemble__c100__source0p5,fixed_base_plus_three_motif_heads__equal_centered_logits,fixed_three_descriptor_consensus,10.0,True,0.006057855655365715,0.991665399240175,0.0014174465407005513,9.03356583741578e-05,0.0007689629053844888
img_e60b766cf9683f58,nested_outer_oof_adaptive_base_fixed_consensus_v5,dataset_dev/02_ornek/kt045.jpg,02_ornek,02_ornek,True,0.995768981079007,02_ornek,05_kosiv_ceramics,03_bubnivka_ceramics,3,train,obj_single_e60b766cf9683f58,,unreviewed,unreviewed,three_view_cls_logit_ensemble__c100__source0p5,fixed_base_plus_three_motif_heads__equal_centered_logits,fixed_three_descriptor_consensus,10.0,True,0.00020318798762585343,0.995768981079007,0.0008331392350815068,0.0007353276737848617,0.002459364024500737
img_da32e067eda846dd,nested_outer_oof_adaptive_base_fixed_consensus_v5,dataset_dev/02_ornek/kt047.jpg,02_ornek,02_ornek,True,0.9834458404360816,02_ornek,04_petrykivka_painting,05_kosiv_ceramics,4,validation,src_manual_105,,textile_or_rug,clear,global_cls__c10__source0p5,fixed_base_plus_three_motif_heads__equal_centered_logits,fixed_three_descriptor_consensus,10.0,True,0.001005130805478253,0.9834458404360816,0.004622644945408225,0.0059488365817918915,0.004977547231240001
img_0716e8a6e8b41c8c,nested_outer_oof_adaptive_base_fixed_consensus_v5,dataset_dev/02_ornek/kt047_2.jpg,02_ornek,02_ornek,True,0.9823732552032091,02_ornek,03_bubnivka_ceramics,05_kosiv_ceramics,4,validation,src_manual_105,,textile_or_rug,clear,global_cls__c10__source0p5,fixed_base_plus_three_motif_heads__equal_centered_logits,fixed_three_descriptor_consensus,10.0,True,0.002686590185328953,0.9823732552032091,0.00581695037444039,0.004293481250893856,0.004829722986127788
img_ac9722ac074506d0,nested_outer_oof_adaptive_base_fixed_consensus_v5,dataset_dev/02_ornek/kt047_3.jpg,02_ornek,02_ornek,True,0.9746011224394334,02_ornek,04_petrykivka_painting,05_kosiv_ceramics,4,validation,src_manual_105,,textile_or_rug,clear,global_cls__c10__source0p5,fixed_base_plus_three_motif_heads__equal_centered_logits,fixed_three_descriptor_consensus,10.0,True,0.0015875701379564617,0.9746011224394334,0.0026993834282731497,0.016689944547883,0.0044219794464539705
img_3b715f833c61256e,nested_outer_oof_adaptive_base_fixed_consensus_v5,dataset_dev/02_ornek/kt047_4.jpg,02_ornek,02_ornek,True,0.9866300063874117,02_ornek,04_petrykivka_painting,05_kosiv_ceramics,4,validation,src_manual_105,,textile_or_rug,clear,global_cls__c10__source0p5,fixed_base_plus_three_motif_heads__equal_centered_logits,fixed_three_descriptor_consensus,10.0,True,0.0017660568078329995,0.9866300063874117,0.0025470565711636743,0.005493456459977234,0.0035634237736144026
img_f40223a15b47d932,nested_outer_oof_adaptive_base_fixed_consensus_v5,dataset_dev/02_ornek/kt048.jpg,02_ornek,02_ornek,True,0.7493388307944197,02_ornek,05_kosiv_ceramics,03_bubnivka_ceramics,3,train,obj_single_f40223a15b47d932,,unreviewed,unreviewed,three_view_cls_logit_ensemble__c100__source0p5,fixed_base_plus_three_motif_heads__equal_centered_logits,fixed_three_descriptor_consensus,10.0,True,0.04059388274349839,0.7493388307944197,0.049110975725244574,0.0035587254853849735,0.15739758525145234
img_8afa84e87569f87c,nested_outer_oof_adaptive_base_fixed_consensus_v5,dataset_dev/02_ornek/kt049.jpg,02_ornek,02_ornek,True,0.956049087355992,02_ornek,05_kosiv_ceramics,03_bubnivka_ceramics,1,validation,obj_single_8afa84e87569f87c,,unreviewed,unreviewed,global_cls__c10__source0p5,fixed_base_plus_three_motif_heads__equal_centered_logits,fixed_three_descriptor_consensus,10.0,True,0.0023175715980255566,0.956049087355992,0.0033574785513608455,0.002132491953905692,0.03614337054071579
img_28ebe6d6a71b5f4a,nested_outer_oof_adaptive_base_fixed_consensus_v5,dataset_dev/02_ornek/kt050.jpg,02_ornek,02_ornek,True,0.8193346235392601,02_ornek,05_kosiv_ceramics,04_petrykivka_painting,4,train,obj_single_28ebe6d6a71b5f4a,,unreviewed,unreviewed,global_cls__c10__source0p5,fixed_base_plus_three_motif_heads__equal_centered_logits,fixed_three_descriptor_consensus,10.0,True,0.012188607041903683,0.8193346235392601,0.002227415913080074,0.03364139802959728,0.1326079554761589
img_8ebba865428c8c56,nested_outer_oof_adaptive_base_fixed_consensus_v5,dataset_dev/02_ornek/kt051.jpg,02_ornek,02_ornek,True,0.9281697151733869,02_ornek,01_opishnyan_ceramics,03_bubnivka_ceramics,1,train,obj_single_8ebba865428c8c56,,unreviewed,unreviewed,global_cls__c10__source0p5,fixed_base_plus_three_motif_heads__equal_centered_logits,fixed_three_descriptor_consensus,10.0,True,0.027548335173394525,0.9281697151733869,0.02350468233344212,0.01879483257335907,0.0019824347464174365
img_74490e7f987011e6,nested_outer_oof_adaptive_base_fixed_consensus_v5,dataset_dev/02_ornek/kt052.jpg,02_ornek,02_ornek,True,0.9919529372259374,02_ornek,05_kosiv_ceramics,04_petrykivka_painting,4,train,obj_single_74490e7f987011e6,,unreviewed,unreviewed,global_cls__c10__source0p5,fixed_base_plus_three_motif_heads__equal_centered_logits,fixed_three_descriptor_consensus,10.0,True,0.00010514317220599098,0.9919529372259374,0.0007748458867665743,0.0010717874343223722,0.006095286280767745
img_692b7354a9d6d694,nested_outer_oof_adaptive_base_fixed_consensus_v5,dataset_dev/02_ornek/kt054.jpg,02_ornek,02_ornek,True,0.9882071754928855,02_ornek,05_kosiv_ceramics,04_petrykivka_painting,3,train,obj_single_692b7354a9d6d694,,unreviewed,unreviewed,three_view_cls_logit_ensemble__c100__source0p5,fixed_base_plus_three_motif_heads__equal_centered_logits,fixed_three_descriptor_consensus,10.0,True,1.072620806573665e-05,0.9882071754928855,0.00024011471577259247,0.0006120881605100089,0.010929895422766052
img_a5090c5ee6262ca6,nested_outer_oof_adaptive_base_fixed_consensus_v5,dataset_dev/02_ornek/kt055.jpg,02_ornek,02_ornek,True,0.9328209773244347,02_ornek,04_petrykivka_painting,03_bubnivka_ceramics,0,train,obj_single_a5090c5ee6262ca6,,unreviewed,unreviewed,three_view_cls_logit_ensemble__c100__source0p5,fixed_base_plus_three_motif_heads__equal_centered_logits,fixed_three_descriptor_consensus,10.0,True,0.011919649925662622,0.9328209773244347,0.020836678362177202,0.022468656108663814,0.011954038279061637
img_2d5b14c38c59133c,nested_outer_oof_adaptive_base_fixed_consensus_v5,dataset_dev/02_ornek/kt056.jpg,02_ornek,02_ornek,True,0.957597045613022,02_ornek,03_bubnivka_ceramics,05_kosiv_ceramics,4,train,obj_single_2d5b14c38c59133c,,unreviewed,unreviewed,global_cls__c10__source0p5,fixed_base_plus_three_motif_heads__equal_centered_logits,fixed_three_descriptor_consensus,10.0,True,0.0018199638738592746,0.957597045613022,0.020522894370371497,0.008285706505909552,0.01177438963683777
img_bf0c9370a9592727,nested_outer_oof_adaptive_base_fixed_consensus_v5,dataset_dev/02_ornek/kt058.jpg,02_ornek,02_ornek,True,0.9194609656839081,02_ornek,04_petrykivka_painting,05_kosiv_ceramics,4,validation,obj_single_bf0c9370a9592727,,unreviewed,unreviewed,global_cls__c10__source0p5,fixed_base_plus_three_motif_heads__equal_centered_logits,fixed_three_descriptor_consensus,10.0,True,0.0031255088687236546,0.9194609656839081,0.0002717550439220906,0.07086966011155002,0.006272110291896046
img_cb3ace5fec7216d9,nested_outer_oof_adaptive_base_fixed_consensus_v5,dataset_dev/02_ornek/kt060.jpg,02_ornek,02_ornek,True,0.8948767497606409,02_ornek,04_petrykivka_painting,05_kosiv_ceramics,2,train,obj_single_cb3ace5fec7216d9,,unreviewed,unreviewed,three_view_cls_logit_ensemble__c100__source0p5,fixed_base_plus_three_motif_heads__equal_centered_logits,fixed_three_descriptor_consensus,10.0,True,0.00018969450716718793,0.8948767497606409,0.00011269044755511009,0.09877210896581981,0.006048756318816914
img_aff867fb8a5e61c3,nested_outer_oof_adaptive_base_fixed_consensus_v5,dataset_dev/02_ornek/kt062.jpg,02_ornek,02_ornek,True,0.9603855590159731,02_ornek,04_petrykivka_painting,05_kosiv_ceramics,0,train,obj_single_aff867fb8a5e61c3,,unreviewed,unreviewed,three_view_cls_logit_ensemble__c100__source0p5,fixed_base_plus_three_motif_heads__equal_centered_logits,fixed_three_descriptor_consensus,10.0,True,0.0004971266977471475,0.9603855590159731,4.884109339598327e-05,0.03723198443961672,0.0018364887532670714
img_994aab31e4bca7a6,nested_outer_oof_adaptive_base_fixed_consensus_v5,dataset_dev/02_ornek/kt063.jpg,02_ornek,02_ornek,True,0.9761234227208307,02_ornek,04_petrykivka_painting,05_kosiv_ceramics,0,validation,obj_single_994aab31e4bca7a6,,unreviewed,unreviewed,three_view_cls_logit_ensemble__c100__source0p5,fixed_base_plus_three_motif_heads__equal_centered_logits,fixed_three_descriptor_consensus,10.0,True,0.0006228420325578279,0.9761234227208307,0.0005590404321149483,0.013531792293220091,0.009162902521276505
img_73fcc22ca989cdd7,nested_outer_oof_adaptive_base_fixed_consensus_v5,dataset_dev/02_ornek/kt064.jpg,02_ornek,02_ornek,True,0.9059981420384812,02_ornek,01_opishnyan_ceramics,05_kosiv_ceramics,4,train,obj_single_73fcc22ca989cdd7,,unreviewed,unreviewed,global_cls__c10__source0p5,fixed_base_plus_three_motif_heads__equal_centered_logits,fixed_three_descriptor_consensus,10.0,True,0.08558567244464034,0.9059981420384812,0.0016005649910974026,0.003162332692710673,0.003653287833070451
img_5c5d775517389a8c,nested_outer_oof_adaptive_base_fixed_consensus_v5,dataset_dev/02_ornek/kt066.jpg,02_ornek,02_ornek,True,0.9983028471839878,02_ornek,05_kosiv_ceramics,04_petrykivka_painting,3,validation,obj_single_5c5d775517389a8c,,unreviewed,unreviewed,three_view_cls_logit_ensemble__c100__source0p5,fixed_base_plus_three_motif_heads__equal_centered_logits,fixed_three_descriptor_consensus,10.0,True,2.0413367135763965e-06,0.9983028471839878,0.000121157351748426,0.00020183436134635366,0.0013721197662037367
img_62909bfb0b972cb0,nested_outer_oof_adaptive_base_fixed_consensus_v5,dataset_dev/02_ornek/kt067.jpg,02_ornek,02_ornek,True,0.9871360952733134,02_ornek,05_kosiv_ceramics,04_petrykivka_painting,2,train,obj_single_62909bfb0b972cb0,,unreviewed,unreviewed,three_view_cls_logit_ensemble__c100__source0p5,fixed_base_plus_three_motif_heads__equal_centered_logits,fixed_three_descriptor_consensus,10.0,True,0.00014967710661836003,0.9871360952733134,0.002768015768937182,0.003266666239015734,0.006679545612115284
img_f77478212f03e4cc,nested_outer_oof_adaptive_base_fixed_consensus_v5,dataset_dev/02_ornek/kt069.jpg,02_ornek,02_ornek,True,0.989849140792921,02_ornek,04_petrykivka_painting,05_kosiv_ceramics,3,train,obj_single_f77478212f03e4cc,,unreviewed,unreviewed,three_view_cls_logit_ensemble__c100__source0p5,fixed_base_plus_three_motif_heads__equal_centered_logits,fixed_three_descriptor_consensus,10.0,True,3.9077289931582505e-05,0.989849140792921,0.0019291730302554483,0.0062346183125239416,0.0019479905743680548
img_68e27ef744a8413f,nested_outer_oof_adaptive_base_fixed_consensus_v5,dataset_dev/02_ornek/kt070.JPG,02_ornek,02_ornek,True,0.9802658158511081,02_ornek,01_opishnyan_ceramics,05_kosiv_ceramics,0,train,obj_single_68e27ef744a8413f,,unreviewed,unreviewed,three_view_cls_logit_ensemble__c100__source0p5,fixed_base_plus_three_motif_heads__equal_centered_logits,fixed_three_descriptor_consensus,10.0,True,0.01731504256978015,0.9802658158511081,0.00015908000217426354,0.0010071428005603803,0.0012529187763772758
img_1ef6d9fc62741df7,nested_outer_oof_adaptive_base_fixed_consensus_v5,dataset_dev/02_ornek/kt071.JPG,02_ornek,02_ornek,True,0.9695458043807565,02_ornek,05_kosiv_ceramics,01_opishnyan_ceramics,2,train,obj_single_1ef6d9fc62741df7,,unreviewed,unreviewed,three_view_cls_logit_ensemble__c100__source0p5,fixed_base_plus_three_motif_heads__equal_centered_logits,fixed_three_descriptor_consensus,10.0,True,0.007655240388690341,0.9695458043807565,0.0005569475517706858,0.0005803191005177502,0.021661688578264733
img_ceb0c34d91cd414f,nested_outer_oof_adaptive_base_fixed_consensus_v5,dataset_dev/02_ornek/kt072.jpg,02_ornek,02_ornek,True,0.9875231033035075,02_ornek,05_kosiv_ceramics,04_petrykivka_painting,0,train,obj_single_ceb0c34d91cd414f,,unreviewed,unreviewed,three_view_cls_logit_ensemble__c100__source0p5,fixed_base_plus_three_motif_heads__equal_centered_logits,fixed_three_descriptor_consensus,10.0,True,0.00041976934597220543,0.9875231033035075,0.0003152301013799198,0.0028210265452825356,0.008920870703857685
img_c2f216e6e3830b4e,nested_outer_oof_adaptive_base_fixed_consensus_v5,dataset_dev/02_ornek/kt074.jpg,02_ornek,02_ornek,True,0.9992821460163194,02_ornek,04_petrykivka_painting,05_kosiv_ceramics,3,train,obj_single_c2f216e6e3830b4e,,unreviewed,unreviewed,three_view_cls_logit_ensemble__c100__source0p5,fixed_base_plus_three_motif_heads__equal_centered_logits,fixed_three_descriptor_consensus,10.0,True,1.1688449229631283e-05,0.9992821460163194,0.00011069915496707124,0.00036886209480793084,0.00022660428467602832
img_ca33ab67b6e63aa9,nested_outer_oof_adaptive_base_fixed_consensus_v5,dataset_dev/02_ornek/kt077.JPG,02_ornek,02_ornek,True,0.8394846347417794,02_ornek,05_kosiv_ceramics,03_bubnivka_ceramics,1,train,obj_single_ca33ab67b6e63aa9,,unreviewed,unreviewed,global_cls__c10__source0p5,fixed_base_plus_three_motif_heads__equal_centered_logits,fixed_three_descriptor_consensus,10.0,True,0.016779572823822305,0.8394846347417794,0.040328167942380796,0.002621547125170531,0.10078607736684714
img_f69069a376bde604,nested_outer_oof_adaptive_base_fixed_consensus_v5,dataset_dev/02_ornek/kt078.JPG,02_ornek,02_ornek,True,0.87167453728936,02_ornek,05_kosiv_ceramics,01_opishnyan_ceramics,4,train,obj_single_f69069a376bde604,,unreviewed,unreviewed,global_cls__c10__source0p5,fixed_base_plus_three_motif_heads__equal_centered_logits,fixed_three_descriptor_consensus,10.0,True,0.012975735642671241,0.87167453728936,0.001198051501716141,0.007820290379583605,0.1063313851866693
img_d5e23f6343723b30,nested_outer_oof_adaptive_base_fixed_consensus_v5,dataset_dev/02_ornek/kt080.JPG,02_ornek,02_ornek,True,0.9913629561897376,02_ornek,04_petrykivka_painting,03_bubnivka_ceramics,1,train,obj_single_d5e23f6343723b30,,unreviewed,unreviewed,global_cls__c10__source0p5,fixed_base_plus_three_motif_heads__equal_centered_logits,fixed_three_descriptor_consensus,10.0,True,0.0002238010669723639,0.9913629561897376,0.003085967191399824,0.004735833567379581,0.0005914419845106117
img_1dc97abcc5e84442,nested_outer_oof_adaptive_base_fixed_consensus_v5,dataset_dev/02_ornek/kt082.JPG,02_ornek,02_ornek,True,0.9663781159412749,02_ornek,05_kosiv_ceramics,03_bubnivka_ceramics,4,train,obj_single_1dc97abcc5e84442,,unreviewed,unreviewed,global_cls__c10__source0p5,fixed_base_plus_three_motif_heads__equal_centered_logits,fixed_three_descriptor_consensus,10.0,True,0.0023984572957297828,0.9663781159412749,0.014120623781731814,0.00269036439978534,0.01441243858147826
img_7defcd1eb79556f1,nested_outer_oof_adaptive_base_fixed_consensus_v5,dataset_dev/02_ornek/kt083.JPG,02_ornek,02_ornek,True,0.954157583093033,02_ornek,03_bubnivka_ceramics,05_kosiv_ceramics,4,train,obj_single_7defcd1eb79556f1,,unreviewed,unreviewed,global_cls__c10__source0p5,fixed_base_plus_three_motif_heads__equal_centered_logits,fixed_three_descriptor_consensus,10.0,True,0.001899381210710862,0.954157583093033,0.03304094583689933,0.0019076635767155531,0.008994426282641303
img_09ba235a2e2c1ab8,nested_outer_oof_adaptive_base_fixed_consensus_v5,dataset_dev/02_ornek/kt084.jpg,02_ornek,02_ornek,True,0.9876708928485999,02_ornek,05_kosiv_ceramics,03_bubnivka_ceramics,0,train,obj_single_09ba235a2e2c1ab8,,unreviewed,unreviewed,three_view_cls_logit_ensemble__c100__source0p5,fixed_base_plus_three_motif_heads__equal_centered_logits,fixed_three_descriptor_consensus,10.0,True,0.0002630922804754025,0.9876708928485999,0.003090180600504043,0.0005850899170825753,0.008390744353338128
img_36737cf4db4f6361,nested_outer_oof_adaptive_base_fixed_consensus_v5,dataset_dev/02_ornek/kt085.jpg,02_ornek,02_ornek,True,0.9996181113084907,02_ornek,03_bubnivka_ceramics,04_petrykivka_painting,3,train,obj_single_36737cf4db4f6361,,unreviewed,unreviewed,three_view_cls_logit_ensemble__c100__source0p5,fixed_base_plus_three_motif_heads__equal_centered_logits,fixed_three_descriptor_consensus,10.0,True,4.601678553550803e-05,0.9996181113084907,0.00013417945983586524,0.00012596845654758992,7.572398959034315e-05
img_a28dbf2e0515a2d5,nested_outer_oof_adaptive_base_fixed_consensus_v5,dataset_dev/02_ornek/kt086.jpg,02_ornek,02_ornek,True,0.9736424349469545,02_ornek,05_kosiv_ceramics,03_bubnivka_ceramics,2,train,obj_single_a28dbf2e0515a2d5,,unreviewed,unreviewed,three_view_cls_logit_ensemble__c100__source0p5,fixed_base_plus_three_motif_heads__equal_centered_logits,fixed_three_descriptor_consensus,10.0,True,0.0014242140189675925,0.9736424349469545,0.004810297288337207,0.001639832740847391,0.018483221004893254
img_6578ee54ee33def5,nested_outer_oof_adaptive_base_fixed_consensus_v5,dataset_dev/02_ornek/kt087.JPG,02_ornek,02_ornek,True,0.7673554683362857,02_ornek,03_bubnivka_ceramics,01_opishnyan_ceramics,0,train,obj_single_6578ee54ee33def5,,unreviewed,unreviewed,three_view_cls_logit_ensemble__c100__source0p5,fixed_base_plus_three_motif_heads__equal_centered_logits,fixed_three_descriptor_consensus,10.0,True,0.06533950202170677,0.7673554683362857,0.16583251657452305,0.0006649154527708496,0.0008075976147137889
img_62f6e3ee48c548dc,nested_outer_oof_adaptive_base_fixed_consensus_v5,dataset_dev/02_ornek/kt089.jpg,02_ornek,02_ornek,True,0.8156543590485084,02_ornek,05_kosiv_ceramics,01_opishnyan_ceramics,4,train,obj_single_62f6e3ee48c548dc,,unreviewed,unreviewed,global_cls__c10__source0p5,fixed_base_plus_three_motif_heads__equal_centered_logits,fixed_three_descriptor_consensus,10.0,True,0.0458531828502088,0.8156543590485084,0.001523060510446366,0.03249106347784477,0.10447833411299176
img_e5b6b88d0a8feb6f,nested_outer_oof_adaptive_base_fixed_consensus_v5,dataset_dev/02_ornek/kt092.jpg,02_ornek,02_ornek,True,0.994837102316161,02_ornek,05_kosiv_ceramics,04_petrykivka_painting,3,train,obj_single_e5b6b88d0a8feb6f,,unreviewed,unreviewed,three_view_cls_logit_ensemble__c100__source0p5,fixed_base_plus_three_motif_heads__equal_centered_logits,fixed_three_descriptor_consensus,10.0,True,0.00016688738142944,0.994837102316161,0.0006786450079220875,0.0018701258808609433,0.002447239413626493
img_db9a20180b026614,nested_outer_oof_adaptive_base_fixed_consensus_v5,dataset_dev/02_ornek/kt093.JPG,02_ornek,02_ornek,True,0.9280560424431067,02_ornek,01_opishnyan_ceramics,05_kosiv_ceramics,4,validation,obj_single_db9a20180b026614,,unreviewed,unreviewed,global_cls__c10__source0p5,fixed_base_plus_three_motif_heads__equal_centered_logits,fixed_three_descriptor_consensus,10.0,True,0.03248134850670603,0.9280560424431067,0.00552798446331915,0.00513795699719696,0.028796667589671462
img_fe5516feebc93710,nested_outer_oof_adaptive_base_fixed_consensus_v5,dataset_dev/02_ornek/kt095.jpg,02_ornek,02_ornek,True,0.9982926862436127,02_ornek,01_opishnyan_ceramics,05_kosiv_ceramics,3,train,obj_single_fe5516feebc93710,,unreviewed,unreviewed,three_view_cls_logit_ensemble__c100__source0p5,fixed_base_plus_three_motif_heads__equal_centered_logits,fixed_three_descriptor_consensus,10.0,True,0.0007651196742407676,0.9982926862436127,0.00020337728685294185,0.0001290666907573705,0.0006097501045362813
img_c19961d5fb4544a4,nested_outer_oof_adaptive_base_fixed_consensus_v5,dataset_dev/02_ornek/kt096.JPG,02_ornek,02_ornek,True,0.9957374835854094,02_ornek,04_petrykivka_painting,05_kosiv_ceramics,1,train,obj_single_c19961d5fb4544a4,,unreviewed,unreviewed,global_cls__c10__source0p5,fixed_base_plus_three_motif_heads__equal_centered_logits,fixed_three_descriptor_consensus,10.0,True,0.00012062432011945746,0.9957374835854094,0.0006983524094053497,0.0018273604026410816,0.0016161792824248063
img_91ed57602079e64d,nested_outer_oof_adaptive_base_fixed_consensus_v5,dataset_dev/02_ornek/kt097.jpg,02_ornek,02_ornek,True,0.9800873030125034,02_ornek,01_opishnyan_ceramics,05_kosiv_ceramics,2,validation,obj_single_91ed57602079e64d,,unreviewed,unreviewed,three_view_cls_logit_ensemble__c100__source0p5,fixed_base_plus_three_motif_heads__equal_centered_logits,fixed_three_descriptor_consensus,10.0,True,0.016846780157983163,0.9800873030125034,0.00021087179589992464,0.0011740782651008246,0.001680966768512786
img_ad40ab1b4dd666a3,nested_outer_oof_adaptive_base_fixed_consensus_v5,dataset_dev/02_ornek/kt098.jpg,02_ornek,02_ornek,True,0.9461885603440026,02_ornek,05_kosiv_ceramics,03_bubnivka_ceramics,3,train,obj_single_ad40ab1b4dd666a3,,unreviewed,unreviewed,three_view_cls_logit_ensemble__c100__source0p5,fixed_base_plus_three_motif_heads__equal_centered_logits,fixed_three_descriptor_consensus,10.0,True,0.0062983827821534956,0.9461885603440026,0.01937269789964989,0.006529926475169889,0.02161043249902397
img_5948f89a20f8809b,nested_outer_oof_adaptive_base_fixed_consensus_v5,dataset_dev/02_ornek/kt101.JPG,02_ornek,02_ornek,True,0.8241379927678203,02_ornek,01_opishnyan_ceramics,05_kosiv_ceramics,4,train,obj_single_5948f89a20f8809b,,unreviewed,unreviewed,global_cls__c10__source0p5,fixed_base_plus_three_motif_heads__equal_centered_logits,fixed_three_descriptor_consensus,10.0,True,0.12830088014778082,0.8241379927678203,0.007394455950595106,0.008426638246805543,0.03174003288699816
img_aaec975cf9084b3c,nested_outer_oof_adaptive_base_fixed_consensus_v5,dataset_dev/02_ornek/kt103.jpg,02_ornek,02_ornek,True,0.9972700358676055,02_ornek,04_petrykivka_painting,05_kosiv_ceramics,4,train,obj_single_aaec975cf9084b3c,,unreviewed,unreviewed,global_cls__c10__source0p5,fixed_base_plus_three_motif_heads__equal_centered_logits,fixed_three_descriptor_consensus,10.0,True,6.796979599683543e-05,0.9972700358676055,0.0004807648767041101,0.0013151086861673959,0.0008661207735261706
img_e55af9bd10197072,nested_outer_oof_adaptive_base_fixed_consensus_v5,dataset_dev/02_ornek/kt105.JPG,02_ornek,02_ornek,True,0.9745248079656378,02_ornek,01_opishnyan_ceramics,05_kosiv_ceramics,4,validation,obj_single_e55af9bd10197072,,unreviewed,unreviewed,global_cls__c10__source0p5,fixed_base_plus_three_motif_heads__equal_centered_logits,fixed_three_descriptor_consensus,10.0,True,0.010293978327569056,0.9745248079656378,0.00312649821080593,0.004890422227409031,0.007164293268578413
img_4798910d71086b14,nested_outer_oof_adaptive_base_fixed_consensus_v5,dataset_dev/02_ornek/kt109.jpg,02_ornek,02_ornek,True,0.9758821291022802,02_ornek,03_bubnivka_ceramics,01_opishnyan_ceramics,3,train,obj_single_4798910d71086b14,,unreviewed,unreviewed,three_view_cls_logit_ensemble__c100__source0p5,fixed_base_plus_three_motif_heads__equal_centered_logits,fixed_three_descriptor_consensus,10.0,True,0.00677517566059165,0.9758821291022802,0.012168555748105797,0.00018390078142008917,0.004990238707602269
img_af26d8745585f286,nested_outer_oof_adaptive_base_fixed_consensus_v5,dataset_dev/02_ornek/kt110.jpg,02_ornek,02_ornek,True,0.963984998523885,02_ornek,03_bubnivka_ceramics,05_kosiv_ceramics,4,train,obj_single_af26d8745585f286,,unreviewed,unreviewed,global_cls__c10__source0p5,fixed_base_plus_three_motif_heads__equal_centered_logits,fixed_three_descriptor_consensus,10.0,True,0.0037967206549205253,0.963984998523885,0.023477514993626967,0.0003014365006647712,0.008439329326902677
img_47d9ae5681e65332,nested_outer_oof_adaptive_base_fixed_consensus_v5,dataset_dev/02_ornek/kt111.jpg,02_ornek,02_ornek,True,0.9902301390543871,02_ornek,05_kosiv_ceramics,03_bubnivka_ceramics,0,train,obj_single_47d9ae5681e65332,,unreviewed,unreviewed,three_view_cls_logit_ensemble__c100__source0p5,fixed_base_plus_three_motif_heads__equal_centered_logits,fixed_three_descriptor_consensus,10.0,True,0.00057462127761833,0.9902301390543871,0.0016729531558067618,0.00023773039121759477,0.007284556120970177
img_3284e6abaf9984f8,nested_outer_oof_adaptive_base_fixed_consensus_v5,dataset_dev/02_ornek/kt113.jpg,02_ornek,02_ornek,True,0.9848441971271066,02_ornek,03_bubnivka_ceramics,01_opishnyan_ceramics,4,train,obj_single_3284e6abaf9984f8,,unreviewed,unreviewed,global_cls__c10__source0p5,fixed_base_plus_three_motif_heads__equal_centered_logits,fixed_three_descriptor_consensus,10.0,True,0.002323654845427703,0.9848441971271066,0.010657284522227908,0.0004659465397378813,0.0017089169654999378
img_8c453a7e8bcb5257,nested_outer_oof_adaptive_base_fixed_consensus_v5,dataset_dev/02_ornek/kt114.jpg,02_ornek,02_ornek,True,0.6597550858444344,02_ornek,01_opishnyan_ceramics,03_bubnivka_ceramics,2,train,obj_single_8c453a7e8bcb5257,,unreviewed,unreviewed,three_view_cls_logit_ensemble__c100__source0p5,fixed_base_plus_three_motif_heads__equal_centered_logits,fixed_three_descriptor_consensus,10.0,True,0.3302221036884895,0.6597550858444344,0.005840195149793165,0.00041792435659293695,0.0037646909606901566
img_25cfeed84d3a9bba,nested_outer_oof_adaptive_base_fixed_consensus_v5,dataset_dev/02_ornek/kt115.jpg,02_ornek,02_ornek,True,0.9773311490231223,02_ornek,03_bubnivka_ceramics,05_kosiv_ceramics,1,train,obj_single_25cfeed84d3a9bba,,unreviewed,unreviewed,global_cls__c10__source0p5,fixed_base_plus_three_motif_heads__equal_centered_logits,fixed_three_descriptor_consensus,10.0,True,0.0037821272029918327,0.9773311490231223,0.009951175921213924,0.0019578963212409707,0.006977651531430916
img_7391f0030103aebe,nested_outer_oof_adaptive_base_fixed_consensus_v5,dataset_dev/02_ornek/kt116.jpg,02_ornek,02_ornek,True,0.9855689557672255,02_ornek,03_bubnivka_ceramics,05_kosiv_ceramics,3,validation,obj_single_7391f0030103aebe,,unreviewed,unreviewed,three_view_cls_logit_ensemble__c100__source0p5,fixed_base_plus_three_motif_heads__equal_centered_logits,fixed_three_descriptor_consensus,10.0,True,0.0020371535164976614,0.9855689557672255,0.007722372186266806,3.760126372387631e-05,0.004633917266286187
img_7801ce607572275c,nested_outer_oof_adaptive_base_fixed_consensus_v5,dataset_dev/02_ornek/kt118.jpg,02_ornek,02_ornek,True,0.9907692642776261,02_ornek,05_kosiv_ceramics,01_opishnyan_ceramics,0,train,obj_single_7801ce607572275c,,unreviewed,unreviewed,three_view_cls_logit_ensemble__c100__source0p5,fixed_base_plus_three_motif_heads__equal_centered_logits,fixed_three_descriptor_consensus,10.0,True,0.0026111263028348163,0.9907692642776261,0.0003694798864319011,0.000766733070802072,0.005483396462305006
img_22013e24d1939d3b,nested_outer_oof_adaptive_base_fixed_consensus_v5,dataset_dev/02_ornek/kt119.jpg,02_ornek,02_ornek,True,0.9972323475483003,02_ornek,01_opishnyan_ceramics,03_bubnivka_ceramics,3,train,obj_single_22013e24d1939d3b,,unreviewed,unreviewed,three_view_cls_logit_ensemble__c100__source0p5,fixed_base_plus_three_motif_heads__equal_centered_logits,fixed_three_descriptor_consensus,10.0,True,0.0020304328544419464,0.9972323475483003,0.00036287215914384847,3.7718644044984174e-05,0.00033662879406892504
img_32a4d5adc545a6d3,nested_outer_oof_adaptive_base_fixed_consensus_v5,dataset_dev/02_ornek/kt120.jpg,02_ornek,02_ornek,True,0.9965727001112326,02_ornek,05_kosiv_ceramics,04_petrykivka_painting,2,train,obj_single_32a4d5adc545a6d3,,unreviewed,unreviewed,three_view_cls_logit_ensemble__c100__source0p5,fixed_base_plus_three_motif_heads__equal_centered_logits,fixed_three_descriptor_consensus,10.0,True,0.0004898684762730998,0.9965727001112326,0.0005422368576798299,0.0005985386527746601,0.0017966559020396687
img_4a68e5a8d933e670,nested_outer_oof_adaptive_base_fixed_consensus_v5,dataset_dev/02_ornek/kt123.jpg,02_ornek,02_ornek,True,0.9885733484017921,02_ornek,03_bubnivka_ceramics,04_petrykivka_painting,4,train,obj_single_4a68e5a8d933e670,,unreviewed,unreviewed,global_cls__c10__source0p5,fixed_base_plus_three_motif_heads__equal_centered_logits,fixed_three_descriptor_consensus,10.0,True,0.0016696346615378897,0.9885733484017921,0.005559514343234897,0.002135874648325571,0.0020616279451093704
img_f63812ec94e10d43,nested_outer_oof_adaptive_base_fixed_consensus_v5,dataset_dev/02_ornek/kt124.jpg,02_ornek,02_ornek,True,0.9841123609562713,02_ornek,01_opishnyan_ceramics,03_bubnivka_ceramics,4,train,obj_single_f63812ec94e10d43,,unreviewed,unreviewed,global_cls__c10__source0p5,fixed_base_plus_three_motif_heads__equal_centered_logits,fixed_three_descriptor_consensus,10.0,True,0.007995165157915757,0.9841123609562713,0.005524883344462115,0.0002674743248304726,0.002100116216520258
img_847793f7bba24c27,nested_outer_oof_adaptive_base_fixed_consensus_v5,dataset_dev/02_ornek/kt126.jpg,02_ornek,02_ornek,True,0.9957924100525118,02_ornek,05_kosiv_ceramics,04_petrykivka_painting,3,train,obj_single_847793f7bba24c27,,unreviewed,unreviewed,three_view_cls_logit_ensemble__c100__source0p5,fixed_base_plus_three_motif_heads__equal_centered_logits,fixed_three_descriptor_consensus,10.0,True,0.0001987168766006702,0.9957924100525118,8.982069122284551e-05,0.0008419377138195972,0.0030771146658450685
img_26ab75589ea0d31e,nested_outer_oof_adaptive_base_fixed_consensus_v5,dataset_dev/02_ornek/kt128.jpg,02_ornek,02_ornek,True,0.9897852129202422,02_ornek,05_kosiv_ceramics,04_petrykivka_painting,1,train,obj_single_26ab75589ea0d31e,,unreviewed,unreviewed,global_cls__c10__source0p5,fixed_base_plus_three_motif_heads__equal_centered_logits,fixed_three_descriptor_consensus,10.0,True,7.573127979682889e-05,0.9897852129202422,0.00023402452612095783,0.002701210943974011,0.007203820329865953
img_44c67aa0fb7fc689,nested_outer_oof_adaptive_base_fixed_consensus_v5,dataset_dev/02_ornek/kt129.JPG,02_ornek,02_ornek,True,0.8809932812334833,02_ornek,03_bubnivka_ceramics,01_opishnyan_ceramics,1,train,obj_single_44c67aa0fb7fc689,,unreviewed,unreviewed,global_cls__c10__source0p5,fixed_base_plus_three_motif_heads__equal_centered_logits,fixed_three_descriptor_consensus,10.0,True,0.03729538506024108,0.8809932812334833,0.04238442952682651,0.006567395560347486,0.03275950861910166
img_e203780de80add18,nested_outer_oof_adaptive_base_fixed_consensus_v5,dataset_dev/02_ornek/kt131.jpg,02_ornek,02_ornek,True,0.9870241987068923,02_ornek,01_opishnyan_ceramics,04_petrykivka_painting,1,train,obj_single_e203780de80add18,,unreviewed,unreviewed,global_cls__c10__source0p5,fixed_base_plus_three_motif_heads__equal_centered_logits,fixed_three_descriptor_consensus,10.0,True,0.006978305566941056,0.9870241987068923,0.0021009344185912607,0.0036151064151014743,0.0002814548924739416
img_f8afa3063ae5bea0,nested_outer_oof_adaptive_base_fixed_consensus_v5,dataset_dev/02_ornek/kt132.jpg,02_ornek,02_ornek,True,0.9990329945832918,02_ornek,03_bubnivka_ceramics,05_kosiv_ceramics,3,train,obj_single_f8afa3063ae5bea0,,unreviewed,unreviewed,three_view_cls_logit_ensemble__c100__source0p5,fixed_base_plus_three_motif_heads__equal_centered_logits,fixed_three_descriptor_consensus,10.0,True,0.00010941358009644894,0.9990329945832918,0.00048645094233769765,5.9714202512581375e-05,0.0003114266917611922
img_cff0e4a9406cc489,nested_outer_oof_adaptive_base_fixed_consensus_v5,dataset_dev/02_ornek/kt140.jpg,02_ornek,02_ornek,True,0.9975122526538839,02_ornek,03_bubnivka_ceramics,01_opishnyan_ceramics,2,train,obj_single_cff0e4a9406cc489,,unreviewed,unreviewed,three_view_cls_logit_ensemble__c100__source0p5,fixed_base_plus_three_motif_heads__equal_centered_logits,fixed_three_descriptor_consensus,10.0,True,4.054986474093795e-05,0.9975122526538839,0.0023974808843180706,1.1112180447160169e-05,3.8604416609948184e-05
img_b2c0022103f58310,nested_outer_oof_adaptive_base_fixed_consensus_v5,dataset_dev/02_ornek/kt142.jpg,02_ornek,02_ornek,True,0.9879179984696678,02_ornek,05_kosiv_ceramics,03_bubnivka_ceramics,2,train,obj_single_b2c0022103f58310,,unreviewed,unreviewed,three_view_cls_logit_ensemble__c100__source0p5,fixed_base_plus_three_motif_heads__equal_centered_logits,fixed_three_descriptor_consensus,10.0,True,0.0005233185883222253,0.9879179984696678,0.000534969064754948,0.0004277140150536951,0.01059599986220134
img_10f2202c433f6254,nested_outer_oof_adaptive_base_fixed_consensus_v5,dataset_dev/02_ornek/kt143.jpg,02_ornek,02_ornek,True,0.8346324363100626,02_ornek,05_kosiv_ceramics,04_petrykivka_painting,0,train,obj_single_10f2202c433f6254,,unreviewed,unreviewed,three_view_cls_logit_ensemble__c100__source0p5,fixed_base_plus_three_motif_heads__equal_centered_logits,fixed_three_descriptor_consensus,10.0,True,0.0018046209120457847,0.8346324363100626,0.009813018585463297,0.014359085190103923,0.1393908390023245
img_12269aadac16fc18,nested_outer_oof_adaptive_base_fixed_consensus_v5,dataset_dev/02_ornek/kt145.jpg,02_ornek,02_ornek,True,0.8547198520235595,02_ornek,05_kosiv_ceramics,04_petrykivka_painting,2,train,obj_single_12269aadac16fc18,,unreviewed,unreviewed,three_view_cls_logit_ensemble__c100__source0p5,fixed_base_plus_three_motif_heads__equal_centered_logits,fixed_three_descriptor_consensus,10.0,True,0.0009413762218771724,0.8547198520235595,0.0016729464505486449,0.002670977411138287,0.13999484789287658
img_78371529dbe68ccf,nested_outer_oof_adaptive_base_fixed_consensus_v5,dataset_dev/02_ornek/kt146.jpg,02_ornek,02_ornek,True,0.9918810479559841,02_ornek,05_kosiv_ceramics,03_bubnivka_ceramics,4,validation,obj_single_78371529dbe68ccf,,unreviewed,unreviewed,global_cls__c10__source0p5,fixed_base_plus_three_motif_heads__equal_centered_logits,fixed_three_descriptor_consensus,10.0,True,0.000566223626214481,0.9918810479559841,0.0007441422384630534,0.00047671446512884206,0.006331871714209266
img_d88918a0c30b7dfa,nested_outer_oof_adaptive_base_fixed_consensus_v5,dataset_dev/02_ornek/kt148.jpg,02_ornek,02_ornek,True,0.9844812350570205,02_ornek,01_opishnyan_ceramics,03_bubnivka_ceramics,0,train,obj_single_d88918a0c30b7dfa,,unreviewed,unreviewed,three_view_cls_logit_ensemble__c100__source0p5,fixed_base_plus_three_motif_heads__equal_centered_logits,fixed_three_descriptor_consensus,10.0,True,0.01429726695010949,0.9844812350570205,0.0006898749317685743,0.00022765777841829145,0.0003039652826832764
img_833deede1bf90deb,nested_outer_oof_adaptive_base_fixed_consensus_v5,dataset_dev/02_ornek/kt149.jpg,02_ornek,02_ornek,True,0.9941802732071721,02_ornek,04_petrykivka_painting,05_kosiv_ceramics,3,validation,obj_single_833deede1bf90deb,,unreviewed,unreviewed,three_view_cls_logit_ensemble__c100__source0p5,fixed_base_plus_three_motif_heads__equal_centered_logits,fixed_three_descriptor_consensus,10.0,True,0.00014431729053782045,0.9941802732071721,8.065194021608453e-06,0.0048418870097512385,0.0008254572985169526
img_833cab8738ff11cd,nested_outer_oof_adaptive_base_fixed_consensus_v5,dataset_dev/02_ornek/kt150.JPG,02_ornek,02_ornek,True,0.8409546440280046,02_ornek,01_opishnyan_ceramics,05_kosiv_ceramics,0,validation,obj_single_833cab8738ff11cd,,unreviewed,unreviewed,three_view_cls_logit_ensemble__c100__source0p5,fixed_base_plus_three_motif_heads__equal_centered_logits,fixed_three_descriptor_consensus,10.0,True,0.12327574662957602,0.8409546440280046,0.0032298670439125238,0.00985777730669447,0.02268196499181247
img_f983c47ae3413a0f,nested_outer_oof_adaptive_base_fixed_consensus_v5,dataset_dev/02_ornek/kt153.jpg,02_ornek,02_ornek,True,0.9618753236044241,02_ornek,04_petrykivka_painting,05_kosiv_ceramics,3,train,obj_single_f983c47ae3413a0f,,unreviewed,unreviewed,three_view_cls_logit_ensemble__c100__source0p5,fixed_base_plus_three_motif_heads__equal_centered_logits,fixed_three_descriptor_consensus,10.0,True,0.0006701551946147286,0.9618753236044241,0.00024958119366882395,0.029913518475215325,0.007291421532077078
img_20228142e283cfc7,nested_outer_oof_adaptive_base_fixed_consensus_v5,dataset_dev/02_ornek/kt155.jpg,02_ornek,02_ornek,True,0.9989743156924511,02_ornek,04_petrykivka_painting,05_kosiv_ceramics,0,validation,obj_single_20228142e283cfc7,,unreviewed,unreviewed,three_view_cls_logit_ensemble__c100__source0p5,fixed_base_plus_three_motif_heads__equal_centered_logits,fixed_three_descriptor_consensus,10.0,True,8.171537318715455e-05,0.9989743156924511,1.8383157928392792e-05,0.0005998359094950142,0.0003257498669381806
img_b09bd5d415cf43a5,nested_outer_oof_adaptive_base_fixed_consensus_v5,dataset_dev/02_ornek/kt156.jpg,02_ornek,02_ornek,True,0.9481347833368969,02_ornek,04_petrykivka_painting,03_bubnivka_ceramics,1,train,obj_single_b09bd5d415cf43a5,,unreviewed,unreviewed,global_cls__c10__source0p5,fixed_base_plus_three_motif_heads__equal_centered_logits,fixed_three_descriptor_consensus,10.0,True,0.0015149262806980171,0.9481347833368969,0.011990934602288044,0.03568771538627695,0.002671640393840009
img_020c1150165f29b8,nested_outer_oof_adaptive_base_fixed_consensus_v5,dataset_dev/02_ornek/kt157.JPG,02_ornek,02_ornek,True,0.8898231854271444,02_ornek,05_kosiv_ceramics,03_bubnivka_ceramics,1,train,obj_single_020c1150165f29b8,,unreviewed,unreviewed,global_cls__c10__source0p5,fixed_base_plus_three_motif_heads__equal_centered_logits,fixed_three_descriptor_consensus,10.0,True,0.0014563749005722824,0.8898231854271444,0.032809117433057415,0.003275492046468346,0.07263583019275768
img_0f5959e0c6facdd2,nested_outer_oof_adaptive_base_fixed_consensus_v5,dataset_dev/02_ornek/kt160.jpg,02_ornek,02_ornek,True,0.9997335237249427,02_ornek,01_opishnyan_ceramics,03_bubnivka_ceramics,2,train,obj_single_0f5959e0c6facdd2,,unreviewed,unreviewed,three_view_cls_logit_ensemble__c100__source0p5,fixed_base_plus_three_motif_heads__equal_centered_logits,fixed_three_descriptor_consensus,10.0,True,0.00014711470827306788,0.9997335237249427,7.597242792026e-05,3.328555371986429e-05,1.0103585143939714e-05
img_238cf4955434d4e4,nested_outer_oof_adaptive_base_fixed_consensus_v5,dataset_dev/02_ornek/kt161.jpg,02_ornek,02_ornek,True,0.9933844433649436,02_ornek,01_opishnyan_ceramics,04_petrykivka_painting,3,train,obj_single_238cf4955434d4e4,,unreviewed,unreviewed,three_view_cls_logit_ensemble__c100__source0p5,fixed_base_plus_three_motif_heads__equal_centered_logits,fixed_three_descriptor_consensus,10.0,True,0.002682469052392346,0.9933844433649436,0.0008691730669031846,0.002603263194322888,0.0004606513214377651
img_9303c047c1ddaae6,nested_outer_oof_adaptive_base_fixed_consensus_v5,dataset_dev/02_ornek/kt162.jpg,02_ornek,02_ornek,True,0.9987684582540216,02_ornek,05_kosiv_ceramics,01_opishnyan_ceramics,2,train,obj_single_9303c047c1ddaae6,,unreviewed,unreviewed,three_view_cls_logit_ensemble__c100__source0p5,fixed_base_plus_three_motif_heads__equal_centered_logits,fixed_three_descriptor_consensus,10.0,True,0.0004226800299044877,0.9987684582540216,3.858507252084563e-05,2.4086474961158107e-05,0.000746190168591978
img_8211b9ef820e408b,nested_outer_oof_adaptive_base_fixed_consensus_v5,dataset_dev/02_ornek/kt164.jpg,02_ornek,02_ornek,True,0.9850082114153906,02_ornek,01_opishnyan_ceramics,03_bubnivka_ceramics,0,train,obj_single_8211b9ef820e408b,,unreviewed,unreviewed,three_view_cls_logit_ensemble__c100__source0p5,fixed_base_plus_three_motif_heads__equal_centered_logits,fixed_three_descriptor_consensus,10.0,True,0.005659668874531097,0.9850082114153906,0.0056184342422531345,0.0005367069375441059,0.003176978530280964
img_9f07269c34a24c16,nested_outer_oof_adaptive_base_fixed_consensus_v5,dataset_dev/02_ornek/kt165.jpg,02_ornek,02_ornek,True,0.9900552212919244,02_ornek,03_bubnivka_ceramics,01_opishnyan_ceramics,2,validation,obj_single_9f07269c34a24c16,,unreviewed,unreviewed,three_view_cls_logit_ensemble__c100__source0p5,fixed_base_plus_three_motif_heads__equal_centered_logits,fixed_three_descriptor_consensus,10.0,True,0.002847025602578987,0.9900552212919244,0.003929166024061965,0.001162181982245937,0.0020064050991887945
img_46de7fc1e4516b23,nested_outer_oof_adaptive_base_fixed_consensus_v5,dataset_dev/02_ornek/kt166.jpg,02_ornek,02_ornek,True,0.49686388892957883,02_ornek,03_bubnivka_ceramics,01_opishnyan_ceramics,1,validation,obj_single_46de7fc1e4516b23,,unreviewed,unreviewed,global_cls__c10__source0p5,fixed_base_plus_three_motif_heads__equal_centered_logits,fixed_three_descriptor_consensus,10.0,True,0.05140489324204867,0.49686388892957883,0.422383634788405,0.015224046295523068,0.014123536744444522
img_e3e32acdb6a7627b,nested_outer_oof_adaptive_base_fixed_consensus_v5,dataset_dev/02_ornek/kt168.jpg,02_ornek,02_ornek,True,0.9514572265351411,02_ornek,01_opishnyan_ceramics,05_kosiv_ceramics,3,train,obj_single_e3e32acdb6a7627b,,unreviewed,unreviewed,three_view_cls_logit_ensemble__c100__source0p5,fixed_base_plus_three_motif_heads__equal_centered_logits,fixed_three_descriptor_consensus,10.0,True,0.024458694396087943,0.9514572265351411,0.0029066725288356297,0.009700372844974776,0.011477033694960564
img_a5c930656555c24b,nested_outer_oof_adaptive_base_fixed_consensus_v5,dataset_dev/02_ornek/kt169.jpg,02_ornek,02_ornek,True,0.968768322550188,02_ornek,03_bubnivka_ceramics,05_kosiv_ceramics,0,train,obj_single_a5c930656555c24b,,unreviewed,unreviewed,three_view_cls_logit_ensemble__c100__source0p5,fixed_base_plus_three_motif_heads__equal_centered_logits,fixed_three_descriptor_consensus,10.0,True,0.002440263236926614,0.968768322550188,0.023639263675457482,0.00014401790013581414,0.005008132637292152
img_61422e5203dd2717,nested_outer_oof_adaptive_base_fixed_consensus_v5,dataset_dev/02_ornek/kt171.jpg,02_ornek,02_ornek,True,0.9977457161016575,02_ornek,01_opishnyan_ceramics,03_bubnivka_ceramics,0,train,obj_single_61422e5203dd2717,,unreviewed,unreviewed,three_view_cls_logit_ensemble__c100__source0p5,fixed_base_plus_three_motif_heads__equal_centered_logits,fixed_three_descriptor_consensus,10.0,True,0.001366707535322721,0.9977457161016575,0.0008688101207052367,7.711376068552799e-06,1.1054866245925256e-05
img_6da5140f0e8def50,nested_outer_oof_adaptive_base_fixed_consensus_v5,dataset_dev/02_ornek/kt172.jpg,02_ornek,02_ornek,True,0.9481544091680184,02_ornek,03_bubnivka_ceramics,01_opishnyan_ceramics,4,train,obj_single_6da5140f0e8def50,,unreviewed,unreviewed,global_cls__c10__source0p5,fixed_base_plus_three_motif_heads__equal_centered_logits,fixed_three_descriptor_consensus,10.0,True,0.017629524995469232,0.9481544091680184,0.030929895050862282,0.0006416959706877264,0.0026444748149624143
img_f2cb12041a752043,nested_outer_oof_adaptive_base_fixed_consensus_v5,dataset_dev/02_ornek/kt174.jpg,02_ornek,02_ornek,True,0.8265530493109646,02_ornek,03_bubnivka_ceramics,01_opishnyan_ceramics,0,train,obj_single_f2cb12041a752043,,unreviewed,unreviewed,three_view_cls_logit_ensemble__c100__source0p5,fixed_base_plus_three_motif_heads__equal_centered_logits,fixed_three_descriptor_consensus,10.0,True,0.004006604374255099,0.8265530493109646,0.16939386903618153,1.9876484236348147e-05,2.6600794362528422e-05
img_5c7de826fa789879,nested_outer_oof_adaptive_base_fixed_consensus_v5,dataset_dev/02_ornek/kt175.jpg,02_ornek,02_ornek,True,0.9857919662578114,02_ornek,01_opishnyan_ceramics,03_bubnivka_ceramics,1,train,obj_single_5c7de826fa789879,,unreviewed,unreviewed,global_cls__c10__source0p5,fixed_base_plus_three_motif_heads__equal_centered_logits,fixed_three_descriptor_consensus,10.0,True,0.010301897059928108,0.9857919662578114,0.0030543261970954706,8.442346573995405e-05,0.0007673870194250564
img_c8adceac0838a889,nested_outer_oof_adaptive_base_fixed_consensus_v5,dataset_dev/02_ornek/kt177.jpg,02_ornek,02_ornek,True,0.9374971863338732,02_ornek,05_kosiv_ceramics,01_opishnyan_ceramics,1,train,obj_single_c8adceac0838a889,,unreviewed,unreviewed,global_cls__c10__source0p5,fixed_base_plus_three_motif_heads__equal_centered_logits,fixed_three_descriptor_consensus,10.0,True,0.00835715089527442,0.9374971863338732,0.002698282616611588,0.004859010511650005,0.04658836964259046
img_2fc9f59218d107d1,nested_outer_oof_adaptive_base_fixed_consensus_v5,dataset_dev/02_ornek/kt178.jpg,02_ornek,02_ornek,True,0.9986222292929371,02_ornek,04_petrykivka_painting,01_opishnyan_ceramics,0,train,obj_single_2fc9f59218d107d1,,unreviewed,unreviewed,three_view_cls_logit_ensemble__c100__source0p5,fixed_base_plus_three_motif_heads__equal_centered_logits,fixed_three_descriptor_consensus,10.0,True,0.00037757375327777325,0.9986222292929371,5.415034088164675e-05,0.0007482149421080869,0.00019783167079537588
img_e1d43d0ed6655d90,nested_outer_oof_adaptive_base_fixed_consensus_v5,dataset_dev/02_ornek/kt179.jpg,02_ornek,02_ornek,True,0.904521548553969,02_ornek,03_bubnivka_ceramics,01_opishnyan_ceramics,4,train,obj_single_e1d43d0ed6655d90,,unreviewed,unreviewed,global_cls__c10__source0p5,fixed_base_plus_three_motif_heads__equal_centered_logits,fixed_three_descriptor_consensus,10.0,True,0.034529665806124696,0.904521548553969,0.04780637378574446,0.008392166708192527,0.004750245145969445
img_1909f4f02ff074d8,nested_outer_oof_adaptive_base_fixed_consensus_v5,dataset_dev/02_ornek/kt181.jpg,02_ornek,02_ornek,True,0.9964596860671747,02_ornek,01_opishnyan_ceramics,05_kosiv_ceramics,0,train,obj_single_1909f4f02ff074d8,,unreviewed,unreviewed,three_view_cls_logit_ensemble__c100__source0p5,fixed_base_plus_three_motif_heads__equal_centered_logits,fixed_three_descriptor_consensus,10.0,True,0.002819618050389116,0.9964596860671747,0.0001608962556859633,7.726494395564444e-05,0.00048253468279459025
img_30644491e86e9490,nested_outer_oof_adaptive_base_fixed_consensus_v5,dataset_dev/02_ornek/kt182.jpg,02_ornek,02_ornek,True,0.9976150248510471,02_ornek,03_bubnivka_ceramics,05_kosiv_ceramics,4,train,obj_single_30644491e86e9490,,unreviewed,unreviewed,global_cls__c10__source0p5,fixed_base_plus_three_motif_heads__equal_centered_logits,fixed_three_descriptor_consensus,10.0,True,5.4719500172864026e-05,0.9976150248510471,0.0012439770982588826,0.0004834931601333276,0.0006027853903877803
img_c65f2c51276aefc3,nested_outer_oof_adaptive_base_fixed_consensus_v5,dataset_dev/02_ornek/kt183.jpg,02_ornek,02_ornek,True,0.9996107461697854,02_ornek,03_bubnivka_ceramics,01_opishnyan_ceramics,0,train,obj_single_c65f2c51276aefc3,,unreviewed,unreviewed,three_view_cls_logit_ensemble__c100__source0p5,fixed_base_plus_three_motif_heads__equal_centered_logits,fixed_three_descriptor_consensus,10.0,True,0.00010407860048649144,0.9996107461697854,0.00013847391875847863,7.722662788678398e-05,6.947468308293015e-05
img_e9cfc5efecfeacd2,nested_outer_oof_adaptive_base_fixed_consensus_v5,dataset_dev/02_ornek/kt185.jpg,02_ornek,02_ornek,True,0.9284645750005937,02_ornek,04_petrykivka_painting,01_opishnyan_ceramics,3,validation,obj_single_e9cfc5efecfeacd2,,unreviewed,unreviewed,three_view_cls_logit_ensemble__c100__source0p5,fixed_base_plus_three_motif_heads__equal_centered_logits,fixed_three_descriptor_consensus,10.0,True,0.00040604804960392795,0.9284645750005937,0.0001075765910645958,0.07098889917605644,3.290118268133509e-05
img_1a233239493b1c99,nested_outer_oof_adaptive_base_fixed_consensus_v5,dataset_dev/02_ornek/kt203.jpg,02_ornek,02_ornek,True,0.9606695233074699,02_ornek,05_kosiv_ceramics,03_bubnivka_ceramics,3,validation,obj_single_1a233239493b1c99,,unreviewed,unreviewed,three_view_cls_logit_ensemble__c100__source0p5,fixed_base_plus_three_motif_heads__equal_centered_logits,fixed_three_descriptor_consensus,10.0,True,0.0016954176674416612,0.9606695233074699,0.001964418300025521,0.0011780572760978607,0.03449258344896517
img_e805b65df0c563eb,nested_outer_oof_adaptive_base_fixed_consensus_v5,dataset_dev/02_ornek/kt204.jpg,02_ornek,02_ornek,True,0.9812372677311852,02_ornek,04_petrykivka_painting,05_kosiv_ceramics,0,validation,obj_single_e805b65df0c563eb,,unreviewed,unreviewed,three_view_cls_logit_ensemble__c100__source0p5,fixed_base_plus_three_motif_heads__equal_centered_logits,fixed_three_descriptor_consensus,10.0,True,0.0007477061098440171,0.9812372677311852,0.0018051419956380348,0.01023097764179965,0.005978906521532999
img_397c69a03ed4a1bd,nested_outer_oof_adaptive_base_fixed_consensus_v5,dataset_dev/02_ornek/kt205.jpg,02_ornek,02_ornek,True,0.9119747991235903,02_ornek,01_opishnyan_ceramics,04_petrykivka_painting,2,train,obj_single_397c69a03ed4a1bd,,unreviewed,unreviewed,three_view_cls_logit_ensemble__c100__source0p5,fixed_base_plus_three_motif_heads__equal_centered_logits,fixed_three_descriptor_consensus,10.0,True,0.07400889543674065,0.9119747991235903,0.0023893829062875,0.0059218278765363844,0.005705094656845079
img_fe6b3e49914f0918,nested_outer_oof_adaptive_base_fixed_consensus_v5,dataset_dev/02_ornek/kt209.jpg,02_ornek,02_ornek,True,0.9585226446061006,02_ornek,01_opishnyan_ceramics,04_petrykivka_painting,3,train,obj_single_fe6b3e49914f0918,,unreviewed,unreviewed,three_view_cls_logit_ensemble__c100__source0p5,fixed_base_plus_three_motif_heads__equal_centered_logits,fixed_three_descriptor_consensus,10.0,True,0.02892284506559233,0.9585226446061006,0.0004439422318979723,0.01183846935269859,0.00027209874371049295
img_e61242c1b7b5f31d,nested_outer_oof_adaptive_base_fixed_consensus_v5,dataset_dev/02_ornek/kt211.JPG,02_ornek,02_ornek,True,0.9958564031104251,02_ornek,03_bubnivka_ceramics,04_petrykivka_painting,4,validation,obj_single_e61242c1b7b5f31d,,unreviewed,unreviewed,global_cls__c10__source0p5,fixed_base_plus_three_motif_heads__equal_centered_logits,fixed_three_descriptor_consensus,10.0,True,0.0005701673193012909,0.9958564031104251,0.0020818273350194454,0.0009150716371173024,0.0005765305981370954
img_38b6ff0fad2ab39f,nested_outer_oof_adaptive_base_fixed_consensus_v5,dataset_dev/02_ornek/kt212.JPG,02_ornek,02_ornek,True,0.9714536000645317,02_ornek,03_bubnivka_ceramics,05_kosiv_ceramics,1,train,obj_single_38b6ff0fad2ab39f,,unreviewed,unreviewed,global_cls__c10__source0p5,fixed_base_plus_three_motif_heads__equal_centered_logits,fixed_three_descriptor_consensus,10.0,True,0.0019869056236210937,0.9714536000645317,0.021182402279449196,0.002128569721835511,0.0032485223105625047
img_11c200cf25442021,nested_outer_oof_adaptive_base_fixed_consensus_v5,dataset_dev/02_ornek/kt214.JPG,02_ornek,02_ornek,True,0.9769240935138027,02_ornek,01_opishnyan_ceramics,04_petrykivka_painting,4,train,obj_single_11c200cf25442021,,unreviewed,unreviewed,global_cls__c10__source0p5,fixed_base_plus_three_motif_heads__equal_centered_logits,fixed_three_descriptor_consensus,10.0,True,0.01580769291500895,0.9769240935138027,0.0016460562560345797,0.003946198508206299,0.0016759588069473435
img_d6f987737bfc7b75,nested_outer_oof_adaptive_base_fixed_consensus_v5,dataset_dev/02_ornek/kt215.jpg,02_ornek,02_ornek,True,0.9670298707481689,02_ornek,04_petrykivka_painting,05_kosiv_ceramics,3,train,obj_single_d6f987737bfc7b75,,unreviewed,unreviewed,three_view_cls_logit_ensemble__c100__source0p5,fixed_base_plus_three_motif_heads__equal_centered_logits,fixed_three_descriptor_consensus,10.0,True,0.00012217779591543158,0.9670298707481689,0.0003589436835308298,0.01990372661741274,0.012585281154971973
img_54b5034f6ee26314,nested_outer_oof_adaptive_base_fixed_consensus_v5,dataset_dev/02_ornek/kt217.JPG,02_ornek,02_ornek,True,0.988909692585081,02_ornek,05_kosiv_ceramics,03_bubnivka_ceramics,1,validation,obj_single_54b5034f6ee26314,,unreviewed,unreviewed,global_cls__c10__source0p5,fixed_base_plus_three_motif_heads__equal_centered_logits,fixed_three_descriptor_consensus,10.0,True,0.0008080020284510855,0.988909692585081,0.004454159333342786,0.0011047411814358273,0.004723404871689481
img_de78264718d78149,nested_outer_oof_adaptive_base_fixed_consensus_v5,dataset_dev/02_ornek/kt218.JPG,02_ornek,02_ornek,True,0.9985049362402457,02_ornek,01_opishnyan_ceramics,03_bubnivka_ceramics,3,train,obj_single_de78264718d78149,,unreviewed,unreviewed,three_view_cls_logit_ensemble__c100__source0p5,fixed_base_plus_three_motif_heads__equal_centered_logits,fixed_three_descriptor_consensus,10.0,True,0.0007487854138372068,0.9985049362402457,0.0005261673471853743,0.00019201439398366983,2.8096604748204954e-05
img_43785bbbe1f4c0f4,nested_outer_oof_adaptive_base_fixed_consensus_v5,dataset_dev/02_ornek/kt219.JPG,02_ornek,02_ornek,True,0.96158196131657,02_ornek,05_kosiv_ceramics,04_petrykivka_painting,3,train,obj_single_43785bbbe1f4c0f4,,unreviewed,unreviewed,three_view_cls_logit_ensemble__c100__source0p5,fixed_base_plus_three_motif_heads__equal_centered_logits,fixed_three_descriptor_consensus,10.0,True,0.00032071068866828476,0.96158196131657,0.00470190005538491,0.008132109063681999,0.02526331887569463
img_b5b5e71e11e007b3,nested_outer_oof_adaptive_base_fixed_consensus_v5,dataset_dev/02_ornek/kt220.jpg,02_ornek,02_ornek,True,0.9664303864259073,02_ornek,04_petrykivka_painting,01_opishnyan_ceramics,2,train,obj_single_b5b5e71e11e007b3,,unreviewed,unreviewed,three_view_cls_logit_ensemble__c100__source0p5,fixed_base_plus_three_motif_heads__equal_centered_logits,fixed_three_descriptor_consensus,10.0,True,0.007233278436817788,0.9664303864259073,1.3686855204378504e-05,0.026286172484293487,3.6475797776908024e-05
img_ea42815d47048164,nested_outer_oof_adaptive_base_fixed_consensus_v5,dataset_dev/02_ornek/kt221.jpg,02_ornek,02_ornek,True,0.9969822903572713,02_ornek,04_petrykivka_painting,05_kosiv_ceramics,3,train,obj_single_ea42815d47048164,,unreviewed,unreviewed,three_view_cls_logit_ensemble__c100__source0p5,fixed_base_plus_three_motif_heads__equal_centered_logits,fixed_three_descriptor_consensus,10.0,True,0.00019526847093871973,0.9969822903572713,2.3840064236288203e-05,0.00196799571818236,0.0008306053893714001
img_6b3390168b9ba1e8,nested_outer_oof_adaptive_base_fixed_consensus_v5,dataset_dev/02_ornek/kt222.JPG,02_ornek,02_ornek,True,0.7502984014112483,02_ornek,03_bubnivka_ceramics,01_opishnyan_ceramics,4,train,obj_single_6b3390168b9ba1e8,,unreviewed,unreviewed,global_cls__c10__source0p5,fixed_base_plus_three_motif_heads__equal_centered_logits,fixed_three_descriptor_consensus,10.0,True,0.07919970121966123,0.7502984014112483,0.15349957708412196,0.002358057582002569,0.01464426270296602
img_ded3b829a94e16d8,nested_outer_oof_adaptive_base_fixed_consensus_v5,dataset_dev/02_ornek/kt223.JPG,02_ornek,02_ornek,True,0.9963586000467551,02_ornek,01_opishnyan_ceramics,03_bubnivka_ceramics,0,train,obj_single_ded3b829a94e16d8,,unreviewed,unreviewed,three_view_cls_logit_ensemble__c100__source0p5,fixed_base_plus_three_motif_heads__equal_centered_logits,fixed_three_descriptor_consensus,10.0,True,0.0017671937047947716,0.9963586000467551,0.0006991114539034338,0.0006762000697850795,0.0004988947247611691
img_7e4a085f8903beb4,nested_outer_oof_adaptive_base_fixed_consensus_v5,dataset_dev/02_ornek/kt226.jpg,02_ornek,02_ornek,True,0.9985762517703818,02_ornek,03_bubnivka_ceramics,04_petrykivka_painting,2,train,obj_single_7e4a085f8903beb4,,unreviewed,unreviewed,three_view_cls_logit_ensemble__c100__source0p5,fixed_base_plus_three_motif_heads__equal_centered_logits,fixed_three_descriptor_consensus,10.0,True,7.52619566488505e-05,0.9985762517703818,0.0010091344903367576,0.00023198595202776647,0.00010736583060494198
img_e43faaacd34b4839,nested_outer_oof_adaptive_base_fixed_consensus_v5,dataset_dev/02_ornek/kt228.jpg,02_ornek,02_ornek,True,0.9797313777004137,02_ornek,01_opishnyan_ceramics,04_petrykivka_painting,3,train,obj_single_e43faaacd34b4839,,unreviewed,unreviewed,three_view_cls_logit_ensemble__c100__source0p5,fixed_base_plus_three_motif_heads__equal_centered_logits,fixed_three_descriptor_consensus,10.0,True,0.010680987560694275,0.9797313777004137,0.0023081451017907336,0.004400128857364738,0.0028793607797363906
img_48a4679aea15a29d,nested_outer_oof_adaptive_base_fixed_consensus_v5,dataset_dev/02_ornek/kt229.jpg,02_ornek,02_ornek,True,0.9791055045209796,02_ornek,05_kosiv_ceramics,04_petrykivka_painting,2,validation,obj_single_48a4679aea15a29d,,unreviewed,unreviewed,three_view_cls_logit_ensemble__c100__source0p5,fixed_base_plus_three_motif_heads__equal_centered_logits,fixed_three_descriptor_consensus,10.0,True,6.601164332093253e-06,0.9791055045209796,0.00027924611137556917,0.004859381147992615,0.015749267055320204
img_2d12685aa747827d,nested_outer_oof_adaptive_base_fixed_consensus_v5,dataset_dev/02_ornek/kt232.jpg,02_ornek,02_ornek,True,0.9876541239552741,02_ornek,05_kosiv_ceramics,04_petrykivka_painting,2,train,obj_single_2d12685aa747827d,,unreviewed,unreviewed,three_view_cls_logit_ensemble__c100__source0p5,fixed_base_plus_three_motif_heads__equal_centered_logits,fixed_three_descriptor_consensus,10.0,True,1.0814613865834777e-05,0.9876541239552741,0.001824071691946109,0.005173657742728823,0.005337331996185118
img_438584cb4dfe7d21,nested_outer_oof_adaptive_base_fixed_consensus_v5,dataset_dev/02_ornek/kt234.jpg,02_ornek,02_ornek,True,0.9816956907595986,02_ornek,04_petrykivka_painting,05_kosiv_ceramics,1,train,obj_single_438584cb4dfe7d21,,unreviewed,unreviewed,global_cls__c10__source0p5,fixed_base_plus_three_motif_heads__equal_centered_logits,fixed_three_descriptor_consensus,10.0,True,4.398553454768113e-05,0.9816956907595986,0.0008133799193736671,0.014970822825650189,0.002476120960829874
img_1cd041b74aef982c,nested_outer_oof_adaptive_base_fixed_consensus_v5,dataset_dev/02_ornek/kt236.jpg,02_ornek,02_ornek,True,0.9946782861607529,02_ornek,04_petrykivka_painting,05_kosiv_ceramics,4,train,obj_single_1cd041b74aef982c,,unreviewed,unreviewed,global_cls__c10__source0p5,fixed_base_plus_three_motif_heads__equal_centered_logits,fixed_three_descriptor_consensus,10.0,True,8.645483361003683e-05,0.9946782861607529,0.00022627610134643778,0.004173257469953624,0.0008357254343369782
img_f37d79702ff56a41,nested_outer_oof_adaptive_base_fixed_consensus_v5,dataset_dev/02_ornek/kt238.jpg,02_ornek,02_ornek,True,0.9925228315477646,02_ornek,03_bubnivka_ceramics,04_petrykivka_painting,4,train,obj_single_f37d79702ff56a41,,unreviewed,unreviewed,global_cls__c10__source0p5,fixed_base_plus_three_motif_heads__equal_centered_logits,fixed_three_descriptor_consensus,10.0,True,0.00015003103351686302,0.9925228315477646,0.006875695676463524,0.0003321660369418147,0.00011927570531337915
img_794b4a0ad0e01c9b,nested_outer_oof_adaptive_base_fixed_consensus_v5,dataset_dev/02_ornek/kt239.jpg,02_ornek,02_ornek,True,0.9967381920676941,02_ornek,05_kosiv_ceramics,03_bubnivka_ceramics,4,train,obj_single_794b4a0ad0e01c9b,,unreviewed,unreviewed,global_cls__c10__source0p5,fixed_base_plus_three_motif_heads__equal_centered_logits,fixed_three_descriptor_consensus,10.0,True,0.0003027130326036525,0.9967381920676941,0.0012420473945171464,0.00032168032433963184,0.0013953671808453695
img_5fec64ca92dc8b2e,nested_outer_oof_adaptive_base_fixed_consensus_v5,dataset_dev/02_ornek/kt240.jpg,02_ornek,02_ornek,True,0.984836833693497,02_ornek,04_petrykivka_painting,05_kosiv_ceramics,1,train,obj_single_5fec64ca92dc8b2e,,unreviewed,unreviewed,global_cls__c10__source0p5,fixed_base_plus_three_motif_heads__equal_centered_logits,fixed_three_descriptor_consensus,10.0,True,0.0005078784278384457,0.984836833693497,0.0007949890373873425,0.009031546300201865,0.004828752541075424
img_9bf00fb20f62911f,nested_outer_oof_adaptive_base_fixed_consensus_v5,dataset_dev/02_ornek/kt244.jpg,02_ornek,02_ornek,True,0.9977947047817756,02_ornek,05_kosiv_ceramics,03_bubnivka_ceramics,0,validation,obj_single_9bf00fb20f62911f,,unreviewed,unreviewed,three_view_cls_logit_ensemble__c100__source0p5,fixed_base_plus_three_motif_heads__equal_centered_logits,fixed_three_descriptor_consensus,10.0,True,3.308220569666241e-05,0.9977947047817756,0.0006670351872803318,0.0003137183046216339,0.0011914595206260893
img_f2bce664ad7718a2,nested_outer_oof_adaptive_base_fixed_consensus_v5,dataset_dev/02_ornek/kt246.jpg,02_ornek,02_ornek,True,0.9820987968845775,02_ornek,05_kosiv_ceramics,03_bubnivka_ceramics,0,train,obj_single_f2bce664ad7718a2,,unreviewed,unreviewed,three_view_cls_logit_ensemble__c100__source0p5,fixed_base_plus_three_motif_heads__equal_centered_logits,fixed_three_descriptor_consensus,10.0,True,0.0005679067727458862,0.9820987968845775,0.0034150746134952183,0.002612110373544561,0.011306111355636994
img_8b1e2f99117f4ae1,nested_outer_oof_adaptive_base_fixed_consensus_v5,dataset_dev/02_ornek/kt248.jpg,02_ornek,02_ornek,True,0.9864051773820462,02_ornek,05_kosiv_ceramics,04_petrykivka_painting,4,train,obj_single_8b1e2f99117f4ae1,,unreviewed,unreviewed,global_cls__c10__source0p5,fixed_base_plus_three_motif_heads__equal_centered_logits,fixed_three_descriptor_consensus,10.0,True,3.0307051221628142e-05,0.9864051773820462,0.0002245625296871289,0.0010147458346446614,0.0123252072024004
img_90b7a0ec8998b70a,nested_outer_oof_adaptive_base_fixed_consensus_v5,dataset_dev/02_ornek/kt249.jpg,02_ornek,02_ornek,True,0.999120612278863,02_ornek,03_bubnivka_ceramics,01_opishnyan_ceramics,1,validation,obj_single_90b7a0ec8998b70a,,unreviewed,unreviewed,global_cls__c10__source0p5,fixed_base_plus_three_motif_heads__equal_centered_logits,fixed_three_descriptor_consensus,10.0,True,0.00025508178855487086,0.999120612278863,0.0004043317414709111,7.450746894657242e-05,0.0001454667221646082
img_815ffb692b09d084,nested_outer_oof_adaptive_base_fixed_consensus_v5,dataset_dev/02_ornek/kt250.JPG,02_ornek,02_ornek,True,0.9616573639593967,02_ornek,04_petrykivka_painting,05_kosiv_ceramics,3,validation,obj_single_815ffb692b09d084,,unreviewed,unreviewed,three_view_cls_logit_ensemble__c100__source0p5,fixed_base_plus_three_motif_heads__equal_centered_logits,fixed_three_descriptor_consensus,10.0,True,7.079388260622882e-05,0.9616573639593967,0.00012674047919858188,0.03043659705752701,0.007708504621271556
img_faeb5e3e6118abfb,nested_outer_oof_adaptive_base_fixed_consensus_v5,dataset_dev/02_ornek/kt251.jpg,02_ornek,02_ornek,True,0.9911429914677674,02_ornek,03_bubnivka_ceramics,04_petrykivka_painting,4,train,obj_single_faeb5e3e6118abfb,,unreviewed,unreviewed,global_cls__c10__source0p5,fixed_base_plus_three_motif_heads__equal_centered_logits,fixed_three_descriptor_consensus,10.0,True,0.00048013481051071525,0.9911429914677674,0.006769099087492182,0.0015120560444921037,9.571858973743935e-05
img_510043a27423f7cb,nested_outer_oof_adaptive_base_fixed_consensus_v5,dataset_dev/02_ornek/kt252.jpg,02_ornek,02_ornek,True,0.9997320584556625,02_ornek,04_petrykivka_painting,05_kosiv_ceramics,0,train,obj_single_510043a27423f7cb,,unreviewed,unreviewed,three_view_cls_logit_ensemble__c100__source0p5,fixed_base_plus_three_motif_heads__equal_centered_logits,fixed_three_descriptor_consensus,10.0,True,2.9709353914525887e-06,0.9997320584556625,2.5068398670140873e-05,0.00017295629451387492,6.694591576194521e-05
img_299f89f647ac3b3f,nested_outer_oof_adaptive_base_fixed_consensus_v5,dataset_dev/02_ornek/kt254.jpg,02_ornek,02_ornek,True,0.9993120535205235,02_ornek,03_bubnivka_ceramics,04_petrykivka_painting,1,train,obj_single_299f89f647ac3b3f,,unreviewed,unreviewed,global_cls__c10__source0p5,fixed_base_plus_three_motif_heads__equal_centered_logits,fixed_three_descriptor_consensus,10.0,True,9.763296495651723e-05,0.9993120535205235,0.00028339310238430123,0.00018597474257008706,0.00012094566956553346
img_2f209b67ac531264,nested_outer_oof_adaptive_base_fixed_consensus_v5,dataset_dev/02_ornek/kt255.jpg,02_ornek,02_ornek,True,0.9985253555820822,02_ornek,03_bubnivka_ceramics,01_opishnyan_ceramics,4,train,obj_single_2f209b67ac531264,,unreviewed,unreviewed,global_cls__c10__source0p5,fixed_base_plus_three_motif_heads__equal_centered_logits,fixed_three_descriptor_consensus,10.0,True,0.0002556559316859343,0.9985253555820822,0.0007722448979882525,0.0001945441365397318,0.00025219945170368773
img_63fefe7d5c34e09c,nested_outer_oof_adaptive_base_fixed_consensus_v5,dataset_dev/02_ornek/kt256.jpg,02_ornek,02_ornek,True,0.9965439677444117,02_ornek,04_petrykivka_painting,05_kosiv_ceramics,1,train,obj_single_63fefe7d5c34e09c,,unreviewed,unreviewed,global_cls__c10__source0p5,fixed_base_plus_three_motif_heads__equal_centered_logits,fixed_three_descriptor_consensus,10.0,True,8.858952122393766e-05,0.9965439677444117,0.000610851918932876,0.0014202462811507249,0.0013363445342805108
img_cb5f99c4a8cf58d3,nested_outer_oof_adaptive_base_fixed_consensus_v5,dataset_dev/02_ornek/kt257.jpg,02_ornek,02_ornek,True,0.9144461002819123,02_ornek,04_petrykivka_painting,05_kosiv_ceramics,0,train,obj_single_cb5f99c4a8cf58d3,,unreviewed,unreviewed,three_view_cls_logit_ensemble__c100__source0p5,fixed_base_plus_three_motif_heads__equal_centered_logits,fixed_three_descriptor_consensus,10.0,True,0.005617461937326469,0.9144461002819123,0.013248254255243163,0.03907455147280746,0.02761363205271069
img_993f4c2051ba7cfa,nested_outer_oof_adaptive_base_fixed_consensus_v5,dataset_dev/02_ornek/kt259.jpg,02_ornek,02_ornek,True,0.9227391801070778,02_ornek,05_kosiv_ceramics,01_opishnyan_ceramics,0,validation,obj_single_993f4c2051ba7cfa,,unreviewed,unreviewed,three_view_cls_logit_ensemble__c100__source0p5,fixed_base_plus_three_motif_heads__equal_centered_logits,fixed_three_descriptor_consensus,10.0,True,0.009558368651903099,0.9227391801070778,0.002088242390358553,0.0025845904849426797,0.06302961836571758
img_f9f14d9fea8bf3d2,nested_outer_oof_adaptive_base_fixed_consensus_v5,dataset_dev/02_ornek/kt261.jpg,02_ornek,02_ornek,True,0.9550597513388518,02_ornek,04_petrykivka_painting,03_bubnivka_ceramics,4,train,obj_single_f9f14d9fea8bf3d2,,unreviewed,unreviewed,global_cls__c10__source0p5,fixed_base_plus_three_motif_heads__equal_centered_logits,fixed_three_descriptor_consensus,10.0,True,0.0006012531676718656,0.9550597513388518,0.006421391893701676,0.033189103190859916,0.004728500408914529
img_e919edefdf83f01a,nested_outer_oof_adaptive_base_fixed_consensus_v5,dataset_dev/02_ornek/kt263.JPG,02_ornek,02_ornek,True,0.9937866396469885,02_ornek,04_petrykivka_painting,01_opishnyan_ceramics,2,validation,obj_single_e919edefdf83f01a,,unreviewed,unreviewed,three_view_cls_logit_ensemble__c100__source0p5,fixed_base_plus_three_motif_heads__equal_centered_logits,fixed_three_descriptor_consensus,10.0,True,0.0015339909094015992,0.9937866396469885,0.0007178259024463889,0.002830669515203569,0.001130874025960134
img_bcb3ee509f03e05a,nested_outer_oof_adaptive_base_fixed_consensus_v5,dataset_dev/02_ornek/kt264.jpg,02_ornek,02_ornek,True,0.9577898524586473,02_ornek,04_petrykivka_painting,05_kosiv_ceramics,2,train,obj_single_bcb3ee509f03e05a,,unreviewed,unreviewed,three_view_cls_logit_ensemble__c100__source0p5,fixed_base_plus_three_motif_heads__equal_centered_logits,fixed_three_descriptor_consensus,10.0,True,9.790366122167473e-05,0.9577898524586473,0.00011604740507873959,0.02579838314160603,0.016197813333446342
img_0c3caa4d2a12b406,nested_outer_oof_adaptive_base_fixed_consensus_v5,dataset_dev/02_ornek/kt265.jpg,02_ornek,02_ornek,True,0.9968860742895194,02_ornek,04_petrykivka_painting,05_kosiv_ceramics,4,train,obj_single_0c3caa4d2a12b406,,unreviewed,unreviewed,global_cls__c10__source0p5,fixed_base_plus_three_motif_heads__equal_centered_logits,fixed_three_descriptor_consensus,10.0,True,0.000133925146350321,0.9968860742895194,3.1596690916804096e-05,0.0024369355662513027,0.0005114683069621661
img_ac9a21da78693913,nested_outer_oof_adaptive_base_fixed_consensus_v5,dataset_dev/02_ornek/kt266.jpg,02_ornek,02_ornek,True,0.9982263672585916,02_ornek,04_petrykivka_painting,05_kosiv_ceramics,3,train,obj_single_ac9a21da78693913,,unreviewed,unreviewed,three_view_cls_logit_ensemble__c100__source0p5,fixed_base_plus_three_motif_heads__equal_centered_logits,fixed_three_descriptor_consensus,10.0,True,0.00024816842040546467,0.9982263672585916,9.425610574228026e-05,0.0011260025941795444,0.0003052056210811208
img_6c30f0bf7d03c33c,nested_outer_oof_adaptive_base_fixed_consensus_v5,dataset_dev/02_ornek/kt269.jpg,02_ornek,02_ornek,True,0.7502392397960719,02_ornek,04_petrykivka_painting,05_kosiv_ceramics,4,validation,obj_single_6c30f0bf7d03c33c,,unreviewed,unreviewed,global_cls__c10__source0p5,fixed_base_plus_three_motif_heads__equal_centered_logits,fixed_three_descriptor_consensus,10.0,True,0.0031375965450937244,0.7502392397960719,0.0017779703157002455,0.21291046476543787,0.03193472857769639
img_5ba8a01e92eaf50e,nested_outer_oof_adaptive_base_fixed_consensus_v5,dataset_dev/02_ornek/kt270.jpg,02_ornek,02_ornek,True,0.749572659456561,02_ornek,05_kosiv_ceramics,04_petrykivka_painting,3,train,obj_single_5ba8a01e92eaf50e,,unreviewed,unreviewed,three_view_cls_logit_ensemble__c100__source0p5,fixed_base_plus_three_motif_heads__equal_centered_logits,fixed_three_descriptor_consensus,10.0,True,0.023631314344319383,0.749572659456561,0.01917122804321181,0.048804729390146226,0.15882006876576144
img_bcc385c36b86f79a,nested_outer_oof_adaptive_base_fixed_consensus_v5,dataset_dev/02_ornek/kt271.jpg,02_ornek,02_ornek,True,0.9894979689228324,02_ornek,04_petrykivka_painting,05_kosiv_ceramics,2,train,obj_single_bcc385c36b86f79a,,unreviewed,unreviewed,three_view_cls_logit_ensemble__c100__source0p5,fixed_base_plus_three_motif_heads__equal_centered_logits,fixed_three_descriptor_consensus,10.0,True,0.002342710386198928,0.9894979689228324,0.00036412345725405254,0.00426866061565877,0.0035265366180561113
img_744d6a14cf8aa451,nested_outer_oof_adaptive_base_fixed_consensus_v5,dataset_dev/02_ornek/kt274.jpg,02_ornek,02_ornek,True,0.8999041271788429,02_ornek,01_opishnyan_ceramics,03_bubnivka_ceramics,1,train,obj_single_744d6a14cf8aa451,,unreviewed,unreviewed,global_cls__c10__source0p5,fixed_base_plus_three_motif_heads__equal_centered_logits,fixed_three_descriptor_consensus,10.0,True,0.08228782101554746,0.8999041271788429,0.0084294546291678,0.006599795461041728,0.002778801715399906
img_8dcbcfd4e6783617,nested_outer_oof_adaptive_base_fixed_consensus_v5,dataset_dev/02_ornek/kt275.jpg,02_ornek,02_ornek,True,0.9960963592984594,02_ornek,05_kosiv_ceramics,04_petrykivka_painting,2,train,obj_single_8dcbcfd4e6783617,,unreviewed,unreviewed,three_view_cls_logit_ensemble__c100__source0p5,fixed_base_plus_three_motif_heads__equal_centered_logits,fixed_three_descriptor_consensus,10.0,True,1.5692658720354025e-05,0.9960963592984594,0.0001296223571541958,0.0005269381055356511,0.0032313875801304073
img_985b78d77115604e,nested_outer_oof_adaptive_base_fixed_consensus_v5,dataset_dev/02_ornek/kt276.jpg,02_ornek,02_ornek,True,0.996663381846677,02_ornek,05_kosiv_ceramics,04_petrykivka_painting,2,train,obj_single_985b78d77115604e,,unreviewed,unreviewed,three_view_cls_logit_ensemble__c100__source0p5,fixed_base_plus_three_motif_heads__equal_centered_logits,fixed_three_descriptor_consensus,10.0,True,0.00010315472195942911,0.996663381846677,0.0001015351916259827,0.0006143471976585828,0.0025175810420788834
img_bb5bb1ba6e46c28e,nested_outer_oof_adaptive_base_fixed_consensus_v5,dataset_dev/02_ornek/kt277.jpg,02_ornek,02_ornek,True,0.9597651584730056,02_ornek,05_kosiv_ceramics,04_petrykivka_painting,0,validation,obj_single_bb5bb1ba6e46c28e,,unreviewed,unreviewed,three_view_cls_logit_ensemble__c100__source0p5,fixed_base_plus_three_motif_heads__equal_centered_logits,fixed_three_descriptor_consensus,10.0,True,0.0008644948531480013,0.9597651584730056,0.0003137710495137375,0.0024411702469996793,0.03661540537733276
img_a84f9e7c77aa18e9,nested_outer_oof_adaptive_base_fixed_consensus_v5,dataset_dev/02_ornek/kt278.jpg,02_ornek,02_ornek,True,0.9489431386379779,02_ornek,04_petrykivka_painting,03_bubnivka_ceramics,2,train,obj_single_a84f9e7c77aa18e9,,unreviewed,unreviewed,three_view_cls_logit_ensemble__c100__source0p5,fixed_base_plus_three_motif_heads__equal_centered_logits,fixed_three_descriptor_consensus,10.0,True,0.0025081881357515872,0.9489431386379779,0.012463204782469779,0.03562292529008842,0.00046254315371250046
img_714afc20d0a3b2f2,nested_outer_oof_adaptive_base_fixed_consensus_v5,dataset_dev/02_ornek/kt280.jpg,02_ornek,02_ornek,True,0.9792637244344835,02_ornek,05_kosiv_ceramics,03_bubnivka_ceramics,4,train,obj_single_714afc20d0a3b2f2,,unreviewed,unreviewed,global_cls__c10__source0p5,fixed_base_plus_three_motif_heads__equal_centered_logits,fixed_three_descriptor_consensus,10.0,True,0.00036584258670856597,0.9792637244344835,0.0015623851547142457,0.0012315009551076108,0.01757654686898607
img_13847a7374b5811a,nested_outer_oof_adaptive_base_fixed_consensus_v5,dataset_dev/02_ornek/kt281.jpg,02_ornek,02_ornek,True,0.9888746703549706,02_ornek,05_kosiv_ceramics,03_bubnivka_ceramics,1,train,obj_single_13847a7374b5811a,,unreviewed,unreviewed,global_cls__c10__source0p5,fixed_base_plus_three_motif_heads__equal_centered_logits,fixed_three_descriptor_consensus,10.0,True,0.000413565143134394,0.9888746703549706,0.0026984024643390107,0.00033792122518336775,0.0076754408123726175
img_5c55acb98b4d3770,nested_outer_oof_adaptive_base_fixed_consensus_v5,dataset_dev/02_ornek/kt282.jpg,02_ornek,02_ornek,True,0.9423588004095445,02_ornek,03_bubnivka_ceramics,04_petrykivka_painting,4,train,obj_single_5c55acb98b4d3770,,unreviewed,unreviewed,global_cls__c10__source0p5,fixed_base_plus_three_motif_heads__equal_centered_logits,fixed_three_descriptor_consensus,10.0,True,0.002965509511312636,0.9423588004095445,0.03075062711820008,0.023061864503994698,0.0008631984569481835
img_1eb629e9a7b4a54f,nested_outer_oof_adaptive_base_fixed_consensus_v5,dataset_dev/02_ornek/kt283.JPG,02_ornek,02_ornek,True,0.9967614048782828,02_ornek,01_opishnyan_ceramics,04_petrykivka_painting,0,train,obj_single_1eb629e9a7b4a54f,,unreviewed,unreviewed,three_view_cls_logit_ensemble__c100__source0p5,fixed_base_plus_three_motif_heads__equal_centered_logits,fixed_three_descriptor_consensus,10.0,True,0.0015139798540055851,0.9967614048782828,0.00011540673692606889,0.0010729817977544716,0.0005362267330309672
img_b7ad04cc895f5813,nested_outer_oof_adaptive_base_fixed_consensus_v5,dataset_dev/02_ornek/kt285.jpg,02_ornek,02_ornek,True,0.9924050432838125,02_ornek,01_opishnyan_ceramics,05_kosiv_ceramics,3,validation,obj_single_b7ad04cc895f5813,,unreviewed,unreviewed,three_view_cls_logit_ensemble__c100__source0p5,fixed_base_plus_three_motif_heads__equal_centered_logits,fixed_three_descriptor_consensus,10.0,True,0.004479797541271934,0.9924050432838125,0.0009655167546373023,0.0005335652602203991,0.0016160771600577173
img_6fc462e576a5703e,nested_outer_oof_adaptive_base_fixed_consensus_v5,dataset_dev/02_ornek/kt287.JPG,02_ornek,02_ornek,True,0.8184915209657982,02_ornek,04_petrykivka_painting,05_kosiv_ceramics,1,train,obj_single_6fc462e576a5703e,,unreviewed,unreviewed,global_cls__c10__source0p5,fixed_base_plus_three_motif_heads__equal_centered_logits,fixed_three_descriptor_consensus,10.0,True,0.012629996657484377,0.8184915209657982,0.009923511658902246,0.12110069736950095,0.0378542733483143
img_d1205a51d6451832,nested_outer_oof_adaptive_base_fixed_consensus_v5,dataset_dev/02_ornek/kt289.jpg,02_ornek,02_ornek,True,0.9676177986214656,02_ornek,05_kosiv_ceramics,04_petrykivka_painting,0,train,obj_single_d1205a51d6451832,,unreviewed,unreviewed,three_view_cls_logit_ensemble__c100__source0p5,fixed_base_plus_three_motif_heads__equal_centered_logits,fixed_three_descriptor_consensus,10.0,True,0.0002282009702942039,0.9676177986214656,0.00030384688572635015,0.0004029856410322413,0.03144716788148157
img_0c055397f3ef7bfe,nested_outer_oof_adaptive_base_fixed_consensus_v5,dataset_dev/02_ornek/kt290.jpg,02_ornek,02_ornek,True,0.9661856029288811,02_ornek,04_petrykivka_painting,05_kosiv_ceramics,1,train,obj_single_0c055397f3ef7bfe,,unreviewed,unreviewed,global_cls__c10__source0p5,fixed_base_plus_three_motif_heads__equal_centered_logits,fixed_three_descriptor_consensus,10.0,True,0.0008375486984080977,0.9661856029288811,0.0008477908491601625,0.030986532374103776,0.0011425251494468927
img_0fac5736468af3a0,nested_outer_oof_adaptive_base_fixed_consensus_v5,dataset_dev/02_ornek/kt293.jpg,02_ornek,02_ornek,True,0.9956836889114274,02_ornek,03_bubnivka_ceramics,05_kosiv_ceramics,4,validation,semgrp_82bcee8a4acb4c8e,,unreviewed,unreviewed,global_cls__c10__source0p5,fixed_base_plus_three_motif_heads__equal_centered_logits,fixed_three_descriptor_consensus,10.0,True,0.0002507727666474412,0.9956836889114274,0.0020224860360144757,0.0007885089786040083,0.0012545433073065306
img_8bf279a9dba415f7,nested_outer_oof_adaptive_base_fixed_consensus_v5,dataset_dev/02_ornek/kt295.jpg,02_ornek,02_ornek,True,0.996917463085567,02_ornek,05_kosiv_ceramics,03_bubnivka_ceramics,4,validation,semgrp_82bcee8a4acb4c8e,,unreviewed,unreviewed,global_cls__c10__source0p5,fixed_base_plus_three_motif_heads__equal_centered_logits,fixed_three_descriptor_consensus,10.0,True,0.00029403995285319674,0.996917463085567,0.0005596882317650552,0.000552698746933653,0.0016761099828811379
img_80c84f01a32b10ca,nested_outer_oof_adaptive_base_fixed_consensus_v5,dataset_dev/02_ornek/kt296.jpg,02_ornek,02_ornek,True,0.9978060460787996,02_ornek,04_petrykivka_painting,03_bubnivka_ceramics,2,validation,obj_single_80c84f01a32b10ca,,unreviewed,unreviewed,three_view_cls_logit_ensemble__c100__source0p5,fixed_base_plus_three_motif_heads__equal_centered_logits,fixed_three_descriptor_consensus,10.0,True,2.223082217908227e-05,0.9978060460787996,0.0006044350172975745,0.001112827415768053,0.0004544606659557267
img_9716a5112d12514a,nested_outer_oof_adaptive_base_fixed_consensus_v5,dataset_dev/02_ornek/kt300.jpg,02_ornek,02_ornek,True,0.9905945375713975,02_ornek,04_petrykivka_painting,05_kosiv_ceramics,4,train,obj_single_9716a5112d12514a,,unreviewed,unreviewed,global_cls__c10__source0p5,fixed_base_plus_three_motif_heads__equal_centered_logits,fixed_three_descriptor_consensus,10.0,True,0.0002789427641792555,0.9905945375713975,0.0005926773317247786,0.007059259318647164,0.0014745830140514954
img_ff9db4e87afc207a,nested_outer_oof_adaptive_base_fixed_consensus_v5,dataset_dev/02_ornek/kt302.jpg,02_ornek,02_ornek,True,0.9977335566134938,02_ornek,03_bubnivka_ceramics,01_opishnyan_ceramics,2,train,obj_single_ff9db4e87afc207a,,unreviewed,unreviewed,three_view_cls_logit_ensemble__c100__source0p5,fixed_base_plus_three_motif_heads__equal_centered_logits,fixed_three_descriptor_consensus,10.0,True,0.0004068282412258731,0.9977335566134938,0.0015054217210534982,0.00015111938183666714,0.0002030740423899379
img_acbee5623f5d8444,nested_outer_oof_adaptive_base_fixed_consensus_v5,dataset_dev/02_ornek/kt303.jpg,02_ornek,02_ornek,True,0.9981196401924725,02_ornek,05_kosiv_ceramics,03_bubnivka_ceramics,0,train,obj_single_acbee5623f5d8444,,unreviewed,unreviewed,three_view_cls_logit_ensemble__c100__source0p5,fixed_base_plus_three_motif_heads__equal_centered_logits,fixed_three_descriptor_consensus,10.0,True,4.109352845592296e-05,0.9981196401924725,0.00022306625359968344,1.810775636252128e-05,0.001598092269109307
img_6fb696b140c01f26,nested_outer_oof_adaptive_base_fixed_consensus_v5,dataset_dev/02_ornek/kt304.jpg,02_ornek,02_ornek,True,0.9983234144152716,02_ornek,01_opishnyan_ceramics,05_kosiv_ceramics,0,validation,obj_single_6fb696b140c01f26,,unreviewed,unreviewed,three_view_cls_logit_ensemble__c100__source0p5,fixed_base_plus_three_motif_heads__equal_centered_logits,fixed_three_descriptor_consensus,10.0,True,0.0008419651436406706,0.9983234144152716,0.00036965302417979776,7.531642632998514e-05,0.0003896509905781982
img_183c806bd8f55192,nested_outer_oof_adaptive_base_fixed_consensus_v5,dataset_dev/02_ornek/kt306.jpg,02_ornek,02_ornek,True,0.9978574985425078,02_ornek,03_bubnivka_ceramics,05_kosiv_ceramics,4,train,obj_single_183c806bd8f55192,,unreviewed,unreviewed,global_cls__c10__source0p5,fixed_base_plus_three_motif_heads__equal_centered_logits,fixed_three_descriptor_consensus,10.0,True,0.00012027189540172918,0.9978574985425078,0.0009858223449147271,0.0001300335777662588,0.000906373639409431
img_1a234e1bedc1b2ec,nested_outer_oof_adaptive_base_fixed_consensus_v5,dataset_dev/02_ornek/kt308.jpg,02_ornek,02_ornek,True,0.9996233875492821,02_ornek,01_opishnyan_ceramics,03_bubnivka_ceramics,2,train,obj_single_1a234e1bedc1b2ec,,unreviewed,unreviewed,three_view_cls_logit_ensemble__c100__source0p5,fixed_base_plus_three_motif_heads__equal_centered_logits,fixed_three_descriptor_consensus,10.0,True,0.0002254637490778408,0.9996233875492821,7.277723929414899e-05,4.9641753876867685e-05,2.8729708468884716e-05
img_c8e81536833c4d07,nested_outer_oof_adaptive_base_fixed_consensus_v5,dataset_dev/02_ornek/kt309.jpg,02_ornek,02_ornek,True,0.9987192553826422,02_ornek,01_opishnyan_ceramics,04_petrykivka_painting,0,validation,obj_single_c8e81536833c4d07,,unreviewed,unreviewed,three_view_cls_logit_ensemble__c100__source0p5,fixed_base_plus_three_motif_heads__equal_centered_logits,fixed_three_descriptor_consensus,10.0,True,0.0009547573828621175,0.9987192553826422,6.819318252795707e-05,0.00018446062051590852,7.333343145186006e-05
img_898f2a911c8162a2,nested_outer_oof_adaptive_base_fixed_consensus_v5,dataset_dev/02_ornek/kt310.JPG,02_ornek,02_ornek,True,0.9989366015551511,02_ornek,05_kosiv_ceramics,04_petrykivka_painting,3,train,obj_single_898f2a911c8162a2,,unreviewed,unreviewed,three_view_cls_logit_ensemble__c100__source0p5,fixed_base_plus_three_motif_heads__equal_centered_logits,fixed_three_descriptor_consensus,10.0,True,0.00018274736699573166,0.9989366015551511,0.0002441822511165681,0.00025163650050162166,0.0003848323262349259
img_740be47e45aaed28,nested_outer_oof_adaptive_base_fixed_consensus_v5,dataset_dev/02_ornek/kt313.JPG,02_ornek,02_ornek,True,0.8312695918206194,02_ornek,05_kosiv_ceramics,04_petrykivka_painting,4,train,obj_single_740be47e45aaed28,,unreviewed,unreviewed,global_cls__c10__source0p5,fixed_base_plus_three_motif_heads__equal_centered_logits,fixed_three_descriptor_consensus,10.0,True,0.0002941324155622544,0.8312695918206194,0.0003875045336511445,0.08077154378511503,0.08727722744505198
img_76beacf98c0da1c9,nested_outer_oof_adaptive_base_fixed_consensus_v5,dataset_dev/02_ornek/kt316.JPG,02_ornek,02_ornek,True,0.9989532556686939,02_ornek,01_opishnyan_ceramics,04_petrykivka_painting,1,train,obj_single_76beacf98c0da1c9,,unreviewed,unreviewed,global_cls__c10__source0p5,fixed_base_plus_three_motif_heads__equal_centered_logits,fixed_three_descriptor_consensus,10.0,True,0.0004000020400031294,0.9989532556686939,0.00012499060789574484,0.0002649790581028125,0.00025677262530425553
img_78b16968e874fa75,nested_outer_oof_adaptive_base_fixed_consensus_v5,dataset_dev/02_ornek/kt317.jpg,02_ornek,02_ornek,True,0.999869828810631,02_ornek,04_petrykivka_painting,05_kosiv_ceramics,2,train,obj_single_78b16968e874fa75,,unreviewed,unreviewed,three_view_cls_logit_ensemble__c100__source0p5,fixed_base_plus_three_motif_heads__equal_centered_logits,fixed_three_descriptor_consensus,10.0,True,5.84469265486032e-06,0.999869828810631,2.0455913817043685e-05,6.8922135381246e-05,3.494844751582654e-05
img_3ee3316a8f3431dd,nested_outer_oof_adaptive_base_fixed_consensus_v5,dataset_dev/02_ornek/kt320.jpg,02_ornek,02_ornek,True,0.9328039704815482,02_ornek,05_kosiv_ceramics,03_bubnivka_ceramics,1,train,obj_single_3ee3316a8f3431dd,,unreviewed,unreviewed,global_cls__c10__source0p5,fixed_base_plus_three_motif_heads__equal_centered_logits,fixed_three_descriptor_consensus,10.0,True,0.007961952662670736,0.9328039704815482,0.01949720102728354,0.009075926465863629,0.030660949362633947
img_026ea0c2798b2e8f,nested_outer_oof_adaptive_base_fixed_consensus_v5,dataset_dev/02_ornek/kt321.jpg,02_ornek,02_ornek,True,0.9877885188011298,02_ornek,04_petrykivka_painting,05_kosiv_ceramics,1,train,obj_single_026ea0c2798b2e8f,,unreviewed,unreviewed,global_cls__c10__source0p5,fixed_base_plus_three_motif_heads__equal_centered_logits,fixed_three_descriptor_consensus,10.0,True,0.0014402661135915996,0.9877885188011298,0.00038104830215534695,0.008100337385119973,0.0022898293980031796
img_cbb233be6dd36e04,nested_outer_oof_adaptive_base_fixed_consensus_v5,dataset_dev/02_ornek/kt322.jpg,02_ornek,02_ornek,True,0.9862382224984111,02_ornek,04_petrykivka_painting,05_kosiv_ceramics,2,train,obj_single_cbb233be6dd36e04,,unreviewed,unreviewed,three_view_cls_logit_ensemble__c100__source0p5,fixed_base_plus_three_motif_heads__equal_centered_logits,fixed_three_descriptor_consensus,10.0,True,0.0002439792420729769,0.9862382224984111,7.412521035416138e-05,0.011035458665956328,0.0024082143832053235
img_7d42fa3107f70f92,nested_outer_oof_adaptive_base_fixed_consensus_v5,dataset_dev/02_ornek/kt323.jpg,02_ornek,02_ornek,True,0.9948398971970833,02_ornek,01_opishnyan_ceramics,03_bubnivka_ceramics,4,train,obj_single_7d42fa3107f70f92,,unreviewed,unreviewed,global_cls__c10__source0p5,fixed_base_plus_three_motif_heads__equal_centered_logits,fixed_three_descriptor_consensus,10.0,True,0.004012113087747781,0.9948398971970833,0.0006374201840051461,0.0001736453798004398,0.00033692415136324047
img_41d048172f59a3e3,nested_outer_oof_adaptive_base_fixed_consensus_v5,dataset_dev/02_ornek/kt325.jpg,02_ornek,02_ornek,True,0.979885078548232,02_ornek,01_opishnyan_ceramics,05_kosiv_ceramics,4,train,obj_single_41d048172f59a3e3,,unreviewed,unreviewed,global_cls__c10__source0p5,fixed_base_plus_three_motif_heads__equal_centered_logits,fixed_three_descriptor_consensus,10.0,True,0.01165241851079732,0.979885078548232,0.0012159677357144968,0.0022506236958567175,0.004995911509399725
img_38bab83654158a82,nested_outer_oof_adaptive_base_fixed_consensus_v5,dataset_dev/02_ornek/kt328.jpg,02_ornek,02_ornek,True,0.9979113218332366,02_ornek,05_kosiv_ceramics,04_petrykivka_painting,1,train,obj_single_38bab83654158a82,,unreviewed,unreviewed,global_cls__c10__source0p5,fixed_base_plus_three_motif_heads__equal_centered_logits,fixed_three_descriptor_consensus,10.0,True,2.3114864083929255e-05,0.9979113218332366,0.0006425341772130125,0.0006499545078049584,0.0007730746176616688
img_fdc9dd436fdb0168,nested_outer_oof_adaptive_base_fixed_consensus_v5,dataset_dev/02_ornek/kt329.jpg,02_ornek,02_ornek,True,0.9998233447620726,02_ornek,04_petrykivka_painting,05_kosiv_ceramics,0,train,obj_single_fdc9dd436fdb0168,,unreviewed,unreviewed,three_view_cls_logit_ensemble__c100__source0p5,fixed_base_plus_three_motif_heads__equal_centered_logits,fixed_three_descriptor_consensus,10.0,True,5.668937301404537e-06,0.9998233447620726,1.994812668976569e-05,8.971887629602939e-05,6.131929763992547e-05
img_c17c96385e4a6e51,nested_outer_oof_adaptive_base_fixed_consensus_v5,dataset_dev/02_ornek/kt332.jpg,02_ornek,02_ornek,True,0.9962491601746211,02_ornek,04_petrykivka_painting,05_kosiv_ceramics,1,train,obj_single_c17c96385e4a6e51,,unreviewed,unreviewed,global_cls__c10__source0p5,fixed_base_plus_three_motif_heads__equal_centered_logits,fixed_three_descriptor_consensus,10.0,True,5.895359766418925e-05,0.9962491601746211,0.0002511816276865825,0.0030520327759967817,0.0003886718240313744
img_933575053f83acb0,nested_outer_oof_adaptive_base_fixed_consensus_v5,dataset_dev/02_ornek/kt333.jpg,02_ornek,02_ornek,True,0.9432551831989,02_ornek,04_petrykivka_painting,05_kosiv_ceramics,4,train,obj_single_933575053f83acb0,,unreviewed,unreviewed,global_cls__c10__source0p5,fixed_base_plus_three_motif_heads__equal_centered_logits,fixed_three_descriptor_consensus,10.0,True,0.00015723043045416714,0.9432551831989,0.0016216116627739954,0.040644003858553955,0.014321970849317855
img_f7d00607df2cbdd7,nested_outer_oof_adaptive_base_fixed_consensus_v5,dataset_dev/02_ornek/kt334.jpg,02_ornek,02_ornek,True,0.9954864633764232,02_ornek,05_kosiv_ceramics,01_opishnyan_ceramics,4,train,obj_single_f7d00607df2cbdd7,,unreviewed,unreviewed,global_cls__c10__source0p5,fixed_base_plus_three_motif_heads__equal_centered_logits,fixed_three_descriptor_consensus,10.0,True,0.000619448977598251,0.9954864633764232,0.0006126358983220565,0.00010137471110177558,0.0031800770365548424
img_b9aeba5193b65817,nested_outer_oof_adaptive_base_fixed_consensus_v5,dataset_dev/02_ornek/kt335.jpg,02_ornek,02_ornek,True,0.9846223226981771,02_ornek,04_petrykivka_painting,05_kosiv_ceramics,1,train,obj_single_b9aeba5193b65817,,unreviewed,unreviewed,global_cls__c10__source0p5,fixed_base_plus_three_motif_heads__equal_centered_logits,fixed_three_descriptor_consensus,10.0,True,0.0006453489242251293,0.9846223226981771,0.002120922739736012,0.01047645122605834,0.002134954411803316
img_2d1e3530d1d3d6aa,nested_outer_oof_adaptive_base_fixed_consensus_v5,dataset_dev/02_ornek/kt336.jpg,02_ornek,02_ornek,True,0.9995696879846381,02_ornek,04_petrykivka_painting,01_opishnyan_ceramics,0,train,obj_single_2d1e3530d1d3d6aa,,unreviewed,unreviewed,three_view_cls_logit_ensemble__c100__source0p5,fixed_base_plus_three_motif_heads__equal_centered_logits,fixed_three_descriptor_consensus,10.0,True,0.00014947888364874067,0.9995696879846381,1.574936685053388e-05,0.00024897253216627256,1.6111232696281835e-05
img_8508c11c30f086c1,nested_outer_oof_adaptive_base_fixed_consensus_v5,dataset_dev/02_ornek/kt337.jpg,02_ornek,02_ornek,True,0.9556276670686129,02_ornek,05_kosiv_ceramics,04_petrykivka_painting,3,validation,obj_single_8508c11c30f086c1,,unreviewed,unreviewed,three_view_cls_logit_ensemble__c100__source0p5,fixed_base_plus_three_motif_heads__equal_centered_logits,fixed_three_descriptor_consensus,10.0,True,0.0005885793454602936,0.9556276670686129,0.0006176384460693045,0.0023161444470937405,0.04084997069276387
img_f1932412c0efffe5,nested_outer_oof_adaptive_base_fixed_consensus_v5,dataset_dev/02_ornek/kt339.jpg,02_ornek,02_ornek,True,0.9840579192665613,02_ornek,04_petrykivka_painting,05_kosiv_ceramics,3,train,obj_single_f1932412c0efffe5,,unreviewed,unreviewed,three_view_cls_logit_ensemble__c100__source0p5,fixed_base_plus_three_motif_heads__equal_centered_logits,fixed_three_descriptor_consensus,10.0,True,0.0021266374181134404,0.9840579192665613,0.000122992363884646,0.011501099955753432,0.002191350995686882
img_d64ed2b6b21bd4ea,nested_outer_oof_adaptive_base_fixed_consensus_v5,dataset_dev/02_ornek/kt341.jpg,02_ornek,02_ornek,True,0.999356886101814,02_ornek,05_kosiv_ceramics,03_bubnivka_ceramics,4,train,obj_single_d64ed2b6b21bd4ea,,unreviewed,unreviewed,global_cls__c10__source0p5,fixed_base_plus_three_motif_heads__equal_centered_logits,fixed_three_descriptor_consensus,10.0,True,7.229223876171058e-05,0.999356886101814,0.00019808464558055048,0.00016541798125688256,0.00020731903258690404
img_355118940c03fec8,nested_outer_oof_adaptive_base_fixed_consensus_v5,dataset_dev/02_ornek/kt342.jpg,02_ornek,02_ornek,True,0.9951761442487238,02_ornek,05_kosiv_ceramics,04_petrykivka_painting,2,train,obj_single_355118940c03fec8,,unreviewed,unreviewed,three_view_cls_logit_ensemble__c100__source0p5,fixed_base_plus_three_motif_heads__equal_centered_logits,fixed_three_descriptor_consensus,10.0,True,8.181944794562077e-05,0.9951761442487238,8.537930441351211e-05,0.00012650268006016976,0.004530154318856904
img_9e74ef6fb02f4066,nested_outer_oof_adaptive_base_fixed_consensus_v5,dataset_dev/02_ornek/kt343.jpg,02_ornek,02_ornek,True,0.9999005664167875,02_ornek,01_opishnyan_ceramics,04_petrykivka_painting,2,train,obj_single_9e74ef6fb02f4066,,unreviewed,unreviewed,three_view_cls_logit_ensemble__c100__source0p5,fixed_base_plus_three_motif_heads__equal_centered_logits,fixed_three_descriptor_consensus,10.0,True,3.070321323448515e-05,0.9999005664167875,1.7222040264591346e-05,3.050501254304519e-05,2.1003317170158188e-05
img_dcb17923cb1e79a7,nested_outer_oof_adaptive_base_fixed_consensus_v5,dataset_dev/02_ornek/kt344.jpg,02_ornek,02_ornek,True,0.9868831256454489,02_ornek,03_bubnivka_ceramics,05_kosiv_ceramics,1,train,obj_single_dcb17923cb1e79a7,,unreviewed,unreviewed,global_cls__c10__source0p5,fixed_base_plus_three_motif_heads__equal_centered_logits,fixed_three_descriptor_consensus,10.0,True,0.003127949648261133,0.9868831256454489,0.004771409757170802,0.0006535679314853094,0.004563947017634034
img_a4ba030c66002ab0,nested_outer_oof_adaptive_base_fixed_consensus_v5,dataset_dev/02_ornek/kt345.jpg,02_ornek,02_ornek,True,0.9964048879862523,02_ornek,03_bubnivka_ceramics,05_kosiv_ceramics,1,train,obj_single_a4ba030c66002ab0,,unreviewed,unreviewed,global_cls__c10__source0p5,fixed_base_plus_three_motif_heads__equal_centered_logits,fixed_three_descriptor_consensus,10.0,True,0.000332087639005378,0.9964048879862523,0.0019560300422959464,0.00024522520903254503,0.0010617691234138331
img_3ac01592a39cd0c4,nested_outer_oof_adaptive_base_fixed_consensus_v5,dataset_dev/02_ornek/kt346.jpg,02_ornek,02_ornek,True,0.9106553885137526,02_ornek,01_opishnyan_ceramics,05_kosiv_ceramics,1,train,obj_single_3ac01592a39cd0c4,,unreviewed,unreviewed,global_cls__c10__source0p5,fixed_base_plus_three_motif_heads__equal_centered_logits,fixed_three_descriptor_consensus,10.0,True,0.05717647883188608,0.9106553885137526,0.005299912711808181,0.0015768631411360696,0.025291356801417284
img_8c687916a35cee07,nested_outer_oof_adaptive_base_fixed_consensus_v5,dataset_dev/02_ornek/kt348.jpg,02_ornek,02_ornek,True,0.9781434522319771,02_ornek,05_kosiv_ceramics,03_bubnivka_ceramics,3,train,obj_single_8c687916a35cee07,,unreviewed,unreviewed,three_view_cls_logit_ensemble__c100__source0p5,fixed_base_plus_three_motif_heads__equal_centered_logits,fixed_three_descriptor_consensus,10.0,True,0.0018263053283728722,0.9781434522319771,0.0038620524789642684,9.247834436293632e-05,0.016075711616323
img_836a7a5fcaa71968,nested_outer_oof_adaptive_base_fixed_consensus_v5,dataset_dev/02_ornek/kt349.jpg,02_ornek,02_ornek,True,0.8454920414061496,02_ornek,01_opishnyan_ceramics,03_bubnivka_ceramics,3,train,obj_single_836a7a5fcaa71968,,unreviewed,unreviewed,three_view_cls_logit_ensemble__c100__source0p5,fixed_base_plus_three_motif_heads__equal_centered_logits,fixed_three_descriptor_consensus,10.0,True,0.11492371289147618,0.8454920414061496,0.020581825670571503,0.0017515810535063696,0.01725083897829618
img_fd16dc45c3638267,nested_outer_oof_adaptive_base_fixed_consensus_v5,dataset_dev/02_ornek/kt352.jpg,02_ornek,02_ornek,True,0.6267605955756193,02_ornek,01_opishnyan_ceramics,03_bubnivka_ceramics,1,validation,obj_single_fd16dc45c3638267,,unreviewed,unreviewed,global_cls__c10__source0p5,fixed_base_plus_three_motif_heads__equal_centered_logits,fixed_three_descriptor_consensus,10.0,True,0.29759700760044694,0.6267605955756193,0.06789894383429271,0.001970329116928237,0.005773123872712753
img_c6c37b37ed783f66,nested_outer_oof_adaptive_base_fixed_consensus_v5,dataset_dev/02_ornek/kt353.jpg,02_ornek,02_ornek,True,0.9620912809512203,02_ornek,05_kosiv_ceramics,03_bubnivka_ceramics,3,train,obj_single_c6c37b37ed783f66,,unreviewed,unreviewed,three_view_cls_logit_ensemble__c100__source0p5,fixed_base_plus_three_motif_heads__equal_centered_logits,fixed_three_descriptor_consensus,10.0,True,0.005067851774565204,0.9620912809512203,0.011398791456782638,0.0019873837535441512,0.019454692063887665
img_a4dced8a82c7c1bd,nested_outer_oof_adaptive_base_fixed_consensus_v5,dataset_dev/02_ornek/kt356.jpg,02_ornek,02_ornek,True,0.8003106632673336,02_ornek,01_opishnyan_ceramics,03_bubnivka_ceramics,2,train,obj_single_a4dced8a82c7c1bd,,unreviewed,unreviewed,three_view_cls_logit_ensemble__c100__source0p5,fixed_base_plus_three_motif_heads__equal_centered_logits,fixed_three_descriptor_consensus,10.0,True,0.11891480656806448,0.8003106632673336,0.04385875424280863,0.00345576139964986,0.03346001452214328
img_20e15b8ccc51edda,nested_outer_oof_adaptive_base_fixed_consensus_v5,dataset_dev/02_ornek/kt357.jpg,02_ornek,02_ornek,True,0.8870752824139368,02_ornek,03_bubnivka_ceramics,05_kosiv_ceramics,0,train,obj_single_20e15b8ccc51edda,,unreviewed,unreviewed,three_view_cls_logit_ensemble__c100__source0p5,fixed_base_plus_three_motif_heads__equal_centered_logits,fixed_three_descriptor_consensus,10.0,True,0.007862987701237417,0.8870752824139368,0.07847057171559806,0.0047557982408638335,0.021835359928363947
img_d888dac1cbc611db,nested_outer_oof_adaptive_base_fixed_consensus_v5,dataset_dev/02_ornek/kt360.jpg,02_ornek,03_bubnivka_ceramics,False,0.285630535066245,03_bubnivka_ceramics,02_ornek,01_opishnyan_ceramics,1,train,obj_single_d888dac1cbc611db,,unreviewed,unreviewed,global_cls__c10__source0p5,fixed_base_plus_three_motif_heads__equal_centered_logits,fixed_three_descriptor_consensus,10.0,True,0.25139672772879373,0.28080819796454903,0.285630535066245,0.15242632486873892,0.02973821437167327
img_abaf158dac55c944,nested_outer_oof_adaptive_base_fixed_consensus_v5,dataset_dev/02_ornek/kt361.jpg,02_ornek,02_ornek,True,0.9414397196371523,02_ornek,03_bubnivka_ceramics,01_opishnyan_ceramics,2,train,obj_single_abaf158dac55c944,,unreviewed,unreviewed,three_view_cls_logit_ensemble__c100__source0p5,fixed_base_plus_three_motif_heads__equal_centered_logits,fixed_three_descriptor_consensus,10.0,True,0.007044537544216727,0.9414397196371523,0.04433217709957948,0.0006918228305370371,0.00649174288851457
img_3ef3208c00d8119f,nested_outer_oof_adaptive_base_fixed_consensus_v5,dataset_dev/02_ornek/kt362.jpg,02_ornek,02_ornek,True,0.9530734960546174,02_ornek,05_kosiv_ceramics,01_opishnyan_ceramics,1,validation,obj_single_3ef3208c00d8119f,,unreviewed,unreviewed,global_cls__c10__source0p5,fixed_base_plus_three_motif_heads__equal_centered_logits,fixed_three_descriptor_consensus,10.0,True,0.016533794533589694,0.9530734960546174,0.009208382989639791,0.0020866522560254236,0.0190976741661278
img_52aec3dfd5240880,nested_outer_oof_adaptive_base_fixed_consensus_v5,dataset_dev/02_ornek/kt364.jpg,02_ornek,02_ornek,True,0.9376125549915463,02_ornek,01_opishnyan_ceramics,03_bubnivka_ceramics,3,train,obj_single_52aec3dfd5240880,,unreviewed,unreviewed,three_view_cls_logit_ensemble__c100__source0p5,fixed_base_plus_three_motif_heads__equal_centered_logits,fixed_three_descriptor_consensus,10.0,True,0.0362564064758357,0.9376125549915463,0.021402534608279147,0.000707055157508285,0.0040214487668303826
img_a0f667e3cd00b8ea,nested_outer_oof_adaptive_base_fixed_consensus_v5,dataset_dev/02_ornek/kt365.jpg,02_ornek,02_ornek,True,0.7860187746030222,02_ornek,01_opishnyan_ceramics,03_bubnivka_ceramics,0,train,obj_single_a0f667e3cd00b8ea,,unreviewed,unreviewed,three_view_cls_logit_ensemble__c100__source0p5,fixed_base_plus_three_motif_heads__equal_centered_logits,fixed_three_descriptor_consensus,10.0,True,0.209423875944279,0.7860187746030222,0.002354701698628814,0.001191973043802012,0.0010106747102681698
img_d7834bda68ba8627,nested_outer_oof_adaptive_base_fixed_consensus_v5,dataset_dev/02_ornek/kt366.jpg,02_ornek,02_ornek,True,0.9920827807702869,02_ornek,01_opishnyan_ceramics,04_petrykivka_painting,1,train,obj_single_d7834bda68ba8627,,unreviewed,unreviewed,global_cls__c10__source0p5,fixed_base_plus_three_motif_heads__equal_centered_logits,fixed_three_descriptor_consensus,10.0,True,0.0045472523091184625,0.9920827807702869,0.0012353107133581884,0.0013424601934483556,0.0007921960137879733
img_cdc939acf520d9e1,nested_outer_oof_adaptive_base_fixed_consensus_v5,dataset_dev/02_ornek/kt367.jpg,02_ornek,02_ornek,True,0.9784450492694058,02_ornek,01_opishnyan_ceramics,04_petrykivka_painting,2,validation,obj_single_cdc939acf520d9e1,,unreviewed,unreviewed,three_view_cls_logit_ensemble__c100__source0p5,fixed_base_plus_three_motif_heads__equal_centered_logits,fixed_three_descriptor_consensus,10.0,True,0.01471582503364215,0.9784450492694058,0.0019089125106890766,0.0032521977389650273,0.001678015447297863
img_8df82a3307a9b7ab,nested_outer_oof_adaptive_base_fixed_consensus_v5,dataset_dev/02_ornek/kt368.jpg,02_ornek,02_ornek,True,0.982162433361305,02_ornek,05_kosiv_ceramics,04_petrykivka_painting,2,train,obj_single_8df82a3307a9b7ab,,unreviewed,unreviewed,three_view_cls_logit_ensemble__c100__source0p5,fixed_base_plus_three_motif_heads__equal_centered_logits,fixed_three_descriptor_consensus,10.0,True,0.0010265103243441525,0.982162433361305,0.0005330718597526526,0.004681781620331368,0.011596202834266888
img_09fd3921ce7cc294,nested_outer_oof_adaptive_base_fixed_consensus_v5,dataset_dev/02_ornek/kt370.jpg,02_ornek,02_ornek,True,0.9956851991412177,02_ornek,05_kosiv_ceramics,03_bubnivka_ceramics,0,train,obj_single_09fd3921ce7cc294,,unreviewed,unreviewed,three_view_cls_logit_ensemble__c100__source0p5,fixed_base_plus_three_motif_heads__equal_centered_logits,fixed_three_descriptor_consensus,10.0,True,0.00019812047502796678,0.9956851991412177,0.0006928502357438206,0.0006322148455180151,0.002791615302492778
img_acc8fad045648429,nested_outer_oof_adaptive_base_fixed_consensus_v5,dataset_dev/02_ornek/kt371.jpg,02_ornek,02_ornek,True,0.9763574607902952,02_ornek,04_petrykivka_painting,05_kosiv_ceramics,2,train,obj_single_acc8fad045648429,,unreviewed,unreviewed,three_view_cls_logit_ensemble__c100__source0p5,fixed_base_plus_three_motif_heads__equal_centered_logits,fixed_three_descriptor_consensus,10.0,True,0.0003279983367085382,0.9763574607902952,0.00015447261817677584,0.02175312852603463,0.0014069397287849719
img_d9b61e8f83f70a14,nested_outer_oof_adaptive_base_fixed_consensus_v5,dataset_dev/02_ornek/kt373.jpg,02_ornek,02_ornek,True,0.981449620851496,02_ornek,04_petrykivka_painting,01_opishnyan_ceramics,0,train,obj_single_d9b61e8f83f70a14,,unreviewed,unreviewed,three_view_cls_logit_ensemble__c100__source0p5,fixed_base_plus_three_motif_heads__equal_centered_logits,fixed_three_descriptor_consensus,10.0,True,0.0011034234261647837,0.981449620851496,0.00017086863163814372,0.0170831035139112,0.00019298357678996917
img_f3e552006be11c6e,nested_outer_oof_adaptive_base_fixed_consensus_v5,dataset_dev/02_ornek/kt376.jpg,02_ornek,02_ornek,True,0.9814720671810102,02_ornek,05_kosiv_ceramics,04_petrykivka_painting,1,train,obj_single_f3e552006be11c6e,,unreviewed,unreviewed,global_cls__c10__source0p5,fixed_base_plus_three_motif_heads__equal_centered_logits,fixed_three_descriptor_consensus,10.0,True,0.0008164796821714857,0.9814720671810102,0.000324656961126956,0.0017833832652674637,0.015603412910423687
img_af614be8b6fe20ba,nested_outer_oof_adaptive_base_fixed_consensus_v5,dataset_dev/02_ornek/kt378.jpg,02_ornek,02_ornek,True,0.9922217760369219,02_ornek,04_petrykivka_painting,05_kosiv_ceramics,2,validation,obj_single_af614be8b6fe20ba,,unreviewed,unreviewed,three_view_cls_logit_ensemble__c100__source0p5,fixed_base_plus_three_motif_heads__equal_centered_logits,fixed_three_descriptor_consensus,10.0,True,0.00013309776932311817,0.9922217760369219,0.00030996594615265285,0.005593496429471202,0.0017416638181312174
img_36e0ec589c682f13,nested_outer_oof_adaptive_base_fixed_consensus_v5,dataset_dev/02_ornek/kt379.jpg,02_ornek,02_ornek,True,0.9803999019758076,02_ornek,04_petrykivka_painting,03_bubnivka_ceramics,1,train,obj_single_36e0ec589c682f13,,unreviewed,unreviewed,global_cls__c10__source0p5,fixed_base_plus_three_motif_heads__equal_centered_logits,fixed_three_descriptor_consensus,10.0,True,0.0012864079366433558,0.9803999019758076,0.002217165584430407,0.01455130581135545,0.001545218691763242
img_c089dd4143b5338a,nested_outer_oof_adaptive_base_fixed_consensus_v5,dataset_dev/02_ornek/kt381.jpg,02_ornek,02_ornek,True,0.9981761552485717,02_ornek,04_petrykivka_painting,05_kosiv_ceramics,1,train,obj_single_c089dd4143b5338a,,unreviewed,unreviewed,global_cls__c10__source0p5,fixed_base_plus_three_motif_heads__equal_centered_logits,fixed_three_descriptor_consensus,10.0,True,0.00025814396270226275,0.9981761552485717,0.00010133007432243751,0.001050800781968982,0.0004135699324347506
img_5aa0d7b298ec4f79,nested_outer_oof_adaptive_base_fixed_consensus_v5,dataset_dev/02_ornek/kt383.jpg,02_ornek,02_ornek,True,0.960135602818622,02_ornek,04_petrykivka_painting,01_opishnyan_ceramics,3,train,obj_single_5aa0d7b298ec4f79,,unreviewed,unreviewed,three_view_cls_logit_ensemble__c100__source0p5,fixed_base_plus_three_motif_heads__equal_centered_logits,fixed_three_descriptor_consensus,10.0,True,0.012625568683847753,0.960135602818622,0.00017651458492500842,0.02616819151881657,0.0008941223937887426
img_815aa2d2107dfc33,nested_outer_oof_adaptive_base_fixed_consensus_v5,dataset_dev/02_ornek/kt384.jpg,02_ornek,02_ornek,True,0.9990220966790956,02_ornek,04_petrykivka_painting,01_opishnyan_ceramics,3,train,obj_single_815aa2d2107dfc33,,unreviewed,unreviewed,three_view_cls_logit_ensemble__c100__source0p5,fixed_base_plus_three_motif_heads__equal_centered_logits,fixed_three_descriptor_consensus,10.0,True,0.00033004297979365984,0.9990220966790956,5.865634376752479e-06,0.0004329502953656186,0.00020904441136850285
img_3749b8c6e929146c,nested_outer_oof_adaptive_base_fixed_consensus_v5,dataset_dev/02_ornek/kt385.jpg,02_ornek,02_ornek,True,0.9325283454627746,02_ornek,05_kosiv_ceramics,04_petrykivka_painting,3,train,obj_single_3749b8c6e929146c,,unreviewed,unreviewed,three_view_cls_logit_ensemble__c100__source0p5,fixed_base_plus_three_motif_heads__equal_centered_logits,fixed_three_descriptor_consensus,10.0,True,9.580610099057861e-05,0.9325283454627746,0.0008499841526372064,0.03128063283554833,0.03524523144804928
img_318ff55c397277f1,nested_outer_oof_adaptive_base_fixed_consensus_v5,dataset_dev/02_ornek/kt386.jpg,02_ornek,02_ornek,True,0.9944680096315632,02_ornek,05_kosiv_ceramics,03_bubnivka_ceramics,1,validation,obj_single_318ff55c397277f1,,unreviewed,unreviewed,global_cls__c10__source0p5,fixed_base_plus_three_motif_heads__equal_centered_logits,fixed_three_descriptor_consensus,10.0,True,0.00018142422914814264,0.9944680096315632,0.0003106239860491859,0.000252994598508657,0.00478694755473083
img_a5abe105cb1a1786,nested_outer_oof_adaptive_base_fixed_consensus_v5,dataset_dev/02_ornek/kt387.jpg,02_ornek,02_ornek,True,0.4841350027307344,02_ornek,01_opishnyan_ceramics,03_bubnivka_ceramics,1,train,obj_single_a5abe105cb1a1786,,unreviewed,unreviewed,global_cls__c10__source0p5,fixed_base_plus_three_motif_heads__equal_centered_logits,fixed_three_descriptor_consensus,10.0,True,0.4455134739244837,0.4841350027307344,0.035511538826008444,0.00610813650940387,0.028731848009369662
img_f99760fe5c824a7a,nested_outer_oof_adaptive_base_fixed_consensus_v5,dataset_dev/02_ornek/kt388.jpg,02_ornek,02_ornek,True,0.98509463299503,02_ornek,01_opishnyan_ceramics,05_kosiv_ceramics,3,train,obj_single_f99760fe5c824a7a,,unreviewed,unreviewed,three_view_cls_logit_ensemble__c100__source0p5,fixed_base_plus_three_motif_heads__equal_centered_logits,fixed_three_descriptor_consensus,10.0,True,0.006066830886792902,0.98509463299503,0.0012513159961641141,0.0032396089718152972,0.004347611150197596
img_6011ce34496bd69c,nested_outer_oof_adaptive_base_fixed_consensus_v5,dataset_dev/02_ornek/kt389.jpg,02_ornek,02_ornek,True,0.9607954131511819,02_ornek,05_kosiv_ceramics,01_opishnyan_ceramics,3,train,obj_single_6011ce34496bd69c,,unreviewed,unreviewed,three_view_cls_logit_ensemble__c100__source0p5,fixed_base_plus_three_motif_heads__equal_centered_logits,fixed_three_descriptor_consensus,10.0,True,0.0010532514316991144,0.9607954131511819,0.000379585732308558,0.0010393339272292774,0.036732415757580954
img_bda34a5ff86bea02,nested_outer_oof_adaptive_base_fixed_consensus_v5,dataset_dev/02_ornek/kt390.jpg,02_ornek,02_ornek,True,0.9957498661051691,02_ornek,05_kosiv_ceramics,03_bubnivka_ceramics,2,validation,obj_single_bda34a5ff86bea02,,unreviewed,unreviewed,three_view_cls_logit_ensemble__c100__source0p5,fixed_base_plus_three_motif_heads__equal_centered_logits,fixed_three_descriptor_consensus,10.0,True,5.030094987598626e-05,0.9957498661051691,0.0008784663442001869,7.632026944501746e-05,0.0032450463313096
img_4139e07d39517557,nested_outer_oof_adaptive_base_fixed_consensus_v5,dataset_dev/02_ornek/kt391.jpg,02_ornek,02_ornek,True,0.7652943365783995,02_ornek,05_kosiv_ceramics,04_petrykivka_painting,4,train,obj_single_4139e07d39517557,,unreviewed,unreviewed,global_cls__c10__source0p5,fixed_base_plus_three_motif_heads__equal_centered_logits,fixed_three_descriptor_consensus,10.0,True,0.016619292390359232,0.7652943365783995,0.04614173020530233,0.051965715508324455,0.1199789253176144
img_323eb48eb21656a7,nested_outer_oof_adaptive_base_fixed_consensus_v5,dataset_dev/02_ornek/kt394.jpg,02_ornek,02_ornek,True,0.9781351336533292,02_ornek,05_kosiv_ceramics,03_bubnivka_ceramics,4,train,obj_single_323eb48eb21656a7,,unreviewed,unreviewed,global_cls__c10__source0p5,fixed_base_plus_three_motif_heads__equal_centered_logits,fixed_three_descriptor_consensus,10.0,True,6.78905321081765e-05,0.9781351336533292,0.0009411432596475253,2.5025479907375214e-05,0.020830807075007778
img_a49ea29bf467e32f,nested_outer_oof_adaptive_base_fixed_consensus_v5,dataset_dev/02_ornek/kt395.jpg,02_ornek,02_ornek,True,0.9770752908925497,02_ornek,05_kosiv_ceramics,04_petrykivka_painting,1,train,obj_single_a49ea29bf467e32f,,unreviewed,unreviewed,global_cls__c10__source0p5,fixed_base_plus_three_motif_heads__equal_centered_logits,fixed_three_descriptor_consensus,10.0,True,0.0028182957650149947,0.9770752908925497,0.0006002702559834586,0.009513548789634974,0.009992594296816695
img_e1ad787538196f68,nested_outer_oof_adaptive_base_fixed_consensus_v5,dataset_dev/02_ornek/kt398.jpg,02_ornek,01_opishnyan_ceramics,False,0.41248983009694956,01_opishnyan_ceramics,05_kosiv_ceramics,02_ornek,1,train,obj_single_e1ad787538196f68,,unreviewed,unreviewed,global_cls__c10__source0p5,fixed_base_plus_three_motif_heads__equal_centered_logits,fixed_three_descriptor_consensus,10.0,True,0.41248983009694956,0.19518195248284068,0.03359100799177025,0.004120691353738937,0.35461651807470074
img_4a4f77a7cccdce3e,nested_outer_oof_adaptive_base_fixed_consensus_v5,dataset_dev/02_ornek/kt402.JPG,02_ornek,02_ornek,True,0.9825108002082914,02_ornek,05_kosiv_ceramics,04_petrykivka_painting,1,train,obj_single_4a4f77a7cccdce3e,,unreviewed,unreviewed,global_cls__c10__source0p5,fixed_base_plus_three_motif_heads__equal_centered_logits,fixed_three_descriptor_consensus,10.0,True,0.0004334719689785519,0.9825108002082914,0.00023838782495606996,0.007828427881628892,0.0089889121161452
img_9c3503df822c0272,nested_outer_oof_adaptive_base_fixed_consensus_v5,dataset_dev/02_ornek/kt403.jpg,02_ornek,02_ornek,True,0.7959005027387243,02_ornek,01_opishnyan_ceramics,05_kosiv_ceramics,1,train,obj_single_9c3503df822c0272,,unreviewed,unreviewed,global_cls__c10__source0p5,fixed_base_plus_three_motif_heads__equal_centered_logits,fixed_three_descriptor_consensus,10.0,True,0.13377708349901551,0.7959005027387243,0.010555619054318812,0.007044488421064802,0.052722306286876824
img_289314ac9c0734e0,nested_outer_oof_adaptive_base_fixed_consensus_v5,dataset_dev/02_ornek/kt404.jpg,02_ornek,02_ornek,True,0.899503087920278,02_ornek,05_kosiv_ceramics,04_petrykivka_painting,1,train,obj_single_289314ac9c0734e0,,unreviewed,unreviewed,global_cls__c10__source0p5,fixed_base_plus_three_motif_heads__equal_centered_logits,fixed_three_descriptor_consensus,10.0,True,0.0005657876357130546,0.899503087920278,0.0025480093667803196,0.0052305266291627385,0.09215258844806615
img_316ca5aaa47bd179,nested_outer_oof_adaptive_base_fixed_consensus_v5,dataset_dev/02_ornek/kt407.jpg,02_ornek,02_ornek,True,0.9998695353271488,02_ornek,03_bubnivka_ceramics,05_kosiv_ceramics,0,train,obj_single_316ca5aaa47bd179,,unreviewed,unreviewed,three_view_cls_logit_ensemble__c100__source0p5,fixed_base_plus_three_motif_heads__equal_centered_logits,fixed_three_descriptor_consensus,10.0,True,1.7546910810172618e-05,0.9998695353271488,6.04792205780418e-05,7.050290586782917e-06,4.5388250876245044e-05
img_b6c179e56e963b65,nested_outer_oof_adaptive_base_fixed_consensus_v5,dataset_dev/02_ornek/kt409.jpg,02_ornek,02_ornek,True,0.9972950424231535,02_ornek,03_bubnivka_ceramics,05_kosiv_ceramics,2,train,obj_single_b6c179e56e963b65,,unreviewed,unreviewed,three_view_cls_logit_ensemble__c100__source0p5,fixed_base_plus_three_motif_heads__equal_centered_logits,fixed_three_descriptor_consensus,10.0,True,8.267553412963231e-06,0.9972950424231535,0.0021912631727196747,9.990154060835073e-05,0.00040552531010560906
img_9ce28dfa791d1756,nested_outer_oof_adaptive_base_fixed_consensus_v5,dataset_dev/02_ornek/kt411.JPG,02_ornek,02_ornek,True,0.9983821374810914,02_ornek,04_petrykivka_painting,01_opishnyan_ceramics,0,validation,obj_single_9ce28dfa791d1756,,unreviewed,unreviewed,three_view_cls_logit_ensemble__c100__source0p5,fixed_base_plus_three_motif_heads__equal_centered_logits,fixed_three_descriptor_consensus,10.0,True,0.00011289540228310976,0.9983821374810914,7.939472514607588e-05,0.001315939654440722,0.00010963273703878654
img_edabc5441302365a,nested_outer_oof_adaptive_base_fixed_consensus_v5,dataset_dev/02_ornek/kt412.jpg,02_ornek,02_ornek,True,0.9976943235892266,02_ornek,03_bubnivka_ceramics,04_petrykivka_painting,4,train,obj_single_edabc5441302365a,,unreviewed,unreviewed,global_cls__c10__source0p5,fixed_base_plus_three_motif_heads__equal_centered_logits,fixed_three_descriptor_consensus,10.0,True,0.00011536196185903947,0.9976943235892266,0.0009333396123470057,0.000631807684082962,0.0006251671524845255
img_05159f71cc057a4a,nested_outer_oof_adaptive_base_fixed_consensus_v5,dataset_dev/02_ornek/kt414.jpg,02_ornek,02_ornek,True,0.9884331674726573,02_ornek,05_kosiv_ceramics,04_petrykivka_painting,4,train,obj_single_05159f71cc057a4a,,unreviewed,unreviewed,global_cls__c10__source0p5,fixed_base_plus_three_motif_heads__equal_centered_logits,fixed_three_descriptor_consensus,10.0,True,0.0005303432460750435,0.9884331674726573,0.0006483162089143562,0.001435794659434692,0.008952378412918457
img_ab1472096ce38a23,nested_outer_oof_adaptive_base_fixed_consensus_v5,dataset_dev/02_ornek/kt415.jpg,02_ornek,02_ornek,True,0.9907994319829337,02_ornek,03_bubnivka_ceramics,05_kosiv_ceramics,3,validation,obj_single_ab1472096ce38a23,,unreviewed,unreviewed,three_view_cls_logit_ensemble__c100__source0p5,fixed_base_plus_three_motif_heads__equal_centered_logits,fixed_three_descriptor_consensus,10.0,True,4.5821590280406335e-05,0.9907994319829337,0.007925401733360761,0.00042123396150666137,0.0008081107319184326
img_6ccc4bb6191bd36b,nested_outer_oof_adaptive_base_fixed_consensus_v5,dataset_dev/02_ornek/kt417.jpg,02_ornek,02_ornek,True,0.9997018078810086,02_ornek,04_petrykivka_painting,05_kosiv_ceramics,0,train,obj_single_6ccc4bb6191bd36b,,unreviewed,unreviewed,three_view_cls_logit_ensemble__c100__source0p5,fixed_base_plus_three_motif_heads__equal_centered_logits,fixed_three_descriptor_consensus,10.0,True,2.9131432272733846e-05,0.9997018078810086,3.682101116159532e-05,0.00015041476528216116,8.1824910275076e-05
img_8f81cd7fa71cf11a,nested_outer_oof_adaptive_base_fixed_consensus_v5,dataset_dev/02_ornek/kt419.JPG,02_ornek,02_ornek,True,0.9961169345666111,02_ornek,05_kosiv_ceramics,04_petrykivka_painting,1,train,obj_single_8f81cd7fa71cf11a,,unreviewed,unreviewed,global_cls__c10__source0p5,fixed_base_plus_three_motif_heads__equal_centered_logits,fixed_three_descriptor_consensus,10.0,True,0.00011109725683604332,0.9961169345666111,0.0007756544937193796,0.0012287976416641853,0.0017675160411691824
img_db9aa65bee54ecae,nested_outer_oof_adaptive_base_fixed_consensus_v5,dataset_dev/02_ornek/kt421.JPG,02_ornek,02_ornek,True,0.9950380319598935,02_ornek,03_bubnivka_ceramics,05_kosiv_ceramics,1,train,obj_single_db9aa65bee54ecae,,unreviewed,unreviewed,global_cls__c10__source0p5,fixed_base_plus_three_motif_heads__equal_centered_logits,fixed_three_descriptor_consensus,10.0,True,1.1276909087521136e-05,0.9950380319598935,0.003515322196279633,0.0006377826317718214,0.0007975863029673164
img_db9780a9f3a19a4c,nested_outer_oof_adaptive_base_fixed_consensus_v5,dataset_dev/02_ornek/kt423.JPG,02_ornek,02_ornek,True,0.9969913530705384,02_ornek,03_bubnivka_ceramics,04_petrykivka_painting,0,train,obj_single_db9780a9f3a19a4c,,unreviewed,unreviewed,three_view_cls_logit_ensemble__c100__source0p5,fixed_base_plus_three_motif_heads__equal_centered_logits,fixed_three_descriptor_consensus,10.0,True,0.00029973502709197843,0.9969913530705384,0.0011740679275135104,0.0010713668553885048,0.00046347711946761555
img_1a3213fa4a4a9232,nested_outer_oof_adaptive_base_fixed_consensus_v5,dataset_dev/02_ornek/kt426=036.jpg,02_ornek,02_ornek,True,0.6700551442483349,02_ornek,05_kosiv_ceramics,03_bubnivka_ceramics,2,train,obj_single_1a3213fa4a4a9232,,unreviewed,unreviewed,three_view_cls_logit_ensemble__c100__source0p5,fixed_base_plus_three_motif_heads__equal_centered_logits,fixed_three_descriptor_consensus,10.0,True,0.008365406095267503,0.6700551442483349,0.045535874253630426,0.00462856315852991,0.2714150122442373
img_969a520dcf786b1e,nested_outer_oof_adaptive_base_fixed_consensus_v5,dataset_dev/02_ornek/kt427.jpg,02_ornek,02_ornek,True,0.9526128747683691,02_ornek,05_kosiv_ceramics,03_bubnivka_ceramics,1,train,obj_single_969a520dcf786b1e,,unreviewed,unreviewed,global_cls__c10__source0p5,fixed_base_plus_three_motif_heads__equal_centered_logits,fixed_three_descriptor_consensus,10.0,True,0.0025111456302491695,0.9526128747683691,0.006038912237400339,0.0023335124702533834,0.03650355489372824
img_5ee4d38cdec312c0,nested_outer_oof_adaptive_base_fixed_consensus_v5,dataset_dev/02_ornek/kt428.jpg,02_ornek,02_ornek,True,0.9922741015180003,02_ornek,05_kosiv_ceramics,03_bubnivka_ceramics,0,validation,obj_single_5ee4d38cdec312c0,,unreviewed,unreviewed,three_view_cls_logit_ensemble__c100__source0p5,fixed_base_plus_three_motif_heads__equal_centered_logits,fixed_three_descriptor_consensus,10.0,True,0.0002303802128398458,0.9922741015180003,0.0013626723967283796,0.0011326286334617309,0.005000217238969478
img_4bf6b0581462a4b3,nested_outer_oof_adaptive_base_fixed_consensus_v5,dataset_dev/02_ornek/kt431.jpg,02_ornek,02_ornek,True,0.9619158081054294,02_ornek,01_opishnyan_ceramics,05_kosiv_ceramics,0,train,obj_single_4bf6b0581462a4b3,,unreviewed,unreviewed,three_view_cls_logit_ensemble__c100__source0p5,fixed_base_plus_three_motif_heads__equal_centered_logits,fixed_three_descriptor_consensus,10.0,True,0.020615375238412673,0.9619158081054294,0.003591911935418481,0.0027308306446518047,0.011146074076087512
img_05fe5c81b9fdb573,nested_outer_oof_adaptive_base_fixed_consensus_v5,dataset_dev/02_ornek/kt432.jpg,02_ornek,02_ornek,True,0.9674647234712952,02_ornek,05_kosiv_ceramics,04_petrykivka_painting,0,train,obj_single_05fe5c81b9fdb573,,unreviewed,unreviewed,three_view_cls_logit_ensemble__c100__source0p5,fixed_base_plus_three_motif_heads__equal_centered_logits,fixed_three_descriptor_consensus,10.0,True,0.0038877148687296013,0.9674647234712952,0.006362717093264484,0.006636090339105169,0.015648754227605616
img_a5ee740565cb18cc,nested_outer_oof_adaptive_base_fixed_consensus_v5,dataset_dev/02_ornek/kt433.jpg,02_ornek,05_kosiv_ceramics,False,0.6409556675305779,05_kosiv_ceramics,02_ornek,01_opishnyan_ceramics,2,train,obj_single_a5ee740565cb18cc,,unreviewed,unreviewed,three_view_cls_logit_ensemble__c100__source0p5,fixed_base_plus_three_motif_heads__equal_centered_logits,fixed_three_descriptor_consensus,10.0,True,0.0652024704952355,0.27798712372309614,0.01167699888685499,0.004177739364235494,0.6409556675305779
img_a0acc10591acc1fa,nested_outer_oof_adaptive_base_fixed_consensus_v5,dataset_dev/02_ornek/kt434.jpg,02_ornek,02_ornek,True,0.996464037011997,02_ornek,04_petrykivka_painting,03_bubnivka_ceramics,0,train,obj_single_a0acc10591acc1fa,,unreviewed,unreviewed,three_view_cls_logit_ensemble__c100__source0p5,fixed_base_plus_three_motif_heads__equal_centered_logits,fixed_three_descriptor_consensus,10.0,True,0.00019068352860979342,0.996464037011997,0.0002912957121979769,0.0028256062231933215,0.00022837752400202727
img_727e7f5cec10c4aa,nested_outer_oof_adaptive_base_fixed_consensus_v5,dataset_dev/02_ornek/kt436.JPG,02_ornek,02_ornek,True,0.9905103943348823,02_ornek,04_petrykivka_painting,01_opishnyan_ceramics,2,train,obj_single_727e7f5cec10c4aa,,unreviewed,unreviewed,three_view_cls_logit_ensemble__c100__source0p5,fixed_base_plus_three_motif_heads__equal_centered_logits,fixed_three_descriptor_consensus,10.0,True,0.0026614903482996702,0.9905103943348823,0.0009222273556227599,0.004982521436009489,0.000923366525185745
img_55d25915355c675a,nested_outer_oof_adaptive_base_fixed_consensus_v5,dataset_dev/02_ornek/kt437.JPG,02_ornek,02_ornek,True,0.9955066240107822,02_ornek,04_petrykivka_painting,01_opishnyan_ceramics,3,train,obj_single_55d25915355c675a,,unreviewed,unreviewed,three_view_cls_logit_ensemble__c100__source0p5,fixed_base_plus_three_motif_heads__equal_centered_logits,fixed_three_descriptor_consensus,10.0,True,0.001070810645027255,0.9955066240107822,0.0005821539493380271,0.002134066358545628,0.0007063450363069714
img_12b9609b34adc300,nested_outer_oof_adaptive_base_fixed_consensus_v5,dataset_dev/02_ornek/kt438.JPG,02_ornek,02_ornek,True,0.9920079231407234,02_ornek,05_kosiv_ceramics,04_petrykivka_painting,1,train,obj_single_12b9609b34adc300,,unreviewed,unreviewed,global_cls__c10__source0p5,fixed_base_plus_three_motif_heads__equal_centered_logits,fixed_three_descriptor_consensus,10.0,True,9.690723348084384e-05,0.9920079231407234,0.000381711365441088,0.0009216994461787444,0.006591758814175909
img_cb53816b599e9902,nested_outer_oof_adaptive_base_fixed_consensus_v5,dataset_dev/02_ornek/kt439.jpg,02_ornek,02_ornek,True,0.9995709703069434,02_ornek,04_petrykivka_painting,05_kosiv_ceramics,2,validation,obj_single_cb53816b599e9902,,unreviewed,unreviewed,three_view_cls_logit_ensemble__c100__source0p5,fixed_base_plus_three_motif_heads__equal_centered_logits,fixed_three_descriptor_consensus,10.0,True,7.77414682329384e-06,0.9995709703069434,7.119469449133557e-05,0.00020531064896413192,0.00014475020277773766
img_876448b028bf9bbb,nested_outer_oof_adaptive_base_fixed_consensus_v5,dataset_dev/02_ornek/kt440.JPG,02_ornek,02_ornek,True,0.9926012704282811,02_ornek,05_kosiv_ceramics,03_bubnivka_ceramics,3,train,obj_single_876448b028bf9bbb,,unreviewed,unreviewed,three_view_cls_logit_ensemble__c100__source0p5,fixed_base_plus_three_motif_heads__equal_centered_logits,fixed_three_descriptor_consensus,10.0,True,0.0004708948214321435,0.9926012704282811,0.000961065930308148,0.0005075079083747806,0.005459260911603651
img_eccc49759a59c4b9,nested_outer_oof_adaptive_base_fixed_consensus_v5,dataset_dev/02_ornek/kt442.JPG,02_ornek,02_ornek,True,0.9986438633014383,02_ornek,04_petrykivka_painting,03_bubnivka_ceramics,0,train,obj_single_eccc49759a59c4b9,,unreviewed,unreviewed,three_view_cls_logit_ensemble__c100__source0p5,fixed_base_plus_three_motif_heads__equal_centered_logits,fixed_three_descriptor_consensus,10.0,True,6.885490113797539e-05,0.9986438633014383,0.0005195600153056612,0.0007366579363861909,3.106384573186914e-05
img_c9e5833d0509743f,nested_outer_oof_adaptive_base_fixed_consensus_v5,dataset_dev/02_ornek/kt443.jpg,02_ornek,02_ornek,True,0.99736896759336,02_ornek,04_petrykivka_painting,03_bubnivka_ceramics,2,train,obj_single_c9e5833d0509743f,,unreviewed,unreviewed,three_view_cls_logit_ensemble__c100__source0p5,fixed_base_plus_three_motif_heads__equal_centered_logits,fixed_three_descriptor_consensus,10.0,True,4.386200355846797e-05,0.99736896759336,0.000638085553279365,0.0015097344065863755,0.0004393504432157602
img_e36aceb4947f4350,nested_outer_oof_adaptive_base_fixed_consensus_v5,dataset_dev/02_ornek/kt445.JPG,02_ornek,02_ornek,True,0.981200514594678,02_ornek,01_opishnyan_ceramics,05_kosiv_ceramics,4,train,obj_single_e36aceb4947f4350,,unreviewed,unreviewed,global_cls__c10__source0p5,fixed_base_plus_three_motif_heads__equal_centered_logits,fixed_three_descriptor_consensus,10.0,True,0.015203632828628542,0.981200514594678,0.0011007241545393533,0.0006117501712237599,0.0018833782509303893
img_c310864bc5dfce2e,nested_outer_oof_adaptive_base_fixed_consensus_v5,dataset_dev/02_ornek/kt447.JPG,02_ornek,02_ornek,True,0.9996427223374926,02_ornek,05_kosiv_ceramics,04_petrykivka_painting,2,train,obj_single_c310864bc5dfce2e,,unreviewed,unreviewed,three_view_cls_logit_ensemble__c100__source0p5,fixed_base_plus_three_motif_heads__equal_centered_logits,fixed_three_descriptor_consensus,10.0,True,3.6296048710767387e-05,0.9996427223374926,4.1786643678655186e-05,0.0001376103369480642,0.00014158463316977978
img_5994a1f2dfe1c562,nested_outer_oof_adaptive_base_fixed_consensus_v5,dataset_dev/02_ornek/kt448.JPG,02_ornek,02_ornek,True,0.9983929345470426,02_ornek,05_kosiv_ceramics,04_petrykivka_painting,0,train,obj_single_5994a1f2dfe1c562,,unreviewed,unreviewed,three_view_cls_logit_ensemble__c100__source0p5,fixed_base_plus_three_motif_heads__equal_centered_logits,fixed_three_descriptor_consensus,10.0,True,3.584583384115161e-05,0.9983929345470426,0.0002904592552213889,0.00037438007360767747,0.0009063802902871565
img_2b6e364d51e1b055,nested_outer_oof_adaptive_base_fixed_consensus_v5,dataset_dev/02_ornek/kt450.jpg,02_ornek,02_ornek,True,0.9976882000370697,02_ornek,05_kosiv_ceramics,04_petrykivka_painting,0,train,obj_single_2b6e364d51e1b055,,unreviewed,unreviewed,three_view_cls_logit_ensemble__c100__source0p5,fixed_base_plus_three_motif_heads__equal_centered_logits,fixed_three_descriptor_consensus,10.0,True,2.893436302885301e-05,0.9976882000370697,9.47189291301769e-05,0.0006411572586703592,0.0015469894121013304
img_b8d75020ab49f09e,nested_outer_oof_adaptive_base_fixed_consensus_v5,dataset_dev/02_ornek/kt452.jpg,02_ornek,02_ornek,True,0.9978992071838608,02_ornek,04_petrykivka_painting,05_kosiv_ceramics,1,train,obj_single_b8d75020ab49f09e,,unreviewed,unreviewed,global_cls__c10__source0p5,fixed_base_plus_three_motif_heads__equal_centered_logits,fixed_three_descriptor_consensus,10.0,True,4.440731332063487e-05,0.9978992071838608,0.00030709800097147654,0.0013334914465866973,0.00041579605526005366
img_4524055f8fcfc9e6,nested_outer_oof_adaptive_base_fixed_consensus_v5,dataset_dev/02_ornek/kt453.jpg,02_ornek,02_ornek,True,0.9592408114145865,02_ornek,04_petrykivka_painting,01_opishnyan_ceramics,3,train,obj_single_4524055f8fcfc9e6,,unreviewed,unreviewed,three_view_cls_logit_ensemble__c100__source0p5,fixed_base_plus_three_motif_heads__equal_centered_logits,fixed_three_descriptor_consensus,10.0,True,0.000499282746058093,0.9592408114145865,3.603125941180183e-05,0.039922860928796586,0.00030101365114715436
img_462d2797b23e3fae,nested_outer_oof_adaptive_base_fixed_consensus_v5,dataset_dev/02_ornek/kt455.jpg,02_ornek,02_ornek,True,0.9806480241574467,02_ornek,04_petrykivka_painting,05_kosiv_ceramics,0,train,obj_single_462d2797b23e3fae,,unreviewed,unreviewed,three_view_cls_logit_ensemble__c100__source0p5,fixed_base_plus_three_motif_heads__equal_centered_logits,fixed_three_descriptor_consensus,10.0,True,0.0012021270121334955,0.9806480241574467,0.0044525495452508055,0.008147469075138535,0.005549830210030488
img_9f98e95787b0ff5f,nested_outer_oof_adaptive_base_fixed_consensus_v5,dataset_dev/02_ornek/kt456.jpg,02_ornek,02_ornek,True,0.9949611696971221,02_ornek,05_kosiv_ceramics,04_petrykivka_painting,3,train,obj_single_9f98e95787b0ff5f,,unreviewed,unreviewed,three_view_cls_logit_ensemble__c100__source0p5,fixed_base_plus_three_motif_heads__equal_centered_logits,fixed_three_descriptor_consensus,10.0,True,0.0002558269602313867,0.9949611696971221,6.967803514692692e-05,0.0019366723381069443,0.002776652969392691
img_5e1f784cf224784e,nested_outer_oof_adaptive_base_fixed_consensus_v5,dataset_dev/02_ornek/kt459.jpg,02_ornek,02_ornek,True,0.9424914959966875,02_ornek,04_petrykivka_painting,05_kosiv_ceramics,0,train,obj_single_5e1f784cf224784e,,unreviewed,unreviewed,three_view_cls_logit_ensemble__c100__source0p5,fixed_base_plus_three_motif_heads__equal_centered_logits,fixed_three_descriptor_consensus,10.0,True,0.005841798694920861,0.9424914959966875,0.0014033216763018044,0.025784978294569754,0.024478405337520166
img_07b736e3bac32c9f,nested_outer_oof_adaptive_base_fixed_consensus_v5,dataset_dev/02_ornek/kt461.jpg,02_ornek,02_ornek,True,0.9263599807807175,02_ornek,01_opishnyan_ceramics,04_petrykivka_painting,3,validation,obj_single_07b736e3bac32c9f,,unreviewed,unreviewed,three_view_cls_logit_ensemble__c100__source0p5,fixed_base_plus_three_motif_heads__equal_centered_logits,fixed_three_descriptor_consensus,10.0,True,0.06949314594501102,0.9263599807807175,0.0007006976930906506,0.0019005996967445674,0.0015455758844360418
img_4e43280626a9fb9e,nested_outer_oof_adaptive_base_fixed_consensus_v5,dataset_dev/02_ornek/kt463.jpg,02_ornek,02_ornek,True,0.9982649773445982,02_ornek,03_bubnivka_ceramics,05_kosiv_ceramics,4,validation,obj_single_4e43280626a9fb9e,,unreviewed,unreviewed,global_cls__c10__source0p5,fixed_base_plus_three_motif_heads__equal_centered_logits,fixed_three_descriptor_consensus,10.0,True,0.00012013939986912748,0.9982649773445982,0.0008576031846962645,0.00029144411483251976,0.00046583595600362853
img_0e0e324ca8935d28,nested_outer_oof_adaptive_base_fixed_consensus_v5,dataset_dev/02_ornek/kt464.jpg,02_ornek,02_ornek,True,0.9915890052825866,02_ornek,05_kosiv_ceramics,03_bubnivka_ceramics,1,validation,obj_single_0e0e324ca8935d28,,unreviewed,unreviewed,global_cls__c10__source0p5,fixed_base_plus_three_motif_heads__equal_centered_logits,fixed_three_descriptor_consensus,10.0,True,0.00013630362926225038,0.9915890052825866,0.0010861853140059193,0.0007604247406730003,0.006428081033472143
img_e90c0f63b787be16,nested_outer_oof_adaptive_base_fixed_consensus_v5,dataset_dev/02_ornek/kt465.jpg,02_ornek,02_ornek,True,0.9689483823743696,02_ornek,01_opishnyan_ceramics,05_kosiv_ceramics,2,validation,obj_single_e90c0f63b787be16,,unreviewed,unreviewed,three_view_cls_logit_ensemble__c100__source0p5,fixed_base_plus_three_motif_heads__equal_centered_logits,fixed_three_descriptor_consensus,10.0,True,0.02790603367683549,0.9689483823743696,0.0003333556314697944,0.0010280135006589853,0.0017842148166661732
img_b3b16d7e6a8907a3,nested_outer_oof_adaptive_base_fixed_consensus_v5,dataset_dev/02_ornek/kt467.jpg,02_ornek,02_ornek,True,0.7935918600470263,02_ornek,01_opishnyan_ceramics,03_bubnivka_ceramics,3,validation,obj_single_b3b16d7e6a8907a3,,unreviewed,unreviewed,three_view_cls_logit_ensemble__c100__source0p5,fixed_base_plus_three_motif_heads__equal_centered_logits,fixed_three_descriptor_consensus,10.0,True,0.16643120684172025,0.7935918600470263,0.025392948360021525,0.005102854974397028,0.009481129776834915
img_f30726f97bc3a9e0,nested_outer_oof_adaptive_base_fixed_consensus_v5,dataset_dev/02_ornek/kt468.jpg,02_ornek,02_ornek,True,0.8345685758802297,02_ornek,04_petrykivka_painting,05_kosiv_ceramics,4,train,obj_single_f30726f97bc3a9e0,,unreviewed,unreviewed,global_cls__c10__source0p5,fixed_base_plus_three_motif_heads__equal_centered_logits,fixed_three_descriptor_consensus,10.0,True,0.003424061230964972,0.8345685758802297,0.0013932821643808562,0.08131387864069635,0.07930020208372833
img_28682b13886cfe71,nested_outer_oof_adaptive_base_fixed_consensus_v5,dataset_dev/02_ornek/kt469.jpg,02_ornek,02_ornek,True,0.9587202860546223,02_ornek,04_petrykivka_painting,05_kosiv_ceramics,4,train,obj_single_28682b13886cfe71,,unreviewed,unreviewed,global_cls__c10__source0p5,fixed_base_plus_three_motif_heads__equal_centered_logits,fixed_three_descriptor_consensus,10.0,True,0.0004716473138487981,0.9587202860546223,0.0006475562132256361,0.03730584649943359,0.0028546639188697675
img_bb8c2c4bfa174b30,nested_outer_oof_adaptive_base_fixed_consensus_v5,dataset_dev/02_ornek/kt470.jpg,02_ornek,02_ornek,True,0.8970167882971394,02_ornek,05_kosiv_ceramics,01_opishnyan_ceramics,3,train,obj_single_bb8c2c4bfa174b30,,unreviewed,unreviewed,three_view_cls_logit_ensemble__c100__source0p5,fixed_base_plus_three_motif_heads__equal_centered_logits,fixed_three_descriptor_consensus,10.0,True,0.03243528306946545,0.8970167882971394,0.021381715447830935,0.004880587815742758,0.04428562536982181
img_66d8e06a38c1c9b1,nested_outer_oof_adaptive_base_fixed_consensus_v5,dataset_dev/02_ornek/kt471.jpg,02_ornek,02_ornek,True,0.9978474089424929,02_ornek,04_petrykivka_painting,05_kosiv_ceramics,3,train,obj_single_66d8e06a38c1c9b1,,unreviewed,unreviewed,three_view_cls_logit_ensemble__c100__source0p5,fixed_base_plus_three_motif_heads__equal_centered_logits,fixed_three_descriptor_consensus,10.0,True,8.48604996625442e-05,0.9978474089424929,0.00011072864686213923,0.0013023513632529383,0.0006546505477293323
img_68430be77263ed7f,nested_outer_oof_adaptive_base_fixed_consensus_v5,dataset_dev/02_ornek/kt472.jpg,02_ornek,02_ornek,True,0.9983728204254805,02_ornek,05_kosiv_ceramics,03_bubnivka_ceramics,0,train,obj_single_68430be77263ed7f,,unreviewed,unreviewed,three_view_cls_logit_ensemble__c100__source0p5,fixed_base_plus_three_motif_heads__equal_centered_logits,fixed_three_descriptor_consensus,10.0,True,1.4667828017655414e-05,0.9983728204254805,0.00040674229364324804,0.00011379487168278441,0.001091974581175885
img_f71d0507c10ccd12,nested_outer_oof_adaptive_base_fixed_consensus_v5,dataset_dev/02_ornek/kt474.jpg,02_ornek,02_ornek,True,0.8835739161472086,02_ornek,05_kosiv_ceramics,04_petrykivka_painting,4,train,obj_single_f71d0507c10ccd12,,unreviewed,unreviewed,global_cls__c10__source0p5,fixed_base_plus_three_motif_heads__equal_centered_logits,fixed_three_descriptor_consensus,10.0,True,0.026388735979923684,0.8835739161472086,0.015227155064391717,0.03123771632973928,0.043572476478736855
img_9d1c059a6187d4e3,nested_outer_oof_adaptive_base_fixed_consensus_v5,dataset_dev/02_ornek/kt475.jpg,02_ornek,02_ornek,True,0.9747223768247398,02_ornek,04_petrykivka_painting,05_kosiv_ceramics,2,train,obj_single_9d1c059a6187d4e3,,unreviewed,unreviewed,three_view_cls_logit_ensemble__c100__source0p5,fixed_base_plus_three_motif_heads__equal_centered_logits,fixed_three_descriptor_consensus,10.0,True,0.002457102212877793,0.9747223768247398,0.0001785112484374963,0.019725883986670186,0.0029161257272748106
img_3c7293b32fdb0fc4,nested_outer_oof_adaptive_base_fixed_consensus_v5,dataset_dev/02_ornek/kt476.jpg,02_ornek,02_ornek,True,0.9942457504065958,02_ornek,05_kosiv_ceramics,04_petrykivka_painting,2,train,obj_single_3c7293b32fdb0fc4,,unreviewed,unreviewed,three_view_cls_logit_ensemble__c100__source0p5,fixed_base_plus_three_motif_heads__equal_centered_logits,fixed_three_descriptor_consensus,10.0,True,7.111194925029738e-05,0.9942457504065958,6.901918364096513e-05,0.0008242149025260226,0.004789903557987152
img_20e87d1e06bd8671,nested_outer_oof_adaptive_base_fixed_consensus_v5,dataset_dev/02_ornek/kt477.jpg,02_ornek,02_ornek,True,0.9823129835080183,02_ornek,05_kosiv_ceramics,04_petrykivka_painting,2,train,obj_single_20e87d1e06bd8671,,unreviewed,unreviewed,three_view_cls_logit_ensemble__c100__source0p5,fixed_base_plus_three_motif_heads__equal_centered_logits,fixed_three_descriptor_consensus,10.0,True,0.0006011408027229133,0.9823129835080183,0.001459013707326879,0.004704508077496523,0.010922353904435135
img_63d6be65bede61e2,nested_outer_oof_adaptive_base_fixed_consensus_v5,dataset_dev/02_ornek/kt479.jpg,02_ornek,02_ornek,True,0.8493007982485331,02_ornek,05_kosiv_ceramics,04_petrykivka_painting,2,train,obj_single_63d6be65bede61e2,,unreviewed,unreviewed,three_view_cls_logit_ensemble__c100__source0p5,fixed_base_plus_three_motif_heads__equal_centered_logits,fixed_three_descriptor_consensus,10.0,True,0.0001651871336913851,0.8493007982485331,0.00016800347001298525,0.003467782921807166,0.14689822822595533
img_3d73d70484aed1b7,nested_outer_oof_adaptive_base_fixed_consensus_v5,dataset_dev/02_ornek/kt480.jpg,02_ornek,02_ornek,True,0.9867220709669648,02_ornek,05_kosiv_ceramics,04_petrykivka_painting,4,train,obj_single_3d73d70484aed1b7,,unreviewed,unreviewed,global_cls__c10__source0p5,fixed_base_plus_three_motif_heads__equal_centered_logits,fixed_three_descriptor_consensus,10.0,True,0.0010096704140112526,0.9867220709669648,0.0002478976414117556,0.005784462594709895,0.006235898382902352
img_6a9ccbc984ca076b,nested_outer_oof_adaptive_base_fixed_consensus_v5,dataset_dev/02_ornek/kt481.jpg,02_ornek,02_ornek,True,0.928191319987438,02_ornek,05_kosiv_ceramics,01_opishnyan_ceramics,3,validation,obj_single_6a9ccbc984ca076b,,unreviewed,unreviewed,three_view_cls_logit_ensemble__c100__source0p5,fixed_base_plus_three_motif_heads__equal_centered_logits,fixed_three_descriptor_consensus,10.0,True,0.018653577046426915,0.928191319987438,0.0050331555171343485,0.005467767935523103,0.04265417951347756
img_22932fadf469dad2,nested_outer_oof_adaptive_base_fixed_consensus_v5,dataset_dev/02_ornek/kt483.jpg,02_ornek,02_ornek,True,0.958328398713635,02_ornek,04_petrykivka_painting,03_bubnivka_ceramics,4,train,obj_single_22932fadf469dad2,,unreviewed,unreviewed,global_cls__c10__source0p5,fixed_base_plus_three_motif_heads__equal_centered_logits,fixed_three_descriptor_consensus,10.0,True,0.0015612657650893901,0.958328398713635,0.0035967456121387856,0.03630858802903578,0.00020500188010093038
img_dcad607012fd1178,nested_outer_oof_adaptive_base_fixed_consensus_v5,dataset_dev/02_ornek/kt486.jpg,02_ornek,02_ornek,True,0.7933419425591698,02_ornek,03_bubnivka_ceramics,01_opishnyan_ceramics,1,train,obj_single_dcad607012fd1178,,unreviewed,unreviewed,global_cls__c10__source0p5,fixed_base_plus_three_motif_heads__equal_centered_logits,fixed_three_descriptor_consensus,10.0,True,0.02925498916847281,0.7933419425591698,0.1595752668141667,0.005086545256381514,0.01274125620180912
img_9cbe9d9f91f40910,nested_outer_oof_adaptive_base_fixed_consensus_v5,dataset_dev/02_ornek/kt487.jpeg,02_ornek,02_ornek,True,0.987439743719888,02_ornek,03_bubnivka_ceramics,04_petrykivka_painting,4,train,obj_single_9cbe9d9f91f40910,,unreviewed,unreviewed,global_cls__c10__source0p5,fixed_base_plus_three_motif_heads__equal_centered_logits,fixed_three_descriptor_consensus,10.0,True,0.002503800764215914,0.987439743719888,0.004722952834210889,0.0028307389376099738,0.002502763744075119
img_45b1d0a3b4a5c1c6,nested_outer_oof_adaptive_base_fixed_consensus_v5,dataset_dev/02_ornek/kt489.jpeg,02_ornek,02_ornek,True,0.9892830196671955,02_ornek,01_opishnyan_ceramics,03_bubnivka_ceramics,2,train,obj_single_45b1d0a3b4a5c1c6,,unreviewed,unreviewed,three_view_cls_logit_ensemble__c100__source0p5,fixed_base_plus_three_motif_heads__equal_centered_logits,fixed_three_descriptor_consensus,10.0,True,0.007502007547863881,0.9892830196671955,0.0016726091502871493,0.001022556385591999,0.0005198072490613707
img_27ff1892e3f593c9,nested_outer_oof_adaptive_base_fixed_consensus_v5,dataset_dev/02_ornek/kt493.jpg,02_ornek,02_ornek,True,0.9927968076817087,02_ornek,04_petrykivka_painting,05_kosiv_ceramics,4,train,obj_single_27ff1892e3f593c9,,unreviewed,unreviewed,global_cls__c10__source0p5,fixed_base_plus_three_motif_heads__equal_centered_logits,fixed_three_descriptor_consensus,10.0,True,0.00016568458602229596,0.9927968076817087,9.610386094291475e-05,0.006418845114971564,0.0005225587563545546
img_d4d07551f0786876,nested_outer_oof_adaptive_base_fixed_consensus_v5,dataset_dev/02_ornek/kt495.jpg,02_ornek,02_ornek,True,0.9977269139121843,02_ornek,04_petrykivka_painting,05_kosiv_ceramics,1,train,obj_single_d4d07551f0786876,,unreviewed,unreviewed,global_cls__c10__source0p5,fixed_base_plus_three_motif_heads__equal_centered_logits,fixed_three_descriptor_consensus,10.0,True,5.043899658540821e-05,0.9977269139121843,1.704738768796598e-05,0.002049243729106042,0.00015635597443643297
img_e90c40c595ff4474,nested_outer_oof_adaptive_base_fixed_consensus_v5,dataset_dev/02_ornek/kt496.jpg,02_ornek,02_ornek,True,0.9778250313782832,02_ornek,04_petrykivka_painting,05_kosiv_ceramics,3,train,obj_single_e90c40c595ff4474,,unreviewed,unreviewed,three_view_cls_logit_ensemble__c100__source0p5,fixed_base_plus_three_motif_heads__equal_centered_logits,fixed_three_descriptor_consensus,10.0,True,0.0005554008611999451,0.9778250313782832,0.00028385850405960146,0.019357052070089923,0.0019786571863670967
img_2762878bd63df048,nested_outer_oof_adaptive_base_fixed_consensus_v5,dataset_dev/02_ornek/kt497.jpg,02_ornek,02_ornek,True,0.98544769774801,02_ornek,01_opishnyan_ceramics,03_bubnivka_ceramics,1,train,obj_single_2762878bd63df048,,unreviewed,unreviewed,global_cls__c10__source0p5,fixed_base_plus_three_motif_heads__equal_centered_logits,fixed_three_descriptor_consensus,10.0,True,0.009745958247783699,0.98544769774801,0.0021998131350980123,0.001237210434920425,0.001369320434188058
img_c46e799fe0dc8e0e,nested_outer_oof_adaptive_base_fixed_consensus_v5,dataset_dev/02_ornek/kt499.jpg,02_ornek,02_ornek,True,0.9759338827926293,02_ornek,01_opishnyan_ceramics,03_bubnivka_ceramics,2,train,obj_single_c46e799fe0dc8e0e,,unreviewed,unreviewed,three_view_cls_logit_ensemble__c100__source0p5,fixed_base_plus_three_motif_heads__equal_centered_logits,fixed_three_descriptor_consensus,10.0,True,0.020480923556549954,0.9759338827926293,0.002818285100170176,0.0006553677547113464,0.00011154079593933943
img_b25f84e3c0fc3b16,nested_outer_oof_adaptive_base_fixed_consensus_v5,dataset_dev/02_ornek/kt500.jpg,02_ornek,02_ornek,True,0.9941200967668767,02_ornek,05_kosiv_ceramics,04_petrykivka_painting,3,train,obj_single_b25f84e3c0fc3b16,,unreviewed,unreviewed,three_view_cls_logit_ensemble__c100__source0p5,fixed_base_plus_three_motif_heads__equal_centered_logits,fixed_three_descriptor_consensus,10.0,True,6.0542307115506356e-05,0.9941200967668767,0.00020900184395745503,0.00022742180733690398,0.005382937274713499
img_c40d1992a9e8b216,nested_outer_oof_adaptive_base_fixed_consensus_v5,dataset_dev/02_ornek/kt501.jpg,02_ornek,02_ornek,True,0.9996780407168053,02_ornek,01_opishnyan_ceramics,03_bubnivka_ceramics,0,train,obj_single_c40d1992a9e8b216,,unreviewed,unreviewed,three_view_cls_logit_ensemble__c100__source0p5,fixed_base_plus_three_motif_heads__equal_centered_logits,fixed_three_descriptor_consensus,10.0,True,0.00015126293590507486,0.9996780407168053,0.0001302392860198201,3.142119311803297e-05,9.035868151821227e-06
img_75c423ededd75677,nested_outer_oof_adaptive_base_fixed_consensus_v5,dataset_dev/02_ornek/kt502.jpg,02_ornek,02_ornek,True,0.9920617094543006,02_ornek,05_kosiv_ceramics,03_bubnivka_ceramics,4,train,obj_single_75c423ededd75677,,unreviewed,unreviewed,global_cls__c10__source0p5,fixed_base_plus_three_motif_heads__equal_centered_logits,fixed_three_descriptor_consensus,10.0,True,0.0015952028013218131,0.9920617094543006,0.0017724281431320517,0.0009878092493514161,0.0035828503518942362
img_76e93d7fa0f7f10f,nested_outer_oof_adaptive_base_fixed_consensus_v5,dataset_dev/02_ornek/kt503.jpg,02_ornek,02_ornek,True,0.9933200926020403,02_ornek,04_petrykivka_painting,01_opishnyan_ceramics,2,train,obj_single_76e93d7fa0f7f10f,,unreviewed,unreviewed,three_view_cls_logit_ensemble__c100__source0p5,fixed_base_plus_three_motif_heads__equal_centered_logits,fixed_three_descriptor_consensus,10.0,True,0.002062205639319365,0.9933200926020403,0.0007310413938360778,0.0023345280803369274,0.001552132284467217
img_9409cbdc91cc3de5,nested_outer_oof_adaptive_base_fixed_consensus_v5,dataset_dev/02_ornek/kt504.JPG,02_ornek,02_ornek,True,0.9753552018658029,02_ornek,01_opishnyan_ceramics,04_petrykivka_painting,1,train,obj_single_9409cbdc91cc3de5,,unreviewed,unreviewed,global_cls__c10__source0p5,fixed_base_plus_three_motif_heads__equal_centered_logits,fixed_three_descriptor_consensus,10.0,True,0.011711524669040763,0.9753552018658029,0.005188310190863324,0.00538223919954963,0.002362724074743296
img_eea7540feb1cae39,nested_outer_oof_adaptive_base_fixed_consensus_v5,dataset_dev/02_ornek/kt506.JPG,02_ornek,02_ornek,True,0.9361506029600788,02_ornek,03_bubnivka_ceramics,04_petrykivka_painting,1,train,obj_single_eea7540feb1cae39,,unreviewed,unreviewed,global_cls__c10__source0p5,fixed_base_plus_three_motif_heads__equal_centered_logits,fixed_three_descriptor_consensus,10.0,True,0.0035745774312904294,0.9361506029600788,0.052078389347767526,0.007064370616267503,0.0011320596445956708
img_01bd7ca151024353,nested_outer_oof_adaptive_base_fixed_consensus_v5,dataset_dev/02_ornek/kt507.jpg,02_ornek,02_ornek,True,0.9936013185996047,02_ornek,01_opishnyan_ceramics,03_bubnivka_ceramics,4,train,obj_single_01bd7ca151024353,,unreviewed,unreviewed,global_cls__c10__source0p5,fixed_base_plus_three_motif_heads__equal_centered_logits,fixed_three_descriptor_consensus,10.0,True,0.004262982078328992,0.9936013185996047,0.0014613822754258657,0.00017625130979570785,0.0004980657368447866
img_bceef9f861a69348,nested_outer_oof_adaptive_base_fixed_consensus_v5,dataset_dev/02_ornek/kt508.jpg,02_ornek,02_ornek,True,0.9994977998106442,02_ornek,05_kosiv_ceramics,04_petrykivka_painting,3,train,obj_single_bceef9f861a69348,,unreviewed,unreviewed,three_view_cls_logit_ensemble__c100__source0p5,fixed_base_plus_three_motif_heads__equal_centered_logits,fixed_three_descriptor_consensus,10.0,True,6.767020522038758e-06,0.9994977998106442,1.919122311790473e-05,6.147734129530656e-05,0.0004147646044204551
img_80f127ba8c8c8fe8,nested_outer_oof_adaptive_base_fixed_consensus_v5,dataset_dev/02_ornek/kt509.jpg,02_ornek,02_ornek,True,0.9928880413762118,02_ornek,05_kosiv_ceramics,03_bubnivka_ceramics,2,train,obj_single_80f127ba8c8c8fe8,,unreviewed,unreviewed,three_view_cls_logit_ensemble__c100__source0p5,fixed_base_plus_three_motif_heads__equal_centered_logits,fixed_three_descriptor_consensus,10.0,True,0.0004236232973676532,0.9928880413762118,0.001950072724333013,0.0007521990558119442,0.003986063546275606
img_43cd8716f7b62d9c,nested_outer_oof_adaptive_base_fixed_consensus_v5,dataset_dev/02_ornek/kt510.jpg,02_ornek,02_ornek,True,0.9980521937253088,02_ornek,05_kosiv_ceramics,04_petrykivka_painting,0,train,obj_single_43cd8716f7b62d9c,,unreviewed,unreviewed,three_view_cls_logit_ensemble__c100__source0p5,fixed_base_plus_three_motif_heads__equal_centered_logits,fixed_three_descriptor_consensus,10.0,True,4.363600969358179e-05,0.9980521937253088,0.00012333927263337286,0.00036187031506757455,0.0014189606772963758
img_fe6d88e3f10989df,nested_outer_oof_adaptive_base_fixed_consensus_v5,dataset_dev/02_ornek/kt512.jpg,02_ornek,02_ornek,True,0.9930336436642239,02_ornek,04_petrykivka_painting,05_kosiv_ceramics,2,train,obj_single_fe6d88e3f10989df,,unreviewed,unreviewed,three_view_cls_logit_ensemble__c100__source0p5,fixed_base_plus_three_motif_heads__equal_centered_logits,fixed_three_descriptor_consensus,10.0,True,8.235008737773152e-05,0.9930336436642239,0.0004907098906135734,0.003265259914889633,0.0031280364428951974
img_7725888e15be746f,nested_outer_oof_adaptive_base_fixed_consensus_v5,dataset_dev/02_ornek/kt513.jpg,02_ornek,02_ornek,True,0.9996943313588501,02_ornek,04_petrykivka_painting,03_bubnivka_ceramics,1,train,obj_single_7725888e15be746f,,unreviewed,unreviewed,global_cls__c10__source0p5,fixed_base_plus_three_motif_heads__equal_centered_logits,fixed_three_descriptor_consensus,10.0,True,8.67797829661434e-06,0.9996943313588501,8.170615291882922e-05,0.00019667947587682317,1.8605034057764166e-05
img_52a3ee6b95592f98,nested_outer_oof_adaptive_base_fixed_consensus_v5,dataset_test/02_ornek/kt038.jpg,02_ornek,02_ornek,True,0.9845305288994982,02_ornek,04_petrykivka_painting,05_kosiv_ceramics,4,train,obj_single_52a3ee6b95592f98,,unreviewed,unreviewed,global_cls__c10__source0p5,fixed_base_plus_three_motif_heads__equal_centered_logits,fixed_three_descriptor_consensus,10.0,True,3.116748002735777e-05,0.9845305288994982,0.00012305964981388452,0.010973504695442367,0.004341739275217997
img_7988e08a81fde9b6,nested_outer_oof_adaptive_base_fixed_consensus_v5,dataset_test/02_ornek/kt039.jpg,02_ornek,02_ornek,True,0.9977628112283228,02_ornek,01_opishnyan_ceramics,04_petrykivka_painting,2,train,obj_single_7988e08a81fde9b6,,unreviewed,unreviewed,three_view_cls_logit_ensemble__c100__source0p5,fixed_base_plus_three_motif_heads__equal_centered_logits,fixed_three_descriptor_consensus,10.0,True,0.0009612914884392473,0.9977628112283228,0.00014264972580692602,0.0009473242733617293,0.00018592328406944427
img_e53c92ac8b7a6130,nested_outer_oof_adaptive_base_fixed_consensus_v5,dataset_test/02_ornek/kt042.jpg,02_ornek,02_ornek,True,0.989597118455509,02_ornek,01_opishnyan_ceramics,05_kosiv_ceramics,1,train,obj_single_e53c92ac8b7a6130,,unreviewed,unreviewed,global_cls__c10__source0p5,fixed_base_plus_three_motif_heads__equal_centered_logits,fixed_three_descriptor_consensus,10.0,True,0.004735888880923961,0.989597118455509,0.001200934665430263,0.00048347179386994284,0.003982586204266848
img_387f2e3ad248bcd0,nested_outer_oof_adaptive_base_fixed_consensus_v5,dataset_test/02_ornek/kt046.jpg,02_ornek,02_ornek,True,0.9795405039944307,02_ornek,04_petrykivka_painting,05_kosiv_ceramics,3,train,obj_single_387f2e3ad248bcd0,,unreviewed,unreviewed,three_view_cls_logit_ensemble__c100__source0p5,fixed_base_plus_three_motif_heads__equal_centered_logits,fixed_three_descriptor_consensus,10.0,True,0.0015437829449181206,0.9795405039944307,0.00369028474487532,0.011277745680437002,0.003947682635338593
img_3d507b5de3113f32,nested_outer_oof_adaptive_base_fixed_consensus_v5,dataset_test/02_ornek/kt053.jpg,02_ornek,02_ornek,True,0.9287691352102292,02_ornek,04_petrykivka_painting,05_kosiv_ceramics,4,train,obj_single_3d507b5de3113f32,,unreviewed,unreviewed,global_cls__c10__source0p5,fixed_base_plus_three_motif_heads__equal_centered_logits,fixed_three_descriptor_consensus,10.0,True,0.0009534247655792224,0.9287691352102292,0.002907428733157659,0.055270945496949574,0.012099065794084318
img_a71feaa14db507e0,nested_outer_oof_adaptive_base_fixed_consensus_v5,dataset_test/02_ornek/kt059.jpg,02_ornek,02_ornek,True,0.8413749911727941,02_ornek,01_opishnyan_ceramics,03_bubnivka_ceramics,3,train,obj_single_a71feaa14db507e0,,unreviewed,unreviewed,three_view_cls_logit_ensemble__c100__source0p5,fixed_base_plus_three_motif_heads__equal_centered_logits,fixed_three_descriptor_consensus,10.0,True,0.15731712141982473,0.8413749911727941,0.0006413773700013092,7.896365072382111e-05,0.0005875463866559249
img_7e473101913d6020,nested_outer_oof_adaptive_base_fixed_consensus_v5,dataset_test/02_ornek/kt065.jpg,02_ornek,02_ornek,True,0.9983149973145099,02_ornek,01_opishnyan_ceramics,03_bubnivka_ceramics,0,validation,obj_single_7e473101913d6020,,unreviewed,unreviewed,three_view_cls_logit_ensemble__c100__source0p5,fixed_base_plus_three_motif_heads__equal_centered_logits,fixed_three_descriptor_consensus,10.0,True,0.0006951174597014375,0.9983149973145099,0.0005915580457742318,0.00020472994097782627,0.00019359723903648014
img_215afa627c55c528,nested_outer_oof_adaptive_base_fixed_consensus_v5,dataset_test/02_ornek/kt068.jpg,02_ornek,02_ornek,True,0.9904775576853152,02_ornek,05_kosiv_ceramics,04_petrykivka_painting,1,train,obj_single_215afa627c55c528,,unreviewed,unreviewed,global_cls__c10__source0p5,fixed_base_plus_three_motif_heads__equal_centered_logits,fixed_three_descriptor_consensus,10.0,True,0.00035409908835727725,0.9904775576853152,0.0019319509806465783,0.002015831511738728,0.005220560733942126
img_7861f4e27687dce3,nested_outer_oof_adaptive_base_fixed_consensus_v5,dataset_test/02_ornek/kt073.jpg,02_ornek,02_ornek,True,0.9752670577150798,02_ornek,04_petrykivka_painting,05_kosiv_ceramics,2,train,obj_single_7861f4e27687dce3,,unreviewed,unreviewed,three_view_cls_logit_ensemble__c100__source0p5,fixed_base_plus_three_motif_heads__equal_centered_logits,fixed_three_descriptor_consensus,10.0,True,3.662637192376003e-05,0.9752670577150798,0.00040678914072384,0.02374857277583164,0.0005409539964409759
img_a136e802f2dcd732,nested_outer_oof_adaptive_base_fixed_consensus_v5,dataset_test/02_ornek/kt075.JPG,02_ornek,02_ornek,True,0.9922066620557713,02_ornek,05_kosiv_ceramics,04_petrykivka_painting,0,validation,obj_single_a136e802f2dcd732,,unreviewed,unreviewed,three_view_cls_logit_ensemble__c100__source0p5,fixed_base_plus_three_motif_heads__equal_centered_logits,fixed_three_descriptor_consensus,10.0,True,5.2863270705108474e-05,0.9922066620557713,7.8436111848315e-05,0.0015502645846665478,0.006111773977008567
img_4b8dcf5c2dcc6e2c,nested_outer_oof_adaptive_base_fixed_consensus_v5,dataset_test/02_ornek/kt076.jpg,02_ornek,02_ornek,True,0.9998060514756144,02_ornek,04_petrykivka_painting,05_kosiv_ceramics,3,train,obj_single_4b8dcf5c2dcc6e2c,,unreviewed,unreviewed,three_view_cls_logit_ensemble__c100__source0p5,fixed_base_plus_three_motif_heads__equal_centered_logits,fixed_three_descriptor_consensus,10.0,True,3.7052867057774986e-07,0.9998060514756144,2.2676513852696248e-05,0.0001284573644801825,4.244411738207457e-05
img_44c806605e53eda6,nested_outer_oof_adaptive_base_fixed_consensus_v5,dataset_test/02_ornek/kt079.jpg,02_ornek,02_ornek,True,0.9990469251655836,02_ornek,05_kosiv_ceramics,03_bubnivka_ceramics,0,train,obj_single_44c806605e53eda6,,unreviewed,unreviewed,three_view_cls_logit_ensemble__c100__source0p5,fixed_base_plus_three_motif_heads__equal_centered_logits,fixed_three_descriptor_consensus,10.0,True,2.5125417768240043e-05,0.9990469251655836,0.00019389937320654353,0.00013422917373863703,0.0005998208697029748
img_919f34e329d4b08f,nested_outer_oof_adaptive_base_fixed_consensus_v5,dataset_test/02_ornek/kt081.JPG,02_ornek,02_ornek,True,0.9942023805352265,02_ornek,05_kosiv_ceramics,01_opishnyan_ceramics,0,validation,obj_single_919f34e329d4b08f,,unreviewed,unreviewed,three_view_cls_logit_ensemble__c100__source0p5,fixed_base_plus_three_motif_heads__equal_centered_logits,fixed_three_descriptor_consensus,10.0,True,0.0020640915219275187,0.9942023805352265,0.0006218083181954202,0.0003464247542924992,0.002765294870358075
img_3bd5dcf1112b39a9,nested_outer_oof_adaptive_base_fixed_consensus_v5,dataset_test/02_ornek/kt088.JPG,02_ornek,02_ornek,True,0.9685957162686577,02_ornek,04_petrykivka_painting,03_bubnivka_ceramics,2,validation,obj_single_3bd5dcf1112b39a9,,unreviewed,unreviewed,three_view_cls_logit_ensemble__c100__source0p5,fixed_base_plus_three_motif_heads__equal_centered_logits,fixed_three_descriptor_consensus,10.0,True,0.0016938333700336798,0.9685957162686577,0.0030747217976254218,0.02515004946156426,0.0014856791021191195
img_a90e9ffbd7f8b2b8,nested_outer_oof_adaptive_base_fixed_consensus_v5,dataset_test/02_ornek/kt090.jpg,02_ornek,02_ornek,True,0.9986178154503722,02_ornek,04_petrykivka_painting,05_kosiv_ceramics,0,train,obj_single_a90e9ffbd7f8b2b8,,unreviewed,unreviewed,three_view_cls_logit_ensemble__c100__source0p5,fixed_base_plus_three_motif_heads__equal_centered_logits,fixed_three_descriptor_consensus,10.0,True,2.1550045380835227e-05,0.9986178154503722,0.00012267103835092514,0.0008043487824632861,0.0004336146834328751
img_4b2b0662206ad545,nested_outer_oof_adaptive_base_fixed_consensus_v5,dataset_test/02_ornek/kt091.JPG,02_ornek,02_ornek,True,0.9694201002341933,02_ornek,01_opishnyan_ceramics,03_bubnivka_ceramics,1,validation,obj_single_4b2b0662206ad545,,unreviewed,unreviewed,global_cls__c10__source0p5,fixed_base_plus_three_motif_heads__equal_centered_logits,fixed_three_descriptor_consensus,10.0,True,0.013953811789531298,0.9694201002341933,0.009198358329245303,0.00478934614454859,0.002638383502481459
img_bf0a8cd0508a2cd4,nested_outer_oof_adaptive_base_fixed_consensus_v5,dataset_test/02_ornek/kt094.jpg,02_ornek,02_ornek,True,0.9932343575512967,02_ornek,01_opishnyan_ceramics,03_bubnivka_ceramics,3,train,obj_single_bf0a8cd0508a2cd4,,unreviewed,unreviewed,three_view_cls_logit_ensemble__c100__source0p5,fixed_base_plus_three_motif_heads__equal_centered_logits,fixed_three_descriptor_consensus,10.0,True,0.003982172299670076,0.9932343575512967,0.0010055418357558417,0.0008964651639112811,0.0008814631493659403
img_de85706ad14e65e0,nested_outer_oof_adaptive_base_fixed_consensus_v5,dataset_test/02_ornek/kt099.jpg,02_ornek,02_ornek,True,0.9859555738796132,02_ornek,04_petrykivka_painting,03_bubnivka_ceramics,4,validation,obj_single_de85706ad14e65e0,,unreviewed,unreviewed,global_cls__c10__source0p5,fixed_base_plus_three_motif_heads__equal_centered_logits,fixed_three_descriptor_consensus,10.0,True,0.0001625998100665011,0.9859555738796132,0.003991628362351532,0.009282788687360401,0.0006074092606082137
img_da40779c8d5eb335,nested_outer_oof_adaptive_base_fixed_consensus_v5,dataset_test/02_ornek/kt100.jpg,02_ornek,02_ornek,True,0.9634638588917157,02_ornek,05_kosiv_ceramics,04_petrykivka_painting,3,train,obj_single_da40779c8d5eb335,,unreviewed,unreviewed,three_view_cls_logit_ensemble__c100__source0p5,fixed_base_plus_three_motif_heads__equal_centered_logits,fixed_three_descriptor_consensus,10.0,True,0.0033771015283849603,0.9634638588917157,0.0007749852227258421,0.01185883619767614,0.02052521815949727
img_53ccb624f9e4b8fa,nested_outer_oof_adaptive_base_fixed_consensus_v5,dataset_test/02_ornek/kt102.JPG,02_ornek,02_ornek,True,0.9625713763976302,02_ornek,03_bubnivka_ceramics,05_kosiv_ceramics,4,train,obj_single_53ccb624f9e4b8fa,,unreviewed,unreviewed,global_cls__c10__source0p5,fixed_base_plus_three_motif_heads__equal_centered_logits,fixed_three_descriptor_consensus,10.0,True,0.0037776552097293905,0.9625713763976302,0.022110558449465776,0.004666932079513678,0.006873477863660981
img_bf7409a263b7d33d,nested_outer_oof_adaptive_base_fixed_consensus_v5,dataset_test/02_ornek/kt104.jpg,02_ornek,02_ornek,True,0.9995397752786853,02_ornek,04_petrykivka_painting,03_bubnivka_ceramics,1,train,obj_single_bf7409a263b7d33d,,unreviewed,unreviewed,global_cls__c10__source0p5,fixed_base_plus_three_motif_heads__equal_centered_logits,fixed_three_descriptor_consensus,10.0,True,2.122802813083723e-06,0.9995397752786853,5.746809634016006e-05,0.00039620944933042753,4.4243728313272e-06
img_1136661885059c9a,nested_outer_oof_adaptive_base_fixed_consensus_v5,dataset_test/02_ornek/kt106.JPG,02_ornek,02_ornek,True,0.992860301298746,02_ornek,01_opishnyan_ceramics,03_bubnivka_ceramics,2,train,obj_single_1136661885059c9a,,unreviewed,unreviewed,three_view_cls_logit_ensemble__c100__source0p5,fixed_base_plus_three_motif_heads__equal_centered_logits,fixed_three_descriptor_consensus,10.0,True,0.004462148489970995,0.992860301298746,0.0017849251463561114,7.219713695149829e-05,0.0008204279279750931
img_67f32d5144ee95e1,nested_outer_oof_adaptive_base_fixed_consensus_v5,dataset_test/02_ornek/kt107.jpg,02_ornek,02_ornek,True,0.8723384879247378,02_ornek,05_kosiv_ceramics,03_bubnivka_ceramics,1,train,obj_single_67f32d5144ee95e1,,unreviewed,unreviewed,global_cls__c10__source0p5,fixed_base_plus_three_motif_heads__equal_centered_logits,fixed_three_descriptor_consensus,10.0,True,0.001295179116188605,0.8723384879247378,0.02580690532037991,0.0014271425212645564,0.09913228511742925
img_1346a1a7f346ff18,nested_outer_oof_adaptive_base_fixed_consensus_v5,dataset_test/02_ornek/kt108.jpg,02_ornek,02_ornek,True,0.9970193206151547,02_ornek,03_bubnivka_ceramics,01_opishnyan_ceramics,0,validation,obj_single_1346a1a7f346ff18,,unreviewed,unreviewed,three_view_cls_logit_ensemble__c100__source0p5,fixed_base_plus_three_motif_heads__equal_centered_logits,fixed_three_descriptor_consensus,10.0,True,0.001287347110027596,0.9970193206151547,0.0014230288328187259,3.1367089130024616e-05,0.00023893635286882208
img_82ff5b02093c3d96,nested_outer_oof_adaptive_base_fixed_consensus_v5,dataset_test/02_ornek/kt112.jpg,02_ornek,02_ornek,True,0.9374995640497066,02_ornek,03_bubnivka_ceramics,01_opishnyan_ceramics,3,train,obj_single_82ff5b02093c3d96,,unreviewed,unreviewed,three_view_cls_logit_ensemble__c100__source0p5,fixed_base_plus_three_motif_heads__equal_centered_logits,fixed_three_descriptor_consensus,10.0,True,0.024925803473078118,0.9374995640497066,0.037099281357465694,0.00014755325652304987,0.00032779786322667564
img_189604f10c69cd10,nested_outer_oof_adaptive_base_fixed_consensus_v5,dataset_test/02_ornek/kt117.jpg,02_ornek,02_ornek,True,0.9854064120267853,02_ornek,05_kosiv_ceramics,03_bubnivka_ceramics,1,train,obj_single_189604f10c69cd10,,unreviewed,unreviewed,global_cls__c10__source0p5,fixed_base_plus_three_motif_heads__equal_centered_logits,fixed_three_descriptor_consensus,10.0,True,0.0018154312659554364,0.9854064120267853,0.0025428891368598897,9.709724480979424e-05,0.010138170325589562
img_d6121313c45d6a14,nested_outer_oof_adaptive_base_fixed_consensus_v5,dataset_test/02_ornek/kt121.jpg,02_ornek,02_ornek,True,0.9857099293962218,02_ornek,05_kosiv_ceramics,01_opishnyan_ceramics,3,validation,obj_single_d6121313c45d6a14,,unreviewed,unreviewed,three_view_cls_logit_ensemble__c100__source0p5,fixed_base_plus_three_motif_heads__equal_centered_logits,fixed_three_descriptor_consensus,10.0,True,0.002236618277225119,0.9857099293962218,0.0014291154880424844,0.0010063657425534878,0.00961797109595702
img_1dc055b98fbf1432,nested_outer_oof_adaptive_base_fixed_consensus_v5,dataset_test/02_ornek/kt122.jpg,02_ornek,02_ornek,True,0.9933758850602178,02_ornek,01_opishnyan_ceramics,04_petrykivka_painting,0,train,obj_single_1dc055b98fbf1432,,unreviewed,unreviewed,three_view_cls_logit_ensemble__c100__source0p5,fixed_base_plus_three_motif_heads__equal_centered_logits,fixed_three_descriptor_consensus,10.0,True,0.0029283301570274334,0.9933758850602178,0.0001569497723076633,0.0018326606963800117,0.0017061743140673311
img_e3437e5c94932a54,nested_outer_oof_adaptive_base_fixed_consensus_v5,dataset_test/02_ornek/kt127.jpg,02_ornek,02_ornek,True,0.9979586115237253,02_ornek,05_kosiv_ceramics,04_petrykivka_painting,1,train,obj_single_e3437e5c94932a54,,unreviewed,unreviewed,global_cls__c10__source0p5,fixed_base_plus_three_motif_heads__equal_centered_logits,fixed_three_descriptor_consensus,10.0,True,6.187993687655716e-05,0.9979586115237253,0.00015074824055789018,0.0008438292117022959,0.0009849310871377964
img_e68daac3d4a32db1,nested_outer_oof_adaptive_base_fixed_consensus_v5,dataset_test/02_ornek/kt130.jpg,02_ornek,02_ornek,True,0.9816231144111551,02_ornek,04_petrykivka_painting,05_kosiv_ceramics,0,train,obj_single_e68daac3d4a32db1,,unreviewed,unreviewed,three_view_cls_logit_ensemble__c100__source0p5,fixed_base_plus_three_motif_heads__equal_centered_logits,fixed_three_descriptor_consensus,10.0,True,7.222911832513105e-05,0.9816231144111551,7.949084168947826e-05,0.009960551045279886,0.008264614583550167
img_ba1437bda34cd4ec,nested_outer_oof_adaptive_base_fixed_consensus_v5,dataset_test/02_ornek/kt141.jpg,02_ornek,02_ornek,True,0.9958564453263753,02_ornek,05_kosiv_ceramics,04_petrykivka_painting,1,train,obj_single_ba1437bda34cd4ec,,unreviewed,unreviewed,global_cls__c10__source0p5,fixed_base_plus_three_motif_heads__equal_centered_logits,fixed_three_descriptor_consensus,10.0,True,0.00010556255113603078,0.9958564453263753,0.0010584971138726442,0.0010719890193300618,0.001907505989285885
img_acfe53b369569871,nested_outer_oof_adaptive_base_fixed_consensus_v5,dataset_test/02_ornek/kt144.jpg,02_ornek,02_ornek,True,0.9836714715417868,02_ornek,04_petrykivka_painting,01_opishnyan_ceramics,0,train,obj_single_acfe53b369569871,,unreviewed,unreviewed,three_view_cls_logit_ensemble__c100__source0p5,fixed_base_plus_three_motif_heads__equal_centered_logits,fixed_three_descriptor_consensus,10.0,True,0.0029559494752235084,0.9836714715417868,0.002088094064480879,0.008476288255187358,0.0028081966633214245
img_50bae417b9064aa1,nested_outer_oof_adaptive_base_fixed_consensus_v5,dataset_test/02_ornek/kt147.jpg,02_ornek,02_ornek,True,0.9792892371136346,02_ornek,04_petrykivka_painting,05_kosiv_ceramics,3,train,obj_single_50bae417b9064aa1,,unreviewed,unreviewed,three_view_cls_logit_ensemble__c100__source0p5,fixed_base_plus_three_motif_heads__equal_centered_logits,fixed_three_descriptor_consensus,10.0,True,9.011318760407779e-05,0.9792892371136346,5.033544270614157e-05,0.017849784662239482,0.0027205295938155256
img_bfaf490f3ffffc10,nested_outer_oof_adaptive_base_fixed_consensus_v5,dataset_test/02_ornek/kt151.jpg,02_ornek,02_ornek,True,0.9996058314990135,02_ornek,04_petrykivka_painting,05_kosiv_ceramics,2,train,obj_single_bfaf490f3ffffc10,,unreviewed,unreviewed,three_view_cls_logit_ensemble__c100__source0p5,fixed_base_plus_three_motif_heads__equal_centered_logits,fixed_three_descriptor_consensus,10.0,True,3.415374013391128e-05,0.9996058314990135,4.6256976157310114e-05,0.00025583771270856884,5.792007198685199e-05
img_0a3668a0f249eb52,nested_outer_oof_adaptive_base_fixed_consensus_v5,dataset_test/02_ornek/kt152.JPG,02_ornek,02_ornek,True,0.8828598602728269,02_ornek,01_opishnyan_ceramics,03_bubnivka_ceramics,0,train,obj_single_0a3668a0f249eb52,,unreviewed,unreviewed,three_view_cls_logit_ensemble__c100__source0p5,fixed_base_plus_three_motif_heads__equal_centered_logits,fixed_three_descriptor_consensus,10.0,True,0.05672828698269274,0.8828598602728269,0.030179122164946857,0.006691716391667379,0.023541014187866114
img_d643cd4f86822f13,nested_outer_oof_adaptive_base_fixed_consensus_v5,dataset_test/02_ornek/kt154.jpg,02_ornek,02_ornek,True,0.9957739429395523,02_ornek,05_kosiv_ceramics,04_petrykivka_painting,0,train,obj_single_d643cd4f86822f13,,unreviewed,unreviewed,three_view_cls_logit_ensemble__c100__source0p5,fixed_base_plus_three_motif_heads__equal_centered_logits,fixed_three_descriptor_consensus,10.0,True,0.00032438959012666646,0.9957739429395523,3.474849702628118e-05,0.0013364810864190581,0.0025304378868757347
img_1983edf31f9c4d3d,nested_outer_oof_adaptive_base_fixed_consensus_v5,dataset_test/02_ornek/kt159.jpg,02_ornek,02_ornek,True,0.9977135682364466,02_ornek,04_petrykivka_painting,05_kosiv_ceramics,2,train,obj_single_1983edf31f9c4d3d,,unreviewed,unreviewed,three_view_cls_logit_ensemble__c100__source0p5,fixed_base_plus_three_motif_heads__equal_centered_logits,fixed_three_descriptor_consensus,10.0,True,5.327962773348719e-05,0.9977135682364466,3.839752328038955e-05,0.001624801319185898,0.0005699532933536256
img_dd4d8731cf99113e,nested_outer_oof_adaptive_base_fixed_consensus_v5,dataset_test/02_ornek/kt163.jpg,02_ornek,02_ornek,True,0.9994616394908795,02_ornek,05_kosiv_ceramics,03_bubnivka_ceramics,1,train,obj_single_dd4d8731cf99113e,,unreviewed,unreviewed,global_cls__c10__source0p5,fixed_base_plus_three_motif_heads__equal_centered_logits,fixed_three_descriptor_consensus,10.0,True,1.1601220408474744e-05,0.9994616394908795,0.00019364407094463217,7.033938183480953e-05,0.0002627758359327011
img_c155f7465630fce1,nested_outer_oof_adaptive_base_fixed_consensus_v5,dataset_test/02_ornek/kt167.jpg,02_ornek,02_ornek,True,0.9679659289356952,02_ornek,05_kosiv_ceramics,01_opishnyan_ceramics,3,train,obj_single_c155f7465630fce1,,unreviewed,unreviewed,three_view_cls_logit_ensemble__c100__source0p5,fixed_base_plus_three_motif_heads__equal_centered_logits,fixed_three_descriptor_consensus,10.0,True,0.008510548658250083,0.9679659289356952,0.006951053113996262,0.00014866326122823161,0.016423806030830098
img_226b34aff9c02bae,nested_outer_oof_adaptive_base_fixed_consensus_v5,dataset_test/02_ornek/kt170.jpg,02_ornek,02_ornek,True,0.9895902706450644,02_ornek,03_bubnivka_ceramics,01_opishnyan_ceramics,4,train,obj_single_226b34aff9c02bae,,unreviewed,unreviewed,global_cls__c10__source0p5,fixed_base_plus_three_motif_heads__equal_centered_logits,fixed_three_descriptor_consensus,10.0,True,0.0016954466292188322,0.9895902706450644,0.008532315357985706,3.246729639373661e-05,0.000149500071337147
img_86b0959e3330c4bc,nested_outer_oof_adaptive_base_fixed_consensus_v5,dataset_test/02_ornek/kt173.jpg,02_ornek,02_ornek,True,0.693211325201229,02_ornek,05_kosiv_ceramics,03_bubnivka_ceramics,3,validation,obj_single_86b0959e3330c4bc,,unreviewed,unreviewed,three_view_cls_logit_ensemble__c100__source0p5,fixed_base_plus_three_motif_heads__equal_centered_logits,fixed_three_descriptor_consensus,10.0,True,0.005160447442949651,0.693211325201229,0.041836024772130324,0.01787951517813308,0.24191268740555813
img_e75073ea4f45ee82,nested_outer_oof_adaptive_base_fixed_consensus_v5,dataset_test/02_ornek/kt176.jpg,02_ornek,02_ornek,True,0.9773951621851282,02_ornek,04_petrykivka_painting,01_opishnyan_ceramics,2,train,obj_single_e75073ea4f45ee82,,unreviewed,unreviewed,three_view_cls_logit_ensemble__c100__source0p5,fixed_base_plus_three_motif_heads__equal_centered_logits,fixed_three_descriptor_consensus,10.0,True,0.0051731610749276,0.9773951621851282,0.0024472934486533303,0.014399564509837063,0.0005848187814539216
img_afe2be244eb0d632,nested_outer_oof_adaptive_base_fixed_consensus_v5,dataset_test/02_ornek/kt184.jpg,02_ornek,02_ornek,True,0.9993699942398867,02_ornek,01_opishnyan_ceramics,05_kosiv_ceramics,0,validation,obj_single_afe2be244eb0d632,,unreviewed,unreviewed,three_view_cls_logit_ensemble__c100__source0p5,fixed_base_plus_three_motif_heads__equal_centered_logits,fixed_three_descriptor_consensus,10.0,True,0.0002956405199021267,0.9993699942398867,9.021061803422549e-05,0.00010491774733266809,0.00013923687484430973
img_a2bcabeeff849533,nested_outer_oof_adaptive_base_fixed_consensus_v5,dataset_test/02_ornek/kt206.jpg,02_ornek,02_ornek,True,0.976953070769266,02_ornek,04_petrykivka_painting,05_kosiv_ceramics,2,train,obj_single_a2bcabeeff849533,,unreviewed,unreviewed,three_view_cls_logit_ensemble__c100__source0p5,fixed_base_plus_three_motif_heads__equal_centered_logits,fixed_three_descriptor_consensus,10.0,True,0.0001412209897518398,0.976953070769266,0.0009194409693450016,0.011759084778539012,0.010227182493098107
img_984fdec8db82aa75,nested_outer_oof_adaptive_base_fixed_consensus_v5,dataset_test/02_ornek/kt208.jpg,02_ornek,02_ornek,True,0.8919883983066677,02_ornek,01_opishnyan_ceramics,05_kosiv_ceramics,0,train,obj_single_984fdec8db82aa75,,unreviewed,unreviewed,three_view_cls_logit_ensemble__c100__source0p5,fixed_base_plus_three_motif_heads__equal_centered_logits,fixed_three_descriptor_consensus,10.0,True,0.0735278837134566,0.8919883983066677,0.0006133771546264726,0.002030975437136098,0.03183936538811316
img_5c434e84c37792b8,nested_outer_oof_adaptive_base_fixed_consensus_v5,dataset_test/02_ornek/kt210.JPG,02_ornek,02_ornek,True,0.9525469598398661,02_ornek,01_opishnyan_ceramics,03_bubnivka_ceramics,3,train,obj_single_5c434e84c37792b8,,unreviewed,unreviewed,three_view_cls_logit_ensemble__c100__source0p5,fixed_base_plus_three_motif_heads__equal_centered_logits,fixed_three_descriptor_consensus,10.0,True,0.04455401600662254,0.9525469598398661,0.0012409747166775096,0.0006180395098211131,0.0010400099270126268
img_e2f0d150aca279dd,nested_outer_oof_adaptive_base_fixed_consensus_v5,dataset_test/02_ornek/kt213.jpg,02_ornek,02_ornek,True,0.9507551740508371,02_ornek,04_petrykivka_painting,03_bubnivka_ceramics,1,train,obj_single_e2f0d150aca279dd,,unreviewed,unreviewed,global_cls__c10__source0p5,fixed_base_plus_three_motif_heads__equal_centered_logits,fixed_three_descriptor_consensus,10.0,True,0.00029198947750020044,0.9507551740508371,0.013501405343553567,0.029582124882828544,0.005869306245280477
img_e2cfecb300bd1e96,nested_outer_oof_adaptive_base_fixed_consensus_v5,dataset_test/02_ornek/kt216.JPG,02_ornek,02_ornek,True,0.9066211348194078,02_ornek,01_opishnyan_ceramics,03_bubnivka_ceramics,1,train,obj_single_e2cfecb300bd1e96,,unreviewed,unreviewed,global_cls__c10__source0p5,fixed_base_plus_three_motif_heads__equal_centered_logits,fixed_three_descriptor_consensus,10.0,True,0.043048844663421085,0.9066211348194078,0.04109421563345801,0.0075532773282077515,0.0016825275555050793
img_532069edfab79d19,nested_outer_oof_adaptive_base_fixed_consensus_v5,dataset_test/02_ornek/kt224.JPG,02_ornek,02_ornek,True,0.9985995781203821,02_ornek,01_opishnyan_ceramics,03_bubnivka_ceramics,3,train,obj_single_532069edfab79d19,,unreviewed,unreviewed,three_view_cls_logit_ensemble__c100__source0p5,fixed_base_plus_three_motif_heads__equal_centered_logits,fixed_three_descriptor_consensus,10.0,True,0.0007986963920087591,0.9985995781203821,0.0002560207340999001,0.00011841591509238723,0.00022728883841698183
img_565f04c402d911bf,nested_outer_oof_adaptive_base_fixed_consensus_v5,dataset_test/02_ornek/kt225.jpg,02_ornek,02_ornek,True,0.994036242134714,02_ornek,01_opishnyan_ceramics,04_petrykivka_painting,0,train,obj_single_565f04c402d911bf,,unreviewed,unreviewed,three_view_cls_logit_ensemble__c100__source0p5,fixed_base_plus_three_motif_heads__equal_centered_logits,fixed_three_descriptor_consensus,10.0,True,0.003117202539457995,0.994036242134714,0.00010143348313177382,0.001820259295625613,0.0009248625470707443
img_5d25126d9c2f247e,nested_outer_oof_adaptive_base_fixed_consensus_v5,dataset_test/02_ornek/kt227.jpg,02_ornek,02_ornek,True,0.7857622658282608,02_ornek,05_kosiv_ceramics,03_bubnivka_ceramics,3,train,obj_single_5d25126d9c2f247e,,unreviewed,unreviewed,three_view_cls_logit_ensemble__c100__source0p5,fixed_base_plus_three_motif_heads__equal_centered_logits,fixed_three_descriptor_consensus,10.0,True,0.00066804165496543,0.7857622658282608,0.0028557946400720826,0.0010565339728524734,0.20965736390384931
img_ac7a0bcd8a6696af,nested_outer_oof_adaptive_base_fixed_consensus_v5,dataset_test/02_ornek/kt231.jpg,02_ornek,02_ornek,True,0.9920232895484277,02_ornek,04_petrykivka_painting,05_kosiv_ceramics,1,train,obj_single_ac7a0bcd8a6696af,,unreviewed,unreviewed,global_cls__c10__source0p5,fixed_base_plus_three_motif_heads__equal_centered_logits,fixed_three_descriptor_consensus,10.0,True,3.4546460028586654e-06,0.9920232895484277,7.064397936042672e-05,0.006693571829766888,0.0012090399964418365
img_3b78fa10a606ab43,nested_outer_oof_adaptive_base_fixed_consensus_v5,dataset_test/02_ornek/kt233.jpg,02_ornek,02_ornek,True,0.9947002539805598,02_ornek,04_petrykivka_painting,03_bubnivka_ceramics,1,train,obj_single_3b78fa10a606ab43,,unreviewed,unreviewed,global_cls__c10__source0p5,fixed_base_plus_three_motif_heads__equal_centered_logits,fixed_three_descriptor_consensus,10.0,True,0.00013538225139997495,0.9947002539805598,0.0004117545317941024,0.004502875044733535,0.00024973419151254036
img_9792d8ac3b4e854a,nested_outer_oof_adaptive_base_fixed_consensus_v5,dataset_test/02_ornek/kt235.jpg,02_ornek,02_ornek,True,0.892216563419585,02_ornek,04_petrykivka_painting,05_kosiv_ceramics,2,train,obj_single_9792d8ac3b4e854a,,unreviewed,unreviewed,three_view_cls_logit_ensemble__c100__source0p5,fixed_base_plus_three_motif_heads__equal_centered_logits,fixed_three_descriptor_consensus,10.0,True,0.008825597400770914,0.892216563419585,0.0018620974330963499,0.07626588978083788,0.020829851965709894
img_39c33a344a08e67b,nested_outer_oof_adaptive_base_fixed_consensus_v5,dataset_test/02_ornek/kt237.jpg,02_ornek,02_ornek,True,0.998829595266174,02_ornek,05_kosiv_ceramics,04_petrykivka_painting,3,train,obj_single_39c33a344a08e67b,,unreviewed,unreviewed,three_view_cls_logit_ensemble__c100__source0p5,fixed_base_plus_three_motif_heads__equal_centered_logits,fixed_three_descriptor_consensus,10.0,True,2.145843293440512e-06,0.998829595266174,1.888354354284626e-05,0.0001648079269922811,0.0009845674199973912
img_73a3edd6071fa9c0,nested_outer_oof_adaptive_base_fixed_consensus_v5,dataset_test/02_ornek/kt241.jpg,02_ornek,02_ornek,True,0.9960202990712242,02_ornek,03_bubnivka_ceramics,04_petrykivka_painting,0,train,obj_single_73a3edd6071fa9c0,,unreviewed,unreviewed,three_view_cls_logit_ensemble__c100__source0p5,fixed_base_plus_three_motif_heads__equal_centered_logits,fixed_three_descriptor_consensus,10.0,True,0.0006626830843499826,0.9960202990712242,0.0020988858383202713,0.0007271440940887368,0.0004909879120165235
img_93c7ad90aa21e99a,nested_outer_oof_adaptive_base_fixed_consensus_v5,dataset_test/02_ornek/kt242.jpg,02_ornek,02_ornek,True,0.9848762895125219,02_ornek,04_petrykivka_painting,05_kosiv_ceramics,1,train,obj_single_93c7ad90aa21e99a,,unreviewed,unreviewed,global_cls__c10__source0p5,fixed_base_plus_three_motif_heads__equal_centered_logits,fixed_three_descriptor_consensus,10.0,True,5.3899287978836504e-05,0.9848762895125219,0.0002824235196119942,0.013943591335713603,0.0008437963441734652
img_a68781d0febebc14,nested_outer_oof_adaptive_base_fixed_consensus_v5,dataset_test/02_ornek/kt243.jpg,02_ornek,02_ornek,True,0.9659703491466587,02_ornek,04_petrykivka_painting,05_kosiv_ceramics,3,validation,obj_single_a68781d0febebc14,,unreviewed,unreviewed,three_view_cls_logit_ensemble__c100__source0p5,fixed_base_plus_three_motif_heads__equal_centered_logits,fixed_three_descriptor_consensus,10.0,True,0.00011682082210540237,0.9659703491466587,0.0003765053181008086,0.02706605317810236,0.006470271535032755
img_b1c395b5600d7980,nested_outer_oof_adaptive_base_fixed_consensus_v5,dataset_test/02_ornek/kt245.jpg,02_ornek,02_ornek,True,0.9978289770213983,02_ornek,03_bubnivka_ceramics,05_kosiv_ceramics,1,train,obj_single_b1c395b5600d7980,,unreviewed,unreviewed,global_cls__c10__source0p5,fixed_base_plus_three_motif_heads__equal_centered_logits,fixed_three_descriptor_consensus,10.0,True,4.406744480618084e-05,0.9978289770213983,0.0017940232531729813,0.00011578809626304018,0.0002171441843595728
img_264e7917786a38c4,nested_outer_oof_adaptive_base_fixed_consensus_v5,dataset_test/02_ornek/kt247.JPG,02_ornek,02_ornek,True,0.9997342010392011,02_ornek,03_bubnivka_ceramics,01_opishnyan_ceramics,2,train,obj_single_264e7917786a38c4,,unreviewed,unreviewed,three_view_cls_logit_ensemble__c100__source0p5,fixed_base_plus_three_motif_heads__equal_centered_logits,fixed_three_descriptor_consensus,10.0,True,4.5681578725601036e-05,0.9997342010392011,0.00014398456774926229,4.513237053245465e-05,3.1000443791697924e-05
img_16c1b5fa660666e6,nested_outer_oof_adaptive_base_fixed_consensus_v5,dataset_test/02_ornek/kt253.jpg,02_ornek,02_ornek,True,0.998669091958756,02_ornek,03_bubnivka_ceramics,04_petrykivka_painting,3,train,obj_single_16c1b5fa660666e6,,unreviewed,unreviewed,three_view_cls_logit_ensemble__c100__source0p5,fixed_base_plus_three_motif_heads__equal_centered_logits,fixed_three_descriptor_consensus,10.0,True,5.388368245997456e-05,0.998669091958756,0.0006318115911835985,0.0003582678477013505,0.0002869449198991334
img_963449bfdd04cc15,nested_outer_oof_adaptive_base_fixed_consensus_v5,dataset_test/02_ornek/kt258.jpg,02_ornek,02_ornek,True,0.9865554530131351,02_ornek,03_bubnivka_ceramics,05_kosiv_ceramics,2,train,obj_single_963449bfdd04cc15,,unreviewed,unreviewed,three_view_cls_logit_ensemble__c100__source0p5,fixed_base_plus_three_motif_heads__equal_centered_logits,fixed_three_descriptor_consensus,10.0,True,2.6506532427792918e-05,0.9865554530131351,0.004916359995717222,0.003634128605576895,0.004867551853143032
img_3dd4d658ecc094a8,nested_outer_oof_adaptive_base_fixed_consensus_v5,dataset_test/02_ornek/kt260.jpg,02_ornek,02_ornek,True,0.9908638326222919,02_ornek,05_kosiv_ceramics,04_petrykivka_painting,2,train,obj_single_3dd4d658ecc094a8,,unreviewed,unreviewed,three_view_cls_logit_ensemble__c100__source0p5,fixed_base_plus_three_motif_heads__equal_centered_logits,fixed_three_descriptor_consensus,10.0,True,0.0005452361635518039,0.9908638326222919,0.0004997654364417809,0.0015794604580778647,0.006511705319636613
img_79ffbf9af6ebc869,nested_outer_oof_adaptive_base_fixed_consensus_v5,dataset_test/02_ornek/kt262.jpg,02_ornek,02_ornek,True,0.9504861169973423,02_ornek,04_petrykivka_painting,05_kosiv_ceramics,4,train,obj_single_79ffbf9af6ebc869,,unreviewed,unreviewed,global_cls__c10__source0p5,fixed_base_plus_three_motif_heads__equal_centered_logits,fixed_three_descriptor_consensus,10.0,True,0.0005552602934402605,0.9504861169973423,0.00015585546022901355,0.04725925847271219,0.0015435087762760145
img_1972ae3f418ef602,nested_outer_oof_adaptive_base_fixed_consensus_v5,dataset_test/02_ornek/kt267.jpg,02_ornek,02_ornek,True,0.9552286478449333,02_ornek,05_kosiv_ceramics,03_bubnivka_ceramics,2,train,obj_single_1972ae3f418ef602,,unreviewed,unreviewed,three_view_cls_logit_ensemble__c100__source0p5,fixed_base_plus_three_motif_heads__equal_centered_logits,fixed_three_descriptor_consensus,10.0,True,0.003601295845760804,0.9552286478449333,0.008600670896547025,0.005190613239408126,0.027378772173351006
img_a0883cd68984622c,nested_outer_oof_adaptive_base_fixed_consensus_v5,dataset_test/02_ornek/kt268.jpg,02_ornek,02_ornek,True,0.9485318152680019,02_ornek,01_opishnyan_ceramics,05_kosiv_ceramics,2,train,obj_single_a0883cd68984622c,,unreviewed,unreviewed,three_view_cls_logit_ensemble__c100__source0p5,fixed_base_plus_three_motif_heads__equal_centered_logits,fixed_three_descriptor_consensus,10.0,True,0.03201147102527816,0.9485318152680019,0.00024349606779445817,0.0035746934157285357,0.015638524223196844
img_c7a533b150236f1e,nested_outer_oof_adaptive_base_fixed_consensus_v5,dataset_test/02_ornek/kt272.jpg,02_ornek,02_ornek,True,0.992439665111066,02_ornek,05_kosiv_ceramics,04_petrykivka_painting,2,validation,obj_single_c7a533b150236f1e,,unreviewed,unreviewed,three_view_cls_logit_ensemble__c100__source0p5,fixed_base_plus_three_motif_heads__equal_centered_logits,fixed_three_descriptor_consensus,10.0,True,4.9730488556749404e-05,0.992439665111066,0.00016607411598191187,0.0015053901387880938,0.0058391401456073565
img_8e8c5869c0dc11a3,nested_outer_oof_adaptive_base_fixed_consensus_v5,dataset_test/02_ornek/kt273.jpg,02_ornek,02_ornek,True,0.9831800439399498,02_ornek,01_opishnyan_ceramics,05_kosiv_ceramics,2,train,obj_single_8e8c5869c0dc11a3,,unreviewed,unreviewed,three_view_cls_logit_ensemble__c100__source0p5,fixed_base_plus_three_motif_heads__equal_centered_logits,fixed_three_descriptor_consensus,10.0,True,0.006133404858155733,0.9831800439399498,0.004246001234332344,0.0003883179914586466,0.00605223197610328
img_029b6bcdcbd36deb,nested_outer_oof_adaptive_base_fixed_consensus_v5,dataset_test/02_ornek/kt279.jpg,02_ornek,02_ornek,True,0.9913254998095039,02_ornek,04_petrykivka_painting,05_kosiv_ceramics,0,train,obj_single_029b6bcdcbd36deb,,unreviewed,unreviewed,three_view_cls_logit_ensemble__c100__source0p5,fixed_base_plus_three_motif_heads__equal_centered_logits,fixed_three_descriptor_consensus,10.0,True,0.00010342743307845302,0.9913254998095039,9.33332036173385e-05,0.008130379923445464,0.0003473596303552214
img_adcfdd54eb30d794,nested_outer_oof_adaptive_base_fixed_consensus_v5,dataset_test/02_ornek/kt284.jpg,02_ornek,02_ornek,True,0.906977136446399,02_ornek,04_petrykivka_painting,03_bubnivka_ceramics,1,train,obj_single_adcfdd54eb30d794,,unreviewed,unreviewed,global_cls__c10__source0p5,fixed_base_plus_three_motif_heads__equal_centered_logits,fixed_three_descriptor_consensus,10.0,True,0.005010825978110464,0.906977136446399,0.007672205959946697,0.07541533028712602,0.00492450132841776
img_f9c651778c1c944f,nested_outer_oof_adaptive_base_fixed_consensus_v5,dataset_test/02_ornek/kt288.JPG,02_ornek,02_ornek,True,0.9926114599052638,02_ornek,05_kosiv_ceramics,04_petrykivka_painting,0,validation,obj_single_f9c651778c1c944f,,unreviewed,unreviewed,three_view_cls_logit_ensemble__c100__source0p5,fixed_base_plus_three_motif_heads__equal_centered_logits,fixed_three_descriptor_consensus,10.0,True,0.0006438648491010979,0.9926114599052638,0.00015661270660599874,0.0019712623811510344,0.004616800157877997
img_1386ddfabe4b6141,nested_outer_oof_adaptive_base_fixed_consensus_v5,dataset_test/02_ornek/kt291.jpg,02_ornek,02_ornek,True,0.9793493901451271,02_ornek,03_bubnivka_ceramics,04_petrykivka_painting,2,train,obj_single_1386ddfabe4b6141,,unreviewed,unreviewed,three_view_cls_logit_ensemble__c100__source0p5,fixed_base_plus_three_motif_heads__equal_centered_logits,fixed_three_descriptor_consensus,10.0,True,0.00022624119152152148,0.9793493901451271,0.016029782005202463,0.003186654737547624,0.0012079319206012087
img_ca90c1098e32a6ed,nested_outer_oof_adaptive_base_fixed_consensus_v5,dataset_test/02_ornek/kt294.jpg,02_ornek,02_ornek,True,0.9604209054912941,02_ornek,04_petrykivka_painting,03_bubnivka_ceramics,2,train,obj_single_ca90c1098e32a6ed,,unreviewed,unreviewed,three_view_cls_logit_ensemble__c100__source0p5,fixed_base_plus_three_motif_heads__equal_centered_logits,fixed_three_descriptor_consensus,10.0,True,0.0019718739870653833,0.9604209054912941,0.010932295406325615,0.024154162169233096,0.0025207629460815436
img_bd9fecdd39bdef8c,nested_outer_oof_adaptive_base_fixed_consensus_v5,dataset_test/02_ornek/kt297.jpg,02_ornek,02_ornek,True,0.9967223433581514,02_ornek,03_bubnivka_ceramics,05_kosiv_ceramics,0,train,obj_single_bd9fecdd39bdef8c,,unreviewed,unreviewed,three_view_cls_logit_ensemble__c100__source0p5,fixed_base_plus_three_motif_heads__equal_centered_logits,fixed_three_descriptor_consensus,10.0,True,0.00011086020443590543,0.9967223433581514,0.002645276257976887,0.00012966999817891323,0.00039185018125705067
img_003d67ba04493b41,nested_outer_oof_adaptive_base_fixed_consensus_v5,dataset_test/02_ornek/kt298.jpg,02_ornek,02_ornek,True,0.9986325123390741,02_ornek,04_petrykivka_painting,03_bubnivka_ceramics,3,train,obj_single_003d67ba04493b41,,unreviewed,unreviewed,three_view_cls_logit_ensemble__c100__source0p5,fixed_base_plus_three_motif_heads__equal_centered_logits,fixed_three_descriptor_consensus,10.0,True,3.148009617142898e-05,0.9986325123390741,0.00024648815906311045,0.0009656765543684085,0.00012384285132300388
img_7b36a619fd1c5962,nested_outer_oof_adaptive_base_fixed_consensus_v5,dataset_test/02_ornek/kt305.jpg,02_ornek,02_ornek,True,0.9938048482601362,02_ornek,05_kosiv_ceramics,04_petrykivka_painting,3,validation,obj_single_7b36a619fd1c5962,,unreviewed,unreviewed,three_view_cls_logit_ensemble__c100__source0p5,fixed_base_plus_three_motif_heads__equal_centered_logits,fixed_three_descriptor_consensus,10.0,True,3.015819571265913e-05,0.9938048482601362,5.6353742889032185e-05,0.0008862312612502285,0.005222408540012028
img_ea957130b2438e21,nested_outer_oof_adaptive_base_fixed_consensus_v5,dataset_test/02_ornek/kt307.jpg,02_ornek,02_ornek,True,0.8847947851786754,02_ornek,03_bubnivka_ceramics,01_opishnyan_ceramics,4,train,obj_single_ea957130b2438e21,,unreviewed,unreviewed,global_cls__c10__source0p5,fixed_base_plus_three_motif_heads__equal_centered_logits,fixed_three_descriptor_consensus,10.0,True,0.02865313495041489,0.8847947851786754,0.062152838600553255,0.014640570572251575,0.00975867069810484
img_bdc135584a0d50c4,nested_outer_oof_adaptive_base_fixed_consensus_v5,dataset_test/02_ornek/kt311.JPG,02_ornek,02_ornek,True,0.9958565955734462,02_ornek,05_kosiv_ceramics,01_opishnyan_ceramics,4,train,obj_single_bdc135584a0d50c4,,unreviewed,unreviewed,global_cls__c10__source0p5,fixed_base_plus_three_motif_heads__equal_centered_logits,fixed_three_descriptor_consensus,10.0,True,0.0010605675995425726,0.9958565955734462,0.0008814973054751909,0.0005540045276678789,0.001647334993868388
img_2022d224ecf8aec5,nested_outer_oof_adaptive_base_fixed_consensus_v5,dataset_test/02_ornek/kt312.JPG,02_ornek,02_ornek,True,0.9921302407774426,02_ornek,01_opishnyan_ceramics,05_kosiv_ceramics,2,validation,obj_single_2022d224ecf8aec5,,unreviewed,unreviewed,three_view_cls_logit_ensemble__c100__source0p5,fixed_base_plus_three_motif_heads__equal_centered_logits,fixed_three_descriptor_consensus,10.0,True,0.005051450231550048,0.9921302407774426,0.00014283932574089708,0.001112520939623803,0.0015629487256425924
img_6680af43a3cd6eb9,nested_outer_oof_adaptive_base_fixed_consensus_v5,dataset_test/02_ornek/kt314.jpg,02_ornek,02_ornek,True,0.9989905392791739,02_ornek,05_kosiv_ceramics,04_petrykivka_painting,0,train,obj_single_6680af43a3cd6eb9,,unreviewed,unreviewed,three_view_cls_logit_ensemble__c100__source0p5,fixed_base_plus_three_motif_heads__equal_centered_logits,fixed_three_descriptor_consensus,10.0,True,5.782731683129221e-05,0.9989905392791739,3.232530563765267e-05,0.00026613985636792447,0.0006531682419890897
img_9f219b4cf1e1d818,nested_outer_oof_adaptive_base_fixed_consensus_v5,dataset_test/02_ornek/kt315.jpg,02_ornek,02_ornek,True,0.9819183454016795,02_ornek,05_kosiv_ceramics,04_petrykivka_painting,4,train,obj_single_9f219b4cf1e1d818,,unreviewed,unreviewed,global_cls__c10__source0p5,fixed_base_plus_three_motif_heads__equal_centered_logits,fixed_three_descriptor_consensus,10.0,True,0.00021532619618753535,0.9819183454016795,0.002299281235152565,0.005244919217387497,0.010322127949592846
img_db7ef11f8e9923e4,nested_outer_oof_adaptive_base_fixed_consensus_v5,dataset_test/02_ornek/kt318.jpg,02_ornek,02_ornek,True,0.9916422761089884,02_ornek,04_petrykivka_painting,05_kosiv_ceramics,4,train,obj_single_db7ef11f8e9923e4,,unreviewed,unreviewed,global_cls__c10__source0p5,fixed_base_plus_three_motif_heads__equal_centered_logits,fixed_three_descriptor_consensus,10.0,True,0.0017479151685088025,0.9916422761089884,0.0009299598102209088,0.003089415656076172,0.002590433256205951
img_3663b453d23b9061,nested_outer_oof_adaptive_base_fixed_consensus_v5,dataset_test/02_ornek/kt319.jpg,02_ornek,02_ornek,True,0.9982029385469887,02_ornek,04_petrykivka_painting,03_bubnivka_ceramics,2,train,obj_single_3663b453d23b9061,,unreviewed,unreviewed,three_view_cls_logit_ensemble__c100__source0p5,fixed_base_plus_three_motif_heads__equal_centered_logits,fixed_three_descriptor_consensus,10.0,True,0.00034608225205417636,0.9982029385469887,0.0004059437432657465,0.0008712361993982165,0.00017379925829312675
img_62d2dc5703eb8c5c,nested_outer_oof_adaptive_base_fixed_consensus_v5,dataset_test/02_ornek/kt324.jpg,02_ornek,02_ornek,True,0.9655974352189526,02_ornek,04_petrykivka_painting,03_bubnivka_ceramics,4,train,obj_single_62d2dc5703eb8c5c,,unreviewed,unreviewed,global_cls__c10__source0p5,fixed_base_plus_three_motif_heads__equal_centered_logits,fixed_three_descriptor_consensus,10.0,True,0.00214369566289816,0.9655974352189526,0.012785180305265794,0.0145031478302539,0.004970540982629489
img_c003828522fa6d37,nested_outer_oof_adaptive_base_fixed_consensus_v5,dataset_test/02_ornek/kt327.jpg,02_ornek,02_ornek,True,0.9990270646977862,02_ornek,03_bubnivka_ceramics,05_kosiv_ceramics,1,train,obj_single_c003828522fa6d37,,unreviewed,unreviewed,global_cls__c10__source0p5,fixed_base_plus_three_motif_heads__equal_centered_logits,fixed_three_descriptor_consensus,10.0,True,0.00015494709000628235,0.9990270646977862,0.0004252344383705765,7.034084605014778e-05,0.0003224129277867297
img_e7d730656e020310,nested_outer_oof_adaptive_base_fixed_consensus_v5,dataset_test/02_ornek/kt330.JPG,02_ornek,02_ornek,True,0.9910734720947185,02_ornek,04_petrykivka_painting,05_kosiv_ceramics,1,train,obj_single_e7d730656e020310,,unreviewed,unreviewed,global_cls__c10__source0p5,fixed_base_plus_three_motif_heads__equal_centered_logits,fixed_three_descriptor_consensus,10.0,True,5.6963280419690584e-05,0.9910734720947185,0.00011274742388593525,0.005111144250379922,0.0036456729505958342
img_05b6eb233c4b03f9,nested_outer_oof_adaptive_base_fixed_consensus_v5,dataset_test/02_ornek/kt331.jpg,02_ornek,02_ornek,True,0.9986325345243162,02_ornek,04_petrykivka_painting,05_kosiv_ceramics,0,train,obj_single_05b6eb233c4b03f9,,unreviewed,unreviewed,three_view_cls_logit_ensemble__c100__source0p5,fixed_base_plus_three_motif_heads__equal_centered_logits,fixed_three_descriptor_consensus,10.0,True,8.683971193581954e-06,0.9986325345243162,1.046891027316389e-05,0.0012572675746263735,9.104501959067502e-05
img_799d854bfb84b74c,nested_outer_oof_adaptive_base_fixed_consensus_v5,dataset_test/02_ornek/kt338.jpg,02_ornek,02_ornek,True,0.9968671381757187,02_ornek,03_bubnivka_ceramics,05_kosiv_ceramics,2,validation,obj_single_799d854bfb84b74c,,unreviewed,unreviewed,three_view_cls_logit_ensemble__c100__source0p5,fixed_base_plus_three_motif_heads__equal_centered_logits,fixed_three_descriptor_consensus,10.0,True,0.00012884240056171381,0.9968671381757187,0.0017525690821849152,0.00035141913022260023,0.0009000312113121372
img_e9c4fd3dde3a7c55,nested_outer_oof_adaptive_base_fixed_consensus_v5,dataset_test/02_ornek/kt340.jpg,02_ornek,02_ornek,True,0.999280809645637,02_ornek,04_petrykivka_painting,03_bubnivka_ceramics,1,train,obj_single_e9c4fd3dde3a7c55,,unreviewed,unreviewed,global_cls__c10__source0p5,fixed_base_plus_three_motif_heads__equal_centered_logits,fixed_three_descriptor_consensus,10.0,True,7.497784162878715e-05,0.999280809645637,0.0002275387586907243,0.0003808157521186225,3.585800192480673e-05
img_2a814323b27e16d1,nested_outer_oof_adaptive_base_fixed_consensus_v5,dataset_test/02_ornek/kt347.jpg,02_ornek,02_ornek,True,0.47734683812275913,02_ornek,01_opishnyan_ceramics,03_bubnivka_ceramics,4,train,obj_single_2a814323b27e16d1,,unreviewed,unreviewed,global_cls__c10__source0p5,fixed_base_plus_three_motif_heads__equal_centered_logits,fixed_three_descriptor_consensus,10.0,True,0.38250733685859367,0.47734683812275913,0.11215131718112854,0.01634554405265175,0.011648963784866944
img_9dd74fb7fadf68c1,nested_outer_oof_adaptive_base_fixed_consensus_v5,dataset_test/02_ornek/kt350.jpg,02_ornek,02_ornek,True,0.7203580704003412,02_ornek,01_opishnyan_ceramics,05_kosiv_ceramics,0,train,obj_single_9dd74fb7fadf68c1,,unreviewed,unreviewed,three_view_cls_logit_ensemble__c100__source0p5,fixed_base_plus_three_motif_heads__equal_centered_logits,fixed_three_descriptor_consensus,10.0,True,0.23343971727791293,0.7203580704003412,0.019940416265338733,0.0023509768388505162,0.023910819217556632
img_ecbb078a391acb40,nested_outer_oof_adaptive_base_fixed_consensus_v5,dataset_test/02_ornek/kt351.jpg,02_ornek,02_ornek,True,0.6996252141798199,02_ornek,01_opishnyan_ceramics,03_bubnivka_ceramics,3,train,obj_single_ecbb078a391acb40,,unreviewed,unreviewed,three_view_cls_logit_ensemble__c100__source0p5,fixed_base_plus_three_motif_heads__equal_centered_logits,fixed_three_descriptor_consensus,10.0,True,0.2899442458490381,0.6996252141798199,0.005960132744260491,0.0020906073849503797,0.002379799841931122
img_c62959b5089a38a2,nested_outer_oof_adaptive_base_fixed_consensus_v5,dataset_test/02_ornek/kt354.jpg,02_ornek,02_ornek,True,0.9890574031086902,02_ornek,05_kosiv_ceramics,01_opishnyan_ceramics,0,train,obj_single_c62959b5089a38a2,,unreviewed,unreviewed,three_view_cls_logit_ensemble__c100__source0p5,fixed_base_plus_three_motif_heads__equal_centered_logits,fixed_three_descriptor_consensus,10.0,True,0.001740669637141517,0.9890574031086902,0.0013036415361074602,0.0015883535029588031,0.00630993221510196
img_e6bd754aa571fb37,nested_outer_oof_adaptive_base_fixed_consensus_v5,dataset_test/02_ornek/kt359.jpg,02_ornek,02_ornek,True,0.9896713683934635,02_ornek,03_bubnivka_ceramics,01_opishnyan_ceramics,2,validation,obj_single_e6bd754aa571fb37,,unreviewed,unreviewed,three_view_cls_logit_ensemble__c100__source0p5,fixed_base_plus_three_motif_heads__equal_centered_logits,fixed_three_descriptor_consensus,10.0,True,0.004144152400303701,0.9896713683934635,0.005496677478725173,0.00018972221497385642,0.0004980795125337182
img_ca52c8c6c04a6f3a,nested_outer_oof_adaptive_base_fixed_consensus_v5,dataset_test/02_ornek/kt363.jpg,02_ornek,02_ornek,True,0.8980454385979781,02_ornek,01_opishnyan_ceramics,03_bubnivka_ceramics,3,train,obj_single_ca52c8c6c04a6f3a,,unreviewed,unreviewed,three_view_cls_logit_ensemble__c100__source0p5,fixed_base_plus_three_motif_heads__equal_centered_logits,fixed_three_descriptor_consensus,10.0,True,0.08857961417514502,0.8980454385979781,0.006952237421838581,0.0005772854071253492,0.00584542439791266
img_3db3f5ef26b67e53,nested_outer_oof_adaptive_base_fixed_consensus_v5,dataset_test/02_ornek/kt369.jpg,02_ornek,02_ornek,True,0.9844319944395391,02_ornek,04_petrykivka_painting,05_kosiv_ceramics,4,train,obj_single_3db3f5ef26b67e53,,unreviewed,unreviewed,global_cls__c10__source0p5,fixed_base_plus_three_motif_heads__equal_centered_logits,fixed_three_descriptor_consensus,10.0,True,0.0007717590280015131,0.9844319944395391,0.0012021825841333242,0.007031343210034792,0.00656272073829127
img_0a9df44043208d58,nested_outer_oof_adaptive_base_fixed_consensus_v5,dataset_test/02_ornek/kt372.jpg,02_ornek,02_ornek,True,0.9975759965938907,02_ornek,04_petrykivka_painting,01_opishnyan_ceramics,3,train,obj_single_0a9df44043208d58,,unreviewed,unreviewed,three_view_cls_logit_ensemble__c100__source0p5,fixed_base_plus_three_motif_heads__equal_centered_logits,fixed_three_descriptor_consensus,10.0,True,0.00020833969680946545,0.9975759965938907,5.7166746136639935e-05,0.0019658043674895963,0.0001926925956735909
img_ce196bfd40ec7636,nested_outer_oof_adaptive_base_fixed_consensus_v5,dataset_test/02_ornek/kt374.jpg,02_ornek,02_ornek,True,0.99845733979687,02_ornek,04_petrykivka_painting,05_kosiv_ceramics,0,train,obj_single_ce196bfd40ec7636,,unreviewed,unreviewed,three_view_cls_logit_ensemble__c100__source0p5,fixed_base_plus_three_motif_heads__equal_centered_logits,fixed_three_descriptor_consensus,10.0,True,5.295971085405265e-05,0.99845733979687,4.374754257427025e-05,0.0009815003045446653,0.0004644526451571008
img_edb928cc2c5374e5,nested_outer_oof_adaptive_base_fixed_consensus_v5,dataset_test/02_ornek/kt375.jpg,02_ornek,02_ornek,True,0.9514614492446273,02_ornek,01_opishnyan_ceramics,04_petrykivka_painting,3,train,obj_single_edb928cc2c5374e5,,unreviewed,unreviewed,three_view_cls_logit_ensemble__c100__source0p5,fixed_base_plus_three_motif_heads__equal_centered_logits,fixed_three_descriptor_consensus,10.0,True,0.027109307294288575,0.9514614492446273,0.00019876602953019417,0.017518280220422858,0.003712197211130823
img_93e9fd91fb209ed6,nested_outer_oof_adaptive_base_fixed_consensus_v5,dataset_test/02_ornek/kt377.jpg,02_ornek,02_ornek,True,0.9424204723885495,02_ornek,04_petrykivka_painting,01_opishnyan_ceramics,4,train,obj_single_93e9fd91fb209ed6,,unreviewed,unreviewed,global_cls__c10__source0p5,fixed_base_plus_three_motif_heads__equal_centered_logits,fixed_three_descriptor_consensus,10.0,True,0.005928893481331184,0.9424204723885495,0.004028891884241538,0.04401048499839163,0.0036112572474858913
img_7bbe73b734404765,nested_outer_oof_adaptive_base_fixed_consensus_v5,dataset_test/02_ornek/kt380.jpg,02_ornek,02_ornek,True,0.9872290139048062,02_ornek,01_opishnyan_ceramics,04_petrykivka_painting,2,train,obj_single_7bbe73b734404765,,unreviewed,unreviewed,three_view_cls_logit_ensemble__c100__source0p5,fixed_base_plus_three_motif_heads__equal_centered_logits,fixed_three_descriptor_consensus,10.0,True,0.0072885909537744025,0.9872290139048062,0.0022539734149480068,0.0023389233988091785,0.0008894983276620334
img_9ee79847fb4f6c4f,nested_outer_oof_adaptive_base_fixed_consensus_v5,dataset_test/02_ornek/kt382.jpg,02_ornek,02_ornek,True,0.8334266124143092,02_ornek,04_petrykivka_painting,03_bubnivka_ceramics,2,train,obj_single_9ee79847fb4f6c4f,,unreviewed,unreviewed,three_view_cls_logit_ensemble__c100__source0p5,fixed_base_plus_three_motif_heads__equal_centered_logits,fixed_three_descriptor_consensus,10.0,True,0.00798268086015046,0.8334266124143092,0.015401890821438323,0.13848148404382954,0.0047073318602727
img_a3569e1ba3b0f28c,nested_outer_oof_adaptive_base_fixed_consensus_v5,dataset_test/02_ornek/kt392.jpg,02_ornek,02_ornek,True,0.9160188380226313,02_ornek,05_kosiv_ceramics,03_bubnivka_ceramics,1,train,obj_single_a3569e1ba3b0f28c,,unreviewed,unreviewed,global_cls__c10__source0p5,fixed_base_plus_three_motif_heads__equal_centered_logits,fixed_three_descriptor_consensus,10.0,True,0.0061212538448932735,0.9160188380226313,0.03713018291694088,0.003589357325710138,0.03714036788982452
img_c90d5042ee48b7e3,nested_outer_oof_adaptive_base_fixed_consensus_v5,dataset_test/02_ornek/kt396.jpg,02_ornek,02_ornek,True,0.9973410166171994,02_ornek,05_kosiv_ceramics,03_bubnivka_ceramics,0,validation,obj_single_c90d5042ee48b7e3,,unreviewed,unreviewed,three_view_cls_logit_ensemble__c100__source0p5,fixed_base_plus_three_motif_heads__equal_centered_logits,fixed_three_descriptor_consensus,10.0,True,3.244667112399891e-05,0.9973410166171994,0.0003494246807179284,4.825008824112217e-05,0.0022288619427176665
img_145a5542859665f7,nested_outer_oof_adaptive_base_fixed_consensus_v5,dataset_test/02_ornek/kt397.jpg,02_ornek,02_ornek,True,0.6865559577234045,02_ornek,05_kosiv_ceramics,01_opishnyan_ceramics,2,train,obj_single_145a5542859665f7,,unreviewed,unreviewed,three_view_cls_logit_ensemble__c100__source0p5,fixed_base_plus_three_motif_heads__equal_centered_logits,fixed_three_descriptor_consensus,10.0,True,0.07947638153181351,0.6865559577234045,0.014423078184389782,0.027595764630830133,0.19194881792956212
img_00dd435c8a7110d1,nested_outer_oof_adaptive_base_fixed_consensus_v5,dataset_test/02_ornek/kt399.JPG,02_ornek,02_ornek,True,0.9949391957329139,02_ornek,05_kosiv_ceramics,04_petrykivka_painting,1,train,obj_single_00dd435c8a7110d1,,unreviewed,unreviewed,global_cls__c10__source0p5,fixed_base_plus_three_motif_heads__equal_centered_logits,fixed_three_descriptor_consensus,10.0,True,0.00017971858561978098,0.9949391957329139,0.0003683740473875787,0.0004543867344494542,0.004058324899629182
img_5544bf01af05443d,nested_outer_oof_adaptive_base_fixed_consensus_v5,dataset_test/02_ornek/kt400.jpg,02_ornek,02_ornek,True,0.9334118655837566,02_ornek,04_petrykivka_painting,05_kosiv_ceramics,3,train,obj_single_5544bf01af05443d,,unreviewed,unreviewed,three_view_cls_logit_ensemble__c100__source0p5,fixed_base_plus_three_motif_heads__equal_centered_logits,fixed_three_descriptor_consensus,10.0,True,0.00025616108958495494,0.9334118655837566,0.0005719448520534701,0.06370576043575372,0.0020542680388513593
img_a482a6e9d8a6b507,nested_outer_oof_adaptive_base_fixed_consensus_v5,dataset_test/02_ornek/kt401.jpg,02_ornek,02_ornek,True,0.9051202003035862,02_ornek,05_kosiv_ceramics,04_petrykivka_painting,3,train,obj_single_a482a6e9d8a6b507,,unreviewed,unreviewed,three_view_cls_logit_ensemble__c100__source0p5,fixed_base_plus_three_motif_heads__equal_centered_logits,fixed_three_descriptor_consensus,10.0,True,0.0003806267067206649,0.9051202003035862,0.0003800805905370321,0.0020084525881546756,0.0921106398110014
img_2e94ec9787df0062,nested_outer_oof_adaptive_base_fixed_consensus_v5,dataset_test/02_ornek/kt405.jpg,02_ornek,02_ornek,True,0.975698693744528,02_ornek,04_petrykivka_painting,05_kosiv_ceramics,2,train,obj_single_2e94ec9787df0062,,unreviewed,unreviewed,three_view_cls_logit_ensemble__c100__source0p5,fixed_base_plus_three_motif_heads__equal_centered_logits,fixed_three_descriptor_consensus,10.0,True,0.000719731850374875,0.975698693744528,0.0011064467160257479,0.01557490248647157,0.006900225202599931
img_12f1de2fe232183a,nested_outer_oof_adaptive_base_fixed_consensus_v5,dataset_test/02_ornek/kt406.jpg,02_ornek,02_ornek,True,0.998451257250912,02_ornek,03_bubnivka_ceramics,04_petrykivka_painting,0,train,obj_single_12f1de2fe232183a,,unreviewed,unreviewed,three_view_cls_logit_ensemble__c100__source0p5,fixed_base_plus_three_motif_heads__equal_centered_logits,fixed_three_descriptor_consensus,10.0,True,0.00016864796719225295,0.998451257250912,0.0009418443072906167,0.0003476836158738354,9.056685873121728e-05
img_315e284c822db828,nested_outer_oof_adaptive_base_fixed_consensus_v5,dataset_test/02_ornek/kt408.jpg,02_ornek,02_ornek,True,0.9995218709456052,02_ornek,04_petrykivka_painting,05_kosiv_ceramics,4,train,obj_single_315e284c822db828,,unreviewed,unreviewed,global_cls__c10__source0p5,fixed_base_plus_three_motif_heads__equal_centered_logits,fixed_three_descriptor_consensus,10.0,True,4.717439769409927e-05,0.9995218709456052,7.578034646105511e-05,0.00026158048878255385,9.35938214572678e-05
img_8f62b53f3796f489,nested_outer_oof_adaptive_base_fixed_consensus_v5,dataset_test/02_ornek/kt410.JPG,02_ornek,02_ornek,True,0.9962846164091074,02_ornek,03_bubnivka_ceramics,04_petrykivka_painting,0,train,obj_single_8f62b53f3796f489,,unreviewed,unreviewed,three_view_cls_logit_ensemble__c100__source0p5,fixed_base_plus_three_motif_heads__equal_centered_logits,fixed_three_descriptor_consensus,10.0,True,0.0004334625843785209,0.9962846164091074,0.0016138749424035811,0.0013407098053940854,0.000327336258716399
img_cbc319eb5735ca19,nested_outer_oof_adaptive_base_fixed_consensus_v5,dataset_test/02_ornek/kt413.JPG,02_ornek,02_ornek,True,0.9940640412181008,02_ornek,03_bubnivka_ceramics,04_petrykivka_painting,4,validation,obj_single_cbc319eb5735ca19,,unreviewed,unreviewed,global_cls__c10__source0p5,fixed_base_plus_three_motif_heads__equal_centered_logits,fixed_three_descriptor_consensus,10.0,True,7.432040092053884e-05,0.9940640412181008,0.003993289762946166,0.0010797547595545016,0.0007885938584777431
img_b139a3082ba9b420,nested_outer_oof_adaptive_base_fixed_consensus_v5,dataset_test/02_ornek/kt416.jpg,02_ornek,02_ornek,True,0.995039990240165,02_ornek,03_bubnivka_ceramics,04_petrykivka_painting,3,train,obj_single_b139a3082ba9b420,,unreviewed,unreviewed,three_view_cls_logit_ensemble__c100__source0p5,fixed_base_plus_three_motif_heads__equal_centered_logits,fixed_three_descriptor_consensus,10.0,True,0.0001857520580599942,0.995039990240165,0.002110775655071493,0.0016704386617897578,0.000993043384913823
img_34ce12263305fb57,nested_outer_oof_adaptive_base_fixed_consensus_v5,dataset_test/02_ornek/kt418.JPG,02_ornek,02_ornek,True,0.960710745331418,02_ornek,03_bubnivka_ceramics,05_kosiv_ceramics,4,train,obj_single_34ce12263305fb57,,unreviewed,unreviewed,global_cls__c10__source0p5,fixed_base_plus_three_motif_heads__equal_centered_logits,fixed_three_descriptor_consensus,10.0,True,0.0004107642765332438,0.960710745331418,0.030031434965054293,0.004293652692975192,0.004553402734019168
img_c02daf61fd5058bb,nested_outer_oof_adaptive_base_fixed_consensus_v5,dataset_test/02_ornek/kt420.JPG,02_ornek,02_ornek,True,0.9823419845891573,02_ornek,04_petrykivka_painting,05_kosiv_ceramics,0,validation,obj_single_c02daf61fd5058bb,,unreviewed,unreviewed,three_view_cls_logit_ensemble__c100__source0p5,fixed_base_plus_three_motif_heads__equal_centered_logits,fixed_three_descriptor_consensus,10.0,True,0.001274742381785121,0.9823419845891573,0.00025436185893373543,0.009341724564967893,0.006787186605155815
img_a35ca14dc4ffadf4,nested_outer_oof_adaptive_base_fixed_consensus_v5,dataset_test/02_ornek/kt422.jpg,02_ornek,02_ornek,True,0.9919315790903233,02_ornek,05_kosiv_ceramics,03_bubnivka_ceramics,0,train,obj_single_a35ca14dc4ffadf4,,unreviewed,unreviewed,three_view_cls_logit_ensemble__c100__source0p5,fixed_base_plus_three_motif_heads__equal_centered_logits,fixed_three_descriptor_consensus,10.0,True,0.0011805618312617134,0.9919315790903233,0.0024638924009463305,0.0015277779954142269,0.0028961886820544503
img_c1089b9a24fa8979,nested_outer_oof_adaptive_base_fixed_consensus_v5,dataset_test/02_ornek/kt424.jpg,02_ornek,02_ornek,True,0.9980325895854506,02_ornek,04_petrykivka_painting,03_bubnivka_ceramics,1,train,obj_single_c1089b9a24fa8979,,unreviewed,unreviewed,global_cls__c10__source0p5,fixed_base_plus_three_motif_heads__equal_centered_logits,fixed_three_descriptor_consensus,10.0,True,0.00014070754288050366,0.9980325895854506,0.0005900376213733577,0.001022072409803604,0.00021459284049179532
img_e9dad6c56a753607,nested_outer_oof_adaptive_base_fixed_consensus_v5,dataset_test/02_ornek/kt425.jpg,02_ornek,02_ornek,True,0.5123626825851563,02_ornek,05_kosiv_ceramics,01_opishnyan_ceramics,2,train,obj_single_e9dad6c56a753607,,unreviewed,unreviewed,three_view_cls_logit_ensemble__c100__source0p5,fixed_base_plus_three_motif_heads__equal_centered_logits,fixed_three_descriptor_consensus,10.0,True,0.038349779480539754,0.5123626825851563,0.015767675941627205,0.0007144442271179699,0.4328054177655588
img_612e3fec890d4bde,nested_outer_oof_adaptive_base_fixed_consensus_v5,dataset_test/02_ornek/kt429.jpg,02_ornek,01_opishnyan_ceramics,False,0.7592306765621801,01_opishnyan_ceramics,02_ornek,05_kosiv_ceramics,3,train,obj_single_612e3fec890d4bde,,unreviewed,unreviewed,three_view_cls_logit_ensemble__c100__source0p5,fixed_base_plus_three_motif_heads__equal_centered_logits,fixed_three_descriptor_consensus,10.0,True,0.7592306765621801,0.17241904710729633,0.03007015518080845,0.0010435941273532641,0.037236527022361694
img_4d7e71df6e208503,nested_outer_oof_adaptive_base_fixed_consensus_v5,dataset_test/02_ornek/kt430.jpg,02_ornek,02_ornek,True,0.9842250690101771,02_ornek,05_kosiv_ceramics,04_petrykivka_painting,4,train,obj_single_4d7e71df6e208503,,unreviewed,unreviewed,global_cls__c10__source0p5,fixed_base_plus_three_motif_heads__equal_centered_logits,fixed_three_descriptor_consensus,10.0,True,0.0011137175303807779,0.9842250690101771,0.0017906328829041646,0.0019058378846661987,0.010964742691871749
img_36904f8622930f70,nested_outer_oof_adaptive_base_fixed_consensus_v5,dataset_test/02_ornek/kt441.JPG,02_ornek,02_ornek,True,0.9960424362052882,02_ornek,05_kosiv_ceramics,03_bubnivka_ceramics,2,train,obj_single_36904f8622930f70,,unreviewed,unreviewed,three_view_cls_logit_ensemble__c100__source0p5,fixed_base_plus_three_motif_heads__equal_centered_logits,fixed_three_descriptor_consensus,10.0,True,0.0006887637225225863,0.9960424362052882,0.0008480044979742425,0.0006147756761481157,0.0018060198980665175
img_0c09c14325c2b0b3,nested_outer_oof_adaptive_base_fixed_consensus_v5,dataset_test/02_ornek/kt444.jpg,02_ornek,02_ornek,True,0.998660613433063,02_ornek,05_kosiv_ceramics,03_bubnivka_ceramics,0,train,obj_single_0c09c14325c2b0b3,,unreviewed,unreviewed,three_view_cls_logit_ensemble__c100__source0p5,fixed_base_plus_three_motif_heads__equal_centered_logits,fixed_three_descriptor_consensus,10.0,True,0.00015166808089546433,0.998660613433063,0.0003800167163526117,0.0001673325326126246,0.0006403692370764395
img_049791581eb28ac0,nested_outer_oof_adaptive_base_fixed_consensus_v5,dataset_test/02_ornek/kt446.JPG,02_ornek,02_ornek,True,0.9953368205890947,02_ornek,03_bubnivka_ceramics,05_kosiv_ceramics,0,train,obj_single_049791581eb28ac0,,unreviewed,unreviewed,three_view_cls_logit_ensemble__c100__source0p5,fixed_base_plus_three_motif_heads__equal_centered_logits,fixed_three_descriptor_consensus,10.0,True,0.00031797119824047184,0.9953368205890947,0.0022704520087709324,0.00026513685460052887,0.0018096193492934025
img_46f34712289a0ee1,nested_outer_oof_adaptive_base_fixed_consensus_v5,dataset_test/02_ornek/kt449.jpg,02_ornek,02_ornek,True,0.996317748307621,02_ornek,04_petrykivka_painting,01_opishnyan_ceramics,4,train,obj_single_46f34712289a0ee1,,unreviewed,unreviewed,global_cls__c10__source0p5,fixed_base_plus_three_motif_heads__equal_centered_logits,fixed_three_descriptor_consensus,10.0,True,0.00047469135723413264,0.996317748307621,0.0001786086974834366,0.0029250503423616033,0.00010390129529970054
img_30b1f6ccc02ec44d,nested_outer_oof_adaptive_base_fixed_consensus_v5,dataset_test/02_ornek/kt451.jpg,02_ornek,02_ornek,True,0.958818333998478,02_ornek,04_petrykivka_painting,05_kosiv_ceramics,4,train,obj_single_30b1f6ccc02ec44d,,unreviewed,unreviewed,global_cls__c10__source0p5,fixed_base_plus_three_motif_heads__equal_centered_logits,fixed_three_descriptor_consensus,10.0,True,0.00023919652331249355,0.958818333998478,0.0008605640199552797,0.027447961912446937,0.012633943545807207
img_2f45c7c1c1aac892,nested_outer_oof_adaptive_base_fixed_consensus_v5,dataset_test/02_ornek/kt454.jpg,02_ornek,02_ornek,True,0.9970009061179786,02_ornek,01_opishnyan_ceramics,04_petrykivka_painting,3,train,obj_single_2f45c7c1c1aac892,,unreviewed,unreviewed,three_view_cls_logit_ensemble__c100__source0p5,fixed_base_plus_three_motif_heads__equal_centered_logits,fixed_three_descriptor_consensus,10.0,True,0.0020292711812845777,0.9970009061179786,3.219279107646477e-05,0.0008529650956029866,8.466481405741012e-05
img_2a07de9179f98dc0,nested_outer_oof_adaptive_base_fixed_consensus_v5,dataset_test/02_ornek/kt457.jpg,02_ornek,02_ornek,True,0.9909195514114725,02_ornek,05_kosiv_ceramics,04_petrykivka_painting,1,train,obj_single_2a07de9179f98dc0,,unreviewed,unreviewed,global_cls__c10__source0p5,fixed_base_plus_three_motif_heads__equal_centered_logits,fixed_three_descriptor_consensus,10.0,True,0.0002781863466215831,0.9909195514114725,0.0005688569972596473,0.002807522712056026,0.005425882532590358
img_100d28fd55a8c1d3,nested_outer_oof_adaptive_base_fixed_consensus_v5,dataset_test/02_ornek/kt460.jpg,02_ornek,02_ornek,True,0.9819913699065119,02_ornek,05_kosiv_ceramics,03_bubnivka_ceramics,1,validation,obj_single_100d28fd55a8c1d3,,unreviewed,unreviewed,global_cls__c10__source0p5,fixed_base_plus_three_motif_heads__equal_centered_logits,fixed_three_descriptor_consensus,10.0,True,8.385877096876677e-05,0.9819913699065119,0.0004682090852122163,0.00041354705731876936,0.017043015179988356
img_094200d21dab3010,nested_outer_oof_adaptive_base_fixed_consensus_v5,dataset_test/02_ornek/kt462.jpg,02_ornek,02_ornek,True,0.9945796390852609,02_ornek,05_kosiv_ceramics,04_petrykivka_painting,3,train,obj_single_094200d21dab3010,,unreviewed,unreviewed,three_view_cls_logit_ensemble__c100__source0p5,fixed_base_plus_three_motif_heads__equal_centered_logits,fixed_three_descriptor_consensus,10.0,True,1.935061873646554e-05,0.9945796390852609,9.964351033472701e-05,0.0004005264627307697,0.0049008403229371745
img_5f52ef0cf3960983,nested_outer_oof_adaptive_base_fixed_consensus_v5,dataset_test/02_ornek/kt466.jpg,02_ornek,02_ornek,True,0.9928658982322277,02_ornek,01_opishnyan_ceramics,05_kosiv_ceramics,2,validation,obj_single_5f52ef0cf3960983,,unreviewed,unreviewed,three_view_cls_logit_ensemble__c100__source0p5,fixed_base_plus_three_motif_heads__equal_centered_logits,fixed_three_descriptor_consensus,10.0,True,0.0026637063532196025,0.9928658982322277,0.0006688140660684522,0.0016941159743666379,0.0021074653741176134
img_9ff687e16b75cb06,nested_outer_oof_adaptive_base_fixed_consensus_v5,dataset_test/02_ornek/kt473.jpg,02_ornek,02_ornek,True,0.9966825709937305,02_ornek,05_kosiv_ceramics,04_petrykivka_painting,0,validation,obj_single_9ff687e16b75cb06,,unreviewed,unreviewed,three_view_cls_logit_ensemble__c100__source0p5,fixed_base_plus_three_motif_heads__equal_centered_logits,fixed_three_descriptor_consensus,10.0,True,0.00016613492446075764,0.9966825709937305,0.00044226082569895857,0.0010768276022796533,0.0016322056538300741
img_98aa3e0ed2d23217,nested_outer_oof_adaptive_base_fixed_consensus_v5,dataset_test/02_ornek/kt478.jpg,02_ornek,02_ornek,True,0.9939475829693812,02_ornek,05_kosiv_ceramics,04_petrykivka_painting,2,train,obj_single_98aa3e0ed2d23217,,unreviewed,unreviewed,three_view_cls_logit_ensemble__c100__source0p5,fixed_base_plus_three_motif_heads__equal_centered_logits,fixed_three_descriptor_consensus,10.0,True,0.00023268816925165758,0.9939475829693812,0.00018859758311667483,0.0009162479217941329,0.0047148833564562955
img_915d3b26c554671a,nested_outer_oof_adaptive_base_fixed_consensus_v5,dataset_test/02_ornek/kt482.jpg,02_ornek,02_ornek,True,0.999002842110779,02_ornek,05_kosiv_ceramics,03_bubnivka_ceramics,2,train,obj_single_915d3b26c554671a,,unreviewed,unreviewed,three_view_cls_logit_ensemble__c100__source0p5,fixed_base_plus_three_motif_heads__equal_centered_logits,fixed_three_descriptor_consensus,10.0,True,1.7445533987083524e-05,0.999002842110779,0.00011050766473869969,0.00010114709751973721,0.0007680575929755778
img_d7b98cf9635af868,nested_outer_oof_adaptive_base_fixed_consensus_v5,dataset_test/02_ornek/kt484.jpg,02_ornek,02_ornek,True,0.9827443672587827,02_ornek,04_petrykivka_painting,01_opishnyan_ceramics,4,train,obj_single_d7b98cf9635af868,,unreviewed,unreviewed,global_cls__c10__source0p5,fixed_base_plus_three_motif_heads__equal_centered_logits,fixed_three_descriptor_consensus,10.0,True,0.006222608151351954,0.9827443672587827,0.0007398182541898362,0.009807240210110774,0.0004859661255646407
img_1c778eb96030f770,nested_outer_oof_adaptive_base_fixed_consensus_v5,dataset_test/02_ornek/kt485.jpeg,02_ornek,02_ornek,True,0.9651403004996554,02_ornek,03_bubnivka_ceramics,01_opishnyan_ceramics,2,train,obj_single_1c778eb96030f770,,unreviewed,unreviewed,three_view_cls_logit_ensemble__c100__source0p5,fixed_base_plus_three_motif_heads__equal_centered_logits,fixed_three_descriptor_consensus,10.0,True,0.005153767362480414,0.9651403004996554,0.02796231640227117,0.0008707256131082011,0.000872890122484771
img_62f62dd261842bbf,nested_outer_oof_adaptive_base_fixed_consensus_v5,dataset_test/02_ornek/kt490.JPG,02_ornek,02_ornek,True,0.9908560841450943,02_ornek,05_kosiv_ceramics,03_bubnivka_ceramics,4,train,obj_single_62f62dd261842bbf,,unreviewed,unreviewed,global_cls__c10__source0p5,fixed_base_plus_three_motif_heads__equal_centered_logits,fixed_three_descriptor_consensus,10.0,True,0.0026918087821758883,0.9908560841450943,0.0028105991641606855,0.00021058328258126305,0.0034309246259881156
img_1a764a95691f3653,nested_outer_oof_adaptive_base_fixed_consensus_v5,dataset_test/02_ornek/kt492.JPG,02_ornek,02_ornek,True,0.9732320925976482,02_ornek,01_opishnyan_ceramics,05_kosiv_ceramics,3,train,obj_single_1a764a95691f3653,,unreviewed,unreviewed,three_view_cls_logit_ensemble__c100__source0p5,fixed_base_plus_three_motif_heads__equal_centered_logits,fixed_three_descriptor_consensus,10.0,True,0.013781449594954193,0.9732320925976482,0.0022031664690046176,0.0018562930214075658,0.008926998316985556
img_36554fd6901f0fa9,nested_outer_oof_adaptive_base_fixed_consensus_v5,dataset_test/02_ornek/kt494.jpg,02_ornek,02_ornek,True,0.9973122590708189,02_ornek,04_petrykivka_painting,05_kosiv_ceramics,3,train,obj_single_36554fd6901f0fa9,,unreviewed,unreviewed,three_view_cls_logit_ensemble__c100__source0p5,fixed_base_plus_three_motif_heads__equal_centered_logits,fixed_three_descriptor_consensus,10.0,True,5.789897396734442e-05,0.9973122590708189,2.6810076680992833e-05,0.0020501491372820484,0.0005528827412506462
img_5be65d0daa11dad8,nested_outer_oof_adaptive_base_fixed_consensus_v5,dataset_test/02_ornek/kt498.jpg,02_ornek,02_ornek,True,0.8900005057725227,02_ornek,01_opishnyan_ceramics,03_bubnivka_ceramics,1,train,obj_single_5be65d0daa11dad8,,unreviewed,unreviewed,global_cls__c10__source0p5,fixed_base_plus_three_motif_heads__equal_centered_logits,fixed_three_descriptor_consensus,10.0,True,0.07228043859106283,0.8900005057725227,0.015208250869884673,0.011306716882456576,0.011204087884073377
img_6f1aff5820d3e6e2,nested_outer_oof_adaptive_base_fixed_consensus_v5,dataset_test/02_ornek/kt505.jpg,02_ornek,02_ornek,True,0.9793273228665831,02_ornek,01_opishnyan_ceramics,04_petrykivka_painting,2,train,obj_single_6f1aff5820d3e6e2,,unreviewed,unreviewed,three_view_cls_logit_ensemble__c100__source0p5,fixed_base_plus_three_motif_heads__equal_centered_logits,fixed_three_descriptor_consensus,10.0,True,0.011029533511794172,0.9793273228665831,0.001372167783959862,0.008200049622344312,7.092621531841668e-05
img_9ccf71ac524126ec,nested_outer_oof_adaptive_base_fixed_consensus_v5,dataset_test/02_ornek/kt511.jpg,02_ornek,02_ornek,True,0.9962147883714048,02_ornek,05_kosiv_ceramics,03_bubnivka_ceramics,1,validation,obj_single_9ccf71ac524126ec,,unreviewed,unreviewed,global_cls__c10__source0p5,fixed_base_plus_three_motif_heads__equal_centered_logits,fixed_three_descriptor_consensus,10.0,True,4.998080761574796e-05,0.9962147883714048,0.0006929918289851972,0.0005439995016136018,0.002498239490381081
img_64ed8e766b1b75a1,nested_outer_oof_adaptive_base_fixed_consensus_v5,dataset_test/02_ornek/kt514.jpg,02_ornek,02_ornek,True,0.9988220156808402,02_ornek,04_petrykivka_painting,03_bubnivka_ceramics,0,train,obj_single_64ed8e766b1b75a1,,unreviewed,unreviewed,three_view_cls_logit_ensemble__c100__source0p5,fixed_base_plus_three_motif_heads__equal_centered_logits,fixed_three_descriptor_consensus,10.0,True,4.206774006605669e-05,0.9988220156808402,0.00025793522194471075,0.0007565469745260989,0.0001214343826228432
img_9623c23395af5d40,nested_outer_oof_adaptive_base_fixed_consensus_v5,dataset_dev/03_bubnivka_ceramics/b001.jpg,03_bubnivka_ceramics,03_bubnivka_ceramics,True,0.9883907379369579,03_bubnivka_ceramics,05_kosiv_ceramics,01_opishnyan_ceramics,4,validation,srcgrp_6d5d4ba8acb3dedc,src_global_bub_vognik_watermark,unreviewed,unreviewed,global_cls__c10__source0p5,fixed_base_plus_three_motif_heads__equal_centered_logits,fixed_three_descriptor_consensus,10.0,True,0.0035704716603452086,0.0024261031148172453,0.9883907379369579,0.0009416698712118855,0.0046710174166679115
img_02bb4c74ad691db8,nested_outer_oof_adaptive_base_fixed_consensus_v5,dataset_dev/03_bubnivka_ceramics/b003.jpg,03_bubnivka_ceramics,03_bubnivka_ceramics,True,0.957137293744884,03_bubnivka_ceramics,01_opishnyan_ceramics,04_petrykivka_painting,4,validation,srcgrp_6d5d4ba8acb3dedc,src_global_bub_vognik_watermark,unreviewed,unreviewed,global_cls__c10__source0p5,fixed_base_plus_three_motif_heads__equal_centered_logits,fixed_three_descriptor_consensus,10.0,True,0.018861886119093223,0.0034675819466562507,0.957137293744884,0.0165715289012264,0.003961709288140288
img_d2b3ddad4e440a4d,nested_outer_oof_adaptive_base_fixed_consensus_v5,dataset_dev/03_bubnivka_ceramics/b005.jpg,03_bubnivka_ceramics,03_bubnivka_ceramics,True,0.845249974435281,03_bubnivka_ceramics,01_opishnyan_ceramics,05_kosiv_ceramics,4,validation,srcgrp_6d5d4ba8acb3dedc,src_global_bub_vognik_watermark,unreviewed,unreviewed,global_cls__c10__source0p5,fixed_base_plus_three_motif_heads__equal_centered_logits,fixed_three_descriptor_consensus,10.0,True,0.08032376459923712,0.017138819926206802,0.845249974435281,0.005481518058889324,0.05180592298038581
img_eb2aba37644280cf,nested_outer_oof_adaptive_base_fixed_consensus_v5,dataset_dev/03_bubnivka_ceramics/b008.jpg,03_bubnivka_ceramics,03_bubnivka_ceramics,True,0.9956429010598742,03_bubnivka_ceramics,01_opishnyan_ceramics,02_ornek,4,validation,srcgrp_6d5d4ba8acb3dedc,src_global_bub_vognik_watermark,unreviewed,unreviewed,global_cls__c10__source0p5,fixed_base_plus_three_motif_heads__equal_centered_logits,fixed_three_descriptor_consensus,10.0,True,0.0021043441374634583,0.0012463998819625104,0.9956429010598742,0.0006619832137870997,0.00034437170691259725
img_0817f6b51ac0baac,nested_outer_oof_adaptive_base_fixed_consensus_v5,dataset_dev/03_bubnivka_ceramics/b010.jpg,03_bubnivka_ceramics,03_bubnivka_ceramics,True,0.9588994795246153,03_bubnivka_ceramics,01_opishnyan_ceramics,02_ornek,4,validation,srcgrp_6d5d4ba8acb3dedc,src_global_bub_vognik_watermark,unreviewed,unreviewed,global_cls__c10__source0p5,fixed_base_plus_three_motif_heads__equal_centered_logits,fixed_three_descriptor_consensus,10.0,True,0.035744183265951725,0.0032514401152950114,0.9588994795246153,0.0002779033223315893,0.0018269937718063617
img_8ef0412adc70c34a,nested_outer_oof_adaptive_base_fixed_consensus_v5,dataset_dev/03_bubnivka_ceramics/b013.jpg,03_bubnivka_ceramics,03_bubnivka_ceramics,True,0.9400907661446374,03_bubnivka_ceramics,01_opishnyan_ceramics,02_ornek,4,validation,srcgrp_6d5d4ba8acb3dedc,src_global_bub_vognik_watermark,unreviewed,unreviewed,global_cls__c10__source0p5,fixed_base_plus_three_motif_heads__equal_centered_logits,fixed_three_descriptor_consensus,10.0,True,0.04905637728003262,0.0090938005645202,0.9400907661446374,0.00041322835146505034,0.0013458276593446975
img_a658230d4ec711ef,nested_outer_oof_adaptive_base_fixed_consensus_v5,dataset_dev/03_bubnivka_ceramics/b022.jpg,03_bubnivka_ceramics,03_bubnivka_ceramics,True,0.9874475909804279,03_bubnivka_ceramics,01_opishnyan_ceramics,02_ornek,4,validation,srcgrp_6d5d4ba8acb3dedc,src_global_bub_vognik_watermark,unreviewed,unreviewed,global_cls__c10__source0p5,fixed_base_plus_three_motif_heads__equal_centered_logits,fixed_three_descriptor_consensus,10.0,True,0.010546816241935366,0.0008498465639506653,0.9874475909804279,0.0005978107976965653,0.0005579354159893594
img_f43c46bb808bc89c,nested_outer_oof_adaptive_base_fixed_consensus_v5,dataset_dev/03_bubnivka_ceramics/b023.jpg,03_bubnivka_ceramics,03_bubnivka_ceramics,True,0.9802115824697395,03_bubnivka_ceramics,01_opishnyan_ceramics,05_kosiv_ceramics,4,validation,srcgrp_6d5d4ba8acb3dedc,src_global_bub_vognik_watermark,unreviewed,unreviewed,global_cls__c10__source0p5,fixed_base_plus_three_motif_heads__equal_centered_logits,fixed_three_descriptor_consensus,10.0,True,0.01592081475842804,0.0014058672041397141,0.9802115824697395,0.00044394686203005245,0.002017788705662717
img_536449dae8586727,nested_outer_oof_adaptive_base_fixed_consensus_v5,dataset_dev/03_bubnivka_ceramics/b024.jpg,03_bubnivka_ceramics,03_bubnivka_ceramics,True,0.9979845683721875,03_bubnivka_ceramics,05_kosiv_ceramics,02_ornek,4,validation,srcgrp_6d5d4ba8acb3dedc,src_global_bub_vognik_watermark,unreviewed,unreviewed,global_cls__c10__source0p5,fixed_base_plus_three_motif_heads__equal_centered_logits,fixed_three_descriptor_consensus,10.0,True,0.00027764912043079157,0.000285970617652697,0.9979845683721875,2.54399090759788e-05,0.0014263719806531477
img_f6bb97809832ae4f,nested_outer_oof_adaptive_base_fixed_consensus_v5,dataset_dev/03_bubnivka_ceramics/b025.jpg,03_bubnivka_ceramics,03_bubnivka_ceramics,True,0.6283868944822534,03_bubnivka_ceramics,02_ornek,01_opishnyan_ceramics,4,validation,srcgrp_6d5d4ba8acb3dedc,src_global_bub_vognik_watermark,unreviewed,unreviewed,global_cls__c10__source0p5,fixed_base_plus_three_motif_heads__equal_centered_logits,fixed_three_descriptor_consensus,10.0,True,0.08120907870912356,0.25864706270008536,0.6283868944822534,0.0111499121457318,0.020607051962805965
img_3af12bcb802b49b8,nested_outer_oof_adaptive_base_fixed_consensus_v5,dataset_dev/03_bubnivka_ceramics/b026.jpg,03_bubnivka_ceramics,03_bubnivka_ceramics,True,0.7421533892716515,03_bubnivka_ceramics,01_opishnyan_ceramics,05_kosiv_ceramics,4,validation,srcgrp_6d5d4ba8acb3dedc,src_global_bub_vognik_watermark,unreviewed,unreviewed,global_cls__c10__source0p5,fixed_base_plus_three_motif_heads__equal_centered_logits,fixed_three_descriptor_consensus,10.0,True,0.17376578868358927,0.02194574020668326,0.7421533892716515,0.018458085565752094,0.04367699627232395
img_716f27243d812fcd,nested_outer_oof_adaptive_base_fixed_consensus_v5,dataset_dev/03_bubnivka_ceramics/b027.jpg,03_bubnivka_ceramics,03_bubnivka_ceramics,True,0.9148064051840173,03_bubnivka_ceramics,01_opishnyan_ceramics,05_kosiv_ceramics,4,validation,srcgrp_6d5d4ba8acb3dedc,src_global_bub_vognik_watermark,unreviewed,unreviewed,global_cls__c10__source0p5,fixed_base_plus_three_motif_heads__equal_centered_logits,fixed_three_descriptor_consensus,10.0,True,0.0808705733624214,0.0005103400129657052,0.9148064051840173,0.0015573627203649128,0.002255318720230526
img_b5f2fb2ff3e6d063,nested_outer_oof_adaptive_base_fixed_consensus_v5,dataset_dev/03_bubnivka_ceramics/b029.jpg,03_bubnivka_ceramics,03_bubnivka_ceramics,True,0.9931609218787865,03_bubnivka_ceramics,05_kosiv_ceramics,01_opishnyan_ceramics,4,validation,srcgrp_6d5d4ba8acb3dedc,src_global_bub_vognik_watermark,unreviewed,unreviewed,global_cls__c10__source0p5,fixed_base_plus_three_motif_heads__equal_centered_logits,fixed_three_descriptor_consensus,10.0,True,0.002383882027337967,0.0014843249342766484,0.9931609218787865,0.0005836897049511394,0.002387181454647896
img_47b6dff8eacd5864,nested_outer_oof_adaptive_base_fixed_consensus_v5,dataset_dev/03_bubnivka_ceramics/b031.jpg,03_bubnivka_ceramics,03_bubnivka_ceramics,True,0.9844982037777102,03_bubnivka_ceramics,01_opishnyan_ceramics,05_kosiv_ceramics,4,validation,srcgrp_6d5d4ba8acb3dedc,src_global_bub_vognik_watermark,unreviewed,unreviewed,global_cls__c10__source0p5,fixed_base_plus_three_motif_heads__equal_centered_logits,fixed_three_descriptor_consensus,10.0,True,0.0139788458291523,2.61971478044831e-05,0.9844982037777102,0.00031428023422475467,0.0011824730111082797
img_d2d8dd5d55963553,nested_outer_oof_adaptive_base_fixed_consensus_v5,dataset_dev/03_bubnivka_ceramics/b032.jpg,03_bubnivka_ceramics,03_bubnivka_ceramics,True,0.9588573947345459,03_bubnivka_ceramics,02_ornek,01_opishnyan_ceramics,4,validation,srcgrp_6d5d4ba8acb3dedc,src_global_bub_vognik_watermark,unreviewed,unreviewed,global_cls__c10__source0p5,fixed_base_plus_three_motif_heads__equal_centered_logits,fixed_three_descriptor_consensus,10.0,True,0.004405454381214984,0.031716553146089364,0.9588573947345459,0.002390914575910244,0.002629683162239661
img_1cf71c5d04494d61,nested_outer_oof_adaptive_base_fixed_consensus_v5,dataset_dev/03_bubnivka_ceramics/b034.jpg,03_bubnivka_ceramics,03_bubnivka_ceramics,True,0.8631999009428185,03_bubnivka_ceramics,01_opishnyan_ceramics,05_kosiv_ceramics,4,validation,srcgrp_6d5d4ba8acb3dedc,src_global_bub_vognik_watermark,unreviewed,unreviewed,global_cls__c10__source0p5,fixed_base_plus_three_motif_heads__equal_centered_logits,fixed_three_descriptor_consensus,10.0,True,0.09347486689053415,0.014247300258705482,0.8631999009428185,0.0007531195972861399,0.028324812310655485
img_17740cbfd2fa8d53,nested_outer_oof_adaptive_base_fixed_consensus_v5,dataset_dev/03_bubnivka_ceramics/b035.jpg,03_bubnivka_ceramics,03_bubnivka_ceramics,True,0.9819746953310031,03_bubnivka_ceramics,01_opishnyan_ceramics,05_kosiv_ceramics,4,validation,srcgrp_6d5d4ba8acb3dedc,src_global_bub_vognik_watermark,unreviewed,unreviewed,global_cls__c10__source0p5,fixed_base_plus_three_motif_heads__equal_centered_logits,fixed_three_descriptor_consensus,10.0,True,0.016642619487487558,5.469259219179076e-05,0.9819746953310031,0.0001437383359755524,0.0011842542533417374
img_05b75ad7646d23e8,nested_outer_oof_adaptive_base_fixed_consensus_v5,dataset_dev/03_bubnivka_ceramics/b036.jpg,03_bubnivka_ceramics,01_opishnyan_ceramics,False,0.6246280825888417,01_opishnyan_ceramics,03_bubnivka_ceramics,05_kosiv_ceramics,0,train,obj_single_05b75ad7646d23e8,,unreviewed,unreviewed,three_view_cls_logit_ensemble__c100__source0p5,fixed_base_plus_three_motif_heads__equal_centered_logits,fixed_three_descriptor_consensus,10.0,True,0.6246280825888417,0.0005216481729180729,0.3543428142472191,0.0037156222886235925,0.016791832702397425
img_daf9125500369102,nested_outer_oof_adaptive_base_fixed_consensus_v5,dataset_dev/03_bubnivka_ceramics/b038.jpg,03_bubnivka_ceramics,03_bubnivka_ceramics,True,0.8160568731697809,03_bubnivka_ceramics,01_opishnyan_ceramics,05_kosiv_ceramics,0,train,obj_single_daf9125500369102,,unreviewed,unreviewed,three_view_cls_logit_ensemble__c100__source0p5,fixed_base_plus_three_motif_heads__equal_centered_logits,fixed_three_descriptor_consensus,10.0,True,0.18329390985393595,0.00018188279056616165,0.8160568731697809,0.0001819792341358875,0.0002853549515810146
img_da2860ed7b0f6223,nested_outer_oof_adaptive_base_fixed_consensus_v5,dataset_dev/03_bubnivka_ceramics/b039.jpg,03_bubnivka_ceramics,03_bubnivka_ceramics,True,0.9994378677564427,03_bubnivka_ceramics,02_ornek,04_petrykivka_painting,3,train,obj_single_da2860ed7b0f6223,,unreviewed,unreviewed,three_view_cls_logit_ensemble__c100__source0p5,fixed_base_plus_three_motif_heads__equal_centered_logits,fixed_three_descriptor_consensus,10.0,True,5.185887642286981e-05,0.0003066952690326918,0.9994378677564427,0.00011449472145530232,8.90833766464597e-05
img_3595dc0cc3727651,nested_outer_oof_adaptive_base_fixed_consensus_v5,dataset_dev/03_bubnivka_ceramics/b040.jpg,03_bubnivka_ceramics,03_bubnivka_ceramics,True,0.6756371917756483,03_bubnivka_ceramics,01_opishnyan_ceramics,02_ornek,0,train,obj_single_3595dc0cc3727651,,unreviewed,unreviewed,three_view_cls_logit_ensemble__c100__source0p5,fixed_base_plus_three_motif_heads__equal_centered_logits,fixed_three_descriptor_consensus,10.0,True,0.30617125218715463,0.010829204503658698,0.6756371917756483,0.0017243522965909165,0.005637999236947386
img_d768dc3dbbe471f6,nested_outer_oof_adaptive_base_fixed_consensus_v5,dataset_dev/03_bubnivka_ceramics/b041.jpg,03_bubnivka_ceramics,03_bubnivka_ceramics,True,0.9167312735809625,03_bubnivka_ceramics,01_opishnyan_ceramics,05_kosiv_ceramics,1,train,obj_single_d768dc3dbbe471f6,,unreviewed,unreviewed,global_cls__c10__source0p5,fixed_base_plus_three_motif_heads__equal_centered_logits,fixed_three_descriptor_consensus,10.0,True,0.0618378807216027,4.480270443563465e-05,0.9167312735809625,9.409430225674654e-05,0.02129194869074251
img_42007b9042a81eef,nested_outer_oof_adaptive_base_fixed_consensus_v5,dataset_dev/03_bubnivka_ceramics/b044.jpg,03_bubnivka_ceramics,03_bubnivka_ceramics,True,0.9869125936861954,03_bubnivka_ceramics,01_opishnyan_ceramics,02_ornek,0,train,obj_single_42007b9042a81eef,,unreviewed,unreviewed,three_view_cls_logit_ensemble__c100__source0p5,fixed_base_plus_three_motif_heads__equal_centered_logits,fixed_three_descriptor_consensus,10.0,True,0.010261979358046255,0.0025105944177660627,0.9869125936861954,0.00011494611767910011,0.00019988642031322653
img_c8172c1bbbb62485,nested_outer_oof_adaptive_base_fixed_consensus_v5,dataset_dev/03_bubnivka_ceramics/b045.jpg,03_bubnivka_ceramics,03_bubnivka_ceramics,True,0.9321602422621608,03_bubnivka_ceramics,01_opishnyan_ceramics,02_ornek,0,train,obj_single_c8172c1bbbb62485,,unreviewed,unreviewed,three_view_cls_logit_ensemble__c100__source0p5,fixed_base_plus_three_motif_heads__equal_centered_logits,fixed_three_descriptor_consensus,10.0,True,0.04708867549912357,0.010809929591927635,0.9321602422621608,0.0008282027899609137,0.009112949856827165
img_741f0ccc0e34fe45,nested_outer_oof_adaptive_base_fixed_consensus_v5,dataset_dev/03_bubnivka_ceramics/b046.jpg,03_bubnivka_ceramics,03_bubnivka_ceramics,True,0.9917842992534482,03_bubnivka_ceramics,01_opishnyan_ceramics,05_kosiv_ceramics,0,train,obj_single_741f0ccc0e34fe45,,unreviewed,unreviewed,three_view_cls_logit_ensemble__c100__source0p5,fixed_base_plus_three_motif_heads__equal_centered_logits,fixed_three_descriptor_consensus,10.0,True,0.006953746934691695,8.938647783116542e-05,0.9917842992534482,1.0982259393049452e-05,0.001161585074635905
img_f0cdaa76d69f76ea,nested_outer_oof_adaptive_base_fixed_consensus_v5,dataset_dev/03_bubnivka_ceramics/b047.jpg,03_bubnivka_ceramics,03_bubnivka_ceramics,True,0.9708739548224495,03_bubnivka_ceramics,05_kosiv_ceramics,01_opishnyan_ceramics,2,train,obj_single_f0cdaa76d69f76ea,,unreviewed,unreviewed,three_view_cls_logit_ensemble__c100__source0p5,fixed_base_plus_three_motif_heads__equal_centered_logits,fixed_three_descriptor_consensus,10.0,True,0.00829338304582492,0.0013646688239553413,0.9708739548224495,9.855898893882574e-05,0.019369434318831463
img_ed22db6f51f153a1,nested_outer_oof_adaptive_base_fixed_consensus_v5,dataset_dev/03_bubnivka_ceramics/b049.jpg,03_bubnivka_ceramics,03_bubnivka_ceramics,True,0.5766111733321775,03_bubnivka_ceramics,01_opishnyan_ceramics,02_ornek,0,train,obj_single_ed22db6f51f153a1,,unreviewed,unreviewed,three_view_cls_logit_ensemble__c100__source0p5,fixed_base_plus_three_motif_heads__equal_centered_logits,fixed_three_descriptor_consensus,10.0,True,0.41232370569897875,0.009846217586784193,0.5766111733321775,0.000163587791156552,0.0010553155909031498
img_43bd35c16f32c303,nested_outer_oof_adaptive_base_fixed_consensus_v5,dataset_dev/03_bubnivka_ceramics/b051.jpg,03_bubnivka_ceramics,03_bubnivka_ceramics,True,0.9992897652882518,03_bubnivka_ceramics,05_kosiv_ceramics,02_ornek,2,train,obj_single_43bd35c16f32c303,,unreviewed,unreviewed,three_view_cls_logit_ensemble__c100__source0p5,fixed_base_plus_three_motif_heads__equal_centered_logits,fixed_three_descriptor_consensus,10.0,True,4.0904886838677486e-05,9.737674514316787e-05,0.9992897652882518,5.8901696123626574e-05,0.0005130513836427845
img_2539da6b791142f4,nested_outer_oof_adaptive_base_fixed_consensus_v5,dataset_dev/03_bubnivka_ceramics/b052.jpg,03_bubnivka_ceramics,03_bubnivka_ceramics,True,0.9996820363254175,03_bubnivka_ceramics,01_opishnyan_ceramics,02_ornek,2,train,obj_single_2539da6b791142f4,,unreviewed,unreviewed,three_view_cls_logit_ensemble__c100__source0p5,fixed_base_plus_three_motif_heads__equal_centered_logits,fixed_three_descriptor_consensus,10.0,True,0.00017214482813057916,0.00011062702307052045,0.9996820363254175,1.9205821908002622e-05,1.5986001473554086e-05
img_45033e7326787990,nested_outer_oof_adaptive_base_fixed_consensus_v5,dataset_dev/03_bubnivka_ceramics/b053.jpg,03_bubnivka_ceramics,03_bubnivka_ceramics,True,0.9068238549252978,03_bubnivka_ceramics,02_ornek,01_opishnyan_ceramics,4,train,obj_single_45033e7326787990,,unreviewed,unreviewed,global_cls__c10__source0p5,fixed_base_plus_three_motif_heads__equal_centered_logits,fixed_three_descriptor_consensus,10.0,True,0.03542343331123696,0.05036432245645438,0.9068238549252978,0.0022422367044484717,0.005146152602562543
img_ee6c498d25b23be3,nested_outer_oof_adaptive_base_fixed_consensus_v5,dataset_dev/03_bubnivka_ceramics/b054.jpg,03_bubnivka_ceramics,03_bubnivka_ceramics,True,0.9987670962696664,03_bubnivka_ceramics,02_ornek,01_opishnyan_ceramics,1,train,obj_single_ee6c498d25b23be3,,unreviewed,unreviewed,global_cls__c10__source0p5,fixed_base_plus_three_motif_heads__equal_centered_logits,fixed_three_descriptor_consensus,10.0,True,0.0002871251076169056,0.0006682586696555762,0.9987670962696664,7.076790979710283e-05,0.00020675204326389286
img_95ef2358ac188ab2,nested_outer_oof_adaptive_base_fixed_consensus_v5,dataset_dev/03_bubnivka_ceramics/b056.jpg,03_bubnivka_ceramics,03_bubnivka_ceramics,True,0.7674366451210581,03_bubnivka_ceramics,01_opishnyan_ceramics,02_ornek,0,train,obj_single_95ef2358ac188ab2,,unreviewed,unreviewed,three_view_cls_logit_ensemble__c100__source0p5,fixed_base_plus_three_motif_heads__equal_centered_logits,fixed_three_descriptor_consensus,10.0,True,0.2129201157913626,0.011288563926631669,0.7674366451210581,0.007766500886961532,0.0005881742739860591
img_f1f9bbbad2041116,nested_outer_oof_adaptive_base_fixed_consensus_v5,dataset_dev/03_bubnivka_ceramics/b057.jpg,03_bubnivka_ceramics,03_bubnivka_ceramics,True,0.9614835780872492,03_bubnivka_ceramics,05_kosiv_ceramics,01_opishnyan_ceramics,2,train,obj_single_f1f9bbbad2041116,,unreviewed,unreviewed,three_view_cls_logit_ensemble__c100__source0p5,fixed_base_plus_three_motif_heads__equal_centered_logits,fixed_three_descriptor_consensus,10.0,True,0.00913512796772364,0.004628747094770298,0.9614835780872492,0.0008332781649048556,0.023919268685352046
img_f218eb79dff41879,nested_outer_oof_adaptive_base_fixed_consensus_v5,dataset_dev/03_bubnivka_ceramics/b058.jpg,03_bubnivka_ceramics,03_bubnivka_ceramics,True,0.9986617122450744,03_bubnivka_ceramics,05_kosiv_ceramics,01_opishnyan_ceramics,1,train,obj_single_f218eb79dff41879,,unreviewed,unreviewed,global_cls__c10__source0p5,fixed_base_plus_three_motif_heads__equal_centered_logits,fixed_three_descriptor_consensus,10.0,True,0.0002633073302641328,9.530606499431021e-05,0.9986617122450744,0.00023369806648811087,0.0007459762931789331
img_ba4affc4e86593c1,nested_outer_oof_adaptive_base_fixed_consensus_v5,dataset_dev/03_bubnivka_ceramics/b059.jpg,03_bubnivka_ceramics,03_bubnivka_ceramics,True,0.9985292728553666,03_bubnivka_ceramics,05_kosiv_ceramics,02_ornek,1,train,obj_single_ba4affc4e86593c1,,unreviewed,unreviewed,global_cls__c10__source0p5,fixed_base_plus_three_motif_heads__equal_centered_logits,fixed_three_descriptor_consensus,10.0,True,0.00021726950547888864,0.0004317269965101964,0.9985292728553666,0.00018096058859280438,0.0006407700540514474
img_65a11280b0f13ed2,nested_outer_oof_adaptive_base_fixed_consensus_v5,dataset_dev/03_bubnivka_ceramics/b060.jpg,03_bubnivka_ceramics,03_bubnivka_ceramics,True,0.9887991777526667,03_bubnivka_ceramics,01_opishnyan_ceramics,02_ornek,0,train,obj_single_65a11280b0f13ed2,,unreviewed,unreviewed,three_view_cls_logit_ensemble__c100__source0p5,fixed_base_plus_three_motif_heads__equal_centered_logits,fixed_three_descriptor_consensus,10.0,True,0.005707225172171404,0.002911391444215076,0.9887991777526667,0.0005089485435306284,0.0020732570874161427
img_16159f7b0c2839cc,nested_outer_oof_adaptive_base_fixed_consensus_v5,dataset_dev/03_bubnivka_ceramics/b061(=054).jpg,03_bubnivka_ceramics,03_bubnivka_ceramics,True,0.9910617694748041,03_bubnivka_ceramics,02_ornek,01_opishnyan_ceramics,0,train,obj_single_16159f7b0c2839cc,,unreviewed,unreviewed,three_view_cls_logit_ensemble__c100__source0p5,fixed_base_plus_three_motif_heads__equal_centered_logits,fixed_three_descriptor_consensus,10.0,True,0.0031577744126582486,0.004548885089476688,0.9910617694748041,0.0005860013880222856,0.0006455696350386357
img_069a90d4ee626244,nested_outer_oof_adaptive_base_fixed_consensus_v5,dataset_dev/03_bubnivka_ceramics/b062.jpg,03_bubnivka_ceramics,03_bubnivka_ceramics,True,0.9487466503431234,03_bubnivka_ceramics,01_opishnyan_ceramics,02_ornek,1,train,obj_single_069a90d4ee626244,,unreviewed,unreviewed,global_cls__c10__source0p5,fixed_base_plus_three_motif_heads__equal_centered_logits,fixed_three_descriptor_consensus,10.0,True,0.03963560952917135,0.006664272503186709,0.9487466503431234,0.003262331210501086,0.0016911364140173594
img_1e5e57195a9d768c,nested_outer_oof_adaptive_base_fixed_consensus_v5,dataset_dev/03_bubnivka_ceramics/b063.jpg,03_bubnivka_ceramics,03_bubnivka_ceramics,True,0.9984574442311135,03_bubnivka_ceramics,02_ornek,05_kosiv_ceramics,0,train,obj_single_1e5e57195a9d768c,,unreviewed,unreviewed,three_view_cls_logit_ensemble__c100__source0p5,fixed_base_plus_three_motif_heads__equal_centered_logits,fixed_three_descriptor_consensus,10.0,True,0.00027592957497549084,0.0009305242466276932,0.9984574442311135,4.8912230344077236e-05,0.000287189716939112
img_7f731ddca4cec0c6,nested_outer_oof_adaptive_base_fixed_consensus_v5,dataset_dev/03_bubnivka_ceramics/b065.jpg,03_bubnivka_ceramics,03_bubnivka_ceramics,True,0.7496009024021196,03_bubnivka_ceramics,05_kosiv_ceramics,02_ornek,0,train,obj_single_7f731ddca4cec0c6,,unreviewed,unreviewed,three_view_cls_logit_ensemble__c100__source0p5,fixed_base_plus_three_motif_heads__equal_centered_logits,fixed_three_descriptor_consensus,10.0,True,0.0037953364555854056,0.01999964575617434,0.7496009024021196,0.006035592647759478,0.22056852273836097
img_1487a58066643b85,nested_outer_oof_adaptive_base_fixed_consensus_v5,dataset_dev/03_bubnivka_ceramics/b066.jpg,03_bubnivka_ceramics,03_bubnivka_ceramics,True,0.8016311403808962,03_bubnivka_ceramics,01_opishnyan_ceramics,05_kosiv_ceramics,0,train,obj_single_1487a58066643b85,,unreviewed,unreviewed,three_view_cls_logit_ensemble__c100__source0p5,fixed_base_plus_three_motif_heads__equal_centered_logits,fixed_three_descriptor_consensus,10.0,True,0.1618607224489507,0.0014918245531653975,0.8016311403808962,0.002818031451810893,0.0321982811651767
img_2945d9fc487159c2,nested_outer_oof_adaptive_base_fixed_consensus_v5,dataset_dev/03_bubnivka_ceramics/b067.jpg,03_bubnivka_ceramics,03_bubnivka_ceramics,True,0.501447967791118,03_bubnivka_ceramics,05_kosiv_ceramics,02_ornek,0,train,obj_single_2945d9fc487159c2,,unreviewed,unreviewed,three_view_cls_logit_ensemble__c100__source0p5,fixed_base_plus_three_motif_heads__equal_centered_logits,fixed_three_descriptor_consensus,10.0,True,0.0726550444392875,0.14222272467337002,0.501447967791118,0.024389936784881473,0.259284326311343
img_d5d574bcc8d9dc0d,nested_outer_oof_adaptive_base_fixed_consensus_v5,dataset_dev/03_bubnivka_ceramics/b068.jpg,03_bubnivka_ceramics,03_bubnivka_ceramics,True,0.9162702486391887,03_bubnivka_ceramics,02_ornek,01_opishnyan_ceramics,0,train,obj_single_d5d574bcc8d9dc0d,,unreviewed,unreviewed,three_view_cls_logit_ensemble__c100__source0p5,fixed_base_plus_three_motif_heads__equal_centered_logits,fixed_three_descriptor_consensus,10.0,True,0.02982267647351979,0.03389337085679338,0.9162702486391887,0.0010413411692388355,0.018972362861259327
img_7fb6eccab3eedfb6,nested_outer_oof_adaptive_base_fixed_consensus_v5,dataset_dev/03_bubnivka_ceramics/b074.jpg,03_bubnivka_ceramics,01_opishnyan_ceramics,False,0.7220704974601283,01_opishnyan_ceramics,03_bubnivka_ceramics,04_petrykivka_painting,2,train,obj_single_7fb6eccab3eedfb6,,unreviewed,unreviewed,three_view_cls_logit_ensemble__c100__source0p5,fixed_base_plus_three_motif_heads__equal_centered_logits,fixed_three_descriptor_consensus,10.0,True,0.7220704974601283,0.00056775614034292,0.26804410575963145,0.005176847078972529,0.004140793560924823
img_ecf260246b630663,nested_outer_oof_adaptive_base_fixed_consensus_v5,dataset_dev/03_bubnivka_ceramics/b075.jpg,03_bubnivka_ceramics,01_opishnyan_ceramics,False,0.8998745275466382,01_opishnyan_ceramics,03_bubnivka_ceramics,05_kosiv_ceramics,2,train,obj_single_ecf260246b630663,,unreviewed,unreviewed,three_view_cls_logit_ensemble__c100__source0p5,fixed_base_plus_three_motif_heads__equal_centered_logits,fixed_three_descriptor_consensus,10.0,True,0.8998745275466382,0.010101948656273856,0.04316920845681673,0.004479878839661945,0.04237443650060935
img_7753c06072d61785,nested_outer_oof_adaptive_base_fixed_consensus_v5,dataset_dev/03_bubnivka_ceramics/b076.jpg,03_bubnivka_ceramics,03_bubnivka_ceramics,True,0.9630727678306455,03_bubnivka_ceramics,01_opishnyan_ceramics,02_ornek,1,train,obj_single_7753c06072d61785,,unreviewed,unreviewed,global_cls__c10__source0p5,fixed_base_plus_three_motif_heads__equal_centered_logits,fixed_three_descriptor_consensus,10.0,True,0.025403464996073967,0.005760115627027921,0.9630727678306455,0.0005405858819983871,0.005223065664254138
img_ebb0c2ccb7796103,nested_outer_oof_adaptive_base_fixed_consensus_v5,dataset_dev/03_bubnivka_ceramics/b081.jpg,03_bubnivka_ceramics,03_bubnivka_ceramics,True,0.9986903291143409,03_bubnivka_ceramics,04_petrykivka_painting,01_opishnyan_ceramics,0,train,obj_single_ebb0c2ccb7796103,,unreviewed,unreviewed,three_view_cls_logit_ensemble__c100__source0p5,fixed_base_plus_three_motif_heads__equal_centered_logits,fixed_three_descriptor_consensus,10.0,True,0.00031421405007711124,0.00011327772045860272,0.9986903291143409,0.0007568495700835523,0.00012532954503987934
img_afac8a835b27496b,nested_outer_oof_adaptive_base_fixed_consensus_v5,dataset_dev/03_bubnivka_ceramics/b082.jpg,03_bubnivka_ceramics,03_bubnivka_ceramics,True,0.9950820636044708,03_bubnivka_ceramics,01_opishnyan_ceramics,02_ornek,2,train,obj_single_afac8a835b27496b,,unreviewed,unreviewed,three_view_cls_logit_ensemble__c100__source0p5,fixed_base_plus_three_motif_heads__equal_centered_logits,fixed_three_descriptor_consensus,10.0,True,0.0033960739381856835,0.0006779239937701376,0.9950820636044708,0.0003588680596763862,0.0004850704038971353
img_2e94d54e2284b54d,nested_outer_oof_adaptive_base_fixed_consensus_v5,dataset_dev/03_bubnivka_ceramics/b084.jpg,03_bubnivka_ceramics,03_bubnivka_ceramics,True,0.9608108668133944,03_bubnivka_ceramics,02_ornek,01_opishnyan_ceramics,1,train,srcgrp_02dcb43a6e59f452,src_global_bub_fair_vendor_a,unreviewed,unreviewed,global_cls__c10__source0p5,fixed_base_plus_three_motif_heads__equal_centered_logits,fixed_three_descriptor_consensus,10.0,True,0.009185717837703623,0.028002012125782908,0.9608108668133944,0.0015731895537339415,0.00042821366938513135
img_331b7f802dbc25f3,nested_outer_oof_adaptive_base_fixed_consensus_v5,dataset_dev/03_bubnivka_ceramics/b086.jpg,03_bubnivka_ceramics,03_bubnivka_ceramics,True,0.9305041364583717,03_bubnivka_ceramics,02_ornek,04_petrykivka_painting,1,train,srcgrp_02dcb43a6e59f452,src_global_bub_fair_vendor_a,unreviewed,unreviewed,global_cls__c10__source0p5,fixed_base_plus_three_motif_heads__equal_centered_logits,fixed_three_descriptor_consensus,10.0,True,0.00562244177096101,0.04106024249737103,0.9305041364583717,0.021303245553468235,0.0015099337198281537
img_a8f1b10f599425ff,nested_outer_oof_adaptive_base_fixed_consensus_v5,dataset_dev/03_bubnivka_ceramics/b088.jpg,03_bubnivka_ceramics,03_bubnivka_ceramics,True,0.8766808621569071,03_bubnivka_ceramics,05_kosiv_ceramics,01_opishnyan_ceramics,1,train,srcgrp_02dcb43a6e59f452,src_global_bub_fair_vendor_a,unreviewed,unreviewed,global_cls__c10__source0p5,fixed_base_plus_three_motif_heads__equal_centered_logits,fixed_three_descriptor_consensus,10.0,True,0.026366052816313393,0.005162888153197225,0.8766808621569071,0.0008176374906279976,0.0909725593829544
img_31a22cf98af2fa6a,nested_outer_oof_adaptive_base_fixed_consensus_v5,dataset_dev/03_bubnivka_ceramics/b089.jpg,03_bubnivka_ceramics,03_bubnivka_ceramics,True,0.9966744283431036,03_bubnivka_ceramics,01_opishnyan_ceramics,05_kosiv_ceramics,1,train,srcgrp_02dcb43a6e59f452,src_global_bub_fair_vendor_a,unreviewed,unreviewed,global_cls__c10__source0p5,fixed_base_plus_three_motif_heads__equal_centered_logits,fixed_three_descriptor_consensus,10.0,True,0.001647803458791718,0.000638766462094754,0.9966744283431036,0.0001381209908077141,0.0009008807452019748
img_5c22fb3bee8f2de6,nested_outer_oof_adaptive_base_fixed_consensus_v5,dataset_dev/03_bubnivka_ceramics/b090.jpg,03_bubnivka_ceramics,03_bubnivka_ceramics,True,0.9917196870187822,03_bubnivka_ceramics,02_ornek,05_kosiv_ceramics,1,train,srcgrp_02dcb43a6e59f452,src_global_bub_fair_vendor_a,unreviewed,unreviewed,global_cls__c10__source0p5,fixed_base_plus_three_motif_heads__equal_centered_logits,fixed_three_descriptor_consensus,10.0,True,0.002304215351875974,0.003229522553677712,0.9917196870187822,0.00023229328149089587,0.0025142817941731306
img_72d816de4a7b41f1,nested_outer_oof_adaptive_base_fixed_consensus_v5,dataset_dev/03_bubnivka_ceramics/b091.jpg,03_bubnivka_ceramics,03_bubnivka_ceramics,True,0.9902619226418088,03_bubnivka_ceramics,04_petrykivka_painting,01_opishnyan_ceramics,1,train,srcgrp_02dcb43a6e59f452,src_global_bub_fair_vendor_a,unreviewed,unreviewed,global_cls__c10__source0p5,fixed_base_plus_three_motif_heads__equal_centered_logits,fixed_three_descriptor_consensus,10.0,True,0.0025986276883406224,0.0007237087107892314,0.9902619226418088,0.004057508578368254,0.002358232380692897
img_0caeb02ddec9bc03,nested_outer_oof_adaptive_base_fixed_consensus_v5,dataset_dev/03_bubnivka_ceramics/b092.jpg,03_bubnivka_ceramics,03_bubnivka_ceramics,True,0.9943494752628517,03_bubnivka_ceramics,01_opishnyan_ceramics,04_petrykivka_painting,1,train,srcgrp_02dcb43a6e59f452,src_global_bub_fair_vendor_a,unreviewed,unreviewed,global_cls__c10__source0p5,fixed_base_plus_three_motif_heads__equal_centered_logits,fixed_three_descriptor_consensus,10.0,True,0.002282071526187908,0.000799184366252817,0.9943494752628517,0.001433722859158718,0.0011355459855488218
img_b5f811837e2aca9c,nested_outer_oof_adaptive_base_fixed_consensus_v5,dataset_dev/03_bubnivka_ceramics/b095.jpg,03_bubnivka_ceramics,03_bubnivka_ceramics,True,0.9963792622919883,03_bubnivka_ceramics,01_opishnyan_ceramics,04_petrykivka_painting,1,train,srcgrp_02dcb43a6e59f452,src_global_bub_fair_vendor_a,unreviewed,unreviewed,global_cls__c10__source0p5,fixed_base_plus_three_motif_heads__equal_centered_logits,fixed_three_descriptor_consensus,10.0,True,0.0026601582008536698,0.00011518882136070885,0.9963792622919883,0.0004958413711479121,0.0003495493146495659
img_1a083fd5fe621820,nested_outer_oof_adaptive_base_fixed_consensus_v5,dataset_dev/03_bubnivka_ceramics/b097.jpg,03_bubnivka_ceramics,03_bubnivka_ceramics,True,0.9967325183230814,03_bubnivka_ceramics,05_kosiv_ceramics,01_opishnyan_ceramics,1,train,srcgrp_02dcb43a6e59f452,src_global_bub_fair_vendor_a,unreviewed,unreviewed,global_cls__c10__source0p5,fixed_base_plus_three_motif_heads__equal_centered_logits,fixed_three_descriptor_consensus,10.0,True,0.001304030812818715,8.377407275496835e-05,0.9967325183230814,0.0004544928938122719,0.0014251838975326836
img_371059ea5c7cfe59,nested_outer_oof_adaptive_base_fixed_consensus_v5,dataset_dev/03_bubnivka_ceramics/b098.jpg,03_bubnivka_ceramics,03_bubnivka_ceramics,True,0.9910975723550822,03_bubnivka_ceramics,01_opishnyan_ceramics,04_petrykivka_painting,1,train,srcgrp_02dcb43a6e59f452,src_global_bub_fair_vendor_a,unreviewed,unreviewed,global_cls__c10__source0p5,fixed_base_plus_three_motif_heads__equal_centered_logits,fixed_three_descriptor_consensus,10.0,True,0.005004805131890277,0.00013747557507742174,0.9910975723550822,0.002130648400337182,0.0016294985376128042
img_18413752a4ee3955,nested_outer_oof_adaptive_base_fixed_consensus_v5,dataset_dev/03_bubnivka_ceramics/b099.jpg,03_bubnivka_ceramics,03_bubnivka_ceramics,True,0.9968533247676726,03_bubnivka_ceramics,01_opishnyan_ceramics,04_petrykivka_painting,1,train,srcgrp_02dcb43a6e59f452,src_global_bub_fair_vendor_a,unreviewed,unreviewed,global_cls__c10__source0p5,fixed_base_plus_three_motif_heads__equal_centered_logits,fixed_three_descriptor_consensus,10.0,True,0.00232030513095005,8.979529284929638e-05,0.9968533247676726,0.0006128402518903798,0.00012373455663765585
img_f406f04f6a95961c,nested_outer_oof_adaptive_base_fixed_consensus_v5,dataset_dev/03_bubnivka_ceramics/b101.jpg,03_bubnivka_ceramics,03_bubnivka_ceramics,True,0.9918554212043564,03_bubnivka_ceramics,01_opishnyan_ceramics,05_kosiv_ceramics,1,train,srcgrp_02dcb43a6e59f452,src_global_bub_fair_vendor_a,unreviewed,unreviewed,global_cls__c10__source0p5,fixed_base_plus_three_motif_heads__equal_centered_logits,fixed_three_descriptor_consensus,10.0,True,0.0045243143242404684,6.954203816981401e-05,0.9918554212043564,0.00039855491681374213,0.0031521675164195447
img_9b6aabe685e12965,nested_outer_oof_adaptive_base_fixed_consensus_v5,dataset_dev/03_bubnivka_ceramics/b102.jpg,03_bubnivka_ceramics,03_bubnivka_ceramics,True,0.9923490384980101,03_bubnivka_ceramics,01_opishnyan_ceramics,05_kosiv_ceramics,1,train,srcgrp_02dcb43a6e59f452,src_global_bub_fair_vendor_a,unreviewed,unreviewed,global_cls__c10__source0p5,fixed_base_plus_three_motif_heads__equal_centered_logits,fixed_three_descriptor_consensus,10.0,True,0.007057129231954574,3.136896373419954e-05,0.9923490384980101,7.013288866780834e-05,0.0004923304176333522
img_5c1413721788d8b4,nested_outer_oof_adaptive_base_fixed_consensus_v5,dataset_dev/03_bubnivka_ceramics/b103.jpg,03_bubnivka_ceramics,03_bubnivka_ceramics,True,0.9933138297502264,03_bubnivka_ceramics,01_opishnyan_ceramics,05_kosiv_ceramics,1,train,srcgrp_02dcb43a6e59f452,src_global_bub_fair_vendor_a,unreviewed,unreviewed,global_cls__c10__source0p5,fixed_base_plus_three_motif_heads__equal_centered_logits,fixed_three_descriptor_consensus,10.0,True,0.004710760303614411,0.00041205242264842683,0.9933138297502264,0.0006294712182783815,0.0009338863052323057
img_9a1562ecc3d8d28c,nested_outer_oof_adaptive_base_fixed_consensus_v5,dataset_dev/03_bubnivka_ceramics/b105.jpg,03_bubnivka_ceramics,03_bubnivka_ceramics,True,0.996596594929831,03_bubnivka_ceramics,01_opishnyan_ceramics,04_petrykivka_painting,1,train,srcgrp_02dcb43a6e59f452,src_global_bub_fair_vendor_a,unreviewed,unreviewed,global_cls__c10__source0p5,fixed_base_plus_three_motif_heads__equal_centered_logits,fixed_three_descriptor_consensus,10.0,True,0.0016044745222818135,0.00016327413525883,0.996596594929831,0.0014330035184919152,0.00020265289413658652
img_60fbf5c6e880fe0a,nested_outer_oof_adaptive_base_fixed_consensus_v5,dataset_dev/03_bubnivka_ceramics/b106.jpg,03_bubnivka_ceramics,03_bubnivka_ceramics,True,0.9528718524495409,03_bubnivka_ceramics,01_opishnyan_ceramics,05_kosiv_ceramics,1,train,srcgrp_02dcb43a6e59f452,src_global_bub_fair_vendor_a,unreviewed,unreviewed,global_cls__c10__source0p5,fixed_base_plus_three_motif_heads__equal_centered_logits,fixed_three_descriptor_consensus,10.0,True,0.04352616316712957,0.0006700863446624561,0.9528718524495409,0.0004919081324061874,0.0024399899062610263
img_b4ccf1867a57adaa,nested_outer_oof_adaptive_base_fixed_consensus_v5,dataset_dev/03_bubnivka_ceramics/b109.jpg,03_bubnivka_ceramics,01_opishnyan_ceramics,False,0.39993923444921525,01_opishnyan_ceramics,02_ornek,03_bubnivka_ceramics,0,train,src_manual_072,,plate_or_bowl,clear,three_view_cls_logit_ensemble__c100__source0p5,fixed_base_plus_three_motif_heads__equal_centered_logits,fixed_three_descriptor_consensus,10.0,True,0.39993923444921525,0.3912941383277463,0.15378920913695238,0.0491795816673497,0.005797836418736476
img_4a584ba2ee926b0a,nested_outer_oof_adaptive_base_fixed_consensus_v5,dataset_dev/03_bubnivka_ceramics/b109_2.jpg,03_bubnivka_ceramics,03_bubnivka_ceramics,True,0.6638820603380294,03_bubnivka_ceramics,01_opishnyan_ceramics,02_ornek,0,train,src_manual_072,,plate_or_bowl,clear,three_view_cls_logit_ensemble__c100__source0p5,fixed_base_plus_three_motif_heads__equal_centered_logits,fixed_three_descriptor_consensus,10.0,True,0.161872394308888,0.14584730883716981,0.6638820603380294,0.024638527358686994,0.003759709157225939
img_514d9b1af98af92a,nested_outer_oof_adaptive_base_fixed_consensus_v5,dataset_dev/03_bubnivka_ceramics/b109_3.jpg,03_bubnivka_ceramics,03_bubnivka_ceramics,True,0.8623379430220705,03_bubnivka_ceramics,02_ornek,01_opishnyan_ceramics,0,train,src_manual_072,,plate_or_bowl,clear,three_view_cls_logit_ensemble__c100__source0p5,fixed_base_plus_three_motif_heads__equal_centered_logits,fixed_three_descriptor_consensus,10.0,True,0.04578448639204538,0.07792682840450814,0.8623379430220705,0.01247308371349672,0.0014776584678793704
img_5caa8825b2a31776,nested_outer_oof_adaptive_base_fixed_consensus_v5,dataset_dev/03_bubnivka_ceramics/b109_4.jpg,03_bubnivka_ceramics,01_opishnyan_ceramics,False,0.47623587390130173,01_opishnyan_ceramics,02_ornek,03_bubnivka_ceramics,0,train,src_manual_072,,plate_or_bowl,clear,three_view_cls_logit_ensemble__c100__source0p5,fixed_base_plus_three_motif_heads__equal_centered_logits,fixed_three_descriptor_consensus,10.0,True,0.47623587390130173,0.2644603610123262,0.21267157703337816,0.04253451615814436,0.004097671894849526
img_be871d409981e3b4,nested_outer_oof_adaptive_base_fixed_consensus_v5,dataset_dev/03_bubnivka_ceramics/b110.jpg,03_bubnivka_ceramics,03_bubnivka_ceramics,True,0.9961498212163589,03_bubnivka_ceramics,01_opishnyan_ceramics,02_ornek,4,train,srcgrp_c84a287f983aa7cd,src_global_bub_leaf_stump,unreviewed,unreviewed,global_cls__c10__source0p5,fixed_base_plus_three_motif_heads__equal_centered_logits,fixed_three_descriptor_consensus,10.0,True,0.0020705944400094926,0.0012629181478315946,0.9961498212163589,0.0002755461016912227,0.00024112009410880562
img_a87a6e46ab0893b2,nested_outer_oof_adaptive_base_fixed_consensus_v5,dataset_dev/03_bubnivka_ceramics/b111.jpg,03_bubnivka_ceramics,03_bubnivka_ceramics,True,0.9990403125316998,03_bubnivka_ceramics,01_opishnyan_ceramics,02_ornek,4,train,srcgrp_c84a287f983aa7cd,src_global_bub_leaf_stump,unreviewed,unreviewed,global_cls__c10__source0p5,fixed_base_plus_three_motif_heads__equal_centered_logits,fixed_three_descriptor_consensus,10.0,True,0.0007871322326348583,9.583204857250316e-05,0.9990403125316998,5.708311794986584e-05,1.9640069142917223e-05
img_e4cff5be4f5face7,nested_outer_oof_adaptive_base_fixed_consensus_v5,dataset_dev/03_bubnivka_ceramics/b112.jpg,03_bubnivka_ceramics,03_bubnivka_ceramics,True,0.9903267835849837,03_bubnivka_ceramics,01_opishnyan_ceramics,02_ornek,4,train,srcgrp_c84a287f983aa7cd,src_global_bub_leaf_stump,unreviewed,unreviewed,global_cls__c10__source0p5,fixed_base_plus_three_motif_heads__equal_centered_logits,fixed_three_descriptor_consensus,10.0,True,0.005193079497011981,0.0029235932459739304,0.9903267835849837,0.0007743971628967203,0.0007821465091336486
img_541bd47877da72c4,nested_outer_oof_adaptive_base_fixed_consensus_v5,dataset_dev/03_bubnivka_ceramics/b113.jpg,03_bubnivka_ceramics,03_bubnivka_ceramics,True,0.9972097318819236,03_bubnivka_ceramics,01_opishnyan_ceramics,02_ornek,4,train,srcgrp_c84a287f983aa7cd,src_global_bub_leaf_stump,unreviewed,unreviewed,global_cls__c10__source0p5,fixed_base_plus_three_motif_heads__equal_centered_logits,fixed_three_descriptor_consensus,10.0,True,0.0020109663262194923,0.0003969953596925356,0.9972097318819236,0.00014912989589440702,0.00023317653626975672
img_7fb0d10d2640b88d,nested_outer_oof_adaptive_base_fixed_consensus_v5,dataset_dev/03_bubnivka_ceramics/b115.jpg,03_bubnivka_ceramics,03_bubnivka_ceramics,True,0.9986933334144935,03_bubnivka_ceramics,02_ornek,05_kosiv_ceramics,4,train,srcgrp_c84a287f983aa7cd,src_global_bub_leaf_stump,unreviewed,unreviewed,global_cls__c10__source0p5,fixed_base_plus_three_motif_heads__equal_centered_logits,fixed_three_descriptor_consensus,10.0,True,0.00026440109704319275,0.0005080126358940186,0.9986933334144935,8.706797684945035e-05,0.0004471848757198787
img_e667888c4ed831a8,nested_outer_oof_adaptive_base_fixed_consensus_v5,dataset_dev/03_bubnivka_ceramics/b116.jpg,03_bubnivka_ceramics,03_bubnivka_ceramics,True,0.9969956434712758,03_bubnivka_ceramics,01_opishnyan_ceramics,05_kosiv_ceramics,4,train,srcgrp_c84a287f983aa7cd,src_global_bub_leaf_stump,unreviewed,unreviewed,global_cls__c10__source0p5,fixed_base_plus_three_motif_heads__equal_centered_logits,fixed_three_descriptor_consensus,10.0,True,0.0016555341974095559,8.806989810272717e-05,0.9969956434712758,0.0001065051917794519,0.0011542472414324586
img_50a04827d56abd42,nested_outer_oof_adaptive_base_fixed_consensus_v5,dataset_dev/03_bubnivka_ceramics/b117.jpg,03_bubnivka_ceramics,03_bubnivka_ceramics,True,0.9984497712786983,03_bubnivka_ceramics,01_opishnyan_ceramics,05_kosiv_ceramics,1,train,obj_single_50a04827d56abd42,,unreviewed,unreviewed,global_cls__c10__source0p5,fixed_base_plus_three_motif_heads__equal_centered_logits,fixed_three_descriptor_consensus,10.0,True,0.0007859782126360067,0.0002791417859391955,0.9984497712786983,0.0001916198085035351,0.00029348891422280445
img_438a14d3163337b6,nested_outer_oof_adaptive_base_fixed_consensus_v5,dataset_dev/03_bubnivka_ceramics/b120.jpg,03_bubnivka_ceramics,03_bubnivka_ceramics,True,0.9367599924736212,03_bubnivka_ceramics,01_opishnyan_ceramics,02_ornek,2,train,obj_single_438a14d3163337b6,,unreviewed,unreviewed,three_view_cls_logit_ensemble__c100__source0p5,fixed_base_plus_three_motif_heads__equal_centered_logits,fixed_three_descriptor_consensus,10.0,True,0.05659292932355716,0.004129268688955818,0.9367599924736212,0.000744670812729746,0.0017731387011359887
img_bc3f255d0f8808f6,nested_outer_oof_adaptive_base_fixed_consensus_v5,dataset_dev/03_bubnivka_ceramics/b122.jpg,03_bubnivka_ceramics,03_bubnivka_ceramics,True,0.8201299558094444,03_bubnivka_ceramics,05_kosiv_ceramics,02_ornek,2,train,obj_single_bc3f255d0f8808f6,,unreviewed,unreviewed,three_view_cls_logit_ensemble__c100__source0p5,fixed_base_plus_three_motif_heads__equal_centered_logits,fixed_three_descriptor_consensus,10.0,True,0.003239316215623914,0.02885603947508377,0.8201299558094444,0.01845493398230672,0.12931975451754113
img_0a3830439765bcf1,nested_outer_oof_adaptive_base_fixed_consensus_v5,dataset_dev/03_bubnivka_ceramics/b123.jpg,03_bubnivka_ceramics,03_bubnivka_ceramics,True,0.9931946485336088,03_bubnivka_ceramics,01_opishnyan_ceramics,05_kosiv_ceramics,1,train,src_manual_027,,mixed_display_or_collection,clear,global_cls__c10__source0p5,fixed_base_plus_three_motif_heads__equal_centered_logits,fixed_three_descriptor_consensus,10.0,True,0.003488886526412579,0.0004410850570210836,0.9931946485336088,0.0013392636632980136,0.0015361162196593427
img_064d03bb46200c0b,nested_outer_oof_adaptive_base_fixed_consensus_v5,dataset_dev/03_bubnivka_ceramics/b125.jpg,03_bubnivka_ceramics,03_bubnivka_ceramics,True,0.9770365178796869,03_bubnivka_ceramics,01_opishnyan_ceramics,02_ornek,2,train,obj_single_064d03bb46200c0b,,unreviewed,unreviewed,three_view_cls_logit_ensemble__c100__source0p5,fixed_base_plus_three_motif_heads__equal_centered_logits,fixed_three_descriptor_consensus,10.0,True,0.01980465861139281,0.0025919829730948534,0.9770365178796869,0.00022317635296949609,0.00034366418285589116
img_db3fd2129b3a042d,nested_outer_oof_adaptive_base_fixed_consensus_v5,dataset_dev/03_bubnivka_ceramics/b126.jpg,03_bubnivka_ceramics,03_bubnivka_ceramics,True,0.9985032962253635,03_bubnivka_ceramics,05_kosiv_ceramics,01_opishnyan_ceramics,0,train,obj_single_db3fd2129b3a042d,,unreviewed,unreviewed,three_view_cls_logit_ensemble__c100__source0p5,fixed_base_plus_three_motif_heads__equal_centered_logits,fixed_three_descriptor_consensus,10.0,True,0.0001714461992549099,8.859516776077222e-05,0.9985032962253635,1.3383668028911689e-05,0.0012232787395919627
img_08a71a3580503299,nested_outer_oof_adaptive_base_fixed_consensus_v5,dataset_dev/03_bubnivka_ceramics/b194.jpg,03_bubnivka_ceramics,03_bubnivka_ceramics,True,0.9827369303244915,03_bubnivka_ceramics,05_kosiv_ceramics,04_petrykivka_painting,2,train,obj_single_08a71a3580503299,,unreviewed,unreviewed,three_view_cls_logit_ensemble__c100__source0p5,fixed_base_plus_three_motif_heads__equal_centered_logits,fixed_three_descriptor_consensus,10.0,True,0.00044784737908101373,0.0002830760048657331,0.9827369303244915,0.0009581787303552125,0.015573967561206499
img_5b3054efa596c367,nested_outer_oof_adaptive_base_fixed_consensus_v5,dataset_dev/03_bubnivka_ceramics/b196.jpg,03_bubnivka_ceramics,03_bubnivka_ceramics,True,0.9987023636783562,03_bubnivka_ceramics,01_opishnyan_ceramics,02_ornek,0,train,obj_single_5b3054efa596c367,,unreviewed,unreviewed,three_view_cls_logit_ensemble__c100__source0p5,fixed_base_plus_three_motif_heads__equal_centered_logits,fixed_three_descriptor_consensus,10.0,True,0.0009245726643180006,0.00016598190137070631,0.9987023636783562,9.63394061598103e-05,0.0001107423497951485
img_ca6997820626e903,nested_outer_oof_adaptive_base_fixed_consensus_v5,dataset_dev/03_bubnivka_ceramics/b197.jpg,03_bubnivka_ceramics,03_bubnivka_ceramics,True,0.9963330453965172,03_bubnivka_ceramics,01_opishnyan_ceramics,02_ornek,0,train,obj_single_ca6997820626e903,,unreviewed,unreviewed,three_view_cls_logit_ensemble__c100__source0p5,fixed_base_plus_three_motif_heads__equal_centered_logits,fixed_three_descriptor_consensus,10.0,True,0.00196059303864622,0.0013014678316501844,0.9963330453965172,6.756780668182931e-05,0.0003373259265043413
img_eb308e08bae7ce81,nested_outer_oof_adaptive_base_fixed_consensus_v5,dataset_dev/03_bubnivka_ceramics/b198.jpg,03_bubnivka_ceramics,03_bubnivka_ceramics,True,0.9854047326647536,03_bubnivka_ceramics,05_kosiv_ceramics,02_ornek,1,train,obj_single_eb308e08bae7ce81,,unreviewed,unreviewed,global_cls__c10__source0p5,fixed_base_plus_three_motif_heads__equal_centered_logits,fixed_three_descriptor_consensus,10.0,True,0.0005638630719550522,0.002667240542997924,0.9854047326647536,0.0016429738498791582,0.009721189870414294
img_3a8fefcb916a104a,nested_outer_oof_adaptive_base_fixed_consensus_v5,dataset_dev/03_bubnivka_ceramics/b199.jpg,03_bubnivka_ceramics,03_bubnivka_ceramics,True,0.9990998116468113,03_bubnivka_ceramics,01_opishnyan_ceramics,04_petrykivka_painting,1,train,obj_single_3a8fefcb916a104a,,unreviewed,unreviewed,global_cls__c10__source0p5,fixed_base_plus_three_motif_heads__equal_centered_logits,fixed_three_descriptor_consensus,10.0,True,0.000514963385090912,0.00013392877573984593,0.9990998116468113,0.00015117611480134637,0.00010012007755662162
img_f54218e34f9c427a,nested_outer_oof_adaptive_base_fixed_consensus_v5,dataset_dev/03_bubnivka_ceramics/b202.jpg,03_bubnivka_ceramics,03_bubnivka_ceramics,True,0.9960554470539595,03_bubnivka_ceramics,05_kosiv_ceramics,01_opishnyan_ceramics,3,train,obj_single_f54218e34f9c427a,,unreviewed,unreviewed,three_view_cls_logit_ensemble__c100__source0p5,fixed_base_plus_three_motif_heads__equal_centered_logits,fixed_three_descriptor_consensus,10.0,True,0.0006530253925804479,0.0004534576724844204,0.9960554470539595,9.745436640566326e-05,0.002740615514569963
img_02152c9b2ffcf6f8,nested_outer_oof_adaptive_base_fixed_consensus_v5,dataset_dev/03_bubnivka_ceramics/b203.jpg,03_bubnivka_ceramics,03_bubnivka_ceramics,True,0.7929374492375598,03_bubnivka_ceramics,05_kosiv_ceramics,02_ornek,0,train,obj_single_02152c9b2ffcf6f8,,unreviewed,unreviewed,three_view_cls_logit_ensemble__c100__source0p5,fixed_base_plus_three_motif_heads__equal_centered_logits,fixed_three_descriptor_consensus,10.0,True,0.011352593067411796,0.018689700085746528,0.7929374492375598,0.0008081380971274874,0.17621211951215437
img_fb2412bdcc177a82,nested_outer_oof_adaptive_base_fixed_consensus_v5,dataset_dev/03_bubnivka_ceramics/b204.jpg,03_bubnivka_ceramics,05_kosiv_ceramics,False,0.5458308638213488,05_kosiv_ceramics,02_ornek,03_bubnivka_ceramics,0,train,obj_single_fb2412bdcc177a82,,unreviewed,unreviewed,three_view_cls_logit_ensemble__c100__source0p5,fixed_base_plus_three_motif_heads__equal_centered_logits,fixed_three_descriptor_consensus,10.0,True,0.010186318730379168,0.26676375783548834,0.17649961886899398,0.0007194407437896698,0.5458308638213488
img_0bb359910fd11433,nested_outer_oof_adaptive_base_fixed_consensus_v5,dataset_dev/03_bubnivka_ceramics/b205.jpg,03_bubnivka_ceramics,01_opishnyan_ceramics,False,0.6667518821782806,01_opishnyan_ceramics,03_bubnivka_ceramics,05_kosiv_ceramics,3,train,srcgrp_32f746da59345286,src_global_bub_museum_interior,unreviewed,unreviewed,three_view_cls_logit_ensemble__c100__source0p5,fixed_base_plus_three_motif_heads__equal_centered_logits,fixed_three_descriptor_consensus,10.0,True,0.6667518821782806,0.0059294260055606585,0.313080793601947,0.0012420059250759666,0.012995892289135677
img_f9cc3aa9918ce171,nested_outer_oof_adaptive_base_fixed_consensus_v5,dataset_dev/03_bubnivka_ceramics/b206.jpg,03_bubnivka_ceramics,03_bubnivka_ceramics,True,0.7060580910985795,03_bubnivka_ceramics,05_kosiv_ceramics,01_opishnyan_ceramics,3,train,srcgrp_32f746da59345286,src_global_bub_museum_interior,mixed_display_or_collection,clear,three_view_cls_logit_ensemble__c100__source0p5,fixed_base_plus_three_motif_heads__equal_centered_logits,fixed_three_descriptor_consensus,10.0,True,0.05748744358584339,0.02141953209177763,0.7060580910985795,0.01343418801482023,0.20160074520897925
img_a7eb0297b535676e,nested_outer_oof_adaptive_base_fixed_consensus_v5,dataset_dev/03_bubnivka_ceramics/b206_2.jpg,03_bubnivka_ceramics,03_bubnivka_ceramics,True,0.82205304830243,03_bubnivka_ceramics,01_opishnyan_ceramics,05_kosiv_ceramics,3,train,srcgrp_32f746da59345286,src_global_bub_museum_interior,mixed_display_or_collection,clear,three_view_cls_logit_ensemble__c100__source0p5,fixed_base_plus_three_motif_heads__equal_centered_logits,fixed_three_descriptor_consensus,10.0,True,0.07137106398869586,0.02706062115771095,0.82205304830243,0.01490069450529905,0.06461457204586425
img_26b15cbbecf66be7,nested_outer_oof_adaptive_base_fixed_consensus_v5,dataset_dev/03_bubnivka_ceramics/b207.jpg,03_bubnivka_ceramics,03_bubnivka_ceramics,True,0.7818088901352065,03_bubnivka_ceramics,02_ornek,05_kosiv_ceramics,3,train,srcgrp_32f746da59345286,src_global_bub_museum_interior,unreviewed,unreviewed,three_view_cls_logit_ensemble__c100__source0p5,fixed_base_plus_three_motif_heads__equal_centered_logits,fixed_three_descriptor_consensus,10.0,True,0.003108578292949136,0.16334207449002683,0.7818088901352065,0.0014804185395212333,0.050260038542296444
img_d099e2c33371f142,nested_outer_oof_adaptive_base_fixed_consensus_v5,dataset_dev/03_bubnivka_ceramics/b208.jpg,03_bubnivka_ceramics,03_bubnivka_ceramics,True,0.9536547736128894,03_bubnivka_ceramics,02_ornek,01_opishnyan_ceramics,3,train,srcgrp_32f746da59345286,src_global_bub_museum_interior,unreviewed,unreviewed,three_view_cls_logit_ensemble__c100__source0p5,fixed_base_plus_three_motif_heads__equal_centered_logits,fixed_three_descriptor_consensus,10.0,True,0.006098909985207528,0.03544769785284111,0.9536547736128894,0.001459590382120346,0.0033390281669416757
img_9dc08ce1df8083fd,nested_outer_oof_adaptive_base_fixed_consensus_v5,dataset_dev/03_bubnivka_ceramics/b212.jpg,03_bubnivka_ceramics,03_bubnivka_ceramics,True,0.9139058255167001,03_bubnivka_ceramics,01_opishnyan_ceramics,02_ornek,3,train,srcgrp_32f746da59345286,src_global_bub_museum_interior,unreviewed,unreviewed,three_view_cls_logit_ensemble__c100__source0p5,fixed_base_plus_three_motif_heads__equal_centered_logits,fixed_three_descriptor_consensus,10.0,True,0.03491907208299747,0.033500757956796745,0.9139058255167001,0.0008335075662762266,0.016840836877229454
img_248093a764ffc019,nested_outer_oof_adaptive_base_fixed_consensus_v5,dataset_dev/03_bubnivka_ceramics/b213.jpg,03_bubnivka_ceramics,03_bubnivka_ceramics,True,0.9886475240817393,03_bubnivka_ceramics,01_opishnyan_ceramics,05_kosiv_ceramics,3,train,srcgrp_32f746da59345286,src_global_bub_museum_interior,unreviewed,unreviewed,three_view_cls_logit_ensemble__c100__source0p5,fixed_base_plus_three_motif_heads__equal_centered_logits,fixed_three_descriptor_consensus,10.0,True,0.008056020904187512,0.00015551545881173291,0.9886475240817393,0.00018500972602602232,0.0029559298292355035
img_c991ba7c5d4afb71,nested_outer_oof_adaptive_base_fixed_consensus_v5,dataset_dev/03_bubnivka_ceramics/b214.jpg,03_bubnivka_ceramics,03_bubnivka_ceramics,True,0.8479118496771882,03_bubnivka_ceramics,01_opishnyan_ceramics,05_kosiv_ceramics,3,train,srcgrp_32f746da59345286,src_global_bub_museum_interior,unreviewed,unreviewed,three_view_cls_logit_ensemble__c100__source0p5,fixed_base_plus_three_motif_heads__equal_centered_logits,fixed_three_descriptor_consensus,10.0,True,0.12180804035344521,0.008735456450833488,0.8479118496771882,0.0015720751382252375,0.019972578380307845
img_b0a24bedaa753e82,nested_outer_oof_adaptive_base_fixed_consensus_v5,dataset_dev/03_bubnivka_ceramics/b215.jpg,03_bubnivka_ceramics,03_bubnivka_ceramics,True,0.947303694603415,03_bubnivka_ceramics,01_opishnyan_ceramics,05_kosiv_ceramics,3,train,srcgrp_32f746da59345286,src_global_bub_museum_interior,unreviewed,unreviewed,three_view_cls_logit_ensemble__c100__source0p5,fixed_base_plus_three_motif_heads__equal_centered_logits,fixed_three_descriptor_consensus,10.0,True,0.045042166079163545,0.0009362592468303177,0.947303694603415,0.000355739982623252,0.006362140087967776
img_a6e20a016cef411e,nested_outer_oof_adaptive_base_fixed_consensus_v5,dataset_dev/03_bubnivka_ceramics/b216.jpg,03_bubnivka_ceramics,01_opishnyan_ceramics,False,0.9766923270674784,01_opishnyan_ceramics,02_ornek,05_kosiv_ceramics,3,train,srcgrp_32f746da59345286,src_global_bub_museum_interior,unreviewed,unreviewed,three_view_cls_logit_ensemble__c100__source0p5,fixed_base_plus_three_motif_heads__equal_centered_logits,fixed_three_descriptor_consensus,10.0,True,0.9766923270674784,0.013120522504774725,0.0033435862967486686,0.0009088437782194038,0.005934720352778704
img_4519bdea3758eb44,nested_outer_oof_adaptive_base_fixed_consensus_v5,dataset_dev/03_bubnivka_ceramics/b220.jpg,03_bubnivka_ceramics,03_bubnivka_ceramics,True,0.8545586530062634,03_bubnivka_ceramics,01_opishnyan_ceramics,05_kosiv_ceramics,3,train,srcgrp_32f746da59345286,src_global_bub_museum_interior,unreviewed,unreviewed,three_view_cls_logit_ensemble__c100__source0p5,fixed_base_plus_three_motif_heads__equal_centered_logits,fixed_three_descriptor_consensus,10.0,True,0.14376310540369697,0.0003839869258769024,0.8545586530062634,0.00010220484480748716,0.0011920498193550124
img_5fe43c8863280588,nested_outer_oof_adaptive_base_fixed_consensus_v5,dataset_dev/03_bubnivka_ceramics/b221.jpg,03_bubnivka_ceramics,03_bubnivka_ceramics,True,0.9987285264082496,03_bubnivka_ceramics,01_opishnyan_ceramics,02_ornek,3,train,srcgrp_32f746da59345286,src_global_bub_museum_interior,unreviewed,unreviewed,three_view_cls_logit_ensemble__c100__source0p5,fixed_base_plus_three_motif_heads__equal_centered_logits,fixed_three_descriptor_consensus,10.0,True,0.0004857845127863724,0.00045125891610428055,0.9987285264082496,2.876947972322151e-05,0.0003056606831364071
img_cdc0f5d21f1e1a0f,nested_outer_oof_adaptive_base_fixed_consensus_v5,dataset_dev/03_bubnivka_ceramics/b222.jpg,03_bubnivka_ceramics,03_bubnivka_ceramics,True,0.8825781931962553,03_bubnivka_ceramics,01_opishnyan_ceramics,02_ornek,3,train,srcgrp_32f746da59345286,src_global_bub_museum_interior,unreviewed,unreviewed,three_view_cls_logit_ensemble__c100__source0p5,fixed_base_plus_three_motif_heads__equal_centered_logits,fixed_three_descriptor_consensus,10.0,True,0.11260739553302807,0.003189556397046819,0.8825781931962553,0.00032122497869144164,0.0013036298949782206
img_660f93e8e100b9a7,nested_outer_oof_adaptive_base_fixed_consensus_v5,dataset_dev/03_bubnivka_ceramics/b223.jpg,03_bubnivka_ceramics,03_bubnivka_ceramics,True,0.929982921150491,03_bubnivka_ceramics,01_opishnyan_ceramics,05_kosiv_ceramics,3,train,srcgrp_32f746da59345286,src_global_bub_museum_interior,unreviewed,unreviewed,three_view_cls_logit_ensemble__c100__source0p5,fixed_base_plus_three_motif_heads__equal_centered_logits,fixed_three_descriptor_consensus,10.0,True,0.06762970651836148,0.00034692118014602606,0.929982921150491,0.00027970301891483353,0.0017607481320865924
img_69d61dad044c7abb,nested_outer_oof_adaptive_base_fixed_consensus_v5,dataset_dev/03_bubnivka_ceramics/b225.jpg,03_bubnivka_ceramics,03_bubnivka_ceramics,True,0.9160014867773646,03_bubnivka_ceramics,01_opishnyan_ceramics,05_kosiv_ceramics,3,train,srcgrp_32f746da59345286,src_global_bub_museum_interior,unreviewed,unreviewed,three_view_cls_logit_ensemble__c100__source0p5,fixed_base_plus_three_motif_heads__equal_centered_logits,fixed_three_descriptor_consensus,10.0,True,0.08337310919300105,0.00019840340495377333,0.9160014867773646,3.900289997460428e-05,0.0003879977247059695
img_e9b4a87a18b8688a,nested_outer_oof_adaptive_base_fixed_consensus_v5,dataset_dev/03_bubnivka_ceramics/b226.jpg,03_bubnivka_ceramics,01_opishnyan_ceramics,False,0.7916539947970943,01_opishnyan_ceramics,03_bubnivka_ceramics,02_ornek,3,train,srcgrp_32f746da59345286,src_global_bub_museum_interior,unreviewed,unreviewed,three_view_cls_logit_ensemble__c100__source0p5,fixed_base_plus_three_motif_heads__equal_centered_logits,fixed_three_descriptor_consensus,10.0,True,0.7916539947970943,0.0025872124991244056,0.20520703457679265,5.176647391032691e-05,0.000499991653078221
img_7daa936e79ea6da0,nested_outer_oof_adaptive_base_fixed_consensus_v5,dataset_dev/03_bubnivka_ceramics/b227.jpg,03_bubnivka_ceramics,01_opishnyan_ceramics,False,0.5121263652355997,01_opishnyan_ceramics,03_bubnivka_ceramics,05_kosiv_ceramics,3,train,srcgrp_32f746da59345286,src_global_bub_museum_interior,unreviewed,unreviewed,three_view_cls_logit_ensemble__c100__source0p5,fixed_base_plus_three_motif_heads__equal_centered_logits,fixed_three_descriptor_consensus,10.0,True,0.5121263652355997,0.0002654611395085496,0.48554780238320017,0.00015821560685080996,0.001902155634840723
img_6fd39037899a10db,nested_outer_oof_adaptive_base_fixed_consensus_v5,dataset_dev/03_bubnivka_ceramics/b228.jpg,03_bubnivka_ceramics,01_opishnyan_ceramics,False,0.5874310371910808,01_opishnyan_ceramics,03_bubnivka_ceramics,02_ornek,3,train,srcgrp_32f746da59345286,src_global_bub_museum_interior,unreviewed,unreviewed,three_view_cls_logit_ensemble__c100__source0p5,fixed_base_plus_three_motif_heads__equal_centered_logits,fixed_three_descriptor_consensus,10.0,True,0.5874310371910808,0.09735276914883884,0.24933456072201318,0.0008250632118525638,0.0650565697262147
img_a8e039e860a9d465,nested_outer_oof_adaptive_base_fixed_consensus_v5,dataset_dev/03_bubnivka_ceramics/b231.jpg,03_bubnivka_ceramics,03_bubnivka_ceramics,True,0.4914239047285773,03_bubnivka_ceramics,01_opishnyan_ceramics,02_ornek,3,train,srcgrp_32f746da59345286,src_global_bub_museum_interior,unreviewed,unreviewed,three_view_cls_logit_ensemble__c100__source0p5,fixed_base_plus_three_motif_heads__equal_centered_logits,fixed_three_descriptor_consensus,10.0,True,0.459291859943499,0.028975880867645604,0.4914239047285773,0.002060578906834783,0.018247775553443302
img_bf1427a7e8fd57ac,nested_outer_oof_adaptive_base_fixed_consensus_v5,dataset_dev/03_bubnivka_ceramics/b234.jpg,03_bubnivka_ceramics,03_bubnivka_ceramics,True,0.9693971084263493,03_bubnivka_ceramics,01_opishnyan_ceramics,02_ornek,3,train,srcgrp_32f746da59345286,src_global_bub_museum_interior,unreviewed,unreviewed,three_view_cls_logit_ensemble__c100__source0p5,fixed_base_plus_three_motif_heads__equal_centered_logits,fixed_three_descriptor_consensus,10.0,True,0.016480319122901745,0.012399804735130719,0.9693971084263493,0.0001269875839280243,0.0015957801316902076
img_6406ebac3be8c7bc,nested_outer_oof_adaptive_base_fixed_consensus_v5,dataset_dev/03_bubnivka_ceramics/b235.jpg,03_bubnivka_ceramics,03_bubnivka_ceramics,True,0.8564362114212546,03_bubnivka_ceramics,01_opishnyan_ceramics,02_ornek,3,train,srcgrp_32f746da59345286,src_global_bub_museum_interior,unreviewed,unreviewed,three_view_cls_logit_ensemble__c100__source0p5,fixed_base_plus_three_motif_heads__equal_centered_logits,fixed_three_descriptor_consensus,10.0,True,0.13461700909835078,0.006564112986521831,0.8564362114212546,8.369190470274263e-05,0.0022989745891700782
img_16626c6cdaf572ec,nested_outer_oof_adaptive_base_fixed_consensus_v5,dataset_dev/03_bubnivka_ceramics/b236.jpg,03_bubnivka_ceramics,03_bubnivka_ceramics,True,0.9959740274544558,03_bubnivka_ceramics,02_ornek,05_kosiv_ceramics,2,train,srcgrp_8f610c5515edc7b9,src_global_bub_mesh_plate_pairs,plate_or_bowl,clear,three_view_cls_logit_ensemble__c100__source0p5,fixed_base_plus_three_motif_heads__equal_centered_logits,fixed_three_descriptor_consensus,10.0,True,0.0001423285392069166,0.0026761665382522585,0.9959740274544558,0.00022200844258366003,0.000985469025501396
img_271ef815035ccb1e,nested_outer_oof_adaptive_base_fixed_consensus_v5,dataset_dev/03_bubnivka_ceramics/b236_2.jpg,03_bubnivka_ceramics,03_bubnivka_ceramics,True,0.7118157744400586,03_bubnivka_ceramics,01_opishnyan_ceramics,02_ornek,2,train,srcgrp_8f610c5515edc7b9,src_global_bub_mesh_plate_pairs,plate_or_bowl,partial,three_view_cls_logit_ensemble__c100__source0p5,fixed_base_plus_three_motif_heads__equal_centered_logits,fixed_three_descriptor_consensus,10.0,True,0.28249586961373246,0.004233981286615994,0.7118157744400586,0.0009076666019182554,0.0005467080576747542
img_3a28fcd4939bea31,nested_outer_oof_adaptive_base_fixed_consensus_v5,dataset_dev/03_bubnivka_ceramics/b237.jpg,03_bubnivka_ceramics,03_bubnivka_ceramics,True,0.9976580449236954,03_bubnivka_ceramics,01_opishnyan_ceramics,05_kosiv_ceramics,2,train,srcgrp_8f610c5515edc7b9,src_global_bub_mesh_plate_pairs,plate_or_bowl,clear,three_view_cls_logit_ensemble__c100__source0p5,fixed_base_plus_three_motif_heads__equal_centered_logits,fixed_three_descriptor_consensus,10.0,True,0.0010837669187603737,0.0005387260649265484,0.9976580449236954,8.88975432177793e-05,0.0006305645494000779
img_591815414d87bfcd,nested_outer_oof_adaptive_base_fixed_consensus_v5,dataset_dev/03_bubnivka_ceramics/b237_2.jpg,03_bubnivka_ceramics,01_opishnyan_ceramics,False,0.652315934736348,01_opishnyan_ceramics,03_bubnivka_ceramics,02_ornek,2,train,srcgrp_8f610c5515edc7b9,src_global_bub_mesh_plate_pairs,plate_or_bowl,partial,three_view_cls_logit_ensemble__c100__source0p5,fixed_base_plus_three_motif_heads__equal_centered_logits,fixed_three_descriptor_consensus,10.0,True,0.652315934736348,0.012098434489279771,0.3313664992352847,0.0011696572734074704,0.003049474265680102
img_f57d2a035e0e7e73,nested_outer_oof_adaptive_base_fixed_consensus_v5,dataset_dev/03_bubnivka_ceramics/b238.jpg,03_bubnivka_ceramics,03_bubnivka_ceramics,True,0.9974968922228966,03_bubnivka_ceramics,02_ornek,05_kosiv_ceramics,2,train,srcgrp_8f610c5515edc7b9,src_global_bub_mesh_plate_pairs,plate_or_bowl,clear,three_view_cls_logit_ensemble__c100__source0p5,fixed_base_plus_three_motif_heads__equal_centered_logits,fixed_three_descriptor_consensus,10.0,True,0.0005546411531808886,0.001022609285527398,0.9974968922228966,0.00010297401023950329,0.0008228833281556336
img_65847e8071f3f242,nested_outer_oof_adaptive_base_fixed_consensus_v5,dataset_dev/03_bubnivka_ceramics/b238_2.jpg,03_bubnivka_ceramics,01_opishnyan_ceramics,False,0.6181813071167047,01_opishnyan_ceramics,03_bubnivka_ceramics,02_ornek,2,train,srcgrp_8f610c5515edc7b9,src_global_bub_mesh_plate_pairs,plate_or_bowl,partial,three_view_cls_logit_ensemble__c100__source0p5,fixed_base_plus_three_motif_heads__equal_centered_logits,fixed_three_descriptor_consensus,10.0,True,0.6181813071167047,0.015494331454414105,0.360984066801127,0.0008970702135792568,0.004443224414175077
img_a5a9d42159f19a42,nested_outer_oof_adaptive_base_fixed_consensus_v5,dataset_dev/03_bubnivka_ceramics/b239.jpg,03_bubnivka_ceramics,03_bubnivka_ceramics,True,0.9973734151968502,03_bubnivka_ceramics,05_kosiv_ceramics,02_ornek,2,train,srcgrp_8f610c5515edc7b9,src_global_bub_mesh_plate_pairs,plate_or_bowl,clear,three_view_cls_logit_ensemble__c100__source0p5,fixed_base_plus_three_motif_heads__equal_centered_logits,fixed_three_descriptor_consensus,10.0,True,0.000521783377000186,0.00071401536601551,0.9973734151968502,1.8175666627121754e-05,0.001372610393506929
img_198c35968dd81cc2,nested_outer_oof_adaptive_base_fixed_consensus_v5,dataset_dev/03_bubnivka_ceramics/b239_2.jpg,03_bubnivka_ceramics,03_bubnivka_ceramics,True,0.9122950788929857,03_bubnivka_ceramics,01_opishnyan_ceramics,02_ornek,2,train,srcgrp_8f610c5515edc7b9,src_global_bub_mesh_plate_pairs,plate_or_bowl,partial,three_view_cls_logit_ensemble__c100__source0p5,fixed_base_plus_three_motif_heads__equal_centered_logits,fixed_three_descriptor_consensus,10.0,True,0.08419658776787496,0.0017716800647705434,0.9122950788929857,0.0012566429597933605,0.0004800103145754597
img_0c01474cb95ab6e5,nested_outer_oof_adaptive_base_fixed_consensus_v5,dataset_dev/03_bubnivka_ceramics/b240.jpg,03_bubnivka_ceramics,03_bubnivka_ceramics,True,0.9966876554916121,03_bubnivka_ceramics,02_ornek,05_kosiv_ceramics,2,train,srcgrp_8f610c5515edc7b9,src_global_bub_mesh_plate_pairs,plate_or_bowl,clear,three_view_cls_logit_ensemble__c100__source0p5,fixed_base_plus_three_motif_heads__equal_centered_logits,fixed_three_descriptor_consensus,10.0,True,0.0003012249783531056,0.0023448299928965025,0.9966876554916121,7.366642415631891e-05,0.0005926231129819244
img_f89b50d021c32e3f,nested_outer_oof_adaptive_base_fixed_consensus_v5,dataset_dev/03_bubnivka_ceramics/b240_2.jpg,03_bubnivka_ceramics,01_opishnyan_ceramics,False,0.6665542276619455,01_opishnyan_ceramics,03_bubnivka_ceramics,02_ornek,2,train,srcgrp_8f610c5515edc7b9,src_global_bub_mesh_plate_pairs,plate_or_bowl,partial,three_view_cls_logit_ensemble__c100__source0p5,fixed_base_plus_three_motif_heads__equal_centered_logits,fixed_three_descriptor_consensus,10.0,True,0.6665542276619455,0.005302304866327375,0.3241202813946711,0.0005722690388508905,0.0034509170382049635
img_c2b38ddaf202663e,nested_outer_oof_adaptive_base_fixed_consensus_v5,dataset_dev/03_bubnivka_ceramics/b244.jpg,03_bubnivka_ceramics,03_bubnivka_ceramics,True,0.8581411803191145,03_bubnivka_ceramics,01_opishnyan_ceramics,05_kosiv_ceramics,0,train,obj_single_c2b38ddaf202663e,,unreviewed,unreviewed,three_view_cls_logit_ensemble__c100__source0p5,fixed_base_plus_three_motif_heads__equal_centered_logits,fixed_three_descriptor_consensus,10.0,True,0.11498513043690575,0.0012440316886976367,0.8581411803191145,0.006354416030511035,0.019275241524771187
img_f77018162aedca35,nested_outer_oof_adaptive_base_fixed_consensus_v5,dataset_dev/03_bubnivka_ceramics/b245.jpg,03_bubnivka_ceramics,03_bubnivka_ceramics,True,0.7369899453661938,03_bubnivka_ceramics,05_kosiv_ceramics,02_ornek,2,train,obj_single_f77018162aedca35,,unreviewed,unreviewed,three_view_cls_logit_ensemble__c100__source0p5,fixed_base_plus_three_motif_heads__equal_centered_logits,fixed_three_descriptor_consensus,10.0,True,0.04774356350812897,0.05359458991175639,0.7369899453661938,0.03332824399262595,0.12834365722129473
img_1e4f0753856f0cba,nested_outer_oof_adaptive_base_fixed_consensus_v5,dataset_dev/03_bubnivka_ceramics/b246.jpg,03_bubnivka_ceramics,03_bubnivka_ceramics,True,0.9855047552378325,03_bubnivka_ceramics,02_ornek,04_petrykivka_painting,2,train,obj_single_1e4f0753856f0cba,,unreviewed,unreviewed,three_view_cls_logit_ensemble__c100__source0p5,fixed_base_plus_three_motif_heads__equal_centered_logits,fixed_three_descriptor_consensus,10.0,True,0.0012128130556422392,0.0058455458163788375,0.9855047552378325,0.00385227642468934,0.0035846094654569814
img_3210550318a9b87c,nested_outer_oof_adaptive_base_fixed_consensus_v5,dataset_dev/03_bubnivka_ceramics/b247.jpg,03_bubnivka_ceramics,03_bubnivka_ceramics,True,0.9760828795849051,03_bubnivka_ceramics,01_opishnyan_ceramics,05_kosiv_ceramics,1,train,obj_single_3210550318a9b87c,,unreviewed,unreviewed,global_cls__c10__source0p5,fixed_base_plus_three_motif_heads__equal_centered_logits,fixed_three_descriptor_consensus,10.0,True,0.015399213117831675,0.000318855319176838,0.9760828795849051,0.0020849911684027995,0.006114060809683636
img_8fdf789d4ac7e3ce,nested_outer_oof_adaptive_base_fixed_consensus_v5,dataset_dev/03_bubnivka_ceramics/b248.jpg,03_bubnivka_ceramics,03_bubnivka_ceramics,True,0.9874146372569804,03_bubnivka_ceramics,02_ornek,01_opishnyan_ceramics,0,train,obj_single_8fdf789d4ac7e3ce,,unreviewed,unreviewed,three_view_cls_logit_ensemble__c100__source0p5,fixed_base_plus_three_motif_heads__equal_centered_logits,fixed_three_descriptor_consensus,10.0,True,0.002916093864257686,0.008469484957405057,0.9874146372569804,0.0001278055251408445,0.0010719783962161327
img_2ff39e5c693c1e96,nested_outer_oof_adaptive_base_fixed_consensus_v5,dataset_dev/03_bubnivka_ceramics/b263.jpg,03_bubnivka_ceramics,03_bubnivka_ceramics,True,0.9948996770197132,03_bubnivka_ceramics,01_opishnyan_ceramics,04_petrykivka_painting,4,validation,srcgrp_6d5d4ba8acb3dedc,src_global_bub_vognik_watermark,unreviewed,unreviewed,global_cls__c10__source0p5,fixed_base_plus_three_motif_heads__equal_centered_logits,fixed_three_descriptor_consensus,10.0,True,0.0024484937244530955,0.00032031276230973097,0.9948996770197132,0.0013600573677977877,0.0009714591257262746
img_dcda2b8e285fae28,nested_outer_oof_adaptive_base_fixed_consensus_v5,dataset_dev/03_bubnivka_ceramics/b264.jpg,03_bubnivka_ceramics,03_bubnivka_ceramics,True,0.9945961972241307,03_bubnivka_ceramics,05_kosiv_ceramics,04_petrykivka_painting,4,validation,srcgrp_6d5d4ba8acb3dedc,src_global_bub_vognik_watermark,unreviewed,unreviewed,global_cls__c10__source0p5,fixed_base_plus_three_motif_heads__equal_centered_logits,fixed_three_descriptor_consensus,10.0,True,0.0007238551370267539,0.0011602120900686022,0.9945961972241307,0.0012356908258528945,0.002284044722921068
img_d54ed9bdedd5d00c,nested_outer_oof_adaptive_base_fixed_consensus_v5,dataset_dev/03_bubnivka_ceramics/b265.jpg,03_bubnivka_ceramics,03_bubnivka_ceramics,True,0.8849270157411592,03_bubnivka_ceramics,02_ornek,04_petrykivka_painting,4,validation,srcgrp_6d5d4ba8acb3dedc,src_global_bub_vognik_watermark,unreviewed,unreviewed,global_cls__c10__source0p5,fixed_base_plus_three_motif_heads__equal_centered_logits,fixed_three_descriptor_consensus,10.0,True,0.0021005090888478167,0.10723813074739402,0.8849270157411592,0.003791907855731826,0.0019424365668672145
img_5eadfe43455ebf1f,nested_outer_oof_adaptive_base_fixed_consensus_v5,dataset_dev/03_bubnivka_ceramics/b266.jpg,03_bubnivka_ceramics,03_bubnivka_ceramics,True,0.7868762483264269,03_bubnivka_ceramics,05_kosiv_ceramics,02_ornek,4,validation,srcgrp_6d5d4ba8acb3dedc,src_global_bub_vognik_watermark,unreviewed,unreviewed,global_cls__c10__source0p5,fixed_base_plus_three_motif_heads__equal_centered_logits,fixed_three_descriptor_consensus,10.0,True,0.03843797829600887,0.06703395335906623,0.7868762483264269,0.0056705079871886745,0.1019813120313094
img_66ffbed5596b907d,nested_outer_oof_adaptive_base_fixed_consensus_v5,dataset_dev/03_bubnivka_ceramics/b267.jpg,03_bubnivka_ceramics,03_bubnivka_ceramics,True,0.9948628945981258,03_bubnivka_ceramics,05_kosiv_ceramics,01_opishnyan_ceramics,4,validation,srcgrp_6d5d4ba8acb3dedc,src_global_bub_vognik_watermark,unreviewed,unreviewed,global_cls__c10__source0p5,fixed_base_plus_three_motif_heads__equal_centered_logits,fixed_three_descriptor_consensus,10.0,True,0.0017494427110232537,0.0005431525542855338,0.9948628945981258,0.0005678553349434757,0.002276654801621931
img_f38edeebc519198c,nested_outer_oof_adaptive_base_fixed_consensus_v5,dataset_dev/03_bubnivka_ceramics/b268.jpg,03_bubnivka_ceramics,03_bubnivka_ceramics,True,0.9390468828621658,03_bubnivka_ceramics,05_kosiv_ceramics,02_ornek,4,validation,srcgrp_6d5d4ba8acb3dedc,src_global_bub_vognik_watermark,unreviewed,unreviewed,global_cls__c10__source0p5,fixed_base_plus_three_motif_heads__equal_centered_logits,fixed_three_descriptor_consensus,10.0,True,0.011792452644216446,0.012145885462657949,0.9390468828621658,0.0022941192518967047,0.03472065977906317
img_ec347acfebc1c534,nested_outer_oof_adaptive_base_fixed_consensus_v5,dataset_dev/03_bubnivka_ceramics/b275.jpg,03_bubnivka_ceramics,03_bubnivka_ceramics,True,0.9878269480436043,03_bubnivka_ceramics,02_ornek,01_opishnyan_ceramics,0,train,obj_single_ec347acfebc1c534,,unreviewed,unreviewed,three_view_cls_logit_ensemble__c100__source0p5,fixed_base_plus_three_motif_heads__equal_centered_logits,fixed_three_descriptor_consensus,10.0,True,0.0029738158416146468,0.00827655318399008,0.9878269480436043,0.00025812709240816725,0.0006645558383827947
img_614141ec2451f82e,nested_outer_oof_adaptive_base_fixed_consensus_v5,dataset_dev/03_bubnivka_ceramics/b277.jpg,03_bubnivka_ceramics,03_bubnivka_ceramics,True,0.9981018327168379,03_bubnivka_ceramics,01_opishnyan_ceramics,02_ornek,1,train,obj_single_614141ec2451f82e,,unreviewed,unreviewed,global_cls__c10__source0p5,fixed_base_plus_three_motif_heads__equal_centered_logits,fixed_three_descriptor_consensus,10.0,True,0.0011365522731258413,0.000314351312045649,0.9981018327168379,0.00016034998861528637,0.00028691370937531036
img_d53f3ca5baf499a2,nested_outer_oof_adaptive_base_fixed_consensus_v5,dataset_dev/03_bubnivka_ceramics/b280.jpg,03_bubnivka_ceramics,03_bubnivka_ceramics,True,0.994821207363693,03_bubnivka_ceramics,05_kosiv_ceramics,01_opishnyan_ceramics,0,train,obj_single_d53f3ca5baf499a2,,unreviewed,unreviewed,three_view_cls_logit_ensemble__c100__source0p5,fixed_base_plus_three_motif_heads__equal_centered_logits,fixed_three_descriptor_consensus,10.0,True,0.0007343117463742206,0.00036726226591384507,0.994821207363693,6.472251666604305e-05,0.004012496107353101
img_79515fd601e6a6e2,nested_outer_oof_adaptive_base_fixed_consensus_v5,dataset_dev/03_bubnivka_ceramics/b284.jpg,03_bubnivka_ceramics,03_bubnivka_ceramics,True,0.9989212686948914,03_bubnivka_ceramics,02_ornek,05_kosiv_ceramics,1,train,obj_single_79515fd601e6a6e2,,unreviewed,unreviewed,global_cls__c10__source0p5,fixed_base_plus_three_motif_heads__equal_centered_logits,fixed_three_descriptor_consensus,10.0,True,0.00012668909672191282,0.0003969661034122483,0.9989212686948914,0.00019517531570880227,0.0003599007892658467
img_caf7900894d6afa2,nested_outer_oof_adaptive_base_fixed_consensus_v5,dataset_dev/03_bubnivka_ceramics/b286.jpg,03_bubnivka_ceramics,03_bubnivka_ceramics,True,0.985528443839588,03_bubnivka_ceramics,05_kosiv_ceramics,01_opishnyan_ceramics,2,train,obj_single_caf7900894d6afa2,,unreviewed,unreviewed,three_view_cls_logit_ensemble__c100__source0p5,fixed_base_plus_three_motif_heads__equal_centered_logits,fixed_three_descriptor_consensus,10.0,True,0.0028260278832371614,0.0008589914712468375,0.985528443839588,6.487245717677902e-05,0.010721664348751008
img_dcbe7bb9a7faab56,nested_outer_oof_adaptive_base_fixed_consensus_v5,dataset_dev/03_bubnivka_ceramics/b288.jpg,03_bubnivka_ceramics,03_bubnivka_ceramics,True,0.973437472404355,03_bubnivka_ceramics,01_opishnyan_ceramics,05_kosiv_ceramics,4,train,obj_single_dcbe7bb9a7faab56,,unreviewed,unreviewed,global_cls__c10__source0p5,fixed_base_plus_three_motif_heads__equal_centered_logits,fixed_three_descriptor_consensus,10.0,True,0.0244589496114101,0.0001468006453684266,0.973437472404355,0.00019078551455368965,0.0017659918243128007
img_ac59e3e6d17d38f6,nested_outer_oof_adaptive_base_fixed_consensus_v5,dataset_dev/03_bubnivka_ceramics/b290.jpg,03_bubnivka_ceramics,03_bubnivka_ceramics,True,0.6261394952677491,03_bubnivka_ceramics,02_ornek,01_opishnyan_ceramics,0,train,obj_single_ac59e3e6d17d38f6,,unreviewed,unreviewed,three_view_cls_logit_ensemble__c100__source0p5,fixed_base_plus_three_motif_heads__equal_centered_logits,fixed_three_descriptor_consensus,10.0,True,0.12533488485557745,0.21192933206157052,0.6261394952677491,0.0071807580596904294,0.029415529755412426
img_d0bf1a42720f71fe,nested_outer_oof_adaptive_base_fixed_consensus_v5,dataset_dev/03_bubnivka_ceramics/b294.jpg,03_bubnivka_ceramics,03_bubnivka_ceramics,True,0.9976455588748931,03_bubnivka_ceramics,02_ornek,01_opishnyan_ceramics,2,validation,srcgrp_12bb6621dab44eb0,src_global_bub_dark_cloth_closeups,unreviewed,unreviewed,three_view_cls_logit_ensemble__c100__source0p5,fixed_base_plus_three_motif_heads__equal_centered_logits,fixed_three_descriptor_consensus,10.0,True,0.0005565313929002455,0.0013573748542055515,0.9976455588748931,0.0003493737109672675,9.116116703383356e-05
img_ee59c5d4382cc9a1,nested_outer_oof_adaptive_base_fixed_consensus_v5,dataset_dev/03_bubnivka_ceramics/b296.jpg,03_bubnivka_ceramics,03_bubnivka_ceramics,True,0.9990538795412938,03_bubnivka_ceramics,04_petrykivka_painting,01_opishnyan_ceramics,2,validation,srcgrp_12bb6621dab44eb0,src_global_bub_dark_cloth_closeups,unreviewed,unreviewed,three_view_cls_logit_ensemble__c100__source0p5,fixed_base_plus_three_motif_heads__equal_centered_logits,fixed_three_descriptor_consensus,10.0,True,0.00033405462264600216,7.659069970584991e-05,0.9990538795412938,0.0004893238981043537,4.6151238249923316e-05
img_0f314014e178659a,nested_outer_oof_adaptive_base_fixed_consensus_v5,dataset_dev/03_bubnivka_ceramics/b298.jpg,03_bubnivka_ceramics,03_bubnivka_ceramics,True,0.9992215459571138,03_bubnivka_ceramics,04_petrykivka_painting,01_opishnyan_ceramics,2,validation,srcgrp_12bb6621dab44eb0,src_global_bub_dark_cloth_closeups,unreviewed,unreviewed,three_view_cls_logit_ensemble__c100__source0p5,fixed_base_plus_three_motif_heads__equal_centered_logits,fixed_three_descriptor_consensus,10.0,True,0.0002320280832320158,0.00019198931063930244,0.9992215459571138,0.00029434534168590326,6.009130732891329e-05
img_81bf7176fed4af37,nested_outer_oof_adaptive_base_fixed_consensus_v5,dataset_dev/03_bubnivka_ceramics/b300.jpg,03_bubnivka_ceramics,03_bubnivka_ceramics,True,0.991072937724799,03_bubnivka_ceramics,01_opishnyan_ceramics,02_ornek,2,validation,srcgrp_12bb6621dab44eb0,src_global_bub_dark_cloth_closeups,unreviewed,unreviewed,three_view_cls_logit_ensemble__c100__source0p5,fixed_base_plus_three_motif_heads__equal_centered_logits,fixed_three_descriptor_consensus,10.0,True,0.00531229111189751,0.0024553109133735158,0.991072937724799,0.0005091355909872968,0.0006503246589429485
img_5aa3296bc5410d0f,nested_outer_oof_adaptive_base_fixed_consensus_v5,dataset_dev/03_bubnivka_ceramics/b302.jpg,03_bubnivka_ceramics,03_bubnivka_ceramics,True,0.9715256581025312,03_bubnivka_ceramics,01_opishnyan_ceramics,05_kosiv_ceramics,2,validation,srcgrp_12bb6621dab44eb0,src_global_bub_dark_cloth_closeups,unreviewed,unreviewed,three_view_cls_logit_ensemble__c100__source0p5,fixed_base_plus_three_motif_heads__equal_centered_logits,fixed_three_descriptor_consensus,10.0,True,0.011582878356636767,0.005256679199792761,0.9715256581025312,0.001646022373233858,0.009988761967805388
img_cf8f39fc8e4eb741,nested_outer_oof_adaptive_base_fixed_consensus_v5,dataset_dev/03_bubnivka_ceramics/b306.jpg,03_bubnivka_ceramics,03_bubnivka_ceramics,True,0.9866487670450204,03_bubnivka_ceramics,01_opishnyan_ceramics,02_ornek,2,validation,srcgrp_12bb6621dab44eb0,src_global_bub_dark_cloth_closeups,unreviewed,unreviewed,three_view_cls_logit_ensemble__c100__source0p5,fixed_base_plus_three_motif_heads__equal_centered_logits,fixed_three_descriptor_consensus,10.0,True,0.011384582172003182,0.0009599552714131173,0.9866487670450204,0.0005381910389401218,0.00046850447262331094
img_19ad82ae22d01c3b,nested_outer_oof_adaptive_base_fixed_consensus_v5,dataset_dev/03_bubnivka_ceramics/b307.jpg,03_bubnivka_ceramics,03_bubnivka_ceramics,True,0.9934498099680913,03_bubnivka_ceramics,01_opishnyan_ceramics,02_ornek,2,validation,srcgrp_12bb6621dab44eb0,src_global_bub_dark_cloth_closeups,unreviewed,unreviewed,three_view_cls_logit_ensemble__c100__source0p5,fixed_base_plus_three_motif_heads__equal_centered_logits,fixed_three_descriptor_consensus,10.0,True,0.002627722539639961,0.0026089250255013014,0.9934498099680913,0.00027317443950356803,0.0010403680272640737
img_475836cf0ae16d6a,nested_outer_oof_adaptive_base_fixed_consensus_v5,dataset_dev/03_bubnivka_ceramics/b308.jpg,03_bubnivka_ceramics,03_bubnivka_ceramics,True,0.9963783821181449,03_bubnivka_ceramics,01_opishnyan_ceramics,05_kosiv_ceramics,3,train,srcgrp_b5344db4840ccf55,src_global_bub_blue_fair_table,unreviewed,unreviewed,three_view_cls_logit_ensemble__c100__source0p5,fixed_base_plus_three_motif_heads__equal_centered_logits,fixed_three_descriptor_consensus,10.0,True,0.0030486807407165807,7.279039919251991e-05,0.9963783821181449,3.8313366707189886e-05,0.0004618333752388597
img_bbb940ad1ce14fac,nested_outer_oof_adaptive_base_fixed_consensus_v5,dataset_dev/03_bubnivka_ceramics/b309.jpg,03_bubnivka_ceramics,03_bubnivka_ceramics,True,0.9933333517370246,03_bubnivka_ceramics,01_opishnyan_ceramics,05_kosiv_ceramics,3,train,srcgrp_b5344db4840ccf55,src_global_bub_blue_fair_table,unreviewed,unreviewed,three_view_cls_logit_ensemble__c100__source0p5,fixed_base_plus_three_motif_heads__equal_centered_logits,fixed_three_descriptor_consensus,10.0,True,0.005458455309232007,0.00012717930831366187,0.9933333517370246,6.316411682783368e-05,0.0010178495286018137
img_d94a449e9900ca0b,nested_outer_oof_adaptive_base_fixed_consensus_v5,dataset_dev/03_bubnivka_ceramics/b311.jpg,03_bubnivka_ceramics,03_bubnivka_ceramics,True,0.9459587800592903,03_bubnivka_ceramics,01_opishnyan_ceramics,02_ornek,3,train,srcgrp_b5344db4840ccf55,src_global_bub_blue_fair_table,unreviewed,unreviewed,three_view_cls_logit_ensemble__c100__source0p5,fixed_base_plus_three_motif_heads__equal_centered_logits,fixed_three_descriptor_consensus,10.0,True,0.052021450338367414,0.0012224699444731671,0.9459587800592903,0.0003523515534459973,0.00044494810442309725
img_45d1de0d3a1dd253,nested_outer_oof_adaptive_base_fixed_consensus_v5,dataset_dev/03_bubnivka_ceramics/b312.jpg,03_bubnivka_ceramics,03_bubnivka_ceramics,True,0.9178163271225735,03_bubnivka_ceramics,01_opishnyan_ceramics,05_kosiv_ceramics,3,train,srcgrp_b5344db4840ccf55,src_global_bub_blue_fair_table,unreviewed,unreviewed,three_view_cls_logit_ensemble__c100__source0p5,fixed_base_plus_three_motif_heads__equal_centered_logits,fixed_three_descriptor_consensus,10.0,True,0.07578863393874569,0.0014948668622408582,0.9178163271225735,0.00020891528140240073,0.004691256795037467
img_8db25b7ad8735709,nested_outer_oof_adaptive_base_fixed_consensus_v5,dataset_dev/03_bubnivka_ceramics/b313.jpg,03_bubnivka_ceramics,03_bubnivka_ceramics,True,0.9575710674456219,03_bubnivka_ceramics,01_opishnyan_ceramics,05_kosiv_ceramics,3,train,srcgrp_b5344db4840ccf55,src_global_bub_blue_fair_table,unreviewed,unreviewed,three_view_cls_logit_ensemble__c100__source0p5,fixed_base_plus_three_motif_heads__equal_centered_logits,fixed_three_descriptor_consensus,10.0,True,0.03925022085626255,0.0013881192215943398,0.9575710674456219,8.554952240752276e-05,0.0017050429541139581
img_0d4befbe46ae4b67,nested_outer_oof_adaptive_base_fixed_consensus_v5,dataset_dev/03_bubnivka_ceramics/b314.jpg,03_bubnivka_ceramics,03_bubnivka_ceramics,True,0.8763237200603962,03_bubnivka_ceramics,01_opishnyan_ceramics,02_ornek,3,train,srcgrp_b5344db4840ccf55,src_global_bub_blue_fair_table,unreviewed,unreviewed,three_view_cls_logit_ensemble__c100__source0p5,fixed_base_plus_three_motif_heads__equal_centered_logits,fixed_three_descriptor_consensus,10.0,True,0.11671554577403198,0.0048280670091491226,0.8763237200603962,0.0003265249140933868,0.0018061422423292575
img_09d93f9a5484ef08,nested_outer_oof_adaptive_base_fixed_consensus_v5,dataset_dev/03_bubnivka_ceramics/b315.jpg,03_bubnivka_ceramics,03_bubnivka_ceramics,True,0.7977589820439057,03_bubnivka_ceramics,01_opishnyan_ceramics,02_ornek,3,train,srcgrp_b5344db4840ccf55,src_global_bub_blue_fair_table,unreviewed,unreviewed,three_view_cls_logit_ensemble__c100__source0p5,fixed_base_plus_three_motif_heads__equal_centered_logits,fixed_three_descriptor_consensus,10.0,True,0.1924349047218217,0.008870024018308893,0.7977589820439057,0.0005090001943876845,0.0004270890215760579
img_37d37aabd7d1709f,nested_outer_oof_adaptive_base_fixed_consensus_v5,dataset_dev/03_bubnivka_ceramics/b316.jpg,03_bubnivka_ceramics,03_bubnivka_ceramics,True,0.9470516649319833,03_bubnivka_ceramics,01_opishnyan_ceramics,02_ornek,3,train,srcgrp_b5344db4840ccf55,src_global_bub_blue_fair_table,unreviewed,unreviewed,three_view_cls_logit_ensemble__c100__source0p5,fixed_base_plus_three_motif_heads__equal_centered_logits,fixed_three_descriptor_consensus,10.0,True,0.02948198519411566,0.022820701634630534,0.9470516649319833,0.00032887519237869697,0.00031677304689165723
img_15d44c05af9c3818,nested_outer_oof_adaptive_base_fixed_consensus_v5,dataset_dev/03_bubnivka_ceramics/b317.jpg,03_bubnivka_ceramics,03_bubnivka_ceramics,True,0.9925797025714223,03_bubnivka_ceramics,01_opishnyan_ceramics,02_ornek,3,train,srcgrp_b5344db4840ccf55,src_global_bub_blue_fair_table,unreviewed,unreviewed,three_view_cls_logit_ensemble__c100__source0p5,fixed_base_plus_three_motif_heads__equal_centered_logits,fixed_three_descriptor_consensus,10.0,True,0.0070903679800762036,0.00030127626440825116,0.9925797025714223,1.916170724785959e-05,9.491476845442499e-06
img_03ae66fe0dacfa51,nested_outer_oof_adaptive_base_fixed_consensus_v5,dataset_dev/03_bubnivka_ceramics/b321.jpg,03_bubnivka_ceramics,03_bubnivka_ceramics,True,0.9118136128178226,03_bubnivka_ceramics,01_opishnyan_ceramics,02_ornek,0,train,obj_single_03ae66fe0dacfa51,,unreviewed,unreviewed,three_view_cls_logit_ensemble__c100__source0p5,fixed_base_plus_three_motif_heads__equal_centered_logits,fixed_three_descriptor_consensus,10.0,True,0.0776913317618761,0.0060100436120842,0.9118136128178226,0.00033660878527181596,0.0041484030229453255
img_eb3dd3b4c32ed418,nested_outer_oof_adaptive_base_fixed_consensus_v5,dataset_dev/03_bubnivka_ceramics/b325.jpeg,03_bubnivka_ceramics,03_bubnivka_ceramics,True,0.9967225563213732,03_bubnivka_ceramics,05_kosiv_ceramics,01_opishnyan_ceramics,0,train,obj_single_eb3dd3b4c32ed418,,unreviewed,unreviewed,three_view_cls_logit_ensemble__c100__source0p5,fixed_base_plus_three_motif_heads__equal_centered_logits,fixed_three_descriptor_consensus,10.0,True,0.0014537212609585417,0.0001612783844252546,0.9967225563213732,0.00018257557273096132,0.0014798684605119255
img_8cef85b35523c90d,nested_outer_oof_adaptive_base_fixed_consensus_v5,dataset_dev/03_bubnivka_ceramics/b326.jpg,03_bubnivka_ceramics,03_bubnivka_ceramics,True,0.6863519792521873,03_bubnivka_ceramics,01_opishnyan_ceramics,04_petrykivka_painting,0,train,obj_single_8cef85b35523c90d,,unreviewed,unreviewed,three_view_cls_logit_ensemble__c100__source0p5,fixed_base_plus_three_motif_heads__equal_centered_logits,fixed_three_descriptor_consensus,10.0,True,0.24169112605109777,0.0251137994291324,0.6863519792521873,0.0358307724356054,0.011012322831977154
img_20d2e8f5d74407f5,nested_outer_oof_adaptive_base_fixed_consensus_v5,dataset_dev/03_bubnivka_ceramics/b327.jpg,03_bubnivka_ceramics,03_bubnivka_ceramics,True,0.9469736388398743,03_bubnivka_ceramics,01_opishnyan_ceramics,05_kosiv_ceramics,2,train,obj_single_20d2e8f5d74407f5,,unreviewed,unreviewed,three_view_cls_logit_ensemble__c100__source0p5,fixed_base_plus_three_motif_heads__equal_centered_logits,fixed_three_descriptor_consensus,10.0,True,0.02832243974761211,0.0018266683595458684,0.9469736388398743,0.0008449501348688889,0.022032302918098826
img_dfd1573c8b816542,nested_outer_oof_adaptive_base_fixed_consensus_v5,dataset_dev/03_bubnivka_ceramics/b329.jpg,03_bubnivka_ceramics,03_bubnivka_ceramics,True,0.9816547787192639,03_bubnivka_ceramics,01_opishnyan_ceramics,02_ornek,0,train,obj_single_dfd1573c8b816542,,unreviewed,unreviewed,three_view_cls_logit_ensemble__c100__source0p5,fixed_base_plus_three_motif_heads__equal_centered_logits,fixed_three_descriptor_consensus,10.0,True,0.013284294793694256,0.00462225316009866,0.9816547787192639,0.00036441092075781224,7.426240618546339e-05
img_271612f4b7263c51,nested_outer_oof_adaptive_base_fixed_consensus_v5,dataset_test/03_bubnivka_ceramics/b002.jpg,03_bubnivka_ceramics,03_bubnivka_ceramics,True,0.9906511551066681,03_bubnivka_ceramics,05_kosiv_ceramics,01_opishnyan_ceramics,4,validation,srcgrp_6d5d4ba8acb3dedc,src_global_bub_vognik_watermark,unreviewed,unreviewed,global_cls__c10__source0p5,fixed_base_plus_three_motif_heads__equal_centered_logits,fixed_three_descriptor_consensus,10.0,True,0.0017513182828031771,0.0012261878200598552,0.9906511551066681,0.0003778875388653048,0.005993451251603792
img_0edd2b9f2d573b54,nested_outer_oof_adaptive_base_fixed_consensus_v5,dataset_test/03_bubnivka_ceramics/b004.jpg,03_bubnivka_ceramics,03_bubnivka_ceramics,True,0.9642084852827346,03_bubnivka_ceramics,01_opishnyan_ceramics,02_ornek,4,validation,srcgrp_6d5d4ba8acb3dedc,src_global_bub_vognik_watermark,unreviewed,unreviewed,global_cls__c10__source0p5,fixed_base_plus_three_motif_heads__equal_centered_logits,fixed_three_descriptor_consensus,10.0,True,0.032049349581701664,0.0029031037158518754,0.9642084852827346,0.0004072119923844125,0.00043184942732741775
img_4a0ddc840c35265c,nested_outer_oof_adaptive_base_fixed_consensus_v5,dataset_test/03_bubnivka_ceramics/b006.jpg,03_bubnivka_ceramics,03_bubnivka_ceramics,True,0.9270711987367369,03_bubnivka_ceramics,05_kosiv_ceramics,02_ornek,4,validation,srcgrp_6d5d4ba8acb3dedc,src_global_bub_vognik_watermark,unreviewed,unreviewed,global_cls__c10__source0p5,fixed_base_plus_three_motif_heads__equal_centered_logits,fixed_three_descriptor_consensus,10.0,True,0.012547105990538415,0.023795793338081423,0.9270711987367369,0.00653246635714296,0.03005343557750024
img_6874c882f217410c,nested_outer_oof_adaptive_base_fixed_consensus_v5,dataset_test/03_bubnivka_ceramics/b009.jpg,03_bubnivka_ceramics,03_bubnivka_ceramics,True,0.995643210060414,03_bubnivka_ceramics,05_kosiv_ceramics,02_ornek,4,validation,srcgrp_6d5d4ba8acb3dedc,src_global_bub_vognik_watermark,unreviewed,unreviewed,global_cls__c10__source0p5,fixed_base_plus_three_motif_heads__equal_centered_logits,fixed_three_descriptor_consensus,10.0,True,0.0010502534805604442,0.0011741851336808777,0.995643210060414,0.00031131341018688334,0.001821037915157771
img_398152084381f72c,nested_outer_oof_adaptive_base_fixed_consensus_v5,dataset_test/03_bubnivka_ceramics/b011.jpg,03_bubnivka_ceramics,03_bubnivka_ceramics,True,0.9831471580100837,03_bubnivka_ceramics,01_opishnyan_ceramics,02_ornek,4,validation,srcgrp_6d5d4ba8acb3dedc,src_global_bub_vognik_watermark,unreviewed,unreviewed,global_cls__c10__source0p5,fixed_base_plus_three_motif_heads__equal_centered_logits,fixed_three_descriptor_consensus,10.0,True,0.015458452897280442,0.0009453757555807834,0.9831471580100837,7.828465532692338e-05,0.00037072868172802767
img_c956fe56f2b2dbbc,nested_outer_oof_adaptive_base_fixed_consensus_v5,dataset_test/03_bubnivka_ceramics/b017.jpg,03_bubnivka_ceramics,03_bubnivka_ceramics,True,0.9486564287819435,03_bubnivka_ceramics,01_opishnyan_ceramics,05_kosiv_ceramics,4,validation,srcgrp_6d5d4ba8acb3dedc,src_global_bub_vognik_watermark,unreviewed,unreviewed,global_cls__c10__source0p5,fixed_base_plus_three_motif_heads__equal_centered_logits,fixed_three_descriptor_consensus,10.0,True,0.03527304153091018,0.003232397529749806,0.9486564287819435,0.00012896689231853647,0.012709165265077992
img_07218a591e02d3ca,nested_outer_oof_adaptive_base_fixed_consensus_v5,dataset_test/03_bubnivka_ceramics/b028.jpg,03_bubnivka_ceramics,03_bubnivka_ceramics,True,0.9980910277975849,03_bubnivka_ceramics,02_ornek,01_opishnyan_ceramics,4,validation,srcgrp_6d5d4ba8acb3dedc,src_global_bub_vognik_watermark,unreviewed,unreviewed,global_cls__c10__source0p5,fixed_base_plus_three_motif_heads__equal_centered_logits,fixed_three_descriptor_consensus,10.0,True,0.0004908057689840911,0.0010983161831861741,0.9980910277975849,8.959150465212395e-05,0.00023025874559281956
img_c068b6adaf1acdd2,nested_outer_oof_adaptive_base_fixed_consensus_v5,dataset_test/03_bubnivka_ceramics/b030.jpg,03_bubnivka_ceramics,03_bubnivka_ceramics,True,0.9528824794385063,03_bubnivka_ceramics,01_opishnyan_ceramics,02_ornek,4,validation,srcgrp_6d5d4ba8acb3dedc,src_global_bub_vognik_watermark,unreviewed,unreviewed,global_cls__c10__source0p5,fixed_base_plus_three_motif_heads__equal_centered_logits,fixed_three_descriptor_consensus,10.0,True,0.020634939956698902,0.019953697743052747,0.9528824794385063,0.0005069962010505273,0.0060218866606915646
img_b1ab8ca6ead0b14d,nested_outer_oof_adaptive_base_fixed_consensus_v5,dataset_test/03_bubnivka_ceramics/b033.jpg,03_bubnivka_ceramics,03_bubnivka_ceramics,True,0.9970273878268402,03_bubnivka_ceramics,05_kosiv_ceramics,01_opishnyan_ceramics,4,validation,srcgrp_6d5d4ba8acb3dedc,src_global_bub_vognik_watermark,unreviewed,unreviewed,global_cls__c10__source0p5,fixed_base_plus_three_motif_heads__equal_centered_logits,fixed_three_descriptor_consensus,10.0,True,0.0007437688809179706,0.0003928302247004416,0.9970273878268402,9.525784331019172e-05,0.0017407552242310837
img_38ff1e10118591dd,nested_outer_oof_adaptive_base_fixed_consensus_v5,dataset_test/03_bubnivka_ceramics/b037.jpg,03_bubnivka_ceramics,03_bubnivka_ceramics,True,0.9001789598892338,03_bubnivka_ceramics,01_opishnyan_ceramics,02_ornek,1,train,obj_single_38ff1e10118591dd,,unreviewed,unreviewed,global_cls__c10__source0p5,fixed_base_plus_three_motif_heads__equal_centered_logits,fixed_three_descriptor_consensus,10.0,True,0.09587304193912907,0.0030196705378437625,0.9001789598892338,0.00021176477571931102,0.0007165628580740512
img_23172f7819bdd1f1,nested_outer_oof_adaptive_base_fixed_consensus_v5,dataset_test/03_bubnivka_ceramics/b042.jpg,03_bubnivka_ceramics,03_bubnivka_ceramics,True,0.8880098711925812,03_bubnivka_ceramics,01_opishnyan_ceramics,02_ornek,0,train,obj_single_23172f7819bdd1f1,,unreviewed,unreviewed,three_view_cls_logit_ensemble__c100__source0p5,fixed_base_plus_three_motif_heads__equal_centered_logits,fixed_three_descriptor_consensus,10.0,True,0.05860231862156788,0.03518718358308061,0.8880098711925812,0.0015308738352620515,0.016669752767508077
img_2e49a3a548ad7b93,nested_outer_oof_adaptive_base_fixed_consensus_v5,dataset_test/03_bubnivka_ceramics/b043.jpg,03_bubnivka_ceramics,03_bubnivka_ceramics,True,0.8685762600514899,03_bubnivka_ceramics,01_opishnyan_ceramics,05_kosiv_ceramics,2,train,obj_single_2e49a3a548ad7b93,,unreviewed,unreviewed,three_view_cls_logit_ensemble__c100__source0p5,fixed_base_plus_three_motif_heads__equal_centered_logits,fixed_three_descriptor_consensus,10.0,True,0.13058203356436235,0.00030699738986547534,0.8685762600514899,5.355623268485324e-05,0.00048115276159743035
img_613071d744fd423b,nested_outer_oof_adaptive_base_fixed_consensus_v5,dataset_test/03_bubnivka_ceramics/b048.jpg,03_bubnivka_ceramics,03_bubnivka_ceramics,True,0.8665794077523312,03_bubnivka_ceramics,02_ornek,05_kosiv_ceramics,0,train,obj_single_613071d744fd423b,,unreviewed,unreviewed,three_view_cls_logit_ensemble__c100__source0p5,fixed_base_plus_three_motif_heads__equal_centered_logits,fixed_three_descriptor_consensus,10.0,True,0.02004076618597322,0.07209443992074924,0.8665794077523312,0.001666301251988378,0.039619084888958135
img_7137c88e9d4c893d,nested_outer_oof_adaptive_base_fixed_consensus_v5,dataset_test/03_bubnivka_ceramics/b050.jpg,03_bubnivka_ceramics,03_bubnivka_ceramics,True,0.9886821140218964,03_bubnivka_ceramics,01_opishnyan_ceramics,05_kosiv_ceramics,2,train,obj_single_7137c88e9d4c893d,,unreviewed,unreviewed,three_view_cls_logit_ensemble__c100__source0p5,fixed_base_plus_three_motif_heads__equal_centered_logits,fixed_three_descriptor_consensus,10.0,True,0.010663208337496602,8.429292225398581e-05,0.9886821140218964,4.137394244147821e-05,0.0005290107759114372
img_fef1e812733aa7b4,nested_outer_oof_adaptive_base_fixed_consensus_v5,dataset_test/03_bubnivka_ceramics/b083.jpg,03_bubnivka_ceramics,03_bubnivka_ceramics,True,0.9876303204416783,03_bubnivka_ceramics,02_ornek,01_opishnyan_ceramics,1,train,srcgrp_02dcb43a6e59f452,src_global_bub_fair_vendor_a,unreviewed,unreviewed,global_cls__c10__source0p5,fixed_base_plus_three_motif_heads__equal_centered_logits,fixed_three_descriptor_consensus,10.0,True,0.002545154788857081,0.009611232201514249,0.9876303204416783,8.538810471535511e-05,0.00012790446323486608
img_9730a0bef77209a2,nested_outer_oof_adaptive_base_fixed_consensus_v5,dataset_test/03_bubnivka_ceramics/b085.jpg,03_bubnivka_ceramics,03_bubnivka_ceramics,True,0.9464099325961879,03_bubnivka_ceramics,02_ornek,01_opishnyan_ceramics,1,train,srcgrp_02dcb43a6e59f452,src_global_bub_fair_vendor_a,unreviewed,unreviewed,global_cls__c10__source0p5,fixed_base_plus_three_motif_heads__equal_centered_logits,fixed_three_descriptor_consensus,10.0,True,0.002906120448858734,0.04994615608493213,0.9464099325961879,0.0004499273540239321,0.0002878635159973336
img_30e985fd97200ef9,nested_outer_oof_adaptive_base_fixed_consensus_v5,dataset_test/03_bubnivka_ceramics/b087.jpg,03_bubnivka_ceramics,03_bubnivka_ceramics,True,0.913341678694771,03_bubnivka_ceramics,01_opishnyan_ceramics,02_ornek,1,train,srcgrp_02dcb43a6e59f452,src_global_bub_fair_vendor_a,unreviewed,unreviewed,global_cls__c10__source0p5,fixed_base_plus_three_motif_heads__equal_centered_logits,fixed_three_descriptor_consensus,10.0,True,0.0547663236117256,0.02649013122207419,0.913341678694771,0.005023373105755036,0.0003784933656740806
img_6ec380bf0d545b56,nested_outer_oof_adaptive_base_fixed_consensus_v5,dataset_test/03_bubnivka_ceramics/b094.jpg,03_bubnivka_ceramics,03_bubnivka_ceramics,True,0.9822898766615588,03_bubnivka_ceramics,01_opishnyan_ceramics,04_petrykivka_painting,1,train,srcgrp_02dcb43a6e59f452,src_global_bub_fair_vendor_a,unreviewed,unreviewed,global_cls__c10__source0p5,fixed_base_plus_three_motif_heads__equal_centered_logits,fixed_three_descriptor_consensus,10.0,True,0.013519504031322516,0.0005781472676094615,0.9822898766615588,0.0033237693176628768,0.00028870272184625936
img_98808e79431a3d38,nested_outer_oof_adaptive_base_fixed_consensus_v5,dataset_test/03_bubnivka_ceramics/b096.jpg,03_bubnivka_ceramics,03_bubnivka_ceramics,True,0.9950480395649314,03_bubnivka_ceramics,01_opishnyan_ceramics,04_petrykivka_painting,1,train,srcgrp_02dcb43a6e59f452,src_global_bub_fair_vendor_a,unreviewed,unreviewed,global_cls__c10__source0p5,fixed_base_plus_three_motif_heads__equal_centered_logits,fixed_three_descriptor_consensus,10.0,True,0.0023952293181851666,0.00013327043350880256,0.9950480395649314,0.0017154821461893364,0.0007079785371854512
img_2753b13ff9a67e2c,nested_outer_oof_adaptive_base_fixed_consensus_v5,dataset_test/03_bubnivka_ceramics/b100.jpg,03_bubnivka_ceramics,03_bubnivka_ceramics,True,0.997398430303632,03_bubnivka_ceramics,01_opishnyan_ceramics,04_petrykivka_painting,1,train,srcgrp_02dcb43a6e59f452,src_global_bub_fair_vendor_a,unreviewed,unreviewed,global_cls__c10__source0p5,fixed_base_plus_three_motif_heads__equal_centered_logits,fixed_three_descriptor_consensus,10.0,True,0.0016883402213016718,6.470470095116687e-05,0.997398430303632,0.0005483797014458979,0.0003001450726694743
img_f3318553c1045820,nested_outer_oof_adaptive_base_fixed_consensus_v5,dataset_test/03_bubnivka_ceramics/b104.jpg,03_bubnivka_ceramics,03_bubnivka_ceramics,True,0.9912152617126356,03_bubnivka_ceramics,01_opishnyan_ceramics,05_kosiv_ceramics,1,train,srcgrp_02dcb43a6e59f452,src_global_bub_fair_vendor_a,unreviewed,unreviewed,global_cls__c10__source0p5,fixed_base_plus_three_motif_heads__equal_centered_logits,fixed_three_descriptor_consensus,10.0,True,0.005262093339775522,0.00042025175805842307,0.9912152617126356,0.0013941080503995552,0.0017082851391310183
img_56d18554111a520a,nested_outer_oof_adaptive_base_fixed_consensus_v5,dataset_test/03_bubnivka_ceramics/b114.jpg,03_bubnivka_ceramics,03_bubnivka_ceramics,True,0.9942364528784607,03_bubnivka_ceramics,05_kosiv_ceramics,02_ornek,4,train,srcgrp_c84a287f983aa7cd,src_global_bub_leaf_stump,unreviewed,unreviewed,global_cls__c10__source0p5,fixed_base_plus_three_motif_heads__equal_centered_logits,fixed_three_descriptor_consensus,10.0,True,0.0007746482308352251,0.0016077446388508088,0.9942364528784607,0.0005281240431613115,0.0028530302086919074
img_de6df33704efe442,nested_outer_oof_adaptive_base_fixed_consensus_v5,dataset_test/03_bubnivka_ceramics/b118.jpg,03_bubnivka_ceramics,03_bubnivka_ceramics,True,0.9871154910319503,03_bubnivka_ceramics,01_opishnyan_ceramics,02_ornek,1,train,obj_single_de6df33704efe442,,unreviewed,unreviewed,global_cls__c10__source0p5,fixed_base_plus_three_motif_heads__equal_centered_logits,fixed_three_descriptor_consensus,10.0,True,0.006858749419494064,0.004692786250519043,0.9871154910319503,0.0005366622493347033,0.0007963110487020108
img_969935f917bf018f,nested_outer_oof_adaptive_base_fixed_consensus_v5,dataset_test/03_bubnivka_ceramics/b119.jpg,03_bubnivka_ceramics,03_bubnivka_ceramics,True,0.9981630867981699,03_bubnivka_ceramics,01_opishnyan_ceramics,05_kosiv_ceramics,1,train,obj_single_969935f917bf018f,,unreviewed,unreviewed,global_cls__c10__source0p5,fixed_base_plus_three_motif_heads__equal_centered_logits,fixed_three_descriptor_consensus,10.0,True,0.00167037254039727,1.2943001946341093e-05,0.9981630867981699,3.184200589508396e-05,0.00012175565359152493
img_cd8d687f52630531,nested_outer_oof_adaptive_base_fixed_consensus_v5,dataset_test/03_bubnivka_ceramics/b124.jpg,03_bubnivka_ceramics,03_bubnivka_ceramics,True,0.9123198464200032,03_bubnivka_ceramics,01_opishnyan_ceramics,05_kosiv_ceramics,1,train,obj_single_cd8d687f52630531,,unreviewed,unreviewed,global_cls__c10__source0p5,fixed_base_plus_three_motif_heads__equal_centered_logits,fixed_three_descriptor_consensus,10.0,True,0.08480652159924962,0.0004449355581285697,0.9123198464200032,0.0007220893313799165,0.0017066070912387904
img_3b5a43fc056f82b1,nested_outer_oof_adaptive_base_fixed_consensus_v5,dataset_test/03_bubnivka_ceramics/b195.jpg,03_bubnivka_ceramics,03_bubnivka_ceramics,True,0.9961537724885109,03_bubnivka_ceramics,05_kosiv_ceramics,02_ornek,0,train,obj_single_3b5a43fc056f82b1,,unreviewed,unreviewed,three_view_cls_logit_ensemble__c100__source0p5,fixed_base_plus_three_motif_heads__equal_centered_logits,fixed_three_descriptor_consensus,10.0,True,0.0004620484837442103,0.0015738701693178965,0.9961537724885109,0.0001550194358685769,0.0016552894225585842
img_26328ff20ada7096,nested_outer_oof_adaptive_base_fixed_consensus_v5,dataset_test/03_bubnivka_ceramics/b200.jpg,03_bubnivka_ceramics,03_bubnivka_ceramics,True,0.9925944888696552,03_bubnivka_ceramics,01_opishnyan_ceramics,02_ornek,1,train,obj_single_26328ff20ada7096,,unreviewed,unreviewed,global_cls__c10__source0p5,fixed_base_plus_three_motif_heads__equal_centered_logits,fixed_three_descriptor_consensus,10.0,True,0.0038842108643142347,0.001503068957760151,0.9925944888696552,0.0010394497977566069,0.000978781510513787
img_e2de58e72ef3c4ce,nested_outer_oof_adaptive_base_fixed_consensus_v5,dataset_test/03_bubnivka_ceramics/b209.jpg,03_bubnivka_ceramics,03_bubnivka_ceramics,True,0.9899821884521952,03_bubnivka_ceramics,05_kosiv_ceramics,02_ornek,3,train,srcgrp_32f746da59345286,src_global_bub_museum_interior,unreviewed,unreviewed,three_view_cls_logit_ensemble__c100__source0p5,fixed_base_plus_three_motif_heads__equal_centered_logits,fixed_three_descriptor_consensus,10.0,True,0.00013244854772778478,0.0025326942453787944,0.9899821884521952,0.00020546859103891856,0.007147200163659134
img_473e3ac138961a4a,nested_outer_oof_adaptive_base_fixed_consensus_v5,dataset_test/03_bubnivka_ceramics/b210.jpg,03_bubnivka_ceramics,01_opishnyan_ceramics,False,0.788148886862683,01_opishnyan_ceramics,03_bubnivka_ceramics,05_kosiv_ceramics,3,train,srcgrp_32f746da59345286,src_global_bub_museum_interior,unreviewed,unreviewed,three_view_cls_logit_ensemble__c100__source0p5,fixed_base_plus_three_motif_heads__equal_centered_logits,fixed_three_descriptor_consensus,10.0,True,0.788148886862683,0.0018759985538866417,0.2050777355997612,0.0014935675027667704,0.0034038114809024013
img_9198927409806e22,nested_outer_oof_adaptive_base_fixed_consensus_v5,dataset_test/03_bubnivka_ceramics/b211.jpg,03_bubnivka_ceramics,01_opishnyan_ceramics,False,0.9827076516761086,01_opishnyan_ceramics,03_bubnivka_ceramics,02_ornek,3,train,srcgrp_32f746da59345286,src_global_bub_museum_interior,unreviewed,unreviewed,three_view_cls_logit_ensemble__c100__source0p5,fixed_base_plus_three_motif_heads__equal_centered_logits,fixed_three_descriptor_consensus,10.0,True,0.9827076516761086,0.0019691087668435863,0.012859588672250377,0.0008290037140382822,0.0016346471707591426
img_e1e95533e8dd3a80,nested_outer_oof_adaptive_base_fixed_consensus_v5,dataset_test/03_bubnivka_ceramics/b217.jpg,03_bubnivka_ceramics,03_bubnivka_ceramics,True,0.9985395742486081,03_bubnivka_ceramics,05_kosiv_ceramics,02_ornek,3,train,srcgrp_32f746da59345286,src_global_bub_museum_interior,unreviewed,unreviewed,three_view_cls_logit_ensemble__c100__source0p5,fixed_base_plus_three_motif_heads__equal_centered_logits,fixed_three_descriptor_consensus,10.0,True,0.00031320238159110827,0.0004793651195756089,0.9985395742486081,0.00010585053259953705,0.000562007717625803
img_e13ba14d8e5683d3,nested_outer_oof_adaptive_base_fixed_consensus_v5,dataset_test/03_bubnivka_ceramics/b218.jpg,03_bubnivka_ceramics,01_opishnyan_ceramics,False,0.8427018785296645,01_opishnyan_ceramics,03_bubnivka_ceramics,05_kosiv_ceramics,3,train,srcgrp_32f746da59345286,src_global_bub_museum_interior,unreviewed,unreviewed,three_view_cls_logit_ensemble__c100__source0p5,fixed_base_plus_three_motif_heads__equal_centered_logits,fixed_three_descriptor_consensus,10.0,True,0.8427018785296645,0.0007148115571663249,0.15413137628829354,0.00018619686119932446,0.0022657367636762446
img_dcf9e3de59857391,nested_outer_oof_adaptive_base_fixed_consensus_v5,dataset_test/03_bubnivka_ceramics/b219.jpg,03_bubnivka_ceramics,01_opishnyan_ceramics,False,0.85215071058444,01_opishnyan_ceramics,03_bubnivka_ceramics,02_ornek,3,train,srcgrp_32f746da59345286,src_global_bub_museum_interior,unreviewed,unreviewed,three_view_cls_logit_ensemble__c100__source0p5,fixed_base_plus_three_motif_heads__equal_centered_logits,fixed_three_descriptor_consensus,10.0,True,0.85215071058444,0.011154890812452611,0.13069553592868424,0.00024317122531089305,0.005755691449112171
img_9b4abbf3c6bc552b,nested_outer_oof_adaptive_base_fixed_consensus_v5,dataset_test/03_bubnivka_ceramics/b224.jpg,03_bubnivka_ceramics,03_bubnivka_ceramics,True,0.8100598359754037,03_bubnivka_ceramics,01_opishnyan_ceramics,02_ornek,3,train,srcgrp_32f746da59345286,src_global_bub_museum_interior,unreviewed,unreviewed,three_view_cls_logit_ensemble__c100__source0p5,fixed_base_plus_three_motif_heads__equal_centered_logits,fixed_three_descriptor_consensus,10.0,True,0.18749551119969382,0.001653843336996287,0.8100598359754037,0.0004959445203337241,0.0002948649675725171
img_0438561b7972dccf,nested_outer_oof_adaptive_base_fixed_consensus_v5,dataset_test/03_bubnivka_ceramics/b229.jpg,03_bubnivka_ceramics,03_bubnivka_ceramics,True,0.9299647538903805,03_bubnivka_ceramics,01_opishnyan_ceramics,02_ornek,3,train,srcgrp_32f746da59345286,src_global_bub_museum_interior,unreviewed,unreviewed,three_view_cls_logit_ensemble__c100__source0p5,fixed_base_plus_three_motif_heads__equal_centered_logits,fixed_three_descriptor_consensus,10.0,True,0.05261087450893753,0.009425616794034248,0.9299647538903805,0.00014105066096033896,0.007857704145687434
img_583efadb0d838488,nested_outer_oof_adaptive_base_fixed_consensus_v5,dataset_test/03_bubnivka_ceramics/b230.jpg,03_bubnivka_ceramics,01_opishnyan_ceramics,False,0.5097410049099999,01_opishnyan_ceramics,03_bubnivka_ceramics,02_ornek,3,train,srcgrp_32f746da59345286,src_global_bub_museum_interior,unreviewed,unreviewed,three_view_cls_logit_ensemble__c100__source0p5,fixed_base_plus_three_motif_heads__equal_centered_logits,fixed_three_descriptor_consensus,10.0,True,0.5097410049099999,0.009443454594796603,0.47897516957295183,0.0013020608993322723,0.0005383100229194724
img_92bf3e9b6d82c988,nested_outer_oof_adaptive_base_fixed_consensus_v5,dataset_test/03_bubnivka_ceramics/b270.jpg,03_bubnivka_ceramics,03_bubnivka_ceramics,True,0.995712503917391,03_bubnivka_ceramics,01_opishnyan_ceramics,05_kosiv_ceramics,4,validation,srcgrp_6d5d4ba8acb3dedc,src_global_bub_vognik_watermark,unreviewed,unreviewed,global_cls__c10__source0p5,fixed_base_plus_three_motif_heads__equal_centered_logits,fixed_three_descriptor_consensus,10.0,True,0.001941762801860865,0.0005184659948789115,0.995712503917391,0.0007205176363740016,0.0011067496494954455
img_41e335883d59e27a,nested_outer_oof_adaptive_base_fixed_consensus_v5,dataset_test/03_bubnivka_ceramics/b271.jpg,03_bubnivka_ceramics,03_bubnivka_ceramics,True,0.994125558701222,03_bubnivka_ceramics,01_opishnyan_ceramics,05_kosiv_ceramics,0,train,obj_single_41e335883d59e27a,,unreviewed,unreviewed,three_view_cls_logit_ensemble__c100__source0p5,fixed_base_plus_three_motif_heads__equal_centered_logits,fixed_three_descriptor_consensus,10.0,True,0.002808584982154838,0.00023312212977873804,0.994125558701222,0.00012009523283262851,0.00271263895401193
img_c6d933ed1ed489f0,nested_outer_oof_adaptive_base_fixed_consensus_v5,dataset_test/03_bubnivka_ceramics/b272.jpg,03_bubnivka_ceramics,03_bubnivka_ceramics,True,0.977532645351347,03_bubnivka_ceramics,02_ornek,05_kosiv_ceramics,2,train,obj_single_c6d933ed1ed489f0,,unreviewed,unreviewed,three_view_cls_logit_ensemble__c100__source0p5,fixed_base_plus_three_motif_heads__equal_centered_logits,fixed_three_descriptor_consensus,10.0,True,0.001693727316905879,0.01563192516617412,0.977532645351347,0.000688809416316057,0.004452892749257029
img_123c787431cceb36,nested_outer_oof_adaptive_base_fixed_consensus_v5,dataset_test/03_bubnivka_ceramics/b273.jpg,03_bubnivka_ceramics,03_bubnivka_ceramics,True,0.9991673687746745,03_bubnivka_ceramics,02_ornek,01_opishnyan_ceramics,2,train,obj_single_123c787431cceb36,,unreviewed,unreviewed,three_view_cls_logit_ensemble__c100__source0p5,fixed_base_plus_three_motif_heads__equal_centered_logits,fixed_three_descriptor_consensus,10.0,True,0.0003066714033492965,0.00032458630802110854,0.9991673687746745,6.989569150857903e-05,0.00013147782244643207
img_c3bebdc328ddc87e,nested_outer_oof_adaptive_base_fixed_consensus_v5,dataset_test/03_bubnivka_ceramics/b278.jpg,03_bubnivka_ceramics,03_bubnivka_ceramics,True,0.40838625847150095,03_bubnivka_ceramics,02_ornek,01_opishnyan_ceramics,0,train,obj_single_c3bebdc328ddc87e,,unreviewed,unreviewed,three_view_cls_logit_ensemble__c100__source0p5,fixed_base_plus_three_motif_heads__equal_centered_logits,fixed_three_descriptor_consensus,10.0,True,0.169954884970773,0.36505790417127126,0.40838625847150095,0.0010272018366720218,0.055573750549782815
img_65bbadfb71dacade,nested_outer_oof_adaptive_base_fixed_consensus_v5,dataset_test/03_bubnivka_ceramics/b287.jpg,03_bubnivka_ceramics,03_bubnivka_ceramics,True,0.6985284560768341,03_bubnivka_ceramics,01_opishnyan_ceramics,05_kosiv_ceramics,0,train,obj_single_65bbadfb71dacade,,unreviewed,unreviewed,three_view_cls_logit_ensemble__c100__source0p5,fixed_base_plus_three_motif_heads__equal_centered_logits,fixed_three_descriptor_consensus,10.0,True,0.29411335346205225,0.0005740316651239366,0.6985284560768341,0.0006534624491631121,0.0061306963468264865
img_5c15b9d8cce94b8a,nested_outer_oof_adaptive_base_fixed_consensus_v5,dataset_test/03_bubnivka_ceramics/b289.jpg,03_bubnivka_ceramics,03_bubnivka_ceramics,True,0.9326529062086266,03_bubnivka_ceramics,05_kosiv_ceramics,01_opishnyan_ceramics,0,train,obj_single_5c15b9d8cce94b8a,,unreviewed,unreviewed,three_view_cls_logit_ensemble__c100__source0p5,fixed_base_plus_three_motif_heads__equal_centered_logits,fixed_three_descriptor_consensus,10.0,True,0.02777495480109598,0.005002435851917881,0.9326529062086266,0.00015378566174336787,0.03441591747661611
img_2950b4f304213f6b,nested_outer_oof_adaptive_base_fixed_consensus_v5,dataset_test/03_bubnivka_ceramics/b292.jpg,03_bubnivka_ceramics,03_bubnivka_ceramics,True,0.9929894866037422,03_bubnivka_ceramics,05_kosiv_ceramics,01_opishnyan_ceramics,1,train,obj_single_2950b4f304213f6b,,unreviewed,unreviewed,global_cls__c10__source0p5,fixed_base_plus_three_motif_heads__equal_centered_logits,fixed_three_descriptor_consensus,10.0,True,0.0027521797185917924,7.95217893050409e-05,0.9929894866037422,0.00011575187757650751,0.004063060010784285
img_6e1d011f044980e9,nested_outer_oof_adaptive_base_fixed_consensus_v5,dataset_test/03_bubnivka_ceramics/b295.jpg,03_bubnivka_ceramics,03_bubnivka_ceramics,True,0.9966671530847185,03_bubnivka_ceramics,01_opishnyan_ceramics,04_petrykivka_painting,2,validation,srcgrp_12bb6621dab44eb0,src_global_bub_dark_cloth_closeups,unreviewed,unreviewed,three_view_cls_logit_ensemble__c100__source0p5,fixed_base_plus_three_motif_heads__equal_centered_logits,fixed_three_descriptor_consensus,10.0,True,0.0025892847924031564,0.00018145677866473445,0.9966671530847185,0.00048546919435545744,7.663614985817358e-05
img_be25fc833f4b7ebb,nested_outer_oof_adaptive_base_fixed_consensus_v5,dataset_test/03_bubnivka_ceramics/b297.jpg,03_bubnivka_ceramics,03_bubnivka_ceramics,True,0.9985114662023361,03_bubnivka_ceramics,01_opishnyan_ceramics,04_petrykivka_painting,2,validation,srcgrp_12bb6621dab44eb0,src_global_bub_dark_cloth_closeups,unreviewed,unreviewed,three_view_cls_logit_ensemble__c100__source0p5,fixed_base_plus_three_motif_heads__equal_centered_logits,fixed_three_descriptor_consensus,10.0,True,0.0011130230971586313,9.649143679431007e-05,0.9985114662023361,0.00019374340565899448,8.527585805195987e-05
img_fdd1c79575243573,nested_outer_oof_adaptive_base_fixed_consensus_v5,dataset_test/03_bubnivka_ceramics/b299.jpg,03_bubnivka_ceramics,03_bubnivka_ceramics,True,0.9939882066842531,03_bubnivka_ceramics,01_opishnyan_ceramics,02_ornek,2,validation,srcgrp_12bb6621dab44eb0,src_global_bub_dark_cloth_closeups,unreviewed,unreviewed,three_view_cls_logit_ensemble__c100__source0p5,fixed_base_plus_three_motif_heads__equal_centered_logits,fixed_three_descriptor_consensus,10.0,True,0.0026628015019832456,0.0017146766457945236,0.9939882066842531,0.00044338972873269385,0.0011909254392365508
img_4caba2215c35da80,nested_outer_oof_adaptive_base_fixed_consensus_v5,dataset_test/03_bubnivka_ceramics/b301.jpg,03_bubnivka_ceramics,03_bubnivka_ceramics,True,0.9138785147524662,03_bubnivka_ceramics,05_kosiv_ceramics,01_opishnyan_ceramics,2,validation,srcgrp_12bb6621dab44eb0,src_global_bub_dark_cloth_closeups,unreviewed,unreviewed,three_view_cls_logit_ensemble__c100__source0p5,fixed_base_plus_three_motif_heads__equal_centered_logits,fixed_three_descriptor_consensus,10.0,True,0.029911839584251757,0.009912729567154228,0.9138785147524662,0.0016504153821738181,0.04464650071395391
img_0095bea433d45455,nested_outer_oof_adaptive_base_fixed_consensus_v5,dataset_test/03_bubnivka_ceramics/b304.jpg,03_bubnivka_ceramics,03_bubnivka_ceramics,True,0.9961278659900716,03_bubnivka_ceramics,01_opishnyan_ceramics,05_kosiv_ceramics,2,validation,srcgrp_12bb6621dab44eb0,src_global_bub_dark_cloth_closeups,unreviewed,unreviewed,three_view_cls_logit_ensemble__c100__source0p5,fixed_base_plus_three_motif_heads__equal_centered_logits,fixed_three_descriptor_consensus,10.0,True,0.0025067455970544713,0.0002841019628136914,0.9961278659900716,7.65078059142519e-05,0.0010047786441459575
img_cd0419751b8992bc,nested_outer_oof_adaptive_base_fixed_consensus_v5,dataset_test/03_bubnivka_ceramics/b305.jpg,03_bubnivka_ceramics,03_bubnivka_ceramics,True,0.9901373800802505,03_bubnivka_ceramics,02_ornek,01_opishnyan_ceramics,2,validation,srcgrp_12bb6621dab44eb0,src_global_bub_dark_cloth_closeups,unreviewed,unreviewed,three_view_cls_logit_ensemble__c100__source0p5,fixed_base_plus_three_motif_heads__equal_centered_logits,fixed_three_descriptor_consensus,10.0,True,0.004019112873467316,0.0048165526048996815,0.9901373800802505,0.00016089668709608112,0.0008660577542863884
img_c7e32682d476e923,nested_outer_oof_adaptive_base_fixed_consensus_v5,dataset_test/03_bubnivka_ceramics/b310.jpg,03_bubnivka_ceramics,03_bubnivka_ceramics,True,0.9795373174766958,03_bubnivka_ceramics,01_opishnyan_ceramics,05_kosiv_ceramics,3,train,srcgrp_b5344db4840ccf55,src_global_bub_blue_fair_table,unreviewed,unreviewed,three_view_cls_logit_ensemble__c100__source0p5,fixed_base_plus_three_motif_heads__equal_centered_logits,fixed_three_descriptor_consensus,10.0,True,0.019026762071055046,0.00028093931192833463,0.9795373174766958,7.523241297584044e-05,0.0010797487273448308
img_07226e6e8e112cd9,nested_outer_oof_adaptive_base_fixed_consensus_v5,dataset_test/03_bubnivka_ceramics/b322.jpg,03_bubnivka_ceramics,03_bubnivka_ceramics,True,0.820005102231537,03_bubnivka_ceramics,01_opishnyan_ceramics,02_ornek,0,train,obj_single_07226e6e8e112cd9,,unreviewed,unreviewed,three_view_cls_logit_ensemble__c100__source0p5,fixed_base_plus_three_motif_heads__equal_centered_logits,fixed_three_descriptor_consensus,10.0,True,0.16291902313790194,0.009180260085942546,0.820005102231537,0.001953788555109178,0.005941825989509449
img_ffda01d8ee04bbf2,nested_outer_oof_adaptive_base_fixed_consensus_v5,dataset_test/03_bubnivka_ceramics/b323.jpeg,03_bubnivka_ceramics,03_bubnivka_ceramics,True,0.9497096775527456,03_bubnivka_ceramics,01_opishnyan_ceramics,02_ornek,1,train,obj_single_ffda01d8ee04bbf2,,unreviewed,unreviewed,global_cls__c10__source0p5,fixed_base_plus_three_motif_heads__equal_centered_logits,fixed_three_descriptor_consensus,10.0,True,0.040006981615112944,0.005806299456189091,0.9497096775527456,0.0028841992933293305,0.0015928420826229444
img_4b8be63267d06224,nested_outer_oof_adaptive_base_fixed_consensus_v5,dataset_test/03_bubnivka_ceramics/b324.jpeg,03_bubnivka_ceramics,03_bubnivka_ceramics,True,0.96752035371966,03_bubnivka_ceramics,05_kosiv_ceramics,01_opishnyan_ceramics,2,train,obj_single_4b8be63267d06224,,unreviewed,unreviewed,three_view_cls_logit_ensemble__c100__source0p5,fixed_base_plus_three_motif_heads__equal_centered_logits,fixed_three_descriptor_consensus,10.0,True,0.011159454148220479,0.003475109277328198,0.96752035371966,0.0021105523461683318,0.015734530508622856
img_444562ef04ffe9b1,nested_outer_oof_adaptive_base_fixed_consensus_v5,dataset_test/03_bubnivka_ceramics/b328.jpg,03_bubnivka_ceramics,03_bubnivka_ceramics,True,0.397448280014482,03_bubnivka_ceramics,01_opishnyan_ceramics,02_ornek,0,train,obj_single_444562ef04ffe9b1,,unreviewed,unreviewed,three_view_cls_logit_ensemble__c100__source0p5,fixed_base_plus_three_motif_heads__equal_centered_logits,fixed_three_descriptor_consensus,10.0,True,0.3374936892870527,0.18840281288513006,0.397448280014482,0.00903742343407508,0.06761779437926035
img_f84dfd74441c7b25,nested_outer_oof_adaptive_base_fixed_consensus_v5,dataset_dev/04_petrykivka_painting/001.jpg,04_petrykivka_painting,04_petrykivka_painting,True,0.8921706629958822,04_petrykivka_painting,02_ornek,05_kosiv_ceramics,2,train,obj_single_f84dfd74441c7b25,,unreviewed,unreviewed,three_view_cls_logit_ensemble__c100__source0p5,fixed_base_plus_three_motif_heads__equal_centered_logits,fixed_three_descriptor_consensus,10.0,True,0.008431327645804154,0.053208629871645555,0.0014677645289998046,0.8921706629958822,0.04472161495766812
img_a94d0ae64a2dc81b,nested_outer_oof_adaptive_base_fixed_consensus_v5,dataset_dev/04_petrykivka_painting/002.jpg,04_petrykivka_painting,04_petrykivka_painting,True,0.9982131700353817,04_petrykivka_painting,02_ornek,03_bubnivka_ceramics,4,train,obj_single_a94d0ae64a2dc81b,,unreviewed,unreviewed,global_cls__c10__source0p5,fixed_base_plus_three_motif_heads__equal_centered_logits,fixed_three_descriptor_consensus,10.0,True,0.00020948053572170656,0.0008609686112871247,0.0006215485884893547,0.9982131700353817,9.483222912000139e-05
img_fbbb4f5836074e3b,nested_outer_oof_adaptive_base_fixed_consensus_v5,dataset_dev/04_petrykivka_painting/003.jpg,04_petrykivka_painting,04_petrykivka_painting,True,0.7809751584650186,04_petrykivka_painting,03_bubnivka_ceramics,05_kosiv_ceramics,1,train,obj_single_fbbb4f5836074e3b,,unreviewed,unreviewed,global_cls__c10__source0p5,fixed_base_plus_three_motif_heads__equal_centered_logits,fixed_three_descriptor_consensus,10.0,True,0.00506773316184368,0.01746449286509092,0.17115646127160888,0.7809751584650186,0.025336154236437754
img_df16aa0b9d2090c5,nested_outer_oof_adaptive_base_fixed_consensus_v5,dataset_dev/04_petrykivka_painting/004.jpg,04_petrykivka_painting,04_petrykivka_painting,True,0.6873921574963279,04_petrykivka_painting,05_kosiv_ceramics,02_ornek,1,validation,obj_single_df16aa0b9d2090c5,,unreviewed,unreviewed,global_cls__c10__source0p5,fixed_base_plus_three_motif_heads__equal_centered_logits,fixed_three_descriptor_consensus,10.0,True,0.011827169003776256,0.09980415820080639,0.0950343938645905,0.6873921574963279,0.10594212143449884
img_15c4e71aba14f69b,nested_outer_oof_adaptive_base_fixed_consensus_v5,dataset_dev/04_petrykivka_painting/005.jpg,04_petrykivka_painting,04_petrykivka_painting,True,0.9998244340463291,04_petrykivka_painting,02_ornek,03_bubnivka_ceramics,2,train,obj_single_15c4e71aba14f69b,,unreviewed,unreviewed,three_view_cls_logit_ensemble__c100__source0p5,fixed_base_plus_three_motif_heads__equal_centered_logits,fixed_three_descriptor_consensus,10.0,True,5.423380385593354e-06,9.967888369046563e-05,4.489052442649828e-05,0.9998244340463291,2.5573165168418023e-05
img_6438078a8bf203b1,nested_outer_oof_adaptive_base_fixed_consensus_v5,dataset_dev/04_petrykivka_painting/006.jpg,04_petrykivka_painting,04_petrykivka_painting,True,0.8904161509249426,04_petrykivka_painting,02_ornek,03_bubnivka_ceramics,1,train,obj_single_6438078a8bf203b1,,unreviewed,unreviewed,global_cls__c10__source0p5,fixed_base_plus_three_motif_heads__equal_centered_logits,fixed_three_descriptor_consensus,10.0,True,0.0019406759197001066,0.09657577111224172,0.00583770199368226,0.8904161509249426,0.005229700049433168
img_eec7a98c61173cf1,nested_outer_oof_adaptive_base_fixed_consensus_v5,dataset_dev/04_petrykivka_painting/007.jpg,04_petrykivka_painting,04_petrykivka_painting,True,0.9997937065848571,04_petrykivka_painting,05_kosiv_ceramics,03_bubnivka_ceramics,0,train,obj_single_eec7a98c61173cf1,,unreviewed,unreviewed,three_view_cls_logit_ensemble__c100__source0p5,fixed_base_plus_three_motif_heads__equal_centered_logits,fixed_three_descriptor_consensus,10.0,True,8.086644974780088e-06,1.805387370588533e-05,2.924711125763907e-05,0.9997937065848571,0.00015090578520436353
img_52c007c097a00227,nested_outer_oof_adaptive_base_fixed_consensus_v5,dataset_dev/04_petrykivka_painting/008.jpg,04_petrykivka_painting,04_petrykivka_painting,True,0.9989256068942489,04_petrykivka_painting,01_opishnyan_ceramics,02_ornek,0,train,obj_single_52c007c097a00227,,unreviewed,unreviewed,three_view_cls_logit_ensemble__c100__source0p5,fixed_base_plus_three_motif_heads__equal_centered_logits,fixed_three_descriptor_consensus,10.0,True,0.0005696819214833026,0.00046743544054618773,2.9765779148462095e-05,0.9989256068942489,7.5099645731459e-06
img_09acf7084d20134b,nested_outer_oof_adaptive_base_fixed_consensus_v5,dataset_dev/04_petrykivka_painting/009.jpg,04_petrykivka_painting,05_kosiv_ceramics,False,0.5677397084358837,05_kosiv_ceramics,04_petrykivka_painting,02_ornek,1,train,obj_single_09acf7084d20134b,,unreviewed,unreviewed,global_cls__c10__source0p5,fixed_base_plus_three_motif_heads__equal_centered_logits,fixed_three_descriptor_consensus,10.0,True,0.015004862659421813,0.11305044823330454,0.015501131061013921,0.288703849610376,0.5677397084358837
img_b40c31eae4524eb5,nested_outer_oof_adaptive_base_fixed_consensus_v5,dataset_dev/04_petrykivka_painting/010.jpg,04_petrykivka_painting,04_petrykivka_painting,True,0.8503419977097423,04_petrykivka_painting,05_kosiv_ceramics,02_ornek,2,validation,obj_single_b40c31eae4524eb5,,unreviewed,unreviewed,three_view_cls_logit_ensemble__c100__source0p5,fixed_base_plus_three_motif_heads__equal_centered_logits,fixed_three_descriptor_consensus,10.0,True,0.003048428415118928,0.02237767785496238,0.011096765419529564,0.8503419977097423,0.11313513060064674
img_dbfee1a536d760f7,nested_outer_oof_adaptive_base_fixed_consensus_v5,dataset_dev/04_petrykivka_painting/012.jpg,04_petrykivka_painting,04_petrykivka_painting,True,0.9648843398694801,04_petrykivka_painting,01_opishnyan_ceramics,05_kosiv_ceramics,4,train,obj_single_dbfee1a536d760f7,,unreviewed,unreviewed,global_cls__c10__source0p5,fixed_base_plus_three_motif_heads__equal_centered_logits,fixed_three_descriptor_consensus,10.0,True,0.02212205487078739,0.0028812534250302144,0.0009938869996596689,0.9648843398694801,0.009118464835042582
img_f713f0c412f0d674,nested_outer_oof_adaptive_base_fixed_consensus_v5,dataset_dev/04_petrykivka_painting/013.jpg,04_petrykivka_painting,04_petrykivka_painting,True,0.9979922485645394,04_petrykivka_painting,02_ornek,01_opishnyan_ceramics,0,train,obj_single_f713f0c412f0d674,,unreviewed,unreviewed,three_view_cls_logit_ensemble__c100__source0p5,fixed_base_plus_three_motif_heads__equal_centered_logits,fixed_three_descriptor_consensus,10.0,True,0.0008338772767345721,0.0009727182685543911,0.0001783681629572163,0.9979922485645394,2.2787727214583504e-05
img_f9689d40bda2da3b,nested_outer_oof_adaptive_base_fixed_consensus_v5,dataset_dev/04_petrykivka_painting/014.jpg,04_petrykivka_painting,04_petrykivka_painting,True,0.9241559012071021,04_petrykivka_painting,05_kosiv_ceramics,02_ornek,3,train,obj_single_f9689d40bda2da3b,,unreviewed,unreviewed,three_view_cls_logit_ensemble__c100__source0p5,fixed_base_plus_three_motif_heads__equal_centered_logits,fixed_three_descriptor_consensus,10.0,True,0.005179040728950715,0.005838432578792407,0.0001288706286896604,0.9241559012071021,0.06469775485646516
img_80595b0a2e4373c6,nested_outer_oof_adaptive_base_fixed_consensus_v5,dataset_dev/04_petrykivka_painting/015.jpg,04_petrykivka_painting,04_petrykivka_painting,True,0.9978279535462158,04_petrykivka_painting,03_bubnivka_ceramics,01_opishnyan_ceramics,4,train,obj_single_80595b0a2e4373c6,,unreviewed,unreviewed,global_cls__c10__source0p5,fixed_base_plus_three_motif_heads__equal_centered_logits,fixed_three_descriptor_consensus,10.0,True,0.00036913423964309483,0.0002402078688449986,0.00153355992981893,0.9978279535462158,2.9144415477152144e-05
img_027b09c66eaf5805,nested_outer_oof_adaptive_base_fixed_consensus_v5,dataset_dev/04_petrykivka_painting/016.jpg,04_petrykivka_painting,04_petrykivka_painting,True,0.9873409059103849,04_petrykivka_painting,01_opishnyan_ceramics,02_ornek,1,train,obj_single_027b09c66eaf5805,,unreviewed,unreviewed,global_cls__c10__source0p5,fixed_base_plus_three_motif_heads__equal_centered_logits,fixed_three_descriptor_consensus,10.0,True,0.009850256717450295,0.0025604057910318325,0.00022443847142040725,0.9873409059103849,2.3993109712458938e-05
img_57e89cefd5e7f7cc,nested_outer_oof_adaptive_base_fixed_consensus_v5,dataset_dev/04_petrykivka_painting/018.jpg,04_petrykivka_painting,04_petrykivka_painting,True,0.9988326327294437,04_petrykivka_painting,03_bubnivka_ceramics,05_kosiv_ceramics,2,train,obj_single_57e89cefd5e7f7cc,,unreviewed,unreviewed,three_view_cls_logit_ensemble__c100__source0p5,fixed_base_plus_three_motif_heads__equal_centered_logits,fixed_three_descriptor_consensus,10.0,True,0.0001443158934011402,0.00010416245040903225,0.0005093642876616334,0.9988326327294437,0.00040952463908436245
img_d552ba4b52b33c4b,nested_outer_oof_adaptive_base_fixed_consensus_v5,dataset_dev/04_petrykivka_painting/019.jpg,04_petrykivka_painting,04_petrykivka_painting,True,0.9936302739621472,04_petrykivka_painting,02_ornek,05_kosiv_ceramics,2,train,obj_single_d552ba4b52b33c4b,,unreviewed,unreviewed,three_view_cls_logit_ensemble__c100__source0p5,fixed_base_plus_three_motif_heads__equal_centered_logits,fixed_three_descriptor_consensus,10.0,True,0.00014062819916848366,0.0035767299233920254,0.0007532278115487113,0.9936302739621472,0.001899140103743589
img_9ceed89265516a6c,nested_outer_oof_adaptive_base_fixed_consensus_v5,dataset_dev/04_petrykivka_painting/020.jpg,04_petrykivka_painting,04_petrykivka_painting,True,0.9989292151948799,04_petrykivka_painting,05_kosiv_ceramics,02_ornek,0,train,obj_single_9ceed89265516a6c,,unreviewed,unreviewed,three_view_cls_logit_ensemble__c100__source0p5,fixed_base_plus_three_motif_heads__equal_centered_logits,fixed_three_descriptor_consensus,10.0,True,8.442256676535199e-05,0.0001471056855733126,5.194319009620239e-05,0.9989292151948799,0.0007873133626854283
img_f2640a03f7b4a8e9,nested_outer_oof_adaptive_base_fixed_consensus_v5,dataset_dev/04_petrykivka_painting/024.jpg,04_petrykivka_painting,04_petrykivka_painting,True,0.9985422343630467,04_petrykivka_painting,03_bubnivka_ceramics,02_ornek,1,train,obj_single_f2640a03f7b4a8e9,,unreviewed,unreviewed,global_cls__c10__source0p5,fixed_base_plus_three_motif_heads__equal_centered_logits,fixed_three_descriptor_consensus,10.0,True,0.00015686266745397785,0.0004914467787228766,0.0007562447734171407,0.9985422343630467,5.3211417359309184e-05
img_a88a3c2d6225a331,nested_outer_oof_adaptive_base_fixed_consensus_v5,dataset_dev/04_petrykivka_painting/026.jpg,04_petrykivka_painting,04_petrykivka_painting,True,0.950203525611513,04_petrykivka_painting,02_ornek,05_kosiv_ceramics,3,train,obj_single_a88a3c2d6225a331,,unreviewed,unreviewed,three_view_cls_logit_ensemble__c100__source0p5,fixed_base_plus_three_motif_heads__equal_centered_logits,fixed_three_descriptor_consensus,10.0,True,0.008200694436124152,0.02845414630334209,0.004781003691475308,0.950203525611513,0.008360629957545457
img_ab10f2f1f17975a5,nested_outer_oof_adaptive_base_fixed_consensus_v5,dataset_dev/04_petrykivka_painting/027.jpg,04_petrykivka_painting,04_petrykivka_painting,True,0.9882505650451977,04_petrykivka_painting,02_ornek,01_opishnyan_ceramics,0,validation,obj_single_ab10f2f1f17975a5,,unreviewed,unreviewed,three_view_cls_logit_ensemble__c100__source0p5,fixed_base_plus_three_motif_heads__equal_centered_logits,fixed_three_descriptor_consensus,10.0,True,0.0002685971987337789,0.011312536191490375,1.6159362691746616e-05,0.9882505650451977,0.00015214220188623431
img_732aff65ab85aa99,nested_outer_oof_adaptive_base_fixed_consensus_v5,dataset_dev/04_petrykivka_painting/028.jpg,04_petrykivka_painting,04_petrykivka_painting,True,0.9964712321179754,04_petrykivka_painting,03_bubnivka_ceramics,01_opishnyan_ceramics,2,train,obj_single_732aff65ab85aa99,,unreviewed,unreviewed,three_view_cls_logit_ensemble__c100__source0p5,fixed_base_plus_three_motif_heads__equal_centered_logits,fixed_three_descriptor_consensus,10.0,True,0.00122882004550951,0.00039303749223226363,0.0014369154166395484,0.9964712321179754,0.0004699949276433876
img_e4e3837b0fa065fa,nested_outer_oof_adaptive_base_fixed_consensus_v5,dataset_dev/04_petrykivka_painting/030.jpg,04_petrykivka_painting,04_petrykivka_painting,True,0.9998122724822552,04_petrykivka_painting,02_ornek,05_kosiv_ceramics,0,train,obj_single_e4e3837b0fa065fa,,unreviewed,unreviewed,three_view_cls_logit_ensemble__c100__source0p5,fixed_base_plus_three_motif_heads__equal_centered_logits,fixed_three_descriptor_consensus,10.0,True,6.949937405949806e-06,0.00012274212373627121,2.165944872105129e-06,0.9998122724822552,5.586951173048718e-05
img_af02056a277a36fe,nested_outer_oof_adaptive_base_fixed_consensus_v5,dataset_dev/04_petrykivka_painting/032.jpg,04_petrykivka_painting,04_petrykivka_painting,True,0.9997062776784095,04_petrykivka_painting,05_kosiv_ceramics,01_opishnyan_ceramics,3,train,obj_single_af02056a277a36fe,,unreviewed,unreviewed,three_view_cls_logit_ensemble__c100__source0p5,fixed_base_plus_three_motif_heads__equal_centered_logits,fixed_three_descriptor_consensus,10.0,True,5.77788834158731e-05,5.4546606212285356e-05,1.9828067429152645e-05,0.9997062776784095,0.0001615687645331181
img_5d02b32a5f5baf05,nested_outer_oof_adaptive_base_fixed_consensus_v5,dataset_dev/04_petrykivka_painting/033.jpg,04_petrykivka_painting,04_petrykivka_painting,True,0.93834736752726,04_petrykivka_painting,05_kosiv_ceramics,01_opishnyan_ceramics,0,train,obj_single_5d02b32a5f5baf05,,unreviewed,unreviewed,three_view_cls_logit_ensemble__c100__source0p5,fixed_base_plus_three_motif_heads__equal_centered_logits,fixed_three_descriptor_consensus,10.0,True,0.010302696849469745,0.0028955460087407227,7.210817733569285e-05,0.93834736752726,0.04838228143719394
img_a5735a6f27d1bb0d,nested_outer_oof_adaptive_base_fixed_consensus_v5,dataset_dev/04_petrykivka_painting/036.jpg,04_petrykivka_painting,04_petrykivka_painting,True,0.9977570441405109,04_petrykivka_painting,05_kosiv_ceramics,02_ornek,3,validation,obj_single_a5735a6f27d1bb0d,,unreviewed,unreviewed,three_view_cls_logit_ensemble__c100__source0p5,fixed_base_plus_three_motif_heads__equal_centered_logits,fixed_three_descriptor_consensus,10.0,True,0.0001366131113934389,0.00063317208661497,2.5959260745644985e-05,0.9977570441405109,0.0014472114007350483
img_43c5942414e024a1,nested_outer_oof_adaptive_base_fixed_consensus_v5,dataset_dev/04_petrykivka_painting/038.jpg,04_petrykivka_painting,04_petrykivka_painting,True,0.9766871038743238,04_petrykivka_painting,05_kosiv_ceramics,01_opishnyan_ceramics,3,train,obj_single_43c5942414e024a1,,unreviewed,unreviewed,three_view_cls_logit_ensemble__c100__source0p5,fixed_base_plus_three_motif_heads__equal_centered_logits,fixed_three_descriptor_consensus,10.0,True,0.007437524666634446,0.0019646911429000314,0.0007870166690200399,0.9766871038743238,0.013123663647121656
img_36ab02a9caac73d5,nested_outer_oof_adaptive_base_fixed_consensus_v5,dataset_dev/04_petrykivka_painting/039.jpg,04_petrykivka_painting,04_petrykivka_painting,True,0.9991355705884806,04_petrykivka_painting,02_ornek,05_kosiv_ceramics,2,validation,obj_single_36ab02a9caac73d5,,unreviewed,unreviewed,three_view_cls_logit_ensemble__c100__source0p5,fixed_base_plus_three_motif_heads__equal_centered_logits,fixed_three_descriptor_consensus,10.0,True,5.589289228713761e-05,0.0004573714073416621,9.728781098748431e-06,0.9991355705884806,0.0003414363307920696
img_2c87b30dfc48468e,nested_outer_oof_adaptive_base_fixed_consensus_v5,dataset_dev/04_petrykivka_painting/040.jpg,04_petrykivka_painting,04_petrykivka_painting,True,0.9858220113202433,04_petrykivka_painting,01_opishnyan_ceramics,02_ornek,0,train,obj_single_2c87b30dfc48468e,,unreviewed,unreviewed,three_view_cls_logit_ensemble__c100__source0p5,fixed_base_plus_three_motif_heads__equal_centered_logits,fixed_three_descriptor_consensus,10.0,True,0.0068356134991150235,0.006691395215316381,9.355434052838547e-05,0.9858220113202433,0.0005574256247969698
img_0530c8356c564080,nested_outer_oof_adaptive_base_fixed_consensus_v5,dataset_dev/04_petrykivka_painting/042.jpg,04_petrykivka_painting,04_petrykivka_painting,True,0.9822340247036685,04_petrykivka_painting,02_ornek,05_kosiv_ceramics,0,train,obj_single_0530c8356c564080,,unreviewed,unreviewed,three_view_cls_logit_ensemble__c100__source0p5,fixed_base_plus_three_motif_heads__equal_centered_logits,fixed_three_descriptor_consensus,10.0,True,0.0004103384868803107,0.015419863828550612,0.000331340805543765,0.9822340247036685,0.0016044321753568335
img_d4392c5474172f19,nested_outer_oof_adaptive_base_fixed_consensus_v5,dataset_dev/04_petrykivka_painting/043.jpg,04_petrykivka_painting,04_petrykivka_painting,True,0.9934044391737428,04_petrykivka_painting,02_ornek,03_bubnivka_ceramics,4,train,obj_single_d4392c5474172f19,,unreviewed,unreviewed,global_cls__c10__source0p5,fixed_base_plus_three_motif_heads__equal_centered_logits,fixed_three_descriptor_consensus,10.0,True,0.00043472323386050505,0.0051694649738662215,0.0006191270511049204,0.9934044391737428,0.00037224556742550415
img_c1b80a9133e431a6,nested_outer_oof_adaptive_base_fixed_consensus_v5,dataset_dev/04_petrykivka_painting/044.jpg,04_petrykivka_painting,04_petrykivka_painting,True,0.7403667959391835,04_petrykivka_painting,05_kosiv_ceramics,01_opishnyan_ceramics,4,train,obj_single_c1b80a9133e431a6,,unreviewed,unreviewed,global_cls__c10__source0p5,fixed_base_plus_three_motif_heads__equal_centered_logits,fixed_three_descriptor_consensus,10.0,True,0.058195924906433605,0.008687521997318115,0.001102034292903339,0.7403667959391835,0.19164772286416137
img_133b33f8cc03e008,nested_outer_oof_adaptive_base_fixed_consensus_v5,dataset_dev/04_petrykivka_painting/045.jpg,04_petrykivka_painting,04_petrykivka_painting,True,0.999267706262124,04_petrykivka_painting,02_ornek,05_kosiv_ceramics,1,train,obj_single_133b33f8cc03e008,,unreviewed,unreviewed,global_cls__c10__source0p5,fixed_base_plus_three_motif_heads__equal_centered_logits,fixed_three_descriptor_consensus,10.0,True,1.260823485760069e-05,0.00045295408859436696,1.574466258611802e-05,0.999267706262124,0.0002509867518379587
img_1db7bc3d501848e6,nested_outer_oof_adaptive_base_fixed_consensus_v5,dataset_dev/04_petrykivka_painting/046.jpg,04_petrykivka_painting,04_petrykivka_painting,True,0.9892383618621905,04_petrykivka_painting,02_ornek,01_opishnyan_ceramics,2,train,obj_single_1db7bc3d501848e6,,unreviewed,unreviewed,three_view_cls_logit_ensemble__c100__source0p5,fixed_base_plus_three_motif_heads__equal_centered_logits,fixed_three_descriptor_consensus,10.0,True,0.0018784089292063078,0.007585347137778026,0.0002950957799006932,0.9892383618621905,0.0010027862909244355
img_cae5aa889ed5df2c,nested_outer_oof_adaptive_base_fixed_consensus_v5,dataset_dev/04_petrykivka_painting/047.jpg,04_petrykivka_painting,04_petrykivka_painting,True,0.7991298267273166,04_petrykivka_painting,01_opishnyan_ceramics,02_ornek,0,train,obj_single_cae5aa889ed5df2c,,unreviewed,unreviewed,three_view_cls_logit_ensemble__c100__source0p5,fixed_base_plus_three_motif_heads__equal_centered_logits,fixed_three_descriptor_consensus,10.0,True,0.12691758361921193,0.04988213726658335,0.0062720189858110195,0.7991298267273166,0.01779843340107707
img_f7454109f83b123c,nested_outer_oof_adaptive_base_fixed_consensus_v5,dataset_dev/04_petrykivka_painting/048.jpg,04_petrykivka_painting,04_petrykivka_painting,True,0.9967720577483369,04_petrykivka_painting,01_opishnyan_ceramics,05_kosiv_ceramics,0,validation,obj_single_f7454109f83b123c,,unreviewed,unreviewed,three_view_cls_logit_ensemble__c100__source0p5,fixed_base_plus_three_motif_heads__equal_centered_logits,fixed_three_descriptor_consensus,10.0,True,0.0014883607071076808,0.0005919612298752378,0.0001967813257122216,0.9967720577483369,0.0009508389889681144
img_3ca3dd4e2fade24c,nested_outer_oof_adaptive_base_fixed_consensus_v5,dataset_dev/04_petrykivka_painting/049.jpg,04_petrykivka_painting,04_petrykivka_painting,True,0.9755237332568412,04_petrykivka_painting,02_ornek,05_kosiv_ceramics,0,train,obj_single_3ca3dd4e2fade24c,,unreviewed,unreviewed,three_view_cls_logit_ensemble__c100__source0p5,fixed_base_plus_three_motif_heads__equal_centered_logits,fixed_three_descriptor_consensus,10.0,True,0.0012201506030048669,0.01735980170405349,0.00020572643408855307,0.9755237332568412,0.0056905880020118845
img_0777664641c6dc62,nested_outer_oof_adaptive_base_fixed_consensus_v5,dataset_dev/04_petrykivka_painting/050.jpg,04_petrykivka_painting,04_petrykivka_painting,True,0.9968034688370143,04_petrykivka_painting,05_kosiv_ceramics,03_bubnivka_ceramics,1,train,obj_single_0777664641c6dc62,,unreviewed,unreviewed,global_cls__c10__source0p5,fixed_base_plus_three_motif_heads__equal_centered_logits,fixed_three_descriptor_consensus,10.0,True,0.00012156682344811426,0.00033553536573605345,0.00047931837986182896,0.9968034688370143,0.002260110593939552
img_b0240d7f3e0a23ee,nested_outer_oof_adaptive_base_fixed_consensus_v5,dataset_dev/04_petrykivka_painting/058.jpg,04_petrykivka_painting,04_petrykivka_painting,True,0.9993442653388489,04_petrykivka_painting,02_ornek,03_bubnivka_ceramics,1,train,obj_single_b0240d7f3e0a23ee,,unreviewed,unreviewed,global_cls__c10__source0p5,fixed_base_plus_three_motif_heads__equal_centered_logits,fixed_three_descriptor_consensus,10.0,True,6.126667769136065e-05,0.00032316477991940453,0.0002608955052464158,0.9993442653388489,1.0407698294103927e-05
img_0e9427fb2f5b3eb1,nested_outer_oof_adaptive_base_fixed_consensus_v5,dataset_dev/04_petrykivka_painting/059.jpg,04_petrykivka_painting,04_petrykivka_painting,True,0.99968780195275,04_petrykivka_painting,01_opishnyan_ceramics,03_bubnivka_ceramics,1,validation,obj_single_0e9427fb2f5b3eb1,,unreviewed,unreviewed,global_cls__c10__source0p5,fixed_base_plus_three_motif_heads__equal_centered_logits,fixed_three_descriptor_consensus,10.0,True,0.00015664968974422606,4.5890125493546486e-05,6.823443963436545e-05,0.99968780195275,4.142379237798707e-05
img_fcd5fcdd19863f17,nested_outer_oof_adaptive_base_fixed_consensus_v5,dataset_dev/04_petrykivka_painting/060.jpg,04_petrykivka_painting,04_petrykivka_painting,True,0.9745762490385458,04_petrykivka_painting,02_ornek,03_bubnivka_ceramics,4,train,obj_single_fcd5fcdd19863f17,,unreviewed,unreviewed,global_cls__c10__source0p5,fixed_base_plus_three_motif_heads__equal_centered_logits,fixed_three_descriptor_consensus,10.0,True,0.0009395441601729432,0.02079008017703846,0.0019514434447708653,0.9745762490385458,0.0017426831794719508
img_ed1aff6fdb13513c,nested_outer_oof_adaptive_base_fixed_consensus_v5,dataset_dev/04_petrykivka_painting/062.jpg,04_petrykivka_painting,04_petrykivka_painting,True,0.9139429565396231,04_petrykivka_painting,05_kosiv_ceramics,02_ornek,1,train,obj_single_ed1aff6fdb13513c,,unreviewed,unreviewed,global_cls__c10__source0p5,fixed_base_plus_three_motif_heads__equal_centered_logits,fixed_three_descriptor_consensus,10.0,True,0.0022956397042681927,0.027851932769331268,0.0005436571845639576,0.9139429565396231,0.05536581380221364
img_0196c54d4a02f395,nested_outer_oof_adaptive_base_fixed_consensus_v5,dataset_dev/04_petrykivka_painting/063.jpg,04_petrykivka_painting,04_petrykivka_painting,True,0.9465587822669479,04_petrykivka_painting,05_kosiv_ceramics,02_ornek,0,train,obj_single_0196c54d4a02f395,,unreviewed,unreviewed,three_view_cls_logit_ensemble__c100__source0p5,fixed_base_plus_three_motif_heads__equal_centered_logits,fixed_three_descriptor_consensus,10.0,True,0.003457839928927277,0.0076685584757657235,0.0010478589896383958,0.9465587822669479,0.041266960338720904
img_5459d64e8b768e79,nested_outer_oof_adaptive_base_fixed_consensus_v5,dataset_dev/04_petrykivka_painting/065.jpg,04_petrykivka_painting,04_petrykivka_painting,True,0.9595043007857894,04_petrykivka_painting,05_kosiv_ceramics,02_ornek,1,train,obj_single_5459d64e8b768e79,,unreviewed,unreviewed,global_cls__c10__source0p5,fixed_base_plus_three_motif_heads__equal_centered_logits,fixed_three_descriptor_consensus,10.0,True,0.0002729170798329131,0.017751178727688235,5.951039881753412e-06,0.9595043007857894,0.022465652366807677
img_b181a6f3eee1e494,nested_outer_oof_adaptive_base_fixed_consensus_v5,dataset_dev/04_petrykivka_painting/066.jpg,04_petrykivka_painting,04_petrykivka_painting,True,0.9998015430019479,04_petrykivka_painting,02_ornek,05_kosiv_ceramics,0,train,obj_single_b181a6f3eee1e494,,unreviewed,unreviewed,three_view_cls_logit_ensemble__c100__source0p5,fixed_base_plus_three_motif_heads__equal_centered_logits,fixed_three_descriptor_consensus,10.0,True,7.239901513342383e-06,0.00016363348529078843,1.420334299409428e-07,0.9998015430019479,2.7441577818050145e-05
img_8a4a16b5a85db96a,nested_outer_oof_adaptive_base_fixed_consensus_v5,dataset_dev/04_petrykivka_painting/069.jpeg,04_petrykivka_painting,04_petrykivka_painting,True,0.999887268377285,04_petrykivka_painting,02_ornek,05_kosiv_ceramics,0,train,obj_single_8a4a16b5a85db96a,,unreviewed,unreviewed,three_view_cls_logit_ensemble__c100__source0p5,fixed_base_plus_three_motif_heads__equal_centered_logits,fixed_three_descriptor_consensus,10.0,True,2.8979499648555523e-05,4.334131329401146e-05,1.9028669075676353e-06,0.999887268377285,3.850794286501023e-05
img_baefda6839d777b7,nested_outer_oof_adaptive_base_fixed_consensus_v5,dataset_dev/04_petrykivka_painting/070.jpg,04_petrykivka_painting,04_petrykivka_painting,True,0.9968716884828962,04_petrykivka_painting,02_ornek,05_kosiv_ceramics,4,train,obj_single_baefda6839d777b7,,unreviewed,unreviewed,global_cls__c10__source0p5,fixed_base_plus_three_motif_heads__equal_centered_logits,fixed_three_descriptor_consensus,10.0,True,0.00012240527056497238,0.0018486281669606343,2.860614790479823e-05,0.9968716884828962,0.0011286719316732825
img_de826787989f1d95,nested_outer_oof_adaptive_base_fixed_consensus_v5,dataset_dev/04_petrykivka_painting/072.jpg,04_petrykivka_painting,04_petrykivka_painting,True,0.9988272859903942,04_petrykivka_painting,05_kosiv_ceramics,02_ornek,3,train,obj_single_de826787989f1d95,,unreviewed,unreviewed,three_view_cls_logit_ensemble__c100__source0p5,fixed_base_plus_three_motif_heads__equal_centered_logits,fixed_three_descriptor_consensus,10.0,True,0.0002283677322305495,0.00023314091817866708,3.429755896634111e-05,0.9988272859903942,0.0006769078002302668
img_f8403b014c2d4a47,nested_outer_oof_adaptive_base_fixed_consensus_v5,dataset_dev/04_petrykivka_painting/073.jpg,04_petrykivka_painting,04_petrykivka_painting,True,0.8555238602058027,04_petrykivka_painting,05_kosiv_ceramics,01_opishnyan_ceramics,1,validation,obj_single_f8403b014c2d4a47,,unreviewed,unreviewed,global_cls__c10__source0p5,fixed_base_plus_three_motif_heads__equal_centered_logits,fixed_three_descriptor_consensus,10.0,True,0.02122131439396957,0.003140325694094309,0.0009454822580740724,0.8555238602058027,0.11916901744805924
img_a95ca63d0558f359,nested_outer_oof_adaptive_base_fixed_consensus_v5,dataset_dev/04_petrykivka_painting/074.jpg,04_petrykivka_painting,04_petrykivka_painting,True,0.969162616956796,04_petrykivka_painting,02_ornek,05_kosiv_ceramics,2,train,obj_single_a95ca63d0558f359,,unreviewed,unreviewed,three_view_cls_logit_ensemble__c100__source0p5,fixed_base_plus_three_motif_heads__equal_centered_logits,fixed_three_descriptor_consensus,10.0,True,0.00014857574743224006,0.020566524959759205,0.00016559910615971126,0.969162616956796,0.009956683229852806
img_f9a0f610437dbf4f,nested_outer_oof_adaptive_base_fixed_consensus_v5,dataset_dev/04_petrykivka_painting/076.jpg,04_petrykivka_painting,04_petrykivka_painting,True,0.9950018386033475,04_petrykivka_painting,05_kosiv_ceramics,02_ornek,0,train,obj_single_f9a0f610437dbf4f,,unreviewed,unreviewed,three_view_cls_logit_ensemble__c100__source0p5,fixed_base_plus_three_motif_heads__equal_centered_logits,fixed_three_descriptor_consensus,10.0,True,0.00016804675717960554,0.0009726322565159176,1.036604506006812e-05,0.9950018386033475,0.003847116337896928
img_7b1d315fefcd5c33,nested_outer_oof_adaptive_base_fixed_consensus_v5,dataset_dev/04_petrykivka_painting/077.jpg,04_petrykivka_painting,04_petrykivka_painting,True,0.9860351532116962,04_petrykivka_painting,05_kosiv_ceramics,01_opishnyan_ceramics,1,train,obj_single_7b1d315fefcd5c33,,unreviewed,unreviewed,global_cls__c10__source0p5,fixed_base_plus_three_motif_heads__equal_centered_logits,fixed_three_descriptor_consensus,10.0,True,0.0007566456318575704,0.0004101529525145132,8.889827378234584e-05,0.9860351532116962,0.012709149930149386
img_8ae7f340a9168a46,nested_outer_oof_adaptive_base_fixed_consensus_v5,dataset_dev/04_petrykivka_painting/078.jpg,04_petrykivka_painting,04_petrykivka_painting,True,0.9998939965382868,04_petrykivka_painting,05_kosiv_ceramics,02_ornek,2,train,obj_single_8ae7f340a9168a46,,unreviewed,unreviewed,three_view_cls_logit_ensemble__c100__source0p5,fixed_base_plus_three_motif_heads__equal_centered_logits,fixed_three_descriptor_consensus,10.0,True,1.354027488752326e-06,4.2985111050765544e-05,2.2009220839693565e-07,0.9998939965382868,6.144423096539884e-05
img_cd93e8de1db9231b,nested_outer_oof_adaptive_base_fixed_consensus_v5,dataset_dev/04_petrykivka_painting/080.jpg,04_petrykivka_painting,04_petrykivka_painting,True,0.9995692574365941,04_petrykivka_painting,05_kosiv_ceramics,02_ornek,4,train,obj_single_cd93e8de1db9231b,,unreviewed,unreviewed,global_cls__c10__source0p5,fixed_base_plus_three_motif_heads__equal_centered_logits,fixed_three_descriptor_consensus,10.0,True,1.0275151103000313e-05,0.00011165736339178488,2.9142368267532795e-06,0.9995692574365941,0.00030589581208450385
img_da3a5f18276183ff,nested_outer_oof_adaptive_base_fixed_consensus_v5,dataset_dev/04_petrykivka_painting/082.jpg,04_petrykivka_painting,04_petrykivka_painting,True,0.9768796284643101,04_petrykivka_painting,05_kosiv_ceramics,02_ornek,1,train,obj_single_da3a5f18276183ff,,unreviewed,unreviewed,global_cls__c10__source0p5,fixed_base_plus_three_motif_heads__equal_centered_logits,fixed_three_descriptor_consensus,10.0,True,0.0003635535833817348,0.0075086046309049284,0.002107176074138607,0.9768796284643101,0.013141037247264642
img_d7a6f433aa31daab,nested_outer_oof_adaptive_base_fixed_consensus_v5,dataset_dev/04_petrykivka_painting/083.jpg,04_petrykivka_painting,04_petrykivka_painting,True,0.9996370855838361,04_petrykivka_painting,05_kosiv_ceramics,02_ornek,4,train,obj_single_d7a6f433aa31daab,,unreviewed,unreviewed,global_cls__c10__source0p5,fixed_base_plus_three_motif_heads__equal_centered_logits,fixed_three_descriptor_consensus,10.0,True,8.679130054274113e-05,0.00013355835815587116,3.836560395172649e-06,0.9996370855838361,0.00013872819706999839
img_a98f48d0bb154ceb,nested_outer_oof_adaptive_base_fixed_consensus_v5,dataset_dev/04_petrykivka_painting/084.jpg,04_petrykivka_painting,04_petrykivka_painting,True,0.9998658849360906,04_petrykivka_painting,05_kosiv_ceramics,02_ornek,2,train,obj_single_a98f48d0bb154ceb,,unreviewed,unreviewed,three_view_cls_logit_ensemble__c100__source0p5,fixed_base_plus_three_motif_heads__equal_centered_logits,fixed_three_descriptor_consensus,10.0,True,1.904021766385596e-05,5.340380510318474e-05,2.706022240571175e-06,0.9998658849360906,5.8965018901685354e-05
img_35e93b64e5d04abf,nested_outer_oof_adaptive_base_fixed_consensus_v5,dataset_dev/04_petrykivka_painting/085.jpg,04_petrykivka_painting,04_petrykivka_painting,True,0.9904199738520116,04_petrykivka_painting,03_bubnivka_ceramics,02_ornek,1,train,obj_single_35e93b64e5d04abf,,unreviewed,unreviewed,global_cls__c10__source0p5,fixed_base_plus_three_motif_heads__equal_centered_logits,fixed_three_descriptor_consensus,10.0,True,0.0003519140969586776,0.00230018080065909,0.006615529544494505,0.9904199738520116,0.0003124017058760986
img_9bba7d6af47f4409,nested_outer_oof_adaptive_base_fixed_consensus_v5,dataset_dev/04_petrykivka_painting/086.jpg,04_petrykivka_painting,04_petrykivka_painting,True,0.9995259905752917,04_petrykivka_painting,05_kosiv_ceramics,02_ornek,2,train,obj_single_9bba7d6af47f4409,,unreviewed,unreviewed,three_view_cls_logit_ensemble__c100__source0p5,fixed_base_plus_three_motif_heads__equal_centered_logits,fixed_three_descriptor_consensus,10.0,True,9.599789930833286e-07,0.0001274872029670223,2.2599354824699734e-05,0.9995259905752917,0.0003229628879234828
img_66309dc403ef43de,nested_outer_oof_adaptive_base_fixed_consensus_v5,dataset_dev/04_petrykivka_painting/087.jpg,04_petrykivka_painting,01_opishnyan_ceramics,False,0.7415118880122218,01_opishnyan_ceramics,04_petrykivka_painting,05_kosiv_ceramics,2,train,obj_single_66309dc403ef43de,,unreviewed,unreviewed,three_view_cls_logit_ensemble__c100__source0p5,fixed_base_plus_three_motif_heads__equal_centered_logits,fixed_three_descriptor_consensus,10.0,True,0.7415118880122218,0.0035357251095377903,0.0018151848821191942,0.23721691299183795,0.01592028900428324
img_1e9af7972505fe8a,nested_outer_oof_adaptive_base_fixed_consensus_v5,dataset_dev/04_petrykivka_painting/088.jpg,04_petrykivka_painting,04_petrykivka_painting,True,0.9950342404189308,04_petrykivka_painting,05_kosiv_ceramics,02_ornek,4,train,obj_single_1e9af7972505fe8a,,unreviewed,unreviewed,global_cls__c10__source0p5,fixed_base_plus_three_motif_heads__equal_centered_logits,fixed_three_descriptor_consensus,10.0,True,0.00015919413508846294,0.00022471944529064354,1.1938274841154735e-05,0.9950342404189308,0.004569907725849126
img_0f404b2b781db4a2,nested_outer_oof_adaptive_base_fixed_consensus_v5,dataset_dev/04_petrykivka_painting/091.jpg,04_petrykivka_painting,04_petrykivka_painting,True,0.9427115682377459,04_petrykivka_painting,02_ornek,05_kosiv_ceramics,4,train,obj_single_0f404b2b781db4a2,,unreviewed,unreviewed,global_cls__c10__source0p5,fixed_base_plus_three_motif_heads__equal_centered_logits,fixed_three_descriptor_consensus,10.0,True,0.002782068478022729,0.03563658912883946,0.00028052008200107854,0.9427115682377459,0.018589254073390713
img_54511c9a93b73f89,nested_outer_oof_adaptive_base_fixed_consensus_v5,dataset_dev/04_petrykivka_painting/092.jpg,04_petrykivka_painting,02_ornek,False,0.4841202886333282,02_ornek,04_petrykivka_painting,05_kosiv_ceramics,0,train,obj_single_54511c9a93b73f89,,unreviewed,unreviewed,three_view_cls_logit_ensemble__c100__source0p5,fixed_base_plus_three_motif_heads__equal_centered_logits,fixed_three_descriptor_consensus,10.0,True,0.0014271267994359774,0.4841202886333282,0.0005509578457694132,0.4794124094295006,0.034489217291965656
img_3560308d213b15cf,nested_outer_oof_adaptive_base_fixed_consensus_v5,dataset_dev/04_petrykivka_painting/096.jpg,04_petrykivka_painting,04_petrykivka_painting,True,0.9990019776165713,04_petrykivka_painting,05_kosiv_ceramics,01_opishnyan_ceramics,0,train,obj_single_3560308d213b15cf,,unreviewed,unreviewed,three_view_cls_logit_ensemble__c100__source0p5,fixed_base_plus_three_motif_heads__equal_centered_logits,fixed_three_descriptor_consensus,10.0,True,9.721751224545498e-05,9.08071418603096e-05,9.350067816325487e-06,0.9990019776165713,0.0008006476615065204
img_1dc2ff34a8267c60,nested_outer_oof_adaptive_base_fixed_consensus_v5,dataset_dev/04_petrykivka_painting/098.jpg,04_petrykivka_painting,04_petrykivka_painting,True,0.9990050822624704,04_petrykivka_painting,01_opishnyan_ceramics,05_kosiv_ceramics,3,train,obj_single_1dc2ff34a8267c60,,unreviewed,unreviewed,three_view_cls_logit_ensemble__c100__source0p5,fixed_base_plus_three_motif_heads__equal_centered_logits,fixed_three_descriptor_consensus,10.0,True,0.00031743274244886945,0.00022722101850622495,0.00015714164770669082,0.9990050822624704,0.00029312232886777274
img_e1e3d7b3bb8e5b39,nested_outer_oof_adaptive_base_fixed_consensus_v5,dataset_dev/04_petrykivka_painting/099.jpg,04_petrykivka_painting,04_petrykivka_painting,True,0.9969649889727066,04_petrykivka_painting,02_ornek,05_kosiv_ceramics,2,train,obj_single_e1e3d7b3bb8e5b39,,unreviewed,unreviewed,three_view_cls_logit_ensemble__c100__source0p5,fixed_base_plus_three_motif_heads__equal_centered_logits,fixed_three_descriptor_consensus,10.0,True,2.5389655587051213e-05,0.0021213249604407542,0.00010477004350726198,0.9969649889727066,0.0007835263677584383
img_6156c690c8b9b514,nested_outer_oof_adaptive_base_fixed_consensus_v5,dataset_dev/04_petrykivka_painting/100.jpg,04_petrykivka_painting,04_petrykivka_painting,True,0.9997783968571871,04_petrykivka_painting,02_ornek,05_kosiv_ceramics,3,train,obj_single_6156c690c8b9b514,,unreviewed,unreviewed,three_view_cls_logit_ensemble__c100__source0p5,fixed_base_plus_three_motif_heads__equal_centered_logits,fixed_three_descriptor_consensus,10.0,True,4.7075999954106785e-06,0.00014446936417506404,3.420953007953356e-05,0.9997783968571871,3.821664856292676e-05
img_268f3c441a8cedc9,nested_outer_oof_adaptive_base_fixed_consensus_v5,dataset_dev/04_petrykivka_painting/102.jpg,04_petrykivka_painting,04_petrykivka_painting,True,0.974255989950621,04_petrykivka_painting,01_opishnyan_ceramics,02_ornek,0,train,obj_single_268f3c441a8cedc9,,unreviewed,unreviewed,three_view_cls_logit_ensemble__c100__source0p5,fixed_base_plus_three_motif_heads__equal_centered_logits,fixed_three_descriptor_consensus,10.0,True,0.012375983714079358,0.010864332858210738,0.0006626201123477385,0.974255989950621,0.001841073364741127
img_e9c5eaecab6d544f,nested_outer_oof_adaptive_base_fixed_consensus_v5,dataset_dev/04_petrykivka_painting/104.jpg,04_petrykivka_painting,04_petrykivka_painting,True,0.9931679765294182,04_petrykivka_painting,05_kosiv_ceramics,02_ornek,3,train,obj_single_e9c5eaecab6d544f,,unreviewed,unreviewed,three_view_cls_logit_ensemble__c100__source0p5,fixed_base_plus_three_motif_heads__equal_centered_logits,fixed_three_descriptor_consensus,10.0,True,0.00027038167251359027,0.0018404955384384648,0.0006893555162418284,0.9931679765294182,0.00403179074338792
img_e61af6c787277791,nested_outer_oof_adaptive_base_fixed_consensus_v5,dataset_dev/04_petrykivka_painting/105.jpg,04_petrykivka_painting,04_petrykivka_painting,True,0.8737043108019236,04_petrykivka_painting,05_kosiv_ceramics,02_ornek,1,train,obj_single_e61af6c787277791,,unreviewed,unreviewed,global_cls__c10__source0p5,fixed_base_plus_three_motif_heads__equal_centered_logits,fixed_three_descriptor_consensus,10.0,True,0.004386020875127437,0.020853503480013334,0.00022266028409715003,0.8737043108019236,0.10083350455883848
img_ce312d5a463e89bf,nested_outer_oof_adaptive_base_fixed_consensus_v5,dataset_dev/04_petrykivka_painting/107.jpg,04_petrykivka_painting,04_petrykivka_painting,True,0.9978770178622541,04_petrykivka_painting,02_ornek,01_opishnyan_ceramics,4,train,obj_single_ce312d5a463e89bf,,unreviewed,unreviewed,global_cls__c10__source0p5,fixed_base_plus_three_motif_heads__equal_centered_logits,fixed_three_descriptor_consensus,10.0,True,0.0005058353324519077,0.0014239435541010474,0.00012015675110065351,0.9978770178622541,7.304650009229612e-05
img_db8925faac455979,nested_outer_oof_adaptive_base_fixed_consensus_v5,dataset_dev/04_petrykivka_painting/108.jpeg,04_petrykivka_painting,04_petrykivka_painting,True,0.9982202503372751,04_petrykivka_painting,01_opishnyan_ceramics,02_ornek,1,validation,obj_single_db8925faac455979,,unreviewed,unreviewed,global_cls__c10__source0p5,fixed_base_plus_three_motif_heads__equal_centered_logits,fixed_three_descriptor_consensus,10.0,True,0.0010523781867344444,0.000585708302944171,8.164998452897029e-05,0.9982202503372751,6.0013188517306145e-05
img_bd600197ff11e8a9,nested_outer_oof_adaptive_base_fixed_consensus_v5,dataset_dev/04_petrykivka_painting/109.jpg,04_petrykivka_painting,04_petrykivka_painting,True,0.9286408826594603,04_petrykivka_painting,02_ornek,05_kosiv_ceramics,2,train,obj_single_bd600197ff11e8a9,,unreviewed,unreviewed,three_view_cls_logit_ensemble__c100__source0p5,fixed_base_plus_three_motif_heads__equal_centered_logits,fixed_three_descriptor_consensus,10.0,True,0.004022451982632562,0.06005562862463514,0.0001397998863911392,0.9286408826594603,0.0071412368468808
img_a14264c4383669aa,nested_outer_oof_adaptive_base_fixed_consensus_v5,dataset_dev/04_petrykivka_painting/110.jpg,04_petrykivka_painting,04_petrykivka_painting,True,0.9926264923754388,04_petrykivka_painting,01_opishnyan_ceramics,02_ornek,0,train,obj_single_a14264c4383669aa,,unreviewed,unreviewed,three_view_cls_logit_ensemble__c100__source0p5,fixed_base_plus_three_motif_heads__equal_centered_logits,fixed_three_descriptor_consensus,10.0,True,0.006645014030384008,0.0005311518637161248,0.00016765849223197816,0.9926264923754388,2.968323822915992e-05
img_9879126054463474,nested_outer_oof_adaptive_base_fixed_consensus_v5,dataset_dev/04_petrykivka_painting/112.jpg,04_petrykivka_painting,04_petrykivka_painting,True,0.9999302077818538,04_petrykivka_painting,01_opishnyan_ceramics,02_ornek,0,train,obj_single_9879126054463474,,unreviewed,unreviewed,three_view_cls_logit_ensemble__c100__source0p5,fixed_base_plus_three_motif_heads__equal_centered_logits,fixed_three_descriptor_consensus,10.0,True,4.488729409542333e-05,1.342310836839952e-05,1.086599563595563e-06,0.9999302077818538,1.0395216118694578e-05
img_ff16c37e95db5c34,nested_outer_oof_adaptive_base_fixed_consensus_v5,dataset_dev/04_petrykivka_painting/113.jpg,04_petrykivka_painting,04_petrykivka_painting,True,0.9986265507476342,04_petrykivka_painting,02_ornek,01_opishnyan_ceramics,2,train,obj_single_ff16c37e95db5c34,,unreviewed,unreviewed,three_view_cls_logit_ensemble__c100__source0p5,fixed_base_plus_three_motif_heads__equal_centered_logits,fixed_three_descriptor_consensus,10.0,True,0.0004264201164351967,0.0005808026792452212,0.00019186816903543917,0.9986265507476342,0.00017435828764999914
img_be184d088ae6707e,nested_outer_oof_adaptive_base_fixed_consensus_v5,dataset_dev/04_petrykivka_painting/115.jpg,04_petrykivka_painting,04_petrykivka_painting,True,0.9074185376839405,04_petrykivka_painting,02_ornek,03_bubnivka_ceramics,1,train,obj_single_be184d088ae6707e,,unreviewed,unreviewed,global_cls__c10__source0p5,fixed_base_plus_three_motif_heads__equal_centered_logits,fixed_three_descriptor_consensus,10.0,True,0.0031532892257938538,0.05653239836977505,0.02602213642193637,0.9074185376839405,0.00687363829855411
img_3506f780e01ca0db,nested_outer_oof_adaptive_base_fixed_consensus_v5,dataset_dev/04_petrykivka_painting/116.jpg,04_petrykivka_painting,04_petrykivka_painting,True,0.8579380365940968,04_petrykivka_painting,02_ornek,03_bubnivka_ceramics,4,train,obj_single_3506f780e01ca0db,,unreviewed,unreviewed,global_cls__c10__source0p5,fixed_base_plus_three_motif_heads__equal_centered_logits,fixed_three_descriptor_consensus,10.0,True,0.006640072941701197,0.11456990587155895,0.013662982320463845,0.8579380365940968,0.007189002272179265
img_ddd0ac2058ad3bba,nested_outer_oof_adaptive_base_fixed_consensus_v5,dataset_dev/04_petrykivka_painting/118.jpeg,04_petrykivka_painting,04_petrykivka_painting,True,0.9998505393192937,04_petrykivka_painting,01_opishnyan_ceramics,02_ornek,2,train,obj_single_ddd0ac2058ad3bba,,unreviewed,unreviewed,three_view_cls_logit_ensemble__c100__source0p5,fixed_base_plus_three_motif_heads__equal_centered_logits,fixed_three_descriptor_consensus,10.0,True,6.890799227170546e-05,4.595366951892065e-05,3.7860133316974427e-06,0.9998505393192937,3.0813005583941287e-05
img_475d21bd7a757a7d,nested_outer_oof_adaptive_base_fixed_consensus_v5,dataset_dev/04_petrykivka_painting/119.jpg,04_petrykivka_painting,04_petrykivka_painting,True,0.9992461388957685,04_petrykivka_painting,03_bubnivka_ceramics,02_ornek,4,train,obj_single_475d21bd7a757a7d,,unreviewed,unreviewed,global_cls__c10__source0p5,fixed_base_plus_three_motif_heads__equal_centered_logits,fixed_three_descriptor_consensus,10.0,True,3.205761706955053e-05,0.00016783423083906868,0.000546927920878384,0.9992461388957685,7.041335444472896e-06
img_d4156d21ee2de221,nested_outer_oof_adaptive_base_fixed_consensus_v5,dataset_dev/04_petrykivka_painting/120.jpg,04_petrykivka_painting,04_petrykivka_painting,True,0.9998695849873317,04_petrykivka_painting,02_ornek,01_opishnyan_ceramics,2,train,obj_single_d4156d21ee2de221,,unreviewed,unreviewed,three_view_cls_logit_ensemble__c100__source0p5,fixed_base_plus_three_motif_heads__equal_centered_logits,fixed_three_descriptor_consensus,10.0,True,4.275728327093554e-05,4.738027409827701e-05,9.015091572808771e-06,0.9998695849873317,3.126236372629485e-05
img_b7b6d931bce5c4ea,nested_outer_oof_adaptive_base_fixed_consensus_v5,dataset_dev/04_petrykivka_painting/121.jpg,04_petrykivka_painting,04_petrykivka_painting,True,0.9995130017455341,04_petrykivka_painting,02_ornek,01_opishnyan_ceramics,2,train,obj_single_b7b6d931bce5c4ea,,unreviewed,unreviewed,three_view_cls_logit_ensemble__c100__source0p5,fixed_base_plus_three_motif_heads__equal_centered_logits,fixed_three_descriptor_consensus,10.0,True,2.83487804008203e-05,0.0004213284806338232,9.167342804482028e-06,0.9995130017455341,2.8153650626733675e-05
img_b8d23af68d1c6955,nested_outer_oof_adaptive_base_fixed_consensus_v5,dataset_dev/04_petrykivka_painting/122.jpg,04_petrykivka_painting,04_petrykivka_painting,True,0.9994640737937417,04_petrykivka_painting,02_ornek,01_opishnyan_ceramics,0,train,obj_single_b8d23af68d1c6955,,unreviewed,unreviewed,three_view_cls_logit_ensemble__c100__source0p5,fixed_base_plus_three_motif_heads__equal_centered_logits,fixed_three_descriptor_consensus,10.0,True,1.5396979727986716e-05,0.0005105170150110329,1.0666242900012594e-06,0.9994640737937417,8.94558722932732e-06
img_3ff986580ff73d63,nested_outer_oof_adaptive_base_fixed_consensus_v5,dataset_dev/04_petrykivka_painting/127.jpg,04_petrykivka_painting,04_petrykivka_painting,True,0.9531354903157414,04_petrykivka_painting,02_ornek,03_bubnivka_ceramics,1,train,obj_single_3ff986580ff73d63,,unreviewed,unreviewed,global_cls__c10__source0p5,fixed_base_plus_three_motif_heads__equal_centered_logits,fixed_three_descriptor_consensus,10.0,True,0.0010463089615906712,0.038327752333236334,0.0045341772798412954,0.9531354903157414,0.002956271109590297
img_98c4360411412022,nested_outer_oof_adaptive_base_fixed_consensus_v5,dataset_dev/04_petrykivka_painting/129.jpg,04_petrykivka_painting,04_petrykivka_painting,True,0.9988220684668333,04_petrykivka_painting,02_ornek,03_bubnivka_ceramics,1,train,obj_single_98c4360411412022,,unreviewed,unreviewed,global_cls__c10__source0p5,fixed_base_plus_three_motif_heads__equal_centered_logits,fixed_three_descriptor_consensus,10.0,True,3.22769969260197e-05,0.0009286507922414987,0.0001281178086599811,0.9988220684668333,8.888593533930542e-05
img_f6f05b0ed68f6d0b,nested_outer_oof_adaptive_base_fixed_consensus_v5,dataset_dev/04_petrykivka_painting/130.jpg,04_petrykivka_painting,04_petrykivka_painting,True,0.9990764964020324,04_petrykivka_painting,05_kosiv_ceramics,01_opishnyan_ceramics,4,train,obj_single_f6f05b0ed68f6d0b,,unreviewed,unreviewed,global_cls__c10__source0p5,fixed_base_plus_three_motif_heads__equal_centered_logits,fixed_three_descriptor_consensus,10.0,True,0.00022809240950407979,0.0001763425118058371,6.126224528859287e-05,0.9990764964020324,0.00045780643136911735
img_08cf2c1d68a5fa38,nested_outer_oof_adaptive_base_fixed_consensus_v5,dataset_dev/04_petrykivka_painting/131.jpg,04_petrykivka_painting,04_petrykivka_painting,True,0.9999713627210748,04_petrykivka_painting,03_bubnivka_ceramics,05_kosiv_ceramics,3,train,obj_single_08cf2c1d68a5fa38,,unreviewed,unreviewed,three_view_cls_logit_ensemble__c100__source0p5,fixed_base_plus_three_motif_heads__equal_centered_logits,fixed_three_descriptor_consensus,10.0,True,4.019576468297532e-06,4.860661488396184e-06,1.3156176854656351e-05,0.9999713627210748,6.600864113864565e-06
img_c50e7a53213b153a,nested_outer_oof_adaptive_base_fixed_consensus_v5,dataset_dev/04_petrykivka_painting/134.jpg,04_petrykivka_painting,04_petrykivka_painting,True,0.9993004284561829,04_petrykivka_painting,01_opishnyan_ceramics,02_ornek,4,train,obj_single_c50e7a53213b153a,,unreviewed,unreviewed,global_cls__c10__source0p5,fixed_base_plus_three_motif_heads__equal_centered_logits,fixed_three_descriptor_consensus,10.0,True,0.0002612529182693123,0.00024567756094675934,0.00014808701263559708,0.9993004284561829,4.4554051965441486e-05
img_1cac6d0b7f1635af,nested_outer_oof_adaptive_base_fixed_consensus_v5,dataset_dev/04_petrykivka_painting/139.jpg,04_petrykivka_painting,04_petrykivka_painting,True,0.9961879530969122,04_petrykivka_painting,05_kosiv_ceramics,01_opishnyan_ceramics,0,train,obj_single_1cac6d0b7f1635af,,unreviewed,unreviewed,three_view_cls_logit_ensemble__c100__source0p5,fixed_base_plus_three_motif_heads__equal_centered_logits,fixed_three_descriptor_consensus,10.0,True,0.000517907027985599,0.00037855767638784944,0.00011123820931487539,0.9961879530969122,0.002804343989399528
img_7269b19a4562d582,nested_outer_oof_adaptive_base_fixed_consensus_v5,dataset_dev/04_petrykivka_painting/140.jpg,04_petrykivka_painting,04_petrykivka_painting,True,0.9990335342671494,04_petrykivka_painting,02_ornek,03_bubnivka_ceramics,4,train,obj_single_7269b19a4562d582,,unreviewed,unreviewed,global_cls__c10__source0p5,fixed_base_plus_three_motif_heads__equal_centered_logits,fixed_three_descriptor_consensus,10.0,True,1.915813852970777e-05,0.0007827301662211896,0.00010098589716476703,0.9990335342671494,6.359153093488073e-05
img_0a0049ddb1eb9549,nested_outer_oof_adaptive_base_fixed_consensus_v5,dataset_dev/04_petrykivka_painting/141.jpg,04_petrykivka_painting,04_petrykivka_painting,True,0.9963303382683787,04_petrykivka_painting,01_opishnyan_ceramics,02_ornek,2,validation,obj_single_0a0049ddb1eb9549,,unreviewed,unreviewed,three_view_cls_logit_ensemble__c100__source0p5,fixed_base_plus_three_motif_heads__equal_centered_logits,fixed_three_descriptor_consensus,10.0,True,0.002425377619334012,0.0006438472429406326,0.00010300615270621907,0.9963303382683787,0.0004974307166405308
img_4dbca33c85bd3712,nested_outer_oof_adaptive_base_fixed_consensus_v5,dataset_dev/04_petrykivka_painting/142.jpg,04_petrykivka_painting,04_petrykivka_painting,True,0.9993762762292184,04_petrykivka_painting,02_ornek,05_kosiv_ceramics,4,train,obj_single_4dbca33c85bd3712,,unreviewed,unreviewed,global_cls__c10__source0p5,fixed_base_plus_three_motif_heads__equal_centered_logits,fixed_three_descriptor_consensus,10.0,True,7.52256825305659e-05,0.0003372364903841711,3.155021685641442e-05,0.9993762762292184,0.0001797113810104858
img_98ef46c93a36af73,nested_outer_oof_adaptive_base_fixed_consensus_v5,dataset_dev/04_petrykivka_painting/145.jpg,04_petrykivka_painting,04_petrykivka_painting,True,0.9980773767415011,04_petrykivka_painting,02_ornek,01_opishnyan_ceramics,1,train,obj_single_98ef46c93a36af73,,unreviewed,unreviewed,global_cls__c10__source0p5,fixed_base_plus_three_motif_heads__equal_centered_logits,fixed_three_descriptor_consensus,10.0,True,0.0006549362642162726,0.0007976798395901115,0.00014494736814152611,0.9980773767415011,0.00032505978655115265
img_6a1063cc7d802b43,nested_outer_oof_adaptive_base_fixed_consensus_v5,dataset_dev/04_petrykivka_painting/147.jpg,04_petrykivka_painting,04_petrykivka_painting,True,0.9901018864872055,04_petrykivka_painting,02_ornek,03_bubnivka_ceramics,2,train,obj_single_6a1063cc7d802b43,,unreviewed,unreviewed,three_view_cls_logit_ensemble__c100__source0p5,fixed_base_plus_three_motif_heads__equal_centered_logits,fixed_three_descriptor_consensus,10.0,True,0.00017377429699366338,0.007696839844902288,0.0019520650684129058,0.9901018864872055,7.543430248548628e-05
img_57231575effdb11e,nested_outer_oof_adaptive_base_fixed_consensus_v5,dataset_dev/04_petrykivka_painting/148.jpg,04_petrykivka_painting,04_petrykivka_painting,True,0.9996792626049206,04_petrykivka_painting,02_ornek,01_opishnyan_ceramics,3,train,obj_single_57231575effdb11e,,unreviewed,unreviewed,three_view_cls_logit_ensemble__c100__source0p5,fixed_base_plus_three_motif_heads__equal_centered_logits,fixed_three_descriptor_consensus,10.0,True,5.2554575944044564e-05,0.0002549177494680107,5.119947792230493e-06,0.9996792626049206,8.145121875100251e-06
img_f553117c65359cdf,nested_outer_oof_adaptive_base_fixed_consensus_v5,dataset_dev/04_petrykivka_painting/150.png,04_petrykivka_painting,04_petrykivka_painting,True,0.998651952945678,04_petrykivka_painting,02_ornek,05_kosiv_ceramics,1,train,obj_single_f553117c65359cdf,,unreviewed,unreviewed,global_cls__c10__source0p5,fixed_base_plus_three_motif_heads__equal_centered_logits,fixed_three_descriptor_consensus,10.0,True,3.227138086468077e-05,0.0010132541019292859,6.253818519540535e-05,0.998651952945678,0.00023998338633257903
img_794dc757653cb287,nested_outer_oof_adaptive_base_fixed_consensus_v5,dataset_dev/04_petrykivka_painting/154.jpg,04_petrykivka_painting,04_petrykivka_painting,True,0.9980907288072923,04_petrykivka_painting,02_ornek,03_bubnivka_ceramics,0,train,obj_single_794dc757653cb287,,unreviewed,unreviewed,three_view_cls_logit_ensemble__c100__source0p5,fixed_base_plus_three_motif_heads__equal_centered_logits,fixed_three_descriptor_consensus,10.0,True,0.00010448118335004303,0.0013054052677514574,0.00045513277420062816,0.9980907288072923,4.4251967405537534e-05
img_ac01772115fc308e,nested_outer_oof_adaptive_base_fixed_consensus_v5,dataset_dev/04_petrykivka_painting/155.jpg,04_petrykivka_painting,04_petrykivka_painting,True,0.9948655705918972,04_petrykivka_painting,02_ornek,05_kosiv_ceramics,3,validation,obj_single_ac01772115fc308e,,unreviewed,unreviewed,three_view_cls_logit_ensemble__c100__source0p5,fixed_base_plus_three_motif_heads__equal_centered_logits,fixed_three_descriptor_consensus,10.0,True,0.0005028570302130188,0.0028445132232137052,0.00043818907431595255,0.9948655705918972,0.0013488700803600763
img_59c3681633a3b582,nested_outer_oof_adaptive_base_fixed_consensus_v5,dataset_dev/04_petrykivka_painting/156.png,04_petrykivka_painting,04_petrykivka_painting,True,0.9993602215007434,04_petrykivka_painting,05_kosiv_ceramics,01_opishnyan_ceramics,0,validation,obj_single_59c3681633a3b582,,unreviewed,unreviewed,three_view_cls_logit_ensemble__c100__source0p5,fixed_base_plus_three_motif_heads__equal_centered_logits,fixed_three_descriptor_consensus,10.0,True,0.00016146481702399774,0.00011458822895313539,8.3341547486276e-05,0.9993602215007434,0.0002803839057932317
img_00780650deb32990,nested_outer_oof_adaptive_base_fixed_consensus_v5,dataset_dev/04_petrykivka_painting/158.jpg,04_petrykivka_painting,04_petrykivka_painting,True,0.9715416812519773,04_petrykivka_painting,02_ornek,01_opishnyan_ceramics,3,train,obj_single_00780650deb32990,,unreviewed,unreviewed,three_view_cls_logit_ensemble__c100__source0p5,fixed_base_plus_three_motif_heads__equal_centered_logits,fixed_three_descriptor_consensus,10.0,True,0.006246110211666274,0.014576578520675383,0.003090467619024858,0.9715416812519773,0.004545162396656216
img_f3a24a7834a8726f,nested_outer_oof_adaptive_base_fixed_consensus_v5,dataset_dev/04_petrykivka_painting/159.jpg,04_petrykivka_painting,04_petrykivka_painting,True,0.9925008724537776,04_petrykivka_painting,02_ornek,05_kosiv_ceramics,1,train,obj_single_f3a24a7834a8726f,,unreviewed,unreviewed,global_cls__c10__source0p5,fixed_base_plus_three_motif_heads__equal_centered_logits,fixed_three_descriptor_consensus,10.0,True,0.001569903959507263,0.0029853788853262766,0.0005445662956277515,0.9925008724537776,0.0023992784057609803
img_1be2529bf4cec0cf,nested_outer_oof_adaptive_base_fixed_consensus_v5,dataset_dev/04_petrykivka_painting/160.jpg,04_petrykivka_painting,04_petrykivka_painting,True,0.9612902280425057,04_petrykivka_painting,02_ornek,05_kosiv_ceramics,2,train,obj_single_1be2529bf4cec0cf,,unreviewed,unreviewed,three_view_cls_logit_ensemble__c100__source0p5,fixed_base_plus_three_motif_heads__equal_centered_logits,fixed_three_descriptor_consensus,10.0,True,0.0006161983890239274,0.03446047631024758,0.0012649453546976028,0.9612902280425057,0.0023681519035251117
img_cdd26535c06234c7,nested_outer_oof_adaptive_base_fixed_consensus_v5,dataset_dev/04_petrykivka_painting/161.png,04_petrykivka_painting,04_petrykivka_painting,True,0.9998866611432368,04_petrykivka_painting,02_ornek,05_kosiv_ceramics,3,train,obj_single_cdd26535c06234c7,,unreviewed,unreviewed,three_view_cls_logit_ensemble__c100__source0p5,fixed_base_plus_three_motif_heads__equal_centered_logits,fixed_three_descriptor_consensus,10.0,True,1.2020408063377883e-05,5.7276692143865224e-05,1.688172112169195e-05,0.9998866611432368,2.7160035434318824e-05
img_843c56645c71a1a2,nested_outer_oof_adaptive_base_fixed_consensus_v5,dataset_dev/04_petrykivka_painting/163.jpg,04_petrykivka_painting,04_petrykivka_painting,True,0.9665935576695747,04_petrykivka_painting,02_ornek,05_kosiv_ceramics,4,train,obj_single_843c56645c71a1a2,,unreviewed,unreviewed,global_cls__c10__source0p5,fixed_base_plus_three_motif_heads__equal_centered_logits,fixed_three_descriptor_consensus,10.0,True,0.0007481349315330233,0.016925074299747087,0.0007928264948110859,0.9665935576695747,0.014940406604334317
img_9c7fa97d1ea2b01b,nested_outer_oof_adaptive_base_fixed_consensus_v5,dataset_dev/04_petrykivka_painting/164.jpg,04_petrykivka_painting,04_petrykivka_painting,True,0.9995480739499222,04_petrykivka_painting,02_ornek,03_bubnivka_ceramics,0,train,obj_single_9c7fa97d1ea2b01b,,unreviewed,unreviewed,three_view_cls_logit_ensemble__c100__source0p5,fixed_base_plus_three_motif_heads__equal_centered_logits,fixed_three_descriptor_consensus,10.0,True,2.0824366096927488e-05,0.000357072931647495,4.102324942614513e-05,0.9995480739499222,3.300550290715086e-05
img_efe7066bf9c759f0,nested_outer_oof_adaptive_base_fixed_consensus_v5,dataset_dev/04_petrykivka_painting/166.png,04_petrykivka_painting,04_petrykivka_painting,True,0.9978277620402595,04_petrykivka_painting,02_ornek,05_kosiv_ceramics,3,train,obj_single_efe7066bf9c759f0,,unreviewed,unreviewed,three_view_cls_logit_ensemble__c100__source0p5,fixed_base_plus_three_motif_heads__equal_centered_logits,fixed_three_descriptor_consensus,10.0,True,0.00019538771804339277,0.001165561992424806,0.00020686823631600601,0.9978277620402595,0.000604420012956206
img_1f78d13464afd425,nested_outer_oof_adaptive_base_fixed_consensus_v5,dataset_dev/04_petrykivka_painting/167.png,04_petrykivka_painting,04_petrykivka_painting,True,0.996306298083075,04_petrykivka_painting,02_ornek,03_bubnivka_ceramics,1,train,obj_single_1f78d13464afd425,,unreviewed,unreviewed,global_cls__c10__source0p5,fixed_base_plus_three_motif_heads__equal_centered_logits,fixed_three_descriptor_consensus,10.0,True,0.00037346509924495347,0.0022532518573321783,0.000606977039597067,0.996306298083075,0.000460007920750938
img_2bd0240b52bb0f0f,nested_outer_oof_adaptive_base_fixed_consensus_v5,dataset_dev/04_petrykivka_painting/169.png,04_petrykivka_painting,04_petrykivka_painting,True,0.9982822771806449,04_petrykivka_painting,03_bubnivka_ceramics,02_ornek,1,train,obj_single_2bd0240b52bb0f0f,,unreviewed,unreviewed,global_cls__c10__source0p5,fixed_base_plus_three_motif_heads__equal_centered_logits,fixed_three_descriptor_consensus,10.0,True,2.7172281269568014e-05,0.0003668997287600873,0.0012499695222197734,0.9982822771806449,7.368128710546674e-05
img_8ec1fed358da90fc,nested_outer_oof_adaptive_base_fixed_consensus_v5,dataset_dev/04_petrykivka_painting/170.png,04_petrykivka_painting,04_petrykivka_painting,True,0.9993497737492089,04_petrykivka_painting,02_ornek,05_kosiv_ceramics,1,train,obj_single_8ec1fed358da90fc,,unreviewed,unreviewed,global_cls__c10__source0p5,fixed_base_plus_three_motif_heads__equal_centered_logits,fixed_three_descriptor_consensus,10.0,True,5.2192981522199425e-05,0.00041405943322054157,8.654451687102331e-05,0.9993497737492089,9.742931917742888e-05
img_f5a874e81c2262a7,nested_outer_oof_adaptive_base_fixed_consensus_v5,dataset_dev/04_petrykivka_painting/171.jpg,04_petrykivka_painting,04_petrykivka_painting,True,0.9981622165818318,04_petrykivka_painting,03_bubnivka_ceramics,02_ornek,2,train,obj_single_f5a874e81c2262a7,,unreviewed,unreviewed,three_view_cls_logit_ensemble__c100__source0p5,fixed_base_plus_three_motif_heads__equal_centered_logits,fixed_three_descriptor_consensus,10.0,True,0.00018058967772728745,0.0007677144404973381,0.0008653748032847617,0.9981622165818318,2.410449665885791e-05
img_40e8a4a0353fb1a8,nested_outer_oof_adaptive_base_fixed_consensus_v5,dataset_dev/04_petrykivka_painting/174.jpg,04_petrykivka_painting,04_petrykivka_painting,True,0.8164164195597593,04_petrykivka_painting,05_kosiv_ceramics,02_ornek,4,train,obj_single_40e8a4a0353fb1a8,,unreviewed,unreviewed,global_cls__c10__source0p5,fixed_base_plus_three_motif_heads__equal_centered_logits,fixed_three_descriptor_consensus,10.0,True,0.013323714115844579,0.03873611842334494,0.03333737401888042,0.8164164195597593,0.09818637388217068
img_a5d90d6c472ddcac,nested_outer_oof_adaptive_base_fixed_consensus_v5,dataset_dev/04_petrykivka_painting/175.jpg,04_petrykivka_painting,04_petrykivka_painting,True,0.9995305109910719,04_petrykivka_painting,02_ornek,01_opishnyan_ceramics,4,train,obj_single_a5d90d6c472ddcac,,unreviewed,unreviewed,global_cls__c10__source0p5,fixed_base_plus_three_motif_heads__equal_centered_logits,fixed_three_descriptor_consensus,10.0,True,9.077585115070077e-05,0.0002779198782932514,5.637626393474214e-05,0.9995305109910719,4.441701554936444e-05
img_520b84c00c3f2b00,nested_outer_oof_adaptive_base_fixed_consensus_v5,dataset_dev/04_petrykivka_painting/176.jpg,04_petrykivka_painting,04_petrykivka_painting,True,0.9998942683957347,04_petrykivka_painting,02_ornek,01_opishnyan_ceramics,2,train,obj_single_520b84c00c3f2b00,,unreviewed,unreviewed,three_view_cls_logit_ensemble__c100__source0p5,fixed_base_plus_three_motif_heads__equal_centered_logits,fixed_three_descriptor_consensus,10.0,True,3.3480405702443284e-05,5.195304978657473e-05,7.966907978206652e-06,0.9998942683957347,1.2331240798221602e-05
img_741ed92d16e51792,nested_outer_oof_adaptive_base_fixed_consensus_v5,dataset_dev/04_petrykivka_painting/177.jpg,04_petrykivka_painting,04_petrykivka_painting,True,0.9974732510046143,04_petrykivka_painting,02_ornek,05_kosiv_ceramics,4,train,obj_single_741ed92d16e51792,,unreviewed,unreviewed,global_cls__c10__source0p5,fixed_base_plus_three_motif_heads__equal_centered_logits,fixed_three_descriptor_consensus,10.0,True,0.0001425737567940462,0.0014374807256932775,0.0002858434526141206,0.9974732510046143,0.0006608510602842281
img_76b53f9227445531,nested_outer_oof_adaptive_base_fixed_consensus_v5,dataset_dev/04_petrykivka_painting/179.jpg,04_petrykivka_painting,04_petrykivka_painting,True,0.9704617790779047,04_petrykivka_painting,01_opishnyan_ceramics,02_ornek,3,train,obj_single_76b53f9227445531,,unreviewed,unreviewed,three_view_cls_logit_ensemble__c100__source0p5,fixed_base_plus_three_motif_heads__equal_centered_logits,fixed_three_descriptor_consensus,10.0,True,0.024818144403143682,0.0022836019609775637,0.0018366113477351796,0.9704617790779047,0.0005998632102389516
img_438acd29e59b74b0,nested_outer_oof_adaptive_base_fixed_consensus_v5,dataset_dev/04_petrykivka_painting/181.jpg,04_petrykivka_painting,04_petrykivka_painting,True,0.9958788637472521,04_petrykivka_painting,02_ornek,05_kosiv_ceramics,1,train,obj_single_438acd29e59b74b0,,unreviewed,unreviewed,global_cls__c10__source0p5,fixed_base_plus_three_motif_heads__equal_centered_logits,fixed_three_descriptor_consensus,10.0,True,0.0003224760027386404,0.0025646914032466336,0.0001740852200998526,0.9958788637472521,0.001059883626662867
img_65b809074578f318,nested_outer_oof_adaptive_base_fixed_consensus_v5,dataset_dev/04_petrykivka_painting/182.jpg,04_petrykivka_painting,04_petrykivka_painting,True,0.9994344983744657,04_petrykivka_painting,02_ornek,05_kosiv_ceramics,0,train,obj_single_65b809074578f318,,unreviewed,unreviewed,three_view_cls_logit_ensemble__c100__source0p5,fixed_base_plus_three_motif_heads__equal_centered_logits,fixed_three_descriptor_consensus,10.0,True,8.590277139439689e-05,0.00033622833957899025,4.494418475611853e-05,0.9994344983744657,9.842632980462889e-05
img_ce5c2baec4200a6f,nested_outer_oof_adaptive_base_fixed_consensus_v5,dataset_dev/04_petrykivka_painting/186.jpg,04_petrykivka_painting,04_petrykivka_painting,True,0.9996839015160894,04_petrykivka_painting,03_bubnivka_ceramics,01_opishnyan_ceramics,0,train,obj_single_ce5c2baec4200a6f,,unreviewed,unreviewed,three_view_cls_logit_ensemble__c100__source0p5,fixed_base_plus_three_motif_heads__equal_centered_logits,fixed_three_descriptor_consensus,10.0,True,8.56709397375943e-05,8.293892646965338e-05,0.00010269708046556948,0.9996839015160894,4.479153723762697e-05
img_f0f85d3604747bf7,nested_outer_oof_adaptive_base_fixed_consensus_v5,dataset_dev/04_petrykivka_painting/187.jpg,04_petrykivka_painting,04_petrykivka_painting,True,0.9976201498062415,04_petrykivka_painting,02_ornek,01_opishnyan_ceramics,1,train,obj_single_f0f85d3604747bf7,,unreviewed,unreviewed,global_cls__c10__source0p5,fixed_base_plus_three_motif_heads__equal_centered_logits,fixed_three_descriptor_consensus,10.0,True,0.0004784851015749724,0.0013729265299453944,0.00016718239667728972,0.9976201498062415,0.00036125616556098795
img_d1b29d5bb04a1bdf,nested_outer_oof_adaptive_base_fixed_consensus_v5,dataset_dev/04_petrykivka_painting/188.jpg,04_petrykivka_painting,04_petrykivka_painting,True,0.9994126944939065,04_petrykivka_painting,02_ornek,03_bubnivka_ceramics,0,train,obj_single_d1b29d5bb04a1bdf,,unreviewed,unreviewed,three_view_cls_logit_ensemble__c100__source0p5,fixed_base_plus_three_motif_heads__equal_centered_logits,fixed_three_descriptor_consensus,10.0,True,6.15549398197015e-06,0.00047588119059815753,5.705380916835355e-05,0.9994126944939065,4.821501234531345e-05
img_9e91104e632a46ed,nested_outer_oof_adaptive_base_fixed_consensus_v5,dataset_dev/04_petrykivka_painting/191.jpg,04_petrykivka_painting,04_petrykivka_painting,True,0.999073872610891,04_petrykivka_painting,02_ornek,03_bubnivka_ceramics,4,validation,obj_single_9e91104e632a46ed,,unreviewed,unreviewed,global_cls__c10__source0p5,fixed_base_plus_three_motif_heads__equal_centered_logits,fixed_three_descriptor_consensus,10.0,True,3.0070055233822902e-05,0.0006341688038230915,0.00017142227902226372,0.999073872610891,9.046625102985226e-05
img_cdc518ce074ec8c6,nested_outer_oof_adaptive_base_fixed_consensus_v5,dataset_dev/04_petrykivka_painting/193.jpg,04_petrykivka_painting,04_petrykivka_painting,True,0.9979188898677139,04_petrykivka_painting,02_ornek,03_bubnivka_ceramics,1,train,obj_single_cdc518ce074ec8c6,,unreviewed,unreviewed,global_cls__c10__source0p5,fixed_base_plus_three_motif_heads__equal_centered_logits,fixed_three_descriptor_consensus,10.0,True,0.0005061302139854821,0.0006684793665096731,0.0006569028455300669,0.9979188898677139,0.0002495977062606267
img_891d86a4dd3518cb,nested_outer_oof_adaptive_base_fixed_consensus_v5,dataset_dev/04_petrykivka_painting/194.png,04_petrykivka_painting,04_petrykivka_painting,True,0.9851181101517806,04_petrykivka_painting,02_ornek,05_kosiv_ceramics,0,train,obj_single_891d86a4dd3518cb,,unreviewed,unreviewed,three_view_cls_logit_ensemble__c100__source0p5,fixed_base_plus_three_motif_heads__equal_centered_logits,fixed_three_descriptor_consensus,10.0,True,0.000250455395046355,0.01187328315008861,8.356956148407785e-05,0.9851181101517806,0.0026745817416003437
img_fe891fc1c905629b,nested_outer_oof_adaptive_base_fixed_consensus_v5,dataset_dev/04_petrykivka_painting/195.png,04_petrykivka_painting,04_petrykivka_painting,True,0.9944664686055036,04_petrykivka_painting,02_ornek,05_kosiv_ceramics,2,train,obj_single_fe891fc1c905629b,,unreviewed,unreviewed,three_view_cls_logit_ensemble__c100__source0p5,fixed_base_plus_three_motif_heads__equal_centered_logits,fixed_three_descriptor_consensus,10.0,True,4.5315726128939484e-05,0.00446016192554049,0.00016342600022602348,0.9944664686055036,0.000864627742600867
img_35993783fd4cc510,nested_outer_oof_adaptive_base_fixed_consensus_v5,dataset_dev/04_petrykivka_painting/196.png,04_petrykivka_painting,04_petrykivka_painting,True,0.9996070300247095,04_petrykivka_painting,02_ornek,03_bubnivka_ceramics,0,train,obj_single_35993783fd4cc510,,unreviewed,unreviewed,three_view_cls_logit_ensemble__c100__source0p5,fixed_base_plus_three_motif_heads__equal_centered_logits,fixed_three_descriptor_consensus,10.0,True,2.8339878289138985e-05,0.00019359647398050107,8.596462085341042e-05,0.9996070300247095,8.506900216740645e-05
img_bc94298c68793e44,nested_outer_oof_adaptive_base_fixed_consensus_v5,dataset_dev/04_petrykivka_painting/199.png,04_petrykivka_painting,04_petrykivka_painting,True,0.9982827790043708,04_petrykivka_painting,03_bubnivka_ceramics,02_ornek,2,train,obj_single_bc94298c68793e44,,unreviewed,unreviewed,three_view_cls_logit_ensemble__c100__source0p5,fixed_base_plus_three_motif_heads__equal_centered_logits,fixed_three_descriptor_consensus,10.0,True,8.838983581225302e-06,0.00016683196722908834,0.0014708656447466875,0.9982827790043708,7.068440007229096e-05
img_8515d4a87991c252,nested_outer_oof_adaptive_base_fixed_consensus_v5,dataset_dev/04_petrykivka_painting/201.png,04_petrykivka_painting,04_petrykivka_painting,True,0.9800380827981913,04_petrykivka_painting,02_ornek,01_opishnyan_ceramics,3,validation,semgrp_297ad5d0229c75d3,,unreviewed,unreviewed,three_view_cls_logit_ensemble__c100__source0p5,fixed_base_plus_three_motif_heads__equal_centered_logits,fixed_three_descriptor_consensus,10.0,True,0.0016692756846319965,0.01737944259565701,0.0005865744383876329,0.9800380827981913,0.0003266244831320194
img_c57a475c774e5f2f,nested_outer_oof_adaptive_base_fixed_consensus_v5,dataset_dev/04_petrykivka_painting/203.png,04_petrykivka_painting,04_petrykivka_painting,True,0.9754502043149097,04_petrykivka_painting,02_ornek,03_bubnivka_ceramics,4,train,obj_single_c57a475c774e5f2f,,unreviewed,unreviewed,global_cls__c10__source0p5,fixed_base_plus_three_motif_heads__equal_centered_logits,fixed_three_descriptor_consensus,10.0,True,0.0005935949828690576,0.02106979313709679,0.001507595750199154,0.9754502043149097,0.0013788118149252171
img_a5ec0989f2ed54a7,nested_outer_oof_adaptive_base_fixed_consensus_v5,dataset_dev/04_petrykivka_painting/204.jpg,04_petrykivka_painting,04_petrykivka_painting,True,0.9414057096083042,04_petrykivka_painting,02_ornek,05_kosiv_ceramics,4,train,obj_single_a5ec0989f2ed54a7,,unreviewed,unreviewed,global_cls__c10__source0p5,fixed_base_plus_three_motif_heads__equal_centered_logits,fixed_three_descriptor_consensus,10.0,True,0.000586132779154239,0.029252259316324365,0.0006054811413478368,0.9414057096083042,0.02815041715486924
img_d84bd8c5022f368f,nested_outer_oof_adaptive_base_fixed_consensus_v5,dataset_dev/04_petrykivka_painting/207.jpg,04_petrykivka_painting,04_petrykivka_painting,True,0.9867883921844377,04_petrykivka_painting,02_ornek,03_bubnivka_ceramics,3,validation,semgrp_297ad5d0229c75d3,,unreviewed,unreviewed,three_view_cls_logit_ensemble__c100__source0p5,fixed_base_plus_three_motif_heads__equal_centered_logits,fixed_three_descriptor_consensus,10.0,True,0.0008224982522842196,0.011111979090253634,0.0010260912048564884,0.9867883921844377,0.00025103926816816735
img_841a9b229266a530,nested_outer_oof_adaptive_base_fixed_consensus_v5,dataset_dev/04_petrykivka_painting/208.jpg,04_petrykivka_painting,04_petrykivka_painting,True,0.9963953035061526,04_petrykivka_painting,02_ornek,05_kosiv_ceramics,3,validation,semgrp_ec4c1e3160283890,,unreviewed,unreviewed,three_view_cls_logit_ensemble__c100__source0p5,fixed_base_plus_three_motif_heads__equal_centered_logits,fixed_three_descriptor_consensus,10.0,True,8.882588003363494e-05,0.0030993377030044266,4.726199940513789e-05,0.9963953035061526,0.0003692709114041841
img_310ff1d6ef5cfacd,nested_outer_oof_adaptive_base_fixed_consensus_v5,dataset_dev/04_petrykivka_painting/209.jpg,04_petrykivka_painting,04_petrykivka_painting,True,0.9810346654367131,04_petrykivka_painting,02_ornek,05_kosiv_ceramics,1,train,obj_single_310ff1d6ef5cfacd,,unreviewed,unreviewed,global_cls__c10__source0p5,fixed_base_plus_three_motif_heads__equal_centered_logits,fixed_three_descriptor_consensus,10.0,True,0.0005448464528377153,0.015114766437069813,0.0007981284473441267,0.9810346654367131,0.002507593226035417
img_460fb755e4108d39,nested_outer_oof_adaptive_base_fixed_consensus_v5,dataset_dev/04_petrykivka_painting/213.jpg,04_petrykivka_painting,04_petrykivka_painting,True,0.9982236608684378,04_petrykivka_painting,02_ornek,01_opishnyan_ceramics,4,train,obj_single_460fb755e4108d39,,unreviewed,unreviewed,global_cls__c10__source0p5,fixed_base_plus_three_motif_heads__equal_centered_logits,fixed_three_descriptor_consensus,10.0,True,0.0007235153628761494,0.0008927892984725911,7.925742288790997e-05,0.9982236608684378,8.07770473254985e-05
img_7cdd212cc04df9da,nested_outer_oof_adaptive_base_fixed_consensus_v5,dataset_dev/04_petrykivka_painting/214.jpg,04_petrykivka_painting,04_petrykivka_painting,True,0.9990923089208479,04_petrykivka_painting,01_opishnyan_ceramics,03_bubnivka_ceramics,4,train,obj_single_7cdd212cc04df9da,,unreviewed,unreviewed,global_cls__c10__source0p5,fixed_base_plus_three_motif_heads__equal_centered_logits,fixed_three_descriptor_consensus,10.0,True,0.0005256768003311679,0.0001429842303090214,0.00022528054907568613,0.9990923089208479,1.3749499436213377e-05
img_9e4a5c341b2837d8,nested_outer_oof_adaptive_base_fixed_consensus_v5,dataset_dev/04_petrykivka_painting/215.jpg,04_petrykivka_painting,04_petrykivka_painting,True,0.9991263454318794,04_petrykivka_painting,02_ornek,01_opishnyan_ceramics,2,train,obj_single_9e4a5c341b2837d8,,unreviewed,unreviewed,three_view_cls_logit_ensemble__c100__source0p5,fixed_base_plus_three_motif_heads__equal_centered_logits,fixed_three_descriptor_consensus,10.0,True,0.0003036995019205253,0.0004430019141147783,5.537765621683238e-05,0.9991263454318794,7.157549586854579e-05
img_c738b266e51ead28,nested_outer_oof_adaptive_base_fixed_consensus_v5,dataset_dev/04_petrykivka_painting/216.jpg,04_petrykivka_painting,04_petrykivka_painting,True,0.9995271139219173,04_petrykivka_painting,05_kosiv_ceramics,01_opishnyan_ceramics,3,train,obj_single_c738b266e51ead28,,unreviewed,unreviewed,three_view_cls_logit_ensemble__c100__source0p5,fixed_base_plus_three_motif_heads__equal_centered_logits,fixed_three_descriptor_consensus,10.0,True,6.186075395217862e-05,3.938617105330989e-05,1.4245193996718326e-05,0.9995271139219173,0.0003573939590804799
img_9cc907346274a418,nested_outer_oof_adaptive_base_fixed_consensus_v5,dataset_dev/04_petrykivka_painting/218.jpg,04_petrykivka_painting,04_petrykivka_painting,True,0.9997363447268746,04_petrykivka_painting,02_ornek,01_opishnyan_ceramics,2,train,obj_single_9cc907346274a418,,unreviewed,unreviewed,three_view_cls_logit_ensemble__c100__source0p5,fixed_base_plus_three_motif_heads__equal_centered_logits,fixed_three_descriptor_consensus,10.0,True,5.3238742933614674e-05,0.000147458770579377,5.259902639493774e-05,0.9997363447268746,1.035873321758888e-05
img_f9b735b50750a202,nested_outer_oof_adaptive_base_fixed_consensus_v5,dataset_dev/04_petrykivka_painting/219.jpg,04_petrykivka_painting,04_petrykivka_painting,True,0.9972974916291079,04_petrykivka_painting,02_ornek,01_opishnyan_ceramics,3,train,obj_single_f9b735b50750a202,,unreviewed,unreviewed,three_view_cls_logit_ensemble__c100__source0p5,fixed_base_plus_three_motif_heads__equal_centered_logits,fixed_three_descriptor_consensus,10.0,True,9.039880058618728e-05,0.002558800389448195,1.5415537180173086e-05,0.9972974916291079,3.789364367759107e-05
img_2463b67feb19bb5f,nested_outer_oof_adaptive_base_fixed_consensus_v5,dataset_dev/04_petrykivka_painting/221.jpg,04_petrykivka_painting,04_petrykivka_painting,True,0.99954663329175,04_petrykivka_painting,03_bubnivka_ceramics,02_ornek,1,train,obj_single_2463b67feb19bb5f,,unreviewed,unreviewed,global_cls__c10__source0p5,fixed_base_plus_three_motif_heads__equal_centered_logits,fixed_three_descriptor_consensus,10.0,True,5.459058430738918e-05,8.885609316282928e-05,0.00023176604469299318,0.99954663329175,7.815398608689693e-05
img_643782600742890b,nested_outer_oof_adaptive_base_fixed_consensus_v5,dataset_dev/04_petrykivka_painting/222.jpg,04_petrykivka_painting,04_petrykivka_painting,True,0.9990011057886499,04_petrykivka_painting,02_ornek,03_bubnivka_ceramics,0,train,obj_single_643782600742890b,,unreviewed,unreviewed,three_view_cls_logit_ensemble__c100__source0p5,fixed_base_plus_three_motif_heads__equal_centered_logits,fixed_three_descriptor_consensus,10.0,True,2.5535919007562204e-05,0.0005164402743380326,0.000444811203773035,0.9990011057886499,1.2106814231609491e-05
img_01846c4485488e98,nested_outer_oof_adaptive_base_fixed_consensus_v5,dataset_dev/04_petrykivka_painting/224.jpg,04_petrykivka_painting,04_petrykivka_painting,True,0.999619987594686,04_petrykivka_painting,01_opishnyan_ceramics,05_kosiv_ceramics,2,train,obj_single_01846c4485488e98,,unreviewed,unreviewed,three_view_cls_logit_ensemble__c100__source0p5,fixed_base_plus_three_motif_heads__equal_centered_logits,fixed_three_descriptor_consensus,10.0,True,0.0002685343273608567,2.9174838140988832e-05,8.793923498770543e-06,0.999619987594686,7.350931631333265e-05
img_3649822e616075f3,nested_outer_oof_adaptive_base_fixed_consensus_v5,dataset_dev/04_petrykivka_painting/225.jpg,04_petrykivka_painting,04_petrykivka_painting,True,0.9933292170031998,04_petrykivka_painting,02_ornek,05_kosiv_ceramics,4,train,obj_single_3649822e616075f3,,unreviewed,unreviewed,global_cls__c10__source0p5,fixed_base_plus_three_motif_heads__equal_centered_logits,fixed_three_descriptor_consensus,10.0,True,0.0015037504343686245,0.0021789402650670624,0.0010701459513322903,0.9933292170031998,0.0019179463460323896
img_23e846f6613d9a4a,nested_outer_oof_adaptive_base_fixed_consensus_v5,dataset_dev/04_petrykivka_painting/227.jpg,04_petrykivka_painting,04_petrykivka_painting,True,0.9927411837446409,04_petrykivka_painting,02_ornek,01_opishnyan_ceramics,1,train,obj_single_23e846f6613d9a4a,,unreviewed,unreviewed,global_cls__c10__source0p5,fixed_base_plus_three_motif_heads__equal_centered_logits,fixed_three_descriptor_consensus,10.0,True,0.0018193378842447277,0.005226583631689819,2.1749628403628163e-05,0.9927411837446409,0.00019114511102086393
img_c5d53d56f8ccc8c2,nested_outer_oof_adaptive_base_fixed_consensus_v5,dataset_dev/04_petrykivka_painting/228.jpg,04_petrykivka_painting,04_petrykivka_painting,True,0.9996426772424996,04_petrykivka_painting,02_ornek,03_bubnivka_ceramics,2,train,obj_single_c5d53d56f8ccc8c2,,unreviewed,unreviewed,three_view_cls_logit_ensemble__c100__source0p5,fixed_base_plus_three_motif_heads__equal_centered_logits,fixed_three_descriptor_consensus,10.0,True,1.4454664953349049e-05,0.0002961881937890466,3.681921748254614e-05,0.9996426772424996,9.860681275585793e-06
img_b59a02f8f01e38f9,nested_outer_oof_adaptive_base_fixed_consensus_v5,dataset_dev/04_petrykivka_painting/231.jpg,04_petrykivka_painting,04_petrykivka_painting,True,0.9991980679690444,04_petrykivka_painting,02_ornek,05_kosiv_ceramics,3,train,obj_single_b59a02f8f01e38f9,,unreviewed,unreviewed,three_view_cls_logit_ensemble__c100__source0p5,fixed_base_plus_three_motif_heads__equal_centered_logits,fixed_three_descriptor_consensus,10.0,True,0.00013970217508508376,0.00035936006749910415,0.00012382836669610743,0.9991980679690444,0.00017904142167508928
img_13b22c98275faa07,nested_outer_oof_adaptive_base_fixed_consensus_v5,dataset_dev/04_petrykivka_painting/234.jpg,04_petrykivka_painting,04_petrykivka_painting,True,0.9981907079856693,04_petrykivka_painting,02_ornek,01_opishnyan_ceramics,1,train,obj_single_13b22c98275faa07,,unreviewed,unreviewed,global_cls__c10__source0p5,fixed_base_plus_three_motif_heads__equal_centered_logits,fixed_three_descriptor_consensus,10.0,True,0.00022631442052627746,0.001470989304944596,7.090211463010644e-05,0.9981907079856693,4.1086174229707274e-05
img_cb5dbccb92c5d3e1,nested_outer_oof_adaptive_base_fixed_consensus_v5,dataset_dev/04_petrykivka_painting/236.jpg,04_petrykivka_painting,04_petrykivka_painting,True,0.9986115404835555,04_petrykivka_painting,02_ornek,01_opishnyan_ceramics,0,train,obj_single_cb5dbccb92c5d3e1,,unreviewed,unreviewed,three_view_cls_logit_ensemble__c100__source0p5,fixed_base_plus_three_motif_heads__equal_centered_logits,fixed_three_descriptor_consensus,10.0,True,0.00035819426568885334,0.0009204458676984434,3.076933969896055e-05,0.9986115404835555,7.905004335814623e-05
img_9c14b4dfa1d480a2,nested_outer_oof_adaptive_base_fixed_consensus_v5,dataset_dev/04_petrykivka_painting/238.jpg,04_petrykivka_painting,04_petrykivka_painting,True,0.9558159091345673,04_petrykivka_painting,02_ornek,01_opishnyan_ceramics,0,train,obj_single_9c14b4dfa1d480a2,,unreviewed,unreviewed,three_view_cls_logit_ensemble__c100__source0p5,fixed_base_plus_three_motif_heads__equal_centered_logits,fixed_three_descriptor_consensus,10.0,True,0.003926614490226191,0.036832527415236495,0.0017692318290286368,0.9558159091345673,0.001655717130941451
img_b391139d74a29015,nested_outer_oof_adaptive_base_fixed_consensus_v5,dataset_dev/04_petrykivka_painting/239.jpg,04_petrykivka_painting,04_petrykivka_painting,True,0.9974973097092718,04_petrykivka_painting,02_ornek,03_bubnivka_ceramics,4,train,obj_single_b391139d74a29015,,unreviewed,unreviewed,global_cls__c10__source0p5,fixed_base_plus_three_motif_heads__equal_centered_logits,fixed_three_descriptor_consensus,10.0,True,7.70077042739045e-05,0.001897006224703025,0.00041040478235662817,0.9974973097092718,0.00011827157939473201
img_1aceddceac2fc9a0,nested_outer_oof_adaptive_base_fixed_consensus_v5,dataset_dev/04_petrykivka_painting/240.jpg,04_petrykivka_painting,04_petrykivka_painting,True,0.9921631450283152,04_petrykivka_painting,02_ornek,03_bubnivka_ceramics,2,train,obj_single_1aceddceac2fc9a0,,unreviewed,unreviewed,three_view_cls_logit_ensemble__c100__source0p5,fixed_base_plus_three_motif_heads__equal_centered_logits,fixed_three_descriptor_consensus,10.0,True,0.00021284892311643525,0.007290044602617038,0.0002250626460969488,0.9921631450283152,0.0001088987998544901
img_99f7a8834fa81622,nested_outer_oof_adaptive_base_fixed_consensus_v5,dataset_dev/04_petrykivka_painting/241.jpg,04_petrykivka_painting,04_petrykivka_painting,True,0.9920022825067643,04_petrykivka_painting,02_ornek,05_kosiv_ceramics,4,train,obj_single_99f7a8834fa81622,,unreviewed,unreviewed,global_cls__c10__source0p5,fixed_base_plus_three_motif_heads__equal_centered_logits,fixed_three_descriptor_consensus,10.0,True,0.00010385334259677678,0.007759943614666048,2.038177371670915e-05,0.9920022825067643,0.00011353876225604269
img_620c7356e590c7c3,nested_outer_oof_adaptive_base_fixed_consensus_v5,dataset_dev/04_petrykivka_painting/243.jpg,04_petrykivka_painting,04_petrykivka_painting,True,0.9791933364548109,04_petrykivka_painting,02_ornek,05_kosiv_ceramics,3,train,obj_single_620c7356e590c7c3,,unreviewed,unreviewed,three_view_cls_logit_ensemble__c100__source0p5,fixed_base_plus_three_motif_heads__equal_centered_logits,fixed_three_descriptor_consensus,10.0,True,6.795780546452334e-05,0.015573442944426748,0.000715935094668669,0.9791933364548109,0.004449327700629165
img_91d080f3c42d3140,nested_outer_oof_adaptive_base_fixed_consensus_v5,dataset_dev/04_petrykivka_painting/244.jpg,04_petrykivka_painting,04_petrykivka_painting,True,0.9755060277165355,04_petrykivka_painting,02_ornek,01_opishnyan_ceramics,0,train,obj_single_91d080f3c42d3140,,unreviewed,unreviewed,three_view_cls_logit_ensemble__c100__source0p5,fixed_base_plus_three_motif_heads__equal_centered_logits,fixed_three_descriptor_consensus,10.0,True,0.0002401150052756771,0.023921334732839566,0.00011710612264254956,0.9755060277165355,0.00021541642270670375
img_1e91bb7f2bf843d0,nested_outer_oof_adaptive_base_fixed_consensus_v5,dataset_dev/04_petrykivka_painting/245.jpg,04_petrykivka_painting,04_petrykivka_painting,True,0.9982048865835594,04_petrykivka_painting,02_ornek,03_bubnivka_ceramics,4,train,obj_single_1e91bb7f2bf843d0,,unreviewed,unreviewed,global_cls__c10__source0p5,fixed_base_plus_three_motif_heads__equal_centered_logits,fixed_three_descriptor_consensus,10.0,True,6.948117219725055e-05,0.0014162427217854392,0.0002635588041852062,0.9982048865835594,4.583071827262446e-05
img_bde04633cd70eef5,nested_outer_oof_adaptive_base_fixed_consensus_v5,dataset_dev/04_petrykivka_painting/247.jpg,04_petrykivka_painting,04_petrykivka_painting,True,0.9947770062231719,04_petrykivka_painting,02_ornek,03_bubnivka_ceramics,4,train,obj_single_bde04633cd70eef5,,unreviewed,unreviewed,global_cls__c10__source0p5,fixed_base_plus_three_motif_heads__equal_centered_logits,fixed_three_descriptor_consensus,10.0,True,0.0003378696001953267,0.0038537554730830566,0.0007561058619965611,0.9947770062231719,0.00027526284155316723
img_8b5b87d9267b4072,nested_outer_oof_adaptive_base_fixed_consensus_v5,dataset_dev/04_petrykivka_painting/248.jpg,04_petrykivka_painting,04_petrykivka_painting,True,0.9996527133249766,04_petrykivka_painting,05_kosiv_ceramics,01_opishnyan_ceramics,0,train,obj_single_8b5b87d9267b4072,,unreviewed,unreviewed,three_view_cls_logit_ensemble__c100__source0p5,fixed_base_plus_three_motif_heads__equal_centered_logits,fixed_three_descriptor_consensus,10.0,True,9.739512276054324e-05,8.9398385610719e-05,2.0268714537027105e-06,0.9996527133249766,0.00015846629519840856
img_51d742815442bd6b,nested_outer_oof_adaptive_base_fixed_consensus_v5,dataset_dev/04_petrykivka_painting/250.jpg,04_petrykivka_painting,04_petrykivka_painting,True,0.9997749992917443,04_petrykivka_painting,02_ornek,05_kosiv_ceramics,4,train,obj_single_51d742815442bd6b,,unreviewed,unreviewed,global_cls__c10__source0p5,fixed_base_plus_three_motif_heads__equal_centered_logits,fixed_three_descriptor_consensus,10.0,True,5.609381733008021e-05,8.464616556981318e-05,1.4446064722796242e-05,0.9997749992917443,6.981466063308752e-05
img_20e6d6b2c2774782,nested_outer_oof_adaptive_base_fixed_consensus_v5,dataset_dev/04_petrykivka_painting/252.jpg,04_petrykivka_painting,02_ornek,False,0.8259985274351037,02_ornek,04_petrykivka_painting,05_kosiv_ceramics,3,validation,srcgrp_64933052340ae2fe,src_global_pet_gold_x_watermark,unreviewed,unreviewed,three_view_cls_logit_ensemble__c100__source0p5,fixed_base_plus_three_motif_heads__equal_centered_logits,fixed_three_descriptor_consensus,10.0,True,0.0020827582023752013,0.8259985274351037,0.004008134570418379,0.16385686921485004,0.004053710577252797
img_011f7d62c38f4ff2,nested_outer_oof_adaptive_base_fixed_consensus_v5,dataset_dev/04_petrykivka_painting/253.jpg,04_petrykivka_painting,04_petrykivka_painting,True,0.7217822407080419,04_petrykivka_painting,02_ornek,05_kosiv_ceramics,3,validation,srcgrp_64933052340ae2fe,src_global_pet_gold_x_watermark,unreviewed,unreviewed,three_view_cls_logit_ensemble__c100__source0p5,fixed_base_plus_three_motif_heads__equal_centered_logits,fixed_three_descriptor_consensus,10.0,True,0.0008451260638542781,0.2416915939216731,0.0060833453887803495,0.7217822407080419,0.029597693917650544
img_fef7160191e032d1,nested_outer_oof_adaptive_base_fixed_consensus_v5,dataset_dev/04_petrykivka_painting/254.jpg,04_petrykivka_painting,04_petrykivka_painting,True,0.8710016070063963,04_petrykivka_painting,02_ornek,05_kosiv_ceramics,3,validation,srcgrp_64933052340ae2fe,src_global_pet_gold_x_watermark,unreviewed,unreviewed,three_view_cls_logit_ensemble__c100__source0p5,fixed_base_plus_three_motif_heads__equal_centered_logits,fixed_three_descriptor_consensus,10.0,True,0.0030484131608674676,0.10180930484057556,0.00801152891039562,0.8710016070063963,0.016129146081765078
img_b468235ba477a956,nested_outer_oof_adaptive_base_fixed_consensus_v5,dataset_dev/04_petrykivka_painting/256.jpg,04_petrykivka_painting,04_petrykivka_painting,True,0.600725777469434,04_petrykivka_painting,05_kosiv_ceramics,02_ornek,3,validation,srcgrp_64933052340ae2fe,src_global_pet_gold_x_watermark,unreviewed,unreviewed,three_view_cls_logit_ensemble__c100__source0p5,fixed_base_plus_three_motif_heads__equal_centered_logits,fixed_three_descriptor_consensus,10.0,True,0.00233629733072121,0.010510816713438752,0.002088049788401507,0.600725777469434,0.38433905869800444
img_6c8b37830476211a,nested_outer_oof_adaptive_base_fixed_consensus_v5,dataset_dev/04_petrykivka_painting/258.jpg,04_petrykivka_painting,04_petrykivka_painting,True,0.9955363839506137,04_petrykivka_painting,03_bubnivka_ceramics,05_kosiv_ceramics,3,validation,srcgrp_64933052340ae2fe,src_global_pet_gold_x_watermark,unreviewed,unreviewed,three_view_cls_logit_ensemble__c100__source0p5,fixed_base_plus_three_motif_heads__equal_centered_logits,fixed_three_descriptor_consensus,10.0,True,0.0003639744109912314,0.0005574209660430988,0.0017876045963134213,0.9955363839506137,0.0017546160760384551
img_3546c7f4ae9df4ed,nested_outer_oof_adaptive_base_fixed_consensus_v5,dataset_dev/04_petrykivka_painting/259.jpg,04_petrykivka_painting,04_petrykivka_painting,True,0.481840741299251,04_petrykivka_painting,05_kosiv_ceramics,02_ornek,3,validation,srcgrp_64933052340ae2fe,src_global_pet_gold_x_watermark,unreviewed,unreviewed,three_view_cls_logit_ensemble__c100__source0p5,fixed_base_plus_three_motif_heads__equal_centered_logits,fixed_three_descriptor_consensus,10.0,True,0.004235763837906342,0.10412126775775907,0.0014089006928729366,0.481840741299251,0.40839332641221077
img_bf12c71541a8c816,nested_outer_oof_adaptive_base_fixed_consensus_v5,dataset_dev/04_petrykivka_painting/262.jpg,04_petrykivka_painting,04_petrykivka_painting,True,0.9954553750769958,04_petrykivka_painting,05_kosiv_ceramics,02_ornek,3,validation,srcgrp_64933052340ae2fe,src_global_pet_gold_x_watermark,unreviewed,unreviewed,three_view_cls_logit_ensemble__c100__source0p5,fixed_base_plus_three_motif_heads__equal_centered_logits,fixed_three_descriptor_consensus,10.0,True,0.0001848979697139852,0.0019669015568454505,7.627728195614858e-05,0.9954553750769958,0.002316548114488485
img_89ba160cbfff60fa,nested_outer_oof_adaptive_base_fixed_consensus_v5,dataset_dev/04_petrykivka_painting/263.jpg,04_petrykivka_painting,02_ornek,False,0.6421001871262652,02_ornek,04_petrykivka_painting,05_kosiv_ceramics,3,validation,srcgrp_64933052340ae2fe,src_global_pet_gold_x_watermark,unreviewed,unreviewed,three_view_cls_logit_ensemble__c100__source0p5,fixed_base_plus_three_motif_heads__equal_centered_logits,fixed_three_descriptor_consensus,10.0,True,0.009296555927796777,0.6421001871262652,0.02387141066397294,0.23266236619544992,0.09206948008651533
img_be9774a16fd4ddb1,nested_outer_oof_adaptive_base_fixed_consensus_v5,dataset_dev/04_petrykivka_painting/265.jpg,04_petrykivka_painting,04_petrykivka_painting,True,0.625390342256539,04_petrykivka_painting,02_ornek,03_bubnivka_ceramics,3,validation,srcgrp_64933052340ae2fe,src_global_pet_gold_x_watermark,unreviewed,unreviewed,three_view_cls_logit_ensemble__c100__source0p5,fixed_base_plus_three_motif_heads__equal_centered_logits,fixed_three_descriptor_consensus,10.0,True,0.0016880612196809484,0.35334702512252014,0.014987777529302238,0.625390342256539,0.004586793871957696
img_7f57aba79b0fe226,nested_outer_oof_adaptive_base_fixed_consensus_v5,dataset_dev/04_petrykivka_painting/267.jpg,04_petrykivka_painting,04_petrykivka_painting,True,0.8961434519004505,04_petrykivka_painting,05_kosiv_ceramics,02_ornek,3,validation,srcgrp_64933052340ae2fe,src_global_pet_gold_x_watermark,unreviewed,unreviewed,three_view_cls_logit_ensemble__c100__source0p5,fixed_base_plus_three_motif_heads__equal_centered_logits,fixed_three_descriptor_consensus,10.0,True,0.003042207050600077,0.04347333432249544,0.002317504539830826,0.8961434519004505,0.0550235021866231
img_5299314629f95b4d,nested_outer_oof_adaptive_base_fixed_consensus_v5,dataset_dev/04_petrykivka_painting/268.jpg,04_petrykivka_painting,04_petrykivka_painting,True,0.9505169601559632,04_petrykivka_painting,05_kosiv_ceramics,02_ornek,3,validation,srcgrp_64933052340ae2fe,src_global_pet_gold_x_watermark,unreviewed,unreviewed,three_view_cls_logit_ensemble__c100__source0p5,fixed_base_plus_three_motif_heads__equal_centered_logits,fixed_three_descriptor_consensus,10.0,True,0.0007042992289439055,0.00431136127891609,0.0004357552399170645,0.9505169601559632,0.044031624096259846
img_0675030f34272e1c,nested_outer_oof_adaptive_base_fixed_consensus_v5,dataset_dev/04_petrykivka_painting/313.png,04_petrykivka_painting,04_petrykivka_painting,True,0.9980665264262099,04_petrykivka_painting,02_ornek,03_bubnivka_ceramics,3,train,obj_single_0675030f34272e1c,,unreviewed,unreviewed,three_view_cls_logit_ensemble__c100__source0p5,fixed_base_plus_three_motif_heads__equal_centered_logits,fixed_three_descriptor_consensus,10.0,True,0.0004579794203097797,0.0007082050896639173,0.0005533862212515851,0.9980665264262099,0.00021390284256469835
img_8163df442a3fdbb4,nested_outer_oof_adaptive_base_fixed_consensus_v5,dataset_dev/04_petrykivka_painting/314.png,04_petrykivka_painting,04_petrykivka_painting,True,0.99950749410836,04_petrykivka_painting,05_kosiv_ceramics,02_ornek,4,train,obj_single_8163df442a3fdbb4,,unreviewed,unreviewed,global_cls__c10__source0p5,fixed_base_plus_three_motif_heads__equal_centered_logits,fixed_three_descriptor_consensus,10.0,True,6.309057228411515e-05,0.00014707423242764443,2.2011309266160647e-05,0.99950749410836,0.00026032977766196
img_9e354c797023ffe0,nested_outer_oof_adaptive_base_fixed_consensus_v5,dataset_dev/04_petrykivka_painting/316.png,04_petrykivka_painting,04_petrykivka_painting,True,0.9997430731164988,04_petrykivka_painting,02_ornek,01_opishnyan_ceramics,0,train,obj_single_9e354c797023ffe0,,unreviewed,unreviewed,three_view_cls_logit_ensemble__c100__source0p5,fixed_base_plus_three_motif_heads__equal_centered_logits,fixed_three_descriptor_consensus,10.0,True,6.32553399682777e-05,0.00010415741535851811,4.602864434205182e-05,0.9997430731164988,4.3485483832400774e-05
img_3e046b6bd356ca42,nested_outer_oof_adaptive_base_fixed_consensus_v5,dataset_dev/04_petrykivka_painting/317.jpg,04_petrykivka_painting,04_petrykivka_painting,True,0.996793200125355,04_petrykivka_painting,02_ornek,03_bubnivka_ceramics,1,train,obj_single_3e046b6bd356ca42,,unreviewed,unreviewed,global_cls__c10__source0p5,fixed_base_plus_three_motif_heads__equal_centered_logits,fixed_three_descriptor_consensus,10.0,True,7.643849377729882e-05,0.0023458012661280976,0.0004176404794129367,0.996793200125355,0.0003669196353266157
img_5399d72a01569c4f,nested_outer_oof_adaptive_base_fixed_consensus_v5,dataset_dev/04_petrykivka_painting/319.jpg,04_petrykivka_painting,04_petrykivka_painting,True,0.7570412541650177,04_petrykivka_painting,05_kosiv_ceramics,02_ornek,1,train,obj_single_5399d72a01569c4f,,unreviewed,unreviewed,global_cls__c10__source0p5,fixed_base_plus_three_motif_heads__equal_centered_logits,fixed_three_descriptor_consensus,10.0,True,0.0003036292732506566,0.1085941886007894,0.004879452882576999,0.7570412541650177,0.1291814750783652
img_af9cc7745fa4fede,nested_outer_oof_adaptive_base_fixed_consensus_v5,dataset_test/04_petrykivka_painting/011.jpg,04_petrykivka_painting,04_petrykivka_painting,True,0.9950047135792286,04_petrykivka_painting,01_opishnyan_ceramics,05_kosiv_ceramics,4,train,obj_single_af9cc7745fa4fede,,unreviewed,unreviewed,global_cls__c10__source0p5,fixed_base_plus_three_motif_heads__equal_centered_logits,fixed_three_descriptor_consensus,10.0,True,0.0020567402390636834,0.0007511190850286074,0.00023987587285492957,0.9950047135792286,0.0019475512238242814
img_351efbc56785c78f,nested_outer_oof_adaptive_base_fixed_consensus_v5,dataset_test/04_petrykivka_painting/017.jpg,04_petrykivka_painting,04_petrykivka_painting,True,0.9624449973493404,04_petrykivka_painting,01_opishnyan_ceramics,02_ornek,0,train,obj_single_351efbc56785c78f,,unreviewed,unreviewed,three_view_cls_logit_ensemble__c100__source0p5,fixed_base_plus_three_motif_heads__equal_centered_logits,fixed_three_descriptor_consensus,10.0,True,0.019287660724309295,0.01766302012537158,0.0005193301119287307,0.9624449973493404,8.499168905003575e-05
img_83563b693dbb1806,nested_outer_oof_adaptive_base_fixed_consensus_v5,dataset_test/04_petrykivka_painting/022.jpg,04_petrykivka_painting,04_petrykivka_painting,True,0.9995314221034362,04_petrykivka_painting,05_kosiv_ceramics,02_ornek,0,train,obj_single_83563b693dbb1806,,unreviewed,unreviewed,three_view_cls_logit_ensemble__c100__source0p5,fixed_base_plus_three_motif_heads__equal_centered_logits,fixed_three_descriptor_consensus,10.0,True,9.705070528446898e-05,0.0001287350462635156,7.832665232480875e-05,0.9995314221034362,0.00016446549269106186
img_bc83b64a2a99b846,nested_outer_oof_adaptive_base_fixed_consensus_v5,dataset_test/04_petrykivka_painting/025.jpg,04_petrykivka_painting,04_petrykivka_painting,True,0.9996272613927378,04_petrykivka_painting,02_ornek,01_opishnyan_ceramics,0,train,obj_single_bc83b64a2a99b846,,unreviewed,unreviewed,three_view_cls_logit_ensemble__c100__source0p5,fixed_base_plus_three_motif_heads__equal_centered_logits,fixed_three_descriptor_consensus,10.0,True,9.902784071472817e-05,0.00014369978430815258,5.370337066226571e-05,0.9996272613927378,7.63076115769645e-05
img_4d21a696da1d6948,nested_outer_oof_adaptive_base_fixed_consensus_v5,dataset_test/04_petrykivka_painting/029.jpeg,04_petrykivka_painting,04_petrykivka_painting,True,0.6845681178390507,04_petrykivka_painting,02_ornek,05_kosiv_ceramics,4,train,obj_single_4d21a696da1d6948,,unreviewed,unreviewed,global_cls__c10__source0p5,fixed_base_plus_three_motif_heads__equal_centered_logits,fixed_three_descriptor_consensus,10.0,True,0.002209106320551307,0.23256086481277066,0.00944317543780688,0.6845681178390507,0.07121873558982056
img_1165d3cb962c94b0,nested_outer_oof_adaptive_base_fixed_consensus_v5,dataset_test/04_petrykivka_painting/031.jpg,04_petrykivka_painting,04_petrykivka_painting,True,0.9994078288925773,04_petrykivka_painting,05_kosiv_ceramics,02_ornek,1,train,obj_single_1165d3cb962c94b0,,unreviewed,unreviewed,global_cls__c10__source0p5,fixed_base_plus_three_motif_heads__equal_centered_logits,fixed_three_descriptor_consensus,10.0,True,8.516700260401678e-05,0.00019599087369899903,8.170619006398756e-05,0.9994078288925773,0.0002293070410557395
img_4abf99329b12016d,nested_outer_oof_adaptive_base_fixed_consensus_v5,dataset_test/04_petrykivka_painting/034.jpg,04_petrykivka_painting,04_petrykivka_painting,True,0.634183186506642,04_petrykivka_painting,05_kosiv_ceramics,01_opishnyan_ceramics,4,train,obj_single_4abf99329b12016d,,unreviewed,unreviewed,global_cls__c10__source0p5,fixed_base_plus_three_motif_heads__equal_centered_logits,fixed_three_descriptor_consensus,10.0,True,0.010842212734737552,0.004393305126977908,0.0005616462179919669,0.634183186506642,0.3500196494136506
img_ba4003d3ce1e99f2,nested_outer_oof_adaptive_base_fixed_consensus_v5,dataset_test/04_petrykivka_painting/035.jpg,04_petrykivka_painting,04_petrykivka_painting,True,0.9950096093041911,04_petrykivka_painting,02_ornek,05_kosiv_ceramics,2,train,obj_single_ba4003d3ce1e99f2,,unreviewed,unreviewed,three_view_cls_logit_ensemble__c100__source0p5,fixed_base_plus_three_motif_heads__equal_centered_logits,fixed_three_descriptor_consensus,10.0,True,0.00018768823184239043,0.004354678325045424,3.871792288348825e-05,0.9950096093041911,0.0004093062160375502
img_39e3ca4645ec31f8,nested_outer_oof_adaptive_base_fixed_consensus_v5,dataset_test/04_petrykivka_painting/037.jpg,04_petrykivka_painting,04_petrykivka_painting,True,0.9694236677503466,04_petrykivka_painting,05_kosiv_ceramics,01_opishnyan_ceramics,1,validation,obj_single_39e3ca4645ec31f8,,unreviewed,unreviewed,global_cls__c10__source0p5,fixed_base_plus_three_motif_heads__equal_centered_logits,fixed_three_descriptor_consensus,10.0,True,0.0016880667639676869,0.000802984044036224,0.0010530616053570907,0.9694236677503466,0.027032219836292313
img_069c9c71b4433e55,nested_outer_oof_adaptive_base_fixed_consensus_v5,dataset_test/04_petrykivka_painting/041.jpg,04_petrykivka_painting,04_petrykivka_painting,True,0.9848368307294124,04_petrykivka_painting,02_ornek,03_bubnivka_ceramics,1,train,obj_single_069c9c71b4433e55,,unreviewed,unreviewed,global_cls__c10__source0p5,fixed_base_plus_three_motif_heads__equal_centered_logits,fixed_three_descriptor_consensus,10.0,True,0.00011708750087001648,0.013603372565324436,0.0010458134013493748,0.9848368307294124,0.00039689580304373776
img_c412839081011455,nested_outer_oof_adaptive_base_fixed_consensus_v5,dataset_test/04_petrykivka_painting/051.jpg,04_petrykivka_painting,04_petrykivka_painting,True,0.9878149552707334,04_petrykivka_painting,02_ornek,03_bubnivka_ceramics,1,train,obj_single_c412839081011455,,unreviewed,unreviewed,global_cls__c10__source0p5,fixed_base_plus_three_motif_heads__equal_centered_logits,fixed_three_descriptor_consensus,10.0,True,0.002185897242249794,0.006714065374132725,0.0029394087802996813,0.9878149552707334,0.0003456733325846008
img_eb9eb41a5ae5e1fd,nested_outer_oof_adaptive_base_fixed_consensus_v5,dataset_test/04_petrykivka_painting/057.jpg,04_petrykivka_painting,04_petrykivka_painting,True,0.9988800867535274,04_petrykivka_painting,02_ornek,03_bubnivka_ceramics,0,train,obj_single_eb9eb41a5ae5e1fd,,unreviewed,unreviewed,three_view_cls_logit_ensemble__c100__source0p5,fixed_base_plus_three_motif_heads__equal_centered_logits,fixed_three_descriptor_consensus,10.0,True,0.00017777872193392054,0.0005705454341904281,0.0003176821559735839,0.9988800867535274,5.390693437478487e-05
img_17d31d8839bf9b7c,nested_outer_oof_adaptive_base_fixed_consensus_v5,dataset_test/04_petrykivka_painting/061.jpg,04_petrykivka_painting,04_petrykivka_painting,True,0.9975873204405559,04_petrykivka_painting,02_ornek,05_kosiv_ceramics,0,train,obj_single_17d31d8839bf9b7c,,unreviewed,unreviewed,three_view_cls_logit_ensemble__c100__source0p5,fixed_base_plus_three_motif_heads__equal_centered_logits,fixed_three_descriptor_consensus,10.0,True,0.00018346173188792355,0.001604637407821879,0.00018569706319044958,0.9975873204405559,0.00043888335654382966
img_6123652e968a36f1,nested_outer_oof_adaptive_base_fixed_consensus_v5,dataset_test/04_petrykivka_painting/064.jpg,04_petrykivka_painting,04_petrykivka_painting,True,0.9846683174618706,04_petrykivka_painting,05_kosiv_ceramics,02_ornek,1,train,obj_single_6123652e968a36f1,,unreviewed,unreviewed,global_cls__c10__source0p5,fixed_base_plus_three_motif_heads__equal_centered_logits,fixed_three_descriptor_consensus,10.0,True,0.0003491240379272532,0.005349798396255648,0.0006336076620616552,0.9846683174618706,0.008999152441884761
img_ea1685a1cc6b328c,nested_outer_oof_adaptive_base_fixed_consensus_v5,dataset_test/04_petrykivka_painting/067.jpg,04_petrykivka_painting,04_petrykivka_painting,True,0.9663866026555826,04_petrykivka_painting,02_ornek,05_kosiv_ceramics,4,train,obj_single_ea1685a1cc6b328c,,unreviewed,unreviewed,global_cls__c10__source0p5,fixed_base_plus_three_motif_heads__equal_centered_logits,fixed_three_descriptor_consensus,10.0,True,6.841377834062643e-05,0.030674471502547953,2.2463410403370998e-05,0.9663866026555826,0.002848048653125467
img_e5833d6abd348b52,nested_outer_oof_adaptive_base_fixed_consensus_v5,dataset_test/04_petrykivka_painting/071.jpg,04_petrykivka_painting,04_petrykivka_painting,True,0.9782078137683141,04_petrykivka_painting,05_kosiv_ceramics,02_ornek,1,train,obj_single_e5833d6abd348b52,,unreviewed,unreviewed,global_cls__c10__source0p5,fixed_base_plus_three_motif_heads__equal_centered_logits,fixed_three_descriptor_consensus,10.0,True,0.0016262958317647873,0.00824297449402439,0.0006192270007006432,0.9782078137683141,0.01130368890519609
img_a0fcd0d5cf7644ea,nested_outer_oof_adaptive_base_fixed_consensus_v5,dataset_test/04_petrykivka_painting/075.jpg,04_petrykivka_painting,04_petrykivka_painting,True,0.9998642835771038,04_petrykivka_painting,02_ornek,05_kosiv_ceramics,2,validation,obj_single_a0fcd0d5cf7644ea,,unreviewed,unreviewed,three_view_cls_logit_ensemble__c100__source0p5,fixed_base_plus_three_motif_heads__equal_centered_logits,fixed_three_descriptor_consensus,10.0,True,1.1540981281126945e-05,7.470025554194344e-05,4.285967520561683e-06,0.9998642835771038,4.5189218552540896e-05
img_f58b5ff8a8a1ef77,nested_outer_oof_adaptive_base_fixed_consensus_v5,dataset_test/04_petrykivka_painting/079.jpg,04_petrykivka_painting,04_petrykivka_painting,True,0.9998777313195928,04_petrykivka_painting,05_kosiv_ceramics,02_ornek,2,train,obj_single_f58b5ff8a8a1ef77,,unreviewed,unreviewed,three_view_cls_logit_ensemble__c100__source0p5,fixed_base_plus_three_motif_heads__equal_centered_logits,fixed_three_descriptor_consensus,10.0,True,1.5558264515019804e-05,3.864614339315094e-05,1.7721143860426982e-07,0.9998777313195928,6.788706106036726e-05
img_6c696e0769b90531,nested_outer_oof_adaptive_base_fixed_consensus_v5,dataset_test/04_petrykivka_painting/081.jpg,04_petrykivka_painting,04_petrykivka_painting,True,0.9971319965794936,04_petrykivka_painting,02_ornek,05_kosiv_ceramics,2,train,obj_single_6c696e0769b90531,,unreviewed,unreviewed,three_view_cls_logit_ensemble__c100__source0p5,fixed_base_plus_three_motif_heads__equal_centered_logits,fixed_three_descriptor_consensus,10.0,True,2.4719860645260173e-05,0.0022499749740803533,5.798989528345627e-05,0.9971319965794936,0.0005353186904971621
img_688f768bd33cde11,nested_outer_oof_adaptive_base_fixed_consensus_v5,dataset_test/04_petrykivka_painting/089.jpg,04_petrykivka_painting,04_petrykivka_painting,True,0.9991614144338095,04_petrykivka_painting,02_ornek,03_bubnivka_ceramics,1,train,obj_single_688f768bd33cde11,,unreviewed,unreviewed,global_cls__c10__source0p5,fixed_base_plus_three_motif_heads__equal_centered_logits,fixed_three_descriptor_consensus,10.0,True,0.00012595810924365022,0.0003328936134775994,0.00026614751221974123,0.9991614144338095,0.00011358633124969423
img_c8e963e2a21f2e42,nested_outer_oof_adaptive_base_fixed_consensus_v5,dataset_test/04_petrykivka_painting/090.jpg,04_petrykivka_painting,04_petrykivka_painting,True,0.9994412297501455,04_petrykivka_painting,05_kosiv_ceramics,02_ornek,2,validation,obj_single_c8e963e2a21f2e42,,unreviewed,unreviewed,three_view_cls_logit_ensemble__c100__source0p5,fixed_base_plus_three_motif_heads__equal_centered_logits,fixed_three_descriptor_consensus,10.0,True,2.0296209538917125e-05,6.599163540680986e-05,5.068978177146448e-05,0.9994412297501455,0.0004217926231373265
img_12c4e1f6e98f5dc3,nested_outer_oof_adaptive_base_fixed_consensus_v5,dataset_test/04_petrykivka_painting/094.jpg,04_petrykivka_painting,04_petrykivka_painting,True,0.9711984320242764,04_petrykivka_painting,02_ornek,05_kosiv_ceramics,3,train,obj_single_12c4e1f6e98f5dc3,,unreviewed,unreviewed,three_view_cls_logit_ensemble__c100__source0p5,fixed_base_plus_three_motif_heads__equal_centered_logits,fixed_three_descriptor_consensus,10.0,True,0.0002864714145794435,0.02158293882814364,0.001009276281077435,0.9711984320242764,0.005922881451923134
img_1d6fd062134716c3,nested_outer_oof_adaptive_base_fixed_consensus_v5,dataset_test/04_petrykivka_painting/097.jpg,04_petrykivka_painting,04_petrykivka_painting,True,0.9977564397298451,04_petrykivka_painting,03_bubnivka_ceramics,01_opishnyan_ceramics,4,train,obj_single_1d6fd062134716c3,,unreviewed,unreviewed,global_cls__c10__source0p5,fixed_base_plus_three_motif_heads__equal_centered_logits,fixed_three_descriptor_consensus,10.0,True,0.000804168371601508,0.00024560812046730125,0.0009565960818313202,0.9977564397298451,0.00023718769625477026
img_f29d0c28eff9f389,nested_outer_oof_adaptive_base_fixed_consensus_v5,dataset_test/04_petrykivka_painting/101.jpg,04_petrykivka_painting,04_petrykivka_painting,True,0.9997892671605916,04_petrykivka_painting,02_ornek,05_kosiv_ceramics,3,train,obj_single_f29d0c28eff9f389,,unreviewed,unreviewed,three_view_cls_logit_ensemble__c100__source0p5,fixed_base_plus_three_motif_heads__equal_centered_logits,fixed_three_descriptor_consensus,10.0,True,6.287954855269756e-06,0.00017893159585437434,3.954156693998692e-06,0.9997892671605916,2.1559132004947942e-05
img_a60f485440262983,nested_outer_oof_adaptive_base_fixed_consensus_v5,dataset_test/04_petrykivka_painting/103.jpg,04_petrykivka_painting,04_petrykivka_painting,True,0.992255404946364,04_petrykivka_painting,05_kosiv_ceramics,02_ornek,1,validation,obj_single_a60f485440262983,,unreviewed,unreviewed,global_cls__c10__source0p5,fixed_base_plus_three_motif_heads__equal_centered_logits,fixed_three_descriptor_consensus,10.0,True,0.0008107356095707315,0.0026386889185424315,0.00042136605894032333,0.992255404946364,0.0038738044665824942
img_5d6d3749caad2a3c,nested_outer_oof_adaptive_base_fixed_consensus_v5,dataset_test/04_petrykivka_painting/106.jpg,04_petrykivka_painting,04_petrykivka_painting,True,0.9447493250488157,04_petrykivka_painting,05_kosiv_ceramics,02_ornek,4,train,obj_single_5d6d3749caad2a3c,,unreviewed,unreviewed,global_cls__c10__source0p5,fixed_base_plus_three_motif_heads__equal_centered_logits,fixed_three_descriptor_consensus,10.0,True,0.004013306651452296,0.00716607450210949,0.00043638463489007823,0.9447493250488157,0.0436349091627324
img_c948aea5e7abcab5,nested_outer_oof_adaptive_base_fixed_consensus_v5,dataset_test/04_petrykivka_painting/111.jpg,04_petrykivka_painting,04_petrykivka_painting,True,0.995558974466134,04_petrykivka_painting,05_kosiv_ceramics,01_opishnyan_ceramics,4,train,obj_single_c948aea5e7abcab5,,unreviewed,unreviewed,global_cls__c10__source0p5,fixed_base_plus_three_motif_heads__equal_centered_logits,fixed_three_descriptor_consensus,10.0,True,0.0009133855063031524,0.00015914588859551964,0.00019873780881459323,0.995558974466134,0.0031697563301526415
img_07c4c1d68fe46011,nested_outer_oof_adaptive_base_fixed_consensus_v5,dataset_test/04_petrykivka_painting/114.jpg,04_petrykivka_painting,04_petrykivka_painting,True,0.9524888892981912,04_petrykivka_painting,05_kosiv_ceramics,03_bubnivka_ceramics,3,train,obj_single_07c4c1d68fe46011,,unreviewed,unreviewed,three_view_cls_logit_ensemble__c100__source0p5,fixed_base_plus_three_motif_heads__equal_centered_logits,fixed_three_descriptor_consensus,10.0,True,0.002508563641665151,0.004222235541759404,0.0061730510555091,0.9524888892981912,0.03460726046287522
img_5f7be5494fb162af,nested_outer_oof_adaptive_base_fixed_consensus_v5,dataset_test/04_petrykivka_painting/117.jpg,04_petrykivka_painting,04_petrykivka_painting,True,0.9675018841511054,04_petrykivka_painting,03_bubnivka_ceramics,02_ornek,2,validation,obj_single_5f7be5494fb162af,,unreviewed,unreviewed,three_view_cls_logit_ensemble__c100__source0p5,fixed_base_plus_three_motif_heads__equal_centered_logits,fixed_three_descriptor_consensus,10.0,True,0.00041176369613674324,0.0027295215006882313,0.027812375378172875,0.9675018841511054,0.0015444552738967385
img_effa9f74fe053594,nested_outer_oof_adaptive_base_fixed_consensus_v5,dataset_test/04_petrykivka_painting/123.jpg,04_petrykivka_painting,04_petrykivka_painting,True,0.9998126467566855,04_petrykivka_painting,02_ornek,01_opishnyan_ceramics,2,validation,obj_single_effa9f74fe053594,,unreviewed,unreviewed,three_view_cls_logit_ensemble__c100__source0p5,fixed_base_plus_three_motif_heads__equal_centered_logits,fixed_three_descriptor_consensus,10.0,True,4.82866347610553e-05,8.799100587031692e-05,5.137008327545423e-06,0.9998126467566855,4.593859435558016e-05
img_1c25864b6ff0c620,nested_outer_oof_adaptive_base_fixed_consensus_v5,dataset_test/04_petrykivka_painting/125.jpg,04_petrykivka_painting,04_petrykivka_painting,True,0.9990867716358586,04_petrykivka_painting,02_ornek,05_kosiv_ceramics,2,train,obj_single_1c25864b6ff0c620,,unreviewed,unreviewed,three_view_cls_logit_ensemble__c100__source0p5,fixed_base_plus_three_motif_heads__equal_centered_logits,fixed_three_descriptor_consensus,10.0,True,0.00014591881820964664,0.0005951307514778311,2.3696638493206418e-06,0.9990867716358586,0.00016980913060467078
img_2830092fe7571da9,nested_outer_oof_adaptive_base_fixed_consensus_v5,dataset_test/04_petrykivka_painting/126.jpg,04_petrykivka_painting,04_petrykivka_painting,True,0.996531031783043,04_petrykivka_painting,01_opishnyan_ceramics,02_ornek,4,train,obj_single_2830092fe7571da9,,unreviewed,unreviewed,global_cls__c10__source0p5,fixed_base_plus_three_motif_heads__equal_centered_logits,fixed_three_descriptor_consensus,10.0,True,0.0028424421426140583,0.0004697334878099108,8.828982647817374e-05,0.996531031783043,6.850276005486411e-05
img_1b6bb7f1fdd6839c,nested_outer_oof_adaptive_base_fixed_consensus_v5,dataset_test/04_petrykivka_painting/128.jpg,04_petrykivka_painting,04_petrykivka_painting,True,0.9992827243360392,04_petrykivka_painting,01_opishnyan_ceramics,05_kosiv_ceramics,3,train,obj_single_1b6bb7f1fdd6839c,,unreviewed,unreviewed,three_view_cls_logit_ensemble__c100__source0p5,fixed_base_plus_three_motif_heads__equal_centered_logits,fixed_three_descriptor_consensus,10.0,True,0.0005905374044018977,3.068732227827183e-05,4.164387209453682e-06,0.9992827243360392,9.188655007122909e-05
img_fd01e33eeb79fd3e,nested_outer_oof_adaptive_base_fixed_consensus_v5,dataset_test/04_petrykivka_painting/132.jpg,04_petrykivka_painting,04_petrykivka_painting,True,0.9989574562893995,04_petrykivka_painting,05_kosiv_ceramics,01_opishnyan_ceramics,2,train,obj_single_fd01e33eeb79fd3e,,unreviewed,unreviewed,three_view_cls_logit_ensemble__c100__source0p5,fixed_base_plus_three_motif_heads__equal_centered_logits,fixed_three_descriptor_consensus,10.0,True,0.00022110211856664962,0.00014565115398781868,3.391255444264262e-05,0.9989574562893995,0.0006418778836035067
img_6868aecc45cc1cb0,nested_outer_oof_adaptive_base_fixed_consensus_v5,dataset_test/04_petrykivka_painting/133.jpg,04_petrykivka_painting,04_petrykivka_painting,True,0.9997925788886165,04_petrykivka_painting,02_ornek,01_opishnyan_ceramics,1,train,obj_single_6868aecc45cc1cb0,,unreviewed,unreviewed,global_cls__c10__source0p5,fixed_base_plus_three_motif_heads__equal_centered_logits,fixed_three_descriptor_consensus,10.0,True,5.771085631492777e-05,7.590951407145533e-05,1.9945447974679707e-05,0.9997925788886165,5.385529302252292e-05
img_20b3ddf70b4fc155,nested_outer_oof_adaptive_base_fixed_consensus_v5,dataset_test/04_petrykivka_painting/135.jpg,04_petrykivka_painting,04_petrykivka_painting,True,0.9973522779947215,04_petrykivka_painting,02_ornek,03_bubnivka_ceramics,4,train,obj_single_20b3ddf70b4fc155,,unreviewed,unreviewed,global_cls__c10__source0p5,fixed_base_plus_three_motif_heads__equal_centered_logits,fixed_three_descriptor_consensus,10.0,True,0.00018997683270452863,0.0014637163923559092,0.0007918486619867396,0.9973522779947215,0.0002021801182313358
img_2ee99576d34ec5b2,nested_outer_oof_adaptive_base_fixed_consensus_v5,dataset_test/04_petrykivka_painting/136.jpg,04_petrykivka_painting,04_petrykivka_painting,True,0.9896229294899626,04_petrykivka_painting,02_ornek,01_opishnyan_ceramics,1,train,obj_single_2ee99576d34ec5b2,,unreviewed,unreviewed,global_cls__c10__source0p5,fixed_base_plus_three_motif_heads__equal_centered_logits,fixed_three_descriptor_consensus,10.0,True,0.0003739231751809954,0.009694046428659718,0.0001968332019223638,0.9896229294899626,0.00011226770427436833
img_bc0a2c5eb1ca7c75,nested_outer_oof_adaptive_base_fixed_consensus_v5,dataset_test/04_petrykivka_painting/137.png,04_petrykivka_painting,04_petrykivka_painting,True,0.9945447612806383,04_petrykivka_painting,01_opishnyan_ceramics,05_kosiv_ceramics,4,train,obj_single_bc0a2c5eb1ca7c75,,unreviewed,unreviewed,global_cls__c10__source0p5,fixed_base_plus_three_motif_heads__equal_centered_logits,fixed_three_descriptor_consensus,10.0,True,0.0019243301820522018,0.0012871179688083373,0.0008212672472736194,0.9945447612806383,0.001422523321227437
img_fdc0218dd2da3ecb,nested_outer_oof_adaptive_base_fixed_consensus_v5,dataset_test/04_petrykivka_painting/138.jpg,04_petrykivka_painting,04_petrykivka_painting,True,0.9991541384867398,04_petrykivka_painting,02_ornek,05_kosiv_ceramics,4,train,obj_single_fdc0218dd2da3ecb,,unreviewed,unreviewed,global_cls__c10__source0p5,fixed_base_plus_three_motif_heads__equal_centered_logits,fixed_three_descriptor_consensus,10.0,True,0.00012774646425937447,0.0004518610400226449,0.00011243074106260654,0.9991541384867398,0.00015382326791558282
img_5bcfc8cb3d267bd9,nested_outer_oof_adaptive_base_fixed_consensus_v5,dataset_test/04_petrykivka_painting/143.jpg,04_petrykivka_painting,04_petrykivka_painting,True,0.9991388225597163,04_petrykivka_painting,02_ornek,03_bubnivka_ceramics,4,train,obj_single_5bcfc8cb3d267bd9,,unreviewed,unreviewed,global_cls__c10__source0p5,fixed_base_plus_three_motif_heads__equal_centered_logits,fixed_three_descriptor_consensus,10.0,True,0.00014771814293003843,0.00047135858123832376,0.0001806935224706724,0.9991388225597163,6.140719364471817e-05
img_215aa5d8c020e17d,nested_outer_oof_adaptive_base_fixed_consensus_v5,dataset_test/04_petrykivka_painting/146.jpg,04_petrykivka_painting,04_petrykivka_painting,True,0.9988315130418781,04_petrykivka_painting,05_kosiv_ceramics,02_ornek,2,train,obj_single_215aa5d8c020e17d,,unreviewed,unreviewed,three_view_cls_logit_ensemble__c100__source0p5,fixed_base_plus_three_motif_heads__equal_centered_logits,fixed_three_descriptor_consensus,10.0,True,0.00011002760275175707,0.00040392097143112206,2.672631564318426e-05,0.9988315130418781,0.0006278120682958339
img_75a861900e8039e5,nested_outer_oof_adaptive_base_fixed_consensus_v5,dataset_test/04_petrykivka_painting/149.jpg,04_petrykivka_painting,04_petrykivka_painting,True,0.9983153305813266,04_petrykivka_painting,01_opishnyan_ceramics,02_ornek,2,train,obj_single_75a861900e8039e5,,unreviewed,unreviewed,three_view_cls_logit_ensemble__c100__source0p5,fixed_base_plus_three_motif_heads__equal_centered_logits,fixed_three_descriptor_consensus,10.0,True,0.000716111338171317,0.0006441410634899183,5.890449581420335e-05,0.9983153305813266,0.00026551252119776304
img_d16db869194cb873,nested_outer_oof_adaptive_base_fixed_consensus_v5,dataset_test/04_petrykivka_painting/151.png,04_petrykivka_painting,04_petrykivka_painting,True,0.9956672584799332,04_petrykivka_painting,02_ornek,03_bubnivka_ceramics,0,validation,obj_single_d16db869194cb873,,unreviewed,unreviewed,three_view_cls_logit_ensemble__c100__source0p5,fixed_base_plus_three_motif_heads__equal_centered_logits,fixed_three_descriptor_consensus,10.0,True,7.360613574470015e-05,0.0031015403342293944,0.0006151070711569494,0.9956672584799332,0.0005424879789359349
img_7a5d96062e504da7,nested_outer_oof_adaptive_base_fixed_consensus_v5,dataset_test/04_petrykivka_painting/152.png,04_petrykivka_painting,04_petrykivka_painting,True,0.9991201837921598,04_petrykivka_painting,03_bubnivka_ceramics,02_ornek,0,train,obj_single_7a5d96062e504da7,,unreviewed,unreviewed,three_view_cls_logit_ensemble__c100__source0p5,fixed_base_plus_three_motif_heads__equal_centered_logits,fixed_three_descriptor_consensus,10.0,True,2.3546921199439376e-05,0.0001675846481898185,0.0006815426545580369,0.9991201837921598,7.141983892741783e-06
img_6ea4885417d3a0d1,nested_outer_oof_adaptive_base_fixed_consensus_v5,dataset_test/04_petrykivka_painting/157.png,04_petrykivka_painting,04_petrykivka_painting,True,0.9999492774433371,04_petrykivka_painting,02_ornek,01_opishnyan_ceramics,2,train,obj_single_6ea4885417d3a0d1,,unreviewed,unreviewed,three_view_cls_logit_ensemble__c100__source0p5,fixed_base_plus_three_motif_heads__equal_centered_logits,fixed_three_descriptor_consensus,10.0,True,1.2356403995879722e-05,3.0931456356913344e-05,1.1829644855091453e-06,0.9999492774433371,6.251731824710381e-06
img_3af37735eb6a4c86,nested_outer_oof_adaptive_base_fixed_consensus_v5,dataset_test/04_petrykivka_painting/162.png,04_petrykivka_painting,04_petrykivka_painting,True,0.9992971362517116,04_petrykivka_painting,01_opishnyan_ceramics,03_bubnivka_ceramics,0,train,obj_single_3af37735eb6a4c86,,unreviewed,unreviewed,three_view_cls_logit_ensemble__c100__source0p5,fixed_base_plus_three_motif_heads__equal_centered_logits,fixed_three_descriptor_consensus,10.0,True,0.0004959693543802935,7.86856650808996e-05,9.506395203058676e-05,0.9992971362517116,3.314477679658748e-05
img_54777ada7befa2bc,nested_outer_oof_adaptive_base_fixed_consensus_v5,dataset_test/04_petrykivka_painting/165.jpg,04_petrykivka_painting,04_petrykivka_painting,True,0.9977193468336705,04_petrykivka_painting,02_ornek,01_opishnyan_ceramics,2,train,obj_single_54777ada7befa2bc,,unreviewed,unreviewed,three_view_cls_logit_ensemble__c100__source0p5,fixed_base_plus_three_motif_heads__equal_centered_logits,fixed_three_descriptor_consensus,10.0,True,0.00011399355158013793,0.0020550103470767297,8.43367605880684e-05,0.9977193468336705,2.7312507084592336e-05
img_63890c3dea88656f,nested_outer_oof_adaptive_base_fixed_consensus_v5,dataset_test/04_petrykivka_painting/168.png,04_petrykivka_painting,04_petrykivka_painting,True,0.9950440263293526,04_petrykivka_painting,01_opishnyan_ceramics,02_ornek,0,train,obj_single_63890c3dea88656f,,unreviewed,unreviewed,three_view_cls_logit_ensemble__c100__source0p5,fixed_base_plus_three_motif_heads__equal_centered_logits,fixed_three_descriptor_consensus,10.0,True,0.0028336278110848677,0.0015409065280757308,0.0003299800331448558,0.9950440263293526,0.00025145929834181587
img_8ed82c4285e2a322,nested_outer_oof_adaptive_base_fixed_consensus_v5,dataset_test/04_petrykivka_painting/172.jpg,04_petrykivka_painting,04_petrykivka_painting,True,0.9971246533113738,04_petrykivka_painting,02_ornek,05_kosiv_ceramics,3,train,obj_single_8ed82c4285e2a322,,unreviewed,unreviewed,three_view_cls_logit_ensemble__c100__source0p5,fixed_base_plus_three_motif_heads__equal_centered_logits,fixed_three_descriptor_consensus,10.0,True,6.636478199460987e-05,0.0017808702489196806,0.00023662007045311556,0.9971246533113738,0.0007914915872586925
img_f7dbd5877a2bb7ba,nested_outer_oof_adaptive_base_fixed_consensus_v5,dataset_test/04_petrykivka_painting/173.jpg,04_petrykivka_painting,04_petrykivka_painting,True,0.9997786944826698,04_petrykivka_painting,02_ornek,03_bubnivka_ceramics,3,train,obj_single_f7dbd5877a2bb7ba,,unreviewed,unreviewed,three_view_cls_logit_ensemble__c100__source0p5,fixed_base_plus_three_motif_heads__equal_centered_logits,fixed_three_descriptor_consensus,10.0,True,1.954934450569044e-05,0.00014629190747991733,5.413069642228234e-05,0.9997786944826698,1.3335689222800288e-06
img_b521c04dc05563cc,nested_outer_oof_adaptive_base_fixed_consensus_v5,dataset_test/04_petrykivka_painting/178.jpg,04_petrykivka_painting,04_petrykivka_painting,True,0.999050803207977,04_petrykivka_painting,02_ornek,05_kosiv_ceramics,0,validation,obj_single_b521c04dc05563cc,,unreviewed,unreviewed,three_view_cls_logit_ensemble__c100__source0p5,fixed_base_plus_three_motif_heads__equal_centered_logits,fixed_three_descriptor_consensus,10.0,True,4.7317653750715185e-05,0.0007158352176650978,8.163487590361582e-05,0.999050803207977,0.0001044090447036442
img_f9985b5aec883c44,nested_outer_oof_adaptive_base_fixed_consensus_v5,dataset_test/04_petrykivka_painting/180.jpg,04_petrykivka_painting,04_petrykivka_painting,True,0.9995008081185996,04_petrykivka_painting,02_ornek,01_opishnyan_ceramics,1,train,obj_single_f9985b5aec883c44,,unreviewed,unreviewed,global_cls__c10__source0p5,fixed_base_plus_three_motif_heads__equal_centered_logits,fixed_three_descriptor_consensus,10.0,True,0.0001930421559469965,0.00021623715430337993,7.918007726036814e-05,0.9995008081185996,1.0732493889554195e-05
img_494691b9e203d75f,nested_outer_oof_adaptive_base_fixed_consensus_v5,dataset_test/04_petrykivka_painting/183.jpg,04_petrykivka_painting,04_petrykivka_painting,True,0.9996587417249323,04_petrykivka_painting,01_opishnyan_ceramics,05_kosiv_ceramics,0,validation,obj_single_494691b9e203d75f,,unreviewed,unreviewed,three_view_cls_logit_ensemble__c100__source0p5,fixed_base_plus_three_motif_heads__equal_centered_logits,fixed_three_descriptor_consensus,10.0,True,0.0001255827145307302,9.326163147355006e-05,1.5700277830927015e-05,0.9996587417249323,0.00010671365123251811
img_f9a47b605f705137,nested_outer_oof_adaptive_base_fixed_consensus_v5,dataset_test/04_petrykivka_painting/184.jpg,04_petrykivka_painting,04_petrykivka_painting,True,0.9996114656565199,04_petrykivka_painting,01_opishnyan_ceramics,02_ornek,2,train,obj_single_f9a47b605f705137,,unreviewed,unreviewed,three_view_cls_logit_ensemble__c100__source0p5,fixed_base_plus_three_motif_heads__equal_centered_logits,fixed_three_descriptor_consensus,10.0,True,0.00028533461069830236,3.943067759181501e-05,2.5469948493968608e-05,0.9996114656565199,3.8299106696215604e-05
img_fe63c51d79ecde1d,nested_outer_oof_adaptive_base_fixed_consensus_v5,dataset_test/04_petrykivka_painting/185.jpg,04_petrykivka_painting,04_petrykivka_painting,True,0.9988719218061254,04_petrykivka_painting,05_kosiv_ceramics,01_opishnyan_ceramics,3,train,obj_single_fe63c51d79ecde1d,,unreviewed,unreviewed,three_view_cls_logit_ensemble__c100__source0p5,fixed_base_plus_three_motif_heads__equal_centered_logits,fixed_three_descriptor_consensus,10.0,True,0.00040195534936301655,3.493324352179393e-05,1.0920646169104765e-05,0.9988719218061254,0.0006802689548206799
img_05beb6be6373a4d0,nested_outer_oof_adaptive_base_fixed_consensus_v5,dataset_test/04_petrykivka_painting/189.jpg,04_petrykivka_painting,04_petrykivka_painting,True,0.993289159954017,04_petrykivka_painting,02_ornek,03_bubnivka_ceramics,4,train,obj_single_05beb6be6373a4d0,,unreviewed,unreviewed,global_cls__c10__source0p5,fixed_base_plus_three_motif_heads__equal_centered_logits,fixed_three_descriptor_consensus,10.0,True,0.00127997049456624,0.0034766609732076533,0.0016181071448830415,0.993289159954017,0.0003361014333261628
img_e5504d419f4e25d0,nested_outer_oof_adaptive_base_fixed_consensus_v5,dataset_test/04_petrykivka_painting/190.jpg,04_petrykivka_painting,04_petrykivka_painting,True,0.9994405727292132,04_petrykivka_painting,05_kosiv_ceramics,03_bubnivka_ceramics,1,train,obj_single_e5504d419f4e25d0,,unreviewed,unreviewed,global_cls__c10__source0p5,fixed_base_plus_three_motif_heads__equal_centered_logits,fixed_three_descriptor_consensus,10.0,True,0.00010956756754719218,0.00010982409141642576,0.0001138378128378995,0.9994405727292132,0.00022619779898538778
img_7e54054b596d69e5,nested_outer_oof_adaptive_base_fixed_consensus_v5,dataset_test/04_petrykivka_painting/192.jpg,04_petrykivka_painting,04_petrykivka_painting,True,0.9992071058575078,04_petrykivka_painting,02_ornek,03_bubnivka_ceramics,3,train,obj_single_7e54054b596d69e5,,unreviewed,unreviewed,three_view_cls_logit_ensemble__c100__source0p5,fixed_base_plus_three_motif_heads__equal_centered_logits,fixed_three_descriptor_consensus,10.0,True,4.649933645084886e-05,0.0004926651211416967,0.00016394166892109093,0.9992071058575078,8.978801597848656e-05
img_660a77c3537ba19d,nested_outer_oof_adaptive_base_fixed_consensus_v5,dataset_test/04_petrykivka_painting/197.png,04_petrykivka_painting,04_petrykivka_painting,True,0.9880279452545487,04_petrykivka_painting,02_ornek,05_kosiv_ceramics,4,train,obj_single_660a77c3537ba19d,,unreviewed,unreviewed,global_cls__c10__source0p5,fixed_base_plus_three_motif_heads__equal_centered_logits,fixed_three_descriptor_consensus,10.0,True,2.0275331480096167e-05,0.007774217056346852,0.0015775713573417467,0.9880279452545487,0.0025999910002826193
img_2348efcac740ca91,nested_outer_oof_adaptive_base_fixed_consensus_v5,dataset_test/04_petrykivka_painting/198.png,04_petrykivka_painting,04_petrykivka_painting,True,0.9973523688432595,04_petrykivka_painting,02_ornek,05_kosiv_ceramics,3,validation,semgrp_ec4c1e3160283890,,unreviewed,unreviewed,three_view_cls_logit_ensemble__c100__source0p5,fixed_base_plus_three_motif_heads__equal_centered_logits,fixed_three_descriptor_consensus,10.0,True,0.00010626590330114563,0.0021641403354816366,4.468279692394379e-05,0.9973523688432595,0.0003325421210338045
img_00f952f73b595a4b,nested_outer_oof_adaptive_base_fixed_consensus_v5,dataset_test/04_petrykivka_painting/200.png,04_petrykivka_painting,04_petrykivka_painting,True,0.9996588095695088,04_petrykivka_painting,02_ornek,03_bubnivka_ceramics,2,train,obj_single_00f952f73b595a4b,,unreviewed,unreviewed,three_view_cls_logit_ensemble__c100__source0p5,fixed_base_plus_three_motif_heads__equal_centered_logits,fixed_three_descriptor_consensus,10.0,True,1.3972307799415012e-05,0.0002705845076541862,4.887942331295836e-05,0.9996588095695088,7.754191724638136e-06
img_e9ed25dd56687923,nested_outer_oof_adaptive_base_fixed_consensus_v5,dataset_test/04_petrykivka_painting/206.jpg,04_petrykivka_painting,04_petrykivka_painting,True,0.9561756213337864,04_petrykivka_painting,02_ornek,05_kosiv_ceramics,1,train,obj_single_e9ed25dd56687923,,unreviewed,unreviewed,global_cls__c10__source0p5,fixed_base_plus_three_motif_heads__equal_centered_logits,fixed_three_descriptor_consensus,10.0,True,0.00026170217019364574,0.029436486880632957,0.006247826214615457,0.9561756213337864,0.007878363400771348
img_24dc365698db735c,nested_outer_oof_adaptive_base_fixed_consensus_v5,dataset_test/04_petrykivka_painting/210.jpg,04_petrykivka_painting,04_petrykivka_painting,True,0.954313479447512,04_petrykivka_painting,02_ornek,05_kosiv_ceramics,0,train,obj_single_24dc365698db735c,,unreviewed,unreviewed,three_view_cls_logit_ensemble__c100__source0p5,fixed_base_plus_three_motif_heads__equal_centered_logits,fixed_three_descriptor_consensus,10.0,True,0.00017603013586952573,0.03943008951618474,0.0016283083546915328,0.954313479447512,0.004452092545742229
img_f9c0c55ca811d6bb,nested_outer_oof_adaptive_base_fixed_consensus_v5,dataset_test/04_petrykivka_painting/211.jpg,04_petrykivka_painting,04_petrykivka_painting,True,0.9992653287699474,04_petrykivka_painting,05_kosiv_ceramics,03_bubnivka_ceramics,2,train,obj_single_f9c0c55ca811d6bb,,unreviewed,unreviewed,three_view_cls_logit_ensemble__c100__source0p5,fixed_base_plus_three_motif_heads__equal_centered_logits,fixed_three_descriptor_consensus,10.0,True,9.444232911432695e-05,0.000169638256389656,0.00022299058682609624,0.9992653287699474,0.0002476000577224489
img_5a283ec449fd5131,nested_outer_oof_adaptive_base_fixed_consensus_v5,dataset_test/04_petrykivka_painting/212.jpg,04_petrykivka_painting,04_petrykivka_painting,True,0.9980752025894188,04_petrykivka_painting,03_bubnivka_ceramics,01_opishnyan_ceramics,4,train,obj_single_5a283ec449fd5131,,unreviewed,unreviewed,global_cls__c10__source0p5,fixed_base_plus_three_motif_heads__equal_centered_logits,fixed_three_descriptor_consensus,10.0,True,0.0005751954322712269,0.00038840241570532524,0.0008397795611422296,0.9980752025894188,0.00012142000146252488
img_714b00cfcd76dcfb,nested_outer_oof_adaptive_base_fixed_consensus_v5,dataset_test/04_petrykivka_painting/217.jpg,04_petrykivka_painting,04_petrykivka_painting,True,0.999692591407646,04_petrykivka_painting,05_kosiv_ceramics,02_ornek,1,train,src_manual_040,,painting_print_or_panel,clear,global_cls__c10__source0p5,fixed_base_plus_three_motif_heads__equal_centered_logits,fixed_three_descriptor_consensus,10.0,True,4.859734836495224e-05,6.967720431613609e-05,5.853631233708969e-06,0.999692591407646,0.00018328040843910458
img_bfa82f29305f6969,nested_outer_oof_adaptive_base_fixed_consensus_v5,dataset_test/04_petrykivka_painting/220.jpg,04_petrykivka_painting,04_petrykivka_painting,True,0.9989132686678568,04_petrykivka_painting,02_ornek,01_opishnyan_ceramics,2,train,obj_single_bfa82f29305f6969,,unreviewed,unreviewed,three_view_cls_logit_ensemble__c100__source0p5,fixed_base_plus_three_motif_heads__equal_centered_logits,fixed_three_descriptor_consensus,10.0,True,0.00024106847020702508,0.0004702733339306638,0.000187271213036754,0.9989132686678568,0.00018811831496862833
img_9858fe78ef0be9d1,nested_outer_oof_adaptive_base_fixed_consensus_v5,dataset_test/04_petrykivka_painting/223.jpg,04_petrykivka_painting,04_petrykivka_painting,True,0.9991077031666036,04_petrykivka_painting,01_opishnyan_ceramics,05_kosiv_ceramics,2,train,obj_single_9858fe78ef0be9d1,,unreviewed,unreviewed,three_view_cls_logit_ensemble__c100__source0p5,fixed_base_plus_three_motif_heads__equal_centered_logits,fixed_three_descriptor_consensus,10.0,True,0.0006289891239524371,8.655932809117414e-05,2.528701222610741e-05,0.9991077031666036,0.00015146136912666118
img_f924485ae98d3be4,nested_outer_oof_adaptive_base_fixed_consensus_v5,dataset_test/04_petrykivka_painting/226.jpg,04_petrykivka_painting,04_petrykivka_painting,True,0.99968237611865,04_petrykivka_painting,02_ornek,03_bubnivka_ceramics,2,train,obj_single_f924485ae98d3be4,,unreviewed,unreviewed,three_view_cls_logit_ensemble__c100__source0p5,fixed_base_plus_three_motif_heads__equal_centered_logits,fixed_three_descriptor_consensus,10.0,True,3.094858936945235e-05,0.00024803217649433214,3.336335376877209e-05,0.99968237611865,5.279761717376085e-06
img_4fcc810283228a7b,nested_outer_oof_adaptive_base_fixed_consensus_v5,dataset_test/04_petrykivka_painting/229.jpg,04_petrykivka_painting,04_petrykivka_painting,True,0.9854981694815871,04_petrykivka_painting,02_ornek,01_opishnyan_ceramics,2,train,obj_single_4fcc810283228a7b,,unreviewed,unreviewed,three_view_cls_logit_ensemble__c100__source0p5,fixed_base_plus_three_motif_heads__equal_centered_logits,fixed_three_descriptor_consensus,10.0,True,0.0018161890424845913,0.01250369677182224,0.00016661975207544777,0.9854981694815871,1.5324952030695276e-05
img_18c436a050172336,nested_outer_oof_adaptive_base_fixed_consensus_v5,dataset_test/04_petrykivka_painting/230.jpg,04_petrykivka_painting,04_petrykivka_painting,True,0.9968512851555748,04_petrykivka_painting,02_ornek,03_bubnivka_ceramics,2,validation,obj_single_18c436a050172336,,unreviewed,unreviewed,three_view_cls_logit_ensemble__c100__source0p5,fixed_base_plus_three_motif_heads__equal_centered_logits,fixed_three_descriptor_consensus,10.0,True,3.977288584899647e-05,0.002965022813686467,8.177875162639555e-05,0.9968512851555748,6.21403932633364e-05
img_773f86423d4bba63,nested_outer_oof_adaptive_base_fixed_consensus_v5,dataset_test/04_petrykivka_painting/233.jpg,04_petrykivka_painting,04_petrykivka_painting,True,0.9936946213263257,04_petrykivka_painting,02_ornek,05_kosiv_ceramics,4,train,obj_single_773f86423d4bba63,,unreviewed,unreviewed,global_cls__c10__source0p5,fixed_base_plus_three_motif_heads__equal_centered_logits,fixed_three_descriptor_consensus,10.0,True,0.00015140828804324565,0.003908890240890778,5.047071722317734e-05,0.9936946213263257,0.0021946094275170766
img_85c12efa647f1278,nested_outer_oof_adaptive_base_fixed_consensus_v5,dataset_test/04_petrykivka_painting/235.jpg,04_petrykivka_painting,04_petrykivka_painting,True,0.9915214292234108,04_petrykivka_painting,02_ornek,01_opishnyan_ceramics,0,train,obj_single_85c12efa647f1278,,unreviewed,unreviewed,three_view_cls_logit_ensemble__c100__source0p5,fixed_base_plus_three_motif_heads__equal_centered_logits,fixed_three_descriptor_consensus,10.0,True,0.0009332856358902972,0.0066311815780734015,7.164682316696479e-05,0.9915214292234108,0.0008424567394584729
img_b0aeaadac56ba363,nested_outer_oof_adaptive_base_fixed_consensus_v5,dataset_test/04_petrykivka_painting/237.jpg,04_petrykivka_painting,04_petrykivka_painting,True,0.9784508861533247,04_petrykivka_painting,02_ornek,03_bubnivka_ceramics,3,train,obj_single_b0aeaadac56ba363,,unreviewed,unreviewed,three_view_cls_logit_ensemble__c100__source0p5,fixed_base_plus_three_motif_heads__equal_centered_logits,fixed_three_descriptor_consensus,10.0,True,0.00018379531371545652,0.020943442478575144,0.00040784497144565887,0.9784508861533247,1.4031082939017152e-05
img_c78092efbfb41d32,nested_outer_oof_adaptive_base_fixed_consensus_v5,dataset_test/04_petrykivka_painting/242.jpg,04_petrykivka_painting,04_petrykivka_painting,True,0.9989239464748494,04_petrykivka_painting,02_ornek,05_kosiv_ceramics,1,validation,obj_single_c78092efbfb41d32,,unreviewed,unreviewed,global_cls__c10__source0p5,fixed_base_plus_three_motif_heads__equal_centered_logits,fixed_three_descriptor_consensus,10.0,True,0.00012628683247749826,0.0006286216183287596,0.00015482582196004707,0.9989239464748494,0.00016631925238432872
img_af7498d05384ca05,nested_outer_oof_adaptive_base_fixed_consensus_v5,dataset_test/04_petrykivka_painting/246.jpg,04_petrykivka_painting,04_petrykivka_painting,True,0.9871336539354792,04_petrykivka_painting,02_ornek,03_bubnivka_ceramics,4,train,obj_single_af7498d05384ca05,,unreviewed,unreviewed,global_cls__c10__source0p5,fixed_base_plus_three_motif_heads__equal_centered_logits,fixed_three_descriptor_consensus,10.0,True,0.0012367809249217844,0.006795927779775588,0.004810494984557896,0.9871336539354792,2.3142375265642416e-05
img_46489ac39971a6f5,nested_outer_oof_adaptive_base_fixed_consensus_v5,dataset_test/04_petrykivka_painting/249.jpg,04_petrykivka_painting,04_petrykivka_painting,True,0.9992667587852592,04_petrykivka_painting,02_ornek,01_opishnyan_ceramics,0,train,obj_single_46489ac39971a6f5,,unreviewed,unreviewed,three_view_cls_logit_ensemble__c100__source0p5,fixed_base_plus_three_motif_heads__equal_centered_logits,fixed_three_descriptor_consensus,10.0,True,0.000157970416839274,0.0005248913134590188,8.000866315998936e-06,0.9992667587852592,4.2378618126392546e-05
img_a89a7b220600a6d4,nested_outer_oof_adaptive_base_fixed_consensus_v5,dataset_test/04_petrykivka_painting/251.jpg,04_petrykivka_painting,04_petrykivka_painting,True,0.9994232405487058,04_petrykivka_painting,02_ornek,05_kosiv_ceramics,0,train,obj_single_a89a7b220600a6d4,,unreviewed,unreviewed,three_view_cls_logit_ensemble__c100__source0p5,fixed_base_plus_three_motif_heads__equal_centered_logits,fixed_three_descriptor_consensus,10.0,True,1.0059655949238909e-05,0.0004978279732896709,1.3904466853597933e-05,0.9994232405487058,5.4967355201740834e-05
img_5d5cc0bfe247fe19,nested_outer_oof_adaptive_base_fixed_consensus_v5,dataset_test/04_petrykivka_painting/255.jpg,04_petrykivka_painting,04_petrykivka_painting,True,0.999544016155259,04_petrykivka_painting,05_kosiv_ceramics,02_ornek,3,validation,srcgrp_64933052340ae2fe,src_global_pet_gold_x_watermark,unreviewed,unreviewed,three_view_cls_logit_ensemble__c100__source0p5,fixed_base_plus_three_motif_heads__equal_centered_logits,fixed_three_descriptor_consensus,10.0,True,7.741569329801098e-05,0.00012786440420525073,3.781892135064463e-06,0.999544016155259,0.0002469218551026233
img_4735ad83cb189910,nested_outer_oof_adaptive_base_fixed_consensus_v5,dataset_test/04_petrykivka_painting/257.jpg,04_petrykivka_painting,04_petrykivka_painting,True,0.9965541698064888,04_petrykivka_painting,05_kosiv_ceramics,01_opishnyan_ceramics,3,validation,srcgrp_64933052340ae2fe,src_global_pet_gold_x_watermark,unreviewed,unreviewed,three_view_cls_logit_ensemble__c100__source0p5,fixed_base_plus_three_motif_heads__equal_centered_logits,fixed_three_descriptor_consensus,10.0,True,0.00039485333068281107,0.00016537061120642838,5.910038380051318e-05,0.9965541698064888,0.0028265058678215885
img_c6d1ef7bbc8a02a3,nested_outer_oof_adaptive_base_fixed_consensus_v5,dataset_test/04_petrykivka_painting/260.jpg,04_petrykivka_painting,04_petrykivka_painting,True,0.7112600769968622,04_petrykivka_painting,05_kosiv_ceramics,02_ornek,3,validation,srcgrp_64933052340ae2fe,src_global_pet_gold_x_watermark,unreviewed,unreviewed,three_view_cls_logit_ensemble__c100__source0p5,fixed_base_plus_three_motif_heads__equal_centered_logits,fixed_three_descriptor_consensus,10.0,True,0.013221922959222126,0.020191224028832822,0.012929830440452015,0.7112600769968622,0.2423969455746308
img_c87ce70390ffd789,nested_outer_oof_adaptive_base_fixed_consensus_v5,dataset_test/04_petrykivka_painting/261.jpg,04_petrykivka_painting,04_petrykivka_painting,True,0.9283902799653044,04_petrykivka_painting,02_ornek,05_kosiv_ceramics,3,validation,srcgrp_64933052340ae2fe,src_global_pet_gold_x_watermark,unreviewed,unreviewed,three_view_cls_logit_ensemble__c100__source0p5,fixed_base_plus_three_motif_heads__equal_centered_logits,fixed_three_descriptor_consensus,10.0,True,0.007075106463173797,0.034046416772973376,0.008685178087957945,0.9283902799653044,0.021803018710590486
img_2ac141168fc50677,nested_outer_oof_adaptive_base_fixed_consensus_v5,dataset_test/04_petrykivka_painting/264.jpg,04_petrykivka_painting,04_petrykivka_painting,True,0.9255896679660933,04_petrykivka_painting,05_kosiv_ceramics,02_ornek,3,validation,srcgrp_64933052340ae2fe,src_global_pet_gold_x_watermark,unreviewed,unreviewed,three_view_cls_logit_ensemble__c100__source0p5,fixed_base_plus_three_motif_heads__equal_centered_logits,fixed_three_descriptor_consensus,10.0,True,0.0004810692736092275,0.029854583233618396,0.0006806511536664297,0.9255896679660933,0.04339402837301249
img_2c8eb41f970aba65,nested_outer_oof_adaptive_base_fixed_consensus_v5,dataset_test/04_petrykivka_painting/266.jpg,04_petrykivka_painting,04_petrykivka_painting,True,0.9966262003568997,04_petrykivka_painting,05_kosiv_ceramics,02_ornek,3,validation,srcgrp_64933052340ae2fe,src_global_pet_gold_x_watermark,unreviewed,unreviewed,three_view_cls_logit_ensemble__c100__source0p5,fixed_base_plus_three_motif_heads__equal_centered_logits,fixed_three_descriptor_consensus,10.0,True,4.911933184339873e-05,0.0008156434137719226,0.00011248845572494401,0.9966262003568997,0.002396548441759983
img_6afdaea51458bb28,nested_outer_oof_adaptive_base_fixed_consensus_v5,dataset_test/04_petrykivka_painting/269.jpg,04_petrykivka_painting,04_petrykivka_painting,True,0.9971511595380512,04_petrykivka_painting,02_ornek,05_kosiv_ceramics,3,validation,srcgrp_64933052340ae2fe,src_global_pet_gold_x_watermark,unreviewed,unreviewed,three_view_cls_logit_ensemble__c100__source0p5,fixed_base_plus_three_motif_heads__equal_centered_logits,fixed_three_descriptor_consensus,10.0,True,3.4560807709511445e-05,0.0023675099623013977,6.881011330731674e-05,0.9971511595380512,0.0003779595786305269
img_1978d3317988ce7f,nested_outer_oof_adaptive_base_fixed_consensus_v5,dataset_test/04_petrykivka_painting/315.png,04_petrykivka_painting,04_petrykivka_painting,True,0.9993034701001167,04_petrykivka_painting,02_ornek,05_kosiv_ceramics,4,train,obj_single_1978d3317988ce7f,,unreviewed,unreviewed,global_cls__c10__source0p5,fixed_base_plus_three_motif_heads__equal_centered_logits,fixed_three_descriptor_consensus,10.0,True,1.6711670748639685e-05,0.000579609877564836,3.4919133604170284e-05,0.9993034701001167,6.528921796594465e-05
img_ae9a717e64772631,nested_outer_oof_adaptive_base_fixed_consensus_v5,dataset_test/04_petrykivka_painting/318.jpg,04_petrykivka_painting,04_petrykivka_painting,True,0.9982833352634128,04_petrykivka_painting,05_kosiv_ceramics,02_ornek,1,train,obj_single_ae9a717e64772631,,unreviewed,unreviewed,global_cls__c10__source0p5,fixed_base_plus_three_motif_heads__equal_centered_logits,fixed_three_descriptor_consensus,10.0,True,4.784607868781429e-05,0.0006599883515794694,9.607334038961663e-05,0.9982833352634128,0.0009127569659301062
img_3ba9f191c0a489f7,nested_outer_oof_adaptive_base_fixed_consensus_v5,dataset_dev/05_kosiv_ceramics/k001.jpg,05_kosiv_ceramics,05_kosiv_ceramics,True,0.9713834530901827,05_kosiv_ceramics,03_bubnivka_ceramics,02_ornek,2,train,obj_single_3ba9f191c0a489f7,,unreviewed,unreviewed,three_view_cls_logit_ensemble__c100__source0p5,fixed_base_plus_three_motif_heads__equal_centered_logits,fixed_three_descriptor_consensus,10.0,True,0.001504225030648362,0.010977453661855712,0.015952282080862627,0.00018258613645071985,0.9713834530901827
img_f0a4cb4a5e654295,nested_outer_oof_adaptive_base_fixed_consensus_v5,dataset_dev/05_kosiv_ceramics/k002.jpg,05_kosiv_ceramics,05_kosiv_ceramics,True,0.9839803139037713,05_kosiv_ceramics,03_bubnivka_ceramics,02_ornek,2,train,obj_single_f0a4cb4a5e654295,,unreviewed,unreviewed,three_view_cls_logit_ensemble__c100__source0p5,fixed_base_plus_three_motif_heads__equal_centered_logits,fixed_three_descriptor_consensus,10.0,True,0.0006414900394163832,0.0039042985785223113,0.011175117376318065,0.0002987801019719404,0.9839803139037713
img_25ca69de6ceb0452,nested_outer_oof_adaptive_base_fixed_consensus_v5,dataset_dev/05_kosiv_ceramics/k003.jpg,05_kosiv_ceramics,05_kosiv_ceramics,True,0.367553021595154,05_kosiv_ceramics,03_bubnivka_ceramics,01_opishnyan_ceramics,0,train,obj_single_25ca69de6ceb0452,,unreviewed,unreviewed,three_view_cls_logit_ensemble__c100__source0p5,fixed_base_plus_three_motif_heads__equal_centered_logits,fixed_three_descriptor_consensus,10.0,True,0.16211341449635924,0.15380059543682956,0.27805827359027996,0.03847469488137732,0.367553021595154
img_dccd1b71fd2c83bd,nested_outer_oof_adaptive_base_fixed_consensus_v5,dataset_dev/05_kosiv_ceramics/k004.jpg,05_kosiv_ceramics,05_kosiv_ceramics,True,0.9898646458268829,05_kosiv_ceramics,02_ornek,04_petrykivka_painting,0,train,obj_single_dccd1b71fd2c83bd,,unreviewed,unreviewed,three_view_cls_logit_ensemble__c100__source0p5,fixed_base_plus_three_motif_heads__equal_centered_logits,fixed_three_descriptor_consensus,10.0,True,0.0009372832724927393,0.005586915697832938,0.001175521044157999,0.002435634158633495,0.9898646458268829
img_65c78018615433e7,nested_outer_oof_adaptive_base_fixed_consensus_v5,dataset_dev/05_kosiv_ceramics/k005.jpg,05_kosiv_ceramics,05_kosiv_ceramics,True,0.7937666723366436,05_kosiv_ceramics,02_ornek,01_opishnyan_ceramics,0,train,obj_single_65c78018615433e7,,unreviewed,unreviewed,three_view_cls_logit_ensemble__c100__source0p5,fixed_base_plus_three_motif_heads__equal_centered_logits,fixed_three_descriptor_consensus,10.0,True,0.09637558647802849,0.09756890851047116,0.005760996606250409,0.006527836068606335,0.7937666723366436
img_f5cb9d79c4ee108a,nested_outer_oof_adaptive_base_fixed_consensus_v5,dataset_dev/05_kosiv_ceramics/k006.jpg,05_kosiv_ceramics,05_kosiv_ceramics,True,0.9304112763622192,05_kosiv_ceramics,01_opishnyan_ceramics,02_ornek,2,train,obj_single_f5cb9d79c4ee108a,,unreviewed,unreviewed,three_view_cls_logit_ensemble__c100__source0p5,fixed_base_plus_three_motif_heads__equal_centered_logits,fixed_three_descriptor_consensus,10.0,True,0.06561158647371423,0.0016815099860341346,0.0007310068749447477,0.0015646203030876677,0.9304112763622192
img_c5332abf821190a5,nested_outer_oof_adaptive_base_fixed_consensus_v5,dataset_dev/05_kosiv_ceramics/k007.jpg,05_kosiv_ceramics,05_kosiv_ceramics,True,0.9890930218949683,05_kosiv_ceramics,02_ornek,03_bubnivka_ceramics,1,train,obj_single_c5332abf821190a5,,unreviewed,unreviewed,global_cls__c10__source0p5,fixed_base_plus_three_motif_heads__equal_centered_logits,fixed_three_descriptor_consensus,10.0,True,0.001150538023657868,0.007741916200467776,0.001331788730397225,0.0006827351505088533,0.9890930218949683
img_4cd76eb3362af207,nested_outer_oof_adaptive_base_fixed_consensus_v5,dataset_dev/05_kosiv_ceramics/k008.jpg,05_kosiv_ceramics,05_kosiv_ceramics,True,0.9182663699190715,05_kosiv_ceramics,01_opishnyan_ceramics,03_bubnivka_ceramics,2,train,obj_single_4cd76eb3362af207,,unreviewed,unreviewed,three_view_cls_logit_ensemble__c100__source0p5,fixed_base_plus_three_motif_heads__equal_centered_logits,fixed_three_descriptor_consensus,10.0,True,0.07725606753142983,0.0006906436652879091,0.00324707489280346,0.0005398439914073594,0.9182663699190715
img_15e593138dec0051,nested_outer_oof_adaptive_base_fixed_consensus_v5,dataset_dev/05_kosiv_ceramics/k009.jpg,05_kosiv_ceramics,05_kosiv_ceramics,True,0.9855918282347849,05_kosiv_ceramics,01_opishnyan_ceramics,03_bubnivka_ceramics,1,train,obj_single_15e593138dec0051,,unreviewed,unreviewed,global_cls__c10__source0p5,fixed_base_plus_three_motif_heads__equal_centered_logits,fixed_three_descriptor_consensus,10.0,True,0.008546536515641114,0.0021577862035415895,0.003491564345762089,0.0002122847002703945,0.9855918282347849
img_1182b8ad14328ce6,nested_outer_oof_adaptive_base_fixed_consensus_v5,dataset_dev/05_kosiv_ceramics/k010.jpg,05_kosiv_ceramics,05_kosiv_ceramics,True,0.9435397427783504,05_kosiv_ceramics,01_opishnyan_ceramics,02_ornek,0,train,obj_single_1182b8ad14328ce6,,unreviewed,unreviewed,three_view_cls_logit_ensemble__c100__source0p5,fixed_base_plus_three_motif_heads__equal_centered_logits,fixed_three_descriptor_consensus,10.0,True,0.04107105542925384,0.01084321555739715,0.0029306592848979017,0.0016153269501006553,0.9435397427783504
img_f8116bd0df381933,nested_outer_oof_adaptive_base_fixed_consensus_v5,dataset_dev/05_kosiv_ceramics/k011.png,05_kosiv_ceramics,05_kosiv_ceramics,True,0.8593121966789248,05_kosiv_ceramics,02_ornek,03_bubnivka_ceramics,1,train,obj_single_f8116bd0df381933,,unreviewed,unreviewed,global_cls__c10__source0p5,fixed_base_plus_three_motif_heads__equal_centered_logits,fixed_three_descriptor_consensus,10.0,True,0.017860970592723978,0.07501400400445941,0.040827139081416504,0.00698568964247539,0.8593121966789248
img_a783a7d439974891,nested_outer_oof_adaptive_base_fixed_consensus_v5,dataset_dev/05_kosiv_ceramics/k012.png,05_kosiv_ceramics,05_kosiv_ceramics,True,0.9077583103309725,05_kosiv_ceramics,01_opishnyan_ceramics,02_ornek,3,train,obj_single_a783a7d439974891,,unreviewed,unreviewed,three_view_cls_logit_ensemble__c100__source0p5,fixed_base_plus_three_motif_heads__equal_centered_logits,fixed_three_descriptor_consensus,10.0,True,0.04585363555209907,0.03432149825990265,0.008814841962103187,0.003251713894922563,0.9077583103309725
img_d99f73828e206680,nested_outer_oof_adaptive_base_fixed_consensus_v5,dataset_dev/05_kosiv_ceramics/k013.png,05_kosiv_ceramics,05_kosiv_ceramics,True,0.885945315815198,05_kosiv_ceramics,02_ornek,01_opishnyan_ceramics,0,train,obj_single_d99f73828e206680,,unreviewed,unreviewed,three_view_cls_logit_ensemble__c100__source0p5,fixed_base_plus_three_motif_heads__equal_centered_logits,fixed_three_descriptor_consensus,10.0,True,0.013058006670904655,0.08985141862499327,0.004890288892032198,0.006254969996871756,0.885945315815198
img_25047cdda55701cb,nested_outer_oof_adaptive_base_fixed_consensus_v5,dataset_dev/05_kosiv_ceramics/k014.jpg,05_kosiv_ceramics,05_kosiv_ceramics,True,0.9407661723941222,05_kosiv_ceramics,01_opishnyan_ceramics,03_bubnivka_ceramics,1,train,obj_single_25047cdda55701cb,,unreviewed,unreviewed,global_cls__c10__source0p5,fixed_base_plus_three_motif_heads__equal_centered_logits,fixed_three_descriptor_consensus,10.0,True,0.03319385993387243,0.01172558636236078,0.012122163897777417,0.0021922174118672606,0.9407661723941222
img_a3854d88d2c1d05b,nested_outer_oof_adaptive_base_fixed_consensus_v5,dataset_dev/05_kosiv_ceramics/k024.jpg,05_kosiv_ceramics,05_kosiv_ceramics,True,0.9956315393667906,05_kosiv_ceramics,01_opishnyan_ceramics,03_bubnivka_ceramics,3,train,obj_single_a3854d88d2c1d05b,,unreviewed,unreviewed,three_view_cls_logit_ensemble__c100__source0p5,fixed_base_plus_three_motif_heads__equal_centered_logits,fixed_three_descriptor_consensus,10.0,True,0.00292760011194786,0.00015582913998410207,0.0010110640662789872,0.0002739673149984232,0.9956315393667906
img_201ea327ecbda98b,nested_outer_oof_adaptive_base_fixed_consensus_v5,dataset_dev/05_kosiv_ceramics/k026.jpg,05_kosiv_ceramics,05_kosiv_ceramics,True,0.9955949510955181,05_kosiv_ceramics,02_ornek,01_opishnyan_ceramics,3,train,src_manual_098,,vase_jug_or_vessel,clear,three_view_cls_logit_ensemble__c100__source0p5,fixed_base_plus_three_motif_heads__equal_centered_logits,fixed_three_descriptor_consensus,10.0,True,0.0013395355449379288,0.002175866548094691,0.0005506027662739848,0.00033904404517528847,0.9955949510955181
img_d94560ac59a4f026,nested_outer_oof_adaptive_base_fixed_consensus_v5,dataset_dev/05_kosiv_ceramics/k028.jpg,05_kosiv_ceramics,05_kosiv_ceramics,True,0.9988018699932251,05_kosiv_ceramics,01_opishnyan_ceramics,03_bubnivka_ceramics,2,train,src_manual_134,,plate_or_bowl,clear,three_view_cls_logit_ensemble__c100__source0p5,fixed_base_plus_three_motif_heads__equal_centered_logits,fixed_three_descriptor_consensus,10.0,True,0.0008101194823475411,0.00010866371898192327,0.00020705278229450803,7.229402315106876e-05,0.9988018699932251
img_712c1c98a143eb40,nested_outer_oof_adaptive_base_fixed_consensus_v5,dataset_dev/05_kosiv_ceramics/k029.jpg,05_kosiv_ceramics,05_kosiv_ceramics,True,0.9832197198640824,05_kosiv_ceramics,01_opishnyan_ceramics,02_ornek,2,train,src_manual_068,,vase_jug_or_vessel,clear,three_view_cls_logit_ensemble__c100__source0p5,fixed_base_plus_three_motif_heads__equal_centered_logits,fixed_three_descriptor_consensus,10.0,True,0.014938558719205684,0.0011104998983954568,0.00016808379117869057,0.0005631377271378493,0.9832197198640824
img_35a0eb48838172f1,nested_outer_oof_adaptive_base_fixed_consensus_v5,dataset_dev/05_kosiv_ceramics/k030.jpg,05_kosiv_ceramics,05_kosiv_ceramics,True,0.9936303797749403,05_kosiv_ceramics,02_ornek,03_bubnivka_ceramics,2,train,src_manual_063,,plate_or_bowl,clear,three_view_cls_logit_ensemble__c100__source0p5,fixed_base_plus_three_motif_heads__equal_centered_logits,fixed_three_descriptor_consensus,10.0,True,0.0007144323497452821,0.003206624522862269,0.0022714135170301473,0.0001771498354220409,0.9936303797749403
img_b6d4993a947d934b,nested_outer_oof_adaptive_base_fixed_consensus_v5,dataset_dev/05_kosiv_ceramics/k031.jpg,05_kosiv_ceramics,05_kosiv_ceramics,True,0.9964191201181638,05_kosiv_ceramics,03_bubnivka_ceramics,01_opishnyan_ceramics,1,train,src_manual_069,,plate_or_bowl,clear,global_cls__c10__source0p5,fixed_base_plus_three_motif_heads__equal_centered_logits,fixed_three_descriptor_consensus,10.0,True,0.0009355345340981695,0.0006556874230779521,0.0015181016016513383,0.00047155632300876815,0.9964191201181638
img_ddc67032f41ea357,nested_outer_oof_adaptive_base_fixed_consensus_v5,dataset_dev/05_kosiv_ceramics/k032.jpg,05_kosiv_ceramics,05_kosiv_ceramics,True,0.9744702029938141,05_kosiv_ceramics,01_opishnyan_ceramics,02_ornek,0,train,src_manual_022,,box_or_container,clear,three_view_cls_logit_ensemble__c100__source0p5,fixed_base_plus_three_motif_heads__equal_centered_logits,fixed_three_descriptor_consensus,10.0,True,0.01631495376170763,0.006499451955092359,0.0005117712688578923,0.0022036200205279867,0.9744702029938141
img_ff407e2cdad41c6e,nested_outer_oof_adaptive_base_fixed_consensus_v5,dataset_dev/05_kosiv_ceramics/k033.jpg,05_kosiv_ceramics,05_kosiv_ceramics,True,0.9839889607859645,05_kosiv_ceramics,02_ornek,03_bubnivka_ceramics,3,train,src_manual_129,,vase_jug_or_vessel,clear,three_view_cls_logit_ensemble__c100__source0p5,fixed_base_plus_three_motif_heads__equal_centered_logits,fixed_three_descriptor_consensus,10.0,True,0.0013670787041627187,0.01116240141104125,0.0023771071596619853,0.00110445193916945,0.9839889607859645
img_7194ca574b05eba0,nested_outer_oof_adaptive_base_fixed_consensus_v5,dataset_dev/05_kosiv_ceramics/k034.jpg,05_kosiv_ceramics,05_kosiv_ceramics,True,0.9896868283135769,05_kosiv_ceramics,01_opishnyan_ceramics,04_petrykivka_painting,1,train,src_manual_029,,figurine_or_sculpture,clear,global_cls__c10__source0p5,fixed_base_plus_three_motif_heads__equal_centered_logits,fixed_three_descriptor_consensus,10.0,True,0.0036012001703391284,0.0006400101456368976,0.002981489031168607,0.0030904723392784625,0.9896868283135769
img_1518da0810767353,nested_outer_oof_adaptive_base_fixed_consensus_v5,dataset_dev/05_kosiv_ceramics/k035.jpg,05_kosiv_ceramics,05_kosiv_ceramics,True,0.997619118337688,05_kosiv_ceramics,01_opishnyan_ceramics,04_petrykivka_painting,0,train,obj_single_1518da0810767353,,unreviewed,unreviewed,three_view_cls_logit_ensemble__c100__source0p5,fixed_base_plus_three_motif_heads__equal_centered_logits,fixed_three_descriptor_consensus,10.0,True,0.0018130118096641539,0.000169099936599132,0.00013244025862797255,0.00026632965742065604,0.997619118337688
img_2f9cbeaa6d4a81f6,nested_outer_oof_adaptive_base_fixed_consensus_v5,dataset_dev/05_kosiv_ceramics/k036.jpg,05_kosiv_ceramics,05_kosiv_ceramics,True,0.9995282238589376,05_kosiv_ceramics,01_opishnyan_ceramics,03_bubnivka_ceramics,0,train,obj_single_2f9cbeaa6d4a81f6,,unreviewed,unreviewed,three_view_cls_logit_ensemble__c100__source0p5,fixed_base_plus_three_motif_heads__equal_centered_logits,fixed_three_descriptor_consensus,10.0,True,0.0003840294829163293,1.0540437460111342e-05,5.937028490423821e-05,1.7835935781815085e-05,0.9995282238589376
img_e6c533d7bbda4934,nested_outer_oof_adaptive_base_fixed_consensus_v5,dataset_dev/05_kosiv_ceramics/k037.jpg,05_kosiv_ceramics,05_kosiv_ceramics,True,0.962152645066477,05_kosiv_ceramics,04_petrykivka_painting,01_opishnyan_ceramics,3,train,obj_single_e6c533d7bbda4934,,unreviewed,unreviewed,three_view_cls_logit_ensemble__c100__source0p5,fixed_base_plus_three_motif_heads__equal_centered_logits,fixed_three_descriptor_consensus,10.0,True,0.009120321020672091,0.004753336248788172,0.0055895331432234165,0.01838416452083929,0.962152645066477
img_becb79f335935ecc,nested_outer_oof_adaptive_base_fixed_consensus_v5,dataset_dev/05_kosiv_ceramics/k038.jpg,05_kosiv_ceramics,05_kosiv_ceramics,True,0.994176140755689,05_kosiv_ceramics,01_opishnyan_ceramics,04_petrykivka_painting,2,train,obj_single_becb79f335935ecc,,unreviewed,unreviewed,three_view_cls_logit_ensemble__c100__source0p5,fixed_base_plus_three_motif_heads__equal_centered_logits,fixed_three_descriptor_consensus,10.0,True,0.005095103965565399,0.0002876102957551457,3.6298755662210727e-05,0.0004048462273281843,0.994176140755689
img_b690731c3aab9dd8,nested_outer_oof_adaptive_base_fixed_consensus_v5,dataset_dev/05_kosiv_ceramics/k039.jpg,05_kosiv_ceramics,05_kosiv_ceramics,True,0.9910375048955719,05_kosiv_ceramics,01_opishnyan_ceramics,03_bubnivka_ceramics,0,train,obj_single_b690731c3aab9dd8,,unreviewed,unreviewed,three_view_cls_logit_ensemble__c100__source0p5,fixed_base_plus_three_motif_heads__equal_centered_logits,fixed_three_descriptor_consensus,10.0,True,0.006382205692642595,0.0009657530522264256,0.0012292004224962085,0.0003853359370629696,0.9910375048955719
img_c6505bfe6d1989e8,nested_outer_oof_adaptive_base_fixed_consensus_v5,dataset_dev/05_kosiv_ceramics/k041.jpg,05_kosiv_ceramics,05_kosiv_ceramics,True,0.8883736107668645,05_kosiv_ceramics,01_opishnyan_ceramics,03_bubnivka_ceramics,1,train,obj_single_c6505bfe6d1989e8,,unreviewed,unreviewed,global_cls__c10__source0p5,fixed_base_plus_three_motif_heads__equal_centered_logits,fixed_three_descriptor_consensus,10.0,True,0.10747446887734378,0.00040700547519524947,0.0019866782986886103,0.0017582365819078633,0.8883736107668645
img_9bd1d97ab04116be,nested_outer_oof_adaptive_base_fixed_consensus_v5,dataset_dev/05_kosiv_ceramics/k042.jpg,05_kosiv_ceramics,05_kosiv_ceramics,True,0.9255712846214952,05_kosiv_ceramics,01_opishnyan_ceramics,03_bubnivka_ceramics,2,validation,obj_single_9bd1d97ab04116be,,unreviewed,unreviewed,three_view_cls_logit_ensemble__c100__source0p5,fixed_base_plus_three_motif_heads__equal_centered_logits,fixed_three_descriptor_consensus,10.0,True,0.06201430473964154,0.004818119863703149,0.00531312629535971,0.0022831644798004844,0.9255712846214952
img_cc4b1e0db0ffa59d,nested_outer_oof_adaptive_base_fixed_consensus_v5,dataset_dev/05_kosiv_ceramics/k044.jpg,05_kosiv_ceramics,05_kosiv_ceramics,True,0.9631115902415923,05_kosiv_ceramics,02_ornek,03_bubnivka_ceramics,1,train,obj_single_cc4b1e0db0ffa59d,,unreviewed,unreviewed,global_cls__c10__source0p5,fixed_base_plus_three_motif_heads__equal_centered_logits,fixed_three_descriptor_consensus,10.0,True,0.000988872483567829,0.019863824638127144,0.008773037223095291,0.007262675413617515,0.9631115902415923
img_c004baa4587ad0c8,nested_outer_oof_adaptive_base_fixed_consensus_v5,dataset_dev/05_kosiv_ceramics/k045.jpg,05_kosiv_ceramics,05_kosiv_ceramics,True,0.4590021970302144,05_kosiv_ceramics,02_ornek,01_opishnyan_ceramics,4,validation,srcgrp_48f4ed28de700f87,src_global_kos_textile_archive,unreviewed,unreviewed,global_cls__c10__source0p5,fixed_base_plus_three_motif_heads__equal_centered_logits,fixed_three_descriptor_consensus,10.0,True,0.05408077029984172,0.4141329954298032,0.03643876061166539,0.0363452766284753,0.4590021970302144
img_bdd5e1662abead18,nested_outer_oof_adaptive_base_fixed_consensus_v5,dataset_dev/05_kosiv_ceramics/k046.jpg,05_kosiv_ceramics,05_kosiv_ceramics,True,0.8723828693033667,05_kosiv_ceramics,02_ornek,03_bubnivka_ceramics,4,validation,srcgrp_48f4ed28de700f87,src_global_kos_textile_archive,unreviewed,unreviewed,global_cls__c10__source0p5,fixed_base_plus_three_motif_heads__equal_centered_logits,fixed_three_descriptor_consensus,10.0,True,0.0021917410471803036,0.07790562142986818,0.025468544250368506,0.022051223969216355,0.8723828693033667
img_6c2fde452821d3e3,nested_outer_oof_adaptive_base_fixed_consensus_v5,dataset_dev/05_kosiv_ceramics/k048.jpg,05_kosiv_ceramics,05_kosiv_ceramics,True,0.9285769935885964,05_kosiv_ceramics,02_ornek,04_petrykivka_painting,4,validation,srcgrp_48f4ed28de700f87,src_global_kos_textile_archive,unreviewed,unreviewed,global_cls__c10__source0p5,fixed_base_plus_three_motif_heads__equal_centered_logits,fixed_three_descriptor_consensus,10.0,True,0.013553812404947387,0.031992843208959225,0.008723152914753346,0.017153197882743703,0.9285769935885964
img_030a712144a55558,nested_outer_oof_adaptive_base_fixed_consensus_v5,dataset_dev/05_kosiv_ceramics/k049.jpg,05_kosiv_ceramics,05_kosiv_ceramics,True,0.8723670824066521,05_kosiv_ceramics,03_bubnivka_ceramics,04_petrykivka_painting,4,validation,srcgrp_48f4ed28de700f87,src_global_kos_textile_archive,unreviewed,unreviewed,global_cls__c10__source0p5,fixed_base_plus_three_motif_heads__equal_centered_logits,fixed_three_descriptor_consensus,10.0,True,0.0014569329945314901,0.011299041431213625,0.06490058157877171,0.049976361588831175,0.8723670824066521
img_ade5e7554a95ab06,nested_outer_oof_adaptive_base_fixed_consensus_v5,dataset_dev/05_kosiv_ceramics/k051.jpg,05_kosiv_ceramics,05_kosiv_ceramics,True,0.9479548086865173,05_kosiv_ceramics,02_ornek,04_petrykivka_painting,4,validation,srcgrp_48f4ed28de700f87,src_global_kos_textile_archive,unreviewed,unreviewed,global_cls__c10__source0p5,fixed_base_plus_three_motif_heads__equal_centered_logits,fixed_three_descriptor_consensus,10.0,True,0.0035317572835108983,0.03789087390440713,0.0052220406543911566,0.005400519471173617,0.9479548086865173
img_eb6257d176b13255,nested_outer_oof_adaptive_base_fixed_consensus_v5,dataset_dev/05_kosiv_ceramics/k052.jpg,05_kosiv_ceramics,05_kosiv_ceramics,True,0.9956570310362038,05_kosiv_ceramics,04_petrykivka_painting,02_ornek,4,validation,srcgrp_48f4ed28de700f87,src_global_kos_textile_archive,unreviewed,unreviewed,global_cls__c10__source0p5,fixed_base_plus_three_motif_heads__equal_centered_logits,fixed_three_descriptor_consensus,10.0,True,0.0010975825241202992,0.0012844738793765075,0.0005432130113248679,0.0014176995489745387,0.9956570310362038
img_5d3835d8e6b384be,nested_outer_oof_adaptive_base_fixed_consensus_v5,dataset_dev/05_kosiv_ceramics/k054.jpg,05_kosiv_ceramics,05_kosiv_ceramics,True,0.9792020411907537,05_kosiv_ceramics,03_bubnivka_ceramics,04_petrykivka_painting,4,validation,srcgrp_48f4ed28de700f87,src_global_kos_textile_archive,unreviewed,unreviewed,global_cls__c10__source0p5,fixed_base_plus_three_motif_heads__equal_centered_logits,fixed_three_descriptor_consensus,10.0,True,0.0016629982620297524,0.0005660957311753378,0.009460018992250392,0.00910884582379085,0.9792020411907537
img_bbb6f7d136e62076,nested_outer_oof_adaptive_base_fixed_consensus_v5,dataset_dev/05_kosiv_ceramics/k055.jpg,05_kosiv_ceramics,05_kosiv_ceramics,True,0.9528523499653231,05_kosiv_ceramics,03_bubnivka_ceramics,02_ornek,4,validation,srcgrp_48f4ed28de700f87,src_global_kos_textile_archive,unreviewed,unreviewed,global_cls__c10__source0p5,fixed_base_plus_three_motif_heads__equal_centered_logits,fixed_three_descriptor_consensus,10.0,True,0.007898957869093004,0.009684294441768824,0.021758175979624355,0.007806221744190714,0.9528523499653231
img_c9c6ead5cd42b9db,nested_outer_oof_adaptive_base_fixed_consensus_v5,dataset_dev/05_kosiv_ceramics/k057.jpg,05_kosiv_ceramics,05_kosiv_ceramics,True,0.8731003142134983,05_kosiv_ceramics,01_opishnyan_ceramics,02_ornek,4,validation,srcgrp_48f4ed28de700f87,src_global_kos_textile_archive,unreviewed,unreviewed,global_cls__c10__source0p5,fixed_base_plus_three_motif_heads__equal_centered_logits,fixed_three_descriptor_consensus,10.0,True,0.05181289239455789,0.04123896389543978,0.03143662282893714,0.0024112066675667835,0.8731003142134983
img_f89f265604241cc8,nested_outer_oof_adaptive_base_fixed_consensus_v5,dataset_dev/05_kosiv_ceramics/k059.jpg,05_kosiv_ceramics,05_kosiv_ceramics,True,0.8288842346360834,05_kosiv_ceramics,01_opishnyan_ceramics,03_bubnivka_ceramics,4,validation,srcgrp_48f4ed28de700f87,src_global_kos_textile_archive,unreviewed,unreviewed,global_cls__c10__source0p5,fixed_base_plus_three_motif_heads__equal_centered_logits,fixed_three_descriptor_consensus,10.0,True,0.1395928332436555,0.011788085969026701,0.018223627617801014,0.0015112185334333515,0.8288842346360834
img_7baaf5490cab4294,nested_outer_oof_adaptive_base_fixed_consensus_v5,dataset_dev/05_kosiv_ceramics/k061.jpg,05_kosiv_ceramics,05_kosiv_ceramics,True,0.9241020182082754,05_kosiv_ceramics,02_ornek,03_bubnivka_ceramics,4,validation,srcgrp_48f4ed28de700f87,src_global_kos_textile_archive,unreviewed,unreviewed,global_cls__c10__source0p5,fixed_base_plus_three_motif_heads__equal_centered_logits,fixed_three_descriptor_consensus,10.0,True,0.0016275228372716285,0.05767814344966498,0.016159247866186763,0.00043306763860120255,0.9241020182082754
img_0dbe5daebf3b6fb6,nested_outer_oof_adaptive_base_fixed_consensus_v5,dataset_dev/05_kosiv_ceramics/k062.jpg,05_kosiv_ceramics,05_kosiv_ceramics,True,0.8989847681841534,05_kosiv_ceramics,03_bubnivka_ceramics,02_ornek,4,validation,srcgrp_48f4ed28de700f87,src_global_kos_textile_archive,unreviewed,unreviewed,global_cls__c10__source0p5,fixed_base_plus_three_motif_heads__equal_centered_logits,fixed_three_descriptor_consensus,10.0,True,0.0043800238322750686,0.025368765468998248,0.0661494853740684,0.005116957140504814,0.8989847681841534
img_8dd60cd715905ae6,nested_outer_oof_adaptive_base_fixed_consensus_v5,dataset_dev/05_kosiv_ceramics/k063.jpg,05_kosiv_ceramics,05_kosiv_ceramics,True,0.9169065158156268,05_kosiv_ceramics,04_petrykivka_painting,01_opishnyan_ceramics,4,validation,srcgrp_48f4ed28de700f87,src_global_kos_textile_archive,unreviewed,unreviewed,global_cls__c10__source0p5,fixed_base_plus_three_motif_heads__equal_centered_logits,fixed_three_descriptor_consensus,10.0,True,0.02937286126260266,0.014483346827767949,0.007352983781753718,0.031884292312248805,0.9169065158156268
img_bf0d88285b74f318,nested_outer_oof_adaptive_base_fixed_consensus_v5,dataset_dev/05_kosiv_ceramics/k065.jpg,05_kosiv_ceramics,05_kosiv_ceramics,True,0.8470839445532865,05_kosiv_ceramics,03_bubnivka_ceramics,02_ornek,4,validation,srcgrp_48f4ed28de700f87,src_global_kos_textile_archive,unreviewed,unreviewed,global_cls__c10__source0p5,fixed_base_plus_three_motif_heads__equal_centered_logits,fixed_three_descriptor_consensus,10.0,True,0.015260242701001415,0.038555867647119046,0.09800400749681609,0.0010959376017769596,0.8470839445532865
img_b801da16b6f9b3ff,nested_outer_oof_adaptive_base_fixed_consensus_v5,dataset_dev/05_kosiv_ceramics/k066.jpg,05_kosiv_ceramics,05_kosiv_ceramics,True,0.9740372485740912,05_kosiv_ceramics,02_ornek,03_bubnivka_ceramics,4,validation,srcgrp_48f4ed28de700f87,src_global_kos_textile_archive,unreviewed,unreviewed,global_cls__c10__source0p5,fixed_base_plus_three_motif_heads__equal_centered_logits,fixed_three_descriptor_consensus,10.0,True,0.0029150854790480547,0.014703945993176967,0.004265514242858442,0.004078205710825242,0.9740372485740912
img_64a263961626438d,nested_outer_oof_adaptive_base_fixed_consensus_v5,dataset_dev/05_kosiv_ceramics/k067.jpg,05_kosiv_ceramics,05_kosiv_ceramics,True,0.897014906103285,05_kosiv_ceramics,02_ornek,03_bubnivka_ceramics,4,validation,srcgrp_48f4ed28de700f87,src_global_kos_textile_archive,unreviewed,unreviewed,global_cls__c10__source0p5,fixed_base_plus_three_motif_heads__equal_centered_logits,fixed_three_descriptor_consensus,10.0,True,0.006152216925687794,0.044669495585743,0.03461158244173947,0.0175517989435447,0.897014906103285
img_58771329921d7c49,nested_outer_oof_adaptive_base_fixed_consensus_v5,dataset_dev/05_kosiv_ceramics/k068.jpg,05_kosiv_ceramics,05_kosiv_ceramics,True,0.8984154231271935,05_kosiv_ceramics,04_petrykivka_painting,03_bubnivka_ceramics,4,validation,srcgrp_48f4ed28de700f87,src_global_kos_textile_archive,plate_or_bowl,clear,global_cls__c10__source0p5,fixed_base_plus_three_motif_heads__equal_centered_logits,fixed_three_descriptor_consensus,10.0,True,0.008388808210322455,0.0067616552303619805,0.023958962007842192,0.06247515142427986,0.8984154231271935
img_76e52093d5bb6492,nested_outer_oof_adaptive_base_fixed_consensus_v5,dataset_dev/05_kosiv_ceramics/k069.jpg,05_kosiv_ceramics,05_kosiv_ceramics,True,0.9756994138272272,05_kosiv_ceramics,02_ornek,03_bubnivka_ceramics,4,validation,srcgrp_48f4ed28de700f87,src_global_kos_textile_archive,unreviewed,unreviewed,global_cls__c10__source0p5,fixed_base_plus_three_motif_heads__equal_centered_logits,fixed_three_descriptor_consensus,10.0,True,0.0006929628586998975,0.018231803715869684,0.0037544707994045913,0.001621348798798664,0.9756994138272272
img_10d55a4ef345f5b5,nested_outer_oof_adaptive_base_fixed_consensus_v5,dataset_dev/05_kosiv_ceramics/k070.jpg,05_kosiv_ceramics,05_kosiv_ceramics,True,0.8508404667995054,05_kosiv_ceramics,02_ornek,04_petrykivka_painting,4,validation,srcgrp_48f4ed28de700f87,src_global_kos_textile_archive,unreviewed,unreviewed,global_cls__c10__source0p5,fixed_base_plus_three_motif_heads__equal_centered_logits,fixed_three_descriptor_consensus,10.0,True,0.004715961889627926,0.12841982656820933,0.005625502444451619,0.01039824229820573,0.8508404667995054
img_c3d8db03fbdff2c8,nested_outer_oof_adaptive_base_fixed_consensus_v5,dataset_dev/05_kosiv_ceramics/k084.jpg,05_kosiv_ceramics,05_kosiv_ceramics,True,0.9973886855792546,05_kosiv_ceramics,01_opishnyan_ceramics,04_petrykivka_painting,1,train,obj_single_c3d8db03fbdff2c8,,unreviewed,unreviewed,global_cls__c10__source0p5,fixed_base_plus_three_motif_heads__equal_centered_logits,fixed_three_descriptor_consensus,10.0,True,0.001430397030236793,1.7806244093035916e-05,0.000222737088501971,0.0009403740579134361,0.9973886855792546
img_db0937e23c4251b5,nested_outer_oof_adaptive_base_fixed_consensus_v5,dataset_dev/05_kosiv_ceramics/k085.jpg,05_kosiv_ceramics,05_kosiv_ceramics,True,0.9339838896008315,05_kosiv_ceramics,01_opishnyan_ceramics,04_petrykivka_painting,2,train,obj_single_db0937e23c4251b5,,unreviewed,unreviewed,three_view_cls_logit_ensemble__c100__source0p5,fixed_base_plus_three_motif_heads__equal_centered_logits,fixed_three_descriptor_consensus,10.0,True,0.043488634787550884,0.00042060036978512904,0.009648700649762209,0.012458174592070378,0.9339838896008315
img_3ebaec761a87f9c3,nested_outer_oof_adaptive_base_fixed_consensus_v5,dataset_dev/05_kosiv_ceramics/k086.jpg,05_kosiv_ceramics,05_kosiv_ceramics,True,0.9470509434150159,05_kosiv_ceramics,02_ornek,03_bubnivka_ceramics,1,train,obj_single_3ebaec761a87f9c3,,unreviewed,unreviewed,global_cls__c10__source0p5,fixed_base_plus_three_motif_heads__equal_centered_logits,fixed_three_descriptor_consensus,10.0,True,0.003151384510838265,0.03195713856046996,0.010430837263729323,0.007409696249946571,0.9470509434150159
img_014efdd9052641f0,nested_outer_oof_adaptive_base_fixed_consensus_v5,dataset_dev/05_kosiv_ceramics/k088.jpg,05_kosiv_ceramics,05_kosiv_ceramics,True,0.9539108960949261,05_kosiv_ceramics,03_bubnivka_ceramics,02_ornek,3,train,obj_single_014efdd9052641f0,,unreviewed,unreviewed,three_view_cls_logit_ensemble__c100__source0p5,fixed_base_plus_three_motif_heads__equal_centered_logits,fixed_three_descriptor_consensus,10.0,True,0.0006944429099247589,0.01025934807130055,0.03215107964367083,0.0029842332801776703,0.9539108960949261
img_22ae978e6f6a2683,nested_outer_oof_adaptive_base_fixed_consensus_v5,dataset_dev/05_kosiv_ceramics/k089.png,05_kosiv_ceramics,05_kosiv_ceramics,True,0.9895534520290538,05_kosiv_ceramics,02_ornek,03_bubnivka_ceramics,1,train,obj_single_22ae978e6f6a2683,,unreviewed,unreviewed,global_cls__c10__source0p5,fixed_base_plus_three_motif_heads__equal_centered_logits,fixed_three_descriptor_consensus,10.0,True,0.0003586803250817776,0.006770495756044807,0.0019281507239890824,0.0013892211658306463,0.9895534520290538
img_cc1f2de5d73e4197,nested_outer_oof_adaptive_base_fixed_consensus_v5,dataset_dev/05_kosiv_ceramics/k090.png,05_kosiv_ceramics,05_kosiv_ceramics,True,0.9323768227148412,05_kosiv_ceramics,01_opishnyan_ceramics,04_petrykivka_painting,1,train,obj_single_cc1f2de5d73e4197,,unreviewed,unreviewed,global_cls__c10__source0p5,fixed_base_plus_three_motif_heads__equal_centered_logits,fixed_three_descriptor_consensus,10.0,True,0.0659961923316509,0.00011369891710612998,0.0006127138245399284,0.0009005722118618377,0.9323768227148412
img_fc43a814cf287259,nested_outer_oof_adaptive_base_fixed_consensus_v5,dataset_dev/05_kosiv_ceramics/k091.png,05_kosiv_ceramics,05_kosiv_ceramics,True,0.9900290797318729,05_kosiv_ceramics,01_opishnyan_ceramics,03_bubnivka_ceramics,2,train,obj_single_fc43a814cf287259,,unreviewed,unreviewed,three_view_cls_logit_ensemble__c100__source0p5,fixed_base_plus_three_motif_heads__equal_centered_logits,fixed_three_descriptor_consensus,10.0,True,0.0048116570863939,0.001206788861212668,0.0037435296446035856,0.0002089446759169367,0.9900290797318729
img_cbf142756cb28968,nested_outer_oof_adaptive_base_fixed_consensus_v5,dataset_dev/05_kosiv_ceramics/k094.jpg,05_kosiv_ceramics,05_kosiv_ceramics,True,0.9588943019636099,05_kosiv_ceramics,04_petrykivka_painting,02_ornek,1,train,src_manual_067,,painting_print_or_panel,clear,global_cls__c10__source0p5,fixed_base_plus_three_motif_heads__equal_centered_logits,fixed_three_descriptor_consensus,10.0,True,0.0012302809591297756,0.009646247180620036,0.007927667895982336,0.022301502000657922,0.9588943019636099
img_4e3bcfc77c226c11,nested_outer_oof_adaptive_base_fixed_consensus_v5,dataset_dev/05_kosiv_ceramics/k097.jpg,05_kosiv_ceramics,05_kosiv_ceramics,True,0.9538793706520795,05_kosiv_ceramics,01_opishnyan_ceramics,02_ornek,2,train,obj_single_4e3bcfc77c226c11,,unreviewed,unreviewed,three_view_cls_logit_ensemble__c100__source0p5,fixed_base_plus_three_motif_heads__equal_centered_logits,fixed_three_descriptor_consensus,10.0,True,0.04245906452717247,0.0018739504315108588,0.0010319165628898252,0.0007556978263472066,0.9538793706520795
img_48a2f48d83afa129,nested_outer_oof_adaptive_base_fixed_consensus_v5,dataset_dev/05_kosiv_ceramics/k098.jpg,05_kosiv_ceramics,05_kosiv_ceramics,True,0.985793412540087,05_kosiv_ceramics,02_ornek,04_petrykivka_painting,2,train,obj_single_48a2f48d83afa129,,unreviewed,unreviewed,three_view_cls_logit_ensemble__c100__source0p5,fixed_base_plus_three_motif_heads__equal_centered_logits,fixed_three_descriptor_consensus,10.0,True,7.595202212087209e-05,0.006897571239816884,0.0005017398224895149,0.0067313243754856065,0.985793412540087
img_741a34a61772d185,nested_outer_oof_adaptive_base_fixed_consensus_v5,dataset_dev/05_kosiv_ceramics/k100.jpg,05_kosiv_ceramics,05_kosiv_ceramics,True,0.9979762411267994,05_kosiv_ceramics,02_ornek,04_petrykivka_painting,2,train,obj_single_741a34a61772d185,,unreviewed,unreviewed,three_view_cls_logit_ensemble__c100__source0p5,fixed_base_plus_three_motif_heads__equal_centered_logits,fixed_three_descriptor_consensus,10.0,True,0.00011073983242904626,0.0008459090336148663,0.00044929839770198207,0.0006178116094547601,0.9979762411267994
img_294d3fb6f88c009d,nested_outer_oof_adaptive_base_fixed_consensus_v5,dataset_dev/05_kosiv_ceramics/k102.jpg,05_kosiv_ceramics,05_kosiv_ceramics,True,0.9972934920201649,05_kosiv_ceramics,01_opishnyan_ceramics,02_ornek,2,train,obj_single_294d3fb6f88c009d,,unreviewed,unreviewed,three_view_cls_logit_ensemble__c100__source0p5,fixed_base_plus_three_motif_heads__equal_centered_logits,fixed_three_descriptor_consensus,10.0,True,0.0012269143705197756,0.0006399756810722858,0.0006075111431208344,0.0002321067851220767,0.9972934920201649
img_e75fa1156a79bd07,nested_outer_oof_adaptive_base_fixed_consensus_v5,dataset_dev/05_kosiv_ceramics/k103.jpg,05_kosiv_ceramics,05_kosiv_ceramics,True,0.9961505787504552,05_kosiv_ceramics,03_bubnivka_ceramics,02_ornek,3,train,obj_single_e75fa1156a79bd07,,unreviewed,unreviewed,three_view_cls_logit_ensemble__c100__source0p5,fixed_base_plus_three_motif_heads__equal_centered_logits,fixed_three_descriptor_consensus,10.0,True,0.0007413131123584474,0.0008413368619497222,0.0020236793317508312,0.0002430919434857123,0.9961505787504552
img_be4fd1192f54884e,nested_outer_oof_adaptive_base_fixed_consensus_v5,dataset_dev/05_kosiv_ceramics/k105.jpg,05_kosiv_ceramics,05_kosiv_ceramics,True,0.9924752997789279,05_kosiv_ceramics,02_ornek,04_petrykivka_painting,1,train,obj_single_be4fd1192f54884e,,unreviewed,unreviewed,global_cls__c10__source0p5,fixed_base_plus_three_motif_heads__equal_centered_logits,fixed_three_descriptor_consensus,10.0,True,0.0005041974088982133,0.00459882231076873,0.0007622821284905458,0.0016593983729144926,0.9924752997789279
img_bb771794a10153ae,nested_outer_oof_adaptive_base_fixed_consensus_v5,dataset_dev/05_kosiv_ceramics/k107.jpg,05_kosiv_ceramics,05_kosiv_ceramics,True,0.9964733184747374,05_kosiv_ceramics,04_petrykivka_painting,01_opishnyan_ceramics,2,train,obj_single_bb771794a10153ae,,unreviewed,unreviewed,three_view_cls_logit_ensemble__c100__source0p5,fixed_base_plus_three_motif_heads__equal_centered_logits,fixed_three_descriptor_consensus,10.0,True,0.0007592842554810799,0.0005634337211450998,0.000327358771402909,0.0018766047772335744,0.9964733184747374
img_0244da99143c60bb,nested_outer_oof_adaptive_base_fixed_consensus_v5,dataset_dev/05_kosiv_ceramics/k108.jpg,05_kosiv_ceramics,05_kosiv_ceramics,True,0.9943073463581057,05_kosiv_ceramics,04_petrykivka_painting,02_ornek,0,train,obj_single_0244da99143c60bb,,unreviewed,unreviewed,three_view_cls_logit_ensemble__c100__source0p5,fixed_base_plus_three_motif_heads__equal_centered_logits,fixed_three_descriptor_consensus,10.0,True,0.00010075162923933391,0.001587536749593624,0.0001949347092403411,0.0038094305538209825,0.9943073463581057
img_0641acb2063ab1be,nested_outer_oof_adaptive_base_fixed_consensus_v5,dataset_dev/05_kosiv_ceramics/k109.jpg,05_kosiv_ceramics,05_kosiv_ceramics,True,0.9891119246479686,05_kosiv_ceramics,01_opishnyan_ceramics,03_bubnivka_ceramics,0,train,obj_single_0641acb2063ab1be,,unreviewed,unreviewed,three_view_cls_logit_ensemble__c100__source0p5,fixed_base_plus_three_motif_heads__equal_centered_logits,fixed_three_descriptor_consensus,10.0,True,0.008345316647265547,0.0003897874881640798,0.0012614784131136426,0.0008914928034882485,0.9891119246479686
img_b80d25f3a9995232,nested_outer_oof_adaptive_base_fixed_consensus_v5,dataset_dev/05_kosiv_ceramics/k110.jpg,05_kosiv_ceramics,05_kosiv_ceramics,True,0.6892753600213062,05_kosiv_ceramics,02_ornek,01_opishnyan_ceramics,3,train,obj_single_b80d25f3a9995232,,unreviewed,unreviewed,three_view_cls_logit_ensemble__c100__source0p5,fixed_base_plus_three_motif_heads__equal_centered_logits,fixed_three_descriptor_consensus,10.0,True,0.11676905591299667,0.14247629660041156,0.043583457755463226,0.00789582970982242,0.6892753600213062
img_90fdcf6bf065b1a9,nested_outer_oof_adaptive_base_fixed_consensus_v5,dataset_dev/05_kosiv_ceramics/k111.jpg,05_kosiv_ceramics,02_ornek,False,0.5640251289848655,02_ornek,05_kosiv_ceramics,01_opishnyan_ceramics,3,train,obj_single_90fdcf6bf065b1a9,,unreviewed,unreviewed,three_view_cls_logit_ensemble__c100__source0p5,fixed_base_plus_three_motif_heads__equal_centered_logits,fixed_three_descriptor_consensus,10.0,True,0.010186609645750175,0.5640251289848655,0.0056877944945218735,0.0005051516858700352,0.4195953151889924
img_3a2e716dba0ac3ae,nested_outer_oof_adaptive_base_fixed_consensus_v5,dataset_dev/05_kosiv_ceramics/k149.jpg,05_kosiv_ceramics,05_kosiv_ceramics,True,0.9909714483039817,05_kosiv_ceramics,01_opishnyan_ceramics,02_ornek,4,validation,srcgrp_12d0f482c0fc3b5c,src_global_kos_shop_camera_series,unreviewed,unreviewed,global_cls__c10__source0p5,fixed_base_plus_three_motif_heads__equal_centered_logits,fixed_three_descriptor_consensus,10.0,True,0.006759310083927959,0.001379876162238214,0.0006035559027826333,0.000285809547069658,0.9909714483039817
img_eb8b8171b06e7991,nested_outer_oof_adaptive_base_fixed_consensus_v5,dataset_dev/05_kosiv_ceramics/k158.jpg,05_kosiv_ceramics,05_kosiv_ceramics,True,0.9976064010877805,05_kosiv_ceramics,03_bubnivka_ceramics,02_ornek,4,validation,srcgrp_12d0f482c0fc3b5c,src_global_kos_shop_camera_series,unreviewed,unreviewed,global_cls__c10__source0p5,fixed_base_plus_three_motif_heads__equal_centered_logits,fixed_three_descriptor_consensus,10.0,True,0.00012283926107243252,0.0006910966088353515,0.0009320915743857854,0.00064757146792598,0.9976064010877805
img_86185bda3778c7a5,nested_outer_oof_adaptive_base_fixed_consensus_v5,dataset_dev/05_kosiv_ceramics/k165.jpg,05_kosiv_ceramics,05_kosiv_ceramics,True,0.957719905473037,05_kosiv_ceramics,02_ornek,04_petrykivka_painting,4,validation,srcgrp_12d0f482c0fc3b5c,src_global_kos_shop_camera_series,unreviewed,unreviewed,global_cls__c10__source0p5,fixed_base_plus_three_motif_heads__equal_centered_logits,fixed_three_descriptor_consensus,10.0,True,7.897435555922241e-05,0.03641109682902669,0.002528023509141741,0.003261999833235251,0.957719905473037
img_d186c5b4e3d5f8a1,nested_outer_oof_adaptive_base_fixed_consensus_v5,dataset_dev/05_kosiv_ceramics/k170.jpg,05_kosiv_ceramics,05_kosiv_ceramics,True,0.9909862152416363,05_kosiv_ceramics,03_bubnivka_ceramics,02_ornek,4,validation,srcgrp_12d0f482c0fc3b5c,src_global_kos_shop_camera_series,unreviewed,unreviewed,global_cls__c10__source0p5,fixed_base_plus_three_motif_heads__equal_centered_logits,fixed_three_descriptor_consensus,10.0,True,0.00042487119515452796,0.002060869133986515,0.005902794574799523,0.0006252498544230973,0.9909862152416363
img_7856824919164370,nested_outer_oof_adaptive_base_fixed_consensus_v5,dataset_dev/05_kosiv_ceramics/k171.jpg,05_kosiv_ceramics,05_kosiv_ceramics,True,0.9970470393722154,05_kosiv_ceramics,02_ornek,01_opishnyan_ceramics,0,train,obj_single_7856824919164370,,unreviewed,unreviewed,three_view_cls_logit_ensemble__c100__source0p5,fixed_base_plus_three_motif_heads__equal_centered_logits,fixed_three_descriptor_consensus,10.0,True,0.0009674005887357016,0.0012174382853089292,0.0005031360404642854,0.0002649857132757859,0.9970470393722154
img_4a8c05837f8ce520,nested_outer_oof_adaptive_base_fixed_consensus_v5,dataset_dev/05_kosiv_ceramics/k172.jpg,05_kosiv_ceramics,05_kosiv_ceramics,True,0.9951397144374955,05_kosiv_ceramics,03_bubnivka_ceramics,02_ornek,0,train,src_manual_132,,plate_or_bowl,clear,three_view_cls_logit_ensemble__c100__source0p5,fixed_base_plus_three_motif_heads__equal_centered_logits,fixed_three_descriptor_consensus,10.0,True,0.0009109565355525925,0.001128424494393921,0.002362588320896438,0.0004583162116616783,0.9951397144374955
img_0127c4ff1f3b2432,nested_outer_oof_adaptive_base_fixed_consensus_v5,dataset_dev/05_kosiv_ceramics/k173.jpg,05_kosiv_ceramics,05_kosiv_ceramics,True,0.9958897161530499,05_kosiv_ceramics,02_ornek,04_petrykivka_painting,3,train,src_manual_052,,painting_print_or_panel,clear,three_view_cls_logit_ensemble__c100__source0p5,fixed_base_plus_three_motif_heads__equal_centered_logits,fixed_three_descriptor_consensus,10.0,True,2.544535171911821e-05,0.002229379353702644,0.0007897268181658995,0.0010657323233623467,0.9958897161530499
img_cf878b0e509dea78,nested_outer_oof_adaptive_base_fixed_consensus_v5,dataset_dev/05_kosiv_ceramics/k176.jpg,05_kosiv_ceramics,05_kosiv_ceramics,True,0.9950448096353808,05_kosiv_ceramics,01_opishnyan_ceramics,02_ornek,0,train,obj_single_cf878b0e509dea78,,unreviewed,unreviewed,three_view_cls_logit_ensemble__c100__source0p5,fixed_base_plus_three_motif_heads__equal_centered_logits,fixed_three_descriptor_consensus,10.0,True,0.002547349958845256,0.001537328230079342,0.00046376102010482685,0.0004067511555897811,0.9950448096353808
img_6b50317e8ce4f75a,nested_outer_oof_adaptive_base_fixed_consensus_v5,dataset_dev/05_kosiv_ceramics/k177.jpg,05_kosiv_ceramics,05_kosiv_ceramics,True,0.9817347196235189,05_kosiv_ceramics,02_ornek,04_petrykivka_painting,0,train,obj_single_6b50317e8ce4f75a,,unreviewed,unreviewed,three_view_cls_logit_ensemble__c100__source0p5,fixed_base_plus_three_motif_heads__equal_centered_logits,fixed_three_descriptor_consensus,10.0,True,0.0001613958407811529,0.016436120634650535,0.0005264279370717641,0.0011413359639776183,0.9817347196235189
img_da4fdd82af7784ac,nested_outer_oof_adaptive_base_fixed_consensus_v5,dataset_dev/05_kosiv_ceramics/k180.jpg,05_kosiv_ceramics,05_kosiv_ceramics,True,0.9237764476084995,05_kosiv_ceramics,02_ornek,04_petrykivka_painting,2,train,obj_single_da4fdd82af7784ac,,unreviewed,unreviewed,three_view_cls_logit_ensemble__c100__source0p5,fixed_base_plus_three_motif_heads__equal_centered_logits,fixed_three_descriptor_consensus,10.0,True,0.003022078420210039,0.06581120748892812,0.0029517569732380035,0.004438509509124402,0.9237764476084995
img_a418648f2c5e4d1b,nested_outer_oof_adaptive_base_fixed_consensus_v5,dataset_dev/05_kosiv_ceramics/k187.jpg,05_kosiv_ceramics,04_petrykivka_painting,False,0.4294259540352527,04_petrykivka_painting,05_kosiv_ceramics,02_ornek,3,train,obj_single_a418648f2c5e4d1b,,unreviewed,unreviewed,three_view_cls_logit_ensemble__c100__source0p5,fixed_base_plus_three_motif_heads__equal_centered_logits,fixed_three_descriptor_consensus,10.0,True,0.029555068310922663,0.12130009430513458,0.01717572379572912,0.4294259540352527,0.402543159552961
img_b73aedff8069b9d5,nested_outer_oof_adaptive_base_fixed_consensus_v5,dataset_dev/05_kosiv_ceramics/k189.jpg,05_kosiv_ceramics,05_kosiv_ceramics,True,0.9715585801976205,05_kosiv_ceramics,01_opishnyan_ceramics,02_ornek,2,train,obj_single_b73aedff8069b9d5,,unreviewed,unreviewed,three_view_cls_logit_ensemble__c100__source0p5,fixed_base_plus_three_motif_heads__equal_centered_logits,fixed_three_descriptor_consensus,10.0,True,0.020999294587972856,0.0036020662802383452,0.0009103454026633508,0.002929713531504874,0.9715585801976205
img_6a4ff3216ea6a4e7,nested_outer_oof_adaptive_base_fixed_consensus_v5,dataset_dev/05_kosiv_ceramics/k190.jpg,05_kosiv_ceramics,05_kosiv_ceramics,True,0.9599819633106288,05_kosiv_ceramics,02_ornek,04_petrykivka_painting,0,train,obj_single_6a4ff3216ea6a4e7,,unreviewed,unreviewed,three_view_cls_logit_ensemble__c100__source0p5,fixed_base_plus_three_motif_heads__equal_centered_logits,fixed_three_descriptor_consensus,10.0,True,0.0013765498764224528,0.027570085423004653,0.0024777338760529053,0.008593667513891259,0.9599819633106288
img_15270ac7cdf1890e,nested_outer_oof_adaptive_base_fixed_consensus_v5,dataset_dev/05_kosiv_ceramics/k191.jpg,05_kosiv_ceramics,05_kosiv_ceramics,True,0.8943982694455256,05_kosiv_ceramics,02_ornek,01_opishnyan_ceramics,3,train,obj_single_15270ac7cdf1890e,,unreviewed,unreviewed,three_view_cls_logit_ensemble__c100__source0p5,fixed_base_plus_three_motif_heads__equal_centered_logits,fixed_three_descriptor_consensus,10.0,True,0.01654279739689753,0.06335721316790877,0.01064837930839884,0.015053340681269185,0.8943982694455256
img_a431e7a829f5b2ff,nested_outer_oof_adaptive_base_fixed_consensus_v5,dataset_dev/05_kosiv_ceramics/k195.jpg,05_kosiv_ceramics,05_kosiv_ceramics,True,0.9754772209261854,05_kosiv_ceramics,02_ornek,04_petrykivka_painting,3,train,obj_single_a431e7a829f5b2ff,,unreviewed,unreviewed,three_view_cls_logit_ensemble__c100__source0p5,fixed_base_plus_three_motif_heads__equal_centered_logits,fixed_three_descriptor_consensus,10.0,True,0.0012471321530925894,0.018244645014348762,0.0022717268856538688,0.0027592750207193826,0.9754772209261854
img_a7fa4c0ba64e19b3,nested_outer_oof_adaptive_base_fixed_consensus_v5,dataset_dev/05_kosiv_ceramics/k197.jpg,05_kosiv_ceramics,05_kosiv_ceramics,True,0.6801727821612572,05_kosiv_ceramics,01_opishnyan_ceramics,02_ornek,3,train,obj_single_a7fa4c0ba64e19b3,,unreviewed,unreviewed,three_view_cls_logit_ensemble__c100__source0p5,fixed_base_plus_three_motif_heads__equal_centered_logits,fixed_three_descriptor_consensus,10.0,True,0.14918141661700562,0.14762218799292035,0.020711333511619887,0.0023122797171969914,0.6801727821612572
img_44edc2fb53ced032,nested_outer_oof_adaptive_base_fixed_consensus_v5,dataset_dev/05_kosiv_ceramics/k198.jpg,05_kosiv_ceramics,05_kosiv_ceramics,True,0.9422399906497126,05_kosiv_ceramics,02_ornek,04_petrykivka_painting,3,train,obj_single_44edc2fb53ced032,,unreviewed,unreviewed,three_view_cls_logit_ensemble__c100__source0p5,fixed_base_plus_three_motif_heads__equal_centered_logits,fixed_three_descriptor_consensus,10.0,True,0.00025021532058440524,0.040401847749466646,0.006828052298024406,0.010279893982211859,0.9422399906497126
img_8b4d52277a4f6784,nested_outer_oof_adaptive_base_fixed_consensus_v5,dataset_dev/05_kosiv_ceramics/k202.jpg,05_kosiv_ceramics,05_kosiv_ceramics,True,0.9803087802629346,05_kosiv_ceramics,01_opishnyan_ceramics,02_ornek,3,train,obj_single_8b4d52277a4f6784,,unreviewed,unreviewed,three_view_cls_logit_ensemble__c100__source0p5,fixed_base_plus_three_motif_heads__equal_centered_logits,fixed_three_descriptor_consensus,10.0,True,0.011962902902108406,0.0032674023832667625,0.0016060271462592385,0.0028548873054311044,0.9803087802629346
img_d91e2808078cb270,nested_outer_oof_adaptive_base_fixed_consensus_v5,dataset_dev/05_kosiv_ceramics/k203.jpg,05_kosiv_ceramics,05_kosiv_ceramics,True,0.9932407911832517,05_kosiv_ceramics,01_opishnyan_ceramics,04_petrykivka_painting,1,train,obj_single_d91e2808078cb270,,unreviewed,unreviewed,global_cls__c10__source0p5,fixed_base_plus_three_motif_heads__equal_centered_logits,fixed_three_descriptor_consensus,10.0,True,0.002668881456461292,0.0013610262972142473,0.0007267817966970152,0.002002519266375744,0.9932407911832517
img_0ac2aec1a477479e,nested_outer_oof_adaptive_base_fixed_consensus_v5,dataset_dev/05_kosiv_ceramics/k204.jpg,05_kosiv_ceramics,05_kosiv_ceramics,True,0.9911937492051615,05_kosiv_ceramics,04_petrykivka_painting,03_bubnivka_ceramics,1,train,src_manual_089,,vase_jug_or_vessel,clear,global_cls__c10__source0p5,fixed_base_plus_three_motif_heads__equal_centered_logits,fixed_three_descriptor_consensus,10.0,True,0.000705915205006578,0.0016716934929589108,0.0019597879243416455,0.004468854172531317,0.9911937492051615
img_6a787c43754347fd,nested_outer_oof_adaptive_base_fixed_consensus_v5,dataset_dev/05_kosiv_ceramics/k205.jpg,05_kosiv_ceramics,05_kosiv_ceramics,True,0.9346500952144794,05_kosiv_ceramics,02_ornek,04_petrykivka_painting,1,train,obj_single_6a787c43754347fd,,unreviewed,unreviewed,global_cls__c10__source0p5,fixed_base_plus_three_motif_heads__equal_centered_logits,fixed_three_descriptor_consensus,10.0,True,0.0009068718944139494,0.055778570282965435,0.004108510396337783,0.004555952211803545,0.9346500952144794
img_0afcd1fec3a5538a,nested_outer_oof_adaptive_base_fixed_consensus_v5,dataset_dev/05_kosiv_ceramics/k206.jpg,05_kosiv_ceramics,05_kosiv_ceramics,True,0.9978270130730874,05_kosiv_ceramics,02_ornek,03_bubnivka_ceramics,2,train,obj_single_0afcd1fec3a5538a,,unreviewed,unreviewed,three_view_cls_logit_ensemble__c100__source0p5,fixed_base_plus_three_motif_heads__equal_centered_logits,fixed_three_descriptor_consensus,10.0,True,0.00010266660185170661,0.0009590348684493803,0.0005670058504992436,0.0005442796061122556,0.9978270130730874
img_d49437ee72e9b67c,nested_outer_oof_adaptive_base_fixed_consensus_v5,dataset_dev/05_kosiv_ceramics/k207.jpg,05_kosiv_ceramics,05_kosiv_ceramics,True,0.9749900913771626,05_kosiv_ceramics,04_petrykivka_painting,02_ornek,1,train,obj_single_d49437ee72e9b67c,,unreviewed,unreviewed,global_cls__c10__source0p5,fixed_base_plus_three_motif_heads__equal_centered_logits,fixed_three_descriptor_consensus,10.0,True,0.005676834530508327,0.007635670930575363,0.003073131774916129,0.008624271386837464,0.9749900913771626
img_0bf4f8a6950fff03,nested_outer_oof_adaptive_base_fixed_consensus_v5,dataset_dev/05_kosiv_ceramics/k212.jpg,05_kosiv_ceramics,05_kosiv_ceramics,True,0.9435632093018455,05_kosiv_ceramics,02_ornek,01_opishnyan_ceramics,4,train,obj_single_0bf4f8a6950fff03,,unreviewed,unreviewed,global_cls__c10__source0p5,fixed_base_plus_three_motif_heads__equal_centered_logits,fixed_three_descriptor_consensus,10.0,True,0.014978940915439925,0.030460941220804755,0.010328929587022181,0.0006679789748877239,0.9435632093018455
img_dc9024342557ab45,nested_outer_oof_adaptive_base_fixed_consensus_v5,dataset_dev/05_kosiv_ceramics/k214.jpg,05_kosiv_ceramics,05_kosiv_ceramics,True,0.9889424799611346,05_kosiv_ceramics,04_petrykivka_painting,03_bubnivka_ceramics,2,train,obj_single_dc9024342557ab45,,unreviewed,unreviewed,three_view_cls_logit_ensemble__c100__source0p5,fixed_base_plus_three_motif_heads__equal_centered_logits,fixed_three_descriptor_consensus,10.0,True,9.199812127425471e-05,0.0007019441046282416,0.0038026665349319196,0.006460911278030936,0.9889424799611346
img_606ca58fdaa0ab3d,nested_outer_oof_adaptive_base_fixed_consensus_v5,dataset_dev/05_kosiv_ceramics/k215.jpg,05_kosiv_ceramics,05_kosiv_ceramics,True,0.9984990743337748,05_kosiv_ceramics,04_petrykivka_painting,01_opishnyan_ceramics,3,train,obj_single_606ca58fdaa0ab3d,,unreviewed,unreviewed,three_view_cls_logit_ensemble__c100__source0p5,fixed_base_plus_three_motif_heads__equal_centered_logits,fixed_three_descriptor_consensus,10.0,True,0.0004782952451206362,0.00021135991638900433,0.0003257594517144136,0.0004855110530011378,0.9984990743337748
img_1f57bf54655f2a1e,nested_outer_oof_adaptive_base_fixed_consensus_v5,dataset_dev/05_kosiv_ceramics/k217.jpg,05_kosiv_ceramics,05_kosiv_ceramics,True,0.9736152564358386,05_kosiv_ceramics,04_petrykivka_painting,03_bubnivka_ceramics,1,train,obj_single_1f57bf54655f2a1e,,unreviewed,unreviewed,global_cls__c10__source0p5,fixed_base_plus_three_motif_heads__equal_centered_logits,fixed_three_descriptor_consensus,10.0,True,0.0012776469712548985,0.004202887290489201,0.0054940318585205115,0.015410177443896757,0.9736152564358386
img_5c7b162384be51cd,nested_outer_oof_adaptive_base_fixed_consensus_v5,dataset_dev/05_kosiv_ceramics/k219.jpg,05_kosiv_ceramics,05_kosiv_ceramics,True,0.9813596318670166,05_kosiv_ceramics,04_petrykivka_painting,03_bubnivka_ceramics,1,train,obj_single_5c7b162384be51cd,,unreviewed,unreviewed,global_cls__c10__source0p5,fixed_base_plus_three_motif_heads__equal_centered_logits,fixed_three_descriptor_consensus,10.0,True,0.0005026172827363966,0.0022692308557338394,0.002354757835673259,0.013513762158840013,0.9813596318670166
img_8937a240a4b03368,nested_outer_oof_adaptive_base_fixed_consensus_v5,dataset_dev/05_kosiv_ceramics/k221.jpg,05_kosiv_ceramics,05_kosiv_ceramics,True,0.988560019612935,05_kosiv_ceramics,01_opishnyan_ceramics,04_petrykivka_painting,1,train,obj_single_8937a240a4b03368,,unreviewed,unreviewed,global_cls__c10__source0p5,fixed_base_plus_three_motif_heads__equal_centered_logits,fixed_three_descriptor_consensus,10.0,True,0.007388383750428361,0.00035447378260777324,0.001763711373759413,0.0019334114802694886,0.988560019612935
img_5bc033de55b6eeea,nested_outer_oof_adaptive_base_fixed_consensus_v5,dataset_dev/05_kosiv_ceramics/k222.jpg,05_kosiv_ceramics,05_kosiv_ceramics,True,0.9820178183093657,05_kosiv_ceramics,01_opishnyan_ceramics,03_bubnivka_ceramics,1,train,obj_single_5bc033de55b6eeea,,unreviewed,unreviewed,global_cls__c10__source0p5,fixed_base_plus_three_motif_heads__equal_centered_logits,fixed_three_descriptor_consensus,10.0,True,0.017034775787453833,0.0002773969005869615,0.00037771734391939645,0.00029229165867406025,0.9820178183093657
img_7457902db88a9b35,nested_outer_oof_adaptive_base_fixed_consensus_v5,dataset_dev/05_kosiv_ceramics/k223.jpg,05_kosiv_ceramics,05_kosiv_ceramics,True,0.9802771425675816,05_kosiv_ceramics,03_bubnivka_ceramics,01_opishnyan_ceramics,1,train,obj_single_7457902db88a9b35,,unreviewed,unreviewed,global_cls__c10__source0p5,fixed_base_plus_three_motif_heads__equal_centered_logits,fixed_three_descriptor_consensus,10.0,True,0.004120900632102028,0.002989471491838548,0.011451761941587242,0.0011607233668906427,0.9802771425675816
img_dc0d6d38453e97d7,nested_outer_oof_adaptive_base_fixed_consensus_v5,dataset_dev/05_kosiv_ceramics/k224.jpg,05_kosiv_ceramics,05_kosiv_ceramics,True,0.9891423774188114,05_kosiv_ceramics,03_bubnivka_ceramics,04_petrykivka_painting,1,train,obj_single_dc0d6d38453e97d7,,unreviewed,unreviewed,global_cls__c10__source0p5,fixed_base_plus_three_motif_heads__equal_centered_logits,fixed_three_descriptor_consensus,10.0,True,0.0020747454997990774,0.0006224761455137188,0.005288304804493428,0.002872096131382359,0.9891423774188114
img_b066df9a9c17ee0a,nested_outer_oof_adaptive_base_fixed_consensus_v5,dataset_dev/05_kosiv_ceramics/k225.jpg,05_kosiv_ceramics,05_kosiv_ceramics,True,0.9582960911242148,05_kosiv_ceramics,03_bubnivka_ceramics,04_petrykivka_painting,0,train,obj_single_b066df9a9c17ee0a,,unreviewed,unreviewed,three_view_cls_logit_ensemble__c100__source0p5,fixed_base_plus_three_motif_heads__equal_centered_logits,fixed_three_descriptor_consensus,10.0,True,0.0006085727980671028,0.011968647032466782,0.01581610378147164,0.01331058526377976,0.9582960911242148
img_5b5d0065a3f3f5a0,nested_outer_oof_adaptive_base_fixed_consensus_v5,dataset_dev/05_kosiv_ceramics/k228.jpg,05_kosiv_ceramics,05_kosiv_ceramics,True,0.9355270178773593,05_kosiv_ceramics,03_bubnivka_ceramics,04_petrykivka_painting,2,train,obj_single_5b5d0065a3f3f5a0,,unreviewed,unreviewed,three_view_cls_logit_ensemble__c100__source0p5,fixed_base_plus_three_motif_heads__equal_centered_logits,fixed_three_descriptor_consensus,10.0,True,0.0014625528772875972,0.0014142230525356618,0.049165269091927324,0.01243093710089017,0.9355270178773593
img_1008a3d9ba9d6f25,nested_outer_oof_adaptive_base_fixed_consensus_v5,dataset_dev/05_kosiv_ceramics/k229.jpg,05_kosiv_ceramics,05_kosiv_ceramics,True,0.9650887679652573,05_kosiv_ceramics,04_petrykivka_painting,03_bubnivka_ceramics,3,train,obj_single_1008a3d9ba9d6f25,,unreviewed,unreviewed,three_view_cls_logit_ensemble__c100__source0p5,fixed_base_plus_three_motif_heads__equal_centered_logits,fixed_three_descriptor_consensus,10.0,True,0.00013325310324739146,0.0009616844173184176,0.013829113619072554,0.019987180895104314,0.9650887679652573
img_f9936e631b5bf44e,nested_outer_oof_adaptive_base_fixed_consensus_v5,dataset_dev/05_kosiv_ceramics/k230.jpg,05_kosiv_ceramics,05_kosiv_ceramics,True,0.9932775347208356,05_kosiv_ceramics,03_bubnivka_ceramics,02_ornek,1,train,obj_single_f9936e631b5bf44e,,unreviewed,unreviewed,global_cls__c10__source0p5,fixed_base_plus_three_motif_heads__equal_centered_logits,fixed_three_descriptor_consensus,10.0,True,0.0012948015525021778,0.001915322828439921,0.0025885723179127386,0.0009237685803096101,0.9932775347208356
img_7b628da131174a9e,nested_outer_oof_adaptive_base_fixed_consensus_v5,dataset_dev/05_kosiv_ceramics/k231.jpg,05_kosiv_ceramics,05_kosiv_ceramics,True,0.9869742065989708,05_kosiv_ceramics,03_bubnivka_ceramics,01_opishnyan_ceramics,3,train,obj_single_7b628da131174a9e,,unreviewed,unreviewed,three_view_cls_logit_ensemble__c100__source0p5,fixed_base_plus_three_motif_heads__equal_centered_logits,fixed_three_descriptor_consensus,10.0,True,0.001675508989768095,0.0013486100671558521,0.008852642718973985,0.0011490316251311307,0.9869742065989708
img_c4cf869ffabebb42,nested_outer_oof_adaptive_base_fixed_consensus_v5,dataset_dev/05_kosiv_ceramics/k232.jpg,05_kosiv_ceramics,05_kosiv_ceramics,True,0.9833345061050613,05_kosiv_ceramics,02_ornek,03_bubnivka_ceramics,3,train,obj_single_c4cf869ffabebb42,,unreviewed,unreviewed,three_view_cls_logit_ensemble__c100__source0p5,fixed_base_plus_three_motif_heads__equal_centered_logits,fixed_three_descriptor_consensus,10.0,True,0.00046512254896755994,0.007986603497455709,0.0068740973571509425,0.0013396704913643624,0.9833345061050613
img_2c53f34dd94cbe3f,nested_outer_oof_adaptive_base_fixed_consensus_v5,dataset_dev/05_kosiv_ceramics/k233.jpg,05_kosiv_ceramics,05_kosiv_ceramics,True,0.9481153952424239,05_kosiv_ceramics,03_bubnivka_ceramics,02_ornek,2,train,obj_single_2c53f34dd94cbe3f,,unreviewed,unreviewed,three_view_cls_logit_ensemble__c100__source0p5,fixed_base_plus_three_motif_heads__equal_centered_logits,fixed_three_descriptor_consensus,10.0,True,0.011296673339903642,0.018202517273288785,0.021064492128061885,0.0013209220163216723,0.9481153952424239
img_1f749a38353f380c,nested_outer_oof_adaptive_base_fixed_consensus_v5,dataset_dev/05_kosiv_ceramics/k236.jpg,05_kosiv_ceramics,05_kosiv_ceramics,True,0.8878975706676472,05_kosiv_ceramics,03_bubnivka_ceramics,01_opishnyan_ceramics,2,train,obj_single_1f749a38353f380c,,unreviewed,unreviewed,three_view_cls_logit_ensemble__c100__source0p5,fixed_base_plus_three_motif_heads__equal_centered_logits,fixed_three_descriptor_consensus,10.0,True,0.028642819852811235,0.00853446069211627,0.07399780180962558,0.000927346977799771,0.8878975706676472
img_26f956c1716c8b44,nested_outer_oof_adaptive_base_fixed_consensus_v5,dataset_dev/05_kosiv_ceramics/k237.jpg,05_kosiv_ceramics,05_kosiv_ceramics,True,0.9701277696968684,05_kosiv_ceramics,04_petrykivka_painting,01_opishnyan_ceramics,1,train,obj_single_26f956c1716c8b44,,unreviewed,unreviewed,global_cls__c10__source0p5,fixed_base_plus_three_motif_heads__equal_centered_logits,fixed_three_descriptor_consensus,10.0,True,0.005927776608617997,0.005856295567860204,0.0009458216444061713,0.017142336482247254,0.9701277696968684
img_668aa36c79d85d89,nested_outer_oof_adaptive_base_fixed_consensus_v5,dataset_dev/05_kosiv_ceramics/k238.jpg,05_kosiv_ceramics,05_kosiv_ceramics,True,0.9966155209159002,05_kosiv_ceramics,03_bubnivka_ceramics,02_ornek,3,train,obj_single_668aa36c79d85d89,,unreviewed,unreviewed,three_view_cls_logit_ensemble__c100__source0p5,fixed_base_plus_three_motif_heads__equal_centered_logits,fixed_three_descriptor_consensus,10.0,True,0.0003561712322362909,0.0006763946080626705,0.0020923276331125886,0.0002595856106882034,0.9966155209159002
img_78feab9317cea470,nested_outer_oof_adaptive_base_fixed_consensus_v5,dataset_dev/05_kosiv_ceramics/k240.jpg,05_kosiv_ceramics,05_kosiv_ceramics,True,0.9997772937070618,05_kosiv_ceramics,04_petrykivka_painting,02_ornek,2,train,obj_single_78feab9317cea470,,unreviewed,unreviewed,three_view_cls_logit_ensemble__c100__source0p5,fixed_base_plus_three_motif_heads__equal_centered_logits,fixed_three_descriptor_consensus,10.0,True,2.734061726208962e-05,7.54444425357734e-05,2.2539905518136133e-05,9.738132762216001e-05,0.9997772937070618
img_dadad62fe6e0ee96,nested_outer_oof_adaptive_base_fixed_consensus_v5,dataset_dev/05_kosiv_ceramics/k241.jpg,05_kosiv_ceramics,05_kosiv_ceramics,True,0.9959512559351286,05_kosiv_ceramics,04_petrykivka_painting,01_opishnyan_ceramics,2,train,obj_single_dadad62fe6e0ee96,,unreviewed,unreviewed,three_view_cls_logit_ensemble__c100__source0p5,fixed_base_plus_three_motif_heads__equal_centered_logits,fixed_three_descriptor_consensus,10.0,True,0.0006201227590731999,0.00034488451521698415,0.0003638625195751237,0.002719874271006083,0.9959512559351286
img_c3f1abcc33f8720c,nested_outer_oof_adaptive_base_fixed_consensus_v5,dataset_dev/05_kosiv_ceramics/k243.jpg,05_kosiv_ceramics,05_kosiv_ceramics,True,0.8198332325150952,05_kosiv_ceramics,02_ornek,04_petrykivka_painting,1,train,obj_single_c3f1abcc33f8720c,,unreviewed,unreviewed,global_cls__c10__source0p5,fixed_base_plus_three_motif_heads__equal_centered_logits,fixed_three_descriptor_consensus,10.0,True,0.003567348136258193,0.1191972670414803,0.0010602538583078939,0.05634189844885842,0.8198332325150952
img_f189802edd349754,nested_outer_oof_adaptive_base_fixed_consensus_v5,dataset_dev/05_kosiv_ceramics/k244.jpg,05_kosiv_ceramics,05_kosiv_ceramics,True,0.9790263208234324,05_kosiv_ceramics,03_bubnivka_ceramics,02_ornek,3,train,semgrp_c1a847c5b2e39e33,,unreviewed,unreviewed,three_view_cls_logit_ensemble__c100__source0p5,fixed_base_plus_three_motif_heads__equal_centered_logits,fixed_three_descriptor_consensus,10.0,True,0.0004949784783867292,0.00942535623660695,0.010113495062064765,0.0009398493995091075,0.9790263208234324
img_02ac6c4e11d08064,nested_outer_oof_adaptive_base_fixed_consensus_v5,dataset_dev/05_kosiv_ceramics/k245.jpg,05_kosiv_ceramics,05_kosiv_ceramics,True,0.9794539616840152,05_kosiv_ceramics,03_bubnivka_ceramics,02_ornek,3,train,semgrp_c1a847c5b2e39e33,,unreviewed,unreviewed,three_view_cls_logit_ensemble__c100__source0p5,fixed_base_plus_three_motif_heads__equal_centered_logits,fixed_three_descriptor_consensus,10.0,True,0.001991047213304463,0.004387851809492051,0.013393709670977177,0.0007734296222110865,0.9794539616840152
img_d5edf9ccf62f1742,nested_outer_oof_adaptive_base_fixed_consensus_v5,dataset_dev/05_kosiv_ceramics/k246.jpg,05_kosiv_ceramics,05_kosiv_ceramics,True,0.9859970943899329,05_kosiv_ceramics,01_opishnyan_ceramics,04_petrykivka_painting,0,train,obj_single_d5edf9ccf62f1742,,unreviewed,unreviewed,three_view_cls_logit_ensemble__c100__source0p5,fixed_base_plus_three_motif_heads__equal_centered_logits,fixed_three_descriptor_consensus,10.0,True,0.006414822679745851,0.0019460196694805576,2.304834344502313e-05,0.00561901491739559,0.9859970943899329
img_db8efc68c3dc3cf0,nested_outer_oof_adaptive_base_fixed_consensus_v5,dataset_dev/05_kosiv_ceramics/k247.jpg,05_kosiv_ceramics,05_kosiv_ceramics,True,0.81300152417167,05_kosiv_ceramics,03_bubnivka_ceramics,01_opishnyan_ceramics,3,train,obj_single_db8efc68c3dc3cf0,,unreviewed,unreviewed,three_view_cls_logit_ensemble__c100__source0p5,fixed_base_plus_three_motif_heads__equal_centered_logits,fixed_three_descriptor_consensus,10.0,True,0.04605878500289563,0.0061222612325320365,0.13185785164484148,0.002959577948060746,0.81300152417167
img_9c48805942346051,nested_outer_oof_adaptive_base_fixed_consensus_v5,dataset_dev/05_kosiv_ceramics/k249.jpg,05_kosiv_ceramics,05_kosiv_ceramics,True,0.99560634210316,05_kosiv_ceramics,02_ornek,04_petrykivka_painting,3,train,obj_single_9c48805942346051,,unreviewed,unreviewed,three_view_cls_logit_ensemble__c100__source0p5,fixed_base_plus_three_motif_heads__equal_centered_logits,fixed_three_descriptor_consensus,10.0,True,0.00044997357350146767,0.002075766625718997,0.0003067838833502371,0.0015611338142693253,0.99560634210316
img_15d419d94956b417,nested_outer_oof_adaptive_base_fixed_consensus_v5,dataset_dev/05_kosiv_ceramics/k250.jpg,05_kosiv_ceramics,05_kosiv_ceramics,True,0.9930943225855561,05_kosiv_ceramics,01_opishnyan_ceramics,03_bubnivka_ceramics,2,train,obj_single_15d419d94956b417,,unreviewed,unreviewed,three_view_cls_logit_ensemble__c100__source0p5,fixed_base_plus_three_motif_heads__equal_centered_logits,fixed_three_descriptor_consensus,10.0,True,0.0048171788671424656,9.186754334220176e-05,0.0015434295402982528,0.00045320146366090977,0.9930943225855561
img_ec3bd868e9f56114,nested_outer_oof_adaptive_base_fixed_consensus_v5,dataset_dev/05_kosiv_ceramics/k252.jpg,05_kosiv_ceramics,05_kosiv_ceramics,True,0.981755600305996,05_kosiv_ceramics,01_opishnyan_ceramics,04_petrykivka_painting,1,train,obj_single_ec3bd868e9f56114,,unreviewed,unreviewed,global_cls__c10__source0p5,fixed_base_plus_three_motif_heads__equal_centered_logits,fixed_three_descriptor_consensus,10.0,True,0.012139033779336332,0.0022241903242697426,0.0012374568893873963,0.0026437187010106863,0.981755600305996
img_5d05cf65895524eb,nested_outer_oof_adaptive_base_fixed_consensus_v5,dataset_dev/05_kosiv_ceramics/k253.jpg,05_kosiv_ceramics,05_kosiv_ceramics,True,0.9427593615754624,05_kosiv_ceramics,02_ornek,03_bubnivka_ceramics,1,train,obj_single_5d05cf65895524eb,,unreviewed,unreviewed,global_cls__c10__source0p5,fixed_base_plus_three_motif_heads__equal_centered_logits,fixed_three_descriptor_consensus,10.0,True,0.0003186491824327741,0.03801026648834605,0.01723889147240484,0.0016728312813538279,0.9427593615754624
img_af5e4874eb5e3817,nested_outer_oof_adaptive_base_fixed_consensus_v5,dataset_dev/05_kosiv_ceramics/k254.jpg,05_kosiv_ceramics,05_kosiv_ceramics,True,0.9980386287177199,05_kosiv_ceramics,01_opishnyan_ceramics,03_bubnivka_ceramics,2,train,obj_single_af5e4874eb5e3817,,unreviewed,unreviewed,three_view_cls_logit_ensemble__c100__source0p5,fixed_base_plus_three_motif_heads__equal_centered_logits,fixed_three_descriptor_consensus,10.0,True,0.0009453057376805875,0.0002169250883406552,0.0005281081523739192,0.00027103230388500856,0.9980386287177199
img_c4844df4470f86d6,nested_outer_oof_adaptive_base_fixed_consensus_v5,dataset_dev/05_kosiv_ceramics/k255.jpg,05_kosiv_ceramics,05_kosiv_ceramics,True,0.9822744912541451,05_kosiv_ceramics,03_bubnivka_ceramics,04_petrykivka_painting,2,train,obj_single_c4844df4470f86d6,,unreviewed,unreviewed,three_view_cls_logit_ensemble__c100__source0p5,fixed_base_plus_three_motif_heads__equal_centered_logits,fixed_three_descriptor_consensus,10.0,True,0.0006284922337954799,0.0012889629296918839,0.01349398374871535,0.002314069833652155,0.9822744912541451
img_fef5d1b52736814f,nested_outer_oof_adaptive_base_fixed_consensus_v5,dataset_dev/05_kosiv_ceramics/k256.jpg,05_kosiv_ceramics,05_kosiv_ceramics,True,0.9989736838525434,05_kosiv_ceramics,01_opishnyan_ceramics,04_petrykivka_painting,1,train,obj_single_fef5d1b52736814f,,unreviewed,unreviewed,global_cls__c10__source0p5,fixed_base_plus_three_motif_heads__equal_centered_logits,fixed_three_descriptor_consensus,10.0,True,0.0007700202367900762,1.134290967630487e-05,0.00012045228007401408,0.00012450072091624835,0.9989736838525434
img_4c2a1c06f92c1913,nested_outer_oof_adaptive_base_fixed_consensus_v5,dataset_dev/05_kosiv_ceramics/k258.jpg,05_kosiv_ceramics,05_kosiv_ceramics,True,0.9911860688495293,05_kosiv_ceramics,02_ornek,03_bubnivka_ceramics,3,train,obj_single_4c2a1c06f92c1913,,unreviewed,unreviewed,three_view_cls_logit_ensemble__c100__source0p5,fixed_base_plus_three_motif_heads__equal_centered_logits,fixed_three_descriptor_consensus,10.0,True,0.0009218090126738646,0.004816259628818714,0.00168195886783438,0.0013939036411437882,0.9911860688495293
img_1d9538a873f6dd8f,nested_outer_oof_adaptive_base_fixed_consensus_v5,dataset_dev/05_kosiv_ceramics/k259.jpg,05_kosiv_ceramics,05_kosiv_ceramics,True,0.9846322126253054,05_kosiv_ceramics,01_opishnyan_ceramics,04_petrykivka_painting,0,train,obj_single_1d9538a873f6dd8f,,unreviewed,unreviewed,three_view_cls_logit_ensemble__c100__source0p5,fixed_base_plus_three_motif_heads__equal_centered_logits,fixed_three_descriptor_consensus,10.0,True,0.005659428693093322,0.0035057235602745074,0.0008832016408692002,0.005319433480457601,0.9846322126253054
img_27c5e7fca0c7a59a,nested_outer_oof_adaptive_base_fixed_consensus_v5,dataset_dev/05_kosiv_ceramics/k260.jpg,05_kosiv_ceramics,05_kosiv_ceramics,True,0.9441855725446894,05_kosiv_ceramics,02_ornek,04_petrykivka_painting,2,train,obj_single_27c5e7fca0c7a59a,,unreviewed,unreviewed,three_view_cls_logit_ensemble__c100__source0p5,fixed_base_plus_three_motif_heads__equal_centered_logits,fixed_three_descriptor_consensus,10.0,True,0.0011238875344077783,0.047929739790335005,0.0007607633792313285,0.006000036751336488,0.9441855725446894
img_8c62747ccd0c0e63,nested_outer_oof_adaptive_base_fixed_consensus_v5,dataset_dev/05_kosiv_ceramics/k261.jpg,05_kosiv_ceramics,05_kosiv_ceramics,True,0.9945770350151467,05_kosiv_ceramics,02_ornek,01_opishnyan_ceramics,0,train,obj_single_8c62747ccd0c0e63,,unreviewed,unreviewed,three_view_cls_logit_ensemble__c100__source0p5,fixed_base_plus_three_motif_heads__equal_centered_logits,fixed_three_descriptor_consensus,10.0,True,0.001120818365556357,0.0030544113683661244,0.0007153576805510267,0.0005323775703796855,0.9945770350151467
img_e0b4cb352ba67882,nested_outer_oof_adaptive_base_fixed_consensus_v5,dataset_dev/05_kosiv_ceramics/k262.jpg,05_kosiv_ceramics,05_kosiv_ceramics,True,0.9874522797216992,05_kosiv_ceramics,02_ornek,04_petrykivka_painting,0,train,obj_single_e0b4cb352ba67882,,unreviewed,unreviewed,three_view_cls_logit_ensemble__c100__source0p5,fixed_base_plus_three_motif_heads__equal_centered_logits,fixed_three_descriptor_consensus,10.0,True,0.0003369394565909377,0.010285007534050422,0.000129899191291574,0.0017958740963679107,0.9874522797216992
img_6acdb026c125cf27,nested_outer_oof_adaptive_base_fixed_consensus_v5,dataset_dev/05_kosiv_ceramics/k263.jpg,05_kosiv_ceramics,05_kosiv_ceramics,True,0.991962879843892,05_kosiv_ceramics,02_ornek,04_petrykivka_painting,3,train,obj_single_6acdb026c125cf27,,unreviewed,unreviewed,three_view_cls_logit_ensemble__c100__source0p5,fixed_base_plus_three_motif_heads__equal_centered_logits,fixed_three_descriptor_consensus,10.0,True,0.0010836089208941444,0.005260028520180387,0.0005295923352885008,0.001163890379744935,0.991962879843892
img_fb72c2e1309d8a91,nested_outer_oof_adaptive_base_fixed_consensus_v5,dataset_dev/05_kosiv_ceramics/k264.jpg,05_kosiv_ceramics,05_kosiv_ceramics,True,0.9963202389727186,05_kosiv_ceramics,01_opishnyan_ceramics,04_petrykivka_painting,1,train,obj_single_fb72c2e1309d8a91,,unreviewed,unreviewed,global_cls__c10__source0p5,fixed_base_plus_three_motif_heads__equal_centered_logits,fixed_three_descriptor_consensus,10.0,True,0.0024893947582636283,0.0004990940184038233,6.360782042325187e-05,0.0006276644301906789,0.9963202389727186
img_1384cf7d9abca7ab,nested_outer_oof_adaptive_base_fixed_consensus_v5,dataset_dev/05_kosiv_ceramics/k268.jpg,05_kosiv_ceramics,05_kosiv_ceramics,True,0.975397472693952,05_kosiv_ceramics,02_ornek,03_bubnivka_ceramics,1,train,obj_single_1384cf7d9abca7ab,,unreviewed,unreviewed,global_cls__c10__source0p5,fixed_base_plus_three_motif_heads__equal_centered_logits,fixed_three_descriptor_consensus,10.0,True,0.0006765316953991304,0.02160344283439295,0.0015273559066489477,0.000795196869606929,0.975397472693952
img_42212af9b25cba1f,nested_outer_oof_adaptive_base_fixed_consensus_v5,dataset_dev/05_kosiv_ceramics/k269.jpg,05_kosiv_ceramics,05_kosiv_ceramics,True,0.9398777600461912,05_kosiv_ceramics,01_opishnyan_ceramics,03_bubnivka_ceramics,3,train,srcgrp_5f9e5027d6137bf2,src_global_kos_museum_emblem,unreviewed,unreviewed,three_view_cls_logit_ensemble__c100__source0p5,fixed_base_plus_three_motif_heads__equal_centered_logits,fixed_three_descriptor_consensus,10.0,True,0.02488819122115038,0.015288026413635396,0.016678077191981527,0.0032679451270415604,0.9398777600461912
img_2d495cb1f213684b,nested_outer_oof_adaptive_base_fixed_consensus_v5,dataset_dev/05_kosiv_ceramics/k270.jpg,05_kosiv_ceramics,05_kosiv_ceramics,True,0.9842267667517101,05_kosiv_ceramics,03_bubnivka_ceramics,04_petrykivka_painting,3,train,srcgrp_5f9e5027d6137bf2,src_global_kos_museum_emblem,unreviewed,unreviewed,three_view_cls_logit_ensemble__c100__source0p5,fixed_base_plus_three_motif_heads__equal_centered_logits,fixed_three_descriptor_consensus,10.0,True,0.0006125164904221068,0.0007328247223143287,0.013676039456726881,0.000751852578826579,0.9842267667517101
img_4f1e5d684d9e7cdd,nested_outer_oof_adaptive_base_fixed_consensus_v5,dataset_dev/05_kosiv_ceramics/k273.jpg,05_kosiv_ceramics,05_kosiv_ceramics,True,0.9901315646799068,05_kosiv_ceramics,04_petrykivka_painting,02_ornek,3,train,srcgrp_5f9e5027d6137bf2,src_global_kos_museum_emblem,unreviewed,unreviewed,three_view_cls_logit_ensemble__c100__source0p5,fixed_base_plus_three_motif_heads__equal_centered_logits,fixed_three_descriptor_consensus,10.0,True,2.695365694633092e-05,0.003214100832647674,0.00237796935714884,0.004249411473350402,0.9901315646799068
img_502c4e1635f141bc,nested_outer_oof_adaptive_base_fixed_consensus_v5,dataset_dev/05_kosiv_ceramics/k274.jpg,05_kosiv_ceramics,05_kosiv_ceramics,True,0.9953249100225805,05_kosiv_ceramics,04_petrykivka_painting,03_bubnivka_ceramics,3,train,srcgrp_5f9e5027d6137bf2,src_global_kos_museum_emblem,unreviewed,unreviewed,three_view_cls_logit_ensemble__c100__source0p5,fixed_base_plus_three_motif_heads__equal_centered_logits,fixed_three_descriptor_consensus,10.0,True,0.0002778148861292683,0.00029208001165397115,0.0007130401287570815,0.003392154950879169,0.9953249100225805
img_7f86d7deee44bbcb,nested_outer_oof_adaptive_base_fixed_consensus_v5,dataset_dev/05_kosiv_ceramics/k275.jpg,05_kosiv_ceramics,05_kosiv_ceramics,True,0.9587903254140896,05_kosiv_ceramics,02_ornek,04_petrykivka_painting,3,train,srcgrp_5f9e5027d6137bf2,src_global_kos_museum_emblem,unreviewed,unreviewed,three_view_cls_logit_ensemble__c100__source0p5,fixed_base_plus_three_motif_heads__equal_centered_logits,fixed_three_descriptor_consensus,10.0,True,0.0031417530498057374,0.027778369366382668,0.003531404899159104,0.006758147270562989,0.9587903254140896
img_d5c3eae7cb8b84b0,nested_outer_oof_adaptive_base_fixed_consensus_v5,dataset_dev/05_kosiv_ceramics/k279.jpg,05_kosiv_ceramics,05_kosiv_ceramics,True,0.9910967218213685,05_kosiv_ceramics,01_opishnyan_ceramics,02_ornek,2,train,src_manual_002,,vase_jug_or_vessel,clear,three_view_cls_logit_ensemble__c100__source0p5,fixed_base_plus_three_motif_heads__equal_centered_logits,fixed_three_descriptor_consensus,10.0,True,0.007727825810949148,0.0007038433798515269,0.00015317793309470166,0.0003184310547360686,0.9910967218213685
img_e71d1bf708b2d758,nested_outer_oof_adaptive_base_fixed_consensus_v5,dataset_dev/05_kosiv_ceramics/k286.jpg,05_kosiv_ceramics,05_kosiv_ceramics,True,0.7395039357134098,05_kosiv_ceramics,01_opishnyan_ceramics,03_bubnivka_ceramics,2,train,obj_single_e71d1bf708b2d758,,unreviewed,unreviewed,three_view_cls_logit_ensemble__c100__source0p5,fixed_base_plus_three_motif_heads__equal_centered_logits,fixed_three_descriptor_consensus,10.0,True,0.2535967299373451,2.929502823214476e-05,0.005110593129408335,0.0017594461916045955,0.7395039357134098
img_3dfcaa2711ede055,nested_outer_oof_adaptive_base_fixed_consensus_v5,dataset_dev/05_kosiv_ceramics/k290.jpg,05_kosiv_ceramics,05_kosiv_ceramics,True,0.667678262478733,05_kosiv_ceramics,02_ornek,04_petrykivka_painting,0,train,obj_single_3dfcaa2711ede055,,unreviewed,unreviewed,three_view_cls_logit_ensemble__c100__source0p5,fixed_base_plus_three_motif_heads__equal_centered_logits,fixed_three_descriptor_consensus,10.0,True,0.005902343114695912,0.31372305388391225,0.00213648764483578,0.010559852877823057,0.667678262478733
img_6912368ebd993bc7,nested_outer_oof_adaptive_base_fixed_consensus_v5,dataset_dev/05_kosiv_ceramics/k291.png,05_kosiv_ceramics,05_kosiv_ceramics,True,0.9648230320137021,05_kosiv_ceramics,01_opishnyan_ceramics,03_bubnivka_ceramics,0,train,obj_single_6912368ebd993bc7,,unreviewed,unreviewed,three_view_cls_logit_ensemble__c100__source0p5,fixed_base_plus_three_motif_heads__equal_centered_logits,fixed_three_descriptor_consensus,10.0,True,0.03174505374412373,0.0006466397688769886,0.002234349514150339,0.0005509249591468247,0.9648230320137021
img_cea0df8455934a11,nested_outer_oof_adaptive_base_fixed_consensus_v5,dataset_dev/05_kosiv_ceramics/k292.png,05_kosiv_ceramics,05_kosiv_ceramics,True,0.9344037999748033,05_kosiv_ceramics,01_opishnyan_ceramics,04_petrykivka_painting,4,train,obj_single_cea0df8455934a11,,unreviewed,unreviewed,global_cls__c10__source0p5,fixed_base_plus_three_motif_heads__equal_centered_logits,fixed_three_descriptor_consensus,10.0,True,0.05787989899312293,0.0016500648055718953,0.0010058475524736849,0.005060388674028192,0.9344037999748033
img_781393bf7e36572f,nested_outer_oof_adaptive_base_fixed_consensus_v5,dataset_dev/05_kosiv_ceramics/k295.jpg,05_kosiv_ceramics,05_kosiv_ceramics,True,0.9447710247102581,05_kosiv_ceramics,01_opishnyan_ceramics,02_ornek,1,train,obj_single_781393bf7e36572f,,unreviewed,unreviewed,global_cls__c10__source0p5,fixed_base_plus_three_motif_heads__equal_centered_logits,fixed_three_descriptor_consensus,10.0,True,0.04497933840474857,0.008509892521874923,0.001290666768572514,0.0004490775945459599,0.9447710247102581
img_af5700c9217cfb08,nested_outer_oof_adaptive_base_fixed_consensus_v5,dataset_dev/05_kosiv_ceramics/k296.jpg,05_kosiv_ceramics,05_kosiv_ceramics,True,0.9906211803351217,05_kosiv_ceramics,04_petrykivka_painting,02_ornek,1,train,obj_single_af5700c9217cfb08,,unreviewed,unreviewed,global_cls__c10__source0p5,fixed_base_plus_three_motif_heads__equal_centered_logits,fixed_three_descriptor_consensus,10.0,True,0.00018457000315881978,0.002304780101990035,0.002098332866031101,0.004791136693698359,0.9906211803351217
img_d9e288438aab63ab,nested_outer_oof_adaptive_base_fixed_consensus_v5,dataset_dev/05_kosiv_ceramics/k298.jpg,05_kosiv_ceramics,05_kosiv_ceramics,True,0.9848590526967718,05_kosiv_ceramics,02_ornek,04_petrykivka_painting,3,train,obj_single_d9e288438aab63ab,,unreviewed,unreviewed,three_view_cls_logit_ensemble__c100__source0p5,fixed_base_plus_three_motif_heads__equal_centered_logits,fixed_three_descriptor_consensus,10.0,True,9.201341078624325e-05,0.01223302699036785,0.00010941593009550834,0.002706490971978616,0.9848590526967718
img_dc539dd59ad47e1b,nested_outer_oof_adaptive_base_fixed_consensus_v5,dataset_dev/05_kosiv_ceramics/k299.jpg,05_kosiv_ceramics,05_kosiv_ceramics,True,0.9946917027540274,05_kosiv_ceramics,02_ornek,03_bubnivka_ceramics,0,train,obj_single_dc539dd59ad47e1b,,unreviewed,unreviewed,three_view_cls_logit_ensemble__c100__source0p5,fixed_base_plus_three_motif_heads__equal_centered_logits,fixed_three_descriptor_consensus,10.0,True,3.934225228909917e-05,0.004504469552136264,0.00039848180634042125,0.0003660036352068088,0.9946917027540274
img_579c8a9db7382be9,nested_outer_oof_adaptive_base_fixed_consensus_v5,dataset_dev/05_kosiv_ceramics/k301.jpg,05_kosiv_ceramics,05_kosiv_ceramics,True,0.9761934584732389,05_kosiv_ceramics,02_ornek,04_petrykivka_painting,3,train,obj_single_579c8a9db7382be9,,unreviewed,unreviewed,three_view_cls_logit_ensemble__c100__source0p5,fixed_base_plus_three_motif_heads__equal_centered_logits,fixed_three_descriptor_consensus,10.0,True,0.0029130838677772514,0.010068300507443194,0.0015689390742176686,0.009256218077323065,0.9761934584732389
img_5fe0f1020d1444ac,nested_outer_oof_adaptive_base_fixed_consensus_v5,dataset_dev/05_kosiv_ceramics/k302.jpg,05_kosiv_ceramics,05_kosiv_ceramics,True,0.9990558732456257,05_kosiv_ceramics,01_opishnyan_ceramics,03_bubnivka_ceramics,4,train,obj_single_5fe0f1020d1444ac,,unreviewed,unreviewed,global_cls__c10__source0p5,fixed_base_plus_three_motif_heads__equal_centered_logits,fixed_three_descriptor_consensus,10.0,True,0.0005348767586217322,0.00014555568873587311,0.00016556544335365447,9.812886366299379e-05,0.9990558732456257
img_cb9d4b5389eabb81,nested_outer_oof_adaptive_base_fixed_consensus_v5,dataset_dev/05_kosiv_ceramics/k303.jpg,05_kosiv_ceramics,05_kosiv_ceramics,True,0.9961837312490499,05_kosiv_ceramics,01_opishnyan_ceramics,03_bubnivka_ceramics,0,train,obj_single_cb9d4b5389eabb81,,unreviewed,unreviewed,three_view_cls_logit_ensemble__c100__source0p5,fixed_base_plus_three_motif_heads__equal_centered_logits,fixed_three_descriptor_consensus,10.0,True,0.0032335697438519205,0.0001093930498067162,0.0003386940843451226,0.00013461187294629045,0.9961837312490499
img_22279edee2597813,nested_outer_oof_adaptive_base_fixed_consensus_v5,dataset_dev/05_kosiv_ceramics/k305.jpg,05_kosiv_ceramics,05_kosiv_ceramics,True,0.8904818174742452,05_kosiv_ceramics,04_petrykivka_painting,02_ornek,0,train,obj_single_22279edee2597813,,unreviewed,unreviewed,three_view_cls_logit_ensemble__c100__source0p5,fixed_base_plus_three_motif_heads__equal_centered_logits,fixed_three_descriptor_consensus,10.0,True,0.004923741274783405,0.01255330047681226,0.0022110263547788353,0.08983011441938024,0.8904818174742452
img_51095312f9abcda1,nested_outer_oof_adaptive_base_fixed_consensus_v5,dataset_dev/05_kosiv_ceramics/k306.jpg,05_kosiv_ceramics,05_kosiv_ceramics,True,0.9891728679056877,05_kosiv_ceramics,04_petrykivka_painting,03_bubnivka_ceramics,0,train,obj_single_51095312f9abcda1,,unreviewed,unreviewed,three_view_cls_logit_ensemble__c100__source0p5,fixed_base_plus_three_motif_heads__equal_centered_logits,fixed_three_descriptor_consensus,10.0,True,0.0008377322539684298,0.0013125965456512495,0.0014106917450621209,0.0072661115496306244,0.9891728679056877
img_9312bb6c9a4b2ce3,nested_outer_oof_adaptive_base_fixed_consensus_v5,dataset_dev/05_kosiv_ceramics/k307.jpg,05_kosiv_ceramics,05_kosiv_ceramics,True,0.966571567409099,05_kosiv_ceramics,02_ornek,03_bubnivka_ceramics,1,train,obj_single_9312bb6c9a4b2ce3,,unreviewed,unreviewed,global_cls__c10__source0p5,fixed_base_plus_three_motif_heads__equal_centered_logits,fixed_three_descriptor_consensus,10.0,True,2.3334627929050547e-05,0.017239081142629703,0.015759592021649626,0.00040642479869261585,0.966571567409099
img_f39a910c0fcd90e1,nested_outer_oof_adaptive_base_fixed_consensus_v5,dataset_dev/05_kosiv_ceramics/k308.jpg,05_kosiv_ceramics,05_kosiv_ceramics,True,0.9868435559210732,05_kosiv_ceramics,01_opishnyan_ceramics,02_ornek,0,train,obj_single_f39a910c0fcd90e1,,unreviewed,unreviewed,three_view_cls_logit_ensemble__c100__source0p5,fixed_base_plus_three_motif_heads__equal_centered_logits,fixed_three_descriptor_consensus,10.0,True,0.005812543009166789,0.0041248011759307405,0.0027796795358939214,0.0004394203579352237,0.9868435559210732
img_ca01e6152b1b4c30,nested_outer_oof_adaptive_base_fixed_consensus_v5,dataset_dev/05_kosiv_ceramics/k309.jpg,05_kosiv_ceramics,05_kosiv_ceramics,True,0.9910917446303725,05_kosiv_ceramics,03_bubnivka_ceramics,04_petrykivka_painting,0,train,obj_single_ca01e6152b1b4c30,,unreviewed,unreviewed,three_view_cls_logit_ensemble__c100__source0p5,fixed_base_plus_three_motif_heads__equal_centered_logits,fixed_three_descriptor_consensus,10.0,True,9.240717368676233e-05,0.00032073155752519885,0.007548997585176464,0.0009461190532389577,0.9910917446303725
img_00d692746dabf607,nested_outer_oof_adaptive_base_fixed_consensus_v5,dataset_dev/05_kosiv_ceramics/k311.jpg,05_kosiv_ceramics,05_kosiv_ceramics,True,0.99279850678104,05_kosiv_ceramics,04_petrykivka_painting,03_bubnivka_ceramics,3,train,obj_single_00d692746dabf607,,unreviewed,unreviewed,three_view_cls_logit_ensemble__c100__source0p5,fixed_base_plus_three_motif_heads__equal_centered_logits,fixed_three_descriptor_consensus,10.0,True,8.777563086102663e-05,0.00037195521428665774,0.0004878966016240685,0.006253865772188248,0.99279850678104
img_4a2f6b05f6d235f6,nested_outer_oof_adaptive_base_fixed_consensus_v5,dataset_dev/05_kosiv_ceramics/k317.jpg,05_kosiv_ceramics,05_kosiv_ceramics,True,0.9936579787711415,05_kosiv_ceramics,02_ornek,03_bubnivka_ceramics,1,train,obj_single_4a2f6b05f6d235f6,,unreviewed,unreviewed,global_cls__c10__source0p5,fixed_base_plus_three_motif_heads__equal_centered_logits,fixed_three_descriptor_consensus,10.0,True,0.00010725688089521848,0.0034399732451007264,0.002205110758250852,0.0005896803446117476,0.9936579787711415
img_fb3fa70803128156,nested_outer_oof_adaptive_base_fixed_consensus_v5,dataset_dev/05_kosiv_ceramics/k318.jpg,05_kosiv_ceramics,05_kosiv_ceramics,True,0.7607252521171383,05_kosiv_ceramics,04_petrykivka_painting,02_ornek,2,train,obj_single_fb3fa70803128156,,unreviewed,unreviewed,three_view_cls_logit_ensemble__c100__source0p5,fixed_base_plus_three_motif_heads__equal_centered_logits,fixed_three_descriptor_consensus,10.0,True,0.003699199587113323,0.006674291167613689,0.0002819035700188695,0.22861935355811583,0.7607252521171383
img_a6dac0f3142eb559,nested_outer_oof_adaptive_base_fixed_consensus_v5,dataset_dev/05_kosiv_ceramics/k319.jpg,05_kosiv_ceramics,05_kosiv_ceramics,True,0.939649982384463,05_kosiv_ceramics,02_ornek,03_bubnivka_ceramics,0,train,obj_single_a6dac0f3142eb559,,unreviewed,unreviewed,three_view_cls_logit_ensemble__c100__source0p5,fixed_base_plus_three_motif_heads__equal_centered_logits,fixed_three_descriptor_consensus,10.0,True,0.00048637829617979286,0.04034084415069382,0.01872915111535962,0.0007936440533038597,0.939649982384463
img_3373bcc06c400630,nested_outer_oof_adaptive_base_fixed_consensus_v5,dataset_dev/05_kosiv_ceramics/k320.jpg,05_kosiv_ceramics,05_kosiv_ceramics,True,0.9422191116385246,05_kosiv_ceramics,01_opishnyan_ceramics,03_bubnivka_ceramics,0,train,obj_single_3373bcc06c400630,,unreviewed,unreviewed,three_view_cls_logit_ensemble__c100__source0p5,fixed_base_plus_three_motif_heads__equal_centered_logits,fixed_three_descriptor_consensus,10.0,True,0.0561328173655284,0.00024134160218794603,0.0009678068738571905,0.00043892251990202655,0.9422191116385246
img_5b7303bca41ad0a4,nested_outer_oof_adaptive_base_fixed_consensus_v5,dataset_dev/05_kosiv_ceramics/k321.jpg,05_kosiv_ceramics,05_kosiv_ceramics,True,0.8387920635289966,05_kosiv_ceramics,01_opishnyan_ceramics,03_bubnivka_ceramics,2,train,obj_single_5b7303bca41ad0a4,,unreviewed,unreviewed,three_view_cls_logit_ensemble__c100__source0p5,fixed_base_plus_three_motif_heads__equal_centered_logits,fixed_three_descriptor_consensus,10.0,True,0.1511018236380208,0.001076811717867619,0.008609152014611729,0.00042014910050329083,0.8387920635289966
img_a2d515bfed5d2f01,nested_outer_oof_adaptive_base_fixed_consensus_v5,dataset_dev/05_kosiv_ceramics/k322.jpg,05_kosiv_ceramics,05_kosiv_ceramics,True,0.9930133618476422,05_kosiv_ceramics,03_bubnivka_ceramics,02_ornek,1,train,obj_single_a2d515bfed5d2f01,,unreviewed,unreviewed,global_cls__c10__source0p5,fixed_base_plus_three_motif_heads__equal_centered_logits,fixed_three_descriptor_consensus,10.0,True,0.0008844272528930453,0.0018122999634347075,0.004082127580170296,0.00020778335585965849,0.9930133618476422
img_c12d141e5485f800,nested_outer_oof_adaptive_base_fixed_consensus_v5,dataset_dev/05_kosiv_ceramics/k323.jpg,05_kosiv_ceramics,05_kosiv_ceramics,True,0.9714252347368794,05_kosiv_ceramics,02_ornek,01_opishnyan_ceramics,3,train,obj_single_c12d141e5485f800,,unreviewed,unreviewed,three_view_cls_logit_ensemble__c100__source0p5,fixed_base_plus_three_motif_heads__equal_centered_logits,fixed_three_descriptor_consensus,10.0,True,0.0021564517648614352,0.0248696447995462,0.0005499392642541217,0.0009987294344589812,0.9714252347368794
img_15efd77de90f2732,nested_outer_oof_adaptive_base_fixed_consensus_v5,dataset_dev/05_kosiv_ceramics/k324.jpg,05_kosiv_ceramics,05_kosiv_ceramics,True,0.9334025305303628,05_kosiv_ceramics,04_petrykivka_painting,03_bubnivka_ceramics,1,train,obj_single_15efd77de90f2732,,unreviewed,unreviewed,global_cls__c10__source0p5,fixed_base_plus_three_motif_heads__equal_centered_logits,fixed_three_descriptor_consensus,10.0,True,0.007937742234637278,0.015701520900201674,0.02007988563678241,0.02287832069801577,0.9334025305303628
img_18e9da9232e95c91,nested_outer_oof_adaptive_base_fixed_consensus_v5,dataset_dev/05_kosiv_ceramics/k325.jpg,05_kosiv_ceramics,05_kosiv_ceramics,True,0.9462390802177154,05_kosiv_ceramics,04_petrykivka_painting,02_ornek,0,train,obj_single_18e9da9232e95c91,,unreviewed,unreviewed,three_view_cls_logit_ensemble__c100__source0p5,fixed_base_plus_three_motif_heads__equal_centered_logits,fixed_three_descriptor_consensus,10.0,True,0.004331969206428893,0.02086187927136618,0.004893568271060407,0.023673503033429084,0.9462390802177154
img_a10839705ffd64e9,nested_outer_oof_adaptive_base_fixed_consensus_v5,dataset_dev/05_kosiv_ceramics/k326.jpg,05_kosiv_ceramics,05_kosiv_ceramics,True,0.9233303693868018,05_kosiv_ceramics,02_ornek,03_bubnivka_ceramics,0,train,obj_single_a10839705ffd64e9,,unreviewed,unreviewed,three_view_cls_logit_ensemble__c100__source0p5,fixed_base_plus_three_motif_heads__equal_centered_logits,fixed_three_descriptor_consensus,10.0,True,0.0010548151707455136,0.05668507784805347,0.01799348034392197,0.0009362572504772854,0.9233303693868018
img_921cab19ed105147,nested_outer_oof_adaptive_base_fixed_consensus_v5,dataset_dev/05_kosiv_ceramics/k327.jpg,05_kosiv_ceramics,05_kosiv_ceramics,True,0.5950090898075255,05_kosiv_ceramics,02_ornek,03_bubnivka_ceramics,2,train,obj_single_921cab19ed105147,,unreviewed,unreviewed,three_view_cls_logit_ensemble__c100__source0p5,fixed_base_plus_three_motif_heads__equal_centered_logits,fixed_three_descriptor_consensus,10.0,True,0.0031494102144461094,0.3905763740595095,0.009507997300480298,0.0017571286180384578,0.5950090898075255
img_c210ae77ea963969,nested_outer_oof_adaptive_base_fixed_consensus_v5,dataset_dev/05_kosiv_ceramics/k328.jpg,05_kosiv_ceramics,05_kosiv_ceramics,True,0.9400594846010667,05_kosiv_ceramics,03_bubnivka_ceramics,02_ornek,1,train,obj_single_c210ae77ea963969,,unreviewed,unreviewed,global_cls__c10__source0p5,fixed_base_plus_three_motif_heads__equal_centered_logits,fixed_three_descriptor_consensus,10.0,True,0.0014590571309280578,0.011496185491722443,0.04597415250355779,0.0010111202727250254,0.9400594846010667
img_8f34e2a754b3e26d,nested_outer_oof_adaptive_base_fixed_consensus_v5,dataset_dev/05_kosiv_ceramics/k330.jpg,05_kosiv_ceramics,05_kosiv_ceramics,True,0.986480233536309,05_kosiv_ceramics,01_opishnyan_ceramics,03_bubnivka_ceramics,3,train,obj_single_8f34e2a754b3e26d,,unreviewed,unreviewed,three_view_cls_logit_ensemble__c100__source0p5,fixed_base_plus_three_motif_heads__equal_centered_logits,fixed_three_descriptor_consensus,10.0,True,0.010736925602771816,3.6616984125964765e-05,0.0015369316494503605,0.0012092922273427807,0.986480233536309
img_0be10f50431fb9ac,nested_outer_oof_adaptive_base_fixed_consensus_v5,dataset_dev/05_kosiv_ceramics/k331.jpg,05_kosiv_ceramics,05_kosiv_ceramics,True,0.9859026374386095,05_kosiv_ceramics,02_ornek,01_opishnyan_ceramics,2,train,obj_single_0be10f50431fb9ac,,unreviewed,unreviewed,three_view_cls_logit_ensemble__c100__source0p5,fixed_base_plus_three_motif_heads__equal_centered_logits,fixed_three_descriptor_consensus,10.0,True,0.0013911864137006824,0.011722033617025361,0.0007661241521147032,0.00021801837854973954,0.9859026374386095
img_a6d6c6d6bbec743d,nested_outer_oof_adaptive_base_fixed_consensus_v5,dataset_dev/05_kosiv_ceramics/k332.jpg,05_kosiv_ceramics,05_kosiv_ceramics,True,0.9944163169160879,05_kosiv_ceramics,03_bubnivka_ceramics,01_opishnyan_ceramics,2,train,obj_single_a6d6c6d6bbec743d,,unreviewed,unreviewed,three_view_cls_logit_ensemble__c100__source0p5,fixed_base_plus_three_motif_heads__equal_centered_logits,fixed_three_descriptor_consensus,10.0,True,0.0019406697115571967,0.0014563855028240673,0.0021165067754879722,7.012109404287906e-05,0.9944163169160879
img_01a5cbc2b8962f3f,nested_outer_oof_adaptive_base_fixed_consensus_v5,dataset_dev/05_kosiv_ceramics/k333.jpg,05_kosiv_ceramics,05_kosiv_ceramics,True,0.9753104370909864,05_kosiv_ceramics,01_opishnyan_ceramics,02_ornek,0,train,obj_single_01a5cbc2b8962f3f,,unreviewed,unreviewed,three_view_cls_logit_ensemble__c100__source0p5,fixed_base_plus_three_motif_heads__equal_centered_logits,fixed_three_descriptor_consensus,10.0,True,0.014417559296821657,0.006689924776168174,0.002875333445207872,0.0007067453908159544,0.9753104370909864
img_de21505ba41a5488,nested_outer_oof_adaptive_base_fixed_consensus_v5,dataset_dev/05_kosiv_ceramics/k335.jpg,05_kosiv_ceramics,05_kosiv_ceramics,True,0.9674415027881208,05_kosiv_ceramics,01_opishnyan_ceramics,02_ornek,3,train,obj_single_de21505ba41a5488,,unreviewed,unreviewed,three_view_cls_logit_ensemble__c100__source0p5,fixed_base_plus_three_motif_heads__equal_centered_logits,fixed_three_descriptor_consensus,10.0,True,0.02813678122298994,0.0024007998796470396,0.0011312864588485258,0.0008896296503937633,0.9674415027881208
img_421ad8aaddaa695f,nested_outer_oof_adaptive_base_fixed_consensus_v5,dataset_dev/05_kosiv_ceramics/k336.jpg,05_kosiv_ceramics,05_kosiv_ceramics,True,0.9963369541773686,05_kosiv_ceramics,01_opishnyan_ceramics,03_bubnivka_ceramics,2,train,obj_single_421ad8aaddaa695f,,unreviewed,unreviewed,three_view_cls_logit_ensemble__c100__source0p5,fixed_base_plus_three_motif_heads__equal_centered_logits,fixed_three_descriptor_consensus,10.0,True,0.0030259060574625183,0.0002448829576186127,0.0003187341342842509,7.352267326605026e-05,0.9963369541773686
img_fbbdc1cea19664d0,nested_outer_oof_adaptive_base_fixed_consensus_v5,dataset_dev/05_kosiv_ceramics/k338.jpg,05_kosiv_ceramics,05_kosiv_ceramics,True,0.9903392110117161,05_kosiv_ceramics,03_bubnivka_ceramics,02_ornek,1,train,obj_single_fbbdc1cea19664d0,,unreviewed,unreviewed,global_cls__c10__source0p5,fixed_base_plus_three_motif_heads__equal_centered_logits,fixed_three_descriptor_consensus,10.0,True,0.0007547335285074862,0.002986513754924931,0.003959200974736654,0.001960340730114848,0.9903392110117161
img_bf69f51456873da4,nested_outer_oof_adaptive_base_fixed_consensus_v5,dataset_dev/05_kosiv_ceramics/k340.jpg,05_kosiv_ceramics,05_kosiv_ceramics,True,0.992466792670782,05_kosiv_ceramics,04_petrykivka_painting,01_opishnyan_ceramics,2,train,obj_single_bf69f51456873da4,,unreviewed,unreviewed,three_view_cls_logit_ensemble__c100__source0p5,fixed_base_plus_three_motif_heads__equal_centered_logits,fixed_three_descriptor_consensus,10.0,True,0.0010048311621107125,0.0006322456972075421,0.00036423456009648114,0.005531895909803345,0.992466792670782
img_f6af8ddd164fe54e,nested_outer_oof_adaptive_base_fixed_consensus_v5,dataset_dev/05_kosiv_ceramics/k342.jpg,05_kosiv_ceramics,05_kosiv_ceramics,True,0.9667919158854624,05_kosiv_ceramics,02_ornek,01_opishnyan_ceramics,0,train,obj_single_f6af8ddd164fe54e,,unreviewed,unreviewed,three_view_cls_logit_ensemble__c100__source0p5,fixed_base_plus_three_motif_heads__equal_centered_logits,fixed_three_descriptor_consensus,10.0,True,0.014029427176460768,0.01651200978206775,0.00023151177081240883,0.0024351353851966373,0.9667919158854624
img_81e4ef6ec5339de5,nested_outer_oof_adaptive_base_fixed_consensus_v5,dataset_dev/05_kosiv_ceramics/k343.jpg,05_kosiv_ceramics,05_kosiv_ceramics,True,0.9863661791730457,05_kosiv_ceramics,02_ornek,01_opishnyan_ceramics,0,train,obj_single_81e4ef6ec5339de5,,unreviewed,unreviewed,three_view_cls_logit_ensemble__c100__source0p5,fixed_base_plus_three_motif_heads__equal_centered_logits,fixed_three_descriptor_consensus,10.0,True,0.002331476979243138,0.00881414670786437,0.00021958191017299676,0.0022686152296738584,0.9863661791730457
img_24b9801c86d566a1,nested_outer_oof_adaptive_base_fixed_consensus_v5,dataset_dev/05_kosiv_ceramics/k344.jpg,05_kosiv_ceramics,05_kosiv_ceramics,True,0.9642478524491812,05_kosiv_ceramics,01_opishnyan_ceramics,04_petrykivka_painting,2,train,obj_single_24b9801c86d566a1,,unreviewed,unreviewed,three_view_cls_logit_ensemble__c100__source0p5,fixed_base_plus_three_motif_heads__equal_centered_logits,fixed_three_descriptor_consensus,10.0,True,0.030258141597165326,0.0015041464191806466,0.00022505759861347275,0.003764801935859356,0.9642478524491812
img_fb1e1cd2b047e251,nested_outer_oof_adaptive_base_fixed_consensus_v5,dataset_dev/05_kosiv_ceramics/k345.jpg,05_kosiv_ceramics,05_kosiv_ceramics,True,0.9737290670329446,05_kosiv_ceramics,04_petrykivka_painting,01_opishnyan_ceramics,2,train,obj_single_fb1e1cd2b047e251,,unreviewed,unreviewed,three_view_cls_logit_ensemble__c100__source0p5,fixed_base_plus_three_motif_heads__equal_centered_logits,fixed_three_descriptor_consensus,10.0,True,0.003972175792645499,0.002016968640404861,0.0015978443544460714,0.018683944179558893,0.9737290670329446
img_217bcdfb3dca7589,nested_outer_oof_adaptive_base_fixed_consensus_v5,dataset_dev/05_kosiv_ceramics/k346.jpg,05_kosiv_ceramics,05_kosiv_ceramics,True,0.9950113756099771,05_kosiv_ceramics,04_petrykivka_painting,03_bubnivka_ceramics,1,train,obj_single_217bcdfb3dca7589,,unreviewed,unreviewed,global_cls__c10__source0p5,fixed_base_plus_three_motif_heads__equal_centered_logits,fixed_three_descriptor_consensus,10.0,True,0.00010181992729665817,0.0009284024997502666,0.0009560272887801792,0.003002374674195799,0.9950113756099771
img_f8eb5d4616be79f0,nested_outer_oof_adaptive_base_fixed_consensus_v5,dataset_dev/05_kosiv_ceramics/k348.jpg,05_kosiv_ceramics,05_kosiv_ceramics,True,0.9636706457179008,05_kosiv_ceramics,01_opishnyan_ceramics,04_petrykivka_painting,0,train,obj_single_f8eb5d4616be79f0,,unreviewed,unreviewed,three_view_cls_logit_ensemble__c100__source0p5,fixed_base_plus_three_motif_heads__equal_centered_logits,fixed_three_descriptor_consensus,10.0,True,0.024961796656322983,0.0004385342453537253,0.0012859519268784481,0.009643071453544065,0.9636706457179008
img_5bcbd48076d05a46,nested_outer_oof_adaptive_base_fixed_consensus_v5,dataset_dev/05_kosiv_ceramics/k349.jpg,05_kosiv_ceramics,05_kosiv_ceramics,True,0.9981293895270867,05_kosiv_ceramics,02_ornek,04_petrykivka_painting,2,train,obj_single_5bcbd48076d05a46,,unreviewed,unreviewed,three_view_cls_logit_ensemble__c100__source0p5,fixed_base_plus_three_motif_heads__equal_centered_logits,fixed_three_descriptor_consensus,10.0,True,1.891446093881533e-05,0.0008684060793774957,0.00045942443054697394,0.0005238655020499026,0.9981293895270867
img_87728b397f2091f6,nested_outer_oof_adaptive_base_fixed_consensus_v5,dataset_dev/05_kosiv_ceramics/k351.jpg,05_kosiv_ceramics,05_kosiv_ceramics,True,0.9986826696987114,05_kosiv_ceramics,04_petrykivka_painting,01_opishnyan_ceramics,2,train,obj_single_87728b397f2091f6,,unreviewed,unreviewed,three_view_cls_logit_ensemble__c100__source0p5,fixed_base_plus_three_motif_heads__equal_centered_logits,fixed_three_descriptor_consensus,10.0,True,0.0002784374597121489,0.00019828010231192974,7.801172005958868e-05,0.0007626010192049211,0.9986826696987114
img_5d977d2ec0fa2a1c,nested_outer_oof_adaptive_base_fixed_consensus_v5,dataset_dev/05_kosiv_ceramics/k353.jpg,05_kosiv_ceramics,05_kosiv_ceramics,True,0.9917824203489952,05_kosiv_ceramics,01_opishnyan_ceramics,02_ornek,1,train,obj_single_5d977d2ec0fa2a1c,,unreviewed,unreviewed,global_cls__c10__source0p5,fixed_base_plus_three_motif_heads__equal_centered_logits,fixed_three_descriptor_consensus,10.0,True,0.004036776614202299,0.001850008326696974,0.0006433397901663199,0.0016874549199392228,0.9917824203489952
img_e06c9dcb9bfdf427,nested_outer_oof_adaptive_base_fixed_consensus_v5,dataset_dev/05_kosiv_ceramics/k354.jpg,05_kosiv_ceramics,05_kosiv_ceramics,True,0.8345350576283673,05_kosiv_ceramics,01_opishnyan_ceramics,03_bubnivka_ceramics,3,train,srcgrp_fde3339b0158efdf,src_global_kos_huclia_watermark,unreviewed,unreviewed,three_view_cls_logit_ensemble__c100__source0p5,fixed_base_plus_three_motif_heads__equal_centered_logits,fixed_three_descriptor_consensus,10.0,True,0.06775563660019758,0.026050464024112565,0.06355331376230618,0.00810552798501642,0.8345350576283673
img_a07ac3c295ebf731,nested_outer_oof_adaptive_base_fixed_consensus_v5,dataset_dev/05_kosiv_ceramics/k355.jpg,05_kosiv_ceramics,05_kosiv_ceramics,True,0.8987161874800534,05_kosiv_ceramics,01_opishnyan_ceramics,03_bubnivka_ceramics,3,train,srcgrp_fde3339b0158efdf,src_global_kos_huclia_watermark,unreviewed,unreviewed,three_view_cls_logit_ensemble__c100__source0p5,fixed_base_plus_three_motif_heads__equal_centered_logits,fixed_three_descriptor_consensus,10.0,True,0.09532222172655645,0.0010071119769968647,0.004201576784320604,0.0007529020320725562,0.8987161874800534
img_27e5a8e5c679e3e8,nested_outer_oof_adaptive_base_fixed_consensus_v5,dataset_dev/05_kosiv_ceramics/k356.jpg,05_kosiv_ceramics,05_kosiv_ceramics,True,0.7515528922019863,05_kosiv_ceramics,02_ornek,03_bubnivka_ceramics,3,train,srcgrp_fde3339b0158efdf,src_global_kos_huclia_watermark,unreviewed,unreviewed,three_view_cls_logit_ensemble__c100__source0p5,fixed_base_plus_three_motif_heads__equal_centered_logits,fixed_three_descriptor_consensus,10.0,True,0.0015816076786864882,0.18868038081580807,0.05431476910113635,0.0038703502023828074,0.7515528922019863
img_72082c222c67ebf1,nested_outer_oof_adaptive_base_fixed_consensus_v5,dataset_test/05_kosiv_ceramics/k027.jpg,05_kosiv_ceramics,05_kosiv_ceramics,True,0.9830617237029764,05_kosiv_ceramics,01_opishnyan_ceramics,02_ornek,1,train,obj_single_72082c222c67ebf1,,unreviewed,unreviewed,global_cls__c10__source0p5,fixed_base_plus_three_motif_heads__equal_centered_logits,fixed_three_descriptor_consensus,10.0,True,0.007691305986971288,0.006839694076565648,0.001859917193903506,0.0005473590395832608,0.9830617237029764
img_89144b17bc916ae6,nested_outer_oof_adaptive_base_fixed_consensus_v5,dataset_test/05_kosiv_ceramics/k040.jpg,05_kosiv_ceramics,05_kosiv_ceramics,True,0.8618596680499859,05_kosiv_ceramics,02_ornek,01_opishnyan_ceramics,3,train,obj_single_89144b17bc916ae6,,unreviewed,unreviewed,three_view_cls_logit_ensemble__c100__source0p5,fixed_base_plus_three_motif_heads__equal_centered_logits,fixed_three_descriptor_consensus,10.0,True,0.04235436408864575,0.07962548599941975,0.014045677315577536,0.002114804546370944,0.8618596680499859
img_c0b455399eb23f25,nested_outer_oof_adaptive_base_fixed_consensus_v5,dataset_test/05_kosiv_ceramics/k043.jpg,05_kosiv_ceramics,05_kosiv_ceramics,True,0.945971981011434,05_kosiv_ceramics,03_bubnivka_ceramics,01_opishnyan_ceramics,0,train,obj_single_c0b455399eb23f25,,unreviewed,unreviewed,three_view_cls_logit_ensemble__c100__source0p5,fixed_base_plus_three_motif_heads__equal_centered_logits,fixed_three_descriptor_consensus,10.0,True,0.01763920873968769,0.008480729279517575,0.025716439041255385,0.002191641928105442,0.945971981011434
img_158fb7a42031f244,nested_outer_oof_adaptive_base_fixed_consensus_v5,dataset_test/05_kosiv_ceramics/k047.jpg,05_kosiv_ceramics,05_kosiv_ceramics,True,0.914998325155177,05_kosiv_ceramics,02_ornek,04_petrykivka_painting,4,validation,srcgrp_48f4ed28de700f87,src_global_kos_textile_archive,unreviewed,unreviewed,global_cls__c10__source0p5,fixed_base_plus_three_motif_heads__equal_centered_logits,fixed_three_descriptor_consensus,10.0,True,0.010976800064038998,0.034246492524598604,0.014201544663562772,0.02557683759262259,0.914998325155177
img_e3f2f852fc35c1cb,nested_outer_oof_adaptive_base_fixed_consensus_v5,dataset_test/05_kosiv_ceramics/k050.jpg,05_kosiv_ceramics,05_kosiv_ceramics,True,0.965694355510263,05_kosiv_ceramics,03_bubnivka_ceramics,04_petrykivka_painting,4,validation,srcgrp_48f4ed28de700f87,src_global_kos_textile_archive,unreviewed,unreviewed,global_cls__c10__source0p5,fixed_base_plus_three_motif_heads__equal_centered_logits,fixed_three_descriptor_consensus,10.0,True,0.005161119299342018,0.006464236224912418,0.012615059413352465,0.010065229552130165,0.965694355510263
img_2cc414501e658a97,nested_outer_oof_adaptive_base_fixed_consensus_v5,dataset_test/05_kosiv_ceramics/k053.jpg,05_kosiv_ceramics,05_kosiv_ceramics,True,0.9085742755732891,05_kosiv_ceramics,03_bubnivka_ceramics,04_petrykivka_painting,4,validation,srcgrp_48f4ed28de700f87,src_global_kos_textile_archive,unreviewed,unreviewed,global_cls__c10__source0p5,fixed_base_plus_three_motif_heads__equal_centered_logits,fixed_three_descriptor_consensus,10.0,True,0.004657591848497584,0.017112811188977187,0.05124427085753635,0.018411050531699866,0.9085742755732891
img_4c16cda8808d74c9,nested_outer_oof_adaptive_base_fixed_consensus_v5,dataset_test/05_kosiv_ceramics/k056.jpg,05_kosiv_ceramics,05_kosiv_ceramics,True,0.8520230143991816,05_kosiv_ceramics,04_petrykivka_painting,03_bubnivka_ceramics,4,validation,srcgrp_48f4ed28de700f87,src_global_kos_textile_archive,unreviewed,unreviewed,global_cls__c10__source0p5,fixed_base_plus_three_motif_heads__equal_centered_logits,fixed_three_descriptor_consensus,10.0,True,0.007638639560035326,0.024649954581154005,0.03013009855104691,0.08555829290858223,0.8520230143991816
img_7a4dcae3b0eee6a7,nested_outer_oof_adaptive_base_fixed_consensus_v5,dataset_test/05_kosiv_ceramics/k058.jpg,05_kosiv_ceramics,05_kosiv_ceramics,True,0.9631997301453605,05_kosiv_ceramics,01_opishnyan_ceramics,02_ornek,4,validation,srcgrp_48f4ed28de700f87,src_global_kos_textile_archive,unreviewed,unreviewed,global_cls__c10__source0p5,fixed_base_plus_three_motif_heads__equal_centered_logits,fixed_three_descriptor_consensus,10.0,True,0.029739231683345878,0.0038858227100397233,0.002149810907769659,0.0010254045534841454,0.9631997301453605
img_09cfabacf9980d12,nested_outer_oof_adaptive_base_fixed_consensus_v5,dataset_test/05_kosiv_ceramics/k060.jpg,05_kosiv_ceramics,05_kosiv_ceramics,True,0.9892802906735346,05_kosiv_ceramics,01_opishnyan_ceramics,04_petrykivka_painting,4,validation,srcgrp_48f4ed28de700f87,src_global_kos_textile_archive,unreviewed,unreviewed,global_cls__c10__source0p5,fixed_base_plus_three_motif_heads__equal_centered_logits,fixed_three_descriptor_consensus,10.0,True,0.007619563358649045,0.0014287412357285446,0.00019966915443968473,0.001471735577648162,0.9892802906735346
img_2652b703562fab1a,nested_outer_oof_adaptive_base_fixed_consensus_v5,dataset_test/05_kosiv_ceramics/k064.jpg,05_kosiv_ceramics,05_kosiv_ceramics,True,0.9680525184979548,05_kosiv_ceramics,04_petrykivka_painting,03_bubnivka_ceramics,4,validation,srcgrp_48f4ed28de700f87,src_global_kos_textile_archive,unreviewed,unreviewed,global_cls__c10__source0p5,fixed_base_plus_three_motif_heads__equal_centered_logits,fixed_three_descriptor_consensus,10.0,True,0.002129081780184931,0.0075272010490609375,0.008501278183298685,0.013789920489500621,0.9680525184979548
img_cefe8d0773792e2d,nested_outer_oof_adaptive_base_fixed_consensus_v5,dataset_test/05_kosiv_ceramics/k071.jpg,05_kosiv_ceramics,05_kosiv_ceramics,True,0.9975708090156833,05_kosiv_ceramics,02_ornek,04_petrykivka_painting,0,train,obj_single_cefe8d0773792e2d,,unreviewed,unreviewed,three_view_cls_logit_ensemble__c100__source0p5,fixed_base_plus_three_motif_heads__equal_centered_logits,fixed_three_descriptor_consensus,10.0,True,0.0002580430937748599,0.001450436757328368,9.084037708869404e-05,0.0006298707561248842,0.9975708090156833
img_86f63a8da35ed635,nested_outer_oof_adaptive_base_fixed_consensus_v5,dataset_test/05_kosiv_ceramics/k087.jpg,05_kosiv_ceramics,05_kosiv_ceramics,True,0.8872293970582882,05_kosiv_ceramics,01_opishnyan_ceramics,03_bubnivka_ceramics,3,train,obj_single_86f63a8da35ed635,,unreviewed,unreviewed,three_view_cls_logit_ensemble__c100__source0p5,fixed_base_plus_three_motif_heads__equal_centered_logits,fixed_three_descriptor_consensus,10.0,True,0.09715174690640466,5.8067928516101136e-05,0.011382143743134133,0.0041786443636570025,0.8872293970582882
img_1cfec80078d31420,nested_outer_oof_adaptive_base_fixed_consensus_v5,dataset_test/05_kosiv_ceramics/k099.jpg,05_kosiv_ceramics,05_kosiv_ceramics,True,0.9397748365769493,05_kosiv_ceramics,04_petrykivka_painting,02_ornek,1,train,obj_single_1cfec80078d31420,,unreviewed,unreviewed,global_cls__c10__source0p5,fixed_base_plus_three_motif_heads__equal_centered_logits,fixed_three_descriptor_consensus,10.0,True,0.0005857952624388544,0.021014122472940624,0.0143163826855712,0.024308863002099994,0.9397748365769493
img_99f1e661ab23999b,nested_outer_oof_adaptive_base_fixed_consensus_v5,dataset_test/05_kosiv_ceramics/k101.jpg,05_kosiv_ceramics,05_kosiv_ceramics,True,0.9877460582486229,05_kosiv_ceramics,02_ornek,01_opishnyan_ceramics,0,train,obj_single_99f1e661ab23999b,,unreviewed,unreviewed,three_view_cls_logit_ensemble__c100__source0p5,fixed_base_plus_three_motif_heads__equal_centered_logits,fixed_three_descriptor_consensus,10.0,True,0.004037883735010245,0.0061005372997415775,0.0010302687788264903,0.001085251937798895,0.9877460582486229
img_f829c54a8d6fa33b,nested_outer_oof_adaptive_base_fixed_consensus_v5,dataset_test/05_kosiv_ceramics/k104.jpg,05_kosiv_ceramics,05_kosiv_ceramics,True,0.9407853377862414,05_kosiv_ceramics,01_opishnyan_ceramics,02_ornek,3,train,obj_single_f829c54a8d6fa33b,,unreviewed,unreviewed,three_view_cls_logit_ensemble__c100__source0p5,fixed_base_plus_three_motif_heads__equal_centered_logits,fixed_three_descriptor_consensus,10.0,True,0.04995358238104814,0.004139758926964808,0.001369017260006231,0.0037523036457393034,0.9407853377862414
img_129d3629c4da0654,nested_outer_oof_adaptive_base_fixed_consensus_v5,dataset_test/05_kosiv_ceramics/k106.jpg,05_kosiv_ceramics,05_kosiv_ceramics,True,0.979738665789353,05_kosiv_ceramics,02_ornek,01_opishnyan_ceramics,0,train,obj_single_129d3629c4da0654,,unreviewed,unreviewed,three_view_cls_logit_ensemble__c100__source0p5,fixed_base_plus_three_motif_heads__equal_centered_logits,fixed_three_descriptor_consensus,10.0,True,0.004406916891504852,0.01298428308690207,0.0005229722231705415,0.002347162009069545,0.979738665789353
img_5d6c87612fcb3062,nested_outer_oof_adaptive_base_fixed_consensus_v5,dataset_test/05_kosiv_ceramics/k148.jpg,05_kosiv_ceramics,03_bubnivka_ceramics,False,0.4598527723876983,03_bubnivka_ceramics,02_ornek,01_opishnyan_ceramics,4,validation,srcgrp_12d0f482c0fc3b5c,src_global_kos_shop_camera_series,unreviewed,unreviewed,global_cls__c10__source0p5,fixed_base_plus_three_motif_heads__equal_centered_logits,fixed_three_descriptor_consensus,10.0,True,0.22165063621698441,0.25894362950292166,0.4598527723876983,0.024233875741516173,0.03531908615087967
img_e6d4b3a26d3f9243,nested_outer_oof_adaptive_base_fixed_consensus_v5,dataset_test/05_kosiv_ceramics/k150.jpg,05_kosiv_ceramics,05_kosiv_ceramics,True,0.9523191501236252,05_kosiv_ceramics,03_bubnivka_ceramics,01_opishnyan_ceramics,4,validation,srcgrp_12d0f482c0fc3b5c,src_global_kos_shop_camera_series,unreviewed,unreviewed,global_cls__c10__source0p5,fixed_base_plus_three_motif_heads__equal_centered_logits,fixed_three_descriptor_consensus,10.0,True,0.013981075517053989,0.013240498338187225,0.018332530826837147,0.0021267451942965044,0.9523191501236252
img_d5e8754e07c1a3fa,nested_outer_oof_adaptive_base_fixed_consensus_v5,dataset_test/05_kosiv_ceramics/k151.jpg,05_kosiv_ceramics,05_kosiv_ceramics,True,0.9134424691816581,05_kosiv_ceramics,02_ornek,03_bubnivka_ceramics,4,validation,srcgrp_12d0f482c0fc3b5c,src_global_kos_shop_camera_series,unreviewed,unreviewed,global_cls__c10__source0p5,fixed_base_plus_three_motif_heads__equal_centered_logits,fixed_three_descriptor_consensus,10.0,True,0.008858637107396325,0.05838591899398791,0.015611190379960858,0.0037017843369968606,0.9134424691816581
img_aae41be814cbb150,nested_outer_oof_adaptive_base_fixed_consensus_v5,dataset_test/05_kosiv_ceramics/k152.jpg,05_kosiv_ceramics,05_kosiv_ceramics,True,0.968593546041797,05_kosiv_ceramics,03_bubnivka_ceramics,01_opishnyan_ceramics,4,validation,srcgrp_12d0f482c0fc3b5c,src_global_kos_shop_camera_series,unreviewed,unreviewed,global_cls__c10__source0p5,fixed_base_plus_three_motif_heads__equal_centered_logits,fixed_three_descriptor_consensus,10.0,True,0.008839220852778114,0.008776480501919112,0.010146402920799578,0.003644349682706138,0.968593546041797
img_7f8a922470a69e7e,nested_outer_oof_adaptive_base_fixed_consensus_v5,dataset_test/05_kosiv_ceramics/k153.jpg,05_kosiv_ceramics,05_kosiv_ceramics,True,0.971977346379232,05_kosiv_ceramics,03_bubnivka_ceramics,02_ornek,4,validation,srcgrp_12d0f482c0fc3b5c,src_global_kos_shop_camera_series,unreviewed,unreviewed,global_cls__c10__source0p5,fixed_base_plus_three_motif_heads__equal_centered_logits,fixed_three_descriptor_consensus,10.0,True,0.004736481007677488,0.008289042113946056,0.011587433070556347,0.003409697428587941,0.971977346379232
img_20dcec7f5102c585,nested_outer_oof_adaptive_base_fixed_consensus_v5,dataset_test/05_kosiv_ceramics/k154.jpg,05_kosiv_ceramics,05_kosiv_ceramics,True,0.9194302576491997,05_kosiv_ceramics,03_bubnivka_ceramics,02_ornek,4,validation,srcgrp_12d0f482c0fc3b5c,src_global_kos_shop_camera_series,unreviewed,unreviewed,global_cls__c10__source0p5,fixed_base_plus_three_motif_heads__equal_centered_logits,fixed_three_descriptor_consensus,10.0,True,0.002695923043507887,0.006375904997099811,0.06814851972029293,0.0033493945898996386,0.9194302576491997
img_4e3a243306ff927f,nested_outer_oof_adaptive_base_fixed_consensus_v5,dataset_test/05_kosiv_ceramics/k155.jpg,05_kosiv_ceramics,05_kosiv_ceramics,True,0.9909987836585653,05_kosiv_ceramics,03_bubnivka_ceramics,01_opishnyan_ceramics,4,validation,srcgrp_12d0f482c0fc3b5c,src_global_kos_shop_camera_series,unreviewed,unreviewed,global_cls__c10__source0p5,fixed_base_plus_three_motif_heads__equal_centered_logits,fixed_three_descriptor_consensus,10.0,True,0.0020163522978513763,0.0006941183754783299,0.005358014081998299,0.0009327315861066077,0.9909987836585653
img_3a265a633dc99ef7,nested_outer_oof_adaptive_base_fixed_consensus_v5,dataset_test/05_kosiv_ceramics/k156.jpg,05_kosiv_ceramics,05_kosiv_ceramics,True,0.9840558771038989,05_kosiv_ceramics,04_petrykivka_painting,03_bubnivka_ceramics,4,validation,srcgrp_12d0f482c0fc3b5c,src_global_kos_shop_camera_series,unreviewed,unreviewed,global_cls__c10__source0p5,fixed_base_plus_three_motif_heads__equal_centered_logits,fixed_three_descriptor_consensus,10.0,True,0.00032954208246005197,0.002598412481973393,0.003846010694108723,0.00917015763755905,0.9840558771038989
img_dab3277408ff152d,nested_outer_oof_adaptive_base_fixed_consensus_v5,dataset_test/05_kosiv_ceramics/k157.jpg,05_kosiv_ceramics,05_kosiv_ceramics,True,0.8623399876634371,05_kosiv_ceramics,03_bubnivka_ceramics,02_ornek,4,validation,srcgrp_12d0f482c0fc3b5c,src_global_kos_shop_camera_series,unreviewed,unreviewed,global_cls__c10__source0p5,fixed_base_plus_three_motif_heads__equal_centered_logits,fixed_three_descriptor_consensus,10.0,True,0.013366714367955265,0.040611940308768066,0.07389944930980082,0.009781908350038714,0.8623399876634371
img_dbd965cbdc9dfc00,nested_outer_oof_adaptive_base_fixed_consensus_v5,dataset_test/05_kosiv_ceramics/k159.jpg,05_kosiv_ceramics,05_kosiv_ceramics,True,0.9988520625535723,05_kosiv_ceramics,03_bubnivka_ceramics,02_ornek,4,validation,srcgrp_12d0f482c0fc3b5c,src_global_kos_shop_camera_series,unreviewed,unreviewed,global_cls__c10__source0p5,fixed_base_plus_three_motif_heads__equal_centered_logits,fixed_three_descriptor_consensus,10.0,True,0.00013998725729732548,0.0003182164690826642,0.0003950691110654115,0.00029466460898235395,0.9988520625535723
img_9bddb217195e1edd,nested_outer_oof_adaptive_base_fixed_consensus_v5,dataset_test/05_kosiv_ceramics/k160.jpg,05_kosiv_ceramics,05_kosiv_ceramics,True,0.9978595882007023,05_kosiv_ceramics,01_opishnyan_ceramics,03_bubnivka_ceramics,4,validation,srcgrp_12d0f482c0fc3b5c,src_global_kos_shop_camera_series,unreviewed,unreviewed,global_cls__c10__source0p5,fixed_base_plus_three_motif_heads__equal_centered_logits,fixed_three_descriptor_consensus,10.0,True,0.0010722514483200692,0.00016141182279181705,0.0007560070414457577,0.00015074148674010045,0.9978595882007023
img_e12e95b8fd287161,nested_outer_oof_adaptive_base_fixed_consensus_v5,dataset_test/05_kosiv_ceramics/k161.jpg,05_kosiv_ceramics,05_kosiv_ceramics,True,0.9896842720153812,05_kosiv_ceramics,03_bubnivka_ceramics,01_opishnyan_ceramics,4,validation,srcgrp_12d0f482c0fc3b5c,src_global_kos_shop_camera_series,unreviewed,unreviewed,global_cls__c10__source0p5,fixed_base_plus_three_motif_heads__equal_centered_logits,fixed_three_descriptor_consensus,10.0,True,0.0030943259877894065,0.0019709269934352048,0.0044522549899137604,0.0007982200134804379,0.9896842720153812
img_f6d1b745bd681e96,nested_outer_oof_adaptive_base_fixed_consensus_v5,dataset_test/05_kosiv_ceramics/k162.jpg,05_kosiv_ceramics,05_kosiv_ceramics,True,0.9967179029461173,05_kosiv_ceramics,03_bubnivka_ceramics,02_ornek,4,validation,srcgrp_12d0f482c0fc3b5c,src_global_kos_shop_camera_series,unreviewed,unreviewed,global_cls__c10__source0p5,fixed_base_plus_three_motif_heads__equal_centered_logits,fixed_three_descriptor_consensus,10.0,True,8.383900085590414e-05,0.0013474597002931113,0.0014240428786347688,0.00042675547409896816,0.9967179029461173
img_5dcd9a0e95cf7c89,nested_outer_oof_adaptive_base_fixed_consensus_v5,dataset_test/05_kosiv_ceramics/k163.jpg,05_kosiv_ceramics,05_kosiv_ceramics,True,0.6555204508780322,05_kosiv_ceramics,02_ornek,03_bubnivka_ceramics,4,validation,srcgrp_12d0f482c0fc3b5c,src_global_kos_shop_camera_series,unreviewed,unreviewed,global_cls__c10__source0p5,fixed_base_plus_three_motif_heads__equal_centered_logits,fixed_three_descriptor_consensus,10.0,True,0.05854186621074679,0.17023430041020568,0.09836138019047334,0.01734200231054203,0.6555204508780322
img_d57ea5189e712ada,nested_outer_oof_adaptive_base_fixed_consensus_v5,dataset_test/05_kosiv_ceramics/k164.jpg,05_kosiv_ceramics,05_kosiv_ceramics,True,0.8414738994553159,05_kosiv_ceramics,01_opishnyan_ceramics,03_bubnivka_ceramics,4,validation,srcgrp_12d0f482c0fc3b5c,src_global_kos_shop_camera_series,unreviewed,unreviewed,global_cls__c10__source0p5,fixed_base_plus_three_motif_heads__equal_centered_logits,fixed_three_descriptor_consensus,10.0,True,0.11762792575583954,0.012194091769669695,0.02577887938142584,0.0029252036377490054,0.8414738994553159
img_1f3486ba26633e08,nested_outer_oof_adaptive_base_fixed_consensus_v5,dataset_test/05_kosiv_ceramics/k166.jpg,05_kosiv_ceramics,05_kosiv_ceramics,True,0.7743928118627726,05_kosiv_ceramics,02_ornek,03_bubnivka_ceramics,4,validation,srcgrp_12d0f482c0fc3b5c,src_global_kos_shop_camera_series,unreviewed,unreviewed,global_cls__c10__source0p5,fixed_base_plus_three_motif_heads__equal_centered_logits,fixed_three_descriptor_consensus,10.0,True,0.000915590653040105,0.20104196504205044,0.02086718882206166,0.002782443620075206,0.7743928118627726
img_3d892fc243d7f9f8,nested_outer_oof_adaptive_base_fixed_consensus_v5,dataset_test/05_kosiv_ceramics/k167.jpg,05_kosiv_ceramics,05_kosiv_ceramics,True,0.9886686817231722,05_kosiv_ceramics,04_petrykivka_painting,03_bubnivka_ceramics,4,validation,srcgrp_12d0f482c0fc3b5c,src_global_kos_shop_camera_series,unreviewed,unreviewed,global_cls__c10__source0p5,fixed_base_plus_three_motif_heads__equal_centered_logits,fixed_three_descriptor_consensus,10.0,True,0.00018602173237163052,0.0007787299514294487,0.004321236023213707,0.006045330569813012,0.9886686817231722
img_3c2c657b67cd141e,nested_outer_oof_adaptive_base_fixed_consensus_v5,dataset_test/05_kosiv_ceramics/k168.jpg,05_kosiv_ceramics,05_kosiv_ceramics,True,0.9983390017222254,05_kosiv_ceramics,03_bubnivka_ceramics,01_opishnyan_ceramics,4,validation,srcgrp_12d0f482c0fc3b5c,src_global_kos_shop_camera_series,unreviewed,unreviewed,global_cls__c10__source0p5,fixed_base_plus_three_motif_heads__equal_centered_logits,fixed_three_descriptor_consensus,10.0,True,0.00041599114474193664,0.00017739876819228474,0.0009153985154157817,0.00015220984942450252,0.9983390017222254
img_269d00339df856ae,nested_outer_oof_adaptive_base_fixed_consensus_v5,dataset_test/05_kosiv_ceramics/k169.jpg,05_kosiv_ceramics,05_kosiv_ceramics,True,0.9950727717479568,05_kosiv_ceramics,01_opishnyan_ceramics,03_bubnivka_ceramics,4,validation,srcgrp_12d0f482c0fc3b5c,src_global_kos_shop_camera_series,unreviewed,unreviewed,global_cls__c10__source0p5,fixed_base_plus_three_motif_heads__equal_centered_logits,fixed_three_descriptor_consensus,10.0,True,0.0025905266921100252,0.00045402249918838567,0.0016296567334902951,0.0002530223272545306,0.9950727717479568
img_1ad2f7efb115b706,nested_outer_oof_adaptive_base_fixed_consensus_v5,dataset_test/05_kosiv_ceramics/k174.jpg,05_kosiv_ceramics,05_kosiv_ceramics,True,0.7728537385757535,05_kosiv_ceramics,03_bubnivka_ceramics,01_opishnyan_ceramics,2,train,obj_single_1ad2f7efb115b706,,unreviewed,unreviewed,three_view_cls_logit_ensemble__c100__source0p5,fixed_base_plus_three_motif_heads__equal_centered_logits,fixed_three_descriptor_consensus,10.0,True,0.05306100957705625,0.005266276839113982,0.12740708618961138,0.04141188881846492,0.7728537385757535
img_a9d5594ccb55fd31,nested_outer_oof_adaptive_base_fixed_consensus_v5,dataset_test/05_kosiv_ceramics/k175.jpg,05_kosiv_ceramics,05_kosiv_ceramics,True,0.9471519955506907,05_kosiv_ceramics,02_ornek,04_petrykivka_painting,2,train,obj_single_a9d5594ccb55fd31,,unreviewed,unreviewed,three_view_cls_logit_ensemble__c100__source0p5,fixed_base_plus_three_motif_heads__equal_centered_logits,fixed_three_descriptor_consensus,10.0,True,0.0006267116426158952,0.03211127588259555,0.001330387867632953,0.018779629056464766,0.9471519955506907
img_053aad3cf470da05,nested_outer_oof_adaptive_base_fixed_consensus_v5,dataset_test/05_kosiv_ceramics/k178.jpg,05_kosiv_ceramics,05_kosiv_ceramics,True,0.987347056629911,05_kosiv_ceramics,01_opishnyan_ceramics,02_ornek,2,train,obj_single_053aad3cf470da05,,unreviewed,unreviewed,three_view_cls_logit_ensemble__c100__source0p5,fixed_base_plus_three_motif_heads__equal_centered_logits,fixed_three_descriptor_consensus,10.0,True,0.008548752088513658,0.002387574635408599,0.001146814111025385,0.0005698025351414035,0.987347056629911
img_1cc5a27ab305ce25,nested_outer_oof_adaptive_base_fixed_consensus_v5,dataset_test/05_kosiv_ceramics/k179.jpg,05_kosiv_ceramics,05_kosiv_ceramics,True,0.9902604031221508,05_kosiv_ceramics,04_petrykivka_painting,02_ornek,0,train,obj_single_1cc5a27ab305ce25,,unreviewed,unreviewed,three_view_cls_logit_ensemble__c100__source0p5,fixed_base_plus_three_motif_heads__equal_centered_logits,fixed_three_descriptor_consensus,10.0,True,0.0011157634186091823,0.0026132508318209807,0.0015810119163825113,0.00442957071103652,0.9902604031221508
img_f6fbde5afe4d384b,nested_outer_oof_adaptive_base_fixed_consensus_v5,dataset_test/05_kosiv_ceramics/k181.jpg,05_kosiv_ceramics,05_kosiv_ceramics,True,0.8912199116056012,05_kosiv_ceramics,01_opishnyan_ceramics,03_bubnivka_ceramics,0,train,obj_single_f6fbde5afe4d384b,,unreviewed,unreviewed,three_view_cls_logit_ensemble__c100__source0p5,fixed_base_plus_three_motif_heads__equal_centered_logits,fixed_three_descriptor_consensus,10.0,True,0.09046105842128098,0.002819879961890963,0.013326707825192656,0.0021724421860342402,0.8912199116056012
img_e394401ef1f7be81,nested_outer_oof_adaptive_base_fixed_consensus_v5,dataset_test/05_kosiv_ceramics/k183.jpg,05_kosiv_ceramics,05_kosiv_ceramics,True,0.9963613303607999,05_kosiv_ceramics,03_bubnivka_ceramics,01_opishnyan_ceramics,2,train,obj_single_e394401ef1f7be81,,unreviewed,unreviewed,three_view_cls_logit_ensemble__c100__source0p5,fixed_base_plus_three_motif_heads__equal_centered_logits,fixed_three_descriptor_consensus,10.0,True,0.0005934244700078349,0.0001503549673258804,0.002451737736224588,0.0004431524656417371,0.9963613303607999
img_11777d2610a65ccb,nested_outer_oof_adaptive_base_fixed_consensus_v5,dataset_test/05_kosiv_ceramics/k184.jpg,05_kosiv_ceramics,05_kosiv_ceramics,True,0.9368729977164267,05_kosiv_ceramics,04_petrykivka_painting,02_ornek,1,train,obj_single_11777d2610a65ccb,,unreviewed,unreviewed,global_cls__c10__source0p5,fixed_base_plus_three_motif_heads__equal_centered_logits,fixed_three_descriptor_consensus,10.0,True,0.006844574461057408,0.0190960703605815,0.00559709939230455,0.03158925806962982,0.9368729977164267
img_4f45f36d5c7bbbce,nested_outer_oof_adaptive_base_fixed_consensus_v5,dataset_test/05_kosiv_ceramics/k185.jpg,05_kosiv_ceramics,05_kosiv_ceramics,True,0.9880936063654037,05_kosiv_ceramics,03_bubnivka_ceramics,02_ornek,1,train,obj_single_4f45f36d5c7bbbce,,unreviewed,unreviewed,global_cls__c10__source0p5,fixed_base_plus_three_motif_heads__equal_centered_logits,fixed_three_descriptor_consensus,10.0,True,0.002098397355619197,0.002896102676462905,0.006745982677528227,0.0001659109249860122,0.9880936063654037
img_2ff6b3f71fde67c8,nested_outer_oof_adaptive_base_fixed_consensus_v5,dataset_test/05_kosiv_ceramics/k186.jpg,05_kosiv_ceramics,05_kosiv_ceramics,True,0.9757058505236375,05_kosiv_ceramics,01_opishnyan_ceramics,02_ornek,3,train,obj_single_2ff6b3f71fde67c8,,unreviewed,unreviewed,three_view_cls_logit_ensemble__c100__source0p5,fixed_base_plus_three_motif_heads__equal_centered_logits,fixed_three_descriptor_consensus,10.0,True,0.019503592614310998,0.002250030498055818,0.0016131600425190896,0.0009273663214765342,0.9757058505236375
img_fc60b69e36143a46,nested_outer_oof_adaptive_base_fixed_consensus_v5,dataset_test/05_kosiv_ceramics/k188.jpg,05_kosiv_ceramics,05_kosiv_ceramics,True,0.837349011286074,05_kosiv_ceramics,02_ornek,01_opishnyan_ceramics,0,train,obj_single_fc60b69e36143a46,,unreviewed,unreviewed,three_view_cls_logit_ensemble__c100__source0p5,fixed_base_plus_three_motif_heads__equal_centered_logits,fixed_three_descriptor_consensus,10.0,True,0.033416492769966284,0.11781136316787666,0.008965734677680541,0.002457398098402535,0.837349011286074
img_b5851be025112e53,nested_outer_oof_adaptive_base_fixed_consensus_v5,dataset_test/05_kosiv_ceramics/k192.jpg,05_kosiv_ceramics,05_kosiv_ceramics,True,0.9412473632278667,05_kosiv_ceramics,01_opishnyan_ceramics,02_ornek,0,train,obj_single_b5851be025112e53,,unreviewed,unreviewed,three_view_cls_logit_ensemble__c100__source0p5,fixed_base_plus_three_motif_heads__equal_centered_logits,fixed_three_descriptor_consensus,10.0,True,0.03924635937584897,0.010588548627049891,0.007767666703471392,0.0011500620657628872,0.9412473632278667
img_33ac2374afd538f7,nested_outer_oof_adaptive_base_fixed_consensus_v5,dataset_test/05_kosiv_ceramics/k193.jpg,05_kosiv_ceramics,05_kosiv_ceramics,True,0.31557048305609936,05_kosiv_ceramics,02_ornek,04_petrykivka_painting,3,train,obj_single_33ac2374afd538f7,,unreviewed,unreviewed,three_view_cls_logit_ensemble__c100__source0p5,fixed_base_plus_three_motif_heads__equal_centered_logits,fixed_three_descriptor_consensus,10.0,True,0.048817924879291964,0.3064275492248517,0.07526577274111532,0.25391827009864165,0.31557048305609936
img_623af1a2af0e4c6b,nested_outer_oof_adaptive_base_fixed_consensus_v5,dataset_test/05_kosiv_ceramics/k194.jpg,05_kosiv_ceramics,05_kosiv_ceramics,True,0.9515829048883925,05_kosiv_ceramics,02_ornek,03_bubnivka_ceramics,4,train,obj_single_623af1a2af0e4c6b,,unreviewed,unreviewed,global_cls__c10__source0p5,fixed_base_plus_three_motif_heads__equal_centered_logits,fixed_three_descriptor_consensus,10.0,True,0.011585417444117107,0.019469682953464188,0.01308295951952613,0.004279035194500185,0.9515829048883925
img_a4bad939a8fd5f87,nested_outer_oof_adaptive_base_fixed_consensus_v5,dataset_test/05_kosiv_ceramics/k196.jpg,05_kosiv_ceramics,05_kosiv_ceramics,True,0.9726344846261538,05_kosiv_ceramics,02_ornek,04_petrykivka_painting,2,train,obj_single_a4bad939a8fd5f87,,unreviewed,unreviewed,three_view_cls_logit_ensemble__c100__source0p5,fixed_base_plus_three_motif_heads__equal_centered_logits,fixed_three_descriptor_consensus,10.0,True,0.006548407658172814,0.011340450808353799,0.001976754489224676,0.007499902418094846,0.9726344846261538
img_9762e3d047d12218,nested_outer_oof_adaptive_base_fixed_consensus_v5,dataset_test/05_kosiv_ceramics/k199.jpg,05_kosiv_ceramics,05_kosiv_ceramics,True,0.7099088766802474,05_kosiv_ceramics,01_opishnyan_ceramics,02_ornek,2,train,obj_single_9762e3d047d12218,,unreviewed,unreviewed,three_view_cls_logit_ensemble__c100__source0p5,fixed_base_plus_three_motif_heads__equal_centered_logits,fixed_three_descriptor_consensus,10.0,True,0.18769252649037443,0.06616023181501636,0.02168636719774664,0.014551997816615297,0.7099088766802474
img_70af808a4ce4079e,nested_outer_oof_adaptive_base_fixed_consensus_v5,dataset_test/05_kosiv_ceramics/k200.jpg,05_kosiv_ceramics,05_kosiv_ceramics,True,0.914949386607153,05_kosiv_ceramics,01_opishnyan_ceramics,03_bubnivka_ceramics,3,train,obj_single_70af808a4ce4079e,,unreviewed,unreviewed,three_view_cls_logit_ensemble__c100__source0p5,fixed_base_plus_three_motif_heads__equal_centered_logits,fixed_three_descriptor_consensus,10.0,True,0.06507064846394452,0.0030797385307609567,0.012918263254407468,0.003981963143734063,0.914949386607153
img_9da79d107c989b7f,nested_outer_oof_adaptive_base_fixed_consensus_v5,dataset_test/05_kosiv_ceramics/k201.jpg,05_kosiv_ceramics,05_kosiv_ceramics,True,0.9870706751297493,05_kosiv_ceramics,02_ornek,03_bubnivka_ceramics,1,train,obj_single_9da79d107c989b7f,,unreviewed,unreviewed,global_cls__c10__source0p5,fixed_base_plus_three_motif_heads__equal_centered_logits,fixed_three_descriptor_consensus,10.0,True,0.00028631161906793014,0.010883236860430115,0.0010144894164479164,0.0007452869743046792,0.9870706751297493
img_02d87e9553342db8,nested_outer_oof_adaptive_base_fixed_consensus_v5,dataset_test/05_kosiv_ceramics/k208.jpg,05_kosiv_ceramics,05_kosiv_ceramics,True,0.9941117229824085,05_kosiv_ceramics,02_ornek,03_bubnivka_ceramics,4,train,obj_single_02d87e9553342db8,,unreviewed,unreviewed,global_cls__c10__source0p5,fixed_base_plus_three_motif_heads__equal_centered_logits,fixed_three_descriptor_consensus,10.0,True,0.0009534307953650426,0.0029623394591223053,0.001298547394136378,0.0006739593689678473,0.9941117229824085
img_a8b877aea7d82313,nested_outer_oof_adaptive_base_fixed_consensus_v5,dataset_test/05_kosiv_ceramics/k209.jpg,05_kosiv_ceramics,05_kosiv_ceramics,True,0.9991345383641702,05_kosiv_ceramics,01_opishnyan_ceramics,03_bubnivka_ceramics,2,train,obj_single_a8b877aea7d82313,,unreviewed,unreviewed,three_view_cls_logit_ensemble__c100__source0p5,fixed_base_plus_three_motif_heads__equal_centered_logits,fixed_three_descriptor_consensus,10.0,True,0.00040689987253597924,9.794411481177015e-05,0.00029069148812060664,6.992616036154037e-05,0.9991345383641702
img_d2c343f68ab9fc15,nested_outer_oof_adaptive_base_fixed_consensus_v5,dataset_test/05_kosiv_ceramics/k213.jpg,05_kosiv_ceramics,05_kosiv_ceramics,True,0.9936045640646465,05_kosiv_ceramics,04_petrykivka_painting,02_ornek,3,train,obj_single_d2c343f68ab9fc15,,unreviewed,unreviewed,three_view_cls_logit_ensemble__c100__source0p5,fixed_base_plus_three_motif_heads__equal_centered_logits,fixed_three_descriptor_consensus,10.0,True,2.772900341016133e-05,0.0015591586020589176,0.0004324269444198444,0.004376121385464596,0.9936045640646465
img_73cbf55283e55981,nested_outer_oof_adaptive_base_fixed_consensus_v5,dataset_test/05_kosiv_ceramics/k216.jpg,05_kosiv_ceramics,05_kosiv_ceramics,True,0.991748627775351,05_kosiv_ceramics,04_petrykivka_painting,01_opishnyan_ceramics,0,train,obj_single_73cbf55283e55981,,unreviewed,unreviewed,three_view_cls_logit_ensemble__c100__source0p5,fixed_base_plus_three_motif_heads__equal_centered_logits,fixed_three_descriptor_consensus,10.0,True,0.0019181488558416408,0.0006548797000035037,0.0007688051268590921,0.004909538541944693,0.991748627775351
img_a6e559fe1ad4f2b9,nested_outer_oof_adaptive_base_fixed_consensus_v5,dataset_test/05_kosiv_ceramics/k218.jpg,05_kosiv_ceramics,05_kosiv_ceramics,True,0.8346866751998363,05_kosiv_ceramics,02_ornek,04_petrykivka_painting,2,train,obj_single_a6e559fe1ad4f2b9,,unreviewed,unreviewed,three_view_cls_logit_ensemble__c100__source0p5,fixed_base_plus_three_motif_heads__equal_centered_logits,fixed_three_descriptor_consensus,10.0,True,0.02003201593880218,0.07685574925668438,0.016801796521484065,0.05162376308319302,0.8346866751998363
img_3b4225477cb8df9b,nested_outer_oof_adaptive_base_fixed_consensus_v5,dataset_test/05_kosiv_ceramics/k220.jpg,05_kosiv_ceramics,05_kosiv_ceramics,True,0.9100904417089527,05_kosiv_ceramics,03_bubnivka_ceramics,04_petrykivka_painting,3,train,obj_single_3b4225477cb8df9b,,unreviewed,unreviewed,three_view_cls_logit_ensemble__c100__source0p5,fixed_base_plus_three_motif_heads__equal_centered_logits,fixed_three_descriptor_consensus,10.0,True,0.008730050876969143,0.002203829948881175,0.054662155739981004,0.02431352172521602,0.9100904417089527
img_cae64157ffb161c9,nested_outer_oof_adaptive_base_fixed_consensus_v5,dataset_test/05_kosiv_ceramics/k226.jpg,05_kosiv_ceramics,05_kosiv_ceramics,True,0.9800741696954343,05_kosiv_ceramics,03_bubnivka_ceramics,02_ornek,2,train,obj_single_cae64157ffb161c9,,unreviewed,unreviewed,three_view_cls_logit_ensemble__c100__source0p5,fixed_base_plus_three_motif_heads__equal_centered_logits,fixed_three_descriptor_consensus,10.0,True,0.0016349180290671176,0.006188005001641322,0.008370825090378264,0.0037320821834789424,0.9800741696954343
img_580e7a490e020633,nested_outer_oof_adaptive_base_fixed_consensus_v5,dataset_test/05_kosiv_ceramics/k227.jpg,05_kosiv_ceramics,05_kosiv_ceramics,True,0.9868264873675157,05_kosiv_ceramics,03_bubnivka_ceramics,04_petrykivka_painting,4,train,obj_single_580e7a490e020633,,unreviewed,unreviewed,global_cls__c10__source0p5,fixed_base_plus_three_motif_heads__equal_centered_logits,fixed_three_descriptor_consensus,10.0,True,0.0002623609869717134,0.001553090606410074,0.007062691323521095,0.004295369715581332,0.9868264873675157
img_35d4c855ea6cdc48,nested_outer_oof_adaptive_base_fixed_consensus_v5,dataset_test/05_kosiv_ceramics/k234.jpg,05_kosiv_ceramics,05_kosiv_ceramics,True,0.9861055806000618,05_kosiv_ceramics,01_opishnyan_ceramics,03_bubnivka_ceramics,2,train,obj_single_35d4c855ea6cdc48,,unreviewed,unreviewed,three_view_cls_logit_ensemble__c100__source0p5,fixed_base_plus_three_motif_heads__equal_centered_logits,fixed_three_descriptor_consensus,10.0,True,0.011517185559202149,0.00040653737378577853,0.001404308435316151,0.0005663880316342251,0.9861055806000618
img_3298c8064efe8a1a,nested_outer_oof_adaptive_base_fixed_consensus_v5,dataset_test/05_kosiv_ceramics/k235.jpg,05_kosiv_ceramics,05_kosiv_ceramics,True,0.9825164479662878,05_kosiv_ceramics,01_opishnyan_ceramics,02_ornek,0,train,obj_single_3298c8064efe8a1a,,unreviewed,unreviewed,three_view_cls_logit_ensemble__c100__source0p5,fixed_base_plus_three_motif_heads__equal_centered_logits,fixed_three_descriptor_consensus,10.0,True,0.011530763440852831,0.0026909680172193945,0.0023791946947704897,0.0008826258808695222,0.9825164479662878
img_200288969134e2f6,nested_outer_oof_adaptive_base_fixed_consensus_v5,dataset_test/05_kosiv_ceramics/k239.jpg,05_kosiv_ceramics,05_kosiv_ceramics,True,0.9973821562778417,05_kosiv_ceramics,04_petrykivka_painting,01_opishnyan_ceramics,1,train,obj_single_200288969134e2f6,,unreviewed,unreviewed,global_cls__c10__source0p5,fixed_base_plus_three_motif_heads__equal_centered_logits,fixed_three_descriptor_consensus,10.0,True,0.00046183713169457467,0.0004115944726227831,9.938429349353096e-05,0.0016450278243473578,0.9973821562778417
img_5c51690a99ef9e12,nested_outer_oof_adaptive_base_fixed_consensus_v5,dataset_test/05_kosiv_ceramics/k242.jpg,05_kosiv_ceramics,05_kosiv_ceramics,True,0.6146557102818815,05_kosiv_ceramics,02_ornek,04_petrykivka_painting,1,train,obj_single_5c51690a99ef9e12,,unreviewed,unreviewed,global_cls__c10__source0p5,fixed_base_plus_three_motif_heads__equal_centered_logits,fixed_three_descriptor_consensus,10.0,True,0.009206307417025376,0.2893544476164496,0.011454960140336794,0.07532857454430672,0.6146557102818815
img_dbea5716fa572e6b,nested_outer_oof_adaptive_base_fixed_consensus_v5,dataset_test/05_kosiv_ceramics/k248.jpg,05_kosiv_ceramics,05_kosiv_ceramics,True,0.9450938919005786,05_kosiv_ceramics,01_opishnyan_ceramics,02_ornek,1,train,obj_single_dbea5716fa572e6b,,unreviewed,unreviewed,global_cls__c10__source0p5,fixed_base_plus_three_motif_heads__equal_centered_logits,fixed_three_descriptor_consensus,10.0,True,0.03739819825337824,0.011714151925244016,0.004493692680958483,0.0013000652398407618,0.9450938919005786
img_b440bf29adbcd007,nested_outer_oof_adaptive_base_fixed_consensus_v5,dataset_test/05_kosiv_ceramics/k251.jpg,05_kosiv_ceramics,05_kosiv_ceramics,True,0.8436808780458688,05_kosiv_ceramics,01_opishnyan_ceramics,04_petrykivka_painting,2,train,obj_single_b440bf29adbcd007,,unreviewed,unreviewed,three_view_cls_logit_ensemble__c100__source0p5,fixed_base_plus_three_motif_heads__equal_centered_logits,fixed_three_descriptor_consensus,10.0,True,0.1543007970713771,0.00023917053403797186,0.0003450960470215499,0.0014340583016946933,0.8436808780458688
img_55041a435915ac3a,nested_outer_oof_adaptive_base_fixed_consensus_v5,dataset_test/05_kosiv_ceramics/k257.jpg,05_kosiv_ceramics,05_kosiv_ceramics,True,0.9704561964968955,05_kosiv_ceramics,03_bubnivka_ceramics,04_petrykivka_painting,0,train,obj_single_55041a435915ac3a,,unreviewed,unreviewed,three_view_cls_logit_ensemble__c100__source0p5,fixed_base_plus_three_motif_heads__equal_centered_logits,fixed_three_descriptor_consensus,10.0,True,0.003210607760872579,0.0030768970476999693,0.018276385147943084,0.004979913546588806,0.9704561964968955
img_30cdee5e9354ba6b,nested_outer_oof_adaptive_base_fixed_consensus_v5,dataset_test/05_kosiv_ceramics/k265.jpg,05_kosiv_ceramics,05_kosiv_ceramics,True,0.9537984040200312,05_kosiv_ceramics,01_opishnyan_ceramics,03_bubnivka_ceramics,3,train,obj_single_30cdee5e9354ba6b,,unreviewed,unreviewed,three_view_cls_logit_ensemble__c100__source0p5,fixed_base_plus_three_motif_heads__equal_centered_logits,fixed_three_descriptor_consensus,10.0,True,0.04128133395328898,0.00081908647679649,0.0024805389392344164,0.0016206366106488442,0.9537984040200312
img_015c8244bc7ef19f,nested_outer_oof_adaptive_base_fixed_consensus_v5,dataset_test/05_kosiv_ceramics/k266.jpg,05_kosiv_ceramics,05_kosiv_ceramics,True,0.9919751464395634,05_kosiv_ceramics,04_petrykivka_painting,02_ornek,1,train,obj_single_015c8244bc7ef19f,,unreviewed,unreviewed,global_cls__c10__source0p5,fixed_base_plus_three_motif_heads__equal_centered_logits,fixed_three_descriptor_consensus,10.0,True,0.0017718557046212562,0.001916027832683893,0.001167905644096169,0.003169064379035392,0.9919751464395634
img_d16c62829ff8b96e,nested_outer_oof_adaptive_base_fixed_consensus_v5,dataset_test/05_kosiv_ceramics/k267.jpg,05_kosiv_ceramics,05_kosiv_ceramics,True,0.9549500932867653,05_kosiv_ceramics,02_ornek,04_petrykivka_painting,0,train,obj_single_d16c62829ff8b96e,,unreviewed,unreviewed,three_view_cls_logit_ensemble__c100__source0p5,fixed_base_plus_three_motif_heads__equal_centered_logits,fixed_three_descriptor_consensus,10.0,True,0.007059443721270532,0.022497385054361083,0.0010944627188090952,0.014398615218793957,0.9549500932867653
img_b90a1cc9c970f1d7,nested_outer_oof_adaptive_base_fixed_consensus_v5,dataset_test/05_kosiv_ceramics/k276.jpg,05_kosiv_ceramics,05_kosiv_ceramics,True,0.9868688205163461,05_kosiv_ceramics,01_opishnyan_ceramics,03_bubnivka_ceramics,1,train,obj_single_b90a1cc9c970f1d7,,unreviewed,unreviewed,global_cls__c10__source0p5,fixed_base_plus_three_motif_heads__equal_centered_logits,fixed_three_descriptor_consensus,10.0,True,0.007152568351480093,0.0020982248949910133,0.003700068963712207,0.0001803172734707725,0.9868688205163461
img_1ab7b1da4253dfa0,nested_outer_oof_adaptive_base_fixed_consensus_v5,dataset_test/05_kosiv_ceramics/k283.jpg,05_kosiv_ceramics,05_kosiv_ceramics,True,0.9927647525806944,05_kosiv_ceramics,04_petrykivka_painting,01_opishnyan_ceramics,3,train,obj_single_1ab7b1da4253dfa0,,unreviewed,unreviewed,three_view_cls_logit_ensemble__c100__source0p5,fixed_base_plus_three_motif_heads__equal_centered_logits,fixed_three_descriptor_consensus,10.0,True,0.0018093086245602693,0.000977365996727552,0.0006452676962869324,0.0038033051017307517,0.9927647525806944
img_fcbbd76cd2c09a70,nested_outer_oof_adaptive_base_fixed_consensus_v5,dataset_test/05_kosiv_ceramics/k293.jpg,05_kosiv_ceramics,05_kosiv_ceramics,True,0.9896314628817531,05_kosiv_ceramics,01_opishnyan_ceramics,02_ornek,2,train,obj_single_fcbbd76cd2c09a70,,unreviewed,unreviewed,three_view_cls_logit_ensemble__c100__source0p5,fixed_base_plus_three_motif_heads__equal_centered_logits,fixed_three_descriptor_consensus,10.0,True,0.004625221068751856,0.0022052394961387363,0.001361953725047879,0.0021761228283085064,0.9896314628817531
img_44c3ee7526aca5c7,nested_outer_oof_adaptive_base_fixed_consensus_v5,dataset_test/05_kosiv_ceramics/k297.jpg,05_kosiv_ceramics,05_kosiv_ceramics,True,0.9298228153090365,05_kosiv_ceramics,01_opishnyan_ceramics,03_bubnivka_ceramics,4,train,obj_single_44c3ee7526aca5c7,,unreviewed,unreviewed,global_cls__c10__source0p5,fixed_base_plus_three_motif_heads__equal_centered_logits,fixed_three_descriptor_consensus,10.0,True,0.05866480942170615,0.001237090063146677,0.005997153477556448,0.0042781317285541165,0.9298228153090365
img_8a25312d7b11aeaa,nested_outer_oof_adaptive_base_fixed_consensus_v5,dataset_test/05_kosiv_ceramics/k300.jpg,05_kosiv_ceramics,05_kosiv_ceramics,True,0.9976438961195682,05_kosiv_ceramics,01_opishnyan_ceramics,03_bubnivka_ceramics,0,train,obj_single_8a25312d7b11aeaa,,unreviewed,unreviewed,three_view_cls_logit_ensemble__c100__source0p5,fixed_base_plus_three_motif_heads__equal_centered_logits,fixed_three_descriptor_consensus,10.0,True,0.0011507527302157456,0.0002952753548177119,0.0006513850970400097,0.0002586906983583641,0.9976438961195682
img_fe68871f75add030,nested_outer_oof_adaptive_base_fixed_consensus_v5,dataset_test/05_kosiv_ceramics/k304.jpg,05_kosiv_ceramics,05_kosiv_ceramics,True,0.9823689928374936,05_kosiv_ceramics,04_petrykivka_painting,03_bubnivka_ceramics,0,train,obj_single_fe68871f75add030,,unreviewed,unreviewed,three_view_cls_logit_ensemble__c100__source0p5,fixed_base_plus_three_motif_heads__equal_centered_logits,fixed_three_descriptor_consensus,10.0,True,0.0007425862658398208,0.002366486883500496,0.0032079346415752725,0.01131399937159084,0.9823689928374936
img_6cdeef4c30dac3d6,nested_outer_oof_adaptive_base_fixed_consensus_v5,dataset_test/05_kosiv_ceramics/k310.jpg,05_kosiv_ceramics,05_kosiv_ceramics,True,0.9871726037666113,05_kosiv_ceramics,04_petrykivka_painting,01_opishnyan_ceramics,1,train,obj_single_6cdeef4c30dac3d6,,unreviewed,unreviewed,global_cls__c10__source0p5,fixed_base_plus_three_motif_heads__equal_centered_logits,fixed_three_descriptor_consensus,10.0,True,0.0033980624286295844,0.0010130849817331297,0.0015008847266679412,0.006915364096357878,0.9871726037666113
img_1a7e1856ba5f6c0c,nested_outer_oof_adaptive_base_fixed_consensus_v5,dataset_test/05_kosiv_ceramics/k312.jpg,05_kosiv_ceramics,05_kosiv_ceramics,True,0.9810914116732344,05_kosiv_ceramics,02_ornek,04_petrykivka_painting,0,train,obj_single_1a7e1856ba5f6c0c,,unreviewed,unreviewed,three_view_cls_logit_ensemble__c100__source0p5,fixed_base_plus_three_motif_heads__equal_centered_logits,fixed_three_descriptor_consensus,10.0,True,0.00016283935528261771,0.011073790354746624,0.0006805491722715663,0.006991409444464663,0.9810914116732344
img_87e0555e321a5c0a,nested_outer_oof_adaptive_base_fixed_consensus_v5,dataset_test/05_kosiv_ceramics/k313.jpg,05_kosiv_ceramics,05_kosiv_ceramics,True,0.9873908361405166,05_kosiv_ceramics,01_opishnyan_ceramics,04_petrykivka_painting,1,train,obj_single_87e0555e321a5c0a,,unreviewed,unreviewed,global_cls__c10__source0p5,fixed_base_plus_three_motif_heads__equal_centered_logits,fixed_three_descriptor_consensus,10.0,True,0.0091185176597337,0.00027097293803453424,0.0013066213569406643,0.001913051904774387,0.9873908361405166
img_fcd495fa73e5847a,nested_outer_oof_adaptive_base_fixed_consensus_v5,dataset_test/05_kosiv_ceramics/k314.jpg,05_kosiv_ceramics,05_kosiv_ceramics,True,0.9980978058929398,05_kosiv_ceramics,01_opishnyan_ceramics,03_bubnivka_ceramics,2,train,obj_single_fcd495fa73e5847a,,unreviewed,unreviewed,three_view_cls_logit_ensemble__c100__source0p5,fixed_base_plus_three_motif_heads__equal_centered_logits,fixed_three_descriptor_consensus,10.0,True,0.001217314787897185,0.00027128771117198154,0.0003483308964914294,6.526071149960131e-05,0.9980978058929398
img_fea70f7921e640e4,nested_outer_oof_adaptive_base_fixed_consensus_v5,dataset_test/05_kosiv_ceramics/k329.jpg,05_kosiv_ceramics,05_kosiv_ceramics,True,0.968452470794184,05_kosiv_ceramics,01_opishnyan_ceramics,04_petrykivka_painting,1,train,obj_single_fea70f7921e640e4,,unreviewed,unreviewed,global_cls__c10__source0p5,fixed_base_plus_three_motif_heads__equal_centered_logits,fixed_three_descriptor_consensus,10.0,True,0.029748674173394954,0.0002902451598738495,0.0006397337701469574,0.0008688761024004358,0.968452470794184
img_04f86fb60aac54a1,nested_outer_oof_adaptive_base_fixed_consensus_v5,dataset_test/05_kosiv_ceramics/k334.jpg,05_kosiv_ceramics,05_kosiv_ceramics,True,0.8971846806467819,05_kosiv_ceramics,03_bubnivka_ceramics,01_opishnyan_ceramics,2,train,obj_single_04f86fb60aac54a1,,unreviewed,unreviewed,three_view_cls_logit_ensemble__c100__source0p5,fixed_base_plus_three_motif_heads__equal_centered_logits,fixed_three_descriptor_consensus,10.0,True,0.03201432004658733,0.031022927771045546,0.03774720316967254,0.0020308683659126412,0.8971846806467819
img_fba17471d011b288,nested_outer_oof_adaptive_base_fixed_consensus_v5,dataset_test/05_kosiv_ceramics/k337.jpg,05_kosiv_ceramics,05_kosiv_ceramics,True,0.9633832543494967,05_kosiv_ceramics,01_opishnyan_ceramics,02_ornek,0,train,obj_single_fba17471d011b288,,unreviewed,unreviewed,three_view_cls_logit_ensemble__c100__source0p5,fixed_base_plus_three_motif_heads__equal_centered_logits,fixed_three_descriptor_consensus,10.0,True,0.01607623988846178,0.012457522486778944,0.007668633707424304,0.0004143495678382826,0.9633832543494967
img_665e1d08c64ac662,nested_outer_oof_adaptive_base_fixed_consensus_v5,dataset_test/05_kosiv_ceramics/k339.jpg,05_kosiv_ceramics,05_kosiv_ceramics,True,0.9926350907965581,05_kosiv_ceramics,04_petrykivka_painting,03_bubnivka_ceramics,1,train,obj_single_665e1d08c64ac662,,unreviewed,unreviewed,global_cls__c10__source0p5,fixed_base_plus_three_motif_heads__equal_centered_logits,fixed_three_descriptor_consensus,10.0,True,0.00044929020854940396,0.00022154482240702177,0.0005731908474382719,0.006120883325047343,0.9926350907965581
img_6dec71e49cf7af63,nested_outer_oof_adaptive_base_fixed_consensus_v5,dataset_test/05_kosiv_ceramics/k341.jpg,05_kosiv_ceramics,05_kosiv_ceramics,True,0.9946585256991723,05_kosiv_ceramics,03_bubnivka_ceramics,02_ornek,3,train,obj_single_6dec71e49cf7af63,,unreviewed,unreviewed,three_view_cls_logit_ensemble__c100__source0p5,fixed_base_plus_three_motif_heads__equal_centered_logits,fixed_three_descriptor_consensus,10.0,True,0.0010127563976812662,0.0015074522226146598,0.002403328124268161,0.00041793755626359764,0.9946585256991723
img_b359a31c0f32b18c,nested_outer_oof_adaptive_base_fixed_consensus_v5,dataset_test/05_kosiv_ceramics/k347.jpg,05_kosiv_ceramics,05_kosiv_ceramics,True,0.989074667284635,05_kosiv_ceramics,01_opishnyan_ceramics,04_petrykivka_painting,0,train,obj_single_b359a31c0f32b18c,,unreviewed,unreviewed,three_view_cls_logit_ensemble__c100__source0p5,fixed_base_plus_three_motif_heads__equal_centered_logits,fixed_three_descriptor_consensus,10.0,True,0.009151185715724848,2.0337387959361565e-05,0.0006897901209975194,0.0010640194906833223,0.989074667284635
img_18cc2797f6a63030,nested_outer_oof_adaptive_base_fixed_consensus_v5,dataset_test/05_kosiv_ceramics/k350.jpg,05_kosiv_ceramics,05_kosiv_ceramics,True,0.9931106488132693,05_kosiv_ceramics,03_bubnivka_ceramics,02_ornek,3,train,obj_single_18cc2797f6a63030,,unreviewed,unreviewed,three_view_cls_logit_ensemble__c100__source0p5,fixed_base_plus_three_motif_heads__equal_centered_logits,fixed_three_descriptor_consensus,10.0,True,0.001412318401025414,0.002250854577011814,0.002847859960230703,0.00037831824846269377,0.9931106488132693
img_9158bbc730443cd0,nested_outer_oof_adaptive_base_fixed_consensus_v5,dataset_test/05_kosiv_ceramics/k352.jpg,05_kosiv_ceramics,05_kosiv_ceramics,True,0.9355429470855142,05_kosiv_ceramics,02_ornek,04_petrykivka_painting,0,train,obj_single_9158bbc730443cd0,,unreviewed,unreviewed,three_view_cls_logit_ensemble__c100__source0p5,fixed_base_plus_three_motif_heads__equal_centered_logits,fixed_three_descriptor_consensus,10.0,True,0.0017509160934262053,0.05360551873187884,0.004088206891993672,0.005012411197187091,0.9355429470855142
img_03b5715718c2c557,nested_outer_oof_adaptive_base_fixed_consensus_v5,dataset_test/05_kosiv_ceramics/k357.jpg,05_kosiv_ceramics,05_kosiv_ceramics,True,0.990103246104425,05_kosiv_ceramics,01_opishnyan_ceramics,03_bubnivka_ceramics,3,train,srcgrp_fde3339b0158efdf,src_global_kos_huclia_watermark,unreviewed,unreviewed,three_view_cls_logit_ensemble__c100__source0p5,fixed_base_plus_three_motif_heads__equal_centered_logits,fixed_three_descriptor_consensus,10.0,True,0.00868453870791723,0.0005375901620132826,0.0006070533227488602,6.757170289566582e-05,0.990103246104425
img_c0afa7e699efe4d2,nested_outer_oof_adaptive_base_fixed_consensus_v5,dataset_test/05_kosiv_ceramics/k358.jpg,05_kosiv_ceramics,02_ornek,False,0.5845478458145954,02_ornek,05_kosiv_ceramics,01_opishnyan_ceramics,3,train,srcgrp_fde3339b0158efdf,src_global_kos_huclia_watermark,unreviewed,unreviewed,three_view_cls_logit_ensemble__c100__source0p5,fixed_base_plus_three_motif_heads__equal_centered_logits,fixed_three_descriptor_consensus,10.0,True,0.07653076118751849,0.5845478458145954,0.006892119585830069,0.014660626434294546,0.3173686469777614
img_d37a4c5484b60c3b,nested_outer_oof_adaptive_base_fixed_consensus_v5,dataset_test/05_kosiv_ceramics/k359.jpg,05_kosiv_ceramics,05_kosiv_ceramics,True,0.9797214033295475,05_kosiv_ceramics,01_opishnyan_ceramics,03_bubnivka_ceramics,3,train,srcgrp_fde3339b0158efdf,src_global_kos_huclia_watermark,unreviewed,unreviewed,three_view_cls_logit_ensemble__c100__source0p5,fixed_base_plus_three_motif_heads__equal_centered_logits,fixed_three_descriptor_consensus,10.0,True,0.010593291130807604,0.0025626412396907708,0.006610561077910382,0.0005121032220438145,0.9797214033295475
img_509f9404953676b3,nested_outer_oof_adaptive_base_fixed_consensus_v5,dataset_test/05_kosiv_ceramics/k360.jpg,05_kosiv_ceramics,05_kosiv_ceramics,True,0.981558374642366,05_kosiv_ceramics,03_bubnivka_ceramics,01_opishnyan_ceramics,0,train,obj_single_509f9404953676b3,,unreviewed,unreviewed,three_view_cls_logit_ensemble__c100__source0p5,fixed_base_plus_three_motif_heads__equal_centered_logits,fixed_three_descriptor_consensus,10.0,True,0.0025371464291213397,0.0005069416723913625,0.014957537331078208,0.0004399999250431084,0.981558374642366
