priority,image_id,relative_path,ornament_label,candidate_object_group_id,review_reasons,review_status,reviewer_notes
1,img_2f5f53a11d7668fc,dataset_dev/01_opishnyan_ceramics/o060.jpeg,01_opishnyan_ceramics,candidate_3d1d7f279c71eaa9,cross_split_duplicate_candidate;confirm_object_group;assign_object_type;review_motif_visibility;record_provenance;record_license,pending,
1,img_4c7d5a51f9d49830,dataset_dev/01_opishnyan_ceramics/o126.jpg,01_opishnyan_ceramics,candidate_7352d0c3579e60dd,cross_split_duplicate_candidate;confirm_object_group;assign_object_type;review_motif_visibility;record_provenance;record_license,pending,
1,img_2c599cfb010f963b,dataset_dev/01_opishnyan_ceramics/o225_1.jpg,01_opishnyan_ceramics,candidate_ffebebbed063d9bf,cross_split_duplicate_candidate;confirm_object_group;assign_object_type;review_motif_visibility;record_provenance;record_license,pending,
1,img_d1a50795c5b311a4,dataset_dev/01_opishnyan_ceramics/o225_2.jpg,01_opishnyan_ceramics,candidate_ffebebbed063d9bf,cross_split_duplicate_candidate;confirm_object_group;assign_object_type;review_motif_visibility;record_provenance;record_license,pending,
1,img_c931c12f2e45482d,dataset_dev/01_opishnyan_ceramics/o225_3.jpg,01_opishnyan_ceramics,candidate_ffebebbed063d9bf,cross_split_duplicate_candidate;confirm_object_group;assign_object_type;review_motif_visibility;record_provenance;record_license,pending,
1,img_231063c0263d19b6,dataset_dev/01_opishnyan_ceramics/o225_5.jpg,01_opishnyan_ceramics,candidate_ffebebbed063d9bf,cross_split_duplicate_candidate;confirm_object_group;assign_object_type;review_motif_visibility;record_provenance;record_license,pending,
1,img_bf147c3ff80cd443,dataset_dev/01_opishnyan_ceramics/o226_2.jpg,01_opishnyan_ceramics,candidate_1407d083657a7c3e,cross_split_duplicate_candidate;confirm_object_group;assign_object_type;review_motif_visibility;record_provenance;record_license,pending,
1,img_a6995488d921d013,dataset_dev/01_opishnyan_ceramics/o226_3.jpg,01_opishnyan_ceramics,candidate_1407d083657a7c3e,cross_split_duplicate_candidate;confirm_object_group;assign_object_type;review_motif_visibility;record_provenance;record_license,pending,
1,img_aa242586187f5fbe,dataset_dev/01_opishnyan_ceramics/o285.jpeg,01_opishnyan_ceramics,candidate_1f84534e3461322d,cross_split_duplicate_candidate;confirm_object_group;assign_object_type;review_motif_visibility;record_provenance;record_license,pending,
1,img_e132ab402eaccd43,dataset_dev/01_opishnyan_ceramics/o287_3.jpg,01_opishnyan_ceramics,candidate_8fa5762260949e5a,cross_split_duplicate_candidate;confirm_object_group;assign_object_type;review_motif_visibility;record_provenance;record_license,pending,
1,img_b40d7077a7e1b17e,dataset_dev/01_opishnyan_ceramics/o326.jpg,01_opishnyan_ceramics,candidate_24d684d178dc4b00,cross_split_duplicate_candidate;confirm_object_group;assign_object_type;review_motif_visibility;record_provenance;record_license,pending,
1,img_687dd299f91f92e1,dataset_dev/01_opishnyan_ceramics/o341.jpg,01_opishnyan_ceramics,candidate_420ffdb9ae2481c3,cross_split_duplicate_candidate;confirm_object_group;assign_object_type;review_motif_visibility;record_provenance;record_license,pending,
1,img_3d5a083a410bb93f,dataset_dev/01_opishnyan_ceramics/o364_1.jpg,01_opishnyan_ceramics,candidate_7913d1d0d4c6c1be,cross_split_duplicate_candidate;confirm_object_group;assign_object_type;review_motif_visibility;record_provenance;record_license,pending,
1,img_e19d78d4fc7d3ac9,dataset_dev/01_opishnyan_ceramics/o364_2.jpg,01_opishnyan_ceramics,candidate_7913d1d0d4c6c1be,cross_split_duplicate_candidate;confirm_object_group;assign_object_type;review_motif_visibility;record_provenance;record_license,pending,
1,img_83e46fcfccac2ad7,dataset_dev/01_opishnyan_ceramics/o367_1.jpg,01_opishnyan_ceramics,candidate_ada644db4dceed48,cross_split_duplicate_candidate;confirm_object_group;assign_object_type;review_motif_visibility;record_provenance;record_license,pending,
1,img_36d65aaf0d977a07,dataset_dev/01_opishnyan_ceramics/o369_1.jpg,01_opishnyan_ceramics,candidate_7913d1d0d4c6c1be,cross_split_duplicate_candidate;confirm_object_group;assign_object_type;review_motif_visibility;record_provenance;record_license,pending,
1,img_34cff7c7984e47c1,dataset_dev/01_opishnyan_ceramics/o369_2.jpg,01_opishnyan_ceramics,candidate_7913d1d0d4c6c1be,cross_split_duplicate_candidate;confirm_object_group;assign_object_type;review_motif_visibility;record_provenance;record_license,pending,
1,img_2b9ab68e2321d4eb,dataset_dev/01_opishnyan_ceramics/o375_2.jpg,01_opishnyan_ceramics,candidate_0b2871a0da4df4f5,cross_split_duplicate_candidate;confirm_object_group;assign_object_type;review_motif_visibility;record_provenance;record_license,pending,
1,img_fd4693a6cc75206d,dataset_dev/01_opishnyan_ceramics/o380_1.jpg,01_opishnyan_ceramics,candidate_cb3ec060b47bbaad,cross_split_duplicate_candidate;confirm_object_group;assign_object_type;review_motif_visibility;record_provenance;record_license,pending,
1,img_e377cd845bc8f23b,dataset_dev/01_opishnyan_ceramics/o380_2.jpg,01_opishnyan_ceramics,candidate_cb3ec060b47bbaad,cross_split_duplicate_candidate;confirm_object_group;assign_object_type;review_motif_visibility;record_provenance;record_license,pending,
1,img_d5c3eae7cb8b84b0,dataset_dev/05_kosiv_ceramics/k279.jpg,05_kosiv_ceramics,candidate_1191b678c45ad8c0,cross_split_duplicate_candidate;confirm_object_group;assign_object_type;review_motif_visibility;record_provenance;record_license,pending,
1,img_d30620ab744e0199,dataset_test/01_opishnyan_ceramics/o061.jpeg,01_opishnyan_ceramics,candidate_3d1d7f279c71eaa9,cross_split_duplicate_candidate;confirm_object_group;assign_object_type;review_motif_visibility;record_provenance;record_license,pending,
1,img_f347d2b85863b1b7,dataset_test/01_opishnyan_ceramics/o138.jpg,01_opishnyan_ceramics,candidate_7352d0c3579e60dd,cross_split_duplicate_candidate;confirm_object_group;assign_object_type;review_motif_visibility;record_provenance;record_license,pending,
1,img_e0cf70229117116e,dataset_test/01_opishnyan_ceramics/o225_4.jpg,01_opishnyan_ceramics,candidate_ffebebbed063d9bf,cross_split_duplicate_candidate;confirm_object_group;assign_object_type;review_motif_visibility;record_provenance;record_license,pending,
1,img_beea6243f623b5d0,dataset_test/01_opishnyan_ceramics/o226_1.jpg,01_opishnyan_ceramics,candidate_1407d083657a7c3e,cross_split_duplicate_candidate;confirm_object_group;assign_object_type;review_motif_visibility;record_provenance;record_license,pending,
1,img_4b15a6fe65b93e55,dataset_test/01_opishnyan_ceramics/o284.jpeg,01_opishnyan_ceramics,candidate_1f84534e3461322d,cross_split_duplicate_candidate;confirm_object_group;assign_object_type;review_motif_visibility;record_provenance;record_license,pending,
1,img_3f526a410d90b18f,dataset_test/01_opishnyan_ceramics/o286_1.jpg,01_opishnyan_ceramics,candidate_8fa5762260949e5a,cross_split_duplicate_candidate;confirm_object_group;assign_object_type;review_motif_visibility;record_provenance;record_license,pending,
1,img_a8dc2d775ff6ee8c,dataset_test/01_opishnyan_ceramics/o326_2.jpg,01_opishnyan_ceramics,candidate_24d684d178dc4b00,cross_split_duplicate_candidate;confirm_object_group;assign_object_type;review_motif_visibility;record_provenance;record_license,pending,
1,img_c03257799c6f7d64,dataset_test/01_opishnyan_ceramics/o352.jpg,01_opishnyan_ceramics,candidate_420ffdb9ae2481c3,cross_split_duplicate_candidate;confirm_object_group;assign_object_type;review_motif_visibility;record_provenance;record_license,pending,
1,img_44dae0b6e6112b8f,dataset_test/01_opishnyan_ceramics/o362_1.jpg,01_opishnyan_ceramics,candidate_7913d1d0d4c6c1be,cross_split_duplicate_candidate;confirm_object_group;assign_object_type;review_motif_visibility;record_provenance;record_license,pending,
1,img_4abb9030b7959c85,dataset_test/01_opishnyan_ceramics/o362_2.jpg,01_opishnyan_ceramics,candidate_7913d1d0d4c6c1be,cross_split_duplicate_candidate;confirm_object_group;assign_object_type;review_motif_visibility;record_provenance;record_license,pending,
1,img_ce2b553062ec2b5f,dataset_test/01_opishnyan_ceramics/o365_1.jpg,01_opishnyan_ceramics,candidate_ada644db4dceed48,cross_split_duplicate_candidate;confirm_object_group;assign_object_type;review_motif_visibility;record_provenance;record_license,pending,
1,img_a41f538eaa3ca4fd,dataset_test/01_opishnyan_ceramics/o375_1.jpg,01_opishnyan_ceramics,candidate_0b2871a0da4df4f5,cross_split_duplicate_candidate;confirm_object_group;assign_object_type;review_motif_visibility;record_provenance;record_license,pending,
1,img_d0833ac497c47d30,dataset_test/01_opishnyan_ceramics/o375_3.jpg,01_opishnyan_ceramics,candidate_0b2871a0da4df4f5,cross_split_duplicate_candidate;confirm_object_group;assign_object_type;review_motif_visibility;record_provenance;record_license,pending,
1,img_c00c4c06be6cc2d0,dataset_test/01_opishnyan_ceramics/o375_4.jpg,01_opishnyan_ceramics,candidate_0b2871a0da4df4f5,cross_split_duplicate_candidate;confirm_object_group;assign_object_type;review_motif_visibility;record_provenance;record_license,pending,
1,img_0362511ba2fbe757,dataset_test/01_opishnyan_ceramics/o380_3.jpg,01_opishnyan_ceramics,candidate_cb3ec060b47bbaad,cross_split_duplicate_candidate;confirm_object_group;assign_object_type;review_motif_visibility;record_provenance;record_license,pending,
1,img_21379ee2dc031ca9,dataset_test/01_opishnyan_ceramics/o380_4.jpg,01_opishnyan_ceramics,candidate_cb3ec060b47bbaad,cross_split_duplicate_candidate;confirm_object_group;assign_object_type;review_motif_visibility;record_provenance;record_license,pending,
1,img_e2525e62b409ba40,dataset_test/05_kosiv_ceramics/k025.jpg,05_kosiv_ceramics,candidate_1191b678c45ad8c0,cross_split_duplicate_candidate;confirm_object_group;assign_object_type;review_motif_visibility;record_provenance;record_license,pending,
2,img_e7ea0dea3318bfa1,dataset_dev/01_opishnyan_ceramics/o002_1.jpg,01_opishnyan_ceramics,candidate_5ccb2f82bfbc8f63,duplicate_or_group_candidate;confirm_object_group;assign_object_type;review_motif_visibility;record_provenance;record_license,pending,
2,img_ecdbd1aa48ac3c15,dataset_dev/01_opishnyan_ceramics/o002_2.jpg,01_opishnyan_ceramics,candidate_5ccb2f82bfbc8f63,duplicate_or_group_candidate;confirm_object_group;assign_object_type;review_motif_visibility;record_provenance;record_license,pending,
2,img_933bc2f1d196103a,dataset_dev/01_opishnyan_ceramics/o021_1.jpg,01_opishnyan_ceramics,candidate_1cf6456ffc4b7a6b,duplicate_or_group_candidate;confirm_object_group;assign_object_type;review_motif_visibility;record_provenance;record_license,pending,
2,img_59ef3e65af82ce5f,dataset_dev/01_opishnyan_ceramics/o021_2.jpg,01_opishnyan_ceramics,candidate_1cf6456ffc4b7a6b,duplicate_or_group_candidate;confirm_object_group;assign_object_type;review_motif_visibility;record_provenance;record_license,pending,
2,img_cca0114dc4a259a2,dataset_dev/01_opishnyan_ceramics/o022_1.jpg,01_opishnyan_ceramics,candidate_527e3bb87583a94a,duplicate_or_group_candidate;confirm_object_group;assign_object_type;review_motif_visibility;record_provenance;record_license,pending,
2,img_c05000654064edbf,dataset_dev/01_opishnyan_ceramics/o022_2.jpg,01_opishnyan_ceramics,candidate_527e3bb87583a94a,duplicate_or_group_candidate;confirm_object_group;assign_object_type;review_motif_visibility;record_provenance;record_license,pending,
2,img_3fccd5c040b2d8bf,dataset_dev/01_opishnyan_ceramics/o023_1.jpg,01_opishnyan_ceramics,candidate_cde6666645f26eec,duplicate_or_group_candidate;confirm_object_group;assign_object_type;review_motif_visibility;record_provenance;record_license,pending,
2,img_8c93737d0a8cc140,dataset_dev/01_opishnyan_ceramics/o023_2.jpg,01_opishnyan_ceramics,candidate_cde6666645f26eec,duplicate_or_group_candidate;confirm_object_group;assign_object_type;review_motif_visibility;record_provenance;record_license,pending,
2,img_f4fd76db97a1439f,dataset_dev/01_opishnyan_ceramics/o023_3.jpg,01_opishnyan_ceramics,candidate_cde6666645f26eec,duplicate_or_group_candidate;confirm_object_group;assign_object_type;review_motif_visibility;record_provenance;record_license,pending,
2,img_eb051631a2cba71b,dataset_dev/01_opishnyan_ceramics/o025_1.jpg,01_opishnyan_ceramics,candidate_d5fb7bb39eda9ef6,duplicate_or_group_candidate;confirm_object_group;assign_object_type;review_motif_visibility;record_provenance;record_license,pending,
2,img_c2473c2527789249,dataset_dev/01_opishnyan_ceramics/o025_2.jpg,01_opishnyan_ceramics,candidate_d5fb7bb39eda9ef6,duplicate_or_group_candidate;confirm_object_group;assign_object_type;review_motif_visibility;record_provenance;record_license,pending,
2,img_1f30e05f8e6332dd,dataset_dev/01_opishnyan_ceramics/o025_3.jpg,01_opishnyan_ceramics,candidate_d5fb7bb39eda9ef6,duplicate_or_group_candidate;confirm_object_group;assign_object_type;review_motif_visibility;record_provenance;record_license,pending,
2,img_dfd32760e3d6c4ec,dataset_dev/01_opishnyan_ceramics/o026_1.jpg,01_opishnyan_ceramics,candidate_acb1d3352d3c286c,duplicate_or_group_candidate;confirm_object_group;assign_object_type;review_motif_visibility;record_provenance;record_license,pending,
2,img_33b7aafcc8fd27c6,dataset_dev/01_opishnyan_ceramics/o026_2.jpg,01_opishnyan_ceramics,candidate_acb1d3352d3c286c,duplicate_or_group_candidate;confirm_object_group;assign_object_type;review_motif_visibility;record_provenance;record_license,pending,
2,img_6b8eaa0556f171f0,dataset_dev/01_opishnyan_ceramics/o026_3.jpg,01_opishnyan_ceramics,candidate_acb1d3352d3c286c,duplicate_or_group_candidate;confirm_object_group;assign_object_type;review_motif_visibility;record_provenance;record_license,pending,
2,img_a77c82f525630403,dataset_dev/01_opishnyan_ceramics/o027_1.jpg,01_opishnyan_ceramics,candidate_041193d20a5021ce,duplicate_or_group_candidate;confirm_object_group;assign_object_type;review_motif_visibility;record_provenance;record_license,pending,
2,img_3ca8afbd456245ff,dataset_dev/01_opishnyan_ceramics/o027_2.jpg,01_opishnyan_ceramics,candidate_041193d20a5021ce,duplicate_or_group_candidate;confirm_object_group;assign_object_type;review_motif_visibility;record_provenance;record_license,pending,
2,img_322988bb926a862d,dataset_dev/01_opishnyan_ceramics/o029_1.jpg,01_opishnyan_ceramics,candidate_b36418f4b389daa9,duplicate_or_group_candidate;confirm_object_group;assign_object_type;review_motif_visibility;record_provenance;record_license,pending,
2,img_b8caa533ee77ec09,dataset_dev/01_opishnyan_ceramics/o029_2.jpg,01_opishnyan_ceramics,candidate_b36418f4b389daa9,duplicate_or_group_candidate;confirm_object_group;assign_object_type;review_motif_visibility;record_provenance;record_license,pending,
2,img_5abe708542bad721,dataset_dev/01_opishnyan_ceramics/o031_1.jpg,01_opishnyan_ceramics,candidate_a2f84e66466235f9,duplicate_or_group_candidate;confirm_object_group;assign_object_type;review_motif_visibility;record_provenance;record_license,pending,
2,img_992e9e1716ec77a8,dataset_dev/01_opishnyan_ceramics/o031_2.jpg,01_opishnyan_ceramics,candidate_a2f84e66466235f9,duplicate_or_group_candidate;confirm_object_group;assign_object_type;review_motif_visibility;record_provenance;record_license,pending,
2,img_a415877b140c9985,dataset_dev/01_opishnyan_ceramics/o040_1.jpg,01_opishnyan_ceramics,candidate_c9ce9574232053b9,duplicate_or_group_candidate;confirm_object_group;assign_object_type;review_motif_visibility;record_provenance;record_license,pending,
2,img_5926268061c8e0fd,dataset_dev/01_opishnyan_ceramics/o040_2.jpg,01_opishnyan_ceramics,candidate_c9ce9574232053b9,duplicate_or_group_candidate;confirm_object_group;assign_object_type;review_motif_visibility;record_provenance;record_license,pending,
2,img_e00cffffd04a9709,dataset_dev/01_opishnyan_ceramics/o041_1.jpg,01_opishnyan_ceramics,candidate_566bea4a85b74c29,duplicate_or_group_candidate;confirm_object_group;assign_object_type;review_motif_visibility;record_provenance;record_license,pending,
2,img_ac3146a64c626fc7,dataset_dev/01_opishnyan_ceramics/o041_2.jpg,01_opishnyan_ceramics,candidate_566bea4a85b74c29,duplicate_or_group_candidate;confirm_object_group;assign_object_type;review_motif_visibility;record_provenance;record_license,pending,
2,img_8fc16e138d1e4730,dataset_dev/01_opishnyan_ceramics/o056_1.jpg,01_opishnyan_ceramics,candidate_07a09fc5f6769363,duplicate_or_group_candidate;confirm_object_group;assign_object_type;review_motif_visibility;record_provenance;record_license,pending,
2,img_50ae20fa9c372726,dataset_dev/01_opishnyan_ceramics/o056_2.jpg,01_opishnyan_ceramics,candidate_07a09fc5f6769363,duplicate_or_group_candidate;confirm_object_group;assign_object_type;review_motif_visibility;record_provenance;record_license,pending,
2,img_9f4dd9669496c0fc,dataset_dev/01_opishnyan_ceramics/o080.jpg,01_opishnyan_ceramics,candidate_24d3151c791c8960,duplicate_or_group_candidate;confirm_object_group;assign_object_type;review_motif_visibility;record_provenance;record_license,pending,
2,img_14bbcde62d473908,dataset_dev/01_opishnyan_ceramics/o136.jpg,01_opishnyan_ceramics,candidate_c04de295fa3cbbb9,duplicate_or_group_candidate;confirm_object_group;assign_object_type;review_motif_visibility;record_provenance;record_license,pending,
2,img_e228a82b01727a0f,dataset_dev/01_opishnyan_ceramics/o168_1.jpg,01_opishnyan_ceramics,candidate_6091b2e5e731968a,duplicate_or_group_candidate;confirm_object_group;assign_object_type;review_motif_visibility;record_provenance;record_license,pending,
2,img_2960b120c1061863,dataset_dev/01_opishnyan_ceramics/o168_2.jpg,01_opishnyan_ceramics,candidate_6091b2e5e731968a,duplicate_or_group_candidate;confirm_object_group;assign_object_type;review_motif_visibility;record_provenance;record_license,pending,
2,img_132ac06c4185d62b,dataset_dev/01_opishnyan_ceramics/o177.jpg,01_opishnyan_ceramics,candidate_13c3520ab169f634,duplicate_or_group_candidate;confirm_object_group;assign_object_type;review_motif_visibility;record_provenance;record_license,pending,
2,img_18dff748fa839596,dataset_dev/01_opishnyan_ceramics/o179.jpg,01_opishnyan_ceramics,candidate_13c3520ab169f634,duplicate_or_group_candidate;confirm_object_group;assign_object_type;review_motif_visibility;record_provenance;record_license,pending,
2,img_bba089c971bc718c,dataset_dev/01_opishnyan_ceramics/o202.jpg,01_opishnyan_ceramics,candidate_24d3151c791c8960,duplicate_or_group_candidate;confirm_object_group;assign_object_type;review_motif_visibility;record_provenance;record_license,pending,
2,img_b866957ff1f5b755,dataset_dev/01_opishnyan_ceramics/o208_1.jpg,01_opishnyan_ceramics,candidate_dff504a8086a129c,duplicate_or_group_candidate;confirm_object_group;assign_object_type;review_motif_visibility;record_provenance;record_license,pending,
2,img_9bc51236e8fc9ed7,dataset_dev/01_opishnyan_ceramics/o208_2.jpg,01_opishnyan_ceramics,candidate_dff504a8086a129c,duplicate_or_group_candidate;confirm_object_group;assign_object_type;review_motif_visibility;record_provenance;record_license,pending,
2,img_4ae8e743ce6add41,dataset_dev/01_opishnyan_ceramics/o208_3.jpg,01_opishnyan_ceramics,candidate_dff504a8086a129c,duplicate_or_group_candidate;confirm_object_group;assign_object_type;review_motif_visibility;record_provenance;record_license,pending,
2,img_a6d08ac9cc301204,dataset_dev/01_opishnyan_ceramics/o208_4.jpg,01_opishnyan_ceramics,candidate_dff504a8086a129c,duplicate_or_group_candidate;confirm_object_group;assign_object_type;review_motif_visibility;record_provenance;record_license,pending,
2,img_c32e4f8ca6f6afd3,dataset_dev/01_opishnyan_ceramics/o208_5.jpg,01_opishnyan_ceramics,candidate_dff504a8086a129c,duplicate_or_group_candidate;confirm_object_group;assign_object_type;review_motif_visibility;record_provenance;record_license,pending,
2,img_145ce50580c2e738,dataset_dev/01_opishnyan_ceramics/o214.jpg,01_opishnyan_ceramics,candidate_c04de295fa3cbbb9,duplicate_or_group_candidate;confirm_object_group;assign_object_type;review_motif_visibility;record_provenance;record_license,pending,
2,img_cb94defd98ea0ecf,dataset_dev/01_opishnyan_ceramics/o238_1.jpg,01_opishnyan_ceramics,candidate_8b2594fc8556035e,duplicate_or_group_candidate;confirm_object_group;assign_object_type;review_motif_visibility;record_provenance;record_license,pending,
2,img_b6c8a1f25fcff781,dataset_dev/01_opishnyan_ceramics/o238_2.jpg,01_opishnyan_ceramics,candidate_8b2594fc8556035e,duplicate_or_group_candidate;confirm_object_group;assign_object_type;review_motif_visibility;record_provenance;record_license,pending,
2,img_2b60864c8acbd2ed,dataset_dev/01_opishnyan_ceramics/o238_3.jpg,01_opishnyan_ceramics,candidate_8b2594fc8556035e,duplicate_or_group_candidate;confirm_object_group;assign_object_type;review_motif_visibility;record_provenance;record_license,pending,
2,img_126cf508ef443a2e,dataset_dev/01_opishnyan_ceramics/o238_4.jpg,01_opishnyan_ceramics,candidate_8b2594fc8556035e,duplicate_or_group_candidate;confirm_object_group;assign_object_type;review_motif_visibility;record_provenance;record_license,pending,
2,img_3ee3eeef60f72437,dataset_dev/01_opishnyan_ceramics/o238_5.jpg,01_opishnyan_ceramics,candidate_8b2594fc8556035e,duplicate_or_group_candidate;confirm_object_group;assign_object_type;review_motif_visibility;record_provenance;record_license,pending,
2,img_48c3e0ac7ac459c8,dataset_dev/01_opishnyan_ceramics/o239_1.jpg,01_opishnyan_ceramics,candidate_2dca56fa41f34fa7,duplicate_or_group_candidate;confirm_object_group;assign_object_type;review_motif_visibility;record_provenance;record_license,pending,
2,img_e74ffa08e7ae375a,dataset_dev/01_opishnyan_ceramics/o239_2.jpg,01_opishnyan_ceramics,candidate_2dca56fa41f34fa7,duplicate_or_group_candidate;confirm_object_group;assign_object_type;review_motif_visibility;record_provenance;record_license,pending,
2,img_d1fc44e2cf491131,dataset_dev/01_opishnyan_ceramics/o239_3.jpg,01_opishnyan_ceramics,candidate_2dca56fa41f34fa7,duplicate_or_group_candidate;confirm_object_group;assign_object_type;review_motif_visibility;record_provenance;record_license,pending,
2,img_c8ef2eb10beb8067,dataset_dev/01_opishnyan_ceramics/o239_4.jpg,01_opishnyan_ceramics,candidate_2dca56fa41f34fa7,duplicate_or_group_candidate;confirm_object_group;assign_object_type;review_motif_visibility;record_provenance;record_license,pending,
2,img_8236436c367459ed,dataset_dev/01_opishnyan_ceramics/o239_5.jpg,01_opishnyan_ceramics,candidate_2dca56fa41f34fa7,duplicate_or_group_candidate;confirm_object_group;assign_object_type;review_motif_visibility;record_provenance;record_license,pending,
2,img_9dcae94b7c028b48,dataset_dev/01_opishnyan_ceramics/o239_6.jpg,01_opishnyan_ceramics,candidate_2dca56fa41f34fa7,duplicate_or_group_candidate;confirm_object_group;assign_object_type;review_motif_visibility;record_provenance;record_license,pending,
2,img_93b2789a31126f29,dataset_dev/01_opishnyan_ceramics/o240_1.jpg,01_opishnyan_ceramics,candidate_dab984ffd35827ab,duplicate_or_group_candidate;confirm_object_group;assign_object_type;review_motif_visibility;record_provenance;record_license,pending,
2,img_0d7ce2666d11bb48,dataset_dev/01_opishnyan_ceramics/o240_2.jpg,01_opishnyan_ceramics,candidate_dab984ffd35827ab,duplicate_or_group_candidate;confirm_object_group;assign_object_type;review_motif_visibility;record_provenance;record_license,pending,
2,img_501e17ee4507ae59,dataset_dev/01_opishnyan_ceramics/o240_3.jpg,01_opishnyan_ceramics,candidate_dab984ffd35827ab,duplicate_or_group_candidate;confirm_object_group;assign_object_type;review_motif_visibility;record_provenance;record_license,pending,
2,img_6f8c7cbb1fa03243,dataset_dev/01_opishnyan_ceramics/o240_4.jpg,01_opishnyan_ceramics,candidate_dab984ffd35827ab,duplicate_or_group_candidate;confirm_object_group;assign_object_type;review_motif_visibility;record_provenance;record_license,pending,
2,img_a86a1b6053becbfa,dataset_dev/01_opishnyan_ceramics/o241_1.jpg,01_opishnyan_ceramics,candidate_50768466202a0706,duplicate_or_group_candidate;confirm_object_group;assign_object_type;review_motif_visibility;record_provenance;record_license,pending,
2,img_ffa7ba15d83ebe0b,dataset_dev/01_opishnyan_ceramics/o241_2.jpg,01_opishnyan_ceramics,candidate_50768466202a0706,duplicate_or_group_candidate;confirm_object_group;assign_object_type;review_motif_visibility;record_provenance;record_license,pending,
2,img_54d25170201fb5ca,dataset_dev/01_opishnyan_ceramics/o241_3.jpg,01_opishnyan_ceramics,candidate_50768466202a0706,duplicate_or_group_candidate;confirm_object_group;assign_object_type;review_motif_visibility;record_provenance;record_license,pending,
2,img_7acc158d3d0724b0,dataset_dev/01_opishnyan_ceramics/o241_4.jpg,01_opishnyan_ceramics,candidate_50768466202a0706,duplicate_or_group_candidate;confirm_object_group;assign_object_type;review_motif_visibility;record_provenance;record_license,pending,
2,img_b8e4297448c9e0dc,dataset_dev/01_opishnyan_ceramics/o242_1.jpg,01_opishnyan_ceramics,candidate_ae886ec1e48e1c2a,duplicate_or_group_candidate;confirm_object_group;assign_object_type;review_motif_visibility;record_provenance;record_license,pending,
2,img_52eca838bac851ab,dataset_dev/01_opishnyan_ceramics/o242_2.jpg,01_opishnyan_ceramics,candidate_ae886ec1e48e1c2a,duplicate_or_group_candidate;confirm_object_group;assign_object_type;review_motif_visibility;record_provenance;record_license,pending,
2,img_9f7b8342b05305bd,dataset_dev/01_opishnyan_ceramics/o242_3.jpg,01_opishnyan_ceramics,candidate_ae886ec1e48e1c2a,duplicate_or_group_candidate;confirm_object_group;assign_object_type;review_motif_visibility;record_provenance;record_license,pending,
2,img_7e2ec2a69156e43e,dataset_dev/01_opishnyan_ceramics/o242_4.jpg,01_opishnyan_ceramics,candidate_ae886ec1e48e1c2a,duplicate_or_group_candidate;confirm_object_group;assign_object_type;review_motif_visibility;record_provenance;record_license,pending,
2,img_ce99660dc3c55c07,dataset_dev/01_opishnyan_ceramics/o242_5.jpg,01_opishnyan_ceramics,candidate_ae886ec1e48e1c2a,duplicate_or_group_candidate;confirm_object_group;assign_object_type;review_motif_visibility;record_provenance;record_license,pending,
2,img_8089ced9edc75267,dataset_dev/01_opishnyan_ceramics/o243_1.jpg,01_opishnyan_ceramics,candidate_ea266c653e72cc17,duplicate_or_group_candidate;confirm_object_group;assign_object_type;review_motif_visibility;record_provenance;record_license,pending,
2,img_bd929df3fe7d5fbd,dataset_dev/01_opishnyan_ceramics/o243_2.jpg,01_opishnyan_ceramics,candidate_ea266c653e72cc17,duplicate_or_group_candidate;confirm_object_group;assign_object_type;review_motif_visibility;record_provenance;record_license,pending,
2,img_b084220fc3fbdd26,dataset_dev/01_opishnyan_ceramics/o243_3.jpg,01_opishnyan_ceramics,candidate_ea266c653e72cc17,duplicate_or_group_candidate;confirm_object_group;assign_object_type;review_motif_visibility;record_provenance;record_license,pending,
2,img_d382e6f75f0a4dd9,dataset_dev/01_opishnyan_ceramics/o243_4.jpg,01_opishnyan_ceramics,candidate_ea266c653e72cc17,duplicate_or_group_candidate;confirm_object_group;assign_object_type;review_motif_visibility;record_provenance;record_license,pending,
2,img_663ec2166ae0dfba,dataset_dev/01_opishnyan_ceramics/o243_5.jpg,01_opishnyan_ceramics,candidate_ea266c653e72cc17,duplicate_or_group_candidate;confirm_object_group;assign_object_type;review_motif_visibility;record_provenance;record_license,pending,
2,img_da84406d4e652347,dataset_dev/01_opishnyan_ceramics/o243_6.jpg,01_opishnyan_ceramics,candidate_ea266c653e72cc17,duplicate_or_group_candidate;confirm_object_group;assign_object_type;review_motif_visibility;record_provenance;record_license,pending,
2,img_184565012f5c7981,dataset_dev/01_opishnyan_ceramics/o243_7.jpg,01_opishnyan_ceramics,candidate_ea266c653e72cc17,duplicate_or_group_candidate;confirm_object_group;assign_object_type;review_motif_visibility;record_provenance;record_license,pending,
2,img_0108d3ca73ddaba5,dataset_dev/01_opishnyan_ceramics/o243_8.jpg,01_opishnyan_ceramics,candidate_ea266c653e72cc17,duplicate_or_group_candidate;confirm_object_group;assign_object_type;review_motif_visibility;record_provenance;record_license,pending,
2,img_2ec1a27617fae637,dataset_dev/01_opishnyan_ceramics/o243_9.jpg,01_opishnyan_ceramics,candidate_ea266c653e72cc17,duplicate_or_group_candidate;confirm_object_group;assign_object_type;review_motif_visibility;record_provenance;record_license,pending,
2,img_9a02fc391b896773,dataset_dev/01_opishnyan_ceramics/o244_1.jpg,01_opishnyan_ceramics,candidate_71c2e2a63a6eece4,duplicate_or_group_candidate;confirm_object_group;assign_object_type;review_motif_visibility;record_provenance;record_license,pending,
2,img_a19029b6ba3454ff,dataset_dev/01_opishnyan_ceramics/o244_2.jpg,01_opishnyan_ceramics,candidate_71c2e2a63a6eece4,duplicate_or_group_candidate;confirm_object_group;assign_object_type;review_motif_visibility;record_provenance;record_license,pending,
2,img_c72a524e4f88102a,dataset_dev/01_opishnyan_ceramics/o245_1.jpg,01_opishnyan_ceramics,candidate_018bc843faa112c4,duplicate_or_group_candidate;confirm_object_group;assign_object_type;review_motif_visibility;record_provenance;record_license,pending,
2,img_0b3c4da4af95de05,dataset_dev/01_opishnyan_ceramics/o245_2.jpg,01_opishnyan_ceramics,candidate_018bc843faa112c4,duplicate_or_group_candidate;confirm_object_group;assign_object_type;review_motif_visibility;record_provenance;record_license,pending,
2,img_c056a9378073298e,dataset_dev/01_opishnyan_ceramics/o245_3.jpg,01_opishnyan_ceramics,candidate_018bc843faa112c4,duplicate_or_group_candidate;confirm_object_group;assign_object_type;review_motif_visibility;record_provenance;record_license,pending,
2,img_f220c911b9f11601,dataset_dev/01_opishnyan_ceramics/o245_4.jpg,01_opishnyan_ceramics,candidate_018bc843faa112c4,duplicate_or_group_candidate;confirm_object_group;assign_object_type;review_motif_visibility;record_provenance;record_license,pending,
2,img_6f10c82d793e0751,dataset_dev/01_opishnyan_ceramics/o245_5.jpg,01_opishnyan_ceramics,candidate_018bc843faa112c4,duplicate_or_group_candidate;confirm_object_group;assign_object_type;review_motif_visibility;record_provenance;record_license,pending,
2,img_737bac91f3ea8376,dataset_dev/01_opishnyan_ceramics/o245_6.jpg,01_opishnyan_ceramics,candidate_018bc843faa112c4,duplicate_or_group_candidate;confirm_object_group;assign_object_type;review_motif_visibility;record_provenance;record_license,pending,
2,img_bcf6de6e11703b1b,dataset_dev/01_opishnyan_ceramics/o246_1.jpg,01_opishnyan_ceramics,candidate_3f3572ac3e9d4159,duplicate_or_group_candidate;confirm_object_group;assign_object_type;review_motif_visibility;record_provenance;record_license,pending,
2,img_735a80bba5ea6d78,dataset_dev/01_opishnyan_ceramics/o246_2.jpg,01_opishnyan_ceramics,candidate_3f3572ac3e9d4159,duplicate_or_group_candidate;confirm_object_group;assign_object_type;review_motif_visibility;record_provenance;record_license,pending,
2,img_e9951e34c7533236,dataset_dev/01_opishnyan_ceramics/o247_1.jpg,01_opishnyan_ceramics,candidate_3635b7623a36d60a,duplicate_or_group_candidate;confirm_object_group;assign_object_type;review_motif_visibility;record_provenance;record_license,pending,
2,img_f54470248126f85e,dataset_dev/01_opishnyan_ceramics/o247_2.jpg,01_opishnyan_ceramics,candidate_3635b7623a36d60a,duplicate_or_group_candidate;confirm_object_group;assign_object_type;review_motif_visibility;record_provenance;record_license,pending,
2,img_07d5477cf8f2a365,dataset_dev/01_opishnyan_ceramics/o249_1.jpg,01_opishnyan_ceramics,candidate_3f3572ac3e9d4159,duplicate_or_group_candidate;confirm_object_group;assign_object_type;review_motif_visibility;record_provenance;record_license,pending,
2,img_d02dc6995ca23ff9,dataset_dev/01_opishnyan_ceramics/o249_2.jpg,01_opishnyan_ceramics,candidate_3f3572ac3e9d4159,duplicate_or_group_candidate;confirm_object_group;assign_object_type;review_motif_visibility;record_provenance;record_license,pending,
2,img_a200973fcd06472b,dataset_dev/01_opishnyan_ceramics/o250_1.jpeg,01_opishnyan_ceramics,candidate_d3b610152cc1bf01,duplicate_or_group_candidate;confirm_object_group;assign_object_type;review_motif_visibility;record_provenance;record_license,pending,
2,img_e7105b4870c7826c,dataset_dev/01_opishnyan_ceramics/o250_2.jpeg,01_opishnyan_ceramics,candidate_d3b610152cc1bf01,duplicate_or_group_candidate;confirm_object_group;assign_object_type;review_motif_visibility;record_provenance;record_license,pending,
2,img_7b9a7fe90a891e34,dataset_dev/01_opishnyan_ceramics/o250_3.jpeg,01_opishnyan_ceramics,candidate_d3b610152cc1bf01,duplicate_or_group_candidate;confirm_object_group;assign_object_type;review_motif_visibility;record_provenance;record_license,pending,
2,img_2d6d81449e0fe606,dataset_dev/01_opishnyan_ceramics/o250_4.jpeg,01_opishnyan_ceramics,candidate_d3b610152cc1bf01,duplicate_or_group_candidate;confirm_object_group;assign_object_type;review_motif_visibility;record_provenance;record_license,pending,
2,img_113c5648b2a7208f,dataset_dev/01_opishnyan_ceramics/o250_5.jpeg,01_opishnyan_ceramics,candidate_d3b610152cc1bf01,duplicate_or_group_candidate;confirm_object_group;assign_object_type;review_motif_visibility;record_provenance;record_license,pending,
2,img_a72f997d7f89b7c6,dataset_dev/01_opishnyan_ceramics/o250_6.jpeg,01_opishnyan_ceramics,candidate_d3b610152cc1bf01,duplicate_or_group_candidate;confirm_object_group;assign_object_type;review_motif_visibility;record_provenance;record_license,pending,
2,img_2d252c9c994054a0,dataset_dev/01_opishnyan_ceramics/o251_1.jpg,01_opishnyan_ceramics,candidate_ba18dbd8654a9fba,duplicate_or_group_candidate;confirm_object_group;assign_object_type;review_motif_visibility;record_provenance;record_license,pending,
2,img_ca32b20a9cb88bbd,dataset_dev/01_opishnyan_ceramics/o251_2.jpg,01_opishnyan_ceramics,candidate_ba18dbd8654a9fba,duplicate_or_group_candidate;confirm_object_group;assign_object_type;review_motif_visibility;record_provenance;record_license,pending,
2,img_067d2760a1a04dc0,dataset_dev/01_opishnyan_ceramics/o251_3.jpg,01_opishnyan_ceramics,candidate_ba18dbd8654a9fba,duplicate_or_group_candidate;confirm_object_group;assign_object_type;review_motif_visibility;record_provenance;record_license,pending,
2,img_a28b7237c001dcf5,dataset_dev/01_opishnyan_ceramics/o251_4.jpg,01_opishnyan_ceramics,candidate_ba18dbd8654a9fba,duplicate_or_group_candidate;confirm_object_group;assign_object_type;review_motif_visibility;record_provenance;record_license,pending,
2,img_aeb8046d8de64911,dataset_dev/01_opishnyan_ceramics/o259_1.jpg,01_opishnyan_ceramics,candidate_84466b5708fdc366,duplicate_or_group_candidate;confirm_object_group;assign_object_type;review_motif_visibility;record_provenance;record_license,pending,
2,img_6c5876976b4e9f46,dataset_dev/01_opishnyan_ceramics/o259_2.jpg,01_opishnyan_ceramics,candidate_84466b5708fdc366,duplicate_or_group_candidate;confirm_object_group;assign_object_type;review_motif_visibility;record_provenance;record_license,pending,
2,img_834e92172ea5c178,dataset_dev/01_opishnyan_ceramics/o260_1.jpg,01_opishnyan_ceramics,candidate_e57bcc7a4a79a764,duplicate_or_group_candidate;confirm_object_group;assign_object_type;review_motif_visibility;record_provenance;record_license,pending,
2,img_54aae79e4b5022fd,dataset_dev/01_opishnyan_ceramics/o260_2.jpg,01_opishnyan_ceramics,candidate_e57bcc7a4a79a764,duplicate_or_group_candidate;confirm_object_group;assign_object_type;review_motif_visibility;record_provenance;record_license,pending,
2,img_a9c59628cbf6adbe,dataset_dev/01_opishnyan_ceramics/o261_1.jpg,01_opishnyan_ceramics,candidate_e57bcc7a4a79a764,duplicate_or_group_candidate;confirm_object_group;assign_object_type;review_motif_visibility;record_provenance;record_license,pending,
2,img_362230d5f73b992b,dataset_dev/01_opishnyan_ceramics/o261_2.jpg,01_opishnyan_ceramics,candidate_e57bcc7a4a79a764,duplicate_or_group_candidate;confirm_object_group;assign_object_type;review_motif_visibility;record_provenance;record_license,pending,
2,img_c1b5cceac248bfed,dataset_dev/01_opishnyan_ceramics/o262_1.jpg,01_opishnyan_ceramics,candidate_1834cc9076c8e1b4,duplicate_or_group_candidate;confirm_object_group;assign_object_type;review_motif_visibility;record_provenance;record_license,pending,
2,img_c419c65b051ca923,dataset_dev/01_opishnyan_ceramics/o262_2.jpg,01_opishnyan_ceramics,candidate_1834cc9076c8e1b4,duplicate_or_group_candidate;confirm_object_group;assign_object_type;review_motif_visibility;record_provenance;record_license,pending,
2,img_c228fc750f00f843,dataset_dev/01_opishnyan_ceramics/o262_3.jpg,01_opishnyan_ceramics,candidate_1834cc9076c8e1b4,duplicate_or_group_candidate;confirm_object_group;assign_object_type;review_motif_visibility;record_provenance;record_license,pending,
2,img_4e624a80186723dd,dataset_dev/01_opishnyan_ceramics/o263_1.jpg,01_opishnyan_ceramics,candidate_86f65e95366fc569,duplicate_or_group_candidate;confirm_object_group;assign_object_type;review_motif_visibility;record_provenance;record_license,pending,
2,img_9ef03e8749bf03cf,dataset_dev/01_opishnyan_ceramics/o263_2.jpg,01_opishnyan_ceramics,candidate_86f65e95366fc569,duplicate_or_group_candidate;confirm_object_group;assign_object_type;review_motif_visibility;record_provenance;record_license,pending,
2,img_009dc1f3ecc3edce,dataset_dev/01_opishnyan_ceramics/o263_3.jpg,01_opishnyan_ceramics,candidate_86f65e95366fc569,duplicate_or_group_candidate;confirm_object_group;assign_object_type;review_motif_visibility;record_provenance;record_license,pending,
2,img_0241575b9e86ac6c,dataset_dev/01_opishnyan_ceramics/o265_1.jpg,01_opishnyan_ceramics,candidate_616749e8c2078ea0,duplicate_or_group_candidate;confirm_object_group;assign_object_type;review_motif_visibility;record_provenance;record_license,pending,
2,img_a68d6d2809aa979a,dataset_dev/01_opishnyan_ceramics/o265_2.jpg,01_opishnyan_ceramics,candidate_616749e8c2078ea0,duplicate_or_group_candidate;confirm_object_group;assign_object_type;review_motif_visibility;record_provenance;record_license,pending,
2,img_b76567c1882f8024,dataset_dev/01_opishnyan_ceramics/o266_1.jpg,01_opishnyan_ceramics,candidate_47a3461bf94ba628,duplicate_or_group_candidate;confirm_object_group;assign_object_type;review_motif_visibility;record_provenance;record_license,pending,
2,img_b138be2de96df993,dataset_dev/01_opishnyan_ceramics/o266_2.jpg,01_opishnyan_ceramics,candidate_47a3461bf94ba628,duplicate_or_group_candidate;confirm_object_group;assign_object_type;review_motif_visibility;record_provenance;record_license,pending,
2,img_585714093b7c5de4,dataset_dev/01_opishnyan_ceramics/o267.jpg,01_opishnyan_ceramics,candidate_ac10449aff532367,duplicate_or_group_candidate;confirm_object_group;assign_object_type;review_motif_visibility;record_provenance;record_license,pending,
2,img_4acec48e98c96b9d,dataset_dev/01_opishnyan_ceramics/o267_2.jpg,01_opishnyan_ceramics,candidate_ac10449aff532367,duplicate_or_group_candidate;confirm_object_group;assign_object_type;review_motif_visibility;record_provenance;record_license,pending,
2,img_69ce860e75bebdfa,dataset_dev/01_opishnyan_ceramics/o268_1.jpg,01_opishnyan_ceramics,candidate_68dbe1d68f8581d8,duplicate_or_group_candidate;confirm_object_group;assign_object_type;review_motif_visibility;record_provenance;record_license,pending,
2,img_6e605b49f3c48ced,dataset_dev/01_opishnyan_ceramics/o268_2.jpg,01_opishnyan_ceramics,candidate_68dbe1d68f8581d8,duplicate_or_group_candidate;confirm_object_group;assign_object_type;review_motif_visibility;record_provenance;record_license,pending,
2,img_1a0d183cb8c5aded,dataset_dev/01_opishnyan_ceramics/o269_1.jpg,01_opishnyan_ceramics,candidate_fa815e2ac06c7dd5,duplicate_or_group_candidate;confirm_object_group;assign_object_type;review_motif_visibility;record_provenance;record_license,pending,
2,img_7c2c910fab25cee0,dataset_dev/01_opishnyan_ceramics/o269_2.jpg,01_opishnyan_ceramics,candidate_fa815e2ac06c7dd5,duplicate_or_group_candidate;confirm_object_group;assign_object_type;review_motif_visibility;record_provenance;record_license,pending,
2,img_ec1906b378d9dd37,dataset_dev/01_opishnyan_ceramics/o270_1.jpg,01_opishnyan_ceramics,candidate_18d1633ea58540f9,duplicate_or_group_candidate;confirm_object_group;assign_object_type;review_motif_visibility;record_provenance;record_license,pending,
2,img_8c888f2bdb442f31,dataset_dev/01_opishnyan_ceramics/o270_2.jpg,01_opishnyan_ceramics,candidate_18d1633ea58540f9,duplicate_or_group_candidate;confirm_object_group;assign_object_type;review_motif_visibility;record_provenance;record_license,pending,
2,img_06c5563fba349e83,dataset_dev/01_opishnyan_ceramics/o270_3.jpg,01_opishnyan_ceramics,candidate_18d1633ea58540f9,duplicate_or_group_candidate;confirm_object_group;assign_object_type;review_motif_visibility;record_provenance;record_license,pending,
2,img_5e07f8c226080cb2,dataset_dev/01_opishnyan_ceramics/o271_1.jpg,01_opishnyan_ceramics,candidate_897dd5c9624ce928,duplicate_or_group_candidate;confirm_object_group;assign_object_type;review_motif_visibility;record_provenance;record_license,pending,
2,img_c00eab243e48431e,dataset_dev/01_opishnyan_ceramics/o271_2.jpg,01_opishnyan_ceramics,candidate_897dd5c9624ce928,duplicate_or_group_candidate;confirm_object_group;assign_object_type;review_motif_visibility;record_provenance;record_license,pending,
2,img_380bccfc3701715d,dataset_dev/01_opishnyan_ceramics/o272.jpg,01_opishnyan_ceramics,candidate_9a2ce8d881f126ed,duplicate_or_group_candidate;confirm_object_group;assign_object_type;review_motif_visibility;record_provenance;record_license,pending,
2,img_ac33dd3db98a540d,dataset_dev/01_opishnyan_ceramics/o273.jpg,01_opishnyan_ceramics,candidate_9a2ce8d881f126ed,duplicate_or_group_candidate;confirm_object_group;assign_object_type;review_motif_visibility;record_provenance;record_license,pending,
2,img_6cb591ecd70a8a1a,dataset_dev/01_opishnyan_ceramics/o275_1.jpg,01_opishnyan_ceramics,candidate_86d9ca13519c5f6d,duplicate_or_group_candidate;confirm_object_group;assign_object_type;review_motif_visibility;record_provenance;record_license,pending,
2,img_6c5d025af71a5b4a,dataset_dev/01_opishnyan_ceramics/o275_2.jpg,01_opishnyan_ceramics,candidate_86d9ca13519c5f6d,duplicate_or_group_candidate;confirm_object_group;assign_object_type;review_motif_visibility;record_provenance;record_license,pending,
2,img_c68b13b8eafb0234,dataset_dev/01_opishnyan_ceramics/o276_1.jpg,01_opishnyan_ceramics,candidate_8e40bc1762c1b482,duplicate_or_group_candidate;confirm_object_group;assign_object_type;review_motif_visibility;record_provenance;record_license,pending,
2,img_bac826aee355e418,dataset_dev/01_opishnyan_ceramics/o276_2.jpg,01_opishnyan_ceramics,candidate_8e40bc1762c1b482,duplicate_or_group_candidate;confirm_object_group;assign_object_type;review_motif_visibility;record_provenance;record_license,pending,
2,img_2efd774e9812668b,dataset_dev/01_opishnyan_ceramics/o276_3.jpg,01_opishnyan_ceramics,candidate_8e40bc1762c1b482,duplicate_or_group_candidate;confirm_object_group;assign_object_type;review_motif_visibility;record_provenance;record_license,pending,
2,img_6e70cc1e6e0f672c,dataset_dev/01_opishnyan_ceramics/o276_4.jpg,01_opishnyan_ceramics,candidate_8e40bc1762c1b482,duplicate_or_group_candidate;confirm_object_group;assign_object_type;review_motif_visibility;record_provenance;record_license,pending,
2,img_70ace851c0eea7de,dataset_dev/01_opishnyan_ceramics/o277_1.jpg,01_opishnyan_ceramics,candidate_f67eb63b5966b872,duplicate_or_group_candidate;confirm_object_group;assign_object_type;review_motif_visibility;record_provenance;record_license,pending,
2,img_4501eafafbe8ace5,dataset_dev/01_opishnyan_ceramics/o277_2.jpg,01_opishnyan_ceramics,candidate_f67eb63b5966b872,duplicate_or_group_candidate;confirm_object_group;assign_object_type;review_motif_visibility;record_provenance;record_license,pending,
2,img_e7fbbd29e7795674,dataset_dev/01_opishnyan_ceramics/o278.jpg,01_opishnyan_ceramics,candidate_5241b002d77151b5,duplicate_or_group_candidate;confirm_object_group;assign_object_type;review_motif_visibility;record_provenance;record_license,pending,
2,img_572c2f01a7795729,dataset_dev/01_opishnyan_ceramics/o279.jpg,01_opishnyan_ceramics,candidate_5241b002d77151b5,duplicate_or_group_candidate;confirm_object_group;assign_object_type;review_motif_visibility;record_provenance;record_license,pending,
2,img_c1b2a52932d538fe,dataset_dev/01_opishnyan_ceramics/o281.jpg,01_opishnyan_ceramics,candidate_5241b002d77151b5,duplicate_or_group_candidate;confirm_object_group;assign_object_type;review_motif_visibility;record_provenance;record_license,pending,
2,img_4b4819eb3477e515,dataset_dev/01_opishnyan_ceramics/o282_1.jpg,01_opishnyan_ceramics,candidate_9632286bcb35e38c,duplicate_or_group_candidate;confirm_object_group;assign_object_type;review_motif_visibility;record_provenance;record_license,pending,
2,img_1bda9aa0c6417235,dataset_dev/01_opishnyan_ceramics/o282_2.jpg,01_opishnyan_ceramics,candidate_9632286bcb35e38c,duplicate_or_group_candidate;confirm_object_group;assign_object_type;review_motif_visibility;record_provenance;record_license,pending,
2,img_31e421669e3f6a58,dataset_dev/01_opishnyan_ceramics/o287_1.jpg,01_opishnyan_ceramics,candidate_8fa5762260949e5a,duplicate_or_group_candidate;confirm_object_group;assign_object_type;review_motif_visibility;record_provenance;record_license,pending,
2,img_40c84d6d2bdeeb14,dataset_dev/01_opishnyan_ceramics/o287_2.jpg,01_opishnyan_ceramics,candidate_8fa5762260949e5a,duplicate_or_group_candidate;confirm_object_group;assign_object_type;review_motif_visibility;record_provenance;record_license,pending,
2,img_f542281929b8c4b2,dataset_dev/01_opishnyan_ceramics/o288_1.jpg,01_opishnyan_ceramics,candidate_852dd23b0fc1f8c0,duplicate_or_group_candidate;confirm_object_group;assign_object_type;review_motif_visibility;record_provenance;record_license,pending,
2,img_0be04087eef43e7c,dataset_dev/01_opishnyan_ceramics/o288_2.jpg,01_opishnyan_ceramics,candidate_852dd23b0fc1f8c0,duplicate_or_group_candidate;confirm_object_group;assign_object_type;review_motif_visibility;record_provenance;record_license,pending,
2,img_d899a331cd4090b7,dataset_dev/01_opishnyan_ceramics/o288_3.jpg,01_opishnyan_ceramics,candidate_852dd23b0fc1f8c0,duplicate_or_group_candidate;confirm_object_group;assign_object_type;review_motif_visibility;record_provenance;record_license,pending,
2,img_709522d78bd07f33,dataset_dev/01_opishnyan_ceramics/o288_4.jpg,01_opishnyan_ceramics,candidate_852dd23b0fc1f8c0,duplicate_or_group_candidate;confirm_object_group;assign_object_type;review_motif_visibility;record_provenance;record_license,pending,
2,img_1ca800c5dd944f9c,dataset_dev/01_opishnyan_ceramics/o288_5.jpg,01_opishnyan_ceramics,candidate_852dd23b0fc1f8c0,duplicate_or_group_candidate;confirm_object_group;assign_object_type;review_motif_visibility;record_provenance;record_license,pending,
2,img_e831a02d41831a36,dataset_dev/01_opishnyan_ceramics/o288_6.jpg,01_opishnyan_ceramics,candidate_852dd23b0fc1f8c0,duplicate_or_group_candidate;confirm_object_group;assign_object_type;review_motif_visibility;record_provenance;record_license,pending,
2,img_b4304d10ee5692ca,dataset_dev/01_opishnyan_ceramics/o288_7.jpg,01_opishnyan_ceramics,candidate_852dd23b0fc1f8c0,duplicate_or_group_candidate;confirm_object_group;assign_object_type;review_motif_visibility;record_provenance;record_license,pending,
2,img_5936f11d50e9aac2,dataset_dev/01_opishnyan_ceramics/o289_1.jpg,01_opishnyan_ceramics,candidate_747744da218d7e8b,duplicate_or_group_candidate;confirm_object_group;assign_object_type;review_motif_visibility;record_provenance;record_license,pending,
2,img_b725e8144022076e,dataset_dev/01_opishnyan_ceramics/o289_2.jpg,01_opishnyan_ceramics,candidate_747744da218d7e8b,duplicate_or_group_candidate;confirm_object_group;assign_object_type;review_motif_visibility;record_provenance;record_license,pending,
2,img_ee4758e644bde976,dataset_dev/01_opishnyan_ceramics/o289_3.jpg,01_opishnyan_ceramics,candidate_747744da218d7e8b,duplicate_or_group_candidate;confirm_object_group;assign_object_type;review_motif_visibility;record_provenance;record_license,pending,
2,img_f03bd7d1ba3e578d,dataset_dev/01_opishnyan_ceramics/o289_4.jpg,01_opishnyan_ceramics,candidate_747744da218d7e8b,duplicate_or_group_candidate;confirm_object_group;assign_object_type;review_motif_visibility;record_provenance;record_license,pending,
2,img_30123fdbed6354ef,dataset_dev/01_opishnyan_ceramics/o289_5.jpg,01_opishnyan_ceramics,candidate_747744da218d7e8b,duplicate_or_group_candidate;confirm_object_group;assign_object_type;review_motif_visibility;record_provenance;record_license,pending,
2,img_eb9d16ea4f9cb241,dataset_dev/01_opishnyan_ceramics/o290.jpg,01_opishnyan_ceramics,candidate_ba18dbd8654a9fba,duplicate_or_group_candidate;confirm_object_group;assign_object_type;review_motif_visibility;record_provenance;record_license,pending,
2,img_0a15df43c98e6bd1,dataset_dev/01_opishnyan_ceramics/o291.jpg,01_opishnyan_ceramics,candidate_f493bcc1d9832532,duplicate_or_group_candidate;confirm_object_group;assign_object_type;review_motif_visibility;record_provenance;record_license,pending,
2,img_daca2b48c06b7ec7,dataset_dev/01_opishnyan_ceramics/o291_2.jpg,01_opishnyan_ceramics,candidate_f493bcc1d9832532,duplicate_or_group_candidate;confirm_object_group;assign_object_type;review_motif_visibility;record_provenance;record_license,pending,
2,img_ab31ebe0c4fe0d31,dataset_dev/01_opishnyan_ceramics/o294.jpg,01_opishnyan_ceramics,candidate_ba18dbd8654a9fba,duplicate_or_group_candidate;confirm_object_group;assign_object_type;review_motif_visibility;record_provenance;record_license,pending,
2,img_b348e210a79049cc,dataset_dev/01_opishnyan_ceramics/o296_1.jpg,01_opishnyan_ceramics,candidate_0d26dddb78e67753,duplicate_or_group_candidate;confirm_object_group;assign_object_type;review_motif_visibility;record_provenance;record_license,pending,
2,img_47392343e388ef86,dataset_dev/01_opishnyan_ceramics/o296_2.jpg,01_opishnyan_ceramics,candidate_0d26dddb78e67753,duplicate_or_group_candidate;confirm_object_group;assign_object_type;review_motif_visibility;record_provenance;record_license,pending,
2,img_8aa892afda1b357d,dataset_dev/01_opishnyan_ceramics/o305_1.jpg,01_opishnyan_ceramics,candidate_852dd23b0fc1f8c0,duplicate_or_group_candidate;confirm_object_group;assign_object_type;review_motif_visibility;record_provenance;record_license,pending,
2,img_cd5089cc37f81ddf,dataset_dev/01_opishnyan_ceramics/o305_2.jpg,01_opishnyan_ceramics,candidate_852dd23b0fc1f8c0,duplicate_or_group_candidate;confirm_object_group;assign_object_type;review_motif_visibility;record_provenance;record_license,pending,
2,img_9a06dc174b02c1bf,dataset_dev/01_opishnyan_ceramics/o305_3.jpg,01_opishnyan_ceramics,candidate_852dd23b0fc1f8c0,duplicate_or_group_candidate;confirm_object_group;assign_object_type;review_motif_visibility;record_provenance;record_license,pending,
2,img_ad2f0b536922b793,dataset_dev/01_opishnyan_ceramics/o306_1.jpg,01_opishnyan_ceramics,candidate_852dd23b0fc1f8c0,duplicate_or_group_candidate;confirm_object_group;assign_object_type;review_motif_visibility;record_provenance;record_license,pending,
2,img_20f4288c86570678,dataset_dev/01_opishnyan_ceramics/o306_2.jpg,01_opishnyan_ceramics,candidate_852dd23b0fc1f8c0,duplicate_or_group_candidate;confirm_object_group;assign_object_type;review_motif_visibility;record_provenance;record_license,pending,
2,img_a353587fd41ba094,dataset_dev/01_opishnyan_ceramics/o306_3.jpg,01_opishnyan_ceramics,candidate_852dd23b0fc1f8c0,duplicate_or_group_candidate;confirm_object_group;assign_object_type;review_motif_visibility;record_provenance;record_license,pending,
2,img_c0432f28604ad8dd,dataset_dev/01_opishnyan_ceramics/o307_1.jpg,01_opishnyan_ceramics,candidate_87c96d383c9fc05b,duplicate_or_group_candidate;confirm_object_group;assign_object_type;review_motif_visibility;record_provenance;record_license,pending,
2,img_0ffb2074bf5da653,dataset_dev/01_opishnyan_ceramics/o307_2.jpg,01_opishnyan_ceramics,candidate_87c96d383c9fc05b,duplicate_or_group_candidate;confirm_object_group;assign_object_type;review_motif_visibility;record_provenance;record_license,pending,
2,img_a08581a23ff2f19f,dataset_dev/01_opishnyan_ceramics/o307_3.jpg,01_opishnyan_ceramics,candidate_87c96d383c9fc05b,duplicate_or_group_candidate;confirm_object_group;assign_object_type;review_motif_visibility;record_provenance;record_license,pending,
2,img_9f4215ca7e0de3c4,dataset_dev/01_opishnyan_ceramics/o309_1.jpg,01_opishnyan_ceramics,candidate_828b477814c6c11a,duplicate_or_group_candidate;confirm_object_group;assign_object_type;review_motif_visibility;record_provenance;record_license,pending,
2,img_80a623ff0df8dc73,dataset_dev/01_opishnyan_ceramics/o309_2.jpg,01_opishnyan_ceramics,candidate_828b477814c6c11a,duplicate_or_group_candidate;confirm_object_group;assign_object_type;review_motif_visibility;record_provenance;record_license,pending,
2,img_6880f1821ff2ecf1,dataset_dev/01_opishnyan_ceramics/o309_3.jpg,01_opishnyan_ceramics,candidate_828b477814c6c11a,duplicate_or_group_candidate;confirm_object_group;assign_object_type;review_motif_visibility;record_provenance;record_license,pending,
2,img_35ee4fc7cced07a4,dataset_dev/01_opishnyan_ceramics/o310_1.jpg,01_opishnyan_ceramics,candidate_412fdcee96eee3df,duplicate_or_group_candidate;confirm_object_group;assign_object_type;review_motif_visibility;record_provenance;record_license,pending,
2,img_2854c2b617caa23e,dataset_dev/01_opishnyan_ceramics/o310_2.jpg,01_opishnyan_ceramics,candidate_412fdcee96eee3df,duplicate_or_group_candidate;confirm_object_group;assign_object_type;review_motif_visibility;record_provenance;record_license,pending,
2,img_fab7c6ba4cfc65fe,dataset_dev/01_opishnyan_ceramics/o311_1.jpg,01_opishnyan_ceramics,candidate_eaa36774e4daeaa9,duplicate_or_group_candidate;confirm_object_group;assign_object_type;review_motif_visibility;record_provenance;record_license,pending,
2,img_83c576f625712640,dataset_dev/01_opishnyan_ceramics/o311_2.jpg,01_opishnyan_ceramics,candidate_eaa36774e4daeaa9,duplicate_or_group_candidate;confirm_object_group;assign_object_type;review_motif_visibility;record_provenance;record_license,pending,
2,img_565148ab9811f6d8,dataset_dev/01_opishnyan_ceramics/o313_1.jpg,01_opishnyan_ceramics,candidate_bfca7d046cf6fadd,duplicate_or_group_candidate;confirm_object_group;assign_object_type;review_motif_visibility;record_provenance;record_license,pending,
2,img_c2318eaf44bf63c8,dataset_dev/01_opishnyan_ceramics/o313_2.jpg,01_opishnyan_ceramics,candidate_bfca7d046cf6fadd,duplicate_or_group_candidate;confirm_object_group;assign_object_type;review_motif_visibility;record_provenance;record_license,pending,
2,img_f41001fee9cdd02b,dataset_dev/01_opishnyan_ceramics/o314_1.jpg,01_opishnyan_ceramics,candidate_8849b7f086d3f5f4,duplicate_or_group_candidate;confirm_object_group;assign_object_type;review_motif_visibility;record_provenance;record_license,pending,
2,img_d68d7bb3a9de6907,dataset_dev/01_opishnyan_ceramics/o314_2.jpg,01_opishnyan_ceramics,candidate_8849b7f086d3f5f4,duplicate_or_group_candidate;confirm_object_group;assign_object_type;review_motif_visibility;record_provenance;record_license,pending,
2,img_4138ddd251940fe0,dataset_dev/01_opishnyan_ceramics/o315_1.jpg,01_opishnyan_ceramics,candidate_bb7c37a1735f0d29,duplicate_or_group_candidate;confirm_object_group;assign_object_type;review_motif_visibility;record_provenance;record_license,pending,
2,img_1832eab2ee2f6890,dataset_dev/01_opishnyan_ceramics/o315_2.jpg,01_opishnyan_ceramics,candidate_bb7c37a1735f0d29,duplicate_or_group_candidate;confirm_object_group;assign_object_type;review_motif_visibility;record_provenance;record_license,pending,
2,img_677eaa2cb3288f4e,dataset_dev/01_opishnyan_ceramics/o316_1.jpeg,01_opishnyan_ceramics,candidate_f144d2e174bfddbe,duplicate_or_group_candidate;confirm_object_group;assign_object_type;review_motif_visibility;record_provenance;record_license,pending,
2,img_4af5d3b94ef5f165,dataset_dev/01_opishnyan_ceramics/o316_2.jpeg,01_opishnyan_ceramics,candidate_f144d2e174bfddbe,duplicate_or_group_candidate;confirm_object_group;assign_object_type;review_motif_visibility;record_provenance;record_license,pending,
2,img_f65c2215486d520a,dataset_dev/01_opishnyan_ceramics/o316_3.jpeg,01_opishnyan_ceramics,candidate_f144d2e174bfddbe,duplicate_or_group_candidate;confirm_object_group;assign_object_type;review_motif_visibility;record_provenance;record_license,pending,
2,img_077a2c1326256b70,dataset_dev/01_opishnyan_ceramics/o317_1.jpeg,01_opishnyan_ceramics,candidate_a0a43388c9c13730,duplicate_or_group_candidate;confirm_object_group;assign_object_type;review_motif_visibility;record_provenance;record_license,pending,
2,img_f630af4581e58bf2,dataset_dev/01_opishnyan_ceramics/o317_2.jpeg,01_opishnyan_ceramics,candidate_a0a43388c9c13730,duplicate_or_group_candidate;confirm_object_group;assign_object_type;review_motif_visibility;record_provenance;record_license,pending,
2,img_0c210b69b82f1fd8,dataset_dev/01_opishnyan_ceramics/o320_1.jpg,01_opishnyan_ceramics,candidate_de1a6529fb4bbf0a,duplicate_or_group_candidate;confirm_object_group;assign_object_type;review_motif_visibility;record_provenance;record_license,pending,
2,img_614966b2cd9afe27,dataset_dev/01_opishnyan_ceramics/o320_2.jpg,01_opishnyan_ceramics,candidate_de1a6529fb4bbf0a,duplicate_or_group_candidate;confirm_object_group;assign_object_type;review_motif_visibility;record_provenance;record_license,pending,
2,img_08e120dbada66fdc,dataset_dev/01_opishnyan_ceramics/o324_1.jpg,01_opishnyan_ceramics,candidate_04d4225ff2a29aae,duplicate_or_group_candidate;confirm_object_group;assign_object_type;review_motif_visibility;record_provenance;record_license,pending,
2,img_8f1e7b19c76c5cb3,dataset_dev/01_opishnyan_ceramics/o324_2.jpg,01_opishnyan_ceramics,candidate_04d4225ff2a29aae,duplicate_or_group_candidate;confirm_object_group;assign_object_type;review_motif_visibility;record_provenance;record_license,pending,
2,img_3e79062327dc866e,dataset_dev/01_opishnyan_ceramics/o324_3.jpg,01_opishnyan_ceramics,candidate_04d4225ff2a29aae,duplicate_or_group_candidate;confirm_object_group;assign_object_type;review_motif_visibility;record_provenance;record_license,pending,
2,img_cb6ba7acdad6258b,dataset_dev/01_opishnyan_ceramics/o324_4.jpg,01_opishnyan_ceramics,candidate_04d4225ff2a29aae,duplicate_or_group_candidate;confirm_object_group;assign_object_type;review_motif_visibility;record_provenance;record_license,pending,
2,img_5e34c644a6d18511,dataset_dev/01_opishnyan_ceramics/o325_1.jpeg,01_opishnyan_ceramics,candidate_afc0791456e1d38a,duplicate_or_group_candidate;confirm_object_group;assign_object_type;review_motif_visibility;record_provenance;record_license,pending,
2,img_0fcb49fb14f121b2,dataset_dev/01_opishnyan_ceramics/o325_2.jpeg,01_opishnyan_ceramics,candidate_afc0791456e1d38a,duplicate_or_group_candidate;confirm_object_group;assign_object_type;review_motif_visibility;record_provenance;record_license,pending,
2,img_e3a01b7dc3e2ae25,dataset_dev/01_opishnyan_ceramics/o325_3.jpeg,01_opishnyan_ceramics,candidate_afc0791456e1d38a,duplicate_or_group_candidate;confirm_object_group;assign_object_type;review_motif_visibility;record_provenance;record_license,pending,
2,img_53f678d9d61f5682,dataset_dev/01_opishnyan_ceramics/o328_1.jpeg,01_opishnyan_ceramics,candidate_ecb072692741f0cc,duplicate_or_group_candidate;confirm_object_group;assign_object_type;review_motif_visibility;record_provenance;record_license,pending,
2,img_315438724c75aa3f,dataset_dev/01_opishnyan_ceramics/o328_2.jpeg,01_opishnyan_ceramics,candidate_ecb072692741f0cc,duplicate_or_group_candidate;confirm_object_group;assign_object_type;review_motif_visibility;record_provenance;record_license,pending,
2,img_e62d404032d49e1f,dataset_dev/01_opishnyan_ceramics/o329_1.jpeg,01_opishnyan_ceramics,candidate_d81b58aebb19c3c1,duplicate_or_group_candidate;confirm_object_group;assign_object_type;review_motif_visibility;record_provenance;record_license,pending,
2,img_e2d91c0c40f13953,dataset_dev/01_opishnyan_ceramics/o329_2.jpeg,01_opishnyan_ceramics,candidate_d81b58aebb19c3c1,duplicate_or_group_candidate;confirm_object_group;assign_object_type;review_motif_visibility;record_provenance;record_license,pending,
2,img_2a0b3912d3767f56,dataset_dev/01_opishnyan_ceramics/o331_1.jpeg,01_opishnyan_ceramics,candidate_09d651f003bb3fcb,duplicate_or_group_candidate;confirm_object_group;assign_object_type;review_motif_visibility;record_provenance;record_license,pending,
2,img_97a348c31caf8582,dataset_dev/01_opishnyan_ceramics/o331_2.jpeg,01_opishnyan_ceramics,candidate_09d651f003bb3fcb,duplicate_or_group_candidate;confirm_object_group;assign_object_type;review_motif_visibility;record_provenance;record_license,pending,
2,img_32a7f6a06ea40101,dataset_dev/01_opishnyan_ceramics/o332_1.jpeg,01_opishnyan_ceramics,candidate_368537d892e43c95,duplicate_or_group_candidate;confirm_object_group;assign_object_type;review_motif_visibility;record_provenance;record_license,pending,
2,img_05f20236656b6a2b,dataset_dev/01_opishnyan_ceramics/o332_2.jpeg,01_opishnyan_ceramics,candidate_368537d892e43c95,duplicate_or_group_candidate;confirm_object_group;assign_object_type;review_motif_visibility;record_provenance;record_license,pending,
2,img_790386d594946b5a,dataset_dev/01_opishnyan_ceramics/o333_1.jpeg,01_opishnyan_ceramics,candidate_afc0791456e1d38a,duplicate_or_group_candidate;confirm_object_group;assign_object_type;review_motif_visibility;record_provenance;record_license,pending,
2,img_7cd57aa849bbb3da,dataset_dev/01_opishnyan_ceramics/o333_2.jpeg,01_opishnyan_ceramics,candidate_afc0791456e1d38a,duplicate_or_group_candidate;confirm_object_group;assign_object_type;review_motif_visibility;record_provenance;record_license,pending,
2,img_fca1d6ea80d23fa0,dataset_dev/01_opishnyan_ceramics/o334_1.jpg,01_opishnyan_ceramics,candidate_db354927768dc338,duplicate_or_group_candidate;confirm_object_group;assign_object_type;review_motif_visibility;record_provenance;record_license,pending,
2,img_8e3b178b67906f98,dataset_dev/01_opishnyan_ceramics/o334_2.jpg,01_opishnyan_ceramics,candidate_db354927768dc338,duplicate_or_group_candidate;confirm_object_group;assign_object_type;review_motif_visibility;record_provenance;record_license,pending,
2,img_7e73f14dc8971bfb,dataset_dev/01_opishnyan_ceramics/o335_1.jpg,01_opishnyan_ceramics,candidate_514e9ddf04f7cf28,duplicate_or_group_candidate;confirm_object_group;assign_object_type;review_motif_visibility;record_provenance;record_license,pending,
2,img_a3e70b0efa051ed1,dataset_dev/01_opishnyan_ceramics/o335_2.jpg,01_opishnyan_ceramics,candidate_514e9ddf04f7cf28,duplicate_or_group_candidate;confirm_object_group;assign_object_type;review_motif_visibility;record_provenance;record_license,pending,
2,img_b1c9e3efc02d1fda,dataset_dev/01_opishnyan_ceramics/o335_3.jpg,01_opishnyan_ceramics,candidate_514e9ddf04f7cf28,duplicate_or_group_candidate;confirm_object_group;assign_object_type;review_motif_visibility;record_provenance;record_license,pending,
2,img_ce66ac894919a50f,dataset_dev/01_opishnyan_ceramics/o338_1.jpg,01_opishnyan_ceramics,candidate_411cfad67a19214c,duplicate_or_group_candidate;confirm_object_group;assign_object_type;review_motif_visibility;record_provenance;record_license,pending,
2,img_443d3b32d2d20e34,dataset_dev/01_opishnyan_ceramics/o338_2.jpg,01_opishnyan_ceramics,candidate_411cfad67a19214c,duplicate_or_group_candidate;confirm_object_group;assign_object_type;review_motif_visibility;record_provenance;record_license,pending,
2,img_7a47efcf3f4baa30,dataset_dev/01_opishnyan_ceramics/o338_3.jpg,01_opishnyan_ceramics,candidate_411cfad67a19214c,duplicate_or_group_candidate;confirm_object_group;assign_object_type;review_motif_visibility;record_provenance;record_license,pending,
2,img_f8ff5a7156b4ebfa,dataset_dev/01_opishnyan_ceramics/o338_4.jpg,01_opishnyan_ceramics,candidate_411cfad67a19214c,duplicate_or_group_candidate;confirm_object_group;assign_object_type;review_motif_visibility;record_provenance;record_license,pending,
2,img_167353db1dfd711a,dataset_dev/01_opishnyan_ceramics/o339_1.jpeg,01_opishnyan_ceramics,candidate_a25a920c14f915f5,duplicate_or_group_candidate;confirm_object_group;assign_object_type;review_motif_visibility;record_provenance;record_license,pending,
2,img_a6b47b9dcf170bdb,dataset_dev/01_opishnyan_ceramics/o339_2.jpeg,01_opishnyan_ceramics,candidate_a25a920c14f915f5,duplicate_or_group_candidate;confirm_object_group;assign_object_type;review_motif_visibility;record_provenance;record_license,pending,
2,img_55bef1527e3da779,dataset_dev/01_opishnyan_ceramics/o339_3.jpeg,01_opishnyan_ceramics,candidate_a25a920c14f915f5,duplicate_or_group_candidate;confirm_object_group;assign_object_type;review_motif_visibility;record_provenance;record_license,pending,
2,img_a0bfebe1febaa18c,dataset_dev/01_opishnyan_ceramics/o343_1.jpeg,01_opishnyan_ceramics,candidate_da7161e23413fc1a,duplicate_or_group_candidate;confirm_object_group;assign_object_type;review_motif_visibility;record_provenance;record_license,pending,
2,img_5c99b427186b7fac,dataset_dev/01_opishnyan_ceramics/o343_2.jpeg,01_opishnyan_ceramics,candidate_da7161e23413fc1a,duplicate_or_group_candidate;confirm_object_group;assign_object_type;review_motif_visibility;record_provenance;record_license,pending,
2,img_8d2701f4edef4fb2,dataset_dev/01_opishnyan_ceramics/o361_1.jpg,01_opishnyan_ceramics,candidate_b59214539333dc41,duplicate_or_group_candidate;confirm_object_group;assign_object_type;review_motif_visibility;record_provenance;record_license,pending,
2,img_615af16eb000a274,dataset_dev/01_opishnyan_ceramics/o361_2.jpg,01_opishnyan_ceramics,candidate_b59214539333dc41,duplicate_or_group_candidate;confirm_object_group;assign_object_type;review_motif_visibility;record_provenance;record_license,pending,
2,img_21ca6d7a68406cca,dataset_dev/01_opishnyan_ceramics/o366_1.jpg,01_opishnyan_ceramics,candidate_7913d1d0d4c6c1be,duplicate_or_group_candidate;confirm_object_group;assign_object_type;review_motif_visibility;record_provenance;record_license,pending,
2,img_dff895e8b381565c,dataset_dev/01_opishnyan_ceramics/o366_2.jpg,01_opishnyan_ceramics,candidate_7913d1d0d4c6c1be,duplicate_or_group_candidate;confirm_object_group;assign_object_type;review_motif_visibility;record_provenance;record_license,pending,
2,img_be90b72e2adebfe6,dataset_dev/01_opishnyan_ceramics/o367_2.jpg,01_opishnyan_ceramics,candidate_ada644db4dceed48,duplicate_or_group_candidate;confirm_object_group;assign_object_type;review_motif_visibility;record_provenance;record_license,pending,
2,img_d9911c963744d26e,dataset_dev/01_opishnyan_ceramics/o368_1.jpg,01_opishnyan_ceramics,candidate_ada644db4dceed48,duplicate_or_group_candidate;confirm_object_group;assign_object_type;review_motif_visibility;record_provenance;record_license,pending,
2,img_b900b1b12072cd15,dataset_dev/01_opishnyan_ceramics/o368_2.jpg,01_opishnyan_ceramics,candidate_ada644db4dceed48,duplicate_or_group_candidate;confirm_object_group;assign_object_type;review_motif_visibility;record_provenance;record_license,pending,
2,img_f8226a72a14f37e4,dataset_dev/01_opishnyan_ceramics/o370_1.jpg,01_opishnyan_ceramics,candidate_ecf809841113b2ee,duplicate_or_group_candidate;confirm_object_group;assign_object_type;review_motif_visibility;record_provenance;record_license,pending,
2,img_af7a366bb7455028,dataset_dev/01_opishnyan_ceramics/o370_2.jpg,01_opishnyan_ceramics,candidate_ecf809841113b2ee,duplicate_or_group_candidate;confirm_object_group;assign_object_type;review_motif_visibility;record_provenance;record_license,pending,
2,img_c91f0cc2cfb74ca9,dataset_dev/01_opishnyan_ceramics/o372_1.jpg,01_opishnyan_ceramics,candidate_ecf809841113b2ee,duplicate_or_group_candidate;confirm_object_group;assign_object_type;review_motif_visibility;record_provenance;record_license,pending,
2,img_11f38fd40ee8fe25,dataset_dev/01_opishnyan_ceramics/o372_2.jpg,01_opishnyan_ceramics,candidate_ecf809841113b2ee,duplicate_or_group_candidate;confirm_object_group;assign_object_type;review_motif_visibility;record_provenance;record_license,pending,
2,img_55c53c30cba8dc01,dataset_dev/01_opishnyan_ceramics/o373_1.jpg,01_opishnyan_ceramics,candidate_9951c169eaae142b,duplicate_or_group_candidate;confirm_object_group;assign_object_type;review_motif_visibility;record_provenance;record_license,pending,
2,img_93707dbebb89ab73,dataset_dev/01_opishnyan_ceramics/o373_2.jpg,01_opishnyan_ceramics,candidate_9951c169eaae142b,duplicate_or_group_candidate;confirm_object_group;assign_object_type;review_motif_visibility;record_provenance;record_license,pending,
2,img_67bfaf6e55a963f4,dataset_dev/01_opishnyan_ceramics/o374_1.jpg,01_opishnyan_ceramics,candidate_9951c169eaae142b,duplicate_or_group_candidate;confirm_object_group;assign_object_type;review_motif_visibility;record_provenance;record_license,pending,
2,img_eb2fce7549669d76,dataset_dev/01_opishnyan_ceramics/o374_2.jpg,01_opishnyan_ceramics,candidate_9951c169eaae142b,duplicate_or_group_candidate;confirm_object_group;assign_object_type;review_motif_visibility;record_provenance;record_license,pending,
2,img_75759a575b270237,dataset_dev/01_opishnyan_ceramics/o376_1.jpg,01_opishnyan_ceramics,candidate_3ec00b192d9e069b,duplicate_or_group_candidate;confirm_object_group;assign_object_type;review_motif_visibility;record_provenance;record_license,pending,
2,img_a49cd2b6f6992399,dataset_dev/01_opishnyan_ceramics/o376_2.jpg,01_opishnyan_ceramics,candidate_3ec00b192d9e069b,duplicate_or_group_candidate;confirm_object_group;assign_object_type;review_motif_visibility;record_provenance;record_license,pending,
2,img_9799c7b44a442e8b,dataset_dev/01_opishnyan_ceramics/o376_3.jpg,01_opishnyan_ceramics,candidate_3ec00b192d9e069b,duplicate_or_group_candidate;confirm_object_group;assign_object_type;review_motif_visibility;record_provenance;record_license,pending,
2,img_bbd236a1de7ff5f0,dataset_dev/01_opishnyan_ceramics/o376_4.jpg,01_opishnyan_ceramics,candidate_3ec00b192d9e069b,duplicate_or_group_candidate;confirm_object_group;assign_object_type;review_motif_visibility;record_provenance;record_license,pending,
2,img_e0d78cc1dc305af8,dataset_dev/01_opishnyan_ceramics/o376_5.jpg,01_opishnyan_ceramics,candidate_3ec00b192d9e069b,duplicate_or_group_candidate;confirm_object_group;assign_object_type;review_motif_visibility;record_provenance;record_license,pending,
2,img_16cd80834f899481,dataset_dev/01_opishnyan_ceramics/o377_1.jpg,01_opishnyan_ceramics,candidate_9a2ce8d881f126ed,duplicate_or_group_candidate;confirm_object_group;assign_object_type;review_motif_visibility;record_provenance;record_license,pending,
2,img_0defb60f9d94bcce,dataset_dev/01_opishnyan_ceramics/o377_2.jpg,01_opishnyan_ceramics,candidate_9a2ce8d881f126ed,duplicate_or_group_candidate;confirm_object_group;assign_object_type;review_motif_visibility;record_provenance;record_license,pending,
2,img_75f90ed598c0000c,dataset_dev/01_opishnyan_ceramics/o378_1.jpg,01_opishnyan_ceramics,candidate_ceae1279243fd46c,duplicate_or_group_candidate;confirm_object_group;assign_object_type;review_motif_visibility;record_provenance;record_license,pending,
2,img_e115d071d69dceb4,dataset_dev/01_opishnyan_ceramics/o378_2.jpg,01_opishnyan_ceramics,candidate_ceae1279243fd46c,duplicate_or_group_candidate;confirm_object_group;assign_object_type;review_motif_visibility;record_provenance;record_license,pending,
2,img_667d2e7447b2e402,dataset_dev/01_opishnyan_ceramics/o381_1.jpg,01_opishnyan_ceramics,candidate_b0cc5007c0049693,duplicate_or_group_candidate;confirm_object_group;assign_object_type;review_motif_visibility;record_provenance;record_license,pending,
2,img_e460b3015c946bc3,dataset_dev/01_opishnyan_ceramics/o381_2.jpg,01_opishnyan_ceramics,candidate_b0cc5007c0049693,duplicate_or_group_candidate;confirm_object_group;assign_object_type;review_motif_visibility;record_provenance;record_license,pending,
2,img_cbce41440de0a309,dataset_dev/01_opishnyan_ceramics/o381_3.jpg,01_opishnyan_ceramics,candidate_b0cc5007c0049693,duplicate_or_group_candidate;confirm_object_group;assign_object_type;review_motif_visibility;record_provenance;record_license,pending,
2,img_7f5a3ceccb0977e0,dataset_dev/01_opishnyan_ceramics/o382_1.jpg,01_opishnyan_ceramics,candidate_67746235e8b84131,duplicate_or_group_candidate;confirm_object_group;assign_object_type;review_motif_visibility;record_provenance;record_license,pending,
2,img_ff3d5e30507ccdd3,dataset_dev/01_opishnyan_ceramics/o382_2.jpg,01_opishnyan_ceramics,candidate_67746235e8b84131,duplicate_or_group_candidate;confirm_object_group;assign_object_type;review_motif_visibility;record_provenance;record_license,pending,
2,img_c994b5180889800d,dataset_dev/01_opishnyan_ceramics/o382_3.jpg,01_opishnyan_ceramics,candidate_67746235e8b84131,duplicate_or_group_candidate;confirm_object_group;assign_object_type;review_motif_visibility;record_provenance;record_license,pending,
2,img_6fddc613fdeb9269,dataset_dev/01_opishnyan_ceramics/o383_1.jpg,01_opishnyan_ceramics,candidate_c3bcba0cdf33973c,duplicate_or_group_candidate;confirm_object_group;assign_object_type;review_motif_visibility;record_provenance;record_license,pending,
2,img_0cdd398c23cc0673,dataset_dev/01_opishnyan_ceramics/o383_2.jpg,01_opishnyan_ceramics,candidate_c3bcba0cdf33973c,duplicate_or_group_candidate;confirm_object_group;assign_object_type;review_motif_visibility;record_provenance;record_license,pending,
2,img_1a35135b0621eef1,dataset_dev/02_ornek/kt003_1.jpg,02_ornek,candidate_c735491714bf6352,duplicate_or_group_candidate;confirm_object_group;assign_object_type;review_motif_visibility;record_provenance;record_license,pending,
2,img_b8b74c3abbf3ac4c,dataset_dev/02_ornek/kt003_2.jpg,02_ornek,candidate_c735491714bf6352,duplicate_or_group_candidate;confirm_object_group;assign_object_type;review_motif_visibility;record_provenance;record_license,pending,
2,img_37ea966a64fa8900,dataset_dev/02_ornek/kt003_3.jpg,02_ornek,candidate_c735491714bf6352,duplicate_or_group_candidate;confirm_object_group;assign_object_type;review_motif_visibility;record_provenance;record_license,pending,
2,img_da32e067eda846dd,dataset_dev/02_ornek/kt047.jpg,02_ornek,candidate_b586ba83f1d54b9c,duplicate_or_group_candidate;confirm_object_group;assign_object_type;review_motif_visibility;record_provenance;record_license,pending,
2,img_0716e8a6e8b41c8c,dataset_dev/02_ornek/kt047_2.jpg,02_ornek,candidate_b586ba83f1d54b9c,duplicate_or_group_candidate;confirm_object_group;assign_object_type;review_motif_visibility;record_provenance;record_license,pending,
2,img_ac9722ac074506d0,dataset_dev/02_ornek/kt047_3.jpg,02_ornek,candidate_b586ba83f1d54b9c,duplicate_or_group_candidate;confirm_object_group;assign_object_type;review_motif_visibility;record_provenance;record_license,pending,
2,img_3b715f833c61256e,dataset_dev/02_ornek/kt047_4.jpg,02_ornek,candidate_b586ba83f1d54b9c,duplicate_or_group_candidate;confirm_object_group;assign_object_type;review_motif_visibility;record_provenance;record_license,pending,
2,img_b4ccf1867a57adaa,dataset_dev/03_bubnivka_ceramics/b109.jpg,03_bubnivka_ceramics,candidate_727f18495fcd792d,duplicate_or_group_candidate;confirm_object_group;assign_object_type;review_motif_visibility;record_provenance;record_license,pending,
2,img_4a584ba2ee926b0a,dataset_dev/03_bubnivka_ceramics/b109_2.jpg,03_bubnivka_ceramics,candidate_727f18495fcd792d,duplicate_or_group_candidate;confirm_object_group;assign_object_type;review_motif_visibility;record_provenance;record_license,pending,
2,img_514d9b1af98af92a,dataset_dev/03_bubnivka_ceramics/b109_3.jpg,03_bubnivka_ceramics,candidate_727f18495fcd792d,duplicate_or_group_candidate;confirm_object_group;assign_object_type;review_motif_visibility;record_provenance;record_license,pending,
2,img_5caa8825b2a31776,dataset_dev/03_bubnivka_ceramics/b109_4.jpg,03_bubnivka_ceramics,candidate_727f18495fcd792d,duplicate_or_group_candidate;confirm_object_group;assign_object_type;review_motif_visibility;record_provenance;record_license,pending,
2,img_0a3830439765bcf1,dataset_dev/03_bubnivka_ceramics/b123.jpg,03_bubnivka_ceramics,candidate_124ee00b1a9e5caa,duplicate_or_group_candidate;confirm_object_group;assign_object_type;review_motif_visibility;record_provenance;record_license,pending,
2,img_f9cc3aa9918ce171,dataset_dev/03_bubnivka_ceramics/b206.jpg,03_bubnivka_ceramics,candidate_c3c8e9fc49748005,duplicate_or_group_candidate;confirm_object_group;assign_object_type;review_motif_visibility;record_provenance;record_license,pending,
2,img_a7eb0297b535676e,dataset_dev/03_bubnivka_ceramics/b206_2.jpg,03_bubnivka_ceramics,candidate_c3c8e9fc49748005,duplicate_or_group_candidate;confirm_object_group;assign_object_type;review_motif_visibility;record_provenance;record_license,pending,
2,img_16626c6cdaf572ec,dataset_dev/03_bubnivka_ceramics/b236.jpg,03_bubnivka_ceramics,candidate_85cb33d8b12a3a8d,duplicate_or_group_candidate;confirm_object_group;assign_object_type;review_motif_visibility;record_provenance;record_license,pending,
2,img_271ef815035ccb1e,dataset_dev/03_bubnivka_ceramics/b236_2.jpg,03_bubnivka_ceramics,candidate_85cb33d8b12a3a8d,duplicate_or_group_candidate;confirm_object_group;assign_object_type;review_motif_visibility;record_provenance;record_license,pending,
2,img_3a28fcd4939bea31,dataset_dev/03_bubnivka_ceramics/b237.jpg,03_bubnivka_ceramics,candidate_0fa9deac69a4d977,duplicate_or_group_candidate;confirm_object_group;assign_object_type;review_motif_visibility;record_provenance;record_license,pending,
2,img_591815414d87bfcd,dataset_dev/03_bubnivka_ceramics/b237_2.jpg,03_bubnivka_ceramics,candidate_0fa9deac69a4d977,duplicate_or_group_candidate;confirm_object_group;assign_object_type;review_motif_visibility;record_provenance;record_license,pending,
2,img_f57d2a035e0e7e73,dataset_dev/03_bubnivka_ceramics/b238.jpg,03_bubnivka_ceramics,candidate_e74f03a225b877fa,duplicate_or_group_candidate;confirm_object_group;assign_object_type;review_motif_visibility;record_provenance;record_license,pending,
2,img_65847e8071f3f242,dataset_dev/03_bubnivka_ceramics/b238_2.jpg,03_bubnivka_ceramics,candidate_e74f03a225b877fa,duplicate_or_group_candidate;confirm_object_group;assign_object_type;review_motif_visibility;record_provenance;record_license,pending,
2,img_a5a9d42159f19a42,dataset_dev/03_bubnivka_ceramics/b239.jpg,03_bubnivka_ceramics,candidate_4b3a3e2593700b53,duplicate_or_group_candidate;confirm_object_group;assign_object_type;review_motif_visibility;record_provenance;record_license,pending,
2,img_198c35968dd81cc2,dataset_dev/03_bubnivka_ceramics/b239_2.jpg,03_bubnivka_ceramics,candidate_4b3a3e2593700b53,duplicate_or_group_candidate;confirm_object_group;assign_object_type;review_motif_visibility;record_provenance;record_license,pending,
2,img_0c01474cb95ab6e5,dataset_dev/03_bubnivka_ceramics/b240.jpg,03_bubnivka_ceramics,candidate_99f0ac77dbf4f5b8,duplicate_or_group_candidate;confirm_object_group;assign_object_type;review_motif_visibility;record_provenance;record_license,pending,
2,img_f89b50d021c32e3f,dataset_dev/03_bubnivka_ceramics/b240_2.jpg,03_bubnivka_ceramics,candidate_99f0ac77dbf4f5b8,duplicate_or_group_candidate;confirm_object_group;assign_object_type;review_motif_visibility;record_provenance;record_license,pending,
2,img_cd7f51e8d7411f4e,dataset_dev/03_bubnivka_ceramics/b279.jpg,03_bubnivka_ceramics,candidate_124ee00b1a9e5caa,duplicate_or_group_candidate;confirm_object_group;assign_object_type;review_motif_visibility;record_provenance;record_license,pending,
2,img_201ea327ecbda98b,dataset_dev/05_kosiv_ceramics/k026.jpg,05_kosiv_ceramics,candidate_aac6e0809d3aa463,duplicate_or_group_candidate;confirm_object_group;assign_object_type;review_motif_visibility;record_provenance;record_license,pending,
2,img_d94560ac59a4f026,dataset_dev/05_kosiv_ceramics/k028.jpg,05_kosiv_ceramics,candidate_ea2f88ac64200912,duplicate_or_group_candidate;confirm_object_group;assign_object_type;review_motif_visibility;record_provenance;record_license,pending,
2,img_712c1c98a143eb40,dataset_dev/05_kosiv_ceramics/k029.jpg,05_kosiv_ceramics,candidate_6e898f0616320d71,duplicate_or_group_candidate;confirm_object_group;assign_object_type;review_motif_visibility;record_provenance;record_license,pending,
2,img_35a0eb48838172f1,dataset_dev/05_kosiv_ceramics/k030.jpg,05_kosiv_ceramics,candidate_672e44c2642bca79,duplicate_or_group_candidate;confirm_object_group;assign_object_type;review_motif_visibility;record_provenance;record_license,pending,
2,img_b6d4993a947d934b,dataset_dev/05_kosiv_ceramics/k031.jpg,05_kosiv_ceramics,candidate_6ed6ae004d2a1200,duplicate_or_group_candidate;confirm_object_group;assign_object_type;review_motif_visibility;record_provenance;record_license,pending,
2,img_ddc67032f41ea357,dataset_dev/05_kosiv_ceramics/k032.jpg,05_kosiv_ceramics,candidate_0a70504bb4128482,duplicate_or_group_candidate;confirm_object_group;assign_object_type;review_motif_visibility;record_provenance;record_license,pending,
2,img_ff407e2cdad41c6e,dataset_dev/05_kosiv_ceramics/k033.jpg,05_kosiv_ceramics,candidate_e3d9246a4ff68504,duplicate_or_group_candidate;confirm_object_group;assign_object_type;review_motif_visibility;record_provenance;record_license,pending,
2,img_7194ca574b05eba0,dataset_dev/05_kosiv_ceramics/k034.jpg,05_kosiv_ceramics,candidate_132a3107f4132990,duplicate_or_group_candidate;confirm_object_group;assign_object_type;review_motif_visibility;record_provenance;record_license,pending,
2,img_58771329921d7c49,dataset_dev/05_kosiv_ceramics/k068.jpg,05_kosiv_ceramics,candidate_8a291dab2ac434ae,duplicate_or_group_candidate;confirm_object_group;assign_object_type;review_motif_visibility;record_provenance;record_license,pending,
2,img_db09ffea42a2a4bd,dataset_dev/05_kosiv_ceramics/k092.jpg,05_kosiv_ceramics,candidate_8a291dab2ac434ae,duplicate_or_group_candidate;confirm_object_group;assign_object_type;review_motif_visibility;record_provenance;record_license,pending,
2,img_cbf142756cb28968,dataset_dev/05_kosiv_ceramics/k094.jpg,05_kosiv_ceramics,candidate_6a156d715e98176a,duplicate_or_group_candidate;confirm_object_group;assign_object_type;review_motif_visibility;record_provenance;record_license,pending,
2,img_0623d1ee007f4068,dataset_dev/05_kosiv_ceramics/k141.jpg,05_kosiv_ceramics,candidate_13051fbe1df926b3,duplicate_or_group_candidate;confirm_object_group;assign_object_type;review_motif_visibility;record_provenance;record_license,pending,
2,img_512b36ff6c02dcc7,dataset_dev/05_kosiv_ceramics/k141_2.jpg,05_kosiv_ceramics,candidate_13051fbe1df926b3,duplicate_or_group_candidate;confirm_object_group;assign_object_type;review_motif_visibility;record_provenance;record_license,pending,
2,img_4a8c05837f8ce520,dataset_dev/05_kosiv_ceramics/k172.jpg,05_kosiv_ceramics,candidate_ea1e7d6116956493,duplicate_or_group_candidate;confirm_object_group;assign_object_type;review_motif_visibility;record_provenance;record_license,pending,
2,img_0127c4ff1f3b2432,dataset_dev/05_kosiv_ceramics/k173.jpg,05_kosiv_ceramics,candidate_4d25a6d10ab1ba71,duplicate_or_group_candidate;confirm_object_group;assign_object_type;review_motif_visibility;record_provenance;record_license,pending,
2,img_0ac2aec1a477479e,dataset_dev/05_kosiv_ceramics/k204.jpg,05_kosiv_ceramics,candidate_8d313e622528ee02,duplicate_or_group_candidate;confirm_object_group;assign_object_type;review_motif_visibility;record_provenance;record_license,pending,
2,img_6f21628d5bf64553,dataset_dev/05_kosiv_ceramics/k210.jpg,05_kosiv_ceramics,candidate_8a291dab2ac434ae,duplicate_or_group_candidate;confirm_object_group;assign_object_type;review_motif_visibility;record_provenance;record_license,pending,
2,img_28a79cb1193d5eff,dataset_dev/05_kosiv_ceramics/k211.jpg,05_kosiv_ceramics,candidate_6a156d715e98176a,duplicate_or_group_candidate;confirm_object_group;assign_object_type;review_motif_visibility;record_provenance;record_license,pending,
2,img_00a178921d2d9ac8,dataset_dev/05_kosiv_ceramics/k272.jpg,05_kosiv_ceramics,candidate_0a70504bb4128482,duplicate_or_group_candidate;confirm_object_group;assign_object_type;review_motif_visibility;record_provenance;record_license,pending,
2,img_0b07ed7362490d59,dataset_dev/05_kosiv_ceramics/k277.jpg,05_kosiv_ceramics,candidate_132a3107f4132990,duplicate_or_group_candidate;confirm_object_group;assign_object_type;review_motif_visibility;record_provenance;record_license,pending,
2,img_63ad31e348a09e7c,dataset_dev/05_kosiv_ceramics/k278.jpg,05_kosiv_ceramics,candidate_e3d9246a4ff68504,duplicate_or_group_candidate;confirm_object_group;assign_object_type;review_motif_visibility;record_provenance;record_license,pending,
2,img_54f74f84fb6d7d6e,dataset_dev/05_kosiv_ceramics/k280.jpg,05_kosiv_ceramics,candidate_aac6e0809d3aa463,duplicate_or_group_candidate;confirm_object_group;assign_object_type;review_motif_visibility;record_provenance;record_license,pending,
2,img_f3bd804b0ce7e404,dataset_dev/05_kosiv_ceramics/k284.jpg,05_kosiv_ceramics,candidate_ea2f88ac64200912,duplicate_or_group_candidate;confirm_object_group;assign_object_type;review_motif_visibility;record_provenance;record_license,pending,
2,img_a4c28888dc692842,dataset_dev/05_kosiv_ceramics/k287.jpg,05_kosiv_ceramics,candidate_6e898f0616320d71,duplicate_or_group_candidate;confirm_object_group;assign_object_type;review_motif_visibility;record_provenance;record_license,pending,
2,img_04adf369cb871b48,dataset_dev/05_kosiv_ceramics/k288.jpg,05_kosiv_ceramics,candidate_6ed6ae004d2a1200,duplicate_or_group_candidate;confirm_object_group;assign_object_type;review_motif_visibility;record_provenance;record_license,pending,
2,img_639a4270b46b1fad,dataset_dev/05_kosiv_ceramics/k289.jpg,05_kosiv_ceramics,candidate_672e44c2642bca79,duplicate_or_group_candidate;confirm_object_group;assign_object_type;review_motif_visibility;record_provenance;record_license,pending,
2,img_f11164f3ada473c0,dataset_dev/05_kosiv_ceramics/k294.jpg,05_kosiv_ceramics,candidate_8d313e622528ee02,duplicate_or_group_candidate;confirm_object_group;assign_object_type;review_motif_visibility;record_provenance;record_license,pending,
2,img_dd982b917cdab6b5,dataset_dev/05_kosiv_ceramics/k315.jpg,05_kosiv_ceramics,candidate_ea1e7d6116956493,duplicate_or_group_candidate;confirm_object_group;assign_object_type;review_motif_visibility;record_provenance;record_license,pending,
2,img_e18e4deb51d19aaa,dataset_dev/05_kosiv_ceramics/k316.jpg,05_kosiv_ceramics,candidate_4d25a6d10ab1ba71,duplicate_or_group_candidate;confirm_object_group;assign_object_type;review_motif_visibility;record_provenance;record_license,pending,
2,img_638bedb9409ba214,dataset_test/01_opishnyan_ceramics/o024_1.jpg,01_opishnyan_ceramics,candidate_767cdb7b28578390,duplicate_or_group_candidate;confirm_object_group;assign_object_type;review_motif_visibility;record_provenance;record_license,pending,
2,img_f5dae1bca6661bb1,dataset_test/01_opishnyan_ceramics/o024_2.jpg,01_opishnyan_ceramics,candidate_767cdb7b28578390,duplicate_or_group_candidate;confirm_object_group;assign_object_type;review_motif_visibility;record_provenance;record_license,pending,
2,img_b881fe92ae5cb695,dataset_test/01_opishnyan_ceramics/o024_3.jpg,01_opishnyan_ceramics,candidate_767cdb7b28578390,duplicate_or_group_candidate;confirm_object_group;assign_object_type;review_motif_visibility;record_provenance;record_license,pending,
2,img_0c129749e1a5b961,dataset_test/01_opishnyan_ceramics/o028_1.jpg,01_opishnyan_ceramics,candidate_2bbcc143de8cb6a0,duplicate_or_group_candidate;confirm_object_group;assign_object_type;review_motif_visibility;record_provenance;record_license,pending,
2,img_995c38533dc7bb6d,dataset_test/01_opishnyan_ceramics/o028_2.jpg,01_opishnyan_ceramics,candidate_2bbcc143de8cb6a0,duplicate_or_group_candidate;confirm_object_group;assign_object_type;review_motif_visibility;record_provenance;record_license,pending,
2,img_2faa6a85b82310fb,dataset_test/01_opishnyan_ceramics/o039_1.jpg,01_opishnyan_ceramics,candidate_23c0f30c616a73a1,duplicate_or_group_candidate;confirm_object_group;assign_object_type;review_motif_visibility;record_provenance;record_license,pending,
2,img_be0e63c585b42472,dataset_test/01_opishnyan_ceramics/o039_2.jpg,01_opishnyan_ceramics,candidate_23c0f30c616a73a1,duplicate_or_group_candidate;confirm_object_group;assign_object_type;review_motif_visibility;record_provenance;record_license,pending,
2,img_014f671a94192289,dataset_test/01_opishnyan_ceramics/o078.jpg,01_opishnyan_ceramics,candidate_7fc53dbf666c7c09,duplicate_or_group_candidate;confirm_object_group;assign_object_type;review_motif_visibility;record_provenance;record_license,pending,
2,img_3931a66272619888,dataset_test/01_opishnyan_ceramics/o201.jpg,01_opishnyan_ceramics,candidate_7fc53dbf666c7c09,duplicate_or_group_candidate;confirm_object_group;assign_object_type;review_motif_visibility;record_provenance;record_license,pending,
2,img_85311ecf06eb0949,dataset_test/01_opishnyan_ceramics/o228_1.jpg,01_opishnyan_ceramics,candidate_44d9784c4c706e9d,duplicate_or_group_candidate;confirm_object_group;assign_object_type;review_motif_visibility;record_provenance;record_license,pending,
2,img_60fff2740afd3bb5,dataset_test/01_opishnyan_ceramics/o228_2.jpg,01_opishnyan_ceramics,candidate_44d9784c4c706e9d,duplicate_or_group_candidate;confirm_object_group;assign_object_type;review_motif_visibility;record_provenance;record_license,pending,
2,img_fbb86b48bfc1cd62,dataset_test/01_opishnyan_ceramics/o228_3.jpg,01_opishnyan_ceramics,candidate_44d9784c4c706e9d,duplicate_or_group_candidate;confirm_object_group;assign_object_type;review_motif_visibility;record_provenance;record_license,pending,
2,img_82018e81a9aa850d,dataset_test/01_opishnyan_ceramics/o228_4.jpg,01_opishnyan_ceramics,candidate_44d9784c4c706e9d,duplicate_or_group_candidate;confirm_object_group;assign_object_type;review_motif_visibility;record_provenance;record_license,pending,
2,img_fb98c98a8ff5ff97,dataset_test/01_opishnyan_ceramics/o229_1.jpg,01_opishnyan_ceramics,candidate_ea9647405c96ee70,duplicate_or_group_candidate;confirm_object_group;assign_object_type;review_motif_visibility;record_provenance;record_license,pending,
2,img_c3416c4b518d2bce,dataset_test/01_opishnyan_ceramics/o229_2.jpg,01_opishnyan_ceramics,candidate_ea9647405c96ee70,duplicate_or_group_candidate;confirm_object_group;assign_object_type;review_motif_visibility;record_provenance;record_license,pending,
2,img_866211f3cf80f5d0,dataset_test/01_opishnyan_ceramics/o229_3.jpg,01_opishnyan_ceramics,candidate_ea9647405c96ee70,duplicate_or_group_candidate;confirm_object_group;assign_object_type;review_motif_visibility;record_provenance;record_license,pending,
2,img_2d02a902971b8400,dataset_test/01_opishnyan_ceramics/o229_4.jpg,01_opishnyan_ceramics,candidate_ea9647405c96ee70,duplicate_or_group_candidate;confirm_object_group;assign_object_type;review_motif_visibility;record_provenance;record_license,pending,
2,img_a8e8398b8c9d0bf4,dataset_test/01_opishnyan_ceramics/o229_5.jpg,01_opishnyan_ceramics,candidate_ea9647405c96ee70,duplicate_or_group_candidate;confirm_object_group;assign_object_type;review_motif_visibility;record_provenance;record_license,pending,
2,img_f756d5e1935a5a56,dataset_test/01_opishnyan_ceramics/o230_1.jpg,01_opishnyan_ceramics,candidate_7769a9ec341b81f3,duplicate_or_group_candidate;confirm_object_group;assign_object_type;review_motif_visibility;record_provenance;record_license,pending,
2,img_424b0689aefbf984,dataset_test/01_opishnyan_ceramics/o230_2.jpg,01_opishnyan_ceramics,candidate_7769a9ec341b81f3,duplicate_or_group_candidate;confirm_object_group;assign_object_type;review_motif_visibility;record_provenance;record_license,pending,
2,img_15ee71cdaf6cbba8,dataset_test/01_opishnyan_ceramics/o230_3.jpg,01_opishnyan_ceramics,candidate_7769a9ec341b81f3,duplicate_or_group_candidate;confirm_object_group;assign_object_type;review_motif_visibility;record_provenance;record_license,pending,
2,img_b855be323173bbf6,dataset_test/01_opishnyan_ceramics/o230_4.jpg,01_opishnyan_ceramics,candidate_7769a9ec341b81f3,duplicate_or_group_candidate;confirm_object_group;assign_object_type;review_motif_visibility;record_provenance;record_license,pending,
2,img_78030108dba3b7fd,dataset_test/01_opishnyan_ceramics/o231_1.jpg,01_opishnyan_ceramics,candidate_02442b324cfa03bd,duplicate_or_group_candidate;confirm_object_group;assign_object_type;review_motif_visibility;record_provenance;record_license,pending,
2,img_6a9adccdcaa22262,dataset_test/01_opishnyan_ceramics/o231_2.jpg,01_opishnyan_ceramics,candidate_02442b324cfa03bd,duplicate_or_group_candidate;confirm_object_group;assign_object_type;review_motif_visibility;record_provenance;record_license,pending,
2,img_1543c27459671cfe,dataset_test/01_opishnyan_ceramics/o231_3.jpg,01_opishnyan_ceramics,candidate_02442b324cfa03bd,duplicate_or_group_candidate;confirm_object_group;assign_object_type;review_motif_visibility;record_provenance;record_license,pending,
2,img_97fb0ef67c57b8e0,dataset_test/01_opishnyan_ceramics/o231_4.jpg,01_opishnyan_ceramics,candidate_02442b324cfa03bd,duplicate_or_group_candidate;confirm_object_group;assign_object_type;review_motif_visibility;record_provenance;record_license,pending,
2,img_dd0828da8ee534b7,dataset_test/01_opishnyan_ceramics/o231_5.jpg,01_opishnyan_ceramics,candidate_02442b324cfa03bd,duplicate_or_group_candidate;confirm_object_group;assign_object_type;review_motif_visibility;record_provenance;record_license,pending,
2,img_50a396d22d841b8d,dataset_test/01_opishnyan_ceramics/o231_6.jpg,01_opishnyan_ceramics,candidate_02442b324cfa03bd,duplicate_or_group_candidate;confirm_object_group;assign_object_type;review_motif_visibility;record_provenance;record_license,pending,
2,img_33d6949a32dce1ef,dataset_test/01_opishnyan_ceramics/o231_7.jpg,01_opishnyan_ceramics,candidate_02442b324cfa03bd,duplicate_or_group_candidate;confirm_object_group;assign_object_type;review_motif_visibility;record_provenance;record_license,pending,
2,img_4783f39952692d0e,dataset_test/01_opishnyan_ceramics/o232_1.jpg,01_opishnyan_ceramics,candidate_69d4c94ccdd24c01,duplicate_or_group_candidate;confirm_object_group;assign_object_type;review_motif_visibility;record_provenance;record_license,pending,
2,img_f8a3ae5f1450dece,dataset_test/01_opishnyan_ceramics/o232_2.jpg,01_opishnyan_ceramics,candidate_69d4c94ccdd24c01,duplicate_or_group_candidate;confirm_object_group;assign_object_type;review_motif_visibility;record_provenance;record_license,pending,
2,img_cc126686ffc3fe4a,dataset_test/01_opishnyan_ceramics/o232_3.jpg,01_opishnyan_ceramics,candidate_69d4c94ccdd24c01,duplicate_or_group_candidate;confirm_object_group;assign_object_type;review_motif_visibility;record_provenance;record_license,pending,
2,img_fc53f3ee5d6198d7,dataset_test/01_opishnyan_ceramics/o232_4.jpg,01_opishnyan_ceramics,candidate_69d4c94ccdd24c01,duplicate_or_group_candidate;confirm_object_group;assign_object_type;review_motif_visibility;record_provenance;record_license,pending,
2,img_eadfcf530bf760fc,dataset_test/01_opishnyan_ceramics/o232_5.jpg,01_opishnyan_ceramics,candidate_69d4c94ccdd24c01,duplicate_or_group_candidate;confirm_object_group;assign_object_type;review_motif_visibility;record_provenance;record_license,pending,
2,img_f137ca4dbe240c72,dataset_test/01_opishnyan_ceramics/o232_6.jpg,01_opishnyan_ceramics,candidate_69d4c94ccdd24c01,duplicate_or_group_candidate;confirm_object_group;assign_object_type;review_motif_visibility;record_provenance;record_license,pending,
2,img_d991ce9ab914e668,dataset_test/01_opishnyan_ceramics/o232_7.jpg,01_opishnyan_ceramics,candidate_69d4c94ccdd24c01,duplicate_or_group_candidate;confirm_object_group;assign_object_type;review_motif_visibility;record_provenance;record_license,pending,
2,img_546eb3ea49467690,dataset_test/01_opishnyan_ceramics/o232_8.jpg,01_opishnyan_ceramics,candidate_69d4c94ccdd24c01,duplicate_or_group_candidate;confirm_object_group;assign_object_type;review_motif_visibility;record_provenance;record_license,pending,
2,img_e230a92e1c340786,dataset_test/01_opishnyan_ceramics/o233_1.jpg,01_opishnyan_ceramics,candidate_cdde419a5c9892e2,duplicate_or_group_candidate;confirm_object_group;assign_object_type;review_motif_visibility;record_provenance;record_license,pending,
2,img_bf2568cb2be8d7de,dataset_test/01_opishnyan_ceramics/o233_2.jpg,01_opishnyan_ceramics,candidate_cdde419a5c9892e2,duplicate_or_group_candidate;confirm_object_group;assign_object_type;review_motif_visibility;record_provenance;record_license,pending,
2,img_e8127fb81bd27fec,dataset_test/01_opishnyan_ceramics/o233_3.jpg,01_opishnyan_ceramics,candidate_cdde419a5c9892e2,duplicate_or_group_candidate;confirm_object_group;assign_object_type;review_motif_visibility;record_provenance;record_license,pending,
2,img_b7e0b2ede17d36e7,dataset_test/01_opishnyan_ceramics/o235_1.jpg,01_opishnyan_ceramics,candidate_079a1e48abc2782b,duplicate_or_group_candidate;confirm_object_group;assign_object_type;review_motif_visibility;record_provenance;record_license,pending,
2,img_0073e7843cacc5ea,dataset_test/01_opishnyan_ceramics/o235_2.jpg,01_opishnyan_ceramics,candidate_079a1e48abc2782b,duplicate_or_group_candidate;confirm_object_group;assign_object_type;review_motif_visibility;record_provenance;record_license,pending,
2,img_32a414b9e34e09e4,dataset_test/01_opishnyan_ceramics/o235_3.jpg,01_opishnyan_ceramics,candidate_079a1e48abc2782b,duplicate_or_group_candidate;confirm_object_group;assign_object_type;review_motif_visibility;record_provenance;record_license,pending,
2,img_28c1918ca97d1115,dataset_test/01_opishnyan_ceramics/o235_4.jpg,01_opishnyan_ceramics,candidate_079a1e48abc2782b,duplicate_or_group_candidate;confirm_object_group;assign_object_type;review_motif_visibility;record_provenance;record_license,pending,
2,img_caa40d4251d63e80,dataset_test/01_opishnyan_ceramics/o235_5.jpg,01_opishnyan_ceramics,candidate_079a1e48abc2782b,duplicate_or_group_candidate;confirm_object_group;assign_object_type;review_motif_visibility;record_provenance;record_license,pending,
2,img_536eca24f8d35a34,dataset_test/01_opishnyan_ceramics/o236_1.jpg,01_opishnyan_ceramics,candidate_17923b1acc849d8c,duplicate_or_group_candidate;confirm_object_group;assign_object_type;review_motif_visibility;record_provenance;record_license,pending,
2,img_8ef8f15220cb71f2,dataset_test/01_opishnyan_ceramics/o236_2.jpg,01_opishnyan_ceramics,candidate_17923b1acc849d8c,duplicate_or_group_candidate;confirm_object_group;assign_object_type;review_motif_visibility;record_provenance;record_license,pending,
2,img_ae80dc127da457bb,dataset_test/01_opishnyan_ceramics/o236_3.jpg,01_opishnyan_ceramics,candidate_17923b1acc849d8c,duplicate_or_group_candidate;confirm_object_group;assign_object_type;review_motif_visibility;record_provenance;record_license,pending,
2,img_61a6858fa49e6e18,dataset_test/01_opishnyan_ceramics/o236_4.jpg,01_opishnyan_ceramics,candidate_17923b1acc849d8c,duplicate_or_group_candidate;confirm_object_group;assign_object_type;review_motif_visibility;record_provenance;record_license,pending,
2,img_dd839aa9664e10d1,dataset_test/01_opishnyan_ceramics/o236_5.jpg,01_opishnyan_ceramics,candidate_17923b1acc849d8c,duplicate_or_group_candidate;confirm_object_group;assign_object_type;review_motif_visibility;record_provenance;record_license,pending,
2,img_1e033e767348e35d,dataset_test/01_opishnyan_ceramics/o237_1.jpg,01_opishnyan_ceramics,candidate_11b7c3ca7496f28c,duplicate_or_group_candidate;confirm_object_group;assign_object_type;review_motif_visibility;record_provenance;record_license,pending,
2,img_9b70353b6ec9307e,dataset_test/01_opishnyan_ceramics/o237_2.jpg,01_opishnyan_ceramics,candidate_11b7c3ca7496f28c,duplicate_or_group_candidate;confirm_object_group;assign_object_type;review_motif_visibility;record_provenance;record_license,pending,
2,img_1dee0a163255c260,dataset_test/01_opishnyan_ceramics/o237_3.jpg,01_opishnyan_ceramics,candidate_11b7c3ca7496f28c,duplicate_or_group_candidate;confirm_object_group;assign_object_type;review_motif_visibility;record_provenance;record_license,pending,
2,img_8e4e2df20591c6c2,dataset_test/01_opishnyan_ceramics/o237_4.jpg,01_opishnyan_ceramics,candidate_11b7c3ca7496f28c,duplicate_or_group_candidate;confirm_object_group;assign_object_type;review_motif_visibility;record_provenance;record_license,pending,
2,img_522edcd776a0834e,dataset_test/01_opishnyan_ceramics/o237_5.jpg,01_opishnyan_ceramics,candidate_11b7c3ca7496f28c,duplicate_or_group_candidate;confirm_object_group;assign_object_type;review_motif_visibility;record_provenance;record_license,pending,
2,img_016ad741c5ec6aee,dataset_test/01_opishnyan_ceramics/o248_1.jpg,01_opishnyan_ceramics,candidate_fef5dd84a5d7ad7b,duplicate_or_group_candidate;confirm_object_group;assign_object_type;review_motif_visibility;record_provenance;record_license,pending,
2,img_16adda10446f0f8e,dataset_test/01_opishnyan_ceramics/o248_2.jpg,01_opishnyan_ceramics,candidate_fef5dd84a5d7ad7b,duplicate_or_group_candidate;confirm_object_group;assign_object_type;review_motif_visibility;record_provenance;record_license,pending,
2,img_c1f5897b897625cd,dataset_test/01_opishnyan_ceramics/o264_1.jpg,01_opishnyan_ceramics,candidate_11465b66dcd8a267,duplicate_or_group_candidate;confirm_object_group;assign_object_type;review_motif_visibility;record_provenance;record_license,pending,
2,img_ee917848c0e2ac85,dataset_test/01_opishnyan_ceramics/o264_2.jpg,01_opishnyan_ceramics,candidate_11465b66dcd8a267,duplicate_or_group_candidate;confirm_object_group;assign_object_type;review_motif_visibility;record_provenance;record_license,pending,
2,img_56cba7ae17031ba8,dataset_test/01_opishnyan_ceramics/o286_2.jpg,01_opishnyan_ceramics,candidate_8fa5762260949e5a,duplicate_or_group_candidate;confirm_object_group;assign_object_type;review_motif_visibility;record_provenance;record_license,pending,
2,img_bad71dee8ab659a6,dataset_test/01_opishnyan_ceramics/o292.jpg,01_opishnyan_ceramics,candidate_241837282bf9d712,duplicate_or_group_candidate;confirm_object_group;assign_object_type;review_motif_visibility;record_provenance;record_license,pending,
2,img_1e2d829fb4be622d,dataset_test/01_opishnyan_ceramics/o292_2.jpg,01_opishnyan_ceramics,candidate_241837282bf9d712,duplicate_or_group_candidate;confirm_object_group;assign_object_type;review_motif_visibility;record_provenance;record_license,pending,
2,img_7ce59b9e881e2c58,dataset_test/01_opishnyan_ceramics/o308_1.jpg,01_opishnyan_ceramics,candidate_e0ce6ce25b41ec05,duplicate_or_group_candidate;confirm_object_group;assign_object_type;review_motif_visibility;record_provenance;record_license,pending,
2,img_9580e860d4b311cc,dataset_test/01_opishnyan_ceramics/o308_2.jpg,01_opishnyan_ceramics,candidate_e0ce6ce25b41ec05,duplicate_or_group_candidate;confirm_object_group;assign_object_type;review_motif_visibility;record_provenance;record_license,pending,
2,img_3ce592ed41633390,dataset_test/01_opishnyan_ceramics/o312_1.jpg,01_opishnyan_ceramics,candidate_b9ec279e8c2947d5,duplicate_or_group_candidate;confirm_object_group;assign_object_type;review_motif_visibility;record_provenance;record_license,pending,
2,img_553b709122e73f33,dataset_test/01_opishnyan_ceramics/o312_2.jpg,01_opishnyan_ceramics,candidate_b9ec279e8c2947d5,duplicate_or_group_candidate;confirm_object_group;assign_object_type;review_motif_visibility;record_provenance;record_license,pending,
2,img_d5fc4b4084497255,dataset_test/01_opishnyan_ceramics/o319_1.jpeg,01_opishnyan_ceramics,candidate_716493c373446369,duplicate_or_group_candidate;confirm_object_group;assign_object_type;review_motif_visibility;record_provenance;record_license,pending,
2,img_82597470ef24da72,dataset_test/01_opishnyan_ceramics/o319_2.jpeg,01_opishnyan_ceramics,candidate_716493c373446369,duplicate_or_group_candidate;confirm_object_group;assign_object_type;review_motif_visibility;record_provenance;record_license,pending,
2,img_af90f81ca583b88d,dataset_test/01_opishnyan_ceramics/o321_1.jpg,01_opishnyan_ceramics,candidate_5ffc63ae7f4e8cd0,duplicate_or_group_candidate;confirm_object_group;assign_object_type;review_motif_visibility;record_provenance;record_license,pending,
2,img_3b58009f83299eb8,dataset_test/01_opishnyan_ceramics/o321_2.jpg,01_opishnyan_ceramics,candidate_5ffc63ae7f4e8cd0,duplicate_or_group_candidate;confirm_object_group;assign_object_type;review_motif_visibility;record_provenance;record_license,pending,
2,img_bcc8cd23126a5768,dataset_test/01_opishnyan_ceramics/o330_1.jpeg,01_opishnyan_ceramics,candidate_32d791f8ac405a24,duplicate_or_group_candidate;confirm_object_group;assign_object_type;review_motif_visibility;record_provenance;record_license,pending,
2,img_42a15338b3c1eace,dataset_test/01_opishnyan_ceramics/o330_2.jpeg,01_opishnyan_ceramics,candidate_32d791f8ac405a24,duplicate_or_group_candidate;confirm_object_group;assign_object_type;review_motif_visibility;record_provenance;record_license,pending,
2,img_5d3a6947e0671de9,dataset_test/01_opishnyan_ceramics/o336_1.jpg,01_opishnyan_ceramics,candidate_4a6d3f395b7dbfac,duplicate_or_group_candidate;confirm_object_group;assign_object_type;review_motif_visibility;record_provenance;record_license,pending,
2,img_a2ca5dbabca1ea65,dataset_test/01_opishnyan_ceramics/o336_2.jpg,01_opishnyan_ceramics,candidate_4a6d3f395b7dbfac,duplicate_or_group_candidate;confirm_object_group;assign_object_type;review_motif_visibility;record_provenance;record_license,pending,
2,img_295ae82551ac46e5,dataset_test/01_opishnyan_ceramics/o337_1.jpg,01_opishnyan_ceramics,candidate_03df9a94826f8bbe,duplicate_or_group_candidate;confirm_object_group;assign_object_type;review_motif_visibility;record_provenance;record_license,pending,
2,img_50bb507662906a8a,dataset_test/01_opishnyan_ceramics/o337_2.jpg,01_opishnyan_ceramics,candidate_03df9a94826f8bbe,duplicate_or_group_candidate;confirm_object_group;assign_object_type;review_motif_visibility;record_provenance;record_license,pending,
2,img_734752b738511b0d,dataset_test/01_opishnyan_ceramics/o337_3.jpg,01_opishnyan_ceramics,candidate_03df9a94826f8bbe,duplicate_or_group_candidate;confirm_object_group;assign_object_type;review_motif_visibility;record_provenance;record_license,pending,
2,img_c86a1ccd325ec77a,dataset_test/01_opishnyan_ceramics/o365_2.jpg,01_opishnyan_ceramics,candidate_ada644db4dceed48,duplicate_or_group_candidate;confirm_object_group;assign_object_type;review_motif_visibility;record_provenance;record_license,pending,
2,img_5e5f15214adb0fa2,dataset_test/01_opishnyan_ceramics/o371_1.jpg,01_opishnyan_ceramics,candidate_cfd6dc08468aa01c,duplicate_or_group_candidate;confirm_object_group;assign_object_type;review_motif_visibility;record_provenance;record_license,pending,
2,img_aa5c718d24f4401f,dataset_test/01_opishnyan_ceramics/o371_2.jpg,01_opishnyan_ceramics,candidate_cfd6dc08468aa01c,duplicate_or_group_candidate;confirm_object_group;assign_object_type;review_motif_visibility;record_provenance;record_license,pending,
2,img_166c65513bea513d,dataset_test/01_opishnyan_ceramics/o379_1.jpg,01_opishnyan_ceramics,candidate_4ee4d6a4946a3921,duplicate_or_group_candidate;confirm_object_group;assign_object_type;review_motif_visibility;record_provenance;record_license,pending,
2,img_763f34bf262c091b,dataset_test/01_opishnyan_ceramics/o379_2.jpg,01_opishnyan_ceramics,candidate_4ee4d6a4946a3921,duplicate_or_group_candidate;confirm_object_group;assign_object_type;review_motif_visibility;record_provenance;record_license,pending,
2,img_e81e5234ac5445db,dataset_test/01_opishnyan_ceramics/o384_1.jpg,01_opishnyan_ceramics,candidate_86a65428b861545d,duplicate_or_group_candidate;confirm_object_group;assign_object_type;review_motif_visibility;record_provenance;record_license,pending,
2,img_640c20e82085ca29,dataset_test/01_opishnyan_ceramics/o384_2.jpg,01_opishnyan_ceramics,candidate_86a65428b861545d,duplicate_or_group_candidate;confirm_object_group;assign_object_type;review_motif_visibility;record_provenance;record_license,pending,
2,img_714b00cfcd76dcfb,dataset_test/04_petrykivka_painting/217.jpg,04_petrykivka_painting,candidate_314c6f0d49a7d04b,duplicate_or_group_candidate;confirm_object_group;assign_object_type;review_motif_visibility;record_provenance;record_license,pending,
2,img_e0fb4ab523fb5ffc,dataset_test/04_petrykivka_painting/232.jpg,04_petrykivka_painting,candidate_314c6f0d49a7d04b,duplicate_or_group_candidate;confirm_object_group;assign_object_type;review_motif_visibility;record_provenance;record_license,pending,
3,img_512f4e630b16091b,dataset_dev/01_opishnyan_ceramics/o003.jpg,01_opishnyan_ceramics,candidate_a26cc231da35d54f,confirm_object_group;assign_object_type;review_motif_visibility;record_provenance;record_license,pending,
3,img_ba2c139bc922f140,dataset_dev/01_opishnyan_ceramics/o004.jpg,01_opishnyan_ceramics,candidate_3b3a58767e456c56,confirm_object_group;assign_object_type;review_motif_visibility;record_provenance;record_license,pending,
3,img_1b7aeb7b2f0f0902,dataset_dev/01_opishnyan_ceramics/o005.jpg,01_opishnyan_ceramics,candidate_13a41741816eb3a8,confirm_object_group;assign_object_type;review_motif_visibility;record_provenance;record_license,pending,
3,img_208a818a482ecd23,dataset_dev/01_opishnyan_ceramics/o007.jpg,01_opishnyan_ceramics,candidate_b755d1791074f436,confirm_object_group;assign_object_type;review_motif_visibility;record_provenance;record_license,pending,
3,img_65cc319544a81be5,dataset_dev/01_opishnyan_ceramics/o009.jpg,01_opishnyan_ceramics,candidate_fc2446ae9a58fb86,confirm_object_group;assign_object_type;review_motif_visibility;record_provenance;record_license,pending,
3,img_ffa5e6b1a7bd8d18,dataset_dev/01_opishnyan_ceramics/o011.jpg,01_opishnyan_ceramics,candidate_f9804079448d2da9,confirm_object_group;assign_object_type;review_motif_visibility;record_provenance;record_license,pending,
3,img_a0d4a5f4a1bf8699,dataset_dev/01_opishnyan_ceramics/o013.jpg,01_opishnyan_ceramics,candidate_9d84b648c22b6f8a,confirm_object_group;assign_object_type;review_motif_visibility;record_provenance;record_license,pending,
3,img_50199870352d207d,dataset_dev/01_opishnyan_ceramics/o015.jpg,01_opishnyan_ceramics,candidate_1f193286c21fc6e4,confirm_object_group;assign_object_type;review_motif_visibility;record_provenance;record_license,pending,
3,img_22e88d97ed959f13,dataset_dev/01_opishnyan_ceramics/o016.jpg,01_opishnyan_ceramics,candidate_89667a786b0602f5,confirm_object_group;assign_object_type;review_motif_visibility;record_provenance;record_license,pending,
3,img_80ff7b3b7086eef9,dataset_dev/01_opishnyan_ceramics/o019.jpg,01_opishnyan_ceramics,candidate_3a8c3df522a6c293,confirm_object_group;assign_object_type;review_motif_visibility;record_provenance;record_license,pending,
3,img_a613a5fc498d5dcb,dataset_dev/01_opishnyan_ceramics/o020.jpg,01_opishnyan_ceramics,candidate_0ac9bcf70ff6c277,confirm_object_group;assign_object_type;review_motif_visibility;record_provenance;record_license,pending,
3,img_b1aec7fc658331cc,dataset_dev/01_opishnyan_ceramics/o030.jpg,01_opishnyan_ceramics,candidate_4506fee6424c971b,confirm_object_group;assign_object_type;review_motif_visibility;record_provenance;record_license,pending,
3,img_98c3b337aae62579,dataset_dev/01_opishnyan_ceramics/o032.jpg,01_opishnyan_ceramics,candidate_4df86825f9cd2a7e,confirm_object_group;assign_object_type;review_motif_visibility;record_provenance;record_license,pending,
3,img_648f059988de34ee,dataset_dev/01_opishnyan_ceramics/o033.jpg,01_opishnyan_ceramics,candidate_6020395bdd079772,confirm_object_group;assign_object_type;review_motif_visibility;record_provenance;record_license,pending,
3,img_19769cdc4bebbf88,dataset_dev/01_opishnyan_ceramics/o035.jpg,01_opishnyan_ceramics,candidate_3fbeb49a8f562916,confirm_object_group;assign_object_type;review_motif_visibility;record_provenance;record_license,pending,
3,img_ae4613eaffdbd53c,dataset_dev/01_opishnyan_ceramics/o036.jpg,01_opishnyan_ceramics,candidate_ce991220b032954e,confirm_object_group;assign_object_type;review_motif_visibility;record_provenance;record_license,pending,
3,img_ee54b3b6032fc390,dataset_dev/01_opishnyan_ceramics/o042.jpg,01_opishnyan_ceramics,candidate_69a3d73c5e1f839a,confirm_object_group;assign_object_type;review_motif_visibility;record_provenance;record_license,pending,
3,img_612d6366d9e9b2eb,dataset_dev/01_opishnyan_ceramics/o043.jpg,01_opishnyan_ceramics,candidate_b2e765b290bbc181,confirm_object_group;assign_object_type;review_motif_visibility;record_provenance;record_license,pending,
3,img_464f3488e464211a,dataset_dev/01_opishnyan_ceramics/o047.jpg,01_opishnyan_ceramics,candidate_977245f472ce04a9,confirm_object_group;assign_object_type;review_motif_visibility;record_provenance;record_license,pending,
3,img_d42a835708dfa4c2,dataset_dev/01_opishnyan_ceramics/o049.jpg,01_opishnyan_ceramics,candidate_2aa1fc7dbe0a7ab7,confirm_object_group;assign_object_type;review_motif_visibility;record_provenance;record_license,pending,
3,img_8715f3d0166bafb8,dataset_dev/01_opishnyan_ceramics/o050.jpg,01_opishnyan_ceramics,candidate_70c7fa4bdc89728e,confirm_object_group;assign_object_type;review_motif_visibility;record_provenance;record_license,pending,
3,img_6edce32cc4ca7163,dataset_dev/01_opishnyan_ceramics/o052.jpg,01_opishnyan_ceramics,candidate_6297877b30aa95b9,confirm_object_group;assign_object_type;review_motif_visibility;record_provenance;record_license,pending,
3,img_ae00f09b36a1052e,dataset_dev/01_opishnyan_ceramics/o053.jpg,01_opishnyan_ceramics,candidate_8500ada856ae6b9e,confirm_object_group;assign_object_type;review_motif_visibility;record_provenance;record_license,pending,
3,img_32040a5594c8bf58,dataset_dev/01_opishnyan_ceramics/o055.jpg,01_opishnyan_ceramics,candidate_379f467f69bbb9d8,confirm_object_group;assign_object_type;review_motif_visibility;record_provenance;record_license,pending,
3,img_76422e04e5044037,dataset_dev/01_opishnyan_ceramics/o057.jpg,01_opishnyan_ceramics,candidate_4c2ab8300c01188c,confirm_object_group;assign_object_type;review_motif_visibility;record_provenance;record_license,pending,
3,img_a05d63b687c77770,dataset_dev/01_opishnyan_ceramics/o062.jpeg,01_opishnyan_ceramics,candidate_bf854cc6bfdf12fd,confirm_object_group;assign_object_type;review_motif_visibility;record_provenance;record_license,pending,
3,img_db1291f981873646,dataset_dev/01_opishnyan_ceramics/o065.jpg,01_opishnyan_ceramics,candidate_914ca28f02955341,confirm_object_group;assign_object_type;review_motif_visibility;record_provenance;record_license,pending,
3,img_27a4af8334229eeb,dataset_dev/01_opishnyan_ceramics/o066.jpg,01_opishnyan_ceramics,candidate_d266a96228a245b8,confirm_object_group;assign_object_type;review_motif_visibility;record_provenance;record_license,pending,
3,img_79fd0a23766a0896,dataset_dev/01_opishnyan_ceramics/o067.jpg,01_opishnyan_ceramics,candidate_429f0ab6e66bece5,confirm_object_group;assign_object_type;review_motif_visibility;record_provenance;record_license,pending,
3,img_cf3ec0065848b378,dataset_dev/01_opishnyan_ceramics/o070.jpg,01_opishnyan_ceramics,candidate_8b0c3bfc2e26d130,confirm_object_group;assign_object_type;review_motif_visibility;record_provenance;record_license,pending,
3,img_3f867edb13f6d9e7,dataset_dev/01_opishnyan_ceramics/o072.jpg,01_opishnyan_ceramics,candidate_f2031b6f9244bed2,confirm_object_group;assign_object_type;review_motif_visibility;record_provenance;record_license,pending,
3,img_e42e9a248f42aeff,dataset_dev/01_opishnyan_ceramics/o076.jpg,01_opishnyan_ceramics,candidate_b73e1ce4cfd24585,confirm_object_group;assign_object_type;review_motif_visibility;record_provenance;record_license,pending,
3,img_20daf377d66f3fa1,dataset_dev/01_opishnyan_ceramics/o077.jpg,01_opishnyan_ceramics,candidate_ab4b7de3eec4487f,confirm_object_group;assign_object_type;review_motif_visibility;record_provenance;record_license,pending,
3,img_55d9ff12510acae5,dataset_dev/01_opishnyan_ceramics/o079.jpg,01_opishnyan_ceramics,candidate_4871344e876c0078,confirm_object_group;assign_object_type;review_motif_visibility;record_provenance;record_license,pending,
3,img_bc67051e8211bbac,dataset_dev/01_opishnyan_ceramics/o094.jpg,01_opishnyan_ceramics,candidate_a600958d9924dcc4,confirm_object_group;assign_object_type;review_motif_visibility;record_provenance;record_license,pending,
3,img_83d7d22b0e1eb6eb,dataset_dev/01_opishnyan_ceramics/o097.jpg,01_opishnyan_ceramics,candidate_59e4b830bd62ffdf,confirm_object_group;assign_object_type;review_motif_visibility;record_provenance;record_license,pending,
3,img_66293d24535400e3,dataset_dev/01_opishnyan_ceramics/o100.jpg,01_opishnyan_ceramics,candidate_44e5b520d415a659,confirm_object_group;assign_object_type;review_motif_visibility;record_provenance;record_license,pending,
3,img_065dff950ae8b9dc,dataset_dev/01_opishnyan_ceramics/o101.jpg,01_opishnyan_ceramics,candidate_e91982e06a857fef,confirm_object_group;assign_object_type;review_motif_visibility;record_provenance;record_license,pending,
3,img_a7f9c61d19edc296,dataset_dev/01_opishnyan_ceramics/o102.jpg,01_opishnyan_ceramics,candidate_ba81df5b8107568b,confirm_object_group;assign_object_type;review_motif_visibility;record_provenance;record_license,pending,
3,img_1460ba9736792769,dataset_dev/01_opishnyan_ceramics/o103.jpg,01_opishnyan_ceramics,candidate_cac3156f50949f25,confirm_object_group;assign_object_type;review_motif_visibility;record_provenance;record_license,pending,
3,img_9ff629926d00c926,dataset_dev/01_opishnyan_ceramics/o117.jpg,01_opishnyan_ceramics,candidate_8ec90c3853c69227,confirm_object_group;assign_object_type;review_motif_visibility;record_provenance;record_license,pending,
3,img_f217d73709a40bba,dataset_dev/01_opishnyan_ceramics/o119.jpg,01_opishnyan_ceramics,candidate_8068682db094da00,confirm_object_group;assign_object_type;review_motif_visibility;record_provenance;record_license,pending,
3,img_56fe26ce51147522,dataset_dev/01_opishnyan_ceramics/o122.jpg,01_opishnyan_ceramics,candidate_54df14921f128461,confirm_object_group;assign_object_type;review_motif_visibility;record_provenance;record_license,pending,
3,img_bb478a6a9ea96f01,dataset_dev/01_opishnyan_ceramics/o124.jpg,01_opishnyan_ceramics,candidate_3a27952731524ac3,confirm_object_group;assign_object_type;review_motif_visibility;record_provenance;record_license,pending,
3,img_390d919059572a43,dataset_dev/01_opishnyan_ceramics/o127.jpg,01_opishnyan_ceramics,candidate_dbfbe5f73621efad,confirm_object_group;assign_object_type;review_motif_visibility;record_provenance;record_license,pending,
3,img_183cedcef8321e71,dataset_dev/01_opishnyan_ceramics/o128.jpg,01_opishnyan_ceramics,candidate_9f58b2626613fad6,confirm_object_group;assign_object_type;review_motif_visibility;record_provenance;record_license,pending,
3,img_8ac7c7cfa2046468,dataset_dev/01_opishnyan_ceramics/o131.jpg,01_opishnyan_ceramics,candidate_87c55b2c0f3ab8bf,confirm_object_group;assign_object_type;review_motif_visibility;record_provenance;record_license,pending,
3,img_98cf909cf2c2c26e,dataset_dev/01_opishnyan_ceramics/o132.jpg,01_opishnyan_ceramics,candidate_54cfa90843f11e3d,confirm_object_group;assign_object_type;review_motif_visibility;record_provenance;record_license,pending,
3,img_965b324ff3a43ff9,dataset_dev/01_opishnyan_ceramics/o134.jpg,01_opishnyan_ceramics,candidate_4713d92a0a7c0fb8,confirm_object_group;assign_object_type;review_motif_visibility;record_provenance;record_license,pending,
3,img_dd456711a8868062,dataset_dev/01_opishnyan_ceramics/o135.jpg,01_opishnyan_ceramics,candidate_af536fba191d7f41,confirm_object_group;assign_object_type;review_motif_visibility;record_provenance;record_license,pending,
3,img_fa9396bae33d6dd0,dataset_dev/01_opishnyan_ceramics/o137.jpg,01_opishnyan_ceramics,candidate_d76a2fad3bfae39b,confirm_object_group;assign_object_type;review_motif_visibility;record_provenance;record_license,pending,
3,img_f83d5e93773dd9a0,dataset_dev/01_opishnyan_ceramics/o139.jpg,01_opishnyan_ceramics,candidate_fc751f1e0636d219,confirm_object_group;assign_object_type;review_motif_visibility;record_provenance;record_license,pending,
3,img_f4ef1443f234b845,dataset_dev/01_opishnyan_ceramics/o140.jpg,01_opishnyan_ceramics,candidate_0d051602546dc965,confirm_object_group;assign_object_type;review_motif_visibility;record_provenance;record_license,pending,
3,img_bdeb80622d1df61f,dataset_dev/01_opishnyan_ceramics/o141.jpg,01_opishnyan_ceramics,candidate_dcac71e7f3c623df,confirm_object_group;assign_object_type;review_motif_visibility;record_provenance;record_license,pending,
3,img_7feb2e1954f4a350,dataset_dev/01_opishnyan_ceramics/o143.jpg,01_opishnyan_ceramics,candidate_3b9b26ad866f468d,confirm_object_group;assign_object_type;review_motif_visibility;record_provenance;record_license,pending,
3,img_0f4c7e86e25b879b,dataset_dev/01_opishnyan_ceramics/o144.jpg,01_opishnyan_ceramics,candidate_705727e1e6d1df8c,confirm_object_group;assign_object_type;review_motif_visibility;record_provenance;record_license,pending,
3,img_51b9ac2eeb3d7f1f,dataset_dev/01_opishnyan_ceramics/o145.jpg,01_opishnyan_ceramics,candidate_f1a4e7551d45555a,confirm_object_group;assign_object_type;review_motif_visibility;record_provenance;record_license,pending,
3,img_c0405690e861dcd2,dataset_dev/01_opishnyan_ceramics/o146.jpg,01_opishnyan_ceramics,candidate_fc644aae986a663a,confirm_object_group;assign_object_type;review_motif_visibility;record_provenance;record_license,pending,
3,img_ee6f0b38ad82c8bd,dataset_dev/01_opishnyan_ceramics/o147.jpg,01_opishnyan_ceramics,candidate_e77bd7b73b8e8335,confirm_object_group;assign_object_type;review_motif_visibility;record_provenance;record_license,pending,
3,img_52b17ecb09f74f50,dataset_dev/01_opishnyan_ceramics/o148.jpg,01_opishnyan_ceramics,candidate_f9a365fe176a1241,confirm_object_group;assign_object_type;review_motif_visibility;record_provenance;record_license,pending,
3,img_79b2bc31bf22c1ea,dataset_dev/01_opishnyan_ceramics/o149.jpg,01_opishnyan_ceramics,candidate_e9f9dd49fba03bd5,confirm_object_group;assign_object_type;review_motif_visibility;record_provenance;record_license,pending,
3,img_dd6fd1f4a679e67d,dataset_dev/01_opishnyan_ceramics/o151.jpg,01_opishnyan_ceramics,candidate_c6c306cffc984c48,confirm_object_group;assign_object_type;review_motif_visibility;record_provenance;record_license,pending,
3,img_a33d94149fab6ea0,dataset_dev/01_opishnyan_ceramics/o152.jpg,01_opishnyan_ceramics,candidate_8edf0f5d860b0feb,confirm_object_group;assign_object_type;review_motif_visibility;record_provenance;record_license,pending,
3,img_62156143d7280c45,dataset_dev/01_opishnyan_ceramics/o154.jpg,01_opishnyan_ceramics,candidate_86fb98305dc29055,confirm_object_group;assign_object_type;review_motif_visibility;record_provenance;record_license,pending,
3,img_efa59e5c3378c310,dataset_dev/01_opishnyan_ceramics/o155.jpg,01_opishnyan_ceramics,candidate_e563a97590c1f266,confirm_object_group;assign_object_type;review_motif_visibility;record_provenance;record_license,pending,
3,img_10e68b42ffd61bab,dataset_dev/01_opishnyan_ceramics/o157.jpg,01_opishnyan_ceramics,candidate_b9093e59d59eea20,confirm_object_group;assign_object_type;review_motif_visibility;record_provenance;record_license,pending,
3,img_b4695e4f1b7b0d1f,dataset_dev/01_opishnyan_ceramics/o158.jpg,01_opishnyan_ceramics,candidate_f1730d11534f0e88,confirm_object_group;assign_object_type;review_motif_visibility;record_provenance;record_license,pending,
3,img_68603f417f96ad22,dataset_dev/01_opishnyan_ceramics/o160.jpg,01_opishnyan_ceramics,candidate_054cee94e67c607e,confirm_object_group;assign_object_type;review_motif_visibility;record_provenance;record_license,pending,
3,img_ddfec16b11e92dff,dataset_dev/01_opishnyan_ceramics/o162.jpg,01_opishnyan_ceramics,candidate_ea150341d1198b5b,confirm_object_group;assign_object_type;review_motif_visibility;record_provenance;record_license,pending,
3,img_91bc335b06563471,dataset_dev/01_opishnyan_ceramics/o163.jpg,01_opishnyan_ceramics,candidate_e6fbf9bec810bea1,confirm_object_group;assign_object_type;review_motif_visibility;record_provenance;record_license,pending,
3,img_c3061194d858329c,dataset_dev/01_opishnyan_ceramics/o165.jpg,01_opishnyan_ceramics,candidate_39e4d2ed22af2361,confirm_object_group;assign_object_type;review_motif_visibility;record_provenance;record_license,pending,
3,img_a46bbe0e36046839,dataset_dev/01_opishnyan_ceramics/o166.jpg,01_opishnyan_ceramics,candidate_a63e18c95042c2aa,confirm_object_group;assign_object_type;review_motif_visibility;record_provenance;record_license,pending,
3,img_0106a0208a392c88,dataset_dev/01_opishnyan_ceramics/o169.jpg,01_opishnyan_ceramics,candidate_28b7e3d3ca8aaed0,confirm_object_group;assign_object_type;review_motif_visibility;record_provenance;record_license,pending,
3,img_7ce2e17f00e3d009,dataset_dev/01_opishnyan_ceramics/o170.jpg,01_opishnyan_ceramics,candidate_8caa8339e2e05cdf,confirm_object_group;assign_object_type;review_motif_visibility;record_provenance;record_license,pending,
3,img_6ad0e77397b14f05,dataset_dev/01_opishnyan_ceramics/o171.jpg,01_opishnyan_ceramics,candidate_313f9c23b7a7e2ef,confirm_object_group;assign_object_type;review_motif_visibility;record_provenance;record_license,pending,
3,img_f6a4f6a87c2eeaca,dataset_dev/01_opishnyan_ceramics/o178.jpg,01_opishnyan_ceramics,candidate_cf2ada2f77918616,confirm_object_group;assign_object_type;review_motif_visibility;record_provenance;record_license,pending,
3,img_5282803ad6d9e796,dataset_dev/01_opishnyan_ceramics/o181.jpg,01_opishnyan_ceramics,candidate_5a9dc0f486eb7e19,confirm_object_group;assign_object_type;review_motif_visibility;record_provenance;record_license,pending,
3,img_4d03e2dc0a7fc2c9,dataset_dev/01_opishnyan_ceramics/o182.jpg,01_opishnyan_ceramics,candidate_68a64d184a026277,confirm_object_group;assign_object_type;review_motif_visibility;record_provenance;record_license,pending,
3,img_7ba07728403feda9,dataset_dev/01_opishnyan_ceramics/o184.jpg,01_opishnyan_ceramics,candidate_97c7a1ab770c499b,confirm_object_group;assign_object_type;review_motif_visibility;record_provenance;record_license,pending,
3,img_f1dd5107cc8c72d3,dataset_dev/01_opishnyan_ceramics/o187.jpg,01_opishnyan_ceramics,candidate_508e8b530a2af9af,confirm_object_group;assign_object_type;review_motif_visibility;record_provenance;record_license,pending,
3,img_5cefdfbc50a45519,dataset_dev/01_opishnyan_ceramics/o189.jpg,01_opishnyan_ceramics,candidate_b1200634216da4a8,confirm_object_group;assign_object_type;review_motif_visibility;record_provenance;record_license,pending,
3,img_f2f49e4157ba1250,dataset_dev/01_opishnyan_ceramics/o191.jpg,01_opishnyan_ceramics,candidate_663cf39c1c5cc67d,confirm_object_group;assign_object_type;review_motif_visibility;record_provenance;record_license,pending,
3,img_d814076f3330edcc,dataset_dev/01_opishnyan_ceramics/o192.jpg,01_opishnyan_ceramics,candidate_ac3c0f02cf509158,confirm_object_group;assign_object_type;review_motif_visibility;record_provenance;record_license,pending,
3,img_a7711e8b6b0d58bd,dataset_dev/01_opishnyan_ceramics/o194.jpg,01_opishnyan_ceramics,candidate_69203eafdec97178,confirm_object_group;assign_object_type;review_motif_visibility;record_provenance;record_license,pending,
3,img_db3971b3b7077c75,dataset_dev/01_opishnyan_ceramics/o195.jpg,01_opishnyan_ceramics,candidate_19b1dc97a3e5f670,confirm_object_group;assign_object_type;review_motif_visibility;record_provenance;record_license,pending,
3,img_45212bb24a5937ea,dataset_dev/01_opishnyan_ceramics/o196.jpg,01_opishnyan_ceramics,candidate_88bf4bba4ffa53b8,confirm_object_group;assign_object_type;review_motif_visibility;record_provenance;record_license,pending,
3,img_fa3023f4e270d501,dataset_dev/01_opishnyan_ceramics/o198.jpg,01_opishnyan_ceramics,candidate_26f9e27635f59f9b,confirm_object_group;assign_object_type;review_motif_visibility;record_provenance;record_license,pending,
3,img_f02cd861d0146ccd,dataset_dev/01_opishnyan_ceramics/o199.jpg,01_opishnyan_ceramics,candidate_ed8b59c85d10bb5c,confirm_object_group;assign_object_type;review_motif_visibility;record_provenance;record_license,pending,
3,img_46a488f3567c723d,dataset_dev/01_opishnyan_ceramics/o200.jpg,01_opishnyan_ceramics,candidate_2fd1f71d60742dd8,confirm_object_group;assign_object_type;review_motif_visibility;record_provenance;record_license,pending,
3,img_47422c3678da647b,dataset_dev/01_opishnyan_ceramics/o203.jpg,01_opishnyan_ceramics,candidate_d5667c3dd6902ba2,confirm_object_group;assign_object_type;review_motif_visibility;record_provenance;record_license,pending,
3,img_6c4db1cbe35c3817,dataset_dev/01_opishnyan_ceramics/o204.jpg,01_opishnyan_ceramics,candidate_6a85c5c4b1c32785,confirm_object_group;assign_object_type;review_motif_visibility;record_provenance;record_license,pending,
3,img_877e77aaa9e945c3,dataset_dev/01_opishnyan_ceramics/o205.jpg,01_opishnyan_ceramics,candidate_0e75350c8ab08bee,confirm_object_group;assign_object_type;review_motif_visibility;record_provenance;record_license,pending,
3,img_24b75f3a6cd0c7ee,dataset_dev/01_opishnyan_ceramics/o207.jpg,01_opishnyan_ceramics,candidate_b7056f827d7e543d,confirm_object_group;assign_object_type;review_motif_visibility;record_provenance;record_license,pending,
3,img_0f008d0311b688b7,dataset_dev/01_opishnyan_ceramics/o209.jpg,01_opishnyan_ceramics,candidate_7caa23e509582cb5,confirm_object_group;assign_object_type;review_motif_visibility;record_provenance;record_license,pending,
3,img_ae20e7c38c7b4220,dataset_dev/01_opishnyan_ceramics/o210.jpg,01_opishnyan_ceramics,candidate_95f0aecc9bb69201,confirm_object_group;assign_object_type;review_motif_visibility;record_provenance;record_license,pending,
3,img_80aaefa627be58f6,dataset_dev/01_opishnyan_ceramics/o211.jpg,01_opishnyan_ceramics,candidate_ce72f94eca9db50a,confirm_object_group;assign_object_type;review_motif_visibility;record_provenance;record_license,pending,
3,img_3a7d5fff3ea44b25,dataset_dev/01_opishnyan_ceramics/o212.jpg,01_opishnyan_ceramics,candidate_f5611993d13fbfe2,confirm_object_group;assign_object_type;review_motif_visibility;record_provenance;record_license,pending,
3,img_34dac5a2a5a65f9f,dataset_dev/01_opishnyan_ceramics/o213.jpg,01_opishnyan_ceramics,candidate_aa667869f2cac19b,confirm_object_group;assign_object_type;review_motif_visibility;record_provenance;record_license,pending,
3,img_fa392882545f41ef,dataset_dev/01_opishnyan_ceramics/o215.jpg,01_opishnyan_ceramics,candidate_1991e95f99a8d838,confirm_object_group;assign_object_type;review_motif_visibility;record_provenance;record_license,pending,
3,img_4778c3013cc66028,dataset_dev/01_opishnyan_ceramics/o216.jpg,01_opishnyan_ceramics,candidate_965de591ade5f78f,confirm_object_group;assign_object_type;review_motif_visibility;record_provenance;record_license,pending,
3,img_a97e2b5e87d217b0,dataset_dev/01_opishnyan_ceramics/o217.jpg,01_opishnyan_ceramics,candidate_4b71ed488cb216c8,confirm_object_group;assign_object_type;review_motif_visibility;record_provenance;record_license,pending,
3,img_bc01118a96391b76,dataset_dev/01_opishnyan_ceramics/o218.jpg,01_opishnyan_ceramics,candidate_961dcbd158bd2d7c,confirm_object_group;assign_object_type;review_motif_visibility;record_provenance;record_license,pending,
3,img_12b6905240f8ed85,dataset_dev/01_opishnyan_ceramics/o219.jpg,01_opishnyan_ceramics,candidate_818dd1c38ef1b5da,confirm_object_group;assign_object_type;review_motif_visibility;record_provenance;record_license,pending,
3,img_7fd1166a6959bcd3,dataset_dev/01_opishnyan_ceramics/o220.jpg,01_opishnyan_ceramics,candidate_fca0a5345fb7888f,confirm_object_group;assign_object_type;review_motif_visibility;record_provenance;record_license,pending,
3,img_07ac62fe1cb3b346,dataset_dev/01_opishnyan_ceramics/o221.jpg,01_opishnyan_ceramics,candidate_91fa75aa8740c108,confirm_object_group;assign_object_type;review_motif_visibility;record_provenance;record_license,pending,
3,img_62961795d242ea26,dataset_dev/01_opishnyan_ceramics/o222.jpg,01_opishnyan_ceramics,candidate_734056123228619a,confirm_object_group;assign_object_type;review_motif_visibility;record_provenance;record_license,pending,
3,img_b3bc50db9ce68bc1,dataset_dev/01_opishnyan_ceramics/o224.jpg,01_opishnyan_ceramics,candidate_069f685eb8fa093e,confirm_object_group;assign_object_type;review_motif_visibility;record_provenance;record_license,pending,
3,img_baedaa0c71e3b7ab,dataset_dev/01_opishnyan_ceramics/o227.jpg,01_opishnyan_ceramics,candidate_45d6a538dcef32ba,confirm_object_group;assign_object_type;review_motif_visibility;record_provenance;record_license,pending,
3,img_110c9fea10138e38,dataset_dev/01_opishnyan_ceramics/o253.jpg,01_opishnyan_ceramics,candidate_0c6d4cf5c494f47c,confirm_object_group;assign_object_type;review_motif_visibility;record_provenance;record_license,pending,
3,img_de1095350dc23f20,dataset_dev/01_opishnyan_ceramics/o255.jpg,01_opishnyan_ceramics,candidate_ab67714fc1875044,confirm_object_group;assign_object_type;review_motif_visibility;record_provenance;record_license,pending,
3,img_4563d33a9083e4ad,dataset_dev/01_opishnyan_ceramics/o256.jpg,01_opishnyan_ceramics,candidate_35f5fd29b97e40d6,confirm_object_group;assign_object_type;review_motif_visibility;record_provenance;record_license,pending,
3,img_c9e617c6a91eec3a,dataset_dev/01_opishnyan_ceramics/o258.jpg,01_opishnyan_ceramics,candidate_4c323a3b79ef9e48,confirm_object_group;assign_object_type;review_motif_visibility;record_provenance;record_license,pending,
3,img_3a71e2a9eb06c963,dataset_dev/01_opishnyan_ceramics/o293.jpg,01_opishnyan_ceramics,candidate_c8c55aa089c4a826,confirm_object_group;assign_object_type;review_motif_visibility;record_provenance;record_license,pending,
3,img_50ec9888cac14aab,dataset_dev/01_opishnyan_ceramics/o297.jpeg,01_opishnyan_ceramics,candidate_81f33454f1753ede,confirm_object_group;assign_object_type;review_motif_visibility;record_provenance;record_license,pending,
3,img_6b7a0e9ba0a4aee2,dataset_dev/01_opishnyan_ceramics/o298.jpeg,01_opishnyan_ceramics,candidate_7c65b0bab33e4e3c,confirm_object_group;assign_object_type;review_motif_visibility;record_provenance;record_license,pending,
3,img_9a0c0533930e168b,dataset_dev/01_opishnyan_ceramics/o300.jpeg,01_opishnyan_ceramics,candidate_76198cddd7edfb14,confirm_object_group;assign_object_type;review_motif_visibility;record_provenance;record_license,pending,
3,img_314a681c3dad20b8,dataset_dev/01_opishnyan_ceramics/o301.jpeg,01_opishnyan_ceramics,candidate_80448b882a8b8208,confirm_object_group;assign_object_type;review_motif_visibility;record_provenance;record_license,pending,
3,img_f8f0dfe77fb006b5,dataset_dev/01_opishnyan_ceramics/o302.jpeg,01_opishnyan_ceramics,candidate_b169271d2cf026ae,confirm_object_group;assign_object_type;review_motif_visibility;record_provenance;record_license,pending,
3,img_38eb396320760219,dataset_dev/01_opishnyan_ceramics/o304.jpeg,01_opishnyan_ceramics,candidate_cedfceb938954415,confirm_object_group;assign_object_type;review_motif_visibility;record_provenance;record_license,pending,
3,img_2c6cbb40945726fc,dataset_dev/01_opishnyan_ceramics/o318.jpeg,01_opishnyan_ceramics,candidate_235f3023997ecc2d,confirm_object_group;assign_object_type;review_motif_visibility;record_provenance;record_license,pending,
3,img_e3fe3fcda804d096,dataset_dev/01_opishnyan_ceramics/o322.jpg,01_opishnyan_ceramics,candidate_92154f0ea665c5d2,confirm_object_group;assign_object_type;review_motif_visibility;record_provenance;record_license,pending,
3,img_8b0729441c7ed0a4,dataset_dev/01_opishnyan_ceramics/o327.jpg,01_opishnyan_ceramics,candidate_74bfa10f03a0cd5e,confirm_object_group;assign_object_type;review_motif_visibility;record_provenance;record_license,pending,
3,img_d5cd60cf5a4d78cb,dataset_dev/01_opishnyan_ceramics/o340.jpg,01_opishnyan_ceramics,candidate_0c26d20ea280bbb1,confirm_object_group;assign_object_type;review_motif_visibility;record_provenance;record_license,pending,
3,img_263680a271f45ab6,dataset_dev/01_opishnyan_ceramics/o344.jpeg,01_opishnyan_ceramics,candidate_3ff0ce87ecf7e200,confirm_object_group;assign_object_type;review_motif_visibility;record_provenance;record_license,pending,
3,img_a0bd2f3d47df28bc,dataset_dev/01_opishnyan_ceramics/o346.jpeg,01_opishnyan_ceramics,candidate_e2c74a4ec23b5277,confirm_object_group;assign_object_type;review_motif_visibility;record_provenance;record_license,pending,
3,img_99359bac945a2097,dataset_dev/01_opishnyan_ceramics/o347.jpg,01_opishnyan_ceramics,candidate_b0ee8aa35ee935c0,confirm_object_group;assign_object_type;review_motif_visibility;record_provenance;record_license,pending,
3,img_ae3d0934052191a8,dataset_dev/01_opishnyan_ceramics/o348.jpg,01_opishnyan_ceramics,candidate_06261b2e09e91173,confirm_object_group;assign_object_type;review_motif_visibility;record_provenance;record_license,pending,
3,img_80f19b72cbeb44b8,dataset_dev/01_opishnyan_ceramics/o350.jpg,01_opishnyan_ceramics,candidate_1fb128baed6d0475,confirm_object_group;assign_object_type;review_motif_visibility;record_provenance;record_license,pending,
3,img_27c93e1ae7c3947f,dataset_dev/01_opishnyan_ceramics/o351.jpg,01_opishnyan_ceramics,candidate_a5a95d04b999733e,confirm_object_group;assign_object_type;review_motif_visibility;record_provenance;record_license,pending,
3,img_b2d5dabab3b5ce24,dataset_dev/01_opishnyan_ceramics/o354.jpg,01_opishnyan_ceramics,candidate_fbe64c15dd7444f0,confirm_object_group;assign_object_type;review_motif_visibility;record_provenance;record_license,pending,
3,img_48910c8c60c106b1,dataset_dev/01_opishnyan_ceramics/o356.jpeg,01_opishnyan_ceramics,candidate_13f2e05d682f21f5,confirm_object_group;assign_object_type;review_motif_visibility;record_provenance;record_license,pending,
3,img_c1a10ea4766e4ce5,dataset_dev/01_opishnyan_ceramics/o357.jpg,01_opishnyan_ceramics,candidate_2c73140f7a4579b4,confirm_object_group;assign_object_type;review_motif_visibility;record_provenance;record_license,pending,
3,img_1ed1ecb994848b59,dataset_dev/01_opishnyan_ceramics/o359.jpg,01_opishnyan_ceramics,candidate_d7fedd89c6f6233f,confirm_object_group;assign_object_type;review_motif_visibility;record_provenance;record_license,pending,
3,img_8bd9151b5deddd16,dataset_dev/01_opishnyan_ceramics/o363.png,01_opishnyan_ceramics,candidate_a822af335ab8b90b,confirm_object_group;assign_object_type;review_motif_visibility;record_provenance;record_license,pending,
3,img_dea2694e72bdb5da,dataset_dev/02_ornek/kt002.jpg,02_ornek,candidate_1e48ba070f65e463,confirm_object_group;assign_object_type;review_motif_visibility;record_provenance;record_license,pending,
3,img_6ff79fb80464dbeb,dataset_dev/02_ornek/kt004.jpg,02_ornek,candidate_27735a0d56d3aa68,confirm_object_group;assign_object_type;review_motif_visibility;record_provenance;record_license,pending,
3,img_89c4037bb0217b13,dataset_dev/02_ornek/kt007.jpg,02_ornek,candidate_71bb8779956f36c6,confirm_object_group;assign_object_type;review_motif_visibility;record_provenance;record_license,pending,
3,img_006c937ca5cdaef2,dataset_dev/02_ornek/kt009.jpg,02_ornek,candidate_a4efaf645d3c28d1,confirm_object_group;assign_object_type;review_motif_visibility;record_provenance;record_license,pending,
3,img_1c2ee99029f51a78,dataset_dev/02_ornek/kt010.jpg,02_ornek,candidate_bd2b812a072fbc86,confirm_object_group;assign_object_type;review_motif_visibility;record_provenance;record_license,pending,
3,img_79f35e9bee3d7e6b,dataset_dev/02_ornek/kt012.jpg,02_ornek,candidate_7cc47daf39fd4a2c,confirm_object_group;assign_object_type;review_motif_visibility;record_provenance;record_license,pending,
3,img_06a98c0b7580410d,dataset_dev/02_ornek/kt013.jpg,02_ornek,candidate_3542e0becc356041,confirm_object_group;assign_object_type;review_motif_visibility;record_provenance;record_license,pending,
3,img_26018ec28b112aae,dataset_dev/02_ornek/kt015.jpg,02_ornek,candidate_376620c96a305ad0,confirm_object_group;assign_object_type;review_motif_visibility;record_provenance;record_license,pending,
3,img_fd027659efb2dc7c,dataset_dev/02_ornek/kt016.jpg,02_ornek,candidate_5fb5c18d02d95dbe,confirm_object_group;assign_object_type;review_motif_visibility;record_provenance;record_license,pending,
3,img_8d4f9f07174e1b40,dataset_dev/02_ornek/kt018.jpg,02_ornek,candidate_3d7f53d82fbfe62a,confirm_object_group;assign_object_type;review_motif_visibility;record_provenance;record_license,pending,
3,img_b03e5eaec6d28ff1,dataset_dev/02_ornek/kt019.jpg,02_ornek,candidate_0fd655c738974a30,confirm_object_group;assign_object_type;review_motif_visibility;record_provenance;record_license,pending,
3,img_2e57c800990064a9,dataset_dev/02_ornek/kt020.jpg,02_ornek,candidate_e8151219830b5a11,confirm_object_group;assign_object_type;review_motif_visibility;record_provenance;record_license,pending,
3,img_9a1cede7a7b23209,dataset_dev/02_ornek/kt022.jpg,02_ornek,candidate_5bd0231f1313081d,confirm_object_group;assign_object_type;review_motif_visibility;record_provenance;record_license,pending,
3,img_da8d33da726a1b42,dataset_dev/02_ornek/kt024.jpg,02_ornek,candidate_c62a17e8d8805f87,confirm_object_group;assign_object_type;review_motif_visibility;record_provenance;record_license,pending,
3,img_36469d06261e9f21,dataset_dev/02_ornek/kt025.jpg,02_ornek,candidate_82bc554e22178928,confirm_object_group;assign_object_type;review_motif_visibility;record_provenance;record_license,pending,
3,img_b64faf91caada9dd,dataset_dev/02_ornek/kt026.jpg,02_ornek,candidate_9f6e5d692da47c1d,confirm_object_group;assign_object_type;review_motif_visibility;record_provenance;record_license,pending,
3,img_513d9e71d2e2e8e1,dataset_dev/02_ornek/kt028.jpg,02_ornek,candidate_82f47d0cfc715cfa,confirm_object_group;assign_object_type;review_motif_visibility;record_provenance;record_license,pending,
3,img_d759b97b5e54222c,dataset_dev/02_ornek/kt030.jpg,02_ornek,candidate_8577525f0573501a,confirm_object_group;assign_object_type;review_motif_visibility;record_provenance;record_license,pending,
3,img_32af61a9bd08583d,dataset_dev/02_ornek/kt032.jpg,02_ornek,candidate_5661bfb4f0bcadf9,confirm_object_group;assign_object_type;review_motif_visibility;record_provenance;record_license,pending,
3,img_c72e1cf108150e9a,dataset_dev/02_ornek/kt033.jpg,02_ornek,candidate_69e004bd060264c9,confirm_object_group;assign_object_type;review_motif_visibility;record_provenance;record_license,pending,
3,img_651297687ee0d338,dataset_dev/02_ornek/kt035.jpg,02_ornek,candidate_78d184d91c0fe2fe,confirm_object_group;assign_object_type;review_motif_visibility;record_provenance;record_license,pending,
3,img_d474b98398f5f7ce,dataset_dev/02_ornek/kt036.jpg,02_ornek,candidate_5aba775487d81cf9,confirm_object_group;assign_object_type;review_motif_visibility;record_provenance;record_license,pending,
3,img_ebe542bf01199a35,dataset_dev/02_ornek/kt037.jpg,02_ornek,candidate_955e09a7ac8fea51,confirm_object_group;assign_object_type;review_motif_visibility;record_provenance;record_license,pending,
3,img_e9aa8f455a86bb53,dataset_dev/02_ornek/kt040.jpg,02_ornek,candidate_393a7baec015dc67,confirm_object_group;assign_object_type;review_motif_visibility;record_provenance;record_license,pending,
3,img_9b0f644c3f0f1c76,dataset_dev/02_ornek/kt041.jpg,02_ornek,candidate_9b26c0ee3e3d5bd8,confirm_object_group;assign_object_type;review_motif_visibility;record_provenance;record_license,pending,
3,img_bbe449f6d38f0e0f,dataset_dev/02_ornek/kt043.jpg,02_ornek,candidate_1d56fda2ce26d096,confirm_object_group;assign_object_type;review_motif_visibility;record_provenance;record_license,pending,
3,img_e88ecb3d87846eb8,dataset_dev/02_ornek/kt044.jpg,02_ornek,candidate_0deb0d6c8f8d6b7b,confirm_object_group;assign_object_type;review_motif_visibility;record_provenance;record_license,pending,
3,img_e60b766cf9683f58,dataset_dev/02_ornek/kt045.jpg,02_ornek,candidate_509207d6e299520e,confirm_object_group;assign_object_type;review_motif_visibility;record_provenance;record_license,pending,
3,img_f40223a15b47d932,dataset_dev/02_ornek/kt048.jpg,02_ornek,candidate_5f141ff4e75cc842,confirm_object_group;assign_object_type;review_motif_visibility;record_provenance;record_license,pending,
3,img_8afa84e87569f87c,dataset_dev/02_ornek/kt049.jpg,02_ornek,candidate_2db932d5b37ce5b3,confirm_object_group;assign_object_type;review_motif_visibility;record_provenance;record_license,pending,
3,img_28ebe6d6a71b5f4a,dataset_dev/02_ornek/kt050.jpg,02_ornek,candidate_286970d5be431a3e,confirm_object_group;assign_object_type;review_motif_visibility;record_provenance;record_license,pending,
3,img_8ebba865428c8c56,dataset_dev/02_ornek/kt051.jpg,02_ornek,candidate_ad5a389445389fa6,confirm_object_group;assign_object_type;review_motif_visibility;record_provenance;record_license,pending,
3,img_74490e7f987011e6,dataset_dev/02_ornek/kt052.jpg,02_ornek,candidate_ff25da1fb30f164a,confirm_object_group;assign_object_type;review_motif_visibility;record_provenance;record_license,pending,
3,img_692b7354a9d6d694,dataset_dev/02_ornek/kt054.jpg,02_ornek,candidate_241e7c5cf5342628,confirm_object_group;assign_object_type;review_motif_visibility;record_provenance;record_license,pending,
3,img_a5090c5ee6262ca6,dataset_dev/02_ornek/kt055.jpg,02_ornek,candidate_e500545c187c156e,confirm_object_group;assign_object_type;review_motif_visibility;record_provenance;record_license,pending,
3,img_2d5b14c38c59133c,dataset_dev/02_ornek/kt056.jpg,02_ornek,candidate_6b066fab92ef9f32,confirm_object_group;assign_object_type;review_motif_visibility;record_provenance;record_license,pending,
3,img_bf0c9370a9592727,dataset_dev/02_ornek/kt058.jpg,02_ornek,candidate_60f52cac64fbd1c5,confirm_object_group;assign_object_type;review_motif_visibility;record_provenance;record_license,pending,
3,img_cb3ace5fec7216d9,dataset_dev/02_ornek/kt060.jpg,02_ornek,candidate_40595dccb7af2452,confirm_object_group;assign_object_type;review_motif_visibility;record_provenance;record_license,pending,
3,img_7a8b4b804adc485e,dataset_dev/02_ornek/kt061.jpg,02_ornek,candidate_ff490703b6cce541,confirm_object_group;assign_object_type;review_motif_visibility;record_provenance;record_license,pending,
3,img_aff867fb8a5e61c3,dataset_dev/02_ornek/kt062.jpg,02_ornek,candidate_3e7fdedb1a2f6bc1,confirm_object_group;assign_object_type;review_motif_visibility;record_provenance;record_license,pending,
3,img_994aab31e4bca7a6,dataset_dev/02_ornek/kt063.jpg,02_ornek,candidate_0709223760133945,confirm_object_group;assign_object_type;review_motif_visibility;record_provenance;record_license,pending,
3,img_73fcc22ca989cdd7,dataset_dev/02_ornek/kt064.jpg,02_ornek,candidate_c3512579edb653b5,confirm_object_group;assign_object_type;review_motif_visibility;record_provenance;record_license,pending,
3,img_5c5d775517389a8c,dataset_dev/02_ornek/kt066.jpg,02_ornek,candidate_86d0a828a9f9ea01,confirm_object_group;assign_object_type;review_motif_visibility;record_provenance;record_license,pending,
3,img_62909bfb0b972cb0,dataset_dev/02_ornek/kt067.jpg,02_ornek,candidate_705997aa8ce6e943,confirm_object_group;assign_object_type;review_motif_visibility;record_provenance;record_license,pending,
3,img_f77478212f03e4cc,dataset_dev/02_ornek/kt069.jpg,02_ornek,candidate_96fd8ec810a907f1,confirm_object_group;assign_object_type;review_motif_visibility;record_provenance;record_license,pending,
3,img_68e27ef744a8413f,dataset_dev/02_ornek/kt070.JPG,02_ornek,candidate_f256c5a4d5b0f2bd,confirm_object_group;assign_object_type;review_motif_visibility;record_provenance;record_license,pending,
3,img_1ef6d9fc62741df7,dataset_dev/02_ornek/kt071.JPG,02_ornek,candidate_26d5f93dd29b4b2c,confirm_object_group;assign_object_type;review_motif_visibility;record_provenance;record_license,pending,
3,img_ceb0c34d91cd414f,dataset_dev/02_ornek/kt072.jpg,02_ornek,candidate_823ff791ba0e2322,confirm_object_group;assign_object_type;review_motif_visibility;record_provenance;record_license,pending,
3,img_c2f216e6e3830b4e,dataset_dev/02_ornek/kt074.jpg,02_ornek,candidate_35331ed1428b9c71,confirm_object_group;assign_object_type;review_motif_visibility;record_provenance;record_license,pending,
3,img_ca33ab67b6e63aa9,dataset_dev/02_ornek/kt077.JPG,02_ornek,candidate_bdd55ffdc3520072,confirm_object_group;assign_object_type;review_motif_visibility;record_provenance;record_license,pending,
3,img_f69069a376bde604,dataset_dev/02_ornek/kt078.JPG,02_ornek,candidate_d5645c158e15c961,confirm_object_group;assign_object_type;review_motif_visibility;record_provenance;record_license,pending,
3,img_d5e23f6343723b30,dataset_dev/02_ornek/kt080.JPG,02_ornek,candidate_afa0b630f69d1b7e,confirm_object_group;assign_object_type;review_motif_visibility;record_provenance;record_license,pending,
3,img_1dc97abcc5e84442,dataset_dev/02_ornek/kt082.JPG,02_ornek,candidate_0232457acf7f1202,confirm_object_group;assign_object_type;review_motif_visibility;record_provenance;record_license,pending,
3,img_7defcd1eb79556f1,dataset_dev/02_ornek/kt083.JPG,02_ornek,candidate_3a9d7610a5993872,confirm_object_group;assign_object_type;review_motif_visibility;record_provenance;record_license,pending,
3,img_09ba235a2e2c1ab8,dataset_dev/02_ornek/kt084.jpg,02_ornek,candidate_7c9fff987caa658d,confirm_object_group;assign_object_type;review_motif_visibility;record_provenance;record_license,pending,
3,img_36737cf4db4f6361,dataset_dev/02_ornek/kt085.jpg,02_ornek,candidate_eeb0fce4ced59998,confirm_object_group;assign_object_type;review_motif_visibility;record_provenance;record_license,pending,
3,img_a28dbf2e0515a2d5,dataset_dev/02_ornek/kt086.jpg,02_ornek,candidate_4ccc38a33da9e3fb,confirm_object_group;assign_object_type;review_motif_visibility;record_provenance;record_license,pending,
3,img_6578ee54ee33def5,dataset_dev/02_ornek/kt087.JPG,02_ornek,candidate_c733a9fd60ce37bc,confirm_object_group;assign_object_type;review_motif_visibility;record_provenance;record_license,pending,
3,img_62f6e3ee48c548dc,dataset_dev/02_ornek/kt089.jpg,02_ornek,candidate_7520fc3d0cc2e26a,confirm_object_group;assign_object_type;review_motif_visibility;record_provenance;record_license,pending,
3,img_e5b6b88d0a8feb6f,dataset_dev/02_ornek/kt092.jpg,02_ornek,candidate_15cbd605d26667bf,confirm_object_group;assign_object_type;review_motif_visibility;record_provenance;record_license,pending,
3,img_db9a20180b026614,dataset_dev/02_ornek/kt093.JPG,02_ornek,candidate_88091e2c44c1816c,confirm_object_group;assign_object_type;review_motif_visibility;record_provenance;record_license,pending,
3,img_fe5516feebc93710,dataset_dev/02_ornek/kt095.jpg,02_ornek,candidate_bbb89071ea8c04e2,confirm_object_group;assign_object_type;review_motif_visibility;record_provenance;record_license,pending,
3,img_c19961d5fb4544a4,dataset_dev/02_ornek/kt096.JPG,02_ornek,candidate_4822a530c3e30c11,confirm_object_group;assign_object_type;review_motif_visibility;record_provenance;record_license,pending,
3,img_91ed57602079e64d,dataset_dev/02_ornek/kt097.jpg,02_ornek,candidate_d972a0886c88da58,confirm_object_group;assign_object_type;review_motif_visibility;record_provenance;record_license,pending,
3,img_ad40ab1b4dd666a3,dataset_dev/02_ornek/kt098.jpg,02_ornek,candidate_fe9a944cbc13057d,confirm_object_group;assign_object_type;review_motif_visibility;record_provenance;record_license,pending,
3,img_5948f89a20f8809b,dataset_dev/02_ornek/kt101.JPG,02_ornek,candidate_9ab9fa9448c9c087,confirm_object_group;assign_object_type;review_motif_visibility;record_provenance;record_license,pending,
3,img_aaec975cf9084b3c,dataset_dev/02_ornek/kt103.jpg,02_ornek,candidate_5cbee2b796c2a690,confirm_object_group;assign_object_type;review_motif_visibility;record_provenance;record_license,pending,
3,img_e55af9bd10197072,dataset_dev/02_ornek/kt105.JPG,02_ornek,candidate_44c1690080e89277,confirm_object_group;assign_object_type;review_motif_visibility;record_provenance;record_license,pending,
3,img_4798910d71086b14,dataset_dev/02_ornek/kt109.jpg,02_ornek,candidate_f5244daf3f9787ee,confirm_object_group;assign_object_type;review_motif_visibility;record_provenance;record_license,pending,
3,img_af26d8745585f286,dataset_dev/02_ornek/kt110.jpg,02_ornek,candidate_9cfb46065ba085fd,confirm_object_group;assign_object_type;review_motif_visibility;record_provenance;record_license,pending,
3,img_47d9ae5681e65332,dataset_dev/02_ornek/kt111.jpg,02_ornek,candidate_42c172941ca16d43,confirm_object_group;assign_object_type;review_motif_visibility;record_provenance;record_license,pending,
3,img_3284e6abaf9984f8,dataset_dev/02_ornek/kt113.jpg,02_ornek,candidate_070517d86fee87cc,confirm_object_group;assign_object_type;review_motif_visibility;record_provenance;record_license,pending,
3,img_8c453a7e8bcb5257,dataset_dev/02_ornek/kt114.jpg,02_ornek,candidate_1469dc376d4a51ca,confirm_object_group;assign_object_type;review_motif_visibility;record_provenance;record_license,pending,
3,img_25cfeed84d3a9bba,dataset_dev/02_ornek/kt115.jpg,02_ornek,candidate_80e571c981ba2281,confirm_object_group;assign_object_type;review_motif_visibility;record_provenance;record_license,pending,
3,img_7391f0030103aebe,dataset_dev/02_ornek/kt116.jpg,02_ornek,candidate_86d55c40d65d47de,confirm_object_group;assign_object_type;review_motif_visibility;record_provenance;record_license,pending,
3,img_7801ce607572275c,dataset_dev/02_ornek/kt118.jpg,02_ornek,candidate_ff7781c12dc26102,confirm_object_group;assign_object_type;review_motif_visibility;record_provenance;record_license,pending,
3,img_22013e24d1939d3b,dataset_dev/02_ornek/kt119.jpg,02_ornek,candidate_5c2576fc7ae96973,confirm_object_group;assign_object_type;review_motif_visibility;record_provenance;record_license,pending,
3,img_32a4d5adc545a6d3,dataset_dev/02_ornek/kt120.jpg,02_ornek,candidate_ab0dee0081841bd4,confirm_object_group;assign_object_type;review_motif_visibility;record_provenance;record_license,pending,
3,img_4a68e5a8d933e670,dataset_dev/02_ornek/kt123.jpg,02_ornek,candidate_a1d5e5b8ce23d7d6,confirm_object_group;assign_object_type;review_motif_visibility;record_provenance;record_license,pending,
3,img_f63812ec94e10d43,dataset_dev/02_ornek/kt124.jpg,02_ornek,candidate_957a9d129fafb1e1,confirm_object_group;assign_object_type;review_motif_visibility;record_provenance;record_license,pending,
3,img_7e35f261e8f0fbf5,dataset_dev/02_ornek/kt125.jpg,02_ornek,candidate_d93847ca3b9e450b,confirm_object_group;assign_object_type;review_motif_visibility;record_provenance;record_license,pending,
3,img_847793f7bba24c27,dataset_dev/02_ornek/kt126.jpg,02_ornek,candidate_c0fd660c4925b076,confirm_object_group;assign_object_type;review_motif_visibility;record_provenance;record_license,pending,
3,img_26ab75589ea0d31e,dataset_dev/02_ornek/kt128.jpg,02_ornek,candidate_7ce825a292e76b8e,confirm_object_group;assign_object_type;review_motif_visibility;record_provenance;record_license,pending,
3,img_44c67aa0fb7fc689,dataset_dev/02_ornek/kt129.JPG,02_ornek,candidate_d6b16480fcc21b8c,confirm_object_group;assign_object_type;review_motif_visibility;record_provenance;record_license,pending,
3,img_e203780de80add18,dataset_dev/02_ornek/kt131.jpg,02_ornek,candidate_a9c6984e29cf1d2f,confirm_object_group;assign_object_type;review_motif_visibility;record_provenance;record_license,pending,
3,img_f8afa3063ae5bea0,dataset_dev/02_ornek/kt132.jpg,02_ornek,candidate_7fa67a8157a10a94,confirm_object_group;assign_object_type;review_motif_visibility;record_provenance;record_license,pending,
3,img_292058ad6435c48c,dataset_dev/02_ornek/kt134.jpg,02_ornek,candidate_832705450ec1416b,confirm_object_group;assign_object_type;review_motif_visibility;record_provenance;record_license,pending,
3,img_ba5506a7ece16540,dataset_dev/02_ornek/kt135.JPG,02_ornek,candidate_f3525063823df7da,confirm_object_group;assign_object_type;review_motif_visibility;record_provenance;record_license,pending,
3,img_9729f9077ca6f0da,dataset_dev/02_ornek/kt136.jpg,02_ornek,candidate_dbdfad5997e5aac4,confirm_object_group;assign_object_type;review_motif_visibility;record_provenance;record_license,pending,
3,img_73fae0d216532b83,dataset_dev/02_ornek/kt138.jpg,02_ornek,candidate_f05cacc257d1028e,confirm_object_group;assign_object_type;review_motif_visibility;record_provenance;record_license,pending,
3,img_33630948baa7c236,dataset_dev/02_ornek/kt139.jpg,02_ornek,candidate_deb8c16b64a1bedd,confirm_object_group;assign_object_type;review_motif_visibility;record_provenance;record_license,pending,
3,img_cff0e4a9406cc489,dataset_dev/02_ornek/kt140.jpg,02_ornek,candidate_66169b0c2306ab6b,confirm_object_group;assign_object_type;review_motif_visibility;record_provenance;record_license,pending,
3,img_b2c0022103f58310,dataset_dev/02_ornek/kt142.jpg,02_ornek,candidate_26a906c649bfbba5,confirm_object_group;assign_object_type;review_motif_visibility;record_provenance;record_license,pending,
3,img_10f2202c433f6254,dataset_dev/02_ornek/kt143.jpg,02_ornek,candidate_a8b90d6804de6dc1,confirm_object_group;assign_object_type;review_motif_visibility;record_provenance;record_license,pending,
3,img_12269aadac16fc18,dataset_dev/02_ornek/kt145.jpg,02_ornek,candidate_7fd7a44e8d68fcff,confirm_object_group;assign_object_type;review_motif_visibility;record_provenance;record_license,pending,
3,img_78371529dbe68ccf,dataset_dev/02_ornek/kt146.jpg,02_ornek,candidate_daba18dfa153878b,confirm_object_group;assign_object_type;review_motif_visibility;record_provenance;record_license,pending,
3,img_d88918a0c30b7dfa,dataset_dev/02_ornek/kt148.jpg,02_ornek,candidate_f49b17b0119c3ecd,confirm_object_group;assign_object_type;review_motif_visibility;record_provenance;record_license,pending,
3,img_833deede1bf90deb,dataset_dev/02_ornek/kt149.jpg,02_ornek,candidate_4fae514926318286,confirm_object_group;assign_object_type;review_motif_visibility;record_provenance;record_license,pending,
3,img_833cab8738ff11cd,dataset_dev/02_ornek/kt150.JPG,02_ornek,candidate_c9c2e85e7846158f,confirm_object_group;assign_object_type;review_motif_visibility;record_provenance;record_license,pending,
3,img_f983c47ae3413a0f,dataset_dev/02_ornek/kt153.jpg,02_ornek,candidate_19891a04e4404196,confirm_object_group;assign_object_type;review_motif_visibility;record_provenance;record_license,pending,
3,img_20228142e283cfc7,dataset_dev/02_ornek/kt155.jpg,02_ornek,candidate_8fef0efc5bacb84a,confirm_object_group;assign_object_type;review_motif_visibility;record_provenance;record_license,pending,
3,img_b09bd5d415cf43a5,dataset_dev/02_ornek/kt156.jpg,02_ornek,candidate_1eb8a6c78aed384f,confirm_object_group;assign_object_type;review_motif_visibility;record_provenance;record_license,pending,
3,img_020c1150165f29b8,dataset_dev/02_ornek/kt157.JPG,02_ornek,candidate_e6e570876b9d80e6,confirm_object_group;assign_object_type;review_motif_visibility;record_provenance;record_license,pending,
3,img_15257963b4ecedf2,dataset_dev/02_ornek/kt158.JPG,02_ornek,candidate_e6ff489cbe1657fd,confirm_object_group;assign_object_type;review_motif_visibility;record_provenance;record_license,pending,
3,img_0f5959e0c6facdd2,dataset_dev/02_ornek/kt160.jpg,02_ornek,candidate_087c7ce9c90d9233,confirm_object_group;assign_object_type;review_motif_visibility;record_provenance;record_license,pending,
3,img_238cf4955434d4e4,dataset_dev/02_ornek/kt161.jpg,02_ornek,candidate_1436651aa840b6db,confirm_object_group;assign_object_type;review_motif_visibility;record_provenance;record_license,pending,
3,img_9303c047c1ddaae6,dataset_dev/02_ornek/kt162.jpg,02_ornek,candidate_a391ba2e16d4e84e,confirm_object_group;assign_object_type;review_motif_visibility;record_provenance;record_license,pending,
3,img_8211b9ef820e408b,dataset_dev/02_ornek/kt164.jpg,02_ornek,candidate_a70d37a17e0df855,confirm_object_group;assign_object_type;review_motif_visibility;record_provenance;record_license,pending,
3,img_9f07269c34a24c16,dataset_dev/02_ornek/kt165.jpg,02_ornek,candidate_743b18b1b62ee1c0,confirm_object_group;assign_object_type;review_motif_visibility;record_provenance;record_license,pending,
3,img_46de7fc1e4516b23,dataset_dev/02_ornek/kt166.jpg,02_ornek,candidate_76f9704294fa68f5,confirm_object_group;assign_object_type;review_motif_visibility;record_provenance;record_license,pending,
3,img_e3e32acdb6a7627b,dataset_dev/02_ornek/kt168.jpg,02_ornek,candidate_9c3f5784f82c85ec,confirm_object_group;assign_object_type;review_motif_visibility;record_provenance;record_license,pending,
3,img_a5c930656555c24b,dataset_dev/02_ornek/kt169.jpg,02_ornek,candidate_ab1cb2437472b829,confirm_object_group;assign_object_type;review_motif_visibility;record_provenance;record_license,pending,
3,img_61422e5203dd2717,dataset_dev/02_ornek/kt171.jpg,02_ornek,candidate_6472391454ff7b07,confirm_object_group;assign_object_type;review_motif_visibility;record_provenance;record_license,pending,
3,img_6da5140f0e8def50,dataset_dev/02_ornek/kt172.jpg,02_ornek,candidate_8f6b28a4a1c822bc,confirm_object_group;assign_object_type;review_motif_visibility;record_provenance;record_license,pending,
3,img_f2cb12041a752043,dataset_dev/02_ornek/kt174.jpg,02_ornek,candidate_d2a8bd05f447e982,confirm_object_group;assign_object_type;review_motif_visibility;record_provenance;record_license,pending,
3,img_5c7de826fa789879,dataset_dev/02_ornek/kt175.jpg,02_ornek,candidate_cf95b5491ea455de,confirm_object_group;assign_object_type;review_motif_visibility;record_provenance;record_license,pending,
3,img_c8adceac0838a889,dataset_dev/02_ornek/kt177.jpg,02_ornek,candidate_da1622e82c306745,confirm_object_group;assign_object_type;review_motif_visibility;record_provenance;record_license,pending,
3,img_2fc9f59218d107d1,dataset_dev/02_ornek/kt178.jpg,02_ornek,candidate_3a4248ac2ebf3ff0,confirm_object_group;assign_object_type;review_motif_visibility;record_provenance;record_license,pending,
3,img_e1d43d0ed6655d90,dataset_dev/02_ornek/kt179.jpg,02_ornek,candidate_adf0bac7b8fec324,confirm_object_group;assign_object_type;review_motif_visibility;record_provenance;record_license,pending,
3,img_1909f4f02ff074d8,dataset_dev/02_ornek/kt181.jpg,02_ornek,candidate_859c8bfb30dc8ff3,confirm_object_group;assign_object_type;review_motif_visibility;record_provenance;record_license,pending,
3,img_30644491e86e9490,dataset_dev/02_ornek/kt182.jpg,02_ornek,candidate_69dd41ae71982231,confirm_object_group;assign_object_type;review_motif_visibility;record_provenance;record_license,pending,
3,img_c65f2c51276aefc3,dataset_dev/02_ornek/kt183.jpg,02_ornek,candidate_716050507888d150,confirm_object_group;assign_object_type;review_motif_visibility;record_provenance;record_license,pending,
3,img_e9cfc5efecfeacd2,dataset_dev/02_ornek/kt185.jpg,02_ornek,candidate_cc8a707693c77364,confirm_object_group;assign_object_type;review_motif_visibility;record_provenance;record_license,pending,
3,img_71c80ca26a7eb0d0,dataset_dev/02_ornek/kt186.JPG,02_ornek,candidate_5750f37e3f30cad9,confirm_object_group;assign_object_type;review_motif_visibility;record_provenance;record_license,pending,
3,img_d420534d9279d357,dataset_dev/02_ornek/kt187.JPG,02_ornek,candidate_835ca2927c2b1220,confirm_object_group;assign_object_type;review_motif_visibility;record_provenance;record_license,pending,
3,img_84ccde324261bb4d,dataset_dev/02_ornek/kt189.JPG,02_ornek,candidate_aac7946435a2d449,confirm_object_group;assign_object_type;review_motif_visibility;record_provenance;record_license,pending,
3,img_3b8d7e3981ac9759,dataset_dev/02_ornek/kt190.JPG,02_ornek,candidate_ae46d34271bbd0f0,confirm_object_group;assign_object_type;review_motif_visibility;record_provenance;record_license,pending,
3,img_4e2f0eb093ebabd5,dataset_dev/02_ornek/kt191.JPG,02_ornek,candidate_b18d96afe76241eb,confirm_object_group;assign_object_type;review_motif_visibility;record_provenance;record_license,pending,
3,img_77e18a66f3cef6d5,dataset_dev/02_ornek/kt192.JPG,02_ornek,candidate_7f28ef7cf5cd1cce,confirm_object_group;assign_object_type;review_motif_visibility;record_provenance;record_license,pending,
3,img_17cfa7924e7419b6,dataset_dev/02_ornek/kt193.JPG,02_ornek,candidate_af3602774f042155,confirm_object_group;assign_object_type;review_motif_visibility;record_provenance;record_license,pending,
3,img_b4014a2d8f5577fd,dataset_dev/02_ornek/kt195.JPG,02_ornek,candidate_56e85fc747ecdfad,confirm_object_group;assign_object_type;review_motif_visibility;record_provenance;record_license,pending,
3,img_e6f4cd56144daefa,dataset_dev/02_ornek/kt198.JPG,02_ornek,candidate_7f234b90691c5ac3,confirm_object_group;assign_object_type;review_motif_visibility;record_provenance;record_license,pending,
3,img_f6a05ec7e2c7c91c,dataset_dev/02_ornek/kt199.JPG,02_ornek,candidate_8aca39ba11cde6ac,confirm_object_group;assign_object_type;review_motif_visibility;record_provenance;record_license,pending,
3,img_0318154745e8cb75,dataset_dev/02_ornek/kt201.JPG,02_ornek,candidate_17f18fc2bd9b9fba,confirm_object_group;assign_object_type;review_motif_visibility;record_provenance;record_license,pending,
3,img_4d4d24c7af8277da,dataset_dev/02_ornek/kt202.JPG,02_ornek,candidate_5234786008777300,confirm_object_group;assign_object_type;review_motif_visibility;record_provenance;record_license,pending,
3,img_1a233239493b1c99,dataset_dev/02_ornek/kt203.jpg,02_ornek,candidate_2ab4f2091d1c7bfe,confirm_object_group;assign_object_type;review_motif_visibility;record_provenance;record_license,pending,
3,img_e805b65df0c563eb,dataset_dev/02_ornek/kt204.jpg,02_ornek,candidate_f032939bc2918119,confirm_object_group;assign_object_type;review_motif_visibility;record_provenance;record_license,pending,
3,img_397c69a03ed4a1bd,dataset_dev/02_ornek/kt205.jpg,02_ornek,candidate_abba54777d9d5d42,confirm_object_group;assign_object_type;review_motif_visibility;record_provenance;record_license,pending,
3,img_23550994e9750f70,dataset_dev/02_ornek/kt207.jpg,02_ornek,candidate_885eeb183f762d5f,confirm_object_group;assign_object_type;review_motif_visibility;record_provenance;record_license,pending,
3,img_fe6b3e49914f0918,dataset_dev/02_ornek/kt209.jpg,02_ornek,candidate_a7770b1ba3e29436,confirm_object_group;assign_object_type;review_motif_visibility;record_provenance;record_license,pending,
3,img_e61242c1b7b5f31d,dataset_dev/02_ornek/kt211.JPG,02_ornek,candidate_87593cbebf715b29,confirm_object_group;assign_object_type;review_motif_visibility;record_provenance;record_license,pending,
3,img_38b6ff0fad2ab39f,dataset_dev/02_ornek/kt212.JPG,02_ornek,candidate_2f019db0a91a0f35,confirm_object_group;assign_object_type;review_motif_visibility;record_provenance;record_license,pending,
3,img_11c200cf25442021,dataset_dev/02_ornek/kt214.JPG,02_ornek,candidate_bb65df209ebbe733,confirm_object_group;assign_object_type;review_motif_visibility;record_provenance;record_license,pending,
3,img_d6f987737bfc7b75,dataset_dev/02_ornek/kt215.jpg,02_ornek,candidate_a20ea7ccb1645225,confirm_object_group;assign_object_type;review_motif_visibility;record_provenance;record_license,pending,
3,img_54b5034f6ee26314,dataset_dev/02_ornek/kt217.JPG,02_ornek,candidate_7d34745a6a2be3e1,confirm_object_group;assign_object_type;review_motif_visibility;record_provenance;record_license,pending,
3,img_de78264718d78149,dataset_dev/02_ornek/kt218.JPG,02_ornek,candidate_188c5d53b1f3d914,confirm_object_group;assign_object_type;review_motif_visibility;record_provenance;record_license,pending,
3,img_43785bbbe1f4c0f4,dataset_dev/02_ornek/kt219.JPG,02_ornek,candidate_66aa948ce7ed161a,confirm_object_group;assign_object_type;review_motif_visibility;record_provenance;record_license,pending,
3,img_b5b5e71e11e007b3,dataset_dev/02_ornek/kt220.jpg,02_ornek,candidate_7a03c3e9befa190c,confirm_object_group;assign_object_type;review_motif_visibility;record_provenance;record_license,pending,
3,img_ea42815d47048164,dataset_dev/02_ornek/kt221.jpg,02_ornek,candidate_d2d00eaffc149381,confirm_object_group;assign_object_type;review_motif_visibility;record_provenance;record_license,pending,
3,img_6b3390168b9ba1e8,dataset_dev/02_ornek/kt222.JPG,02_ornek,candidate_8fc82ac1c06dc4cc,confirm_object_group;assign_object_type;review_motif_visibility;record_provenance;record_license,pending,
3,img_ded3b829a94e16d8,dataset_dev/02_ornek/kt223.JPG,02_ornek,candidate_3873a578b68f7deb,confirm_object_group;assign_object_type;review_motif_visibility;record_provenance;record_license,pending,
3,img_7e4a085f8903beb4,dataset_dev/02_ornek/kt226.jpg,02_ornek,candidate_6ec49311f36c27fc,confirm_object_group;assign_object_type;review_motif_visibility;record_provenance;record_license,pending,
3,img_e43faaacd34b4839,dataset_dev/02_ornek/kt228.jpg,02_ornek,candidate_4887de85046896b1,confirm_object_group;assign_object_type;review_motif_visibility;record_provenance;record_license,pending,
3,img_48a4679aea15a29d,dataset_dev/02_ornek/kt229.jpg,02_ornek,candidate_25597cbb9fa4cd11,confirm_object_group;assign_object_type;review_motif_visibility;record_provenance;record_license,pending,
3,img_0a748283e1a87898,dataset_dev/02_ornek/kt230.JPG,02_ornek,candidate_710fa75cd3bab8ee,confirm_object_group;assign_object_type;review_motif_visibility;record_provenance;record_license,pending,
3,img_2d12685aa747827d,dataset_dev/02_ornek/kt232.jpg,02_ornek,candidate_331e3cb8d3b66b2a,confirm_object_group;assign_object_type;review_motif_visibility;record_provenance;record_license,pending,
3,img_438584cb4dfe7d21,dataset_dev/02_ornek/kt234.jpg,02_ornek,candidate_8c644723bf7b0fb3,confirm_object_group;assign_object_type;review_motif_visibility;record_provenance;record_license,pending,
3,img_1cd041b74aef982c,dataset_dev/02_ornek/kt236.jpg,02_ornek,candidate_7cb582549d09b66a,confirm_object_group;assign_object_type;review_motif_visibility;record_provenance;record_license,pending,
3,img_f37d79702ff56a41,dataset_dev/02_ornek/kt238.jpg,02_ornek,candidate_8c413e85525c35dd,confirm_object_group;assign_object_type;review_motif_visibility;record_provenance;record_license,pending,
3,img_794b4a0ad0e01c9b,dataset_dev/02_ornek/kt239.jpg,02_ornek,candidate_9011a85d8f4c2b01,confirm_object_group;assign_object_type;review_motif_visibility;record_provenance;record_license,pending,
3,img_5fec64ca92dc8b2e,dataset_dev/02_ornek/kt240.jpg,02_ornek,candidate_0672b2f7f0f81410,confirm_object_group;assign_object_type;review_motif_visibility;record_provenance;record_license,pending,
3,img_9bf00fb20f62911f,dataset_dev/02_ornek/kt244.jpg,02_ornek,candidate_d08b28ca6bce99e3,confirm_object_group;assign_object_type;review_motif_visibility;record_provenance;record_license,pending,
3,img_f2bce664ad7718a2,dataset_dev/02_ornek/kt246.jpg,02_ornek,candidate_3d29729839c2185b,confirm_object_group;assign_object_type;review_motif_visibility;record_provenance;record_license,pending,
3,img_8b1e2f99117f4ae1,dataset_dev/02_ornek/kt248.jpg,02_ornek,candidate_4c262baaa13f999f,confirm_object_group;assign_object_type;review_motif_visibility;record_provenance;record_license,pending,
3,img_90b7a0ec8998b70a,dataset_dev/02_ornek/kt249.jpg,02_ornek,candidate_61829b8df0ce0faf,confirm_object_group;assign_object_type;review_motif_visibility;record_provenance;record_license,pending,
3,img_815ffb692b09d084,dataset_dev/02_ornek/kt250.JPG,02_ornek,candidate_fa87c5d3fe07609e,confirm_object_group;assign_object_type;review_motif_visibility;record_provenance;record_license,pending,
3,img_faeb5e3e6118abfb,dataset_dev/02_ornek/kt251.jpg,02_ornek,candidate_d8240978778e0b32,confirm_object_group;assign_object_type;review_motif_visibility;record_provenance;record_license,pending,
3,img_510043a27423f7cb,dataset_dev/02_ornek/kt252.jpg,02_ornek,candidate_182d514c6c67bf14,confirm_object_group;assign_object_type;review_motif_visibility;record_provenance;record_license,pending,
3,img_299f89f647ac3b3f,dataset_dev/02_ornek/kt254.jpg,02_ornek,candidate_8f3d6f258bb32ea0,confirm_object_group;assign_object_type;review_motif_visibility;record_provenance;record_license,pending,
3,img_2f209b67ac531264,dataset_dev/02_ornek/kt255.jpg,02_ornek,candidate_f3353dff2a0a01bc,confirm_object_group;assign_object_type;review_motif_visibility;record_provenance;record_license,pending,
3,img_63fefe7d5c34e09c,dataset_dev/02_ornek/kt256.jpg,02_ornek,candidate_7dcb4c4eb4511483,confirm_object_group;assign_object_type;review_motif_visibility;record_provenance;record_license,pending,
3,img_cb5f99c4a8cf58d3,dataset_dev/02_ornek/kt257.jpg,02_ornek,candidate_6214646e5aed8415,confirm_object_group;assign_object_type;review_motif_visibility;record_provenance;record_license,pending,
3,img_993f4c2051ba7cfa,dataset_dev/02_ornek/kt259.jpg,02_ornek,candidate_1077cc6d11ff3a1e,confirm_object_group;assign_object_type;review_motif_visibility;record_provenance;record_license,pending,
3,img_f9f14d9fea8bf3d2,dataset_dev/02_ornek/kt261.jpg,02_ornek,candidate_0f2e603f38993104,confirm_object_group;assign_object_type;review_motif_visibility;record_provenance;record_license,pending,
3,img_e919edefdf83f01a,dataset_dev/02_ornek/kt263.JPG,02_ornek,candidate_920000ac2e1d3771,confirm_object_group;assign_object_type;review_motif_visibility;record_provenance;record_license,pending,
3,img_bcb3ee509f03e05a,dataset_dev/02_ornek/kt264.jpg,02_ornek,candidate_200052effcf5dc75,confirm_object_group;assign_object_type;review_motif_visibility;record_provenance;record_license,pending,
3,img_0c3caa4d2a12b406,dataset_dev/02_ornek/kt265.jpg,02_ornek,candidate_6dc05949ba026c2f,confirm_object_group;assign_object_type;review_motif_visibility;record_provenance;record_license,pending,
3,img_ac9a21da78693913,dataset_dev/02_ornek/kt266.jpg,02_ornek,candidate_d7c9327882cfb4d8,confirm_object_group;assign_object_type;review_motif_visibility;record_provenance;record_license,pending,
3,img_6c30f0bf7d03c33c,dataset_dev/02_ornek/kt269.jpg,02_ornek,candidate_4dbd5a42a267edcb,confirm_object_group;assign_object_type;review_motif_visibility;record_provenance;record_license,pending,
3,img_5ba8a01e92eaf50e,dataset_dev/02_ornek/kt270.jpg,02_ornek,candidate_0de3f0961d1b775b,confirm_object_group;assign_object_type;review_motif_visibility;record_provenance;record_license,pending,
3,img_bcc385c36b86f79a,dataset_dev/02_ornek/kt271.jpg,02_ornek,candidate_2808098acca27e29,confirm_object_group;assign_object_type;review_motif_visibility;record_provenance;record_license,pending,
3,img_744d6a14cf8aa451,dataset_dev/02_ornek/kt274.jpg,02_ornek,candidate_b140fe4e116ea406,confirm_object_group;assign_object_type;review_motif_visibility;record_provenance;record_license,pending,
3,img_8dcbcfd4e6783617,dataset_dev/02_ornek/kt275.jpg,02_ornek,candidate_52a9ceed813b80c8,confirm_object_group;assign_object_type;review_motif_visibility;record_provenance;record_license,pending,
3,img_985b78d77115604e,dataset_dev/02_ornek/kt276.jpg,02_ornek,candidate_776f38a6211113f4,confirm_object_group;assign_object_type;review_motif_visibility;record_provenance;record_license,pending,
3,img_bb5bb1ba6e46c28e,dataset_dev/02_ornek/kt277.jpg,02_ornek,candidate_7af45a4424265a81,confirm_object_group;assign_object_type;review_motif_visibility;record_provenance;record_license,pending,
3,img_a84f9e7c77aa18e9,dataset_dev/02_ornek/kt278.jpg,02_ornek,candidate_1e3b80b13a54720a,confirm_object_group;assign_object_type;review_motif_visibility;record_provenance;record_license,pending,
3,img_714afc20d0a3b2f2,dataset_dev/02_ornek/kt280.jpg,02_ornek,candidate_92a21032584a9bd2,confirm_object_group;assign_object_type;review_motif_visibility;record_provenance;record_license,pending,
3,img_13847a7374b5811a,dataset_dev/02_ornek/kt281.jpg,02_ornek,candidate_bafb39906d5b6cc5,confirm_object_group;assign_object_type;review_motif_visibility;record_provenance;record_license,pending,
3,img_5c55acb98b4d3770,dataset_dev/02_ornek/kt282.jpg,02_ornek,candidate_6651c80ff732af3d,confirm_object_group;assign_object_type;review_motif_visibility;record_provenance;record_license,pending,
3,img_1eb629e9a7b4a54f,dataset_dev/02_ornek/kt283.JPG,02_ornek,candidate_cacf06f6482210c0,confirm_object_group;assign_object_type;review_motif_visibility;record_provenance;record_license,pending,
3,img_b7ad04cc895f5813,dataset_dev/02_ornek/kt285.jpg,02_ornek,candidate_7106a67e4ffe18f0,confirm_object_group;assign_object_type;review_motif_visibility;record_provenance;record_license,pending,
3,img_6fc462e576a5703e,dataset_dev/02_ornek/kt287.JPG,02_ornek,candidate_9d256b5ed7fa18a9,confirm_object_group;assign_object_type;review_motif_visibility;record_provenance;record_license,pending,
3,img_d1205a51d6451832,dataset_dev/02_ornek/kt289.jpg,02_ornek,candidate_2de1d0872f31047a,confirm_object_group;assign_object_type;review_motif_visibility;record_provenance;record_license,pending,
3,img_0c055397f3ef7bfe,dataset_dev/02_ornek/kt290.jpg,02_ornek,candidate_a3f42235df71d338,confirm_object_group;assign_object_type;review_motif_visibility;record_provenance;record_license,pending,
3,img_9e9cc3e0a425abae,dataset_dev/02_ornek/kt292.jpg,02_ornek,candidate_5ebc68bf4c211ab6,confirm_object_group;assign_object_type;review_motif_visibility;record_provenance;record_license,pending,
3,img_0fac5736468af3a0,dataset_dev/02_ornek/kt293.jpg,02_ornek,candidate_cf48ff0596d55d42,confirm_object_group;assign_object_type;review_motif_visibility;record_provenance;record_license,pending,
3,img_8bf279a9dba415f7,dataset_dev/02_ornek/kt295.jpg,02_ornek,candidate_5a7e41eff1d77054,confirm_object_group;assign_object_type;review_motif_visibility;record_provenance;record_license,pending,
3,img_80c84f01a32b10ca,dataset_dev/02_ornek/kt296.jpg,02_ornek,candidate_02c49c94c6b5d1cb,confirm_object_group;assign_object_type;review_motif_visibility;record_provenance;record_license,pending,
3,img_9716a5112d12514a,dataset_dev/02_ornek/kt300.jpg,02_ornek,candidate_6671c66d2c0805c4,confirm_object_group;assign_object_type;review_motif_visibility;record_provenance;record_license,pending,
3,img_184b2c44dfe151f4,dataset_dev/02_ornek/kt301.jpg,02_ornek,candidate_620750bb2335c5e9,confirm_object_group;assign_object_type;review_motif_visibility;record_provenance;record_license,pending,
3,img_ff9db4e87afc207a,dataset_dev/02_ornek/kt302.jpg,02_ornek,candidate_8e2a4486b7071925,confirm_object_group;assign_object_type;review_motif_visibility;record_provenance;record_license,pending,
3,img_acbee5623f5d8444,dataset_dev/02_ornek/kt303.jpg,02_ornek,candidate_22a05538fec3ee02,confirm_object_group;assign_object_type;review_motif_visibility;record_provenance;record_license,pending,
3,img_6fb696b140c01f26,dataset_dev/02_ornek/kt304.jpg,02_ornek,candidate_e698c81017ab7691,confirm_object_group;assign_object_type;review_motif_visibility;record_provenance;record_license,pending,
3,img_183c806bd8f55192,dataset_dev/02_ornek/kt306.jpg,02_ornek,candidate_500ab884834145a9,confirm_object_group;assign_object_type;review_motif_visibility;record_provenance;record_license,pending,
3,img_1a234e1bedc1b2ec,dataset_dev/02_ornek/kt308.jpg,02_ornek,candidate_faf416ef0e118f31,confirm_object_group;assign_object_type;review_motif_visibility;record_provenance;record_license,pending,
3,img_c8e81536833c4d07,dataset_dev/02_ornek/kt309.jpg,02_ornek,candidate_8bc037b735e3f2e2,confirm_object_group;assign_object_type;review_motif_visibility;record_provenance;record_license,pending,
3,img_898f2a911c8162a2,dataset_dev/02_ornek/kt310.JPG,02_ornek,candidate_fa1ca3608ad19d86,confirm_object_group;assign_object_type;review_motif_visibility;record_provenance;record_license,pending,
3,img_740be47e45aaed28,dataset_dev/02_ornek/kt313.JPG,02_ornek,candidate_00fb3ac5918dc65e,confirm_object_group;assign_object_type;review_motif_visibility;record_provenance;record_license,pending,
3,img_76beacf98c0da1c9,dataset_dev/02_ornek/kt316.JPG,02_ornek,candidate_a3e0c256bde224f9,confirm_object_group;assign_object_type;review_motif_visibility;record_provenance;record_license,pending,
3,img_78b16968e874fa75,dataset_dev/02_ornek/kt317.jpg,02_ornek,candidate_d24b9d349c0342f0,confirm_object_group;assign_object_type;review_motif_visibility;record_provenance;record_license,pending,
3,img_3ee3316a8f3431dd,dataset_dev/02_ornek/kt320.jpg,02_ornek,candidate_1c49521850111248,confirm_object_group;assign_object_type;review_motif_visibility;record_provenance;record_license,pending,
3,img_026ea0c2798b2e8f,dataset_dev/02_ornek/kt321.jpg,02_ornek,candidate_98fd694897984aab,confirm_object_group;assign_object_type;review_motif_visibility;record_provenance;record_license,pending,
3,img_cbb233be6dd36e04,dataset_dev/02_ornek/kt322.jpg,02_ornek,candidate_34b87b37506284fc,confirm_object_group;assign_object_type;review_motif_visibility;record_provenance;record_license,pending,
3,img_7d42fa3107f70f92,dataset_dev/02_ornek/kt323.jpg,02_ornek,candidate_11aa49ad19921e9e,confirm_object_group;assign_object_type;review_motif_visibility;record_provenance;record_license,pending,
3,img_41d048172f59a3e3,dataset_dev/02_ornek/kt325.jpg,02_ornek,candidate_1052cb8e237cfaf5,confirm_object_group;assign_object_type;review_motif_visibility;record_provenance;record_license,pending,
3,img_b2bb045652b6ecbd,dataset_dev/02_ornek/kt326.jpg,02_ornek,candidate_47c0df0986196862,confirm_object_group;assign_object_type;review_motif_visibility;record_provenance;record_license,pending,
3,img_38bab83654158a82,dataset_dev/02_ornek/kt328.jpg,02_ornek,candidate_9c339308b9453d95,confirm_object_group;assign_object_type;review_motif_visibility;record_provenance;record_license,pending,
3,img_fdc9dd436fdb0168,dataset_dev/02_ornek/kt329.jpg,02_ornek,candidate_30a64adcaa430041,confirm_object_group;assign_object_type;review_motif_visibility;record_provenance;record_license,pending,
3,img_c17c96385e4a6e51,dataset_dev/02_ornek/kt332.jpg,02_ornek,candidate_26baa1de62b218c0,confirm_object_group;assign_object_type;review_motif_visibility;record_provenance;record_license,pending,
3,img_933575053f83acb0,dataset_dev/02_ornek/kt333.jpg,02_ornek,candidate_b14045b1d6b30d5f,confirm_object_group;assign_object_type;review_motif_visibility;record_provenance;record_license,pending,
3,img_f7d00607df2cbdd7,dataset_dev/02_ornek/kt334.jpg,02_ornek,candidate_1e3ff7a8b1877e33,confirm_object_group;assign_object_type;review_motif_visibility;record_provenance;record_license,pending,
3,img_b9aeba5193b65817,dataset_dev/02_ornek/kt335.jpg,02_ornek,candidate_4a98aeaf41aa0e73,confirm_object_group;assign_object_type;review_motif_visibility;record_provenance;record_license,pending,
3,img_2d1e3530d1d3d6aa,dataset_dev/02_ornek/kt336.jpg,02_ornek,candidate_bc6952c0a197d321,confirm_object_group;assign_object_type;review_motif_visibility;record_provenance;record_license,pending,
3,img_8508c11c30f086c1,dataset_dev/02_ornek/kt337.jpg,02_ornek,candidate_0f5c58561bb859fe,confirm_object_group;assign_object_type;review_motif_visibility;record_provenance;record_license,pending,
3,img_f1932412c0efffe5,dataset_dev/02_ornek/kt339.jpg,02_ornek,candidate_3e0186ab1709cfca,confirm_object_group;assign_object_type;review_motif_visibility;record_provenance;record_license,pending,
3,img_d64ed2b6b21bd4ea,dataset_dev/02_ornek/kt341.jpg,02_ornek,candidate_f7d4646d11089838,confirm_object_group;assign_object_type;review_motif_visibility;record_provenance;record_license,pending,
3,img_355118940c03fec8,dataset_dev/02_ornek/kt342.jpg,02_ornek,candidate_fae1ac63c903bf13,confirm_object_group;assign_object_type;review_motif_visibility;record_provenance;record_license,pending,
3,img_9e74ef6fb02f4066,dataset_dev/02_ornek/kt343.jpg,02_ornek,candidate_1bc989ed0fba30bf,confirm_object_group;assign_object_type;review_motif_visibility;record_provenance;record_license,pending,
3,img_dcb17923cb1e79a7,dataset_dev/02_ornek/kt344.jpg,02_ornek,candidate_d04849d8b64c4428,confirm_object_group;assign_object_type;review_motif_visibility;record_provenance;record_license,pending,
3,img_a4ba030c66002ab0,dataset_dev/02_ornek/kt345.jpg,02_ornek,candidate_74672dd3bbc2a5a9,confirm_object_group;assign_object_type;review_motif_visibility;record_provenance;record_license,pending,
3,img_3ac01592a39cd0c4,dataset_dev/02_ornek/kt346.jpg,02_ornek,candidate_675719af0482148a,confirm_object_group;assign_object_type;review_motif_visibility;record_provenance;record_license,pending,
3,img_8c687916a35cee07,dataset_dev/02_ornek/kt348.jpg,02_ornek,candidate_68d5e17d4899bf0a,confirm_object_group;assign_object_type;review_motif_visibility;record_provenance;record_license,pending,
3,img_836a7a5fcaa71968,dataset_dev/02_ornek/kt349.jpg,02_ornek,candidate_a511ac231aa653c9,confirm_object_group;assign_object_type;review_motif_visibility;record_provenance;record_license,pending,
3,img_fd16dc45c3638267,dataset_dev/02_ornek/kt352.jpg,02_ornek,candidate_1a57cf25313ae330,confirm_object_group;assign_object_type;review_motif_visibility;record_provenance;record_license,pending,
3,img_c6c37b37ed783f66,dataset_dev/02_ornek/kt353.jpg,02_ornek,candidate_02c3f04f6ca1ebe9,confirm_object_group;assign_object_type;review_motif_visibility;record_provenance;record_license,pending,
3,img_d39d967667b97935,dataset_dev/02_ornek/kt355.jpg,02_ornek,candidate_8041b94d5af2eb3e,confirm_object_group;assign_object_type;review_motif_visibility;record_provenance;record_license,pending,
3,img_a4dced8a82c7c1bd,dataset_dev/02_ornek/kt356.jpg,02_ornek,candidate_ce0724031cca0dc7,confirm_object_group;assign_object_type;review_motif_visibility;record_provenance;record_license,pending,
3,img_20e15b8ccc51edda,dataset_dev/02_ornek/kt357.jpg,02_ornek,candidate_fbfd7b8307aa69ac,confirm_object_group;assign_object_type;review_motif_visibility;record_provenance;record_license,pending,
3,img_3d71cba49a8ba2ca,dataset_dev/02_ornek/kt358.jpg,02_ornek,candidate_2603f72a6d122f65,confirm_object_group;assign_object_type;review_motif_visibility;record_provenance;record_license,pending,
3,img_d888dac1cbc611db,dataset_dev/02_ornek/kt360.jpg,02_ornek,candidate_6e67c7bd3b697d17,confirm_object_group;assign_object_type;review_motif_visibility;record_provenance;record_license,pending,
3,img_abaf158dac55c944,dataset_dev/02_ornek/kt361.jpg,02_ornek,candidate_f1cc591e9e8188d3,confirm_object_group;assign_object_type;review_motif_visibility;record_provenance;record_license,pending,
3,img_3ef3208c00d8119f,dataset_dev/02_ornek/kt362.jpg,02_ornek,candidate_2ed8079fa5cadcb0,confirm_object_group;assign_object_type;review_motif_visibility;record_provenance;record_license,pending,
3,img_52aec3dfd5240880,dataset_dev/02_ornek/kt364.jpg,02_ornek,candidate_38c62437423632ed,confirm_object_group;assign_object_type;review_motif_visibility;record_provenance;record_license,pending,
3,img_a0f667e3cd00b8ea,dataset_dev/02_ornek/kt365.jpg,02_ornek,candidate_b58147e18b925506,confirm_object_group;assign_object_type;review_motif_visibility;record_provenance;record_license,pending,
3,img_d7834bda68ba8627,dataset_dev/02_ornek/kt366.jpg,02_ornek,candidate_8c9332027f05f645,confirm_object_group;assign_object_type;review_motif_visibility;record_provenance;record_license,pending,
3,img_cdc939acf520d9e1,dataset_dev/02_ornek/kt367.jpg,02_ornek,candidate_32b22e94b82b5bf7,confirm_object_group;assign_object_type;review_motif_visibility;record_provenance;record_license,pending,
3,img_8df82a3307a9b7ab,dataset_dev/02_ornek/kt368.jpg,02_ornek,candidate_e4943b809ea381ee,confirm_object_group;assign_object_type;review_motif_visibility;record_provenance;record_license,pending,
3,img_09fd3921ce7cc294,dataset_dev/02_ornek/kt370.jpg,02_ornek,candidate_4521d7c4752c50f6,confirm_object_group;assign_object_type;review_motif_visibility;record_provenance;record_license,pending,
3,img_acc8fad045648429,dataset_dev/02_ornek/kt371.jpg,02_ornek,candidate_2d35ed7b4fe54291,confirm_object_group;assign_object_type;review_motif_visibility;record_provenance;record_license,pending,
3,img_d9b61e8f83f70a14,dataset_dev/02_ornek/kt373.jpg,02_ornek,candidate_20ac25548853f054,confirm_object_group;assign_object_type;review_motif_visibility;record_provenance;record_license,pending,
3,img_f3e552006be11c6e,dataset_dev/02_ornek/kt376.jpg,02_ornek,candidate_4c636ce61d29d0fd,confirm_object_group;assign_object_type;review_motif_visibility;record_provenance;record_license,pending,
3,img_af614be8b6fe20ba,dataset_dev/02_ornek/kt378.jpg,02_ornek,candidate_1e1f6f478a3a87a3,confirm_object_group;assign_object_type;review_motif_visibility;record_provenance;record_license,pending,
3,img_36e0ec589c682f13,dataset_dev/02_ornek/kt379.jpg,02_ornek,candidate_3cf21ee043724622,confirm_object_group;assign_object_type;review_motif_visibility;record_provenance;record_license,pending,
3,img_c089dd4143b5338a,dataset_dev/02_ornek/kt381.jpg,02_ornek,candidate_e4e390aa7482436e,confirm_object_group;assign_object_type;review_motif_visibility;record_provenance;record_license,pending,
3,img_5aa0d7b298ec4f79,dataset_dev/02_ornek/kt383.jpg,02_ornek,candidate_392ba604882b1e91,confirm_object_group;assign_object_type;review_motif_visibility;record_provenance;record_license,pending,
3,img_815aa2d2107dfc33,dataset_dev/02_ornek/kt384.jpg,02_ornek,candidate_61f10bb3a53030b4,confirm_object_group;assign_object_type;review_motif_visibility;record_provenance;record_license,pending,
3,img_3749b8c6e929146c,dataset_dev/02_ornek/kt385.jpg,02_ornek,candidate_2e06bc2a88b8cbbc,confirm_object_group;assign_object_type;review_motif_visibility;record_provenance;record_license,pending,
3,img_318ff55c397277f1,dataset_dev/02_ornek/kt386.jpg,02_ornek,candidate_f8c396bf1e84fc9c,confirm_object_group;assign_object_type;review_motif_visibility;record_provenance;record_license,pending,
3,img_a5abe105cb1a1786,dataset_dev/02_ornek/kt387.jpg,02_ornek,candidate_a0f92df626b8302f,confirm_object_group;assign_object_type;review_motif_visibility;record_provenance;record_license,pending,
3,img_f99760fe5c824a7a,dataset_dev/02_ornek/kt388.jpg,02_ornek,candidate_8868ac21b0a0c37a,confirm_object_group;assign_object_type;review_motif_visibility;record_provenance;record_license,pending,
3,img_6011ce34496bd69c,dataset_dev/02_ornek/kt389.jpg,02_ornek,candidate_604cccbc9daa02e8,confirm_object_group;assign_object_type;review_motif_visibility;record_provenance;record_license,pending,
3,img_bda34a5ff86bea02,dataset_dev/02_ornek/kt390.jpg,02_ornek,candidate_daabbdf17db3c874,confirm_object_group;assign_object_type;review_motif_visibility;record_provenance;record_license,pending,
3,img_4139e07d39517557,dataset_dev/02_ornek/kt391.jpg,02_ornek,candidate_623284506e261d78,confirm_object_group;assign_object_type;review_motif_visibility;record_provenance;record_license,pending,
3,img_323eb48eb21656a7,dataset_dev/02_ornek/kt394.jpg,02_ornek,candidate_332d0605fa0cc749,confirm_object_group;assign_object_type;review_motif_visibility;record_provenance;record_license,pending,
3,img_a49ea29bf467e32f,dataset_dev/02_ornek/kt395.jpg,02_ornek,candidate_f083a46f54add265,confirm_object_group;assign_object_type;review_motif_visibility;record_provenance;record_license,pending,
3,img_e1ad787538196f68,dataset_dev/02_ornek/kt398.jpg,02_ornek,candidate_b230544d12da22fe,confirm_object_group;assign_object_type;review_motif_visibility;record_provenance;record_license,pending,
3,img_4a4f77a7cccdce3e,dataset_dev/02_ornek/kt402.JPG,02_ornek,candidate_0d80761b4b21c59b,confirm_object_group;assign_object_type;review_motif_visibility;record_provenance;record_license,pending,
3,img_9c3503df822c0272,dataset_dev/02_ornek/kt403.jpg,02_ornek,candidate_c63ed1b5e2415d2c,confirm_object_group;assign_object_type;review_motif_visibility;record_provenance;record_license,pending,
3,img_289314ac9c0734e0,dataset_dev/02_ornek/kt404.jpg,02_ornek,candidate_159920f5114e4af4,confirm_object_group;assign_object_type;review_motif_visibility;record_provenance;record_license,pending,
3,img_316ca5aaa47bd179,dataset_dev/02_ornek/kt407.jpg,02_ornek,candidate_01771cef174b68ac,confirm_object_group;assign_object_type;review_motif_visibility;record_provenance;record_license,pending,
3,img_b6c179e56e963b65,dataset_dev/02_ornek/kt409.jpg,02_ornek,candidate_893aeb9eb585ee6f,confirm_object_group;assign_object_type;review_motif_visibility;record_provenance;record_license,pending,
3,img_9ce28dfa791d1756,dataset_dev/02_ornek/kt411.JPG,02_ornek,candidate_f719a5e5b6c9ee3d,confirm_object_group;assign_object_type;review_motif_visibility;record_provenance;record_license,pending,
3,img_edabc5441302365a,dataset_dev/02_ornek/kt412.jpg,02_ornek,candidate_7c4d8f0fd6b2e667,confirm_object_group;assign_object_type;review_motif_visibility;record_provenance;record_license,pending,
3,img_05159f71cc057a4a,dataset_dev/02_ornek/kt414.jpg,02_ornek,candidate_3fa176d75c1185d5,confirm_object_group;assign_object_type;review_motif_visibility;record_provenance;record_license,pending,
3,img_ab1472096ce38a23,dataset_dev/02_ornek/kt415.jpg,02_ornek,candidate_c2dee14e3698bfd6,confirm_object_group;assign_object_type;review_motif_visibility;record_provenance;record_license,pending,
3,img_6ccc4bb6191bd36b,dataset_dev/02_ornek/kt417.jpg,02_ornek,candidate_45198f4921ee7d1d,confirm_object_group;assign_object_type;review_motif_visibility;record_provenance;record_license,pending,
3,img_8f81cd7fa71cf11a,dataset_dev/02_ornek/kt419.JPG,02_ornek,candidate_a33e2c21bc0249da,confirm_object_group;assign_object_type;review_motif_visibility;record_provenance;record_license,pending,
3,img_db9aa65bee54ecae,dataset_dev/02_ornek/kt421.JPG,02_ornek,candidate_d16476c31e825688,confirm_object_group;assign_object_type;review_motif_visibility;record_provenance;record_license,pending,
3,img_db9780a9f3a19a4c,dataset_dev/02_ornek/kt423.JPG,02_ornek,candidate_63b76623d2aa7adc,confirm_object_group;assign_object_type;review_motif_visibility;record_provenance;record_license,pending,
3,img_1a3213fa4a4a9232,dataset_dev/02_ornek/kt426=036.jpg,02_ornek,candidate_b436930c175f5f6c,confirm_object_group;assign_object_type;review_motif_visibility;record_provenance;record_license,pending,
3,img_969a520dcf786b1e,dataset_dev/02_ornek/kt427.jpg,02_ornek,candidate_a5d4ce825205757d,confirm_object_group;assign_object_type;review_motif_visibility;record_provenance;record_license,pending,
3,img_5ee4d38cdec312c0,dataset_dev/02_ornek/kt428.jpg,02_ornek,candidate_733caf8895c75afa,confirm_object_group;assign_object_type;review_motif_visibility;record_provenance;record_license,pending,
3,img_4bf6b0581462a4b3,dataset_dev/02_ornek/kt431.jpg,02_ornek,candidate_0767b8f64ee42379,confirm_object_group;assign_object_type;review_motif_visibility;record_provenance;record_license,pending,
3,img_05fe5c81b9fdb573,dataset_dev/02_ornek/kt432.jpg,02_ornek,candidate_d9534d38e2032ea5,confirm_object_group;assign_object_type;review_motif_visibility;record_provenance;record_license,pending,
3,img_a5ee740565cb18cc,dataset_dev/02_ornek/kt433.jpg,02_ornek,candidate_ff54aee01ed6e33c,confirm_object_group;assign_object_type;review_motif_visibility;record_provenance;record_license,pending,
3,img_a0acc10591acc1fa,dataset_dev/02_ornek/kt434.jpg,02_ornek,candidate_a698ebcc4e68dd29,confirm_object_group;assign_object_type;review_motif_visibility;record_provenance;record_license,pending,
3,img_6e3989fca69b6664,dataset_dev/02_ornek/kt435.jpg,02_ornek,candidate_0abd11eafea2995c,confirm_object_group;assign_object_type;review_motif_visibility;record_provenance;record_license,pending,
3,img_727e7f5cec10c4aa,dataset_dev/02_ornek/kt436.JPG,02_ornek,candidate_fbf35341c9d6525a,confirm_object_group;assign_object_type;review_motif_visibility;record_provenance;record_license,pending,
3,img_55d25915355c675a,dataset_dev/02_ornek/kt437.JPG,02_ornek,candidate_cc0750cf061e82be,confirm_object_group;assign_object_type;review_motif_visibility;record_provenance;record_license,pending,
3,img_12b9609b34adc300,dataset_dev/02_ornek/kt438.JPG,02_ornek,candidate_daad6aa2553028b3,confirm_object_group;assign_object_type;review_motif_visibility;record_provenance;record_license,pending,
3,img_cb53816b599e9902,dataset_dev/02_ornek/kt439.jpg,02_ornek,candidate_6c2861bb7d40b187,confirm_object_group;assign_object_type;review_motif_visibility;record_provenance;record_license,pending,
3,img_876448b028bf9bbb,dataset_dev/02_ornek/kt440.JPG,02_ornek,candidate_c9a68e2495309170,confirm_object_group;assign_object_type;review_motif_visibility;record_provenance;record_license,pending,
3,img_eccc49759a59c4b9,dataset_dev/02_ornek/kt442.JPG,02_ornek,candidate_044f0a338ace8b72,confirm_object_group;assign_object_type;review_motif_visibility;record_provenance;record_license,pending,
3,img_c9e5833d0509743f,dataset_dev/02_ornek/kt443.jpg,02_ornek,candidate_2e420ede18489256,confirm_object_group;assign_object_type;review_motif_visibility;record_provenance;record_license,pending,
3,img_e36aceb4947f4350,dataset_dev/02_ornek/kt445.JPG,02_ornek,candidate_0fc9a617304957d9,confirm_object_group;assign_object_type;review_motif_visibility;record_provenance;record_license,pending,
3,img_c310864bc5dfce2e,dataset_dev/02_ornek/kt447.JPG,02_ornek,candidate_d5112662dbafac9e,confirm_object_group;assign_object_type;review_motif_visibility;record_provenance;record_license,pending,
3,img_5994a1f2dfe1c562,dataset_dev/02_ornek/kt448.JPG,02_ornek,candidate_211ce9f0eaae7c1a,confirm_object_group;assign_object_type;review_motif_visibility;record_provenance;record_license,pending,
3,img_2b6e364d51e1b055,dataset_dev/02_ornek/kt450.jpg,02_ornek,candidate_101120dc2a855c90,confirm_object_group;assign_object_type;review_motif_visibility;record_provenance;record_license,pending,
3,img_b8d75020ab49f09e,dataset_dev/02_ornek/kt452.jpg,02_ornek,candidate_acd7ee9618e80e6e,confirm_object_group;assign_object_type;review_motif_visibility;record_provenance;record_license,pending,
3,img_4524055f8fcfc9e6,dataset_dev/02_ornek/kt453.jpg,02_ornek,candidate_f1a53f80784c6f1a,confirm_object_group;assign_object_type;review_motif_visibility;record_provenance;record_license,pending,
3,img_462d2797b23e3fae,dataset_dev/02_ornek/kt455.jpg,02_ornek,candidate_dfd95f2bd7245680,confirm_object_group;assign_object_type;review_motif_visibility;record_provenance;record_license,pending,
3,img_9f98e95787b0ff5f,dataset_dev/02_ornek/kt456.jpg,02_ornek,candidate_d78288685a927675,confirm_object_group;assign_object_type;review_motif_visibility;record_provenance;record_license,pending,
3,img_12465907491282de,dataset_dev/02_ornek/kt458.jpg,02_ornek,candidate_11489bf8e5c27bde,confirm_object_group;assign_object_type;review_motif_visibility;record_provenance;record_license,pending,
3,img_5e1f784cf224784e,dataset_dev/02_ornek/kt459.jpg,02_ornek,candidate_a7f1e3dc8a195b43,confirm_object_group;assign_object_type;review_motif_visibility;record_provenance;record_license,pending,
3,img_07b736e3bac32c9f,dataset_dev/02_ornek/kt461.jpg,02_ornek,candidate_0a2d5c0347d7bf7d,confirm_object_group;assign_object_type;review_motif_visibility;record_provenance;record_license,pending,
3,img_4e43280626a9fb9e,dataset_dev/02_ornek/kt463.jpg,02_ornek,candidate_057dce5f452062e9,confirm_object_group;assign_object_type;review_motif_visibility;record_provenance;record_license,pending,
3,img_0e0e324ca8935d28,dataset_dev/02_ornek/kt464.jpg,02_ornek,candidate_dc1cd334cbe3d309,confirm_object_group;assign_object_type;review_motif_visibility;record_provenance;record_license,pending,
3,img_e90c0f63b787be16,dataset_dev/02_ornek/kt465.jpg,02_ornek,candidate_7f3bf79a76295e38,confirm_object_group;assign_object_type;review_motif_visibility;record_provenance;record_license,pending,
3,img_b3b16d7e6a8907a3,dataset_dev/02_ornek/kt467.jpg,02_ornek,candidate_ec6ec48c0565a6fe,confirm_object_group;assign_object_type;review_motif_visibility;record_provenance;record_license,pending,
3,img_f30726f97bc3a9e0,dataset_dev/02_ornek/kt468.jpg,02_ornek,candidate_e009ea01fb82eca6,confirm_object_group;assign_object_type;review_motif_visibility;record_provenance;record_license,pending,
3,img_28682b13886cfe71,dataset_dev/02_ornek/kt469.jpg,02_ornek,candidate_9d3dc31910ad492f,confirm_object_group;assign_object_type;review_motif_visibility;record_provenance;record_license,pending,
3,img_bb8c2c4bfa174b30,dataset_dev/02_ornek/kt470.jpg,02_ornek,candidate_c52f6509c8d54d7e,confirm_object_group;assign_object_type;review_motif_visibility;record_provenance;record_license,pending,
3,img_66d8e06a38c1c9b1,dataset_dev/02_ornek/kt471.jpg,02_ornek,candidate_aeec54120d5e4101,confirm_object_group;assign_object_type;review_motif_visibility;record_provenance;record_license,pending,
3,img_68430be77263ed7f,dataset_dev/02_ornek/kt472.jpg,02_ornek,candidate_bf6a2546e4323ffb,confirm_object_group;assign_object_type;review_motif_visibility;record_provenance;record_license,pending,
3,img_f71d0507c10ccd12,dataset_dev/02_ornek/kt474.jpg,02_ornek,candidate_bfab4021e5f1dc1d,confirm_object_group;assign_object_type;review_motif_visibility;record_provenance;record_license,pending,
3,img_9d1c059a6187d4e3,dataset_dev/02_ornek/kt475.jpg,02_ornek,candidate_71c00524cadc8591,confirm_object_group;assign_object_type;review_motif_visibility;record_provenance;record_license,pending,
3,img_3c7293b32fdb0fc4,dataset_dev/02_ornek/kt476.jpg,02_ornek,candidate_359d04d9a3ccf1ef,confirm_object_group;assign_object_type;review_motif_visibility;record_provenance;record_license,pending,
3,img_20e87d1e06bd8671,dataset_dev/02_ornek/kt477.jpg,02_ornek,candidate_fd7c96750055d292,confirm_object_group;assign_object_type;review_motif_visibility;record_provenance;record_license,pending,
3,img_63d6be65bede61e2,dataset_dev/02_ornek/kt479.jpg,02_ornek,candidate_323a4383c1dd448c,confirm_object_group;assign_object_type;review_motif_visibility;record_provenance;record_license,pending,
3,img_3d73d70484aed1b7,dataset_dev/02_ornek/kt480.jpg,02_ornek,candidate_b763c549d62feb02,confirm_object_group;assign_object_type;review_motif_visibility;record_provenance;record_license,pending,
3,img_6a9ccbc984ca076b,dataset_dev/02_ornek/kt481.jpg,02_ornek,candidate_70a4732b27e5ba29,confirm_object_group;assign_object_type;review_motif_visibility;record_provenance;record_license,pending,
3,img_22932fadf469dad2,dataset_dev/02_ornek/kt483.jpg,02_ornek,candidate_813e80d46a4ad0a9,confirm_object_group;assign_object_type;review_motif_visibility;record_provenance;record_license,pending,
3,img_dcad607012fd1178,dataset_dev/02_ornek/kt486.jpg,02_ornek,candidate_e1cd7e24d196d204,confirm_object_group;assign_object_type;review_motif_visibility;record_provenance;record_license,pending,
3,img_9cbe9d9f91f40910,dataset_dev/02_ornek/kt487.jpeg,02_ornek,candidate_211a955efc2c75ec,confirm_object_group;assign_object_type;review_motif_visibility;record_provenance;record_license,pending,
3,img_292364f879049c6b,dataset_dev/02_ornek/kt488.jpeg,02_ornek,candidate_9737ecc594fdbab7,confirm_object_group;assign_object_type;review_motif_visibility;record_provenance;record_license,pending,
3,img_45b1d0a3b4a5c1c6,dataset_dev/02_ornek/kt489.jpeg,02_ornek,candidate_5320e9649b7486a0,confirm_object_group;assign_object_type;review_motif_visibility;record_provenance;record_license,pending,
3,img_999f7c8bef55c21b,dataset_dev/02_ornek/kt491.JPG,02_ornek,candidate_fddf4cf84dc46d5d,confirm_object_group;assign_object_type;review_motif_visibility;record_provenance;record_license,pending,
3,img_27ff1892e3f593c9,dataset_dev/02_ornek/kt493.jpg,02_ornek,candidate_ca08c10581febc46,confirm_object_group;assign_object_type;review_motif_visibility;record_provenance;record_license,pending,
3,img_d4d07551f0786876,dataset_dev/02_ornek/kt495.jpg,02_ornek,candidate_4ad330563376cd96,confirm_object_group;assign_object_type;review_motif_visibility;record_provenance;record_license,pending,
3,img_e90c40c595ff4474,dataset_dev/02_ornek/kt496.jpg,02_ornek,candidate_3675790d8be2bbed,confirm_object_group;assign_object_type;review_motif_visibility;record_provenance;record_license,pending,
3,img_2762878bd63df048,dataset_dev/02_ornek/kt497.jpg,02_ornek,candidate_0411d6caec2bc1cb,confirm_object_group;assign_object_type;review_motif_visibility;record_provenance;record_license,pending,
3,img_c46e799fe0dc8e0e,dataset_dev/02_ornek/kt499.jpg,02_ornek,candidate_ca2375628e6c66a9,confirm_object_group;assign_object_type;review_motif_visibility;record_provenance;record_license,pending,
3,img_b25f84e3c0fc3b16,dataset_dev/02_ornek/kt500.jpg,02_ornek,candidate_f13c52c8f8cdc8a2,confirm_object_group;assign_object_type;review_motif_visibility;record_provenance;record_license,pending,
3,img_c40d1992a9e8b216,dataset_dev/02_ornek/kt501.jpg,02_ornek,candidate_c42540adb4351704,confirm_object_group;assign_object_type;review_motif_visibility;record_provenance;record_license,pending,
3,img_75c423ededd75677,dataset_dev/02_ornek/kt502.jpg,02_ornek,candidate_a2d04c8ccc866378,confirm_object_group;assign_object_type;review_motif_visibility;record_provenance;record_license,pending,
3,img_76e93d7fa0f7f10f,dataset_dev/02_ornek/kt503.jpg,02_ornek,candidate_7cb56a97b66cc2e2,confirm_object_group;assign_object_type;review_motif_visibility;record_provenance;record_license,pending,
3,img_9409cbdc91cc3de5,dataset_dev/02_ornek/kt504.JPG,02_ornek,candidate_7f5bb605be1b790c,confirm_object_group;assign_object_type;review_motif_visibility;record_provenance;record_license,pending,
3,img_eea7540feb1cae39,dataset_dev/02_ornek/kt506.JPG,02_ornek,candidate_727ca6948ab4bd40,confirm_object_group;assign_object_type;review_motif_visibility;record_provenance;record_license,pending,
3,img_01bd7ca151024353,dataset_dev/02_ornek/kt507.jpg,02_ornek,candidate_e8b1e6e13329d57f,confirm_object_group;assign_object_type;review_motif_visibility;record_provenance;record_license,pending,
3,img_bceef9f861a69348,dataset_dev/02_ornek/kt508.jpg,02_ornek,candidate_82360fd70d650704,confirm_object_group;assign_object_type;review_motif_visibility;record_provenance;record_license,pending,
3,img_80f127ba8c8c8fe8,dataset_dev/02_ornek/kt509.jpg,02_ornek,candidate_9ac464d2b70449d5,confirm_object_group;assign_object_type;review_motif_visibility;record_provenance;record_license,pending,
3,img_43cd8716f7b62d9c,dataset_dev/02_ornek/kt510.jpg,02_ornek,candidate_cd8ec0c118804b4c,confirm_object_group;assign_object_type;review_motif_visibility;record_provenance;record_license,pending,
3,img_fe6d88e3f10989df,dataset_dev/02_ornek/kt512.jpg,02_ornek,candidate_ced98f66221fca42,confirm_object_group;assign_object_type;review_motif_visibility;record_provenance;record_license,pending,
3,img_7725888e15be746f,dataset_dev/02_ornek/kt513.jpg,02_ornek,candidate_d8f2c4c60317d7aa,confirm_object_group;assign_object_type;review_motif_visibility;record_provenance;record_license,pending,
3,img_9623c23395af5d40,dataset_dev/03_bubnivka_ceramics/b001.jpg,03_bubnivka_ceramics,candidate_7aa03721aa7cc146,confirm_object_group;assign_object_type;review_motif_visibility;record_provenance;record_license,pending,
3,img_02bb4c74ad691db8,dataset_dev/03_bubnivka_ceramics/b003.jpg,03_bubnivka_ceramics,candidate_7e89cf85e2d46a27,confirm_object_group;assign_object_type;review_motif_visibility;record_provenance;record_license,pending,
3,img_d2b3ddad4e440a4d,dataset_dev/03_bubnivka_ceramics/b005.jpg,03_bubnivka_ceramics,candidate_6b34d54a69257646,confirm_object_group;assign_object_type;review_motif_visibility;record_provenance;record_license,pending,
3,img_eb2aba37644280cf,dataset_dev/03_bubnivka_ceramics/b008.jpg,03_bubnivka_ceramics,candidate_97c29b4cdb67b734,confirm_object_group;assign_object_type;review_motif_visibility;record_provenance;record_license,pending,
3,img_0817f6b51ac0baac,dataset_dev/03_bubnivka_ceramics/b010.jpg,03_bubnivka_ceramics,candidate_d2929d33a8f76068,confirm_object_group;assign_object_type;review_motif_visibility;record_provenance;record_license,pending,
3,img_8ef0412adc70c34a,dataset_dev/03_bubnivka_ceramics/b013.jpg,03_bubnivka_ceramics,candidate_4e15de0f4c21383f,confirm_object_group;assign_object_type;review_motif_visibility;record_provenance;record_license,pending,
3,img_a658230d4ec711ef,dataset_dev/03_bubnivka_ceramics/b022.jpg,03_bubnivka_ceramics,candidate_d6a090464356a3fe,confirm_object_group;assign_object_type;review_motif_visibility;record_provenance;record_license,pending,
3,img_f43c46bb808bc89c,dataset_dev/03_bubnivka_ceramics/b023.jpg,03_bubnivka_ceramics,candidate_fa992295c2ec6fe6,confirm_object_group;assign_object_type;review_motif_visibility;record_provenance;record_license,pending,
3,img_536449dae8586727,dataset_dev/03_bubnivka_ceramics/b024.jpg,03_bubnivka_ceramics,candidate_18d15b10751d03f1,confirm_object_group;assign_object_type;review_motif_visibility;record_provenance;record_license,pending,
3,img_f6bb97809832ae4f,dataset_dev/03_bubnivka_ceramics/b025.jpg,03_bubnivka_ceramics,candidate_1e47ac8b9c6d1cf9,confirm_object_group;assign_object_type;review_motif_visibility;record_provenance;record_license,pending,
3,img_3af12bcb802b49b8,dataset_dev/03_bubnivka_ceramics/b026.jpg,03_bubnivka_ceramics,candidate_4d78c6a08803294d,confirm_object_group;assign_object_type;review_motif_visibility;record_provenance;record_license,pending,
3,img_716f27243d812fcd,dataset_dev/03_bubnivka_ceramics/b027.jpg,03_bubnivka_ceramics,candidate_02e441258ed66829,confirm_object_group;assign_object_type;review_motif_visibility;record_provenance;record_license,pending,
3,img_b5f2fb2ff3e6d063,dataset_dev/03_bubnivka_ceramics/b029.jpg,03_bubnivka_ceramics,candidate_4b7d41436b579777,confirm_object_group;assign_object_type;review_motif_visibility;record_provenance;record_license,pending,
3,img_47b6dff8eacd5864,dataset_dev/03_bubnivka_ceramics/b031.jpg,03_bubnivka_ceramics,candidate_2f12edf238c2bf59,confirm_object_group;assign_object_type;review_motif_visibility;record_provenance;record_license,pending,
3,img_d2d8dd5d55963553,dataset_dev/03_bubnivka_ceramics/b032.jpg,03_bubnivka_ceramics,candidate_a65e46d95687f014,confirm_object_group;assign_object_type;review_motif_visibility;record_provenance;record_license,pending,
3,img_1cf71c5d04494d61,dataset_dev/03_bubnivka_ceramics/b034.jpg,03_bubnivka_ceramics,candidate_51e229630823390b,confirm_object_group;assign_object_type;review_motif_visibility;record_provenance;record_license,pending,
3,img_17740cbfd2fa8d53,dataset_dev/03_bubnivka_ceramics/b035.jpg,03_bubnivka_ceramics,candidate_62ce86f350d2adbb,confirm_object_group;assign_object_type;review_motif_visibility;record_provenance;record_license,pending,
3,img_05b75ad7646d23e8,dataset_dev/03_bubnivka_ceramics/b036.jpg,03_bubnivka_ceramics,candidate_359c8aa71287bab5,confirm_object_group;assign_object_type;review_motif_visibility;record_provenance;record_license,pending,
3,img_daf9125500369102,dataset_dev/03_bubnivka_ceramics/b038.jpg,03_bubnivka_ceramics,candidate_c0abf34e171756fb,confirm_object_group;assign_object_type;review_motif_visibility;record_provenance;record_license,pending,
3,img_da2860ed7b0f6223,dataset_dev/03_bubnivka_ceramics/b039.jpg,03_bubnivka_ceramics,candidate_05555b06f430f9d1,confirm_object_group;assign_object_type;review_motif_visibility;record_provenance;record_license,pending,
3,img_3595dc0cc3727651,dataset_dev/03_bubnivka_ceramics/b040.jpg,03_bubnivka_ceramics,candidate_67d481db6133aef3,confirm_object_group;assign_object_type;review_motif_visibility;record_provenance;record_license,pending,
3,img_d768dc3dbbe471f6,dataset_dev/03_bubnivka_ceramics/b041.jpg,03_bubnivka_ceramics,candidate_f4d29d78c548fca6,confirm_object_group;assign_object_type;review_motif_visibility;record_provenance;record_license,pending,
3,img_42007b9042a81eef,dataset_dev/03_bubnivka_ceramics/b044.jpg,03_bubnivka_ceramics,candidate_930b3ae6401ae777,confirm_object_group;assign_object_type;review_motif_visibility;record_provenance;record_license,pending,
3,img_c8172c1bbbb62485,dataset_dev/03_bubnivka_ceramics/b045.jpg,03_bubnivka_ceramics,candidate_fa2c4c487228fd9d,confirm_object_group;assign_object_type;review_motif_visibility;record_provenance;record_license,pending,
3,img_741f0ccc0e34fe45,dataset_dev/03_bubnivka_ceramics/b046.jpg,03_bubnivka_ceramics,candidate_83cec99e18a1a017,confirm_object_group;assign_object_type;review_motif_visibility;record_provenance;record_license,pending,
3,img_f0cdaa76d69f76ea,dataset_dev/03_bubnivka_ceramics/b047.jpg,03_bubnivka_ceramics,candidate_4b282bef8d0ee7c2,confirm_object_group;assign_object_type;review_motif_visibility;record_provenance;record_license,pending,
3,img_ed22db6f51f153a1,dataset_dev/03_bubnivka_ceramics/b049.jpg,03_bubnivka_ceramics,candidate_5bf4e8ddfd30469b,confirm_object_group;assign_object_type;review_motif_visibility;record_provenance;record_license,pending,
3,img_43bd35c16f32c303,dataset_dev/03_bubnivka_ceramics/b051.jpg,03_bubnivka_ceramics,candidate_f00cc47bf9b236f2,confirm_object_group;assign_object_type;review_motif_visibility;record_provenance;record_license,pending,
3,img_2539da6b791142f4,dataset_dev/03_bubnivka_ceramics/b052.jpg,03_bubnivka_ceramics,candidate_77ed10e0b198729a,confirm_object_group;assign_object_type;review_motif_visibility;record_provenance;record_license,pending,
3,img_45033e7326787990,dataset_dev/03_bubnivka_ceramics/b053.jpg,03_bubnivka_ceramics,candidate_034201cbd45591a0,confirm_object_group;assign_object_type;review_motif_visibility;record_provenance;record_license,pending,
3,img_ee6c498d25b23be3,dataset_dev/03_bubnivka_ceramics/b054.jpg,03_bubnivka_ceramics,candidate_5399211439c339f3,confirm_object_group;assign_object_type;review_motif_visibility;record_provenance;record_license,pending,
3,img_95ef2358ac188ab2,dataset_dev/03_bubnivka_ceramics/b056.jpg,03_bubnivka_ceramics,candidate_922aec0347f2cdf0,confirm_object_group;assign_object_type;review_motif_visibility;record_provenance;record_license,pending,
3,img_f1f9bbbad2041116,dataset_dev/03_bubnivka_ceramics/b057.jpg,03_bubnivka_ceramics,candidate_3a1a9d2f16f5ef03,confirm_object_group;assign_object_type;review_motif_visibility;record_provenance;record_license,pending,
3,img_f218eb79dff41879,dataset_dev/03_bubnivka_ceramics/b058.jpg,03_bubnivka_ceramics,candidate_2f2f68b5486a61d7,confirm_object_group;assign_object_type;review_motif_visibility;record_provenance;record_license,pending,
3,img_ba4affc4e86593c1,dataset_dev/03_bubnivka_ceramics/b059.jpg,03_bubnivka_ceramics,candidate_cc0aae752e33b095,confirm_object_group;assign_object_type;review_motif_visibility;record_provenance;record_license,pending,
3,img_65a11280b0f13ed2,dataset_dev/03_bubnivka_ceramics/b060.jpg,03_bubnivka_ceramics,candidate_80501ab363deb316,confirm_object_group;assign_object_type;review_motif_visibility;record_provenance;record_license,pending,
3,img_16159f7b0c2839cc,dataset_dev/03_bubnivka_ceramics/b061(=054).jpg,03_bubnivka_ceramics,candidate_15712d2a2980aaa7,confirm_object_group;assign_object_type;review_motif_visibility;record_provenance;record_license,pending,
3,img_069a90d4ee626244,dataset_dev/03_bubnivka_ceramics/b062.jpg,03_bubnivka_ceramics,candidate_fc82e498e7a02a61,confirm_object_group;assign_object_type;review_motif_visibility;record_provenance;record_license,pending,
3,img_1e5e57195a9d768c,dataset_dev/03_bubnivka_ceramics/b063.jpg,03_bubnivka_ceramics,candidate_e5a29234f0bf7133,confirm_object_group;assign_object_type;review_motif_visibility;record_provenance;record_license,pending,
3,img_7f731ddca4cec0c6,dataset_dev/03_bubnivka_ceramics/b065.jpg,03_bubnivka_ceramics,candidate_49e433ff3b872571,confirm_object_group;assign_object_type;review_motif_visibility;record_provenance;record_license,pending,
3,img_1487a58066643b85,dataset_dev/03_bubnivka_ceramics/b066.jpg,03_bubnivka_ceramics,candidate_965f49d39384de75,confirm_object_group;assign_object_type;review_motif_visibility;record_provenance;record_license,pending,
3,img_2945d9fc487159c2,dataset_dev/03_bubnivka_ceramics/b067.jpg,03_bubnivka_ceramics,candidate_301f220d04311393,confirm_object_group;assign_object_type;review_motif_visibility;record_provenance;record_license,pending,
3,img_d5d574bcc8d9dc0d,dataset_dev/03_bubnivka_ceramics/b068.jpg,03_bubnivka_ceramics,candidate_2c4f713423ddc8f5,confirm_object_group;assign_object_type;review_motif_visibility;record_provenance;record_license,pending,
3,img_7fb6eccab3eedfb6,dataset_dev/03_bubnivka_ceramics/b074.jpg,03_bubnivka_ceramics,candidate_e329d6c2c5365586,confirm_object_group;assign_object_type;review_motif_visibility;record_provenance;record_license,pending,
3,img_ecf260246b630663,dataset_dev/03_bubnivka_ceramics/b075.jpg,03_bubnivka_ceramics,candidate_f6c4218e6b1455ef,confirm_object_group;assign_object_type;review_motif_visibility;record_provenance;record_license,pending,
3,img_7753c06072d61785,dataset_dev/03_bubnivka_ceramics/b076.jpg,03_bubnivka_ceramics,candidate_69afe8e6f5b938ea,confirm_object_group;assign_object_type;review_motif_visibility;record_provenance;record_license,pending,
3,img_ebb0c2ccb7796103,dataset_dev/03_bubnivka_ceramics/b081.jpg,03_bubnivka_ceramics,candidate_33e2c18ce60861a2,confirm_object_group;assign_object_type;review_motif_visibility;record_provenance;record_license,pending,
3,img_afac8a835b27496b,dataset_dev/03_bubnivka_ceramics/b082.jpg,03_bubnivka_ceramics,candidate_bffa201b4216433d,confirm_object_group;assign_object_type;review_motif_visibility;record_provenance;record_license,pending,
3,img_2e94d54e2284b54d,dataset_dev/03_bubnivka_ceramics/b084.jpg,03_bubnivka_ceramics,candidate_e52eee4984539b3e,confirm_object_group;assign_object_type;review_motif_visibility;record_provenance;record_license,pending,
3,img_331b7f802dbc25f3,dataset_dev/03_bubnivka_ceramics/b086.jpg,03_bubnivka_ceramics,candidate_dd3020bb7186aaba,confirm_object_group;assign_object_type;review_motif_visibility;record_provenance;record_license,pending,
3,img_a8f1b10f599425ff,dataset_dev/03_bubnivka_ceramics/b088.jpg,03_bubnivka_ceramics,candidate_b20911e0ac29d645,confirm_object_group;assign_object_type;review_motif_visibility;record_provenance;record_license,pending,
3,img_31a22cf98af2fa6a,dataset_dev/03_bubnivka_ceramics/b089.jpg,03_bubnivka_ceramics,candidate_f65574b75523b37c,confirm_object_group;assign_object_type;review_motif_visibility;record_provenance;record_license,pending,
3,img_5c22fb3bee8f2de6,dataset_dev/03_bubnivka_ceramics/b090.jpg,03_bubnivka_ceramics,candidate_8880779e4f112182,confirm_object_group;assign_object_type;review_motif_visibility;record_provenance;record_license,pending,
3,img_72d816de4a7b41f1,dataset_dev/03_bubnivka_ceramics/b091.jpg,03_bubnivka_ceramics,candidate_59743a7fe065deca,confirm_object_group;assign_object_type;review_motif_visibility;record_provenance;record_license,pending,
3,img_0caeb02ddec9bc03,dataset_dev/03_bubnivka_ceramics/b092.jpg,03_bubnivka_ceramics,candidate_ad56636c6087ba7e,confirm_object_group;assign_object_type;review_motif_visibility;record_provenance;record_license,pending,
3,img_b5f811837e2aca9c,dataset_dev/03_bubnivka_ceramics/b095.jpg,03_bubnivka_ceramics,candidate_d8876d0dea25a987,confirm_object_group;assign_object_type;review_motif_visibility;record_provenance;record_license,pending,
3,img_1a083fd5fe621820,dataset_dev/03_bubnivka_ceramics/b097.jpg,03_bubnivka_ceramics,candidate_88e5e5460ab9006c,confirm_object_group;assign_object_type;review_motif_visibility;record_provenance;record_license,pending,
3,img_371059ea5c7cfe59,dataset_dev/03_bubnivka_ceramics/b098.jpg,03_bubnivka_ceramics,candidate_383bbb6bd9a0c66a,confirm_object_group;assign_object_type;review_motif_visibility;record_provenance;record_license,pending,
3,img_18413752a4ee3955,dataset_dev/03_bubnivka_ceramics/b099.jpg,03_bubnivka_ceramics,candidate_16ba507849247293,confirm_object_group;assign_object_type;review_motif_visibility;record_provenance;record_license,pending,
3,img_f406f04f6a95961c,dataset_dev/03_bubnivka_ceramics/b101.jpg,03_bubnivka_ceramics,candidate_705df7fceb604c58,confirm_object_group;assign_object_type;review_motif_visibility;record_provenance;record_license,pending,
3,img_9b6aabe685e12965,dataset_dev/03_bubnivka_ceramics/b102.jpg,03_bubnivka_ceramics,candidate_ffab648d4394f920,confirm_object_group;assign_object_type;review_motif_visibility;record_provenance;record_license,pending,
3,img_5c1413721788d8b4,dataset_dev/03_bubnivka_ceramics/b103.jpg,03_bubnivka_ceramics,candidate_74adbbee4d01ee7b,confirm_object_group;assign_object_type;review_motif_visibility;record_provenance;record_license,pending,
3,img_9a1562ecc3d8d28c,dataset_dev/03_bubnivka_ceramics/b105.jpg,03_bubnivka_ceramics,candidate_a1e466714ad13276,confirm_object_group;assign_object_type;review_motif_visibility;record_provenance;record_license,pending,
3,img_60fbf5c6e880fe0a,dataset_dev/03_bubnivka_ceramics/b106.jpg,03_bubnivka_ceramics,candidate_306d2e27aa6185af,confirm_object_group;assign_object_type;review_motif_visibility;record_provenance;record_license,pending,
3,img_be871d409981e3b4,dataset_dev/03_bubnivka_ceramics/b110.jpg,03_bubnivka_ceramics,candidate_1e130785091b5b9c,confirm_object_group;assign_object_type;review_motif_visibility;record_provenance;record_license,pending,
3,img_a87a6e46ab0893b2,dataset_dev/03_bubnivka_ceramics/b111.jpg,03_bubnivka_ceramics,candidate_f042ffeea0e655a1,confirm_object_group;assign_object_type;review_motif_visibility;record_provenance;record_license,pending,
3,img_e4cff5be4f5face7,dataset_dev/03_bubnivka_ceramics/b112.jpg,03_bubnivka_ceramics,candidate_df7d1c6c47066cfc,confirm_object_group;assign_object_type;review_motif_visibility;record_provenance;record_license,pending,
3,img_541bd47877da72c4,dataset_dev/03_bubnivka_ceramics/b113.jpg,03_bubnivka_ceramics,candidate_206adf82a6d26e58,confirm_object_group;assign_object_type;review_motif_visibility;record_provenance;record_license,pending,
3,img_7fb0d10d2640b88d,dataset_dev/03_bubnivka_ceramics/b115.jpg,03_bubnivka_ceramics,candidate_0c7bcd101ca1459e,confirm_object_group;assign_object_type;review_motif_visibility;record_provenance;record_license,pending,
3,img_e667888c4ed831a8,dataset_dev/03_bubnivka_ceramics/b116.jpg,03_bubnivka_ceramics,candidate_3d9b60da2bdf8b88,confirm_object_group;assign_object_type;review_motif_visibility;record_provenance;record_license,pending,
3,img_50a04827d56abd42,dataset_dev/03_bubnivka_ceramics/b117.jpg,03_bubnivka_ceramics,candidate_f3aee73540c2305b,confirm_object_group;assign_object_type;review_motif_visibility;record_provenance;record_license,pending,
3,img_438a14d3163337b6,dataset_dev/03_bubnivka_ceramics/b120.jpg,03_bubnivka_ceramics,candidate_8958791bc03ac174,confirm_object_group;assign_object_type;review_motif_visibility;record_provenance;record_license,pending,
3,img_bc3f255d0f8808f6,dataset_dev/03_bubnivka_ceramics/b122.jpg,03_bubnivka_ceramics,candidate_7fa03ddf86be8cee,confirm_object_group;assign_object_type;review_motif_visibility;record_provenance;record_license,pending,
3,img_064d03bb46200c0b,dataset_dev/03_bubnivka_ceramics/b125.jpg,03_bubnivka_ceramics,candidate_6e3582a100d9078b,confirm_object_group;assign_object_type;review_motif_visibility;record_provenance;record_license,pending,
3,img_db3fd2129b3a042d,dataset_dev/03_bubnivka_ceramics/b126.jpg,03_bubnivka_ceramics,candidate_da5456c2078dac1c,confirm_object_group;assign_object_type;review_motif_visibility;record_provenance;record_license,pending,
3,img_5f59b75f4e8da0a5,dataset_dev/03_bubnivka_ceramics/b127.jpg,03_bubnivka_ceramics,candidate_ceceeea7564b5ce2,confirm_object_group;assign_object_type;review_motif_visibility;record_provenance;record_license,pending,
3,img_1873dd3abfa6891e,dataset_dev/03_bubnivka_ceramics/b129.jpg,03_bubnivka_ceramics,candidate_0a1a34a9401af600,confirm_object_group;assign_object_type;review_motif_visibility;record_provenance;record_license,pending,
3,img_37b080576530043f,dataset_dev/03_bubnivka_ceramics/b131.jpg,03_bubnivka_ceramics,candidate_05273ea07e7ea3cf,confirm_object_group;assign_object_type;review_motif_visibility;record_provenance;record_license,pending,
3,img_60230e8e587cde3e,dataset_dev/03_bubnivka_ceramics/b133.jpg,03_bubnivka_ceramics,candidate_a3f0fa9dc6a49434,confirm_object_group;assign_object_type;review_motif_visibility;record_provenance;record_license,pending,
3,img_d748902aada56f5f,dataset_dev/03_bubnivka_ceramics/b135.jpg,03_bubnivka_ceramics,candidate_5e88014e2dd85dc1,confirm_object_group;assign_object_type;review_motif_visibility;record_provenance;record_license,pending,
3,img_6566125c7621f292,dataset_dev/03_bubnivka_ceramics/b138.jpg,03_bubnivka_ceramics,candidate_b28d7acd7bf516c5,confirm_object_group;assign_object_type;review_motif_visibility;record_provenance;record_license,pending,
3,img_9efef095aca93f37,dataset_dev/03_bubnivka_ceramics/b140.jpg,03_bubnivka_ceramics,candidate_c9a5f3ffbac9b94d,confirm_object_group;assign_object_type;review_motif_visibility;record_provenance;record_license,pending,
3,img_431e0e18c4f4ec26,dataset_dev/03_bubnivka_ceramics/b142.jpg,03_bubnivka_ceramics,candidate_365b007773bab670,confirm_object_group;assign_object_type;review_motif_visibility;record_provenance;record_license,pending,
3,img_dbd4035c351e423a,dataset_dev/03_bubnivka_ceramics/b144.jpg,03_bubnivka_ceramics,candidate_c7d150621e672000,confirm_object_group;assign_object_type;review_motif_visibility;record_provenance;record_license,pending,
3,img_d244aad3c09cd7f4,dataset_dev/03_bubnivka_ceramics/b146.jpg,03_bubnivka_ceramics,candidate_768129989a786d50,confirm_object_group;assign_object_type;review_motif_visibility;record_provenance;record_license,pending,
3,img_ab2507a2d499b3d6,dataset_dev/03_bubnivka_ceramics/b148.jpg,03_bubnivka_ceramics,candidate_4ef79ad7a6d4c375,confirm_object_group;assign_object_type;review_motif_visibility;record_provenance;record_license,pending,
3,img_b349a6be2fd33d3b,dataset_dev/03_bubnivka_ceramics/b150.jpg,03_bubnivka_ceramics,candidate_e0e7f073912d9a11,confirm_object_group;assign_object_type;review_motif_visibility;record_provenance;record_license,pending,
3,img_c83f78326fbe3c70,dataset_dev/03_bubnivka_ceramics/b152.jpg,03_bubnivka_ceramics,candidate_7fd46877d2930abf,confirm_object_group;assign_object_type;review_motif_visibility;record_provenance;record_license,pending,
3,img_8229e18f58a5faef,dataset_dev/03_bubnivka_ceramics/b154.jpg,03_bubnivka_ceramics,candidate_798184e0afbc0f39,confirm_object_group;assign_object_type;review_motif_visibility;record_provenance;record_license,pending,
3,img_55070b774f3472d1,dataset_dev/03_bubnivka_ceramics/b156.jpg,03_bubnivka_ceramics,candidate_6fb057eeaf7fbf42,confirm_object_group;assign_object_type;review_motif_visibility;record_provenance;record_license,pending,
3,img_7fe52c009e0dde77,dataset_dev/03_bubnivka_ceramics/b158.jpg,03_bubnivka_ceramics,candidate_4114714a93f07a1d,confirm_object_group;assign_object_type;review_motif_visibility;record_provenance;record_license,pending,
3,img_120cf1719f24ac47,dataset_dev/03_bubnivka_ceramics/b160.jpg,03_bubnivka_ceramics,candidate_809834322b95cca3,confirm_object_group;assign_object_type;review_motif_visibility;record_provenance;record_license,pending,
3,img_7ff3b1dd80033bc5,dataset_dev/03_bubnivka_ceramics/b162.jpg,03_bubnivka_ceramics,candidate_3b410bd3b9548165,confirm_object_group;assign_object_type;review_motif_visibility;record_provenance;record_license,pending,
3,img_eb8a61a38883de8a,dataset_dev/03_bubnivka_ceramics/b164.jpg,03_bubnivka_ceramics,candidate_ab71cb1416ecee68,confirm_object_group;assign_object_type;review_motif_visibility;record_provenance;record_license,pending,
3,img_10c6d34514c9da82,dataset_dev/03_bubnivka_ceramics/b166.jpg,03_bubnivka_ceramics,candidate_28227e43c72214aa,confirm_object_group;assign_object_type;review_motif_visibility;record_provenance;record_license,pending,
3,img_a3662dc0b19be882,dataset_dev/03_bubnivka_ceramics/b168.jpg,03_bubnivka_ceramics,candidate_4b54160179ab2229,confirm_object_group;assign_object_type;review_motif_visibility;record_provenance;record_license,pending,
3,img_1b42d0015a05cd6d,dataset_dev/03_bubnivka_ceramics/b172.jpg,03_bubnivka_ceramics,candidate_58d195673652d279,confirm_object_group;assign_object_type;review_motif_visibility;record_provenance;record_license,pending,
3,img_48403436e4a0f2c5,dataset_dev/03_bubnivka_ceramics/b174.jpg,03_bubnivka_ceramics,candidate_1db49befed63334b,confirm_object_group;assign_object_type;review_motif_visibility;record_provenance;record_license,pending,
3,img_0f6ab1e4b97ea2d5,dataset_dev/03_bubnivka_ceramics/b176.jpg,03_bubnivka_ceramics,candidate_ce0f5630fc7788e8,confirm_object_group;assign_object_type;review_motif_visibility;record_provenance;record_license,pending,
3,img_a6e9a70996b3eee3,dataset_dev/03_bubnivka_ceramics/b178.jpg,03_bubnivka_ceramics,candidate_45cc1c2323da4660,confirm_object_group;assign_object_type;review_motif_visibility;record_provenance;record_license,pending,
3,img_b48ea91b1f78b3e7,dataset_dev/03_bubnivka_ceramics/b180.jpg,03_bubnivka_ceramics,candidate_27691541bc794f1b,confirm_object_group;assign_object_type;review_motif_visibility;record_provenance;record_license,pending,
3,img_d868747ca0527230,dataset_dev/03_bubnivka_ceramics/b182.jpg,03_bubnivka_ceramics,candidate_17c39f6210bfa526,confirm_object_group;assign_object_type;review_motif_visibility;record_provenance;record_license,pending,
3,img_b1696f56e7181ff4,dataset_dev/03_bubnivka_ceramics/b184.jpg,03_bubnivka_ceramics,candidate_6d5cabc07052c17b,confirm_object_group;assign_object_type;review_motif_visibility;record_provenance;record_license,pending,
3,img_c1e42d3e5998f0eb,dataset_dev/03_bubnivka_ceramics/b186.jpg,03_bubnivka_ceramics,candidate_1fca2eb1862f8ac7,confirm_object_group;assign_object_type;review_motif_visibility;record_provenance;record_license,pending,
3,img_ab12ff68f9443ef0,dataset_dev/03_bubnivka_ceramics/b188.jpg,03_bubnivka_ceramics,candidate_00672de2584ee78a,confirm_object_group;assign_object_type;review_motif_visibility;record_provenance;record_license,pending,
3,img_639cefb81664151a,dataset_dev/03_bubnivka_ceramics/b190.jpg,03_bubnivka_ceramics,candidate_40157d9d23d5b4aa,confirm_object_group;assign_object_type;review_motif_visibility;record_provenance;record_license,pending,
3,img_8e9d6d0848793e2f,dataset_dev/03_bubnivka_ceramics/b192.jpg,03_bubnivka_ceramics,candidate_2fb8fd20826d52c6,confirm_object_group;assign_object_type;review_motif_visibility;record_provenance;record_license,pending,
3,img_08a71a3580503299,dataset_dev/03_bubnivka_ceramics/b194.jpg,03_bubnivka_ceramics,candidate_2430d5cc9e34b89c,confirm_object_group;assign_object_type;review_motif_visibility;record_provenance;record_license,pending,
3,img_5b3054efa596c367,dataset_dev/03_bubnivka_ceramics/b196.jpg,03_bubnivka_ceramics,candidate_fd6162fbd3ffe5e4,confirm_object_group;assign_object_type;review_motif_visibility;record_provenance;record_license,pending,
3,img_ca6997820626e903,dataset_dev/03_bubnivka_ceramics/b197.jpg,03_bubnivka_ceramics,candidate_3b7307f2bb296cf3,confirm_object_group;assign_object_type;review_motif_visibility;record_provenance;record_license,pending,
3,img_eb308e08bae7ce81,dataset_dev/03_bubnivka_ceramics/b198.jpg,03_bubnivka_ceramics,candidate_b979b3dd68341eef,confirm_object_group;assign_object_type;review_motif_visibility;record_provenance;record_license,pending,
3,img_3a8fefcb916a104a,dataset_dev/03_bubnivka_ceramics/b199.jpg,03_bubnivka_ceramics,candidate_d9a8f7ece563d5a2,confirm_object_group;assign_object_type;review_motif_visibility;record_provenance;record_license,pending,
3,img_f54218e34f9c427a,dataset_dev/03_bubnivka_ceramics/b202.jpg,03_bubnivka_ceramics,candidate_ec3ea144bb8ab45f,confirm_object_group;assign_object_type;review_motif_visibility;record_provenance;record_license,pending,
3,img_02152c9b2ffcf6f8,dataset_dev/03_bubnivka_ceramics/b203.jpg,03_bubnivka_ceramics,candidate_cc492a35e74b3faa,confirm_object_group;assign_object_type;review_motif_visibility;record_provenance;record_license,pending,
3,img_fb2412bdcc177a82,dataset_dev/03_bubnivka_ceramics/b204.jpg,03_bubnivka_ceramics,candidate_6849066b173de685,confirm_object_group;assign_object_type;review_motif_visibility;record_provenance;record_license,pending,
3,img_0bb359910fd11433,dataset_dev/03_bubnivka_ceramics/b205.jpg,03_bubnivka_ceramics,candidate_3559a0cac1d70375,confirm_object_group;assign_object_type;review_motif_visibility;record_provenance;record_license,pending,
3,img_26b15cbbecf66be7,dataset_dev/03_bubnivka_ceramics/b207.jpg,03_bubnivka_ceramics,candidate_72e879ad5af8a390,confirm_object_group;assign_object_type;review_motif_visibility;record_provenance;record_license,pending,
3,img_d099e2c33371f142,dataset_dev/03_bubnivka_ceramics/b208.jpg,03_bubnivka_ceramics,candidate_4cbc0621754523d6,confirm_object_group;assign_object_type;review_motif_visibility;record_provenance;record_license,pending,
3,img_9dc08ce1df8083fd,dataset_dev/03_bubnivka_ceramics/b212.jpg,03_bubnivka_ceramics,candidate_b0d4a386e65e460f,confirm_object_group;assign_object_type;review_motif_visibility;record_provenance;record_license,pending,
3,img_248093a764ffc019,dataset_dev/03_bubnivka_ceramics/b213.jpg,03_bubnivka_ceramics,candidate_91f62b8527c05091,confirm_object_group;assign_object_type;review_motif_visibility;record_provenance;record_license,pending,
3,img_c991ba7c5d4afb71,dataset_dev/03_bubnivka_ceramics/b214.jpg,03_bubnivka_ceramics,candidate_a50c069b6d9a82b9,confirm_object_group;assign_object_type;review_motif_visibility;record_provenance;record_license,pending,
3,img_b0a24bedaa753e82,dataset_dev/03_bubnivka_ceramics/b215.jpg,03_bubnivka_ceramics,candidate_a2dd5d8274203210,confirm_object_group;assign_object_type;review_motif_visibility;record_provenance;record_license,pending,
3,img_a6e20a016cef411e,dataset_dev/03_bubnivka_ceramics/b216.jpg,03_bubnivka_ceramics,candidate_1b7552c36dd77363,confirm_object_group;assign_object_type;review_motif_visibility;record_provenance;record_license,pending,
3,img_4519bdea3758eb44,dataset_dev/03_bubnivka_ceramics/b220.jpg,03_bubnivka_ceramics,candidate_84ad8d3833a0fcb9,confirm_object_group;assign_object_type;review_motif_visibility;record_provenance;record_license,pending,
3,img_5fe43c8863280588,dataset_dev/03_bubnivka_ceramics/b221.jpg,03_bubnivka_ceramics,candidate_2146e58dfdc06d4c,confirm_object_group;assign_object_type;review_motif_visibility;record_provenance;record_license,pending,
3,img_cdc0f5d21f1e1a0f,dataset_dev/03_bubnivka_ceramics/b222.jpg,03_bubnivka_ceramics,candidate_546c7f57073ac8db,confirm_object_group;assign_object_type;review_motif_visibility;record_provenance;record_license,pending,
3,img_660f93e8e100b9a7,dataset_dev/03_bubnivka_ceramics/b223.jpg,03_bubnivka_ceramics,candidate_bcb71c1c53e31d88,confirm_object_group;assign_object_type;review_motif_visibility;record_provenance;record_license,pending,
3,img_69d61dad044c7abb,dataset_dev/03_bubnivka_ceramics/b225.jpg,03_bubnivka_ceramics,candidate_6d09cd6b9ca6bd53,confirm_object_group;assign_object_type;review_motif_visibility;record_provenance;record_license,pending,
3,img_e9b4a87a18b8688a,dataset_dev/03_bubnivka_ceramics/b226.jpg,03_bubnivka_ceramics,candidate_37d79c24d692e2c0,confirm_object_group;assign_object_type;review_motif_visibility;record_provenance;record_license,pending,
3,img_7daa936e79ea6da0,dataset_dev/03_bubnivka_ceramics/b227.jpg,03_bubnivka_ceramics,candidate_68bf2164049162db,confirm_object_group;assign_object_type;review_motif_visibility;record_provenance;record_license,pending,
3,img_6fd39037899a10db,dataset_dev/03_bubnivka_ceramics/b228.jpg,03_bubnivka_ceramics,candidate_34989209769266e9,confirm_object_group;assign_object_type;review_motif_visibility;record_provenance;record_license,pending,
3,img_a8e039e860a9d465,dataset_dev/03_bubnivka_ceramics/b231.jpg,03_bubnivka_ceramics,candidate_2bbe520be5f3133e,confirm_object_group;assign_object_type;review_motif_visibility;record_provenance;record_license,pending,
3,img_bf1427a7e8fd57ac,dataset_dev/03_bubnivka_ceramics/b234.jpg,03_bubnivka_ceramics,candidate_6875ed79ed81449e,confirm_object_group;assign_object_type;review_motif_visibility;record_provenance;record_license,pending,
3,img_6406ebac3be8c7bc,dataset_dev/03_bubnivka_ceramics/b235.jpg,03_bubnivka_ceramics,candidate_3a549ab1f4e02c15,confirm_object_group;assign_object_type;review_motif_visibility;record_provenance;record_license,pending,
3,img_c2b38ddaf202663e,dataset_dev/03_bubnivka_ceramics/b244.jpg,03_bubnivka_ceramics,candidate_2ec59b9c266f1483,confirm_object_group;assign_object_type;review_motif_visibility;record_provenance;record_license,pending,
3,img_f77018162aedca35,dataset_dev/03_bubnivka_ceramics/b245.jpg,03_bubnivka_ceramics,candidate_2a113c206019c65b,confirm_object_group;assign_object_type;review_motif_visibility;record_provenance;record_license,pending,
3,img_1e4f0753856f0cba,dataset_dev/03_bubnivka_ceramics/b246.jpg,03_bubnivka_ceramics,candidate_1817994bb9034a99,confirm_object_group;assign_object_type;review_motif_visibility;record_provenance;record_license,pending,
3,img_3210550318a9b87c,dataset_dev/03_bubnivka_ceramics/b247.jpg,03_bubnivka_ceramics,candidate_63385fa191dd6d4a,confirm_object_group;assign_object_type;review_motif_visibility;record_provenance;record_license,pending,
3,img_8fdf789d4ac7e3ce,dataset_dev/03_bubnivka_ceramics/b248.jpg,03_bubnivka_ceramics,candidate_3c91cf38da28ac00,confirm_object_group;assign_object_type;review_motif_visibility;record_provenance;record_license,pending,
3,img_2ff39e5c693c1e96,dataset_dev/03_bubnivka_ceramics/b263.jpg,03_bubnivka_ceramics,candidate_4136133757469347,confirm_object_group;assign_object_type;review_motif_visibility;record_provenance;record_license,pending,
3,img_dcda2b8e285fae28,dataset_dev/03_bubnivka_ceramics/b264.jpg,03_bubnivka_ceramics,candidate_6aef30fed7a9061e,confirm_object_group;assign_object_type;review_motif_visibility;record_provenance;record_license,pending,
3,img_d54ed9bdedd5d00c,dataset_dev/03_bubnivka_ceramics/b265.jpg,03_bubnivka_ceramics,candidate_6ec84674ae127684,confirm_object_group;assign_object_type;review_motif_visibility;record_provenance;record_license,pending,
3,img_5eadfe43455ebf1f,dataset_dev/03_bubnivka_ceramics/b266.jpg,03_bubnivka_ceramics,candidate_94d36a5716ec4ff8,confirm_object_group;assign_object_type;review_motif_visibility;record_provenance;record_license,pending,
3,img_66ffbed5596b907d,dataset_dev/03_bubnivka_ceramics/b267.jpg,03_bubnivka_ceramics,candidate_df29242fb9faac70,confirm_object_group;assign_object_type;review_motif_visibility;record_provenance;record_license,pending,
3,img_f38edeebc519198c,dataset_dev/03_bubnivka_ceramics/b268.jpg,03_bubnivka_ceramics,candidate_6f3bb364dadaee9d,confirm_object_group;assign_object_type;review_motif_visibility;record_provenance;record_license,pending,
3,img_ec347acfebc1c534,dataset_dev/03_bubnivka_ceramics/b275.jpg,03_bubnivka_ceramics,candidate_ea9ef79b3ebbcd6e,confirm_object_group;assign_object_type;review_motif_visibility;record_provenance;record_license,pending,
3,img_614141ec2451f82e,dataset_dev/03_bubnivka_ceramics/b277.jpg,03_bubnivka_ceramics,candidate_d9749ac8ea36960b,confirm_object_group;assign_object_type;review_motif_visibility;record_provenance;record_license,pending,
3,img_d53f3ca5baf499a2,dataset_dev/03_bubnivka_ceramics/b280.jpg,03_bubnivka_ceramics,candidate_a59d2cb4db4735cc,confirm_object_group;assign_object_type;review_motif_visibility;record_provenance;record_license,pending,
3,img_79515fd601e6a6e2,dataset_dev/03_bubnivka_ceramics/b284.jpg,03_bubnivka_ceramics,candidate_7511fada39013b47,confirm_object_group;assign_object_type;review_motif_visibility;record_provenance;record_license,pending,
3,img_caf7900894d6afa2,dataset_dev/03_bubnivka_ceramics/b286.jpg,03_bubnivka_ceramics,candidate_f78c5476457c5af0,confirm_object_group;assign_object_type;review_motif_visibility;record_provenance;record_license,pending,
3,img_dcbe7bb9a7faab56,dataset_dev/03_bubnivka_ceramics/b288.jpg,03_bubnivka_ceramics,candidate_5026f0efe452bf58,confirm_object_group;assign_object_type;review_motif_visibility;record_provenance;record_license,pending,
3,img_ac59e3e6d17d38f6,dataset_dev/03_bubnivka_ceramics/b290.jpg,03_bubnivka_ceramics,candidate_ad146d699c76427f,confirm_object_group;assign_object_type;review_motif_visibility;record_provenance;record_license,pending,
3,img_d0bf1a42720f71fe,dataset_dev/03_bubnivka_ceramics/b294.jpg,03_bubnivka_ceramics,candidate_47769a37320c9141,confirm_object_group;assign_object_type;review_motif_visibility;record_provenance;record_license,pending,
3,img_ee59c5d4382cc9a1,dataset_dev/03_bubnivka_ceramics/b296.jpg,03_bubnivka_ceramics,candidate_f3358fde3358ab55,confirm_object_group;assign_object_type;review_motif_visibility;record_provenance;record_license,pending,
3,img_0f314014e178659a,dataset_dev/03_bubnivka_ceramics/b298.jpg,03_bubnivka_ceramics,candidate_8f5d8ea8ca8981a7,confirm_object_group;assign_object_type;review_motif_visibility;record_provenance;record_license,pending,
3,img_81bf7176fed4af37,dataset_dev/03_bubnivka_ceramics/b300.jpg,03_bubnivka_ceramics,candidate_7f7ebb082839eb6a,confirm_object_group;assign_object_type;review_motif_visibility;record_provenance;record_license,pending,
3,img_5aa3296bc5410d0f,dataset_dev/03_bubnivka_ceramics/b302.jpg,03_bubnivka_ceramics,candidate_3ce36db114ac3dbe,confirm_object_group;assign_object_type;review_motif_visibility;record_provenance;record_license,pending,
3,img_cf8f39fc8e4eb741,dataset_dev/03_bubnivka_ceramics/b306.jpg,03_bubnivka_ceramics,candidate_77fca6158cab93e6,confirm_object_group;assign_object_type;review_motif_visibility;record_provenance;record_license,pending,
3,img_19ad82ae22d01c3b,dataset_dev/03_bubnivka_ceramics/b307.jpg,03_bubnivka_ceramics,candidate_ec55bdf4cb7d8fe0,confirm_object_group;assign_object_type;review_motif_visibility;record_provenance;record_license,pending,
3,img_475836cf0ae16d6a,dataset_dev/03_bubnivka_ceramics/b308.jpg,03_bubnivka_ceramics,candidate_11863e516d4573a4,confirm_object_group;assign_object_type;review_motif_visibility;record_provenance;record_license,pending,
3,img_bbb940ad1ce14fac,dataset_dev/03_bubnivka_ceramics/b309.jpg,03_bubnivka_ceramics,candidate_119f7fc59aeaa783,confirm_object_group;assign_object_type;review_motif_visibility;record_provenance;record_license,pending,
3,img_d94a449e9900ca0b,dataset_dev/03_bubnivka_ceramics/b311.jpg,03_bubnivka_ceramics,candidate_639ebf912540648e,confirm_object_group;assign_object_type;review_motif_visibility;record_provenance;record_license,pending,
3,img_45d1de0d3a1dd253,dataset_dev/03_bubnivka_ceramics/b312.jpg,03_bubnivka_ceramics,candidate_46fd069a75007870,confirm_object_group;assign_object_type;review_motif_visibility;record_provenance;record_license,pending,
3,img_8db25b7ad8735709,dataset_dev/03_bubnivka_ceramics/b313.jpg,03_bubnivka_ceramics,candidate_6f509179272d3e7f,confirm_object_group;assign_object_type;review_motif_visibility;record_provenance;record_license,pending,
3,img_0d4befbe46ae4b67,dataset_dev/03_bubnivka_ceramics/b314.jpg,03_bubnivka_ceramics,candidate_db34ff6600da325a,confirm_object_group;assign_object_type;review_motif_visibility;record_provenance;record_license,pending,
3,img_09d93f9a5484ef08,dataset_dev/03_bubnivka_ceramics/b315.jpg,03_bubnivka_ceramics,candidate_4757646425b6d0db,confirm_object_group;assign_object_type;review_motif_visibility;record_provenance;record_license,pending,
3,img_37d37aabd7d1709f,dataset_dev/03_bubnivka_ceramics/b316.jpg,03_bubnivka_ceramics,candidate_e98e9a6642d509a9,confirm_object_group;assign_object_type;review_motif_visibility;record_provenance;record_license,pending,
3,img_15d44c05af9c3818,dataset_dev/03_bubnivka_ceramics/b317.jpg,03_bubnivka_ceramics,candidate_2edddac17838040b,confirm_object_group;assign_object_type;review_motif_visibility;record_provenance;record_license,pending,
3,img_03ae66fe0dacfa51,dataset_dev/03_bubnivka_ceramics/b321.jpg,03_bubnivka_ceramics,candidate_605c48ac4bc1f4ee,confirm_object_group;assign_object_type;review_motif_visibility;record_provenance;record_license,pending,
3,img_eb3dd3b4c32ed418,dataset_dev/03_bubnivka_ceramics/b325.jpeg,03_bubnivka_ceramics,candidate_49e4fe79160992d6,confirm_object_group;assign_object_type;review_motif_visibility;record_provenance;record_license,pending,
3,img_8cef85b35523c90d,dataset_dev/03_bubnivka_ceramics/b326.jpg,03_bubnivka_ceramics,candidate_acff7184fd6a947c,confirm_object_group;assign_object_type;review_motif_visibility;record_provenance;record_license,pending,
3,img_20d2e8f5d74407f5,dataset_dev/03_bubnivka_ceramics/b327.jpg,03_bubnivka_ceramics,candidate_e45617cbe06bfa86,confirm_object_group;assign_object_type;review_motif_visibility;record_provenance;record_license,pending,
3,img_dfd1573c8b816542,dataset_dev/03_bubnivka_ceramics/b329.jpg,03_bubnivka_ceramics,candidate_f59f1b14c3c51e9a,confirm_object_group;assign_object_type;review_motif_visibility;record_provenance;record_license,pending,
3,img_f84dfd74441c7b25,dataset_dev/04_petrykivka_painting/001.jpg,04_petrykivka_painting,candidate_739af737b3af8300,confirm_object_group;assign_object_type;review_motif_visibility;record_provenance;record_license,pending,
3,img_a94d0ae64a2dc81b,dataset_dev/04_petrykivka_painting/002.jpg,04_petrykivka_painting,candidate_2fd1039cb440498e,confirm_object_group;assign_object_type;review_motif_visibility;record_provenance;record_license,pending,
3,img_fbbb4f5836074e3b,dataset_dev/04_petrykivka_painting/003.jpg,04_petrykivka_painting,candidate_22d21242cfcb8959,confirm_object_group;assign_object_type;review_motif_visibility;record_provenance;record_license,pending,
3,img_df16aa0b9d2090c5,dataset_dev/04_petrykivka_painting/004.jpg,04_petrykivka_painting,candidate_7c36f6495acce5f2,confirm_object_group;assign_object_type;review_motif_visibility;record_provenance;record_license,pending,
3,img_15c4e71aba14f69b,dataset_dev/04_petrykivka_painting/005.jpg,04_petrykivka_painting,candidate_8276e60210100199,confirm_object_group;assign_object_type;review_motif_visibility;record_provenance;record_license,pending,
3,img_6438078a8bf203b1,dataset_dev/04_petrykivka_painting/006.jpg,04_petrykivka_painting,candidate_200e5c64427a207f,confirm_object_group;assign_object_type;review_motif_visibility;record_provenance;record_license,pending,
3,img_eec7a98c61173cf1,dataset_dev/04_petrykivka_painting/007.jpg,04_petrykivka_painting,candidate_bb44a328f18750eb,confirm_object_group;assign_object_type;review_motif_visibility;record_provenance;record_license,pending,
3,img_52c007c097a00227,dataset_dev/04_petrykivka_painting/008.jpg,04_petrykivka_painting,candidate_794f6d985bdb962a,confirm_object_group;assign_object_type;review_motif_visibility;record_provenance;record_license,pending,
3,img_09acf7084d20134b,dataset_dev/04_petrykivka_painting/009.jpg,04_petrykivka_painting,candidate_c8f7a3131a0c2b71,confirm_object_group;assign_object_type;review_motif_visibility;record_provenance;record_license,pending,
3,img_b40c31eae4524eb5,dataset_dev/04_petrykivka_painting/010.jpg,04_petrykivka_painting,candidate_b0351223959b96a4,confirm_object_group;assign_object_type;review_motif_visibility;record_provenance;record_license,pending,
3,img_dbfee1a536d760f7,dataset_dev/04_petrykivka_painting/012.jpg,04_petrykivka_painting,candidate_73341dc0fc116093,confirm_object_group;assign_object_type;review_motif_visibility;record_provenance;record_license,pending,
3,img_f713f0c412f0d674,dataset_dev/04_petrykivka_painting/013.jpg,04_petrykivka_painting,candidate_3836ffc307db6683,confirm_object_group;assign_object_type;review_motif_visibility;record_provenance;record_license,pending,
3,img_f9689d40bda2da3b,dataset_dev/04_petrykivka_painting/014.jpg,04_petrykivka_painting,candidate_1328f1d4038d832b,confirm_object_group;assign_object_type;review_motif_visibility;record_provenance;record_license,pending,
3,img_80595b0a2e4373c6,dataset_dev/04_petrykivka_painting/015.jpg,04_petrykivka_painting,candidate_ad20717f3bf99298,confirm_object_group;assign_object_type;review_motif_visibility;record_provenance;record_license,pending,
3,img_027b09c66eaf5805,dataset_dev/04_petrykivka_painting/016.jpg,04_petrykivka_painting,candidate_7dc1f84e6dbfa789,confirm_object_group;assign_object_type;review_motif_visibility;record_provenance;record_license,pending,
3,img_57e89cefd5e7f7cc,dataset_dev/04_petrykivka_painting/018.jpg,04_petrykivka_painting,candidate_f1154b0c91ae1311,confirm_object_group;assign_object_type;review_motif_visibility;record_provenance;record_license,pending,
3,img_d552ba4b52b33c4b,dataset_dev/04_petrykivka_painting/019.jpg,04_petrykivka_painting,candidate_b4e3ba7497f3697b,confirm_object_group;assign_object_type;review_motif_visibility;record_provenance;record_license,pending,
3,img_9ceed89265516a6c,dataset_dev/04_petrykivka_painting/020.jpg,04_petrykivka_painting,candidate_2ffe9d0c7ca393d0,confirm_object_group;assign_object_type;review_motif_visibility;record_provenance;record_license,pending,
3,img_53fe3f37953f0ec5,dataset_dev/04_petrykivka_painting/023.jpg,04_petrykivka_painting,candidate_29b6894539311832,confirm_object_group;assign_object_type;review_motif_visibility;record_provenance;record_license,pending,
3,img_f2640a03f7b4a8e9,dataset_dev/04_petrykivka_painting/024.jpg,04_petrykivka_painting,candidate_df23baecae6fd1be,confirm_object_group;assign_object_type;review_motif_visibility;record_provenance;record_license,pending,
3,img_a88a3c2d6225a331,dataset_dev/04_petrykivka_painting/026.jpg,04_petrykivka_painting,candidate_9a2925c72ac2c803,confirm_object_group;assign_object_type;review_motif_visibility;record_provenance;record_license,pending,
3,img_ab10f2f1f17975a5,dataset_dev/04_petrykivka_painting/027.jpg,04_petrykivka_painting,candidate_7c5baa6a99e6ae80,confirm_object_group;assign_object_type;review_motif_visibility;record_provenance;record_license,pending,
3,img_732aff65ab85aa99,dataset_dev/04_petrykivka_painting/028.jpg,04_petrykivka_painting,candidate_3b17360835489d58,confirm_object_group;assign_object_type;review_motif_visibility;record_provenance;record_license,pending,
3,img_e4e3837b0fa065fa,dataset_dev/04_petrykivka_painting/030.jpg,04_petrykivka_painting,candidate_c629ec4ea2629555,confirm_object_group;assign_object_type;review_motif_visibility;record_provenance;record_license,pending,
3,img_af02056a277a36fe,dataset_dev/04_petrykivka_painting/032.jpg,04_petrykivka_painting,candidate_451d84177db91e72,confirm_object_group;assign_object_type;review_motif_visibility;record_provenance;record_license,pending,
3,img_5d02b32a5f5baf05,dataset_dev/04_petrykivka_painting/033.jpg,04_petrykivka_painting,candidate_054765558b906e83,confirm_object_group;assign_object_type;review_motif_visibility;record_provenance;record_license,pending,
3,img_a5735a6f27d1bb0d,dataset_dev/04_petrykivka_painting/036.jpg,04_petrykivka_painting,candidate_af9c1d0fd8cb3a6c,confirm_object_group;assign_object_type;review_motif_visibility;record_provenance;record_license,pending,
3,img_43c5942414e024a1,dataset_dev/04_petrykivka_painting/038.jpg,04_petrykivka_painting,candidate_748d18f55f15bd8d,confirm_object_group;assign_object_type;review_motif_visibility;record_provenance;record_license,pending,
3,img_36ab02a9caac73d5,dataset_dev/04_petrykivka_painting/039.jpg,04_petrykivka_painting,candidate_7c8618ea54f6b524,confirm_object_group;assign_object_type;review_motif_visibility;record_provenance;record_license,pending,
3,img_2c87b30dfc48468e,dataset_dev/04_petrykivka_painting/040.jpg,04_petrykivka_painting,candidate_5fd394bcf999fceb,confirm_object_group;assign_object_type;review_motif_visibility;record_provenance;record_license,pending,
3,img_0530c8356c564080,dataset_dev/04_petrykivka_painting/042.jpg,04_petrykivka_painting,candidate_47a0d9ff6113209d,confirm_object_group;assign_object_type;review_motif_visibility;record_provenance;record_license,pending,
3,img_d4392c5474172f19,dataset_dev/04_petrykivka_painting/043.jpg,04_petrykivka_painting,candidate_7eb7443a6358ffc9,confirm_object_group;assign_object_type;review_motif_visibility;record_provenance;record_license,pending,
3,img_c1b80a9133e431a6,dataset_dev/04_petrykivka_painting/044.jpg,04_petrykivka_painting,candidate_776f035ea541d85b,confirm_object_group;assign_object_type;review_motif_visibility;record_provenance;record_license,pending,
3,img_133b33f8cc03e008,dataset_dev/04_petrykivka_painting/045.jpg,04_petrykivka_painting,candidate_8f5447b8dac78248,confirm_object_group;assign_object_type;review_motif_visibility;record_provenance;record_license,pending,
3,img_1db7bc3d501848e6,dataset_dev/04_petrykivka_painting/046.jpg,04_petrykivka_painting,candidate_25300ba8b57697fa,confirm_object_group;assign_object_type;review_motif_visibility;record_provenance;record_license,pending,
3,img_cae5aa889ed5df2c,dataset_dev/04_petrykivka_painting/047.jpg,04_petrykivka_painting,candidate_8bab5a33309a7f3c,confirm_object_group;assign_object_type;review_motif_visibility;record_provenance;record_license,pending,
3,img_f7454109f83b123c,dataset_dev/04_petrykivka_painting/048.jpg,04_petrykivka_painting,candidate_9e4f342927344581,confirm_object_group;assign_object_type;review_motif_visibility;record_provenance;record_license,pending,
3,img_3ca3dd4e2fade24c,dataset_dev/04_petrykivka_painting/049.jpg,04_petrykivka_painting,candidate_e64e460e90df2963,confirm_object_group;assign_object_type;review_motif_visibility;record_provenance;record_license,pending,
3,img_0777664641c6dc62,dataset_dev/04_petrykivka_painting/050.jpg,04_petrykivka_painting,candidate_18b4e57e25491138,confirm_object_group;assign_object_type;review_motif_visibility;record_provenance;record_license,pending,
3,img_b0240d7f3e0a23ee,dataset_dev/04_petrykivka_painting/058.jpg,04_petrykivka_painting,candidate_c02716a1804bc76a,confirm_object_group;assign_object_type;review_motif_visibility;record_provenance;record_license,pending,
3,img_0e9427fb2f5b3eb1,dataset_dev/04_petrykivka_painting/059.jpg,04_petrykivka_painting,candidate_2fe8cc247f6d736a,confirm_object_group;assign_object_type;review_motif_visibility;record_provenance;record_license,pending,
3,img_fcd5fcdd19863f17,dataset_dev/04_petrykivka_painting/060.jpg,04_petrykivka_painting,candidate_3480be23436eb084,confirm_object_group;assign_object_type;review_motif_visibility;record_provenance;record_license,pending,
3,img_ed1aff6fdb13513c,dataset_dev/04_petrykivka_painting/062.jpg,04_petrykivka_painting,candidate_920fa8b3d4d51edf,confirm_object_group;assign_object_type;review_motif_visibility;record_provenance;record_license,pending,
3,img_0196c54d4a02f395,dataset_dev/04_petrykivka_painting/063.jpg,04_petrykivka_painting,candidate_83a9c43a708e2df6,confirm_object_group;assign_object_type;review_motif_visibility;record_provenance;record_license,pending,
3,img_5459d64e8b768e79,dataset_dev/04_petrykivka_painting/065.jpg,04_petrykivka_painting,candidate_78f983b6a5688f48,confirm_object_group;assign_object_type;review_motif_visibility;record_provenance;record_license,pending,
3,img_b181a6f3eee1e494,dataset_dev/04_petrykivka_painting/066.jpg,04_petrykivka_painting,candidate_76514116ccfd855f,confirm_object_group;assign_object_type;review_motif_visibility;record_provenance;record_license,pending,
3,img_8a4a16b5a85db96a,dataset_dev/04_petrykivka_painting/069.jpeg,04_petrykivka_painting,candidate_5ee5c7d37f87963c,confirm_object_group;assign_object_type;review_motif_visibility;record_provenance;record_license,pending,
3,img_baefda6839d777b7,dataset_dev/04_petrykivka_painting/070.jpg,04_petrykivka_painting,candidate_37e5fb8f032a7d17,confirm_object_group;assign_object_type;review_motif_visibility;record_provenance;record_license,pending,
3,img_de826787989f1d95,dataset_dev/04_petrykivka_painting/072.jpg,04_petrykivka_painting,candidate_a4dc395be247d02d,confirm_object_group;assign_object_type;review_motif_visibility;record_provenance;record_license,pending,
3,img_f8403b014c2d4a47,dataset_dev/04_petrykivka_painting/073.jpg,04_petrykivka_painting,candidate_514d19a569bd78bc,confirm_object_group;assign_object_type;review_motif_visibility;record_provenance;record_license,pending,
3,img_a95ca63d0558f359,dataset_dev/04_petrykivka_painting/074.jpg,04_petrykivka_painting,candidate_f2c7de855c411c33,confirm_object_group;assign_object_type;review_motif_visibility;record_provenance;record_license,pending,
3,img_f9a0f610437dbf4f,dataset_dev/04_petrykivka_painting/076.jpg,04_petrykivka_painting,candidate_8e7582ca826480ce,confirm_object_group;assign_object_type;review_motif_visibility;record_provenance;record_license,pending,
3,img_7b1d315fefcd5c33,dataset_dev/04_petrykivka_painting/077.jpg,04_petrykivka_painting,candidate_6f08c49ccef95bb0,confirm_object_group;assign_object_type;review_motif_visibility;record_provenance;record_license,pending,
3,img_8ae7f340a9168a46,dataset_dev/04_petrykivka_painting/078.jpg,04_petrykivka_painting,candidate_be6414022f94c6a9,confirm_object_group;assign_object_type;review_motif_visibility;record_provenance;record_license,pending,
3,img_cd93e8de1db9231b,dataset_dev/04_petrykivka_painting/080.jpg,04_petrykivka_painting,candidate_387ef12e29f91070,confirm_object_group;assign_object_type;review_motif_visibility;record_provenance;record_license,pending,
3,img_da3a5f18276183ff,dataset_dev/04_petrykivka_painting/082.jpg,04_petrykivka_painting,candidate_d3096502ba9c083d,confirm_object_group;assign_object_type;review_motif_visibility;record_provenance;record_license,pending,
3,img_d7a6f433aa31daab,dataset_dev/04_petrykivka_painting/083.jpg,04_petrykivka_painting,candidate_620bfb05d2d0f1ff,confirm_object_group;assign_object_type;review_motif_visibility;record_provenance;record_license,pending,
3,img_a98f48d0bb154ceb,dataset_dev/04_petrykivka_painting/084.jpg,04_petrykivka_painting,candidate_1dc51f386218db91,confirm_object_group;assign_object_type;review_motif_visibility;record_provenance;record_license,pending,
3,img_35e93b64e5d04abf,dataset_dev/04_petrykivka_painting/085.jpg,04_petrykivka_painting,candidate_fa6f1eb6f83d6c1a,confirm_object_group;assign_object_type;review_motif_visibility;record_provenance;record_license,pending,
3,img_9bba7d6af47f4409,dataset_dev/04_petrykivka_painting/086.jpg,04_petrykivka_painting,candidate_f62907a4be2f8844,confirm_object_group;assign_object_type;review_motif_visibility;record_provenance;record_license,pending,
3,img_66309dc403ef43de,dataset_dev/04_petrykivka_painting/087.jpg,04_petrykivka_painting,candidate_f1670938f1d7e3b6,confirm_object_group;assign_object_type;review_motif_visibility;record_provenance;record_license,pending,
3,img_1e9af7972505fe8a,dataset_dev/04_petrykivka_painting/088.jpg,04_petrykivka_painting,candidate_2fcacc0e7690648f,confirm_object_group;assign_object_type;review_motif_visibility;record_provenance;record_license,pending,
3,img_0f404b2b781db4a2,dataset_dev/04_petrykivka_painting/091.jpg,04_petrykivka_painting,candidate_a82c58392d8c22b0,confirm_object_group;assign_object_type;review_motif_visibility;record_provenance;record_license,pending,
3,img_54511c9a93b73f89,dataset_dev/04_petrykivka_painting/092.jpg,04_petrykivka_painting,candidate_65df960259516f8a,confirm_object_group;assign_object_type;review_motif_visibility;record_provenance;record_license,pending,
3,img_3560308d213b15cf,dataset_dev/04_petrykivka_painting/096.jpg,04_petrykivka_painting,candidate_c5b9b84c5ce2cef0,confirm_object_group;assign_object_type;review_motif_visibility;record_provenance;record_license,pending,
3,img_1dc2ff34a8267c60,dataset_dev/04_petrykivka_painting/098.jpg,04_petrykivka_painting,candidate_97292c68431350a6,confirm_object_group;assign_object_type;review_motif_visibility;record_provenance;record_license,pending,
3,img_e1e3d7b3bb8e5b39,dataset_dev/04_petrykivka_painting/099.jpg,04_petrykivka_painting,candidate_2a218caa72c7a808,confirm_object_group;assign_object_type;review_motif_visibility;record_provenance;record_license,pending,
3,img_6156c690c8b9b514,dataset_dev/04_petrykivka_painting/100.jpg,04_petrykivka_painting,candidate_481b8fcd297a52d3,confirm_object_group;assign_object_type;review_motif_visibility;record_provenance;record_license,pending,
3,img_268f3c441a8cedc9,dataset_dev/04_petrykivka_painting/102.jpg,04_petrykivka_painting,candidate_d684bb50090c277a,confirm_object_group;assign_object_type;review_motif_visibility;record_provenance;record_license,pending,
3,img_e9c5eaecab6d544f,dataset_dev/04_petrykivka_painting/104.jpg,04_petrykivka_painting,candidate_a65f25a6a4701e96,confirm_object_group;assign_object_type;review_motif_visibility;record_provenance;record_license,pending,
3,img_e61af6c787277791,dataset_dev/04_petrykivka_painting/105.jpg,04_petrykivka_painting,candidate_53d9518bf4141420,confirm_object_group;assign_object_type;review_motif_visibility;record_provenance;record_license,pending,
3,img_ce312d5a463e89bf,dataset_dev/04_petrykivka_painting/107.jpg,04_petrykivka_painting,candidate_ae242c1d999e0cad,confirm_object_group;assign_object_type;review_motif_visibility;record_provenance;record_license,pending,
3,img_db8925faac455979,dataset_dev/04_petrykivka_painting/108.jpeg,04_petrykivka_painting,candidate_ad245898e71ff1b1,confirm_object_group;assign_object_type;review_motif_visibility;record_provenance;record_license,pending,
3,img_bd600197ff11e8a9,dataset_dev/04_petrykivka_painting/109.jpg,04_petrykivka_painting,candidate_4b9fffff7416fc8b,confirm_object_group;assign_object_type;review_motif_visibility;record_provenance;record_license,pending,
3,img_a14264c4383669aa,dataset_dev/04_petrykivka_painting/110.jpg,04_petrykivka_painting,candidate_3028cf40e55fb687,confirm_object_group;assign_object_type;review_motif_visibility;record_provenance;record_license,pending,
3,img_9879126054463474,dataset_dev/04_petrykivka_painting/112.jpg,04_petrykivka_painting,candidate_9dc3688df7bef860,confirm_object_group;assign_object_type;review_motif_visibility;record_provenance;record_license,pending,
3,img_ff16c37e95db5c34,dataset_dev/04_petrykivka_painting/113.jpg,04_petrykivka_painting,candidate_91ac1ac279bcc819,confirm_object_group;assign_object_type;review_motif_visibility;record_provenance;record_license,pending,
3,img_be184d088ae6707e,dataset_dev/04_petrykivka_painting/115.jpg,04_petrykivka_painting,candidate_7e8465529811d53d,confirm_object_group;assign_object_type;review_motif_visibility;record_provenance;record_license,pending,
3,img_3506f780e01ca0db,dataset_dev/04_petrykivka_painting/116.jpg,04_petrykivka_painting,candidate_549cc8592434161d,confirm_object_group;assign_object_type;review_motif_visibility;record_provenance;record_license,pending,
3,img_ddd0ac2058ad3bba,dataset_dev/04_petrykivka_painting/118.jpeg,04_petrykivka_painting,candidate_a03681d18aacd64e,confirm_object_group;assign_object_type;review_motif_visibility;record_provenance;record_license,pending,
3,img_475d21bd7a757a7d,dataset_dev/04_petrykivka_painting/119.jpg,04_petrykivka_painting,candidate_c764c06a35be4448,confirm_object_group;assign_object_type;review_motif_visibility;record_provenance;record_license,pending,
3,img_d4156d21ee2de221,dataset_dev/04_petrykivka_painting/120.jpg,04_petrykivka_painting,candidate_c050c633ef65ba92,confirm_object_group;assign_object_type;review_motif_visibility;record_provenance;record_license,pending,
3,img_b7b6d931bce5c4ea,dataset_dev/04_petrykivka_painting/121.jpg,04_petrykivka_painting,candidate_2af7f39047a90659,confirm_object_group;assign_object_type;review_motif_visibility;record_provenance;record_license,pending,
3,img_b8d23af68d1c6955,dataset_dev/04_petrykivka_painting/122.jpg,04_petrykivka_painting,candidate_86630a9c37e40428,confirm_object_group;assign_object_type;review_motif_visibility;record_provenance;record_license,pending,
3,img_3ff986580ff73d63,dataset_dev/04_petrykivka_painting/127.jpg,04_petrykivka_painting,candidate_f0ef78d0c9a70da0,confirm_object_group;assign_object_type;review_motif_visibility;record_provenance;record_license,pending,
3,img_98c4360411412022,dataset_dev/04_petrykivka_painting/129.jpg,04_petrykivka_painting,candidate_d851d8a167e0ce0c,confirm_object_group;assign_object_type;review_motif_visibility;record_provenance;record_license,pending,
3,img_f6f05b0ed68f6d0b,dataset_dev/04_petrykivka_painting/130.jpg,04_petrykivka_painting,candidate_5819e5e82b6d2248,confirm_object_group;assign_object_type;review_motif_visibility;record_provenance;record_license,pending,
3,img_08cf2c1d68a5fa38,dataset_dev/04_petrykivka_painting/131.jpg,04_petrykivka_painting,candidate_897410e171fe42e5,confirm_object_group;assign_object_type;review_motif_visibility;record_provenance;record_license,pending,
3,img_c50e7a53213b153a,dataset_dev/04_petrykivka_painting/134.jpg,04_petrykivka_painting,candidate_764a53cfd66d29bc,confirm_object_group;assign_object_type;review_motif_visibility;record_provenance;record_license,pending,
3,img_1cac6d0b7f1635af,dataset_dev/04_petrykivka_painting/139.jpg,04_petrykivka_painting,candidate_9dee7e97485ad961,confirm_object_group;assign_object_type;review_motif_visibility;record_provenance;record_license,pending,
3,img_7269b19a4562d582,dataset_dev/04_petrykivka_painting/140.jpg,04_petrykivka_painting,candidate_805ed5815add2bf4,confirm_object_group;assign_object_type;review_motif_visibility;record_provenance;record_license,pending,
3,img_0a0049ddb1eb9549,dataset_dev/04_petrykivka_painting/141.jpg,04_petrykivka_painting,candidate_cb9914525bce6f75,confirm_object_group;assign_object_type;review_motif_visibility;record_provenance;record_license,pending,
3,img_4dbca33c85bd3712,dataset_dev/04_petrykivka_painting/142.jpg,04_petrykivka_painting,candidate_8a21a80193b2c90c,confirm_object_group;assign_object_type;review_motif_visibility;record_provenance;record_license,pending,
3,img_7e4c827fa9ef9415,dataset_dev/04_petrykivka_painting/144.jpg,04_petrykivka_painting,candidate_e28ed461211bcff5,confirm_object_group;assign_object_type;review_motif_visibility;record_provenance;record_license,pending,
3,img_98ef46c93a36af73,dataset_dev/04_petrykivka_painting/145.jpg,04_petrykivka_painting,candidate_7be9ceb6511c0340,confirm_object_group;assign_object_type;review_motif_visibility;record_provenance;record_license,pending,
3,img_6a1063cc7d802b43,dataset_dev/04_petrykivka_painting/147.jpg,04_petrykivka_painting,candidate_2dcfff4154b0fbc0,confirm_object_group;assign_object_type;review_motif_visibility;record_provenance;record_license,pending,
3,img_57231575effdb11e,dataset_dev/04_petrykivka_painting/148.jpg,04_petrykivka_painting,candidate_6af2531cebac74ec,confirm_object_group;assign_object_type;review_motif_visibility;record_provenance;record_license,pending,
3,img_f553117c65359cdf,dataset_dev/04_petrykivka_painting/150.png,04_petrykivka_painting,candidate_89ed1ffb3a9aa6c0,confirm_object_group;assign_object_type;review_motif_visibility;record_provenance;record_license,pending,
3,img_794dc757653cb287,dataset_dev/04_petrykivka_painting/154.jpg,04_petrykivka_painting,candidate_362dc360395a3660,confirm_object_group;assign_object_type;review_motif_visibility;record_provenance;record_license,pending,
3,img_ac01772115fc308e,dataset_dev/04_petrykivka_painting/155.jpg,04_petrykivka_painting,candidate_868bd92213698fe4,confirm_object_group;assign_object_type;review_motif_visibility;record_provenance;record_license,pending,
3,img_59c3681633a3b582,dataset_dev/04_petrykivka_painting/156.png,04_petrykivka_painting,candidate_9ce81d3a848863b3,confirm_object_group;assign_object_type;review_motif_visibility;record_provenance;record_license,pending,
3,img_00780650deb32990,dataset_dev/04_petrykivka_painting/158.jpg,04_petrykivka_painting,candidate_f10337b2e3398c31,confirm_object_group;assign_object_type;review_motif_visibility;record_provenance;record_license,pending,
3,img_f3a24a7834a8726f,dataset_dev/04_petrykivka_painting/159.jpg,04_petrykivka_painting,candidate_35f330cb7e35c87c,confirm_object_group;assign_object_type;review_motif_visibility;record_provenance;record_license,pending,
3,img_1be2529bf4cec0cf,dataset_dev/04_petrykivka_painting/160.jpg,04_petrykivka_painting,candidate_8044168c09ad7c0e,confirm_object_group;assign_object_type;review_motif_visibility;record_provenance;record_license,pending,
3,img_cdd26535c06234c7,dataset_dev/04_petrykivka_painting/161.png,04_petrykivka_painting,candidate_badef5011f148314,confirm_object_group;assign_object_type;review_motif_visibility;record_provenance;record_license,pending,
3,img_843c56645c71a1a2,dataset_dev/04_petrykivka_painting/163.jpg,04_petrykivka_painting,candidate_0c7140ed2f5ab5ed,confirm_object_group;assign_object_type;review_motif_visibility;record_provenance;record_license,pending,
3,img_9c7fa97d1ea2b01b,dataset_dev/04_petrykivka_painting/164.jpg,04_petrykivka_painting,candidate_e85cf530318c4eb7,confirm_object_group;assign_object_type;review_motif_visibility;record_provenance;record_license,pending,
3,img_efe7066bf9c759f0,dataset_dev/04_petrykivka_painting/166.png,04_petrykivka_painting,candidate_97ac8e18cd246b8a,confirm_object_group;assign_object_type;review_motif_visibility;record_provenance;record_license,pending,
3,img_1f78d13464afd425,dataset_dev/04_petrykivka_painting/167.png,04_petrykivka_painting,candidate_9065b1a6090a7d1d,confirm_object_group;assign_object_type;review_motif_visibility;record_provenance;record_license,pending,
3,img_2bd0240b52bb0f0f,dataset_dev/04_petrykivka_painting/169.png,04_petrykivka_painting,candidate_e355880a4db64bf7,confirm_object_group;assign_object_type;review_motif_visibility;record_provenance;record_license,pending,
3,img_8ec1fed358da90fc,dataset_dev/04_petrykivka_painting/170.png,04_petrykivka_painting,candidate_1b6c1acd70bb432d,confirm_object_group;assign_object_type;review_motif_visibility;record_provenance;record_license,pending,
3,img_f5a874e81c2262a7,dataset_dev/04_petrykivka_painting/171.jpg,04_petrykivka_painting,candidate_3089512fcf5e39bf,confirm_object_group;assign_object_type;review_motif_visibility;record_provenance;record_license,pending,
3,img_40e8a4a0353fb1a8,dataset_dev/04_petrykivka_painting/174.jpg,04_petrykivka_painting,candidate_3536f16e633f1d2e,confirm_object_group;assign_object_type;review_motif_visibility;record_provenance;record_license,pending,
3,img_a5d90d6c472ddcac,dataset_dev/04_petrykivka_painting/175.jpg,04_petrykivka_painting,candidate_cd0e8b085d0cb1e7,confirm_object_group;assign_object_type;review_motif_visibility;record_provenance;record_license,pending,
3,img_520b84c00c3f2b00,dataset_dev/04_petrykivka_painting/176.jpg,04_petrykivka_painting,candidate_88559cc91cc22f9b,confirm_object_group;assign_object_type;review_motif_visibility;record_provenance;record_license,pending,
3,img_741ed92d16e51792,dataset_dev/04_petrykivka_painting/177.jpg,04_petrykivka_painting,candidate_c166700bbbb8316e,confirm_object_group;assign_object_type;review_motif_visibility;record_provenance;record_license,pending,
3,img_76b53f9227445531,dataset_dev/04_petrykivka_painting/179.jpg,04_petrykivka_painting,candidate_7d4fea4c26438462,confirm_object_group;assign_object_type;review_motif_visibility;record_provenance;record_license,pending,
3,img_438acd29e59b74b0,dataset_dev/04_petrykivka_painting/181.jpg,04_petrykivka_painting,candidate_836a1f3b652dc212,confirm_object_group;assign_object_type;review_motif_visibility;record_provenance;record_license,pending,
3,img_65b809074578f318,dataset_dev/04_petrykivka_painting/182.jpg,04_petrykivka_painting,candidate_5809811da69a05da,confirm_object_group;assign_object_type;review_motif_visibility;record_provenance;record_license,pending,
3,img_ce5c2baec4200a6f,dataset_dev/04_petrykivka_painting/186.jpg,04_petrykivka_painting,candidate_f96c700624a8c023,confirm_object_group;assign_object_type;review_motif_visibility;record_provenance;record_license,pending,
3,img_f0f85d3604747bf7,dataset_dev/04_petrykivka_painting/187.jpg,04_petrykivka_painting,candidate_fdce684b6ca86330,confirm_object_group;assign_object_type;review_motif_visibility;record_provenance;record_license,pending,
3,img_d1b29d5bb04a1bdf,dataset_dev/04_petrykivka_painting/188.jpg,04_petrykivka_painting,candidate_7cd61a62f73a7a1c,confirm_object_group;assign_object_type;review_motif_visibility;record_provenance;record_license,pending,
3,img_9e91104e632a46ed,dataset_dev/04_petrykivka_painting/191.jpg,04_petrykivka_painting,candidate_d2133ced547ad274,confirm_object_group;assign_object_type;review_motif_visibility;record_provenance;record_license,pending,
3,img_cdc518ce074ec8c6,dataset_dev/04_petrykivka_painting/193.jpg,04_petrykivka_painting,candidate_a3bd2f8bcbe71312,confirm_object_group;assign_object_type;review_motif_visibility;record_provenance;record_license,pending,
3,img_891d86a4dd3518cb,dataset_dev/04_petrykivka_painting/194.png,04_petrykivka_painting,candidate_27155248f343ecac,confirm_object_group;assign_object_type;review_motif_visibility;record_provenance;record_license,pending,
3,img_fe891fc1c905629b,dataset_dev/04_petrykivka_painting/195.png,04_petrykivka_painting,candidate_e3f7216742d8890d,confirm_object_group;assign_object_type;review_motif_visibility;record_provenance;record_license,pending,
3,img_35993783fd4cc510,dataset_dev/04_petrykivka_painting/196.png,04_petrykivka_painting,candidate_7fbd3ba158f89b56,confirm_object_group;assign_object_type;review_motif_visibility;record_provenance;record_license,pending,
3,img_bc94298c68793e44,dataset_dev/04_petrykivka_painting/199.png,04_petrykivka_painting,candidate_285a2343cace1f70,confirm_object_group;assign_object_type;review_motif_visibility;record_provenance;record_license,pending,
3,img_8515d4a87991c252,dataset_dev/04_petrykivka_painting/201.png,04_petrykivka_painting,candidate_c6f4e3bea0fd6bfe,confirm_object_group;assign_object_type;review_motif_visibility;record_provenance;record_license,pending,
3,img_c57a475c774e5f2f,dataset_dev/04_petrykivka_painting/203.png,04_petrykivka_painting,candidate_17c55396ff5ad878,confirm_object_group;assign_object_type;review_motif_visibility;record_provenance;record_license,pending,
3,img_a5ec0989f2ed54a7,dataset_dev/04_petrykivka_painting/204.jpg,04_petrykivka_painting,candidate_d2228f8ddb8f76e5,confirm_object_group;assign_object_type;review_motif_visibility;record_provenance;record_license,pending,
3,img_d84bd8c5022f368f,dataset_dev/04_petrykivka_painting/207.jpg,04_petrykivka_painting,candidate_4cb440e772235bbb,confirm_object_group;assign_object_type;review_motif_visibility;record_provenance;record_license,pending,
3,img_841a9b229266a530,dataset_dev/04_petrykivka_painting/208.jpg,04_petrykivka_painting,candidate_a0cf0b24630168b7,confirm_object_group;assign_object_type;review_motif_visibility;record_provenance;record_license,pending,
3,img_310ff1d6ef5cfacd,dataset_dev/04_petrykivka_painting/209.jpg,04_petrykivka_painting,candidate_82c35a9aa325b210,confirm_object_group;assign_object_type;review_motif_visibility;record_provenance;record_license,pending,
3,img_460fb755e4108d39,dataset_dev/04_petrykivka_painting/213.jpg,04_petrykivka_painting,candidate_3d68dbeaa7a589d7,confirm_object_group;assign_object_type;review_motif_visibility;record_provenance;record_license,pending,
3,img_7cdd212cc04df9da,dataset_dev/04_petrykivka_painting/214.jpg,04_petrykivka_painting,candidate_348837297695069d,confirm_object_group;assign_object_type;review_motif_visibility;record_provenance;record_license,pending,
3,img_9e4a5c341b2837d8,dataset_dev/04_petrykivka_painting/215.jpg,04_petrykivka_painting,candidate_eedaafc4ca3c909b,confirm_object_group;assign_object_type;review_motif_visibility;record_provenance;record_license,pending,
3,img_c738b266e51ead28,dataset_dev/04_petrykivka_painting/216.jpg,04_petrykivka_painting,candidate_ca72f7853b19de59,confirm_object_group;assign_object_type;review_motif_visibility;record_provenance;record_license,pending,
3,img_9cc907346274a418,dataset_dev/04_petrykivka_painting/218.jpg,04_petrykivka_painting,candidate_25d9ad5e5e564d83,confirm_object_group;assign_object_type;review_motif_visibility;record_provenance;record_license,pending,
3,img_f9b735b50750a202,dataset_dev/04_petrykivka_painting/219.jpg,04_petrykivka_painting,candidate_ca47df70de598a17,confirm_object_group;assign_object_type;review_motif_visibility;record_provenance;record_license,pending,
3,img_2463b67feb19bb5f,dataset_dev/04_petrykivka_painting/221.jpg,04_petrykivka_painting,candidate_77656ee36b9aa01c,confirm_object_group;assign_object_type;review_motif_visibility;record_provenance;record_license,pending,
3,img_643782600742890b,dataset_dev/04_petrykivka_painting/222.jpg,04_petrykivka_painting,candidate_c3642943aaa48343,confirm_object_group;assign_object_type;review_motif_visibility;record_provenance;record_license,pending,
3,img_01846c4485488e98,dataset_dev/04_petrykivka_painting/224.jpg,04_petrykivka_painting,candidate_40c3e20b0af3b3c2,confirm_object_group;assign_object_type;review_motif_visibility;record_provenance;record_license,pending,
3,img_3649822e616075f3,dataset_dev/04_petrykivka_painting/225.jpg,04_petrykivka_painting,candidate_95d720e3db6d276c,confirm_object_group;assign_object_type;review_motif_visibility;record_provenance;record_license,pending,
3,img_23e846f6613d9a4a,dataset_dev/04_petrykivka_painting/227.jpg,04_petrykivka_painting,candidate_b4c2ffdd309e31af,confirm_object_group;assign_object_type;review_motif_visibility;record_provenance;record_license,pending,
3,img_c5d53d56f8ccc8c2,dataset_dev/04_petrykivka_painting/228.jpg,04_petrykivka_painting,candidate_b10a006d5311eb70,confirm_object_group;assign_object_type;review_motif_visibility;record_provenance;record_license,pending,
3,img_b59a02f8f01e38f9,dataset_dev/04_petrykivka_painting/231.jpg,04_petrykivka_painting,candidate_416b6e463679112d,confirm_object_group;assign_object_type;review_motif_visibility;record_provenance;record_license,pending,
3,img_13b22c98275faa07,dataset_dev/04_petrykivka_painting/234.jpg,04_petrykivka_painting,candidate_50e3e77410f9ebe6,confirm_object_group;assign_object_type;review_motif_visibility;record_provenance;record_license,pending,
3,img_cb5dbccb92c5d3e1,dataset_dev/04_petrykivka_painting/236.jpg,04_petrykivka_painting,candidate_fd4b0d182b574cd0,confirm_object_group;assign_object_type;review_motif_visibility;record_provenance;record_license,pending,
3,img_9c14b4dfa1d480a2,dataset_dev/04_petrykivka_painting/238.jpg,04_petrykivka_painting,candidate_532209771ea94133,confirm_object_group;assign_object_type;review_motif_visibility;record_provenance;record_license,pending,
3,img_b391139d74a29015,dataset_dev/04_petrykivka_painting/239.jpg,04_petrykivka_painting,candidate_986656ced155b577,confirm_object_group;assign_object_type;review_motif_visibility;record_provenance;record_license,pending,
3,img_1aceddceac2fc9a0,dataset_dev/04_petrykivka_painting/240.jpg,04_petrykivka_painting,candidate_879d50302c0e82bb,confirm_object_group;assign_object_type;review_motif_visibility;record_provenance;record_license,pending,
3,img_99f7a8834fa81622,dataset_dev/04_petrykivka_painting/241.jpg,04_petrykivka_painting,candidate_9f7640fd8a20be1f,confirm_object_group;assign_object_type;review_motif_visibility;record_provenance;record_license,pending,
3,img_620c7356e590c7c3,dataset_dev/04_petrykivka_painting/243.jpg,04_petrykivka_painting,candidate_fadb8ab93320ffe8,confirm_object_group;assign_object_type;review_motif_visibility;record_provenance;record_license,pending,
3,img_91d080f3c42d3140,dataset_dev/04_petrykivka_painting/244.jpg,04_petrykivka_painting,candidate_8c01bdd7af79af4d,confirm_object_group;assign_object_type;review_motif_visibility;record_provenance;record_license,pending,
3,img_1e91bb7f2bf843d0,dataset_dev/04_petrykivka_painting/245.jpg,04_petrykivka_painting,candidate_25ce41620dce9e22,confirm_object_group;assign_object_type;review_motif_visibility;record_provenance;record_license,pending,
3,img_bde04633cd70eef5,dataset_dev/04_petrykivka_painting/247.jpg,04_petrykivka_painting,candidate_bc3f2cf40addddaa,confirm_object_group;assign_object_type;review_motif_visibility;record_provenance;record_license,pending,
3,img_8b5b87d9267b4072,dataset_dev/04_petrykivka_painting/248.jpg,04_petrykivka_painting,candidate_bef762273d577d97,confirm_object_group;assign_object_type;review_motif_visibility;record_provenance;record_license,pending,
3,img_51d742815442bd6b,dataset_dev/04_petrykivka_painting/250.jpg,04_petrykivka_painting,candidate_ee5676e18e2084c4,confirm_object_group;assign_object_type;review_motif_visibility;record_provenance;record_license,pending,
3,img_20e6d6b2c2774782,dataset_dev/04_petrykivka_painting/252.jpg,04_petrykivka_painting,candidate_95489cd23b9117e9,confirm_object_group;assign_object_type;review_motif_visibility;record_provenance;record_license,pending,
3,img_011f7d62c38f4ff2,dataset_dev/04_petrykivka_painting/253.jpg,04_petrykivka_painting,candidate_3f2adfd7c40b1f0a,confirm_object_group;assign_object_type;review_motif_visibility;record_provenance;record_license,pending,
3,img_fef7160191e032d1,dataset_dev/04_petrykivka_painting/254.jpg,04_petrykivka_painting,candidate_41680cc6cfbf361e,confirm_object_group;assign_object_type;review_motif_visibility;record_provenance;record_license,pending,
3,img_b468235ba477a956,dataset_dev/04_petrykivka_painting/256.jpg,04_petrykivka_painting,candidate_a442740fda55e9ad,confirm_object_group;assign_object_type;review_motif_visibility;record_provenance;record_license,pending,
3,img_6c8b37830476211a,dataset_dev/04_petrykivka_painting/258.jpg,04_petrykivka_painting,candidate_304f3530085c7a83,confirm_object_group;assign_object_type;review_motif_visibility;record_provenance;record_license,pending,
3,img_3546c7f4ae9df4ed,dataset_dev/04_petrykivka_painting/259.jpg,04_petrykivka_painting,candidate_33696b2ece87862d,confirm_object_group;assign_object_type;review_motif_visibility;record_provenance;record_license,pending,
3,img_bf12c71541a8c816,dataset_dev/04_petrykivka_painting/262.jpg,04_petrykivka_painting,candidate_9281bc47ff3f27cb,confirm_object_group;assign_object_type;review_motif_visibility;record_provenance;record_license,pending,
3,img_89ba160cbfff60fa,dataset_dev/04_petrykivka_painting/263.jpg,04_petrykivka_painting,candidate_876f41f311efe57f,confirm_object_group;assign_object_type;review_motif_visibility;record_provenance;record_license,pending,
3,img_be9774a16fd4ddb1,dataset_dev/04_petrykivka_painting/265.jpg,04_petrykivka_painting,candidate_5c82b31ceccfe002,confirm_object_group;assign_object_type;review_motif_visibility;record_provenance;record_license,pending,
3,img_7f57aba79b0fe226,dataset_dev/04_petrykivka_painting/267.jpg,04_petrykivka_painting,candidate_f7593b7f56c81e44,confirm_object_group;assign_object_type;review_motif_visibility;record_provenance;record_license,pending,
3,img_5299314629f95b4d,dataset_dev/04_petrykivka_painting/268.jpg,04_petrykivka_painting,candidate_1b6213cac6116c15,confirm_object_group;assign_object_type;review_motif_visibility;record_provenance;record_license,pending,
3,img_9012109cb4a3b841,dataset_dev/04_petrykivka_painting/270.jpg,04_petrykivka_painting,candidate_5da5b844974f4f6d,confirm_object_group;assign_object_type;review_motif_visibility;record_provenance;record_license,pending,
3,img_95a48641fe1e0a7c,dataset_dev/04_petrykivka_painting/271.jpg,04_petrykivka_painting,candidate_e820338fe2aa4392,confirm_object_group;assign_object_type;review_motif_visibility;record_provenance;record_license,pending,
3,img_a300c258ec1fa6de,dataset_dev/04_petrykivka_painting/272jpg.jpg,04_petrykivka_painting,candidate_0dc7a2659bbdd9d5,confirm_object_group;assign_object_type;review_motif_visibility;record_provenance;record_license,pending,
3,img_f86c335da0873c65,dataset_dev/04_petrykivka_painting/274.jpg,04_petrykivka_painting,candidate_053f97b52f2ec0ed,confirm_object_group;assign_object_type;review_motif_visibility;record_provenance;record_license,pending,
3,img_627ba5d164070015,dataset_dev/04_petrykivka_painting/275.jpg,04_petrykivka_painting,candidate_531b4eb3d6bf6d46,confirm_object_group;assign_object_type;review_motif_visibility;record_provenance;record_license,pending,
3,img_509e1bfc05df6f84,dataset_dev/04_petrykivka_painting/276.jpg,04_petrykivka_painting,candidate_bab42ad78dcaca07,confirm_object_group;assign_object_type;review_motif_visibility;record_provenance;record_license,pending,
3,img_68b69124ac674ffa,dataset_dev/04_petrykivka_painting/278.jpg,04_petrykivka_painting,candidate_a9bf4f98e1b1ebee,confirm_object_group;assign_object_type;review_motif_visibility;record_provenance;record_license,pending,
3,img_4ba4d6d3322300a4,dataset_dev/04_petrykivka_painting/280.jpg,04_petrykivka_painting,candidate_fef4996fd1ae04d1,confirm_object_group;assign_object_type;review_motif_visibility;record_provenance;record_license,pending,
3,img_54e4b4ac7e8807fb,dataset_dev/04_petrykivka_painting/281.jpg,04_petrykivka_painting,candidate_b94e5f836ccbad9c,confirm_object_group;assign_object_type;review_motif_visibility;record_provenance;record_license,pending,
3,img_dd6616fc82417eff,dataset_dev/04_petrykivka_painting/282.jpg,04_petrykivka_painting,candidate_eadcd261d23028a9,confirm_object_group;assign_object_type;review_motif_visibility;record_provenance;record_license,pending,
3,img_8199fe786c43aa1d,dataset_dev/04_petrykivka_painting/283.jpg,04_petrykivka_painting,candidate_af56e0514ea9841f,confirm_object_group;assign_object_type;review_motif_visibility;record_provenance;record_license,pending,
3,img_4196995848280d2f,dataset_dev/04_petrykivka_painting/284.jpg,04_petrykivka_painting,candidate_f80fdb0e0e51548d,confirm_object_group;assign_object_type;review_motif_visibility;record_provenance;record_license,pending,
3,img_c081c4ba87b06ebb,dataset_dev/04_petrykivka_painting/286.jpg,04_petrykivka_painting,candidate_ca1cbb3ca9339f7c,confirm_object_group;assign_object_type;review_motif_visibility;record_provenance;record_license,pending,
3,img_0e607ad6062f40ed,dataset_dev/04_petrykivka_painting/287.jpg,04_petrykivka_painting,candidate_b5f03be7cdfbe161,confirm_object_group;assign_object_type;review_motif_visibility;record_provenance;record_license,pending,
3,img_d84d0b810b3c1276,dataset_dev/04_petrykivka_painting/289.jpg,04_petrykivka_painting,candidate_d81de814e4c677f7,confirm_object_group;assign_object_type;review_motif_visibility;record_provenance;record_license,pending,
3,img_acbcb2e585985bfe,dataset_dev/04_petrykivka_painting/290.jpg,04_petrykivka_painting,candidate_db45a7d760c245b8,confirm_object_group;assign_object_type;review_motif_visibility;record_provenance;record_license,pending,
3,img_0edbffedd0d56f47,dataset_dev/04_petrykivka_painting/291.jpg,04_petrykivka_painting,candidate_e64e224d2d997728,confirm_object_group;assign_object_type;review_motif_visibility;record_provenance;record_license,pending,
3,img_b944c2f8964bec6d,dataset_dev/04_petrykivka_painting/292.jpg,04_petrykivka_painting,candidate_fce8378218597968,confirm_object_group;assign_object_type;review_motif_visibility;record_provenance;record_license,pending,
3,img_c011e367674fa190,dataset_dev/04_petrykivka_painting/294.jpg,04_petrykivka_painting,candidate_02ac9778b904abfd,confirm_object_group;assign_object_type;review_motif_visibility;record_provenance;record_license,pending,
3,img_01d8dd2d632786a3,dataset_dev/04_petrykivka_painting/295.jpg,04_petrykivka_painting,candidate_99b7814ed36c1d2e,confirm_object_group;assign_object_type;review_motif_visibility;record_provenance;record_license,pending,
3,img_72c79bc59d4e8dc4,dataset_dev/04_petrykivka_painting/296.jpg,04_petrykivka_painting,candidate_d706b2a1f8e6576d,confirm_object_group;assign_object_type;review_motif_visibility;record_provenance;record_license,pending,
3,img_db97a259813266e1,dataset_dev/04_petrykivka_painting/298.jpg,04_petrykivka_painting,candidate_5f605feb0b084471,confirm_object_group;assign_object_type;review_motif_visibility;record_provenance;record_license,pending,
3,img_0e5cf1b4908b3e20,dataset_dev/04_petrykivka_painting/301.jpg,04_petrykivka_painting,candidate_09aa7ffc545ccb60,confirm_object_group;assign_object_type;review_motif_visibility;record_provenance;record_license,pending,
3,img_d0db1879c04cfc32,dataset_dev/04_petrykivka_painting/302.jpg,04_petrykivka_painting,candidate_f6a95f6b48dcbf0d,confirm_object_group;assign_object_type;review_motif_visibility;record_provenance;record_license,pending,
3,img_88b871997f50260b,dataset_dev/04_petrykivka_painting/303.jpg,04_petrykivka_painting,candidate_b8b171b6b53d706e,confirm_object_group;assign_object_type;review_motif_visibility;record_provenance;record_license,pending,
3,img_4f81e21ed25d4a1f,dataset_dev/04_petrykivka_painting/304.jpg,04_petrykivka_painting,candidate_beda74046413673e,confirm_object_group;assign_object_type;review_motif_visibility;record_provenance;record_license,pending,
3,img_d1c23b8ad6d2bb97,dataset_dev/04_petrykivka_painting/306.jpg,04_petrykivka_painting,candidate_3ec5806a541a26e4,confirm_object_group;assign_object_type;review_motif_visibility;record_provenance;record_license,pending,
3,img_191a54050d1eeeb1,dataset_dev/04_petrykivka_painting/307.jpg,04_petrykivka_painting,candidate_9ad31eec2f623b21,confirm_object_group;assign_object_type;review_motif_visibility;record_provenance;record_license,pending,
3,img_8b92a4221da4142c,dataset_dev/04_petrykivka_painting/309.jpg,04_petrykivka_painting,candidate_8281282ee0160582,confirm_object_group;assign_object_type;review_motif_visibility;record_provenance;record_license,pending,
3,img_1612b2881bf0bfde,dataset_dev/04_petrykivka_painting/312.jpg,04_petrykivka_painting,candidate_c5e3a867c36d12df,confirm_object_group;assign_object_type;review_motif_visibility;record_provenance;record_license,pending,
3,img_0675030f34272e1c,dataset_dev/04_petrykivka_painting/313.png,04_petrykivka_painting,candidate_e3353f7ef89d73b7,confirm_object_group;assign_object_type;review_motif_visibility;record_provenance;record_license,pending,
3,img_8163df442a3fdbb4,dataset_dev/04_petrykivka_painting/314.png,04_petrykivka_painting,candidate_d701ecc1c206eedf,confirm_object_group;assign_object_type;review_motif_visibility;record_provenance;record_license,pending,
3,img_9e354c797023ffe0,dataset_dev/04_petrykivka_painting/316.png,04_petrykivka_painting,candidate_5c58e9bfe9bff01f,confirm_object_group;assign_object_type;review_motif_visibility;record_provenance;record_license,pending,
3,img_3e046b6bd356ca42,dataset_dev/04_petrykivka_painting/317.jpg,04_petrykivka_painting,candidate_4044df2d99974ee2,confirm_object_group;assign_object_type;review_motif_visibility;record_provenance;record_license,pending,
3,img_5399d72a01569c4f,dataset_dev/04_petrykivka_painting/319.jpg,04_petrykivka_painting,candidate_757dc18573daae44,confirm_object_group;assign_object_type;review_motif_visibility;record_provenance;record_license,pending,
3,img_3ba9f191c0a489f7,dataset_dev/05_kosiv_ceramics/k001.jpg,05_kosiv_ceramics,candidate_b31034a982078af4,confirm_object_group;assign_object_type;review_motif_visibility;record_provenance;record_license,pending,
3,img_f0a4cb4a5e654295,dataset_dev/05_kosiv_ceramics/k002.jpg,05_kosiv_ceramics,candidate_5e54de121145f9ff,confirm_object_group;assign_object_type;review_motif_visibility;record_provenance;record_license,pending,
3,img_25ca69de6ceb0452,dataset_dev/05_kosiv_ceramics/k003.jpg,05_kosiv_ceramics,candidate_6bd413677c44126b,confirm_object_group;assign_object_type;review_motif_visibility;record_provenance;record_license,pending,
3,img_dccd1b71fd2c83bd,dataset_dev/05_kosiv_ceramics/k004.jpg,05_kosiv_ceramics,candidate_f26e72b3400aa02f,confirm_object_group;assign_object_type;review_motif_visibility;record_provenance;record_license,pending,
3,img_65c78018615433e7,dataset_dev/05_kosiv_ceramics/k005.jpg,05_kosiv_ceramics,candidate_106e47aa961e0d27,confirm_object_group;assign_object_type;review_motif_visibility;record_provenance;record_license,pending,
3,img_f5cb9d79c4ee108a,dataset_dev/05_kosiv_ceramics/k006.jpg,05_kosiv_ceramics,candidate_d31467ebb20b6e93,confirm_object_group;assign_object_type;review_motif_visibility;record_provenance;record_license,pending,
3,img_c5332abf821190a5,dataset_dev/05_kosiv_ceramics/k007.jpg,05_kosiv_ceramics,candidate_e3b846383f09ea1a,confirm_object_group;assign_object_type;review_motif_visibility;record_provenance;record_license,pending,
3,img_4cd76eb3362af207,dataset_dev/05_kosiv_ceramics/k008.jpg,05_kosiv_ceramics,candidate_dbcdbacca00a0c43,confirm_object_group;assign_object_type;review_motif_visibility;record_provenance;record_license,pending,
3,img_15e593138dec0051,dataset_dev/05_kosiv_ceramics/k009.jpg,05_kosiv_ceramics,candidate_0e4625374354fa5e,confirm_object_group;assign_object_type;review_motif_visibility;record_provenance;record_license,pending,
3,img_1182b8ad14328ce6,dataset_dev/05_kosiv_ceramics/k010.jpg,05_kosiv_ceramics,candidate_8e555f646cf5971b,confirm_object_group;assign_object_type;review_motif_visibility;record_provenance;record_license,pending,
3,img_f8116bd0df381933,dataset_dev/05_kosiv_ceramics/k011.png,05_kosiv_ceramics,candidate_fa98cb6ac15021db,confirm_object_group;assign_object_type;review_motif_visibility;record_provenance;record_license,pending,
3,img_a783a7d439974891,dataset_dev/05_kosiv_ceramics/k012.png,05_kosiv_ceramics,candidate_a1dff545d845d3ab,confirm_object_group;assign_object_type;review_motif_visibility;record_provenance;record_license,pending,
3,img_d99f73828e206680,dataset_dev/05_kosiv_ceramics/k013.png,05_kosiv_ceramics,candidate_a7b98c5b91c3ca55,confirm_object_group;assign_object_type;review_motif_visibility;record_provenance;record_license,pending,
3,img_25047cdda55701cb,dataset_dev/05_kosiv_ceramics/k014.jpg,05_kosiv_ceramics,candidate_7fb1556af99bb292,confirm_object_group;assign_object_type;review_motif_visibility;record_provenance;record_license,pending,
3,img_dec51799e8b0731d,dataset_dev/05_kosiv_ceramics/k015.jpg,05_kosiv_ceramics,candidate_3fac0866eb4f1135,confirm_object_group;assign_object_type;review_motif_visibility;record_provenance;record_license,pending,
3,img_91012e4f9bd129bf,dataset_dev/05_kosiv_ceramics/k016.jpg,05_kosiv_ceramics,candidate_dbedaedd2f5ef160,confirm_object_group;assign_object_type;review_motif_visibility;record_provenance;record_license,pending,
3,img_0f709529eed7cdae,dataset_dev/05_kosiv_ceramics/k017.jpg,05_kosiv_ceramics,candidate_e33eabdafae8c00f,confirm_object_group;assign_object_type;review_motif_visibility;record_provenance;record_license,pending,
3,img_42b1e353786f5e53,dataset_dev/05_kosiv_ceramics/k018.jpg,05_kosiv_ceramics,candidate_dcc9b486f1fee31a,confirm_object_group;assign_object_type;review_motif_visibility;record_provenance;record_license,pending,
3,img_aae21f6090e88653,dataset_dev/05_kosiv_ceramics/k019.jpg,05_kosiv_ceramics,candidate_ba4755472e3c384c,confirm_object_group;assign_object_type;review_motif_visibility;record_provenance;record_license,pending,
3,img_2106a9aaa9220202,dataset_dev/05_kosiv_ceramics/k020.jpg,05_kosiv_ceramics,candidate_21e77e2a6beca234,confirm_object_group;assign_object_type;review_motif_visibility;record_provenance;record_license,pending,
3,img_e62307b7821dce1e,dataset_dev/05_kosiv_ceramics/k022.jpg,05_kosiv_ceramics,candidate_b0100b8735b8099b,confirm_object_group;assign_object_type;review_motif_visibility;record_provenance;record_license,pending,
3,img_e38df38591279c8f,dataset_dev/05_kosiv_ceramics/k023.jpg,05_kosiv_ceramics,candidate_5c2c55bb58a7ce26,confirm_object_group;assign_object_type;review_motif_visibility;record_provenance;record_license,pending,
3,img_a3854d88d2c1d05b,dataset_dev/05_kosiv_ceramics/k024.jpg,05_kosiv_ceramics,candidate_f6b93f25a86d4b15,confirm_object_group;assign_object_type;review_motif_visibility;record_provenance;record_license,pending,
3,img_1518da0810767353,dataset_dev/05_kosiv_ceramics/k035.jpg,05_kosiv_ceramics,candidate_5bdd8fee161750e5,confirm_object_group;assign_object_type;review_motif_visibility;record_provenance;record_license,pending,
3,img_2f9cbeaa6d4a81f6,dataset_dev/05_kosiv_ceramics/k036.jpg,05_kosiv_ceramics,candidate_0ed0b9cf9e9f4b10,confirm_object_group;assign_object_type;review_motif_visibility;record_provenance;record_license,pending,
3,img_e6c533d7bbda4934,dataset_dev/05_kosiv_ceramics/k037.jpg,05_kosiv_ceramics,candidate_04f8f0ec846adb14,confirm_object_group;assign_object_type;review_motif_visibility;record_provenance;record_license,pending,
3,img_becb79f335935ecc,dataset_dev/05_kosiv_ceramics/k038.jpg,05_kosiv_ceramics,candidate_e79c81673df99cd9,confirm_object_group;assign_object_type;review_motif_visibility;record_provenance;record_license,pending,
3,img_b690731c3aab9dd8,dataset_dev/05_kosiv_ceramics/k039.jpg,05_kosiv_ceramics,candidate_a14285492c2fdf15,confirm_object_group;assign_object_type;review_motif_visibility;record_provenance;record_license,pending,
3,img_c6505bfe6d1989e8,dataset_dev/05_kosiv_ceramics/k041.jpg,05_kosiv_ceramics,candidate_73f0c2973a73d8ae,confirm_object_group;assign_object_type;review_motif_visibility;record_provenance;record_license,pending,
3,img_9bd1d97ab04116be,dataset_dev/05_kosiv_ceramics/k042.jpg,05_kosiv_ceramics,candidate_b9248019cdce3397,confirm_object_group;assign_object_type;review_motif_visibility;record_provenance;record_license,pending,
3,img_cc4b1e0db0ffa59d,dataset_dev/05_kosiv_ceramics/k044.jpg,05_kosiv_ceramics,candidate_4ddeb4e1631bc981,confirm_object_group;assign_object_type;review_motif_visibility;record_provenance;record_license,pending,
3,img_c004baa4587ad0c8,dataset_dev/05_kosiv_ceramics/k045.jpg,05_kosiv_ceramics,candidate_be62c15a052dc98a,confirm_object_group;assign_object_type;review_motif_visibility;record_provenance;record_license,pending,
3,img_bdd5e1662abead18,dataset_dev/05_kosiv_ceramics/k046.jpg,05_kosiv_ceramics,candidate_7c4e02d157b71331,confirm_object_group;assign_object_type;review_motif_visibility;record_provenance;record_license,pending,
3,img_6c2fde452821d3e3,dataset_dev/05_kosiv_ceramics/k048.jpg,05_kosiv_ceramics,candidate_de7625747c216d14,confirm_object_group;assign_object_type;review_motif_visibility;record_provenance;record_license,pending,
3,img_030a712144a55558,dataset_dev/05_kosiv_ceramics/k049.jpg,05_kosiv_ceramics,candidate_f335cc6e8beeacd3,confirm_object_group;assign_object_type;review_motif_visibility;record_provenance;record_license,pending,
3,img_ade5e7554a95ab06,dataset_dev/05_kosiv_ceramics/k051.jpg,05_kosiv_ceramics,candidate_2319548bf0e162aa,confirm_object_group;assign_object_type;review_motif_visibility;record_provenance;record_license,pending,
3,img_eb6257d176b13255,dataset_dev/05_kosiv_ceramics/k052.jpg,05_kosiv_ceramics,candidate_84a527013c1482ea,confirm_object_group;assign_object_type;review_motif_visibility;record_provenance;record_license,pending,
3,img_5d3835d8e6b384be,dataset_dev/05_kosiv_ceramics/k054.jpg,05_kosiv_ceramics,candidate_e1052e79327dcc50,confirm_object_group;assign_object_type;review_motif_visibility;record_provenance;record_license,pending,
3,img_bbb6f7d136e62076,dataset_dev/05_kosiv_ceramics/k055.jpg,05_kosiv_ceramics,candidate_dc26450f38cea779,confirm_object_group;assign_object_type;review_motif_visibility;record_provenance;record_license,pending,
3,img_c9c6ead5cd42b9db,dataset_dev/05_kosiv_ceramics/k057.jpg,05_kosiv_ceramics,candidate_e40a2dc276d1c5d5,confirm_object_group;assign_object_type;review_motif_visibility;record_provenance;record_license,pending,
3,img_f89f265604241cc8,dataset_dev/05_kosiv_ceramics/k059.jpg,05_kosiv_ceramics,candidate_f96372159249edde,confirm_object_group;assign_object_type;review_motif_visibility;record_provenance;record_license,pending,
3,img_7baaf5490cab4294,dataset_dev/05_kosiv_ceramics/k061.jpg,05_kosiv_ceramics,candidate_c0ee0f6f69b4ae70,confirm_object_group;assign_object_type;review_motif_visibility;record_provenance;record_license,pending,
3,img_0dbe5daebf3b6fb6,dataset_dev/05_kosiv_ceramics/k062.jpg,05_kosiv_ceramics,candidate_24aa2f56706cd8b2,confirm_object_group;assign_object_type;review_motif_visibility;record_provenance;record_license,pending,
3,img_8dd60cd715905ae6,dataset_dev/05_kosiv_ceramics/k063.jpg,05_kosiv_ceramics,candidate_0a94b62b9b5622e8,confirm_object_group;assign_object_type;review_motif_visibility;record_provenance;record_license,pending,
3,img_bf0d88285b74f318,dataset_dev/05_kosiv_ceramics/k065.jpg,05_kosiv_ceramics,candidate_40c342562cf1f7c0,confirm_object_group;assign_object_type;review_motif_visibility;record_provenance;record_license,pending,
3,img_b801da16b6f9b3ff,dataset_dev/05_kosiv_ceramics/k066.jpg,05_kosiv_ceramics,candidate_65274cc10ce7a4f0,confirm_object_group;assign_object_type;review_motif_visibility;record_provenance;record_license,pending,
3,img_64a263961626438d,dataset_dev/05_kosiv_ceramics/k067.jpg,05_kosiv_ceramics,candidate_8f782c0821f0a17d,confirm_object_group;assign_object_type;review_motif_visibility;record_provenance;record_license,pending,
3,img_76e52093d5bb6492,dataset_dev/05_kosiv_ceramics/k069.jpg,05_kosiv_ceramics,candidate_d07fbcc0f447ba97,confirm_object_group;assign_object_type;review_motif_visibility;record_provenance;record_license,pending,
3,img_10d55a4ef345f5b5,dataset_dev/05_kosiv_ceramics/k070.jpg,05_kosiv_ceramics,candidate_4b4e1e5cb1340dad,confirm_object_group;assign_object_type;review_motif_visibility;record_provenance;record_license,pending,
3,img_0d573454cf0f5602,dataset_dev/05_kosiv_ceramics/k072.jpg,05_kosiv_ceramics,candidate_8bbbd1cbb3b790f8,confirm_object_group;assign_object_type;review_motif_visibility;record_provenance;record_license,pending,
3,img_34ac411e666adfa8,dataset_dev/05_kosiv_ceramics/k073.jpg,05_kosiv_ceramics,candidate_f71e1ddded9b06d1,confirm_object_group;assign_object_type;review_motif_visibility;record_provenance;record_license,pending,
3,img_dc26276174d5d58b,dataset_dev/05_kosiv_ceramics/k074.jpg,05_kosiv_ceramics,candidate_67180954aaffaa05,confirm_object_group;assign_object_type;review_motif_visibility;record_provenance;record_license,pending,
3,img_13716ffd3907124f,dataset_dev/05_kosiv_ceramics/k076.jpg,05_kosiv_ceramics,candidate_c07563b42173296d,confirm_object_group;assign_object_type;review_motif_visibility;record_provenance;record_license,pending,
3,img_4fcee56fe5b3df25,dataset_dev/05_kosiv_ceramics/k077.jpg,05_kosiv_ceramics,candidate_9ef6ba7fb7835251,confirm_object_group;assign_object_type;review_motif_visibility;record_provenance;record_license,pending,
3,img_4f7ab04eca46fb0e,dataset_dev/05_kosiv_ceramics/k078.jpg,05_kosiv_ceramics,candidate_66390c1b139a7d07,confirm_object_group;assign_object_type;review_motif_visibility;record_provenance;record_license,pending,
3,img_97b4f3eec2595cc6,dataset_dev/05_kosiv_ceramics/k079.jpg,05_kosiv_ceramics,candidate_c45cd2efe47091e2,confirm_object_group;assign_object_type;review_motif_visibility;record_provenance;record_license,pending,
3,img_bcdfed5a30346032,dataset_dev/05_kosiv_ceramics/k081.jpg,05_kosiv_ceramics,candidate_e65a630ec7e92b85,confirm_object_group;assign_object_type;review_motif_visibility;record_provenance;record_license,pending,
3,img_8f64497ed2ac66b1,dataset_dev/05_kosiv_ceramics/k082.jpg,05_kosiv_ceramics,candidate_4c07889f9e81eca8,confirm_object_group;assign_object_type;review_motif_visibility;record_provenance;record_license,pending,
3,img_c3d8db03fbdff2c8,dataset_dev/05_kosiv_ceramics/k084.jpg,05_kosiv_ceramics,candidate_f40b4fc767d16a3f,confirm_object_group;assign_object_type;review_motif_visibility;record_provenance;record_license,pending,
3,img_db0937e23c4251b5,dataset_dev/05_kosiv_ceramics/k085.jpg,05_kosiv_ceramics,candidate_3226ea19017730b0,confirm_object_group;assign_object_type;review_motif_visibility;record_provenance;record_license,pending,
3,img_3ebaec761a87f9c3,dataset_dev/05_kosiv_ceramics/k086.jpg,05_kosiv_ceramics,candidate_32a2158c643781d0,confirm_object_group;assign_object_type;review_motif_visibility;record_provenance;record_license,pending,
3,img_014efdd9052641f0,dataset_dev/05_kosiv_ceramics/k088.jpg,05_kosiv_ceramics,candidate_2ae53b997b2e8182,confirm_object_group;assign_object_type;review_motif_visibility;record_provenance;record_license,pending,
3,img_22ae978e6f6a2683,dataset_dev/05_kosiv_ceramics/k089.png,05_kosiv_ceramics,candidate_6ba7dda5145feef4,confirm_object_group;assign_object_type;review_motif_visibility;record_provenance;record_license,pending,
3,img_cc1f2de5d73e4197,dataset_dev/05_kosiv_ceramics/k090.png,05_kosiv_ceramics,candidate_25ae1a6c254f7d25,confirm_object_group;assign_object_type;review_motif_visibility;record_provenance;record_license,pending,
3,img_fc43a814cf287259,dataset_dev/05_kosiv_ceramics/k091.png,05_kosiv_ceramics,candidate_aaa82174e396e641,confirm_object_group;assign_object_type;review_motif_visibility;record_provenance;record_license,pending,
3,img_4e3bcfc77c226c11,dataset_dev/05_kosiv_ceramics/k097.jpg,05_kosiv_ceramics,candidate_0573b0aa42017318,confirm_object_group;assign_object_type;review_motif_visibility;record_provenance;record_license,pending,
3,img_48a2f48d83afa129,dataset_dev/05_kosiv_ceramics/k098.jpg,05_kosiv_ceramics,candidate_6f24035c39ee18ad,confirm_object_group;assign_object_type;review_motif_visibility;record_provenance;record_license,pending,
3,img_741a34a61772d185,dataset_dev/05_kosiv_ceramics/k100.jpg,05_kosiv_ceramics,candidate_4e0ad57942990523,confirm_object_group;assign_object_type;review_motif_visibility;record_provenance;record_license,pending,
3,img_294d3fb6f88c009d,dataset_dev/05_kosiv_ceramics/k102.jpg,05_kosiv_ceramics,candidate_6cc38eff8c5e9314,confirm_object_group;assign_object_type;review_motif_visibility;record_provenance;record_license,pending,
3,img_e75fa1156a79bd07,dataset_dev/05_kosiv_ceramics/k103.jpg,05_kosiv_ceramics,candidate_87ad4d8beb07d5fc,confirm_object_group;assign_object_type;review_motif_visibility;record_provenance;record_license,pending,
3,img_be4fd1192f54884e,dataset_dev/05_kosiv_ceramics/k105.jpg,05_kosiv_ceramics,candidate_a01a4e5036124b40,confirm_object_group;assign_object_type;review_motif_visibility;record_provenance;record_license,pending,
3,img_bb771794a10153ae,dataset_dev/05_kosiv_ceramics/k107.jpg,05_kosiv_ceramics,candidate_bc030a6ee019ed75,confirm_object_group;assign_object_type;review_motif_visibility;record_provenance;record_license,pending,
3,img_0244da99143c60bb,dataset_dev/05_kosiv_ceramics/k108.jpg,05_kosiv_ceramics,candidate_dd608aa4d0a6e69f,confirm_object_group;assign_object_type;review_motif_visibility;record_provenance;record_license,pending,
3,img_0641acb2063ab1be,dataset_dev/05_kosiv_ceramics/k109.jpg,05_kosiv_ceramics,candidate_24ccb5c2206c288b,confirm_object_group;assign_object_type;review_motif_visibility;record_provenance;record_license,pending,
3,img_b80d25f3a9995232,dataset_dev/05_kosiv_ceramics/k110.jpg,05_kosiv_ceramics,candidate_7df76eeec98711c6,confirm_object_group;assign_object_type;review_motif_visibility;record_provenance;record_license,pending,
3,img_90fdcf6bf065b1a9,dataset_dev/05_kosiv_ceramics/k111.jpg,05_kosiv_ceramics,candidate_4908bc8720b80ecc,confirm_object_group;assign_object_type;review_motif_visibility;record_provenance;record_license,pending,
3,img_d844d38726fe3ce8,dataset_dev/05_kosiv_ceramics/k112.jpg,05_kosiv_ceramics,candidate_57572e5974ed8cc2,confirm_object_group;assign_object_type;review_motif_visibility;record_provenance;record_license,pending,
3,img_71ff3b366d86745e,dataset_dev/05_kosiv_ceramics/k113.jpg,05_kosiv_ceramics,candidate_7225c8fb19f204b7,confirm_object_group;assign_object_type;review_motif_visibility;record_provenance;record_license,pending,
3,img_e3811d29abaee48f,dataset_dev/05_kosiv_ceramics/k114.jpg,05_kosiv_ceramics,candidate_a5e8d3859c6bc676,confirm_object_group;assign_object_type;review_motif_visibility;record_provenance;record_license,pending,
3,img_91e58782100da155,dataset_dev/05_kosiv_ceramics/k115.jpg,05_kosiv_ceramics,candidate_27d438a977ea1d57,confirm_object_group;assign_object_type;review_motif_visibility;record_provenance;record_license,pending,
3,img_b9293afbb5ef460e,dataset_dev/05_kosiv_ceramics/k116.jpg,05_kosiv_ceramics,candidate_4fdc5a82eb81a10a,confirm_object_group;assign_object_type;review_motif_visibility;record_provenance;record_license,pending,
3,img_4f08057950ffd1b7,dataset_dev/05_kosiv_ceramics/k117.jpg,05_kosiv_ceramics,candidate_e433b4d655b623a0,confirm_object_group;assign_object_type;review_motif_visibility;record_provenance;record_license,pending,
3,img_1e90aaa3887ab748,dataset_dev/05_kosiv_ceramics/k122.jpg,05_kosiv_ceramics,candidate_f2360d00e52914f2,confirm_object_group;assign_object_type;review_motif_visibility;record_provenance;record_license,pending,
3,img_74c91a247a26e86d,dataset_dev/05_kosiv_ceramics/k129.jpg,05_kosiv_ceramics,candidate_b8d6c59d5a2fa9fe,confirm_object_group;assign_object_type;review_motif_visibility;record_provenance;record_license,pending,
3,img_4fe6086408d177b4,dataset_dev/05_kosiv_ceramics/k130.jpg,05_kosiv_ceramics,candidate_22e345938e48fc7b,confirm_object_group;assign_object_type;review_motif_visibility;record_provenance;record_license,pending,
3,img_2853369d6000739a,dataset_dev/05_kosiv_ceramics/k131.jpg,05_kosiv_ceramics,candidate_9403e63b50b694c3,confirm_object_group;assign_object_type;review_motif_visibility;record_provenance;record_license,pending,
3,img_42dec41bb3317e37,dataset_dev/05_kosiv_ceramics/k142.jpg,05_kosiv_ceramics,candidate_827498710af31015,confirm_object_group;assign_object_type;review_motif_visibility;record_provenance;record_license,pending,
3,img_3a2e716dba0ac3ae,dataset_dev/05_kosiv_ceramics/k149.jpg,05_kosiv_ceramics,candidate_8213a829b33e493a,confirm_object_group;assign_object_type;review_motif_visibility;record_provenance;record_license,pending,
3,img_eb8b8171b06e7991,dataset_dev/05_kosiv_ceramics/k158.jpg,05_kosiv_ceramics,candidate_64ba7b668c540311,confirm_object_group;assign_object_type;review_motif_visibility;record_provenance;record_license,pending,
3,img_86185bda3778c7a5,dataset_dev/05_kosiv_ceramics/k165.jpg,05_kosiv_ceramics,candidate_a7f348fdb741f067,confirm_object_group;assign_object_type;review_motif_visibility;record_provenance;record_license,pending,
3,img_d186c5b4e3d5f8a1,dataset_dev/05_kosiv_ceramics/k170.jpg,05_kosiv_ceramics,candidate_f80ec1cb77f4c656,confirm_object_group;assign_object_type;review_motif_visibility;record_provenance;record_license,pending,
3,img_7856824919164370,dataset_dev/05_kosiv_ceramics/k171.jpg,05_kosiv_ceramics,candidate_d9eb7ff71d860b81,confirm_object_group;assign_object_type;review_motif_visibility;record_provenance;record_license,pending,
3,img_cf878b0e509dea78,dataset_dev/05_kosiv_ceramics/k176.jpg,05_kosiv_ceramics,candidate_9eb431da18276296,confirm_object_group;assign_object_type;review_motif_visibility;record_provenance;record_license,pending,
3,img_6b50317e8ce4f75a,dataset_dev/05_kosiv_ceramics/k177.jpg,05_kosiv_ceramics,candidate_90d9e4eb26b6c3c3,confirm_object_group;assign_object_type;review_motif_visibility;record_provenance;record_license,pending,
3,img_da4fdd82af7784ac,dataset_dev/05_kosiv_ceramics/k180.jpg,05_kosiv_ceramics,candidate_8ac0878b9efc472a,confirm_object_group;assign_object_type;review_motif_visibility;record_provenance;record_license,pending,
3,img_a418648f2c5e4d1b,dataset_dev/05_kosiv_ceramics/k187.jpg,05_kosiv_ceramics,candidate_d2b9843953a34d12,confirm_object_group;assign_object_type;review_motif_visibility;record_provenance;record_license,pending,
3,img_b73aedff8069b9d5,dataset_dev/05_kosiv_ceramics/k189.jpg,05_kosiv_ceramics,candidate_ad46101840647ebf,confirm_object_group;assign_object_type;review_motif_visibility;record_provenance;record_license,pending,
3,img_6a4ff3216ea6a4e7,dataset_dev/05_kosiv_ceramics/k190.jpg,05_kosiv_ceramics,candidate_c1c398c5f902b74a,confirm_object_group;assign_object_type;review_motif_visibility;record_provenance;record_license,pending,
3,img_15270ac7cdf1890e,dataset_dev/05_kosiv_ceramics/k191.jpg,05_kosiv_ceramics,candidate_49fb2081387f455a,confirm_object_group;assign_object_type;review_motif_visibility;record_provenance;record_license,pending,
3,img_a431e7a829f5b2ff,dataset_dev/05_kosiv_ceramics/k195.jpg,05_kosiv_ceramics,candidate_ff5e63d1d7d1b431,confirm_object_group;assign_object_type;review_motif_visibility;record_provenance;record_license,pending,
3,img_a7fa4c0ba64e19b3,dataset_dev/05_kosiv_ceramics/k197.jpg,05_kosiv_ceramics,candidate_cbd01c33e462ef33,confirm_object_group;assign_object_type;review_motif_visibility;record_provenance;record_license,pending,
3,img_44edc2fb53ced032,dataset_dev/05_kosiv_ceramics/k198.jpg,05_kosiv_ceramics,candidate_364ea4c41221c8c3,confirm_object_group;assign_object_type;review_motif_visibility;record_provenance;record_license,pending,
3,img_8b4d52277a4f6784,dataset_dev/05_kosiv_ceramics/k202.jpg,05_kosiv_ceramics,candidate_ac9fdc8e5207722a,confirm_object_group;assign_object_type;review_motif_visibility;record_provenance;record_license,pending,
3,img_d91e2808078cb270,dataset_dev/05_kosiv_ceramics/k203.jpg,05_kosiv_ceramics,candidate_a76fe31553ad2b0c,confirm_object_group;assign_object_type;review_motif_visibility;record_provenance;record_license,pending,
3,img_6a787c43754347fd,dataset_dev/05_kosiv_ceramics/k205.jpg,05_kosiv_ceramics,candidate_b28c1480f047c2c5,confirm_object_group;assign_object_type;review_motif_visibility;record_provenance;record_license,pending,
3,img_0afcd1fec3a5538a,dataset_dev/05_kosiv_ceramics/k206.jpg,05_kosiv_ceramics,candidate_f4d08985f0e2cc6b,confirm_object_group;assign_object_type;review_motif_visibility;record_provenance;record_license,pending,
3,img_d49437ee72e9b67c,dataset_dev/05_kosiv_ceramics/k207.jpg,05_kosiv_ceramics,candidate_fc5d71118dafe499,confirm_object_group;assign_object_type;review_motif_visibility;record_provenance;record_license,pending,
3,img_0bf4f8a6950fff03,dataset_dev/05_kosiv_ceramics/k212.jpg,05_kosiv_ceramics,candidate_e113db5b024d176c,confirm_object_group;assign_object_type;review_motif_visibility;record_provenance;record_license,pending,
3,img_dc9024342557ab45,dataset_dev/05_kosiv_ceramics/k214.jpg,05_kosiv_ceramics,candidate_4d2d053b409e8b29,confirm_object_group;assign_object_type;review_motif_visibility;record_provenance;record_license,pending,
3,img_606ca58fdaa0ab3d,dataset_dev/05_kosiv_ceramics/k215.jpg,05_kosiv_ceramics,candidate_f2d383cafc5b5651,confirm_object_group;assign_object_type;review_motif_visibility;record_provenance;record_license,pending,
3,img_1f57bf54655f2a1e,dataset_dev/05_kosiv_ceramics/k217.jpg,05_kosiv_ceramics,candidate_62fcba5d29d5f896,confirm_object_group;assign_object_type;review_motif_visibility;record_provenance;record_license,pending,
3,img_5c7b162384be51cd,dataset_dev/05_kosiv_ceramics/k219.jpg,05_kosiv_ceramics,candidate_b26912d4327cf5dd,confirm_object_group;assign_object_type;review_motif_visibility;record_provenance;record_license,pending,
3,img_8937a240a4b03368,dataset_dev/05_kosiv_ceramics/k221.jpg,05_kosiv_ceramics,candidate_0f629da9ed13f0d1,confirm_object_group;assign_object_type;review_motif_visibility;record_provenance;record_license,pending,
3,img_5bc033de55b6eeea,dataset_dev/05_kosiv_ceramics/k222.jpg,05_kosiv_ceramics,candidate_33098cdb65bc14ea,confirm_object_group;assign_object_type;review_motif_visibility;record_provenance;record_license,pending,
3,img_7457902db88a9b35,dataset_dev/05_kosiv_ceramics/k223.jpg,05_kosiv_ceramics,candidate_b8ae16b65dd1c2f1,confirm_object_group;assign_object_type;review_motif_visibility;record_provenance;record_license,pending,
3,img_dc0d6d38453e97d7,dataset_dev/05_kosiv_ceramics/k224.jpg,05_kosiv_ceramics,candidate_0943ca2e84927aca,confirm_object_group;assign_object_type;review_motif_visibility;record_provenance;record_license,pending,
3,img_b066df9a9c17ee0a,dataset_dev/05_kosiv_ceramics/k225.jpg,05_kosiv_ceramics,candidate_8451b4c304630a00,confirm_object_group;assign_object_type;review_motif_visibility;record_provenance;record_license,pending,
3,img_5b5d0065a3f3f5a0,dataset_dev/05_kosiv_ceramics/k228.jpg,05_kosiv_ceramics,candidate_70774cc984614167,confirm_object_group;assign_object_type;review_motif_visibility;record_provenance;record_license,pending,
3,img_1008a3d9ba9d6f25,dataset_dev/05_kosiv_ceramics/k229.jpg,05_kosiv_ceramics,candidate_c4a6c7b27f5b88cc,confirm_object_group;assign_object_type;review_motif_visibility;record_provenance;record_license,pending,
3,img_f9936e631b5bf44e,dataset_dev/05_kosiv_ceramics/k230.jpg,05_kosiv_ceramics,candidate_39415f243c80a0e5,confirm_object_group;assign_object_type;review_motif_visibility;record_provenance;record_license,pending,
3,img_7b628da131174a9e,dataset_dev/05_kosiv_ceramics/k231.jpg,05_kosiv_ceramics,candidate_faab9aa866a98592,confirm_object_group;assign_object_type;review_motif_visibility;record_provenance;record_license,pending,
3,img_c4cf869ffabebb42,dataset_dev/05_kosiv_ceramics/k232.jpg,05_kosiv_ceramics,candidate_ed88add4e25a1e48,confirm_object_group;assign_object_type;review_motif_visibility;record_provenance;record_license,pending,
3,img_2c53f34dd94cbe3f,dataset_dev/05_kosiv_ceramics/k233.jpg,05_kosiv_ceramics,candidate_8f5fc38669688199,confirm_object_group;assign_object_type;review_motif_visibility;record_provenance;record_license,pending,
3,img_1f749a38353f380c,dataset_dev/05_kosiv_ceramics/k236.jpg,05_kosiv_ceramics,candidate_edc29989b97431fb,confirm_object_group;assign_object_type;review_motif_visibility;record_provenance;record_license,pending,
3,img_26f956c1716c8b44,dataset_dev/05_kosiv_ceramics/k237.jpg,05_kosiv_ceramics,candidate_de734f499302255b,confirm_object_group;assign_object_type;review_motif_visibility;record_provenance;record_license,pending,
3,img_668aa36c79d85d89,dataset_dev/05_kosiv_ceramics/k238.jpg,05_kosiv_ceramics,candidate_3298afec9bca7b0d,confirm_object_group;assign_object_type;review_motif_visibility;record_provenance;record_license,pending,
3,img_78feab9317cea470,dataset_dev/05_kosiv_ceramics/k240.jpg,05_kosiv_ceramics,candidate_250ee9b4fbd519df,confirm_object_group;assign_object_type;review_motif_visibility;record_provenance;record_license,pending,
3,img_dadad62fe6e0ee96,dataset_dev/05_kosiv_ceramics/k241.jpg,05_kosiv_ceramics,candidate_f6900ab42940dd7b,confirm_object_group;assign_object_type;review_motif_visibility;record_provenance;record_license,pending,
3,img_c3f1abcc33f8720c,dataset_dev/05_kosiv_ceramics/k243.jpg,05_kosiv_ceramics,candidate_ada869bfd5db6d85,confirm_object_group;assign_object_type;review_motif_visibility;record_provenance;record_license,pending,
3,img_f189802edd349754,dataset_dev/05_kosiv_ceramics/k244.jpg,05_kosiv_ceramics,candidate_65b36451c781a6bf,confirm_object_group;assign_object_type;review_motif_visibility;record_provenance;record_license,pending,
3,img_02ac6c4e11d08064,dataset_dev/05_kosiv_ceramics/k245.jpg,05_kosiv_ceramics,candidate_220f54b3188fd02f,confirm_object_group;assign_object_type;review_motif_visibility;record_provenance;record_license,pending,
3,img_d5edf9ccf62f1742,dataset_dev/05_kosiv_ceramics/k246.jpg,05_kosiv_ceramics,candidate_ff2a8321b8662a29,confirm_object_group;assign_object_type;review_motif_visibility;record_provenance;record_license,pending,
3,img_db8efc68c3dc3cf0,dataset_dev/05_kosiv_ceramics/k247.jpg,05_kosiv_ceramics,candidate_02771081c78ca98d,confirm_object_group;assign_object_type;review_motif_visibility;record_provenance;record_license,pending,
3,img_9c48805942346051,dataset_dev/05_kosiv_ceramics/k249.jpg,05_kosiv_ceramics,candidate_5dcf68b8477ece07,confirm_object_group;assign_object_type;review_motif_visibility;record_provenance;record_license,pending,
3,img_15d419d94956b417,dataset_dev/05_kosiv_ceramics/k250.jpg,05_kosiv_ceramics,candidate_0c5395bb190a62eb,confirm_object_group;assign_object_type;review_motif_visibility;record_provenance;record_license,pending,
3,img_ec3bd868e9f56114,dataset_dev/05_kosiv_ceramics/k252.jpg,05_kosiv_ceramics,candidate_affcc7f6310927ef,confirm_object_group;assign_object_type;review_motif_visibility;record_provenance;record_license,pending,
3,img_5d05cf65895524eb,dataset_dev/05_kosiv_ceramics/k253.jpg,05_kosiv_ceramics,candidate_b79f453e026893d4,confirm_object_group;assign_object_type;review_motif_visibility;record_provenance;record_license,pending,
3,img_af5e4874eb5e3817,dataset_dev/05_kosiv_ceramics/k254.jpg,05_kosiv_ceramics,candidate_02d50e3b82ca9b98,confirm_object_group;assign_object_type;review_motif_visibility;record_provenance;record_license,pending,
3,img_c4844df4470f86d6,dataset_dev/05_kosiv_ceramics/k255.jpg,05_kosiv_ceramics,candidate_833c2215ae516d56,confirm_object_group;assign_object_type;review_motif_visibility;record_provenance;record_license,pending,
3,img_fef5d1b52736814f,dataset_dev/05_kosiv_ceramics/k256.jpg,05_kosiv_ceramics,candidate_a78ffc642f41c783,confirm_object_group;assign_object_type;review_motif_visibility;record_provenance;record_license,pending,
3,img_4c2a1c06f92c1913,dataset_dev/05_kosiv_ceramics/k258.jpg,05_kosiv_ceramics,candidate_8c77f93154a85c05,confirm_object_group;assign_object_type;review_motif_visibility;record_provenance;record_license,pending,
3,img_1d9538a873f6dd8f,dataset_dev/05_kosiv_ceramics/k259.jpg,05_kosiv_ceramics,candidate_5859fa617c663b49,confirm_object_group;assign_object_type;review_motif_visibility;record_provenance;record_license,pending,
3,img_27c5e7fca0c7a59a,dataset_dev/05_kosiv_ceramics/k260.jpg,05_kosiv_ceramics,candidate_a8ca0378779f1fdf,confirm_object_group;assign_object_type;review_motif_visibility;record_provenance;record_license,pending,
3,img_8c62747ccd0c0e63,dataset_dev/05_kosiv_ceramics/k261.jpg,05_kosiv_ceramics,candidate_79e0db6766a3eb2b,confirm_object_group;assign_object_type;review_motif_visibility;record_provenance;record_license,pending,
3,img_e0b4cb352ba67882,dataset_dev/05_kosiv_ceramics/k262.jpg,05_kosiv_ceramics,candidate_07c72efb96d1abb4,confirm_object_group;assign_object_type;review_motif_visibility;record_provenance;record_license,pending,
3,img_6acdb026c125cf27,dataset_dev/05_kosiv_ceramics/k263.jpg,05_kosiv_ceramics,candidate_4fe02bcff114d1b4,confirm_object_group;assign_object_type;review_motif_visibility;record_provenance;record_license,pending,
3,img_fb72c2e1309d8a91,dataset_dev/05_kosiv_ceramics/k264.jpg,05_kosiv_ceramics,candidate_b046aa2f6e42ead6,confirm_object_group;assign_object_type;review_motif_visibility;record_provenance;record_license,pending,
3,img_1384cf7d9abca7ab,dataset_dev/05_kosiv_ceramics/k268.jpg,05_kosiv_ceramics,candidate_5eb392634d5d34b9,confirm_object_group;assign_object_type;review_motif_visibility;record_provenance;record_license,pending,
3,img_42212af9b25cba1f,dataset_dev/05_kosiv_ceramics/k269.jpg,05_kosiv_ceramics,candidate_535d54e9108504f3,confirm_object_group;assign_object_type;review_motif_visibility;record_provenance;record_license,pending,
3,img_2d495cb1f213684b,dataset_dev/05_kosiv_ceramics/k270.jpg,05_kosiv_ceramics,candidate_cb114101ea617742,confirm_object_group;assign_object_type;review_motif_visibility;record_provenance;record_license,pending,
3,img_4f1e5d684d9e7cdd,dataset_dev/05_kosiv_ceramics/k273.jpg,05_kosiv_ceramics,candidate_daf05648f3603ac4,confirm_object_group;assign_object_type;review_motif_visibility;record_provenance;record_license,pending,
3,img_502c4e1635f141bc,dataset_dev/05_kosiv_ceramics/k274.jpg,05_kosiv_ceramics,candidate_ea9d9afaf3121abd,confirm_object_group;assign_object_type;review_motif_visibility;record_provenance;record_license,pending,
3,img_7f86d7deee44bbcb,dataset_dev/05_kosiv_ceramics/k275.jpg,05_kosiv_ceramics,candidate_ce70c1fb18cf2a9a,confirm_object_group;assign_object_type;review_motif_visibility;record_provenance;record_license,pending,
3,img_e71d1bf708b2d758,dataset_dev/05_kosiv_ceramics/k286.jpg,05_kosiv_ceramics,candidate_f15244abae2b4e0d,confirm_object_group;assign_object_type;review_motif_visibility;record_provenance;record_license,pending,
3,img_3dfcaa2711ede055,dataset_dev/05_kosiv_ceramics/k290.jpg,05_kosiv_ceramics,candidate_d13b368940abfa10,confirm_object_group;assign_object_type;review_motif_visibility;record_provenance;record_license,pending,
3,img_6912368ebd993bc7,dataset_dev/05_kosiv_ceramics/k291.png,05_kosiv_ceramics,candidate_c6ed5e5b77356722,confirm_object_group;assign_object_type;review_motif_visibility;record_provenance;record_license,pending,
3,img_cea0df8455934a11,dataset_dev/05_kosiv_ceramics/k292.png,05_kosiv_ceramics,candidate_ca25b0fbe04e517b,confirm_object_group;assign_object_type;review_motif_visibility;record_provenance;record_license,pending,
3,img_781393bf7e36572f,dataset_dev/05_kosiv_ceramics/k295.jpg,05_kosiv_ceramics,candidate_bba3c0f320f38c7b,confirm_object_group;assign_object_type;review_motif_visibility;record_provenance;record_license,pending,
3,img_af5700c9217cfb08,dataset_dev/05_kosiv_ceramics/k296.jpg,05_kosiv_ceramics,candidate_cba14096cc773ee2,confirm_object_group;assign_object_type;review_motif_visibility;record_provenance;record_license,pending,
3,img_d9e288438aab63ab,dataset_dev/05_kosiv_ceramics/k298.jpg,05_kosiv_ceramics,candidate_a4b32a5a7d1d8b86,confirm_object_group;assign_object_type;review_motif_visibility;record_provenance;record_license,pending,
3,img_dc539dd59ad47e1b,dataset_dev/05_kosiv_ceramics/k299.jpg,05_kosiv_ceramics,candidate_e6294a97a5e63b1c,confirm_object_group;assign_object_type;review_motif_visibility;record_provenance;record_license,pending,
3,img_579c8a9db7382be9,dataset_dev/05_kosiv_ceramics/k301.jpg,05_kosiv_ceramics,candidate_ef10f92468c0eafb,confirm_object_group;assign_object_type;review_motif_visibility;record_provenance;record_license,pending,
3,img_5fe0f1020d1444ac,dataset_dev/05_kosiv_ceramics/k302.jpg,05_kosiv_ceramics,candidate_98c5f74dfe04b05a,confirm_object_group;assign_object_type;review_motif_visibility;record_provenance;record_license,pending,
3,img_cb9d4b5389eabb81,dataset_dev/05_kosiv_ceramics/k303.jpg,05_kosiv_ceramics,candidate_3fa69565bebaad2d,confirm_object_group;assign_object_type;review_motif_visibility;record_provenance;record_license,pending,
3,img_22279edee2597813,dataset_dev/05_kosiv_ceramics/k305.jpg,05_kosiv_ceramics,candidate_846742960c80b465,confirm_object_group;assign_object_type;review_motif_visibility;record_provenance;record_license,pending,
3,img_51095312f9abcda1,dataset_dev/05_kosiv_ceramics/k306.jpg,05_kosiv_ceramics,candidate_ca887aaa54019dc0,confirm_object_group;assign_object_type;review_motif_visibility;record_provenance;record_license,pending,
3,img_9312bb6c9a4b2ce3,dataset_dev/05_kosiv_ceramics/k307.jpg,05_kosiv_ceramics,candidate_79ba989a01e11a96,confirm_object_group;assign_object_type;review_motif_visibility;record_provenance;record_license,pending,
3,img_f39a910c0fcd90e1,dataset_dev/05_kosiv_ceramics/k308.jpg,05_kosiv_ceramics,candidate_6bc09cf36294706e,confirm_object_group;assign_object_type;review_motif_visibility;record_provenance;record_license,pending,
3,img_ca01e6152b1b4c30,dataset_dev/05_kosiv_ceramics/k309.jpg,05_kosiv_ceramics,candidate_184d26da867d03f7,confirm_object_group;assign_object_type;review_motif_visibility;record_provenance;record_license,pending,
3,img_00d692746dabf607,dataset_dev/05_kosiv_ceramics/k311.jpg,05_kosiv_ceramics,candidate_28ce664379941f90,confirm_object_group;assign_object_type;review_motif_visibility;record_provenance;record_license,pending,
3,img_4a2f6b05f6d235f6,dataset_dev/05_kosiv_ceramics/k317.jpg,05_kosiv_ceramics,candidate_3aaf0ea549f6e802,confirm_object_group;assign_object_type;review_motif_visibility;record_provenance;record_license,pending,
3,img_fb3fa70803128156,dataset_dev/05_kosiv_ceramics/k318.jpg,05_kosiv_ceramics,candidate_c60e6c9392002264,confirm_object_group;assign_object_type;review_motif_visibility;record_provenance;record_license,pending,
3,img_a6dac0f3142eb559,dataset_dev/05_kosiv_ceramics/k319.jpg,05_kosiv_ceramics,candidate_9011b066c27bfda9,confirm_object_group;assign_object_type;review_motif_visibility;record_provenance;record_license,pending,
3,img_3373bcc06c400630,dataset_dev/05_kosiv_ceramics/k320.jpg,05_kosiv_ceramics,candidate_db724a70cf61c1bd,confirm_object_group;assign_object_type;review_motif_visibility;record_provenance;record_license,pending,
3,img_5b7303bca41ad0a4,dataset_dev/05_kosiv_ceramics/k321.jpg,05_kosiv_ceramics,candidate_0d489f26ab7a1e0a,confirm_object_group;assign_object_type;review_motif_visibility;record_provenance;record_license,pending,
3,img_a2d515bfed5d2f01,dataset_dev/05_kosiv_ceramics/k322.jpg,05_kosiv_ceramics,candidate_a6ebdc513c22b41c,confirm_object_group;assign_object_type;review_motif_visibility;record_provenance;record_license,pending,
3,img_c12d141e5485f800,dataset_dev/05_kosiv_ceramics/k323.jpg,05_kosiv_ceramics,candidate_06caa5704698ef95,confirm_object_group;assign_object_type;review_motif_visibility;record_provenance;record_license,pending,
3,img_15efd77de90f2732,dataset_dev/05_kosiv_ceramics/k324.jpg,05_kosiv_ceramics,candidate_59fc93cba4043d20,confirm_object_group;assign_object_type;review_motif_visibility;record_provenance;record_license,pending,
3,img_18e9da9232e95c91,dataset_dev/05_kosiv_ceramics/k325.jpg,05_kosiv_ceramics,candidate_9be259e9b7b56063,confirm_object_group;assign_object_type;review_motif_visibility;record_provenance;record_license,pending,
3,img_a10839705ffd64e9,dataset_dev/05_kosiv_ceramics/k326.jpg,05_kosiv_ceramics,candidate_43565940550b21da,confirm_object_group;assign_object_type;review_motif_visibility;record_provenance;record_license,pending,
3,img_921cab19ed105147,dataset_dev/05_kosiv_ceramics/k327.jpg,05_kosiv_ceramics,candidate_6f4f3862a6566aa8,confirm_object_group;assign_object_type;review_motif_visibility;record_provenance;record_license,pending,
3,img_c210ae77ea963969,dataset_dev/05_kosiv_ceramics/k328.jpg,05_kosiv_ceramics,candidate_31ec7f2d33bc2014,confirm_object_group;assign_object_type;review_motif_visibility;record_provenance;record_license,pending,
3,img_8f34e2a754b3e26d,dataset_dev/05_kosiv_ceramics/k330.jpg,05_kosiv_ceramics,candidate_20aa9c7086e19982,confirm_object_group;assign_object_type;review_motif_visibility;record_provenance;record_license,pending,
3,img_0be10f50431fb9ac,dataset_dev/05_kosiv_ceramics/k331.jpg,05_kosiv_ceramics,candidate_3110e7f50352fed2,confirm_object_group;assign_object_type;review_motif_visibility;record_provenance;record_license,pending,
3,img_a6d6c6d6bbec743d,dataset_dev/05_kosiv_ceramics/k332.jpg,05_kosiv_ceramics,candidate_5c4d08dc8cf5a370,confirm_object_group;assign_object_type;review_motif_visibility;record_provenance;record_license,pending,
3,img_01a5cbc2b8962f3f,dataset_dev/05_kosiv_ceramics/k333.jpg,05_kosiv_ceramics,candidate_597b653f0755d4db,confirm_object_group;assign_object_type;review_motif_visibility;record_provenance;record_license,pending,
3,img_de21505ba41a5488,dataset_dev/05_kosiv_ceramics/k335.jpg,05_kosiv_ceramics,candidate_c7f5be5f313e82e4,confirm_object_group;assign_object_type;review_motif_visibility;record_provenance;record_license,pending,
3,img_421ad8aaddaa695f,dataset_dev/05_kosiv_ceramics/k336.jpg,05_kosiv_ceramics,candidate_4b1f95fde5029cc7,confirm_object_group;assign_object_type;review_motif_visibility;record_provenance;record_license,pending,
3,img_fbbdc1cea19664d0,dataset_dev/05_kosiv_ceramics/k338.jpg,05_kosiv_ceramics,candidate_f6ec0a16fcfe8a70,confirm_object_group;assign_object_type;review_motif_visibility;record_provenance;record_license,pending,
3,img_bf69f51456873da4,dataset_dev/05_kosiv_ceramics/k340.jpg,05_kosiv_ceramics,candidate_ed6db4695bb087cf,confirm_object_group;assign_object_type;review_motif_visibility;record_provenance;record_license,pending,
3,img_f6af8ddd164fe54e,dataset_dev/05_kosiv_ceramics/k342.jpg,05_kosiv_ceramics,candidate_d7b2858b3ff96ff0,confirm_object_group;assign_object_type;review_motif_visibility;record_provenance;record_license,pending,
3,img_81e4ef6ec5339de5,dataset_dev/05_kosiv_ceramics/k343.jpg,05_kosiv_ceramics,candidate_8b6c00fa6bded984,confirm_object_group;assign_object_type;review_motif_visibility;record_provenance;record_license,pending,
3,img_24b9801c86d566a1,dataset_dev/05_kosiv_ceramics/k344.jpg,05_kosiv_ceramics,candidate_d61157db1fbd6044,confirm_object_group;assign_object_type;review_motif_visibility;record_provenance;record_license,pending,
3,img_fb1e1cd2b047e251,dataset_dev/05_kosiv_ceramics/k345.jpg,05_kosiv_ceramics,candidate_ecefa0b17b87ae8f,confirm_object_group;assign_object_type;review_motif_visibility;record_provenance;record_license,pending,
3,img_217bcdfb3dca7589,dataset_dev/05_kosiv_ceramics/k346.jpg,05_kosiv_ceramics,candidate_2fdf5541c44660ed,confirm_object_group;assign_object_type;review_motif_visibility;record_provenance;record_license,pending,
3,img_f8eb5d4616be79f0,dataset_dev/05_kosiv_ceramics/k348.jpg,05_kosiv_ceramics,candidate_75dbd53c98894b89,confirm_object_group;assign_object_type;review_motif_visibility;record_provenance;record_license,pending,
3,img_5bcbd48076d05a46,dataset_dev/05_kosiv_ceramics/k349.jpg,05_kosiv_ceramics,candidate_afb21fe4c00a356e,confirm_object_group;assign_object_type;review_motif_visibility;record_provenance;record_license,pending,
3,img_87728b397f2091f6,dataset_dev/05_kosiv_ceramics/k351.jpg,05_kosiv_ceramics,candidate_2120a1b1aa0a5303,confirm_object_group;assign_object_type;review_motif_visibility;record_provenance;record_license,pending,
3,img_5d977d2ec0fa2a1c,dataset_dev/05_kosiv_ceramics/k353.jpg,05_kosiv_ceramics,candidate_6a392126bc430236,confirm_object_group;assign_object_type;review_motif_visibility;record_provenance;record_license,pending,
3,img_e06c9dcb9bfdf427,dataset_dev/05_kosiv_ceramics/k354.jpg,05_kosiv_ceramics,candidate_cc32fd8c85945a37,confirm_object_group;assign_object_type;review_motif_visibility;record_provenance;record_license,pending,
3,img_a07ac3c295ebf731,dataset_dev/05_kosiv_ceramics/k355.jpg,05_kosiv_ceramics,candidate_7a5993dca6a2260b,confirm_object_group;assign_object_type;review_motif_visibility;record_provenance;record_license,pending,
3,img_27e5a8e5c679e3e8,dataset_dev/05_kosiv_ceramics/k356.jpg,05_kosiv_ceramics,candidate_8a8d20f0270c41ed,confirm_object_group;assign_object_type;review_motif_visibility;record_provenance;record_license,pending,
3,img_21ff0f29585babf5,dataset_test/01_opishnyan_ceramics/o001.jpg,01_opishnyan_ceramics,candidate_eab4d0d673e943d9,confirm_object_group;assign_object_type;review_motif_visibility;record_provenance;record_license,pending,
3,img_b194906e5553d865,dataset_test/01_opishnyan_ceramics/o006.jpg,01_opishnyan_ceramics,candidate_2ff4259299fe2716,confirm_object_group;assign_object_type;review_motif_visibility;record_provenance;record_license,pending,
3,img_8097ff93146195e5,dataset_test/01_opishnyan_ceramics/o008.jpg,01_opishnyan_ceramics,candidate_37843b29456c5d59,confirm_object_group;assign_object_type;review_motif_visibility;record_provenance;record_license,pending,
3,img_39eeca8a728d4814,dataset_test/01_opishnyan_ceramics/o010.jpg,01_opishnyan_ceramics,candidate_b8d94bee2e71e808,confirm_object_group;assign_object_type;review_motif_visibility;record_provenance;record_license,pending,
3,img_f49396d56860c201,dataset_test/01_opishnyan_ceramics/o012.jpg,01_opishnyan_ceramics,candidate_3f6c30b3a99b5c35,confirm_object_group;assign_object_type;review_motif_visibility;record_provenance;record_license,pending,
3,img_b174bc3eda954028,dataset_test/01_opishnyan_ceramics/o014.jpg,01_opishnyan_ceramics,candidate_a1edf2869bd250d2,confirm_object_group;assign_object_type;review_motif_visibility;record_provenance;record_license,pending,
3,img_792cbe90a9f0bdb5,dataset_test/01_opishnyan_ceramics/o017.jpg,01_opishnyan_ceramics,candidate_5f85658dedd3dc0b,confirm_object_group;assign_object_type;review_motif_visibility;record_provenance;record_license,pending,
3,img_2ab610f0acbe2fd6,dataset_test/01_opishnyan_ceramics/o018.jpg,01_opishnyan_ceramics,candidate_2dc19dbec610aca9,confirm_object_group;assign_object_type;review_motif_visibility;record_provenance;record_license,pending,
3,img_668d6244433e46d7,dataset_test/01_opishnyan_ceramics/o034.jpg,01_opishnyan_ceramics,candidate_5e41cb5af213299c,confirm_object_group;assign_object_type;review_motif_visibility;record_provenance;record_license,pending,
3,img_1e72ba18700aa43e,dataset_test/01_opishnyan_ceramics/o037.jpg,01_opishnyan_ceramics,candidate_c1e614701131727a,confirm_object_group;assign_object_type;review_motif_visibility;record_provenance;record_license,pending,
3,img_899142f228995693,dataset_test/01_opishnyan_ceramics/o038.jpg,01_opishnyan_ceramics,candidate_9ed8d0301c0eb878,confirm_object_group;assign_object_type;review_motif_visibility;record_provenance;record_license,pending,
3,img_511cec09436c66f5,dataset_test/01_opishnyan_ceramics/o044.jpg,01_opishnyan_ceramics,candidate_1d6020974cf70190,confirm_object_group;assign_object_type;review_motif_visibility;record_provenance;record_license,pending,
3,img_41110a65ef6c741d,dataset_test/01_opishnyan_ceramics/o045.jpg,01_opishnyan_ceramics,candidate_aebd047df3a0d265,confirm_object_group;assign_object_type;review_motif_visibility;record_provenance;record_license,pending,
3,img_ce027ea7b1538e9b,dataset_test/01_opishnyan_ceramics/o046.jpg,01_opishnyan_ceramics,candidate_6243a95516ab9894,confirm_object_group;assign_object_type;review_motif_visibility;record_provenance;record_license,pending,
3,img_87a3069c4aa7daf2,dataset_test/01_opishnyan_ceramics/o048.jpg,01_opishnyan_ceramics,candidate_57950dc36fbf4ceb,confirm_object_group;assign_object_type;review_motif_visibility;record_provenance;record_license,pending,
3,img_784f640f86a32a4b,dataset_test/01_opishnyan_ceramics/o051.jpg,01_opishnyan_ceramics,candidate_ea7099e8615256dc,confirm_object_group;assign_object_type;review_motif_visibility;record_provenance;record_license,pending,
3,img_3a974f630679cec0,dataset_test/01_opishnyan_ceramics/o054.jpg,01_opishnyan_ceramics,candidate_1fd3d545a78f8623,confirm_object_group;assign_object_type;review_motif_visibility;record_provenance;record_license,pending,
3,img_ecfe5201cdd5b664,dataset_test/01_opishnyan_ceramics/o058.jpg,01_opishnyan_ceramics,candidate_f802316bf27a4cfd,confirm_object_group;assign_object_type;review_motif_visibility;record_provenance;record_license,pending,
3,img_d264fd627ee86532,dataset_test/01_opishnyan_ceramics/o063.jpg,01_opishnyan_ceramics,candidate_24979d7369a239ce,confirm_object_group;assign_object_type;review_motif_visibility;record_provenance;record_license,pending,
3,img_061fe0488f99ea72,dataset_test/01_opishnyan_ceramics/o064.jpg,01_opishnyan_ceramics,candidate_6fcec13639d310be,confirm_object_group;assign_object_type;review_motif_visibility;record_provenance;record_license,pending,
3,img_a0eda321a1f3bc6e,dataset_test/01_opishnyan_ceramics/o068.jpeg,01_opishnyan_ceramics,candidate_a83582441d9f117b,confirm_object_group;assign_object_type;review_motif_visibility;record_provenance;record_license,pending,
3,img_c1e6c88153f13fb6,dataset_test/01_opishnyan_ceramics/o069.jpeg,01_opishnyan_ceramics,candidate_76abcf0b717f78ec,confirm_object_group;assign_object_type;review_motif_visibility;record_provenance;record_license,pending,
3,img_8caef1f8888b9e34,dataset_test/01_opishnyan_ceramics/o071.jpg,01_opishnyan_ceramics,candidate_27356b5a9b151fa2,confirm_object_group;assign_object_type;review_motif_visibility;record_provenance;record_license,pending,
3,img_9f99e3d62c5be863,dataset_test/01_opishnyan_ceramics/o073.jpg,01_opishnyan_ceramics,candidate_57ecb16ce9bd77b3,confirm_object_group;assign_object_type;review_motif_visibility;record_provenance;record_license,pending,
3,img_028cc73cac919d86,dataset_test/01_opishnyan_ceramics/o074.jpg,01_opishnyan_ceramics,candidate_dbb6aa22ac6c6065,confirm_object_group;assign_object_type;review_motif_visibility;record_provenance;record_license,pending,
3,img_5f8af8acc3f92fdb,dataset_test/01_opishnyan_ceramics/o075.jpg,01_opishnyan_ceramics,candidate_95e8974f84e1595b,confirm_object_group;assign_object_type;review_motif_visibility;record_provenance;record_license,pending,
3,img_808d9e1809e6fdda,dataset_test/01_opishnyan_ceramics/o081.jpg,01_opishnyan_ceramics,candidate_10ac8120b96486ab,confirm_object_group;assign_object_type;review_motif_visibility;record_provenance;record_license,pending,
3,img_524f04addec14305,dataset_test/01_opishnyan_ceramics/o082.jpg,01_opishnyan_ceramics,candidate_9527cf6920393faf,confirm_object_group;assign_object_type;review_motif_visibility;record_provenance;record_license,pending,
3,img_ebd722710dc86130,dataset_test/01_opishnyan_ceramics/o083.jpg,01_opishnyan_ceramics,candidate_dd32eee39c6ee473,confirm_object_group;assign_object_type;review_motif_visibility;record_provenance;record_license,pending,
3,img_296fc5933b2e9ad7,dataset_test/01_opishnyan_ceramics/o084.jpg,01_opishnyan_ceramics,candidate_9540bb47f806b264,confirm_object_group;assign_object_type;review_motif_visibility;record_provenance;record_license,pending,
3,img_8c89f52d4cd2d9e9,dataset_test/01_opishnyan_ceramics/o085.jpg,01_opishnyan_ceramics,candidate_deb8a0f547003a53,confirm_object_group;assign_object_type;review_motif_visibility;record_provenance;record_license,pending,
3,img_e3dc9280b439e054,dataset_test/01_opishnyan_ceramics/o086.jpg,01_opishnyan_ceramics,candidate_a38dbf35fa9825bc,confirm_object_group;assign_object_type;review_motif_visibility;record_provenance;record_license,pending,
3,img_33f2b9609d8f9b35,dataset_test/01_opishnyan_ceramics/o087.jpg,01_opishnyan_ceramics,candidate_c76a53b417de4e74,confirm_object_group;assign_object_type;review_motif_visibility;record_provenance;record_license,pending,
3,img_2f51825850666e39,dataset_test/01_opishnyan_ceramics/o088.jpg,01_opishnyan_ceramics,candidate_9f42f014db6751ff,confirm_object_group;assign_object_type;review_motif_visibility;record_provenance;record_license,pending,
3,img_d7f521f324d95cf8,dataset_test/01_opishnyan_ceramics/o089.jpg,01_opishnyan_ceramics,candidate_3799da2d11721bf6,confirm_object_group;assign_object_type;review_motif_visibility;record_provenance;record_license,pending,
3,img_e4c1ef826f8ac577,dataset_test/01_opishnyan_ceramics/o090.jpg,01_opishnyan_ceramics,candidate_d3d774e9675cb823,confirm_object_group;assign_object_type;review_motif_visibility;record_provenance;record_license,pending,
3,img_cf83c0cd58243ec7,dataset_test/01_opishnyan_ceramics/o091.jpg,01_opishnyan_ceramics,candidate_cfe942021c265380,confirm_object_group;assign_object_type;review_motif_visibility;record_provenance;record_license,pending,
3,img_13d03e8dbd584dc2,dataset_test/01_opishnyan_ceramics/o092.jpg,01_opishnyan_ceramics,candidate_d1aab2d424d5a4c4,confirm_object_group;assign_object_type;review_motif_visibility;record_provenance;record_license,pending,
3,img_1fa235c0f0c9b41a,dataset_test/01_opishnyan_ceramics/o093.jpg,01_opishnyan_ceramics,candidate_31ba1fc02f8380bf,confirm_object_group;assign_object_type;review_motif_visibility;record_provenance;record_license,pending,
3,img_ab63166b65665a7c,dataset_test/01_opishnyan_ceramics/o095.jpg,01_opishnyan_ceramics,candidate_adcf1c861fd493cc,confirm_object_group;assign_object_type;review_motif_visibility;record_provenance;record_license,pending,
3,img_109761f0027c4b2c,dataset_test/01_opishnyan_ceramics/o096.jpg,01_opishnyan_ceramics,candidate_1bc8a61c5381e404,confirm_object_group;assign_object_type;review_motif_visibility;record_provenance;record_license,pending,
3,img_e7f044337956aa91,dataset_test/01_opishnyan_ceramics/o098.jpg,01_opishnyan_ceramics,candidate_64a33a5ce52ec328,confirm_object_group;assign_object_type;review_motif_visibility;record_provenance;record_license,pending,
3,img_25d05e8760253590,dataset_test/01_opishnyan_ceramics/o099.jpg,01_opishnyan_ceramics,candidate_2adafca98a7729c1,confirm_object_group;assign_object_type;review_motif_visibility;record_provenance;record_license,pending,
3,img_8902392409bb3a70,dataset_test/01_opishnyan_ceramics/o104.jpg,01_opishnyan_ceramics,candidate_cf2f76e44b7deb38,confirm_object_group;assign_object_type;review_motif_visibility;record_provenance;record_license,pending,
3,img_d02bdb53fd9e91a3,dataset_test/01_opishnyan_ceramics/o105.jpg,01_opishnyan_ceramics,candidate_42202bb90e96cd3c,confirm_object_group;assign_object_type;review_motif_visibility;record_provenance;record_license,pending,
3,img_2521aad37ecbe1d0,dataset_test/01_opishnyan_ceramics/o106.jpg,01_opishnyan_ceramics,candidate_669701a41bf9da88,confirm_object_group;assign_object_type;review_motif_visibility;record_provenance;record_license,pending,
3,img_4564db1dbe16c66e,dataset_test/01_opishnyan_ceramics/o107.jpg,01_opishnyan_ceramics,candidate_70b3b5e2772d668c,confirm_object_group;assign_object_type;review_motif_visibility;record_provenance;record_license,pending,
3,img_399a7cf11615b6a8,dataset_test/01_opishnyan_ceramics/o108.jpg,01_opishnyan_ceramics,candidate_07221e8229d4c231,confirm_object_group;assign_object_type;review_motif_visibility;record_provenance;record_license,pending,
3,img_d7ca34acd9b2d022,dataset_test/01_opishnyan_ceramics/o109.jpg,01_opishnyan_ceramics,candidate_959aa68553173431,confirm_object_group;assign_object_type;review_motif_visibility;record_provenance;record_license,pending,
3,img_49ca6e98d1bc9f0f,dataset_test/01_opishnyan_ceramics/o110.jpg,01_opishnyan_ceramics,candidate_9051cdc08420616f,confirm_object_group;assign_object_type;review_motif_visibility;record_provenance;record_license,pending,
3,img_41e45a3de579c0f2,dataset_test/01_opishnyan_ceramics/o111.jpg,01_opishnyan_ceramics,candidate_b3eb757da3b11dc7,confirm_object_group;assign_object_type;review_motif_visibility;record_provenance;record_license,pending,
3,img_303522182f90eb7c,dataset_test/01_opishnyan_ceramics/o112.jpg,01_opishnyan_ceramics,candidate_cfcaa8a765e52464,confirm_object_group;assign_object_type;review_motif_visibility;record_provenance;record_license,pending,
3,img_9eb84d612d82ba16,dataset_test/01_opishnyan_ceramics/o113.jpg,01_opishnyan_ceramics,candidate_c3bea5c29fabaaa0,confirm_object_group;assign_object_type;review_motif_visibility;record_provenance;record_license,pending,
3,img_8772e76cd8093891,dataset_test/01_opishnyan_ceramics/o114.jpg,01_opishnyan_ceramics,candidate_e5c4f158477bb51a,confirm_object_group;assign_object_type;review_motif_visibility;record_provenance;record_license,pending,
3,img_0f3cf4af9fc81631,dataset_test/01_opishnyan_ceramics/o115.jpg,01_opishnyan_ceramics,candidate_d6a9d2442c6ad213,confirm_object_group;assign_object_type;review_motif_visibility;record_provenance;record_license,pending,
3,img_a22297630fd54d70,dataset_test/01_opishnyan_ceramics/o116.jpg,01_opishnyan_ceramics,candidate_a8331345c1b18a1a,confirm_object_group;assign_object_type;review_motif_visibility;record_provenance;record_license,pending,
3,img_7d7ec2c65f70b81a,dataset_test/01_opishnyan_ceramics/o118.jpg,01_opishnyan_ceramics,candidate_a1da54be0caa7288,confirm_object_group;assign_object_type;review_motif_visibility;record_provenance;record_license,pending,
3,img_3e5ef4e0dc6ad2c0,dataset_test/01_opishnyan_ceramics/o120.jpg,01_opishnyan_ceramics,candidate_9645fb4bd552ffca,confirm_object_group;assign_object_type;review_motif_visibility;record_provenance;record_license,pending,
3,img_bf6cebfbe75230df,dataset_test/01_opishnyan_ceramics/o121.jpg,01_opishnyan_ceramics,candidate_6646b4fcb9fbe598,confirm_object_group;assign_object_type;review_motif_visibility;record_provenance;record_license,pending,
3,img_902a5698c9e96ccb,dataset_test/01_opishnyan_ceramics/o123.jpg,01_opishnyan_ceramics,candidate_1f19ffc00d2e9f7c,confirm_object_group;assign_object_type;review_motif_visibility;record_provenance;record_license,pending,
3,img_dd2ea8672497a153,dataset_test/01_opishnyan_ceramics/o125.jpg,01_opishnyan_ceramics,candidate_20c74adc2824e037,confirm_object_group;assign_object_type;review_motif_visibility;record_provenance;record_license,pending,
3,img_71c97bf7e3b3d77d,dataset_test/01_opishnyan_ceramics/o129.jpg,01_opishnyan_ceramics,candidate_de8e087d4a641266,confirm_object_group;assign_object_type;review_motif_visibility;record_provenance;record_license,pending,
3,img_dbf0dac759e6f66f,dataset_test/01_opishnyan_ceramics/o130.jpg,01_opishnyan_ceramics,candidate_9e54e32990a96d91,confirm_object_group;assign_object_type;review_motif_visibility;record_provenance;record_license,pending,
3,img_0f55ab3a69d12133,dataset_test/01_opishnyan_ceramics/o133.jpg,01_opishnyan_ceramics,candidate_d060bebe0a2681c9,confirm_object_group;assign_object_type;review_motif_visibility;record_provenance;record_license,pending,
3,img_316dcb65985f5c7d,dataset_test/01_opishnyan_ceramics/o142.jpg,01_opishnyan_ceramics,candidate_08555d33f45dc130,confirm_object_group;assign_object_type;review_motif_visibility;record_provenance;record_license,pending,
3,img_20860c291da90e73,dataset_test/01_opishnyan_ceramics/o150.jpg,01_opishnyan_ceramics,candidate_93468d0868ae14df,confirm_object_group;assign_object_type;review_motif_visibility;record_provenance;record_license,pending,
3,img_78a165e15fbfc7b1,dataset_test/01_opishnyan_ceramics/o153.jpg,01_opishnyan_ceramics,candidate_686882e03d27841e,confirm_object_group;assign_object_type;review_motif_visibility;record_provenance;record_license,pending,
3,img_d2f520a7e3bac646,dataset_test/01_opishnyan_ceramics/o156.jpg,01_opishnyan_ceramics,candidate_f25a323ab5edcc0b,confirm_object_group;assign_object_type;review_motif_visibility;record_provenance;record_license,pending,
3,img_f8f0bb43d11ae168,dataset_test/01_opishnyan_ceramics/o159.jpg,01_opishnyan_ceramics,candidate_f11061c087325386,confirm_object_group;assign_object_type;review_motif_visibility;record_provenance;record_license,pending,
3,img_e560167233db6370,dataset_test/01_opishnyan_ceramics/o161.jpg,01_opishnyan_ceramics,candidate_52381e7c78a7d065,confirm_object_group;assign_object_type;review_motif_visibility;record_provenance;record_license,pending,
3,img_784b95e76dcd8f94,dataset_test/01_opishnyan_ceramics/o164.jpg,01_opishnyan_ceramics,candidate_270f61fdf92724e0,confirm_object_group;assign_object_type;review_motif_visibility;record_provenance;record_license,pending,
3,img_e1c9a03904e1d51f,dataset_test/01_opishnyan_ceramics/o167.jpg,01_opishnyan_ceramics,candidate_8ea77856f904e9f0,confirm_object_group;assign_object_type;review_motif_visibility;record_provenance;record_license,pending,
3,img_1b1a0e5da874ce41,dataset_test/01_opishnyan_ceramics/o172.jpg,01_opishnyan_ceramics,candidate_24266fe0bba820d1,confirm_object_group;assign_object_type;review_motif_visibility;record_provenance;record_license,pending,
3,img_f9db09ea170f8f29,dataset_test/01_opishnyan_ceramics/o173.jpg,01_opishnyan_ceramics,candidate_36900442a73b3e0e,confirm_object_group;assign_object_type;review_motif_visibility;record_provenance;record_license,pending,
3,img_b19b2df240e73108,dataset_test/01_opishnyan_ceramics/o180.jpg,01_opishnyan_ceramics,candidate_6c581dae29c116cf,confirm_object_group;assign_object_type;review_motif_visibility;record_provenance;record_license,pending,
3,img_3668c2c126d3312b,dataset_test/01_opishnyan_ceramics/o183.jpg,01_opishnyan_ceramics,candidate_aead1f873a483a7d,confirm_object_group;assign_object_type;review_motif_visibility;record_provenance;record_license,pending,
3,img_f5d7780f6f9df16f,dataset_test/01_opishnyan_ceramics/o188.jpg,01_opishnyan_ceramics,candidate_c21dad8d32dd7686,confirm_object_group;assign_object_type;review_motif_visibility;record_provenance;record_license,pending,
3,img_23f2dcad4191d7d2,dataset_test/01_opishnyan_ceramics/o190.jpg,01_opishnyan_ceramics,candidate_2f4a093c811daa37,confirm_object_group;assign_object_type;review_motif_visibility;record_provenance;record_license,pending,
3,img_cf2e0711e7803def,dataset_test/01_opishnyan_ceramics/o197.jpg,01_opishnyan_ceramics,candidate_1775583fbf85e84c,confirm_object_group;assign_object_type;review_motif_visibility;record_provenance;record_license,pending,
3,img_b2a4a82e259bcb84,dataset_test/01_opishnyan_ceramics/o206.jpg,01_opishnyan_ceramics,candidate_b0f8e1c81995a3c1,confirm_object_group;assign_object_type;review_motif_visibility;record_provenance;record_license,pending,
3,img_8fb7cc8f1301ace2,dataset_test/01_opishnyan_ceramics/o223.jpg,01_opishnyan_ceramics,candidate_8b0a3e16794af8b3,confirm_object_group;assign_object_type;review_motif_visibility;record_provenance;record_license,pending,
3,img_2f3ed4137c861ee2,dataset_test/01_opishnyan_ceramics/o234.jpg,01_opishnyan_ceramics,candidate_e018a04337645ada,confirm_object_group;assign_object_type;review_motif_visibility;record_provenance;record_license,pending,
3,img_405b61e590499e61,dataset_test/01_opishnyan_ceramics/o252.jpg,01_opishnyan_ceramics,candidate_b9861f0782cb75ab,confirm_object_group;assign_object_type;review_motif_visibility;record_provenance;record_license,pending,
3,img_1fce5d45a91c61fe,dataset_test/01_opishnyan_ceramics/o254.jpg,01_opishnyan_ceramics,candidate_c926a1f08cae4540,confirm_object_group;assign_object_type;review_motif_visibility;record_provenance;record_license,pending,
3,img_dc38208d2ad0ac7d,dataset_test/01_opishnyan_ceramics/o257.jpg,01_opishnyan_ceramics,candidate_81f20ae96d72e265,confirm_object_group;assign_object_type;review_motif_visibility;record_provenance;record_license,pending,
3,img_d9f2362b82df1168,dataset_test/01_opishnyan_ceramics/o274.jpg,01_opishnyan_ceramics,candidate_7291cd4b9500ff09,confirm_object_group;assign_object_type;review_motif_visibility;record_provenance;record_license,pending,
3,img_c581eedca86c58c7,dataset_test/01_opishnyan_ceramics/o280.jpg,01_opishnyan_ceramics,candidate_9188add1d7116cbb,confirm_object_group;assign_object_type;review_motif_visibility;record_provenance;record_license,pending,
3,img_132232fc5279c9dc,dataset_test/01_opishnyan_ceramics/o283.jpeg,01_opishnyan_ceramics,candidate_53bb7055d9f5163a,confirm_object_group;assign_object_type;review_motif_visibility;record_provenance;record_license,pending,
3,img_5c8289caa32140d6,dataset_test/01_opishnyan_ceramics/o295.jpg,01_opishnyan_ceramics,candidate_644672ed77a75e0d,confirm_object_group;assign_object_type;review_motif_visibility;record_provenance;record_license,pending,
3,img_afdca78c8e225301,dataset_test/01_opishnyan_ceramics/o299.jpeg,01_opishnyan_ceramics,candidate_bb79ac13e02c0823,confirm_object_group;assign_object_type;review_motif_visibility;record_provenance;record_license,pending,
3,img_e6bbaf3dda9cc4c0,dataset_test/01_opishnyan_ceramics/o303.jpeg,01_opishnyan_ceramics,candidate_b011f369d0632277,confirm_object_group;assign_object_type;review_motif_visibility;record_provenance;record_license,pending,
3,img_18060d827c3daf81,dataset_test/01_opishnyan_ceramics/o323.jpg,01_opishnyan_ceramics,candidate_826a185a4a52f0bc,confirm_object_group;assign_object_type;review_motif_visibility;record_provenance;record_license,pending,
3,img_4cb33cee2798a612,dataset_test/01_opishnyan_ceramics/o342.jpg,01_opishnyan_ceramics,candidate_221133690ac1cd42,confirm_object_group;assign_object_type;review_motif_visibility;record_provenance;record_license,pending,
3,img_74f059af8cdcd958,dataset_test/01_opishnyan_ceramics/o345.jpeg,01_opishnyan_ceramics,candidate_737e04f533e7648c,confirm_object_group;assign_object_type;review_motif_visibility;record_provenance;record_license,pending,
3,img_1ca9f2febeaf6ae4,dataset_test/01_opishnyan_ceramics/o349.jpg,01_opishnyan_ceramics,candidate_33667d2b9e86a82a,confirm_object_group;assign_object_type;review_motif_visibility;record_provenance;record_license,pending,
3,img_39b616188fad4eaa,dataset_test/01_opishnyan_ceramics/o353.jpg,01_opishnyan_ceramics,candidate_3e6a75540dae56b6,confirm_object_group;assign_object_type;review_motif_visibility;record_provenance;record_license,pending,
3,img_d796eebc07c2e289,dataset_test/01_opishnyan_ceramics/o355.jpg,01_opishnyan_ceramics,candidate_447a43401031a9bf,confirm_object_group;assign_object_type;review_motif_visibility;record_provenance;record_license,pending,
3,img_74538819b5b0bbf1,dataset_test/01_opishnyan_ceramics/o358.jpg,01_opishnyan_ceramics,candidate_bd2bf5e87f2d1532,confirm_object_group;assign_object_type;review_motif_visibility;record_provenance;record_license,pending,
3,img_0d5c7708357a9e5b,dataset_test/01_opishnyan_ceramics/o360.jpg,01_opishnyan_ceramics,candidate_9fc88c7540ab3184,confirm_object_group;assign_object_type;review_motif_visibility;record_provenance;record_license,pending,
3,img_f1127785a3fb2cac,dataset_test/02_ornek/kt005.jpg,02_ornek,candidate_78b8c14bda6e843a,confirm_object_group;assign_object_type;review_motif_visibility;record_provenance;record_license,pending,
3,img_d6adcbbfa8f27c67,dataset_test/02_ornek/kt006.jpg,02_ornek,candidate_ea6f45bb8d819f62,confirm_object_group;assign_object_type;review_motif_visibility;record_provenance;record_license,pending,
3,img_7c07286f61d4030b,dataset_test/02_ornek/kt008.jpg,02_ornek,candidate_706dd5ef4bdbdcc1,confirm_object_group;assign_object_type;review_motif_visibility;record_provenance;record_license,pending,
3,img_93a9939f47165d8a,dataset_test/02_ornek/kt011.jpg,02_ornek,candidate_30e6dde8b678d024,confirm_object_group;assign_object_type;review_motif_visibility;record_provenance;record_license,pending,
3,img_a7c8ff0e50308054,dataset_test/02_ornek/kt014.jpg,02_ornek,candidate_91fbe9a32731dada,confirm_object_group;assign_object_type;review_motif_visibility;record_provenance;record_license,pending,
3,img_794c3a9f880a87f0,dataset_test/02_ornek/kt017.jpg,02_ornek,candidate_2eb56f2abb1704e5,confirm_object_group;assign_object_type;review_motif_visibility;record_provenance;record_license,pending,
3,img_3b24eacedb0a1639,dataset_test/02_ornek/kt021.jpg,02_ornek,candidate_a8a684cd52e545c3,confirm_object_group;assign_object_type;review_motif_visibility;record_provenance;record_license,pending,
3,img_61f2b75b1ec365b9,dataset_test/02_ornek/kt023.jpg,02_ornek,candidate_c29454ae0bf700be,confirm_object_group;assign_object_type;review_motif_visibility;record_provenance;record_license,pending,
3,img_2f6589b3fdb4c2dd,dataset_test/02_ornek/kt027.jpg,02_ornek,candidate_f44151cde620b3c2,confirm_object_group;assign_object_type;review_motif_visibility;record_provenance;record_license,pending,
3,img_341f3cabdf843c47,dataset_test/02_ornek/kt029.jpg,02_ornek,candidate_54bd4736c5888d11,confirm_object_group;assign_object_type;review_motif_visibility;record_provenance;record_license,pending,
3,img_7901bc5022322676,dataset_test/02_ornek/kt031.jpg,02_ornek,candidate_9f6c5b1ef365f9c4,confirm_object_group;assign_object_type;review_motif_visibility;record_provenance;record_license,pending,
3,img_8dbfa6e6a1b51e09,dataset_test/02_ornek/kt034.jpg,02_ornek,candidate_2f5394b716428caf,confirm_object_group;assign_object_type;review_motif_visibility;record_provenance;record_license,pending,
3,img_52a3ee6b95592f98,dataset_test/02_ornek/kt038.jpg,02_ornek,candidate_4a2f079bb03d9d4e,confirm_object_group;assign_object_type;review_motif_visibility;record_provenance;record_license,pending,
3,img_7988e08a81fde9b6,dataset_test/02_ornek/kt039.jpg,02_ornek,candidate_ba36f174c292bc24,confirm_object_group;assign_object_type;review_motif_visibility;record_provenance;record_license,pending,
3,img_e53c92ac8b7a6130,dataset_test/02_ornek/kt042.jpg,02_ornek,candidate_2bfebc3e61abfad3,confirm_object_group;assign_object_type;review_motif_visibility;record_provenance;record_license,pending,
3,img_387f2e3ad248bcd0,dataset_test/02_ornek/kt046.jpg,02_ornek,candidate_92e5adc44f094778,confirm_object_group;assign_object_type;review_motif_visibility;record_provenance;record_license,pending,
3,img_3d507b5de3113f32,dataset_test/02_ornek/kt053.jpg,02_ornek,candidate_be6acb9c85e60227,confirm_object_group;assign_object_type;review_motif_visibility;record_provenance;record_license,pending,
3,img_a71feaa14db507e0,dataset_test/02_ornek/kt059.jpg,02_ornek,candidate_56582a78ecc86897,confirm_object_group;assign_object_type;review_motif_visibility;record_provenance;record_license,pending,
3,img_7e473101913d6020,dataset_test/02_ornek/kt065.jpg,02_ornek,candidate_84472341cf5fc705,confirm_object_group;assign_object_type;review_motif_visibility;record_provenance;record_license,pending,
3,img_215afa627c55c528,dataset_test/02_ornek/kt068.jpg,02_ornek,candidate_877e7b4b5d449dc8,confirm_object_group;assign_object_type;review_motif_visibility;record_provenance;record_license,pending,
3,img_7861f4e27687dce3,dataset_test/02_ornek/kt073.jpg,02_ornek,candidate_30906e7a8c8dcb6b,confirm_object_group;assign_object_type;review_motif_visibility;record_provenance;record_license,pending,
3,img_a136e802f2dcd732,dataset_test/02_ornek/kt075.JPG,02_ornek,candidate_4df2cab3ef6e0198,confirm_object_group;assign_object_type;review_motif_visibility;record_provenance;record_license,pending,
3,img_4b8dcf5c2dcc6e2c,dataset_test/02_ornek/kt076.jpg,02_ornek,candidate_e7d5263d7971fca4,confirm_object_group;assign_object_type;review_motif_visibility;record_provenance;record_license,pending,
3,img_44c806605e53eda6,dataset_test/02_ornek/kt079.jpg,02_ornek,candidate_388daaacdc3bcfc0,confirm_object_group;assign_object_type;review_motif_visibility;record_provenance;record_license,pending,
3,img_919f34e329d4b08f,dataset_test/02_ornek/kt081.JPG,02_ornek,candidate_e6e7620ff0124e8f,confirm_object_group;assign_object_type;review_motif_visibility;record_provenance;record_license,pending,
3,img_3bd5dcf1112b39a9,dataset_test/02_ornek/kt088.JPG,02_ornek,candidate_334606835b243ea9,confirm_object_group;assign_object_type;review_motif_visibility;record_provenance;record_license,pending,
3,img_a90e9ffbd7f8b2b8,dataset_test/02_ornek/kt090.jpg,02_ornek,candidate_c7e1d89361d5826e,confirm_object_group;assign_object_type;review_motif_visibility;record_provenance;record_license,pending,
3,img_4b2b0662206ad545,dataset_test/02_ornek/kt091.JPG,02_ornek,candidate_9b6f2b9df4d662a4,confirm_object_group;assign_object_type;review_motif_visibility;record_provenance;record_license,pending,
3,img_bf0a8cd0508a2cd4,dataset_test/02_ornek/kt094.jpg,02_ornek,candidate_cc6790746e50f961,confirm_object_group;assign_object_type;review_motif_visibility;record_provenance;record_license,pending,
3,img_de85706ad14e65e0,dataset_test/02_ornek/kt099.jpg,02_ornek,candidate_75de5866b5e389db,confirm_object_group;assign_object_type;review_motif_visibility;record_provenance;record_license,pending,
3,img_da40779c8d5eb335,dataset_test/02_ornek/kt100.jpg,02_ornek,candidate_36870cef48bc2816,confirm_object_group;assign_object_type;review_motif_visibility;record_provenance;record_license,pending,
3,img_53ccb624f9e4b8fa,dataset_test/02_ornek/kt102.JPG,02_ornek,candidate_dbacfb434126fc2b,confirm_object_group;assign_object_type;review_motif_visibility;record_provenance;record_license,pending,
3,img_bf7409a263b7d33d,dataset_test/02_ornek/kt104.jpg,02_ornek,candidate_edf4472a8758c8e5,confirm_object_group;assign_object_type;review_motif_visibility;record_provenance;record_license,pending,
3,img_1136661885059c9a,dataset_test/02_ornek/kt106.JPG,02_ornek,candidate_be7fcee63bb3940f,confirm_object_group;assign_object_type;review_motif_visibility;record_provenance;record_license,pending,
3,img_67f32d5144ee95e1,dataset_test/02_ornek/kt107.jpg,02_ornek,candidate_da1c7a35ce03c820,confirm_object_group;assign_object_type;review_motif_visibility;record_provenance;record_license,pending,
3,img_1346a1a7f346ff18,dataset_test/02_ornek/kt108.jpg,02_ornek,candidate_62af94c6b5543513,confirm_object_group;assign_object_type;review_motif_visibility;record_provenance;record_license,pending,
3,img_82ff5b02093c3d96,dataset_test/02_ornek/kt112.jpg,02_ornek,candidate_2ffcdfe39a0f5e45,confirm_object_group;assign_object_type;review_motif_visibility;record_provenance;record_license,pending,
3,img_189604f10c69cd10,dataset_test/02_ornek/kt117.jpg,02_ornek,candidate_1c02e0061b8c7e2c,confirm_object_group;assign_object_type;review_motif_visibility;record_provenance;record_license,pending,
3,img_d6121313c45d6a14,dataset_test/02_ornek/kt121.jpg,02_ornek,candidate_805b180cfbd44d96,confirm_object_group;assign_object_type;review_motif_visibility;record_provenance;record_license,pending,
3,img_1dc055b98fbf1432,dataset_test/02_ornek/kt122.jpg,02_ornek,candidate_afac921a6411a9aa,confirm_object_group;assign_object_type;review_motif_visibility;record_provenance;record_license,pending,
3,img_e3437e5c94932a54,dataset_test/02_ornek/kt127.jpg,02_ornek,candidate_d8c79d379d603c11,confirm_object_group;assign_object_type;review_motif_visibility;record_provenance;record_license,pending,
3,img_e68daac3d4a32db1,dataset_test/02_ornek/kt130.jpg,02_ornek,candidate_6d86a833060b662a,confirm_object_group;assign_object_type;review_motif_visibility;record_provenance;record_license,pending,
3,img_459fe62dd50affd3,dataset_test/02_ornek/kt133.png,02_ornek,candidate_54627cc9b84e7e91,confirm_object_group;assign_object_type;review_motif_visibility;record_provenance;record_license,pending,
3,img_f843e6bea32f6259,dataset_test/02_ornek/kt137.jpg,02_ornek,candidate_abaeb98490675d92,confirm_object_group;assign_object_type;review_motif_visibility;record_provenance;record_license,pending,
3,img_ba1437bda34cd4ec,dataset_test/02_ornek/kt141.jpg,02_ornek,candidate_e6bfd6cf9852a2a5,confirm_object_group;assign_object_type;review_motif_visibility;record_provenance;record_license,pending,
3,img_acfe53b369569871,dataset_test/02_ornek/kt144.jpg,02_ornek,candidate_0be559a0bbea0dcc,confirm_object_group;assign_object_type;review_motif_visibility;record_provenance;record_license,pending,
3,img_50bae417b9064aa1,dataset_test/02_ornek/kt147.jpg,02_ornek,candidate_00f9f207ed96f867,confirm_object_group;assign_object_type;review_motif_visibility;record_provenance;record_license,pending,
3,img_bfaf490f3ffffc10,dataset_test/02_ornek/kt151.jpg,02_ornek,candidate_907458688478c9ee,confirm_object_group;assign_object_type;review_motif_visibility;record_provenance;record_license,pending,
3,img_0a3668a0f249eb52,dataset_test/02_ornek/kt152.JPG,02_ornek,candidate_017feaac903a170a,confirm_object_group;assign_object_type;review_motif_visibility;record_provenance;record_license,pending,
3,img_d643cd4f86822f13,dataset_test/02_ornek/kt154.jpg,02_ornek,candidate_fee966b73448fb7f,confirm_object_group;assign_object_type;review_motif_visibility;record_provenance;record_license,pending,
3,img_1983edf31f9c4d3d,dataset_test/02_ornek/kt159.jpg,02_ornek,candidate_3342be16f4b69607,confirm_object_group;assign_object_type;review_motif_visibility;record_provenance;record_license,pending,
3,img_dd4d8731cf99113e,dataset_test/02_ornek/kt163.jpg,02_ornek,candidate_c9e8613972f3fa7d,confirm_object_group;assign_object_type;review_motif_visibility;record_provenance;record_license,pending,
3,img_c155f7465630fce1,dataset_test/02_ornek/kt167.jpg,02_ornek,candidate_7f453352d7c70ca0,confirm_object_group;assign_object_type;review_motif_visibility;record_provenance;record_license,pending,
3,img_226b34aff9c02bae,dataset_test/02_ornek/kt170.jpg,02_ornek,candidate_79d8b168a0cc382d,confirm_object_group;assign_object_type;review_motif_visibility;record_provenance;record_license,pending,
3,img_86b0959e3330c4bc,dataset_test/02_ornek/kt173.jpg,02_ornek,candidate_ae8600282f9df3cc,confirm_object_group;assign_object_type;review_motif_visibility;record_provenance;record_license,pending,
3,img_e75073ea4f45ee82,dataset_test/02_ornek/kt176.jpg,02_ornek,candidate_7e76af84d045067e,confirm_object_group;assign_object_type;review_motif_visibility;record_provenance;record_license,pending,
3,img_9d5a1c7526a1313f,dataset_test/02_ornek/kt180.jpg,02_ornek,candidate_40224490df0dcdf3,confirm_object_group;assign_object_type;review_motif_visibility;record_provenance;record_license,pending,
3,img_afe2be244eb0d632,dataset_test/02_ornek/kt184.jpg,02_ornek,candidate_bae59b711e5e0681,confirm_object_group;assign_object_type;review_motif_visibility;record_provenance;record_license,pending,
3,img_0984871ee9ad077f,dataset_test/02_ornek/kt188.JPG,02_ornek,candidate_71749319b5ec5911,confirm_object_group;assign_object_type;review_motif_visibility;record_provenance;record_license,pending,
3,img_bb6e68509bb06105,dataset_test/02_ornek/kt194.JPG,02_ornek,candidate_a7e64b1997713de1,confirm_object_group;assign_object_type;review_motif_visibility;record_provenance;record_license,pending,
3,img_d94197c38311390b,dataset_test/02_ornek/kt196.JPG,02_ornek,candidate_65791a51d59ec63a,confirm_object_group;assign_object_type;review_motif_visibility;record_provenance;record_license,pending,
3,img_8c6a3388cdbd68ac,dataset_test/02_ornek/kt197.JPG,02_ornek,candidate_34f5400749992bc2,confirm_object_group;assign_object_type;review_motif_visibility;record_provenance;record_license,pending,
3,img_a549181668dc2b5c,dataset_test/02_ornek/kt200.JPG,02_ornek,candidate_b1fbccd64abe48f5,confirm_object_group;assign_object_type;review_motif_visibility;record_provenance;record_license,pending,
3,img_a2bcabeeff849533,dataset_test/02_ornek/kt206.jpg,02_ornek,candidate_d8b8a19511dc84ca,confirm_object_group;assign_object_type;review_motif_visibility;record_provenance;record_license,pending,
3,img_984fdec8db82aa75,dataset_test/02_ornek/kt208.jpg,02_ornek,candidate_929e913c074bb640,confirm_object_group;assign_object_type;review_motif_visibility;record_provenance;record_license,pending,
3,img_5c434e84c37792b8,dataset_test/02_ornek/kt210.JPG,02_ornek,candidate_538bda111f077857,confirm_object_group;assign_object_type;review_motif_visibility;record_provenance;record_license,pending,
3,img_e2f0d150aca279dd,dataset_test/02_ornek/kt213.jpg,02_ornek,candidate_5380516c09510edc,confirm_object_group;assign_object_type;review_motif_visibility;record_provenance;record_license,pending,
3,img_e2cfecb300bd1e96,dataset_test/02_ornek/kt216.JPG,02_ornek,candidate_84706f8025564c60,confirm_object_group;assign_object_type;review_motif_visibility;record_provenance;record_license,pending,
3,img_532069edfab79d19,dataset_test/02_ornek/kt224.JPG,02_ornek,candidate_4b5cb78fe893f5e0,confirm_object_group;assign_object_type;review_motif_visibility;record_provenance;record_license,pending,
3,img_565f04c402d911bf,dataset_test/02_ornek/kt225.jpg,02_ornek,candidate_17338938119315b5,confirm_object_group;assign_object_type;review_motif_visibility;record_provenance;record_license,pending,
3,img_5d25126d9c2f247e,dataset_test/02_ornek/kt227.jpg,02_ornek,candidate_52f7b4ad4cf9e300,confirm_object_group;assign_object_type;review_motif_visibility;record_provenance;record_license,pending,
3,img_ac7a0bcd8a6696af,dataset_test/02_ornek/kt231.jpg,02_ornek,candidate_b6dbffb469debbae,confirm_object_group;assign_object_type;review_motif_visibility;record_provenance;record_license,pending,
3,img_3b78fa10a606ab43,dataset_test/02_ornek/kt233.jpg,02_ornek,candidate_851c6aae05ba4f77,confirm_object_group;assign_object_type;review_motif_visibility;record_provenance;record_license,pending,
3,img_9792d8ac3b4e854a,dataset_test/02_ornek/kt235.jpg,02_ornek,candidate_4f29fd77b42d7513,confirm_object_group;assign_object_type;review_motif_visibility;record_provenance;record_license,pending,
3,img_39c33a344a08e67b,dataset_test/02_ornek/kt237.jpg,02_ornek,candidate_3d461fec2f899aff,confirm_object_group;assign_object_type;review_motif_visibility;record_provenance;record_license,pending,
3,img_73a3edd6071fa9c0,dataset_test/02_ornek/kt241.jpg,02_ornek,candidate_a5c59bbecbdc5fd6,confirm_object_group;assign_object_type;review_motif_visibility;record_provenance;record_license,pending,
3,img_93c7ad90aa21e99a,dataset_test/02_ornek/kt242.jpg,02_ornek,candidate_6e3d2ae9de9c8593,confirm_object_group;assign_object_type;review_motif_visibility;record_provenance;record_license,pending,
3,img_a68781d0febebc14,dataset_test/02_ornek/kt243.jpg,02_ornek,candidate_dfa52f24666d68c6,confirm_object_group;assign_object_type;review_motif_visibility;record_provenance;record_license,pending,
3,img_b1c395b5600d7980,dataset_test/02_ornek/kt245.jpg,02_ornek,candidate_90fd31695be0eb0c,confirm_object_group;assign_object_type;review_motif_visibility;record_provenance;record_license,pending,
3,img_264e7917786a38c4,dataset_test/02_ornek/kt247.JPG,02_ornek,candidate_f10be10bcecb4401,confirm_object_group;assign_object_type;review_motif_visibility;record_provenance;record_license,pending,
3,img_16c1b5fa660666e6,dataset_test/02_ornek/kt253.jpg,02_ornek,candidate_9f52d4bea4100df2,confirm_object_group;assign_object_type;review_motif_visibility;record_provenance;record_license,pending,
3,img_963449bfdd04cc15,dataset_test/02_ornek/kt258.jpg,02_ornek,candidate_6dce78af2e324319,confirm_object_group;assign_object_type;review_motif_visibility;record_provenance;record_license,pending,
3,img_3dd4d658ecc094a8,dataset_test/02_ornek/kt260.jpg,02_ornek,candidate_7957a905f7cf71b2,confirm_object_group;assign_object_type;review_motif_visibility;record_provenance;record_license,pending,
3,img_79ffbf9af6ebc869,dataset_test/02_ornek/kt262.jpg,02_ornek,candidate_e8189c5e17a8f9b2,confirm_object_group;assign_object_type;review_motif_visibility;record_provenance;record_license,pending,
3,img_1972ae3f418ef602,dataset_test/02_ornek/kt267.jpg,02_ornek,candidate_c2758bbfd317ca1f,confirm_object_group;assign_object_type;review_motif_visibility;record_provenance;record_license,pending,
3,img_a0883cd68984622c,dataset_test/02_ornek/kt268.jpg,02_ornek,candidate_48b12e4696b81168,confirm_object_group;assign_object_type;review_motif_visibility;record_provenance;record_license,pending,
3,img_c7a533b150236f1e,dataset_test/02_ornek/kt272.jpg,02_ornek,candidate_fdba1f491d6d29a6,confirm_object_group;assign_object_type;review_motif_visibility;record_provenance;record_license,pending,
3,img_8e8c5869c0dc11a3,dataset_test/02_ornek/kt273.jpg,02_ornek,candidate_d8f4af513f1686a1,confirm_object_group;assign_object_type;review_motif_visibility;record_provenance;record_license,pending,
3,img_029b6bcdcbd36deb,dataset_test/02_ornek/kt279.jpg,02_ornek,candidate_9792ad2907495ec5,confirm_object_group;assign_object_type;review_motif_visibility;record_provenance;record_license,pending,
3,img_adcfdd54eb30d794,dataset_test/02_ornek/kt284.jpg,02_ornek,candidate_3df38517aef8b999,confirm_object_group;assign_object_type;review_motif_visibility;record_provenance;record_license,pending,
3,img_2ce349221644bb88,dataset_test/02_ornek/kt286.jpg,02_ornek,candidate_fc86d8607c9bb3b5,confirm_object_group;assign_object_type;review_motif_visibility;record_provenance;record_license,pending,
3,img_f9c651778c1c944f,dataset_test/02_ornek/kt288.JPG,02_ornek,candidate_c6d1469442e77cc2,confirm_object_group;assign_object_type;review_motif_visibility;record_provenance;record_license,pending,
3,img_1386ddfabe4b6141,dataset_test/02_ornek/kt291.jpg,02_ornek,candidate_34c9eec489aeb7e7,confirm_object_group;assign_object_type;review_motif_visibility;record_provenance;record_license,pending,
3,img_ca90c1098e32a6ed,dataset_test/02_ornek/kt294.jpg,02_ornek,candidate_6e09bcd33025550f,confirm_object_group;assign_object_type;review_motif_visibility;record_provenance;record_license,pending,
3,img_bd9fecdd39bdef8c,dataset_test/02_ornek/kt297.jpg,02_ornek,candidate_8c1766ef27ecae87,confirm_object_group;assign_object_type;review_motif_visibility;record_provenance;record_license,pending,
3,img_003d67ba04493b41,dataset_test/02_ornek/kt298.jpg,02_ornek,candidate_d644bdeff9bb3bb2,confirm_object_group;assign_object_type;review_motif_visibility;record_provenance;record_license,pending,
3,img_95126d0e36a36487,dataset_test/02_ornek/kt299.jpg,02_ornek,candidate_172a3aa0a47cf8cf,confirm_object_group;assign_object_type;review_motif_visibility;record_provenance;record_license,pending,
3,img_7b36a619fd1c5962,dataset_test/02_ornek/kt305.jpg,02_ornek,candidate_cb5ff214d1592067,confirm_object_group;assign_object_type;review_motif_visibility;record_provenance;record_license,pending,
3,img_ea957130b2438e21,dataset_test/02_ornek/kt307.jpg,02_ornek,candidate_60063088c829427b,confirm_object_group;assign_object_type;review_motif_visibility;record_provenance;record_license,pending,
3,img_bdc135584a0d50c4,dataset_test/02_ornek/kt311.JPG,02_ornek,candidate_0131469ab62b10b4,confirm_object_group;assign_object_type;review_motif_visibility;record_provenance;record_license,pending,
3,img_2022d224ecf8aec5,dataset_test/02_ornek/kt312.JPG,02_ornek,candidate_a8a085e1c875d2fc,confirm_object_group;assign_object_type;review_motif_visibility;record_provenance;record_license,pending,
3,img_6680af43a3cd6eb9,dataset_test/02_ornek/kt314.jpg,02_ornek,candidate_58fd1cfe9b9e06da,confirm_object_group;assign_object_type;review_motif_visibility;record_provenance;record_license,pending,
3,img_9f219b4cf1e1d818,dataset_test/02_ornek/kt315.jpg,02_ornek,candidate_825d4bd163a85237,confirm_object_group;assign_object_type;review_motif_visibility;record_provenance;record_license,pending,
3,img_db7ef11f8e9923e4,dataset_test/02_ornek/kt318.jpg,02_ornek,candidate_e756a7c93be384f0,confirm_object_group;assign_object_type;review_motif_visibility;record_provenance;record_license,pending,
3,img_3663b453d23b9061,dataset_test/02_ornek/kt319.jpg,02_ornek,candidate_d879f4c734f4777f,confirm_object_group;assign_object_type;review_motif_visibility;record_provenance;record_license,pending,
3,img_62d2dc5703eb8c5c,dataset_test/02_ornek/kt324.jpg,02_ornek,candidate_b311b6306ee3a5ef,confirm_object_group;assign_object_type;review_motif_visibility;record_provenance;record_license,pending,
3,img_c003828522fa6d37,dataset_test/02_ornek/kt327.jpg,02_ornek,candidate_21c9b414114c14ea,confirm_object_group;assign_object_type;review_motif_visibility;record_provenance;record_license,pending,
3,img_e7d730656e020310,dataset_test/02_ornek/kt330.JPG,02_ornek,candidate_27569294acc5b737,confirm_object_group;assign_object_type;review_motif_visibility;record_provenance;record_license,pending,
3,img_05b6eb233c4b03f9,dataset_test/02_ornek/kt331.jpg,02_ornek,candidate_58666782d7aec006,confirm_object_group;assign_object_type;review_motif_visibility;record_provenance;record_license,pending,
3,img_799d854bfb84b74c,dataset_test/02_ornek/kt338.jpg,02_ornek,candidate_2d35cf21a945f322,confirm_object_group;assign_object_type;review_motif_visibility;record_provenance;record_license,pending,
3,img_e9c4fd3dde3a7c55,dataset_test/02_ornek/kt340.jpg,02_ornek,candidate_47455e3499d366a9,confirm_object_group;assign_object_type;review_motif_visibility;record_provenance;record_license,pending,
3,img_2a814323b27e16d1,dataset_test/02_ornek/kt347.jpg,02_ornek,candidate_16230f7e9cf73fb2,confirm_object_group;assign_object_type;review_motif_visibility;record_provenance;record_license,pending,
3,img_9dd74fb7fadf68c1,dataset_test/02_ornek/kt350.jpg,02_ornek,candidate_b7327181185b40ee,confirm_object_group;assign_object_type;review_motif_visibility;record_provenance;record_license,pending,
3,img_ecbb078a391acb40,dataset_test/02_ornek/kt351.jpg,02_ornek,candidate_7d860aa70f7c382d,confirm_object_group;assign_object_type;review_motif_visibility;record_provenance;record_license,pending,
3,img_c62959b5089a38a2,dataset_test/02_ornek/kt354.jpg,02_ornek,candidate_4ef344aae94ed829,confirm_object_group;assign_object_type;review_motif_visibility;record_provenance;record_license,pending,
3,img_e6bd754aa571fb37,dataset_test/02_ornek/kt359.jpg,02_ornek,candidate_86bf77f37626bdc6,confirm_object_group;assign_object_type;review_motif_visibility;record_provenance;record_license,pending,
3,img_ca52c8c6c04a6f3a,dataset_test/02_ornek/kt363.jpg,02_ornek,candidate_4a30fe30adab0b8d,confirm_object_group;assign_object_type;review_motif_visibility;record_provenance;record_license,pending,
3,img_3db3f5ef26b67e53,dataset_test/02_ornek/kt369.jpg,02_ornek,candidate_7b1f97c1936d72a9,confirm_object_group;assign_object_type;review_motif_visibility;record_provenance;record_license,pending,
3,img_0a9df44043208d58,dataset_test/02_ornek/kt372.jpg,02_ornek,candidate_2c52f97a650074d1,confirm_object_group;assign_object_type;review_motif_visibility;record_provenance;record_license,pending,
3,img_ce196bfd40ec7636,dataset_test/02_ornek/kt374.jpg,02_ornek,candidate_8f63208d8d134f41,confirm_object_group;assign_object_type;review_motif_visibility;record_provenance;record_license,pending,
3,img_edb928cc2c5374e5,dataset_test/02_ornek/kt375.jpg,02_ornek,candidate_ef5c612c8a1aaf50,confirm_object_group;assign_object_type;review_motif_visibility;record_provenance;record_license,pending,
3,img_93e9fd91fb209ed6,dataset_test/02_ornek/kt377.jpg,02_ornek,candidate_4dad6b99a07732c8,confirm_object_group;assign_object_type;review_motif_visibility;record_provenance;record_license,pending,
3,img_7bbe73b734404765,dataset_test/02_ornek/kt380.jpg,02_ornek,candidate_9f96c8806792b29a,confirm_object_group;assign_object_type;review_motif_visibility;record_provenance;record_license,pending,
3,img_9ee79847fb4f6c4f,dataset_test/02_ornek/kt382.jpg,02_ornek,candidate_a01dbb49f9f6afd9,confirm_object_group;assign_object_type;review_motif_visibility;record_provenance;record_license,pending,
3,img_a3569e1ba3b0f28c,dataset_test/02_ornek/kt392.jpg,02_ornek,candidate_0a7b870f7f3e5c1b,confirm_object_group;assign_object_type;review_motif_visibility;record_provenance;record_license,pending,
3,img_c90d5042ee48b7e3,dataset_test/02_ornek/kt396.jpg,02_ornek,candidate_260e5266de7e9488,confirm_object_group;assign_object_type;review_motif_visibility;record_provenance;record_license,pending,
3,img_145a5542859665f7,dataset_test/02_ornek/kt397.jpg,02_ornek,candidate_b1b5944780018eaf,confirm_object_group;assign_object_type;review_motif_visibility;record_provenance;record_license,pending,
3,img_00dd435c8a7110d1,dataset_test/02_ornek/kt399.JPG,02_ornek,candidate_0d0aaa424bc3f205,confirm_object_group;assign_object_type;review_motif_visibility;record_provenance;record_license,pending,
3,img_5544bf01af05443d,dataset_test/02_ornek/kt400.jpg,02_ornek,candidate_5d357d381d6166b3,confirm_object_group;assign_object_type;review_motif_visibility;record_provenance;record_license,pending,
3,img_a482a6e9d8a6b507,dataset_test/02_ornek/kt401.jpg,02_ornek,candidate_787a2fba19273799,confirm_object_group;assign_object_type;review_motif_visibility;record_provenance;record_license,pending,
3,img_2e94ec9787df0062,dataset_test/02_ornek/kt405.jpg,02_ornek,candidate_e0933d547911d322,confirm_object_group;assign_object_type;review_motif_visibility;record_provenance;record_license,pending,
3,img_12f1de2fe232183a,dataset_test/02_ornek/kt406.jpg,02_ornek,candidate_dbd8a4101552b007,confirm_object_group;assign_object_type;review_motif_visibility;record_provenance;record_license,pending,
3,img_315e284c822db828,dataset_test/02_ornek/kt408.jpg,02_ornek,candidate_06be9525f9b825cb,confirm_object_group;assign_object_type;review_motif_visibility;record_provenance;record_license,pending,
3,img_8f62b53f3796f489,dataset_test/02_ornek/kt410.JPG,02_ornek,candidate_203323dd9c040394,confirm_object_group;assign_object_type;review_motif_visibility;record_provenance;record_license,pending,
3,img_cbc319eb5735ca19,dataset_test/02_ornek/kt413.JPG,02_ornek,candidate_0c0c555efdaf8988,confirm_object_group;assign_object_type;review_motif_visibility;record_provenance;record_license,pending,
3,img_b139a3082ba9b420,dataset_test/02_ornek/kt416.jpg,02_ornek,candidate_75dc560ebfa720f6,confirm_object_group;assign_object_type;review_motif_visibility;record_provenance;record_license,pending,
3,img_34ce12263305fb57,dataset_test/02_ornek/kt418.JPG,02_ornek,candidate_c82ea6ccaf9994c1,confirm_object_group;assign_object_type;review_motif_visibility;record_provenance;record_license,pending,
3,img_c02daf61fd5058bb,dataset_test/02_ornek/kt420.JPG,02_ornek,candidate_b94b843559878265,confirm_object_group;assign_object_type;review_motif_visibility;record_provenance;record_license,pending,
3,img_a35ca14dc4ffadf4,dataset_test/02_ornek/kt422.jpg,02_ornek,candidate_9a44db8262dab6bd,confirm_object_group;assign_object_type;review_motif_visibility;record_provenance;record_license,pending,
3,img_c1089b9a24fa8979,dataset_test/02_ornek/kt424.jpg,02_ornek,candidate_2c997cd487d0b0a0,confirm_object_group;assign_object_type;review_motif_visibility;record_provenance;record_license,pending,
3,img_e9dad6c56a753607,dataset_test/02_ornek/kt425.jpg,02_ornek,candidate_3d9a5a7c0ec798fe,confirm_object_group;assign_object_type;review_motif_visibility;record_provenance;record_license,pending,
3,img_612e3fec890d4bde,dataset_test/02_ornek/kt429.jpg,02_ornek,candidate_1b0b008518325f4b,confirm_object_group;assign_object_type;review_motif_visibility;record_provenance;record_license,pending,
3,img_4d7e71df6e208503,dataset_test/02_ornek/kt430.jpg,02_ornek,candidate_7de7d549e86d4325,confirm_object_group;assign_object_type;review_motif_visibility;record_provenance;record_license,pending,
3,img_36904f8622930f70,dataset_test/02_ornek/kt441.JPG,02_ornek,candidate_85bb087390eb05ce,confirm_object_group;assign_object_type;review_motif_visibility;record_provenance;record_license,pending,
3,img_0c09c14325c2b0b3,dataset_test/02_ornek/kt444.jpg,02_ornek,candidate_7e8d465080510eb3,confirm_object_group;assign_object_type;review_motif_visibility;record_provenance;record_license,pending,
3,img_049791581eb28ac0,dataset_test/02_ornek/kt446.JPG,02_ornek,candidate_5c80d66e5253f8bb,confirm_object_group;assign_object_type;review_motif_visibility;record_provenance;record_license,pending,
3,img_46f34712289a0ee1,dataset_test/02_ornek/kt449.jpg,02_ornek,candidate_bd46fa1035a4d0d8,confirm_object_group;assign_object_type;review_motif_visibility;record_provenance;record_license,pending,
3,img_30b1f6ccc02ec44d,dataset_test/02_ornek/kt451.jpg,02_ornek,candidate_56bc700745a6a9c0,confirm_object_group;assign_object_type;review_motif_visibility;record_provenance;record_license,pending,
3,img_2f45c7c1c1aac892,dataset_test/02_ornek/kt454.jpg,02_ornek,candidate_850628bcab5ae50f,confirm_object_group;assign_object_type;review_motif_visibility;record_provenance;record_license,pending,
3,img_2a07de9179f98dc0,dataset_test/02_ornek/kt457.jpg,02_ornek,candidate_e439d302033bf135,confirm_object_group;assign_object_type;review_motif_visibility;record_provenance;record_license,pending,
3,img_100d28fd55a8c1d3,dataset_test/02_ornek/kt460.jpg,02_ornek,candidate_30189248dbb3dad9,confirm_object_group;assign_object_type;review_motif_visibility;record_provenance;record_license,pending,
3,img_094200d21dab3010,dataset_test/02_ornek/kt462.jpg,02_ornek,candidate_09cca47e5804cc92,confirm_object_group;assign_object_type;review_motif_visibility;record_provenance;record_license,pending,
3,img_5f52ef0cf3960983,dataset_test/02_ornek/kt466.jpg,02_ornek,candidate_05576fcd6a14373d,confirm_object_group;assign_object_type;review_motif_visibility;record_provenance;record_license,pending,
3,img_9ff687e16b75cb06,dataset_test/02_ornek/kt473.jpg,02_ornek,candidate_812d7705c967e5db,confirm_object_group;assign_object_type;review_motif_visibility;record_provenance;record_license,pending,
3,img_98aa3e0ed2d23217,dataset_test/02_ornek/kt478.jpg,02_ornek,candidate_3a598801834e6438,confirm_object_group;assign_object_type;review_motif_visibility;record_provenance;record_license,pending,
3,img_915d3b26c554671a,dataset_test/02_ornek/kt482.jpg,02_ornek,candidate_fea8e6369624ba43,confirm_object_group;assign_object_type;review_motif_visibility;record_provenance;record_license,pending,
3,img_d7b98cf9635af868,dataset_test/02_ornek/kt484.jpg,02_ornek,candidate_0c183e752988c6c2,confirm_object_group;assign_object_type;review_motif_visibility;record_provenance;record_license,pending,
3,img_1c778eb96030f770,dataset_test/02_ornek/kt485.jpeg,02_ornek,candidate_397260441e53287e,confirm_object_group;assign_object_type;review_motif_visibility;record_provenance;record_license,pending,
3,img_62f62dd261842bbf,dataset_test/02_ornek/kt490.JPG,02_ornek,candidate_800b043472273a61,confirm_object_group;assign_object_type;review_motif_visibility;record_provenance;record_license,pending,
3,img_1a764a95691f3653,dataset_test/02_ornek/kt492.JPG,02_ornek,candidate_12bcc48430a2103f,confirm_object_group;assign_object_type;review_motif_visibility;record_provenance;record_license,pending,
3,img_36554fd6901f0fa9,dataset_test/02_ornek/kt494.jpg,02_ornek,candidate_db0dd4eb6ac328ec,confirm_object_group;assign_object_type;review_motif_visibility;record_provenance;record_license,pending,
3,img_5be65d0daa11dad8,dataset_test/02_ornek/kt498.jpg,02_ornek,candidate_cb8b925b95922ce3,confirm_object_group;assign_object_type;review_motif_visibility;record_provenance;record_license,pending,
3,img_6f1aff5820d3e6e2,dataset_test/02_ornek/kt505.jpg,02_ornek,candidate_251904147994f1ff,confirm_object_group;assign_object_type;review_motif_visibility;record_provenance;record_license,pending,
3,img_9ccf71ac524126ec,dataset_test/02_ornek/kt511.jpg,02_ornek,candidate_e51bdcc84296758d,confirm_object_group;assign_object_type;review_motif_visibility;record_provenance;record_license,pending,
3,img_64ed8e766b1b75a1,dataset_test/02_ornek/kt514.jpg,02_ornek,candidate_4d8f5be4e944bac9,confirm_object_group;assign_object_type;review_motif_visibility;record_provenance;record_license,pending,
3,img_271612f4b7263c51,dataset_test/03_bubnivka_ceramics/b002.jpg,03_bubnivka_ceramics,candidate_fa0e3a894f6ae612,confirm_object_group;assign_object_type;review_motif_visibility;record_provenance;record_license,pending,
3,img_0edd2b9f2d573b54,dataset_test/03_bubnivka_ceramics/b004.jpg,03_bubnivka_ceramics,candidate_71b75986451b71b8,confirm_object_group;assign_object_type;review_motif_visibility;record_provenance;record_license,pending,
3,img_4a0ddc840c35265c,dataset_test/03_bubnivka_ceramics/b006.jpg,03_bubnivka_ceramics,candidate_14cc1579b8082cbf,confirm_object_group;assign_object_type;review_motif_visibility;record_provenance;record_license,pending,
3,img_6874c882f217410c,dataset_test/03_bubnivka_ceramics/b009.jpg,03_bubnivka_ceramics,candidate_54e774e14b4a9735,confirm_object_group;assign_object_type;review_motif_visibility;record_provenance;record_license,pending,
3,img_398152084381f72c,dataset_test/03_bubnivka_ceramics/b011.jpg,03_bubnivka_ceramics,candidate_75ac4ddeeba76f0b,confirm_object_group;assign_object_type;review_motif_visibility;record_provenance;record_license,pending,
3,img_c956fe56f2b2dbbc,dataset_test/03_bubnivka_ceramics/b017.jpg,03_bubnivka_ceramics,candidate_4789995193f0f507,confirm_object_group;assign_object_type;review_motif_visibility;record_provenance;record_license,pending,
3,img_07218a591e02d3ca,dataset_test/03_bubnivka_ceramics/b028.jpg,03_bubnivka_ceramics,candidate_8b6edaf4f71f51b7,confirm_object_group;assign_object_type;review_motif_visibility;record_provenance;record_license,pending,
3,img_c068b6adaf1acdd2,dataset_test/03_bubnivka_ceramics/b030.jpg,03_bubnivka_ceramics,candidate_99eb09ef0aa81156,confirm_object_group;assign_object_type;review_motif_visibility;record_provenance;record_license,pending,
3,img_b1ab8ca6ead0b14d,dataset_test/03_bubnivka_ceramics/b033.jpg,03_bubnivka_ceramics,candidate_48f7b99f74ff44b2,confirm_object_group;assign_object_type;review_motif_visibility;record_provenance;record_license,pending,
3,img_38ff1e10118591dd,dataset_test/03_bubnivka_ceramics/b037.jpg,03_bubnivka_ceramics,candidate_0581ed51e4835601,confirm_object_group;assign_object_type;review_motif_visibility;record_provenance;record_license,pending,
3,img_23172f7819bdd1f1,dataset_test/03_bubnivka_ceramics/b042.jpg,03_bubnivka_ceramics,candidate_909618e989d42dd3,confirm_object_group;assign_object_type;review_motif_visibility;record_provenance;record_license,pending,
3,img_2e49a3a548ad7b93,dataset_test/03_bubnivka_ceramics/b043.jpg,03_bubnivka_ceramics,candidate_1679e5f682a3b15d,confirm_object_group;assign_object_type;review_motif_visibility;record_provenance;record_license,pending,
3,img_613071d744fd423b,dataset_test/03_bubnivka_ceramics/b048.jpg,03_bubnivka_ceramics,candidate_94cf89894cd09e9f,confirm_object_group;assign_object_type;review_motif_visibility;record_provenance;record_license,pending,
3,img_7137c88e9d4c893d,dataset_test/03_bubnivka_ceramics/b050.jpg,03_bubnivka_ceramics,candidate_75ddb04500fd5017,confirm_object_group;assign_object_type;review_motif_visibility;record_provenance;record_license,pending,
3,img_fef1e812733aa7b4,dataset_test/03_bubnivka_ceramics/b083.jpg,03_bubnivka_ceramics,candidate_82d1930291b6e601,confirm_object_group;assign_object_type;review_motif_visibility;record_provenance;record_license,pending,
3,img_9730a0bef77209a2,dataset_test/03_bubnivka_ceramics/b085.jpg,03_bubnivka_ceramics,candidate_ca4db77f961fb54d,confirm_object_group;assign_object_type;review_motif_visibility;record_provenance;record_license,pending,
3,img_30e985fd97200ef9,dataset_test/03_bubnivka_ceramics/b087.jpg,03_bubnivka_ceramics,candidate_e36007f1b5871807,confirm_object_group;assign_object_type;review_motif_visibility;record_provenance;record_license,pending,
3,img_6ec380bf0d545b56,dataset_test/03_bubnivka_ceramics/b094.jpg,03_bubnivka_ceramics,candidate_a6e40a2acffbc736,confirm_object_group;assign_object_type;review_motif_visibility;record_provenance;record_license,pending,
3,img_98808e79431a3d38,dataset_test/03_bubnivka_ceramics/b096.jpg,03_bubnivka_ceramics,candidate_266e1b68628034e9,confirm_object_group;assign_object_type;review_motif_visibility;record_provenance;record_license,pending,
3,img_2753b13ff9a67e2c,dataset_test/03_bubnivka_ceramics/b100.jpg,03_bubnivka_ceramics,candidate_4afe244833e40358,confirm_object_group;assign_object_type;review_motif_visibility;record_provenance;record_license,pending,
3,img_f3318553c1045820,dataset_test/03_bubnivka_ceramics/b104.jpg,03_bubnivka_ceramics,candidate_52ae8b898379d217,confirm_object_group;assign_object_type;review_motif_visibility;record_provenance;record_license,pending,
3,img_56d18554111a520a,dataset_test/03_bubnivka_ceramics/b114.jpg,03_bubnivka_ceramics,candidate_472efc88d404fddd,confirm_object_group;assign_object_type;review_motif_visibility;record_provenance;record_license,pending,
3,img_de6df33704efe442,dataset_test/03_bubnivka_ceramics/b118.jpg,03_bubnivka_ceramics,candidate_8783a41f4dbb852a,confirm_object_group;assign_object_type;review_motif_visibility;record_provenance;record_license,pending,
3,img_969935f917bf018f,dataset_test/03_bubnivka_ceramics/b119.jpg,03_bubnivka_ceramics,candidate_6bf081fba6631ad9,confirm_object_group;assign_object_type;review_motif_visibility;record_provenance;record_license,pending,
3,img_cd8d687f52630531,dataset_test/03_bubnivka_ceramics/b124.jpg,03_bubnivka_ceramics,candidate_fad9671f24cdda69,confirm_object_group;assign_object_type;review_motif_visibility;record_provenance;record_license,pending,
3,img_e7cdb456e93a4267,dataset_test/03_bubnivka_ceramics/b128.jpg,03_bubnivka_ceramics,candidate_00209bf33c0aef92,confirm_object_group;assign_object_type;review_motif_visibility;record_provenance;record_license,pending,
3,img_cf81b86179409bb8,dataset_test/03_bubnivka_ceramics/b130.jpg,03_bubnivka_ceramics,candidate_37b4a8df013cef10,confirm_object_group;assign_object_type;review_motif_visibility;record_provenance;record_license,pending,
3,img_ddccc185ea5cb3ce,dataset_test/03_bubnivka_ceramics/b132.jpg,03_bubnivka_ceramics,candidate_d0a0a2be61529c41,confirm_object_group;assign_object_type;review_motif_visibility;record_provenance;record_license,pending,
3,img_ed52ce697bc7d313,dataset_test/03_bubnivka_ceramics/b134.jpg,03_bubnivka_ceramics,candidate_124171cdc16a822d,confirm_object_group;assign_object_type;review_motif_visibility;record_provenance;record_license,pending,
3,img_a52a72671810028e,dataset_test/03_bubnivka_ceramics/b136.jpg,03_bubnivka_ceramics,candidate_e7444ac8c5dc7d27,confirm_object_group;assign_object_type;review_motif_visibility;record_provenance;record_license,pending,
3,img_8f20fb0d1959281b,dataset_test/03_bubnivka_ceramics/b137.jpg,03_bubnivka_ceramics,candidate_1775d8762edc7b7d,confirm_object_group;assign_object_type;review_motif_visibility;record_provenance;record_license,pending,
3,img_7676d5baf7440b04,dataset_test/03_bubnivka_ceramics/b139.jpg,03_bubnivka_ceramics,candidate_e1e250ffa4927a80,confirm_object_group;assign_object_type;review_motif_visibility;record_provenance;record_license,pending,
3,img_56f815816e452047,dataset_test/03_bubnivka_ceramics/b141.jpg,03_bubnivka_ceramics,candidate_96dfc9f6e95bf910,confirm_object_group;assign_object_type;review_motif_visibility;record_provenance;record_license,pending,
3,img_65bfff2ab0d0adb0,dataset_test/03_bubnivka_ceramics/b143.jpg,03_bubnivka_ceramics,candidate_bc15927d233eaf9b,confirm_object_group;assign_object_type;review_motif_visibility;record_provenance;record_license,pending,
3,img_a3814cba7138170d,dataset_test/03_bubnivka_ceramics/b145.jpg,03_bubnivka_ceramics,candidate_1e5ce363faa66561,confirm_object_group;assign_object_type;review_motif_visibility;record_provenance;record_license,pending,
3,img_8c157450a217c62a,dataset_test/03_bubnivka_ceramics/b147.jpg,03_bubnivka_ceramics,candidate_6c939d2d29e94936,confirm_object_group;assign_object_type;review_motif_visibility;record_provenance;record_license,pending,
3,img_36ba3cb796813bdd,dataset_test/03_bubnivka_ceramics/b149.jpg,03_bubnivka_ceramics,candidate_8f8e39bab609d112,confirm_object_group;assign_object_type;review_motif_visibility;record_provenance;record_license,pending,
3,img_bf713c9f2420c87e,dataset_test/03_bubnivka_ceramics/b151.jpg,03_bubnivka_ceramics,candidate_3e4f2aca3771e6a3,confirm_object_group;assign_object_type;review_motif_visibility;record_provenance;record_license,pending,
3,img_2768c467639c295e,dataset_test/03_bubnivka_ceramics/b153.jpg,03_bubnivka_ceramics,candidate_7799d30b7687c4d6,confirm_object_group;assign_object_type;review_motif_visibility;record_provenance;record_license,pending,
3,img_52fed74238f3d732,dataset_test/03_bubnivka_ceramics/b155.jpg,03_bubnivka_ceramics,candidate_73416ef2c440fd2a,confirm_object_group;assign_object_type;review_motif_visibility;record_provenance;record_license,pending,
3,img_1db2b44e45dd118c,dataset_test/03_bubnivka_ceramics/b157.jpg,03_bubnivka_ceramics,candidate_a943772e4ad9417a,confirm_object_group;assign_object_type;review_motif_visibility;record_provenance;record_license,pending,
3,img_38795061f0e5fba7,dataset_test/03_bubnivka_ceramics/b159.jpg,03_bubnivka_ceramics,candidate_f5349ff22e503f02,confirm_object_group;assign_object_type;review_motif_visibility;record_provenance;record_license,pending,
3,img_1566ed1a4881cdba,dataset_test/03_bubnivka_ceramics/b161.jpg,03_bubnivka_ceramics,candidate_60dd39574eaedf7e,confirm_object_group;assign_object_type;review_motif_visibility;record_provenance;record_license,pending,
3,img_a3bcdb2ac2b538e3,dataset_test/03_bubnivka_ceramics/b163.jpg,03_bubnivka_ceramics,candidate_c102480a4e09df5b,confirm_object_group;assign_object_type;review_motif_visibility;record_provenance;record_license,pending,
3,img_8408bfe590f2d26e,dataset_test/03_bubnivka_ceramics/b165.jpg,03_bubnivka_ceramics,candidate_4069d857b532593b,confirm_object_group;assign_object_type;review_motif_visibility;record_provenance;record_license,pending,
3,img_d1d50a15689d74a5,dataset_test/03_bubnivka_ceramics/b167.jpg,03_bubnivka_ceramics,candidate_e65cdc43d4af0049,confirm_object_group;assign_object_type;review_motif_visibility;record_provenance;record_license,pending,
3,img_675f0d8dbbae3934,dataset_test/03_bubnivka_ceramics/b169.jpg,03_bubnivka_ceramics,candidate_96fd931d2e8a129d,confirm_object_group;assign_object_type;review_motif_visibility;record_provenance;record_license,pending,
3,img_2758cede23fd138f,dataset_test/03_bubnivka_ceramics/b170.jpg,03_bubnivka_ceramics,candidate_932074b2b2b98f73,confirm_object_group;assign_object_type;review_motif_visibility;record_provenance;record_license,pending,
3,img_97cd48811aa46ce4,dataset_test/03_bubnivka_ceramics/b171.jpg,03_bubnivka_ceramics,candidate_408f315cfad53328,confirm_object_group;assign_object_type;review_motif_visibility;record_provenance;record_license,pending,
3,img_242cca60666b3a06,dataset_test/03_bubnivka_ceramics/b173.jpg,03_bubnivka_ceramics,candidate_69ed7c1bc9f6a504,confirm_object_group;assign_object_type;review_motif_visibility;record_provenance;record_license,pending,
3,img_70eba54855cd8c42,dataset_test/03_bubnivka_ceramics/b175.jpg,03_bubnivka_ceramics,candidate_4842ce6c16b6af23,confirm_object_group;assign_object_type;review_motif_visibility;record_provenance;record_license,pending,
3,img_aba1bceece2dcaac,dataset_test/03_bubnivka_ceramics/b177.jpg,03_bubnivka_ceramics,candidate_334ff0004fd159cb,confirm_object_group;assign_object_type;review_motif_visibility;record_provenance;record_license,pending,
3,img_20d6e7a0b5e8946f,dataset_test/03_bubnivka_ceramics/b179.jpg,03_bubnivka_ceramics,candidate_47b61ac7d232376c,confirm_object_group;assign_object_type;review_motif_visibility;record_provenance;record_license,pending,
3,img_1888247643b0962c,dataset_test/03_bubnivka_ceramics/b181.jpg,03_bubnivka_ceramics,candidate_facc8b13f3087fdb,confirm_object_group;assign_object_type;review_motif_visibility;record_provenance;record_license,pending,
3,img_676997af6adebbaf,dataset_test/03_bubnivka_ceramics/b183.jpg,03_bubnivka_ceramics,candidate_c4e6266c7d765c15,confirm_object_group;assign_object_type;review_motif_visibility;record_provenance;record_license,pending,
3,img_7beba6f9e636608a,dataset_test/03_bubnivka_ceramics/b185.jpg,03_bubnivka_ceramics,candidate_4af6ba67054d22f6,confirm_object_group;assign_object_type;review_motif_visibility;record_provenance;record_license,pending,
3,img_e8b910bab4c5f55b,dataset_test/03_bubnivka_ceramics/b187.jpg,03_bubnivka_ceramics,candidate_e5fca4049e49c4a3,confirm_object_group;assign_object_type;review_motif_visibility;record_provenance;record_license,pending,
3,img_b473129a48fe1f8f,dataset_test/03_bubnivka_ceramics/b189.jpg,03_bubnivka_ceramics,candidate_aee439d70f020247,confirm_object_group;assign_object_type;review_motif_visibility;record_provenance;record_license,pending,
3,img_f20e57f5d525f0be,dataset_test/03_bubnivka_ceramics/b191.jpg,03_bubnivka_ceramics,candidate_277bed223813fe35,confirm_object_group;assign_object_type;review_motif_visibility;record_provenance;record_license,pending,
3,img_6e5dc6c650721ae6,dataset_test/03_bubnivka_ceramics/b193.jpg,03_bubnivka_ceramics,candidate_0c002279b0298564,confirm_object_group;assign_object_type;review_motif_visibility;record_provenance;record_license,pending,
3,img_3b5a43fc056f82b1,dataset_test/03_bubnivka_ceramics/b195.jpg,03_bubnivka_ceramics,candidate_69f9eb85cba8a13c,confirm_object_group;assign_object_type;review_motif_visibility;record_provenance;record_license,pending,
3,img_26328ff20ada7096,dataset_test/03_bubnivka_ceramics/b200.jpg,03_bubnivka_ceramics,candidate_278c2567708679f9,confirm_object_group;assign_object_type;review_motif_visibility;record_provenance;record_license,pending,
3,img_e2de58e72ef3c4ce,dataset_test/03_bubnivka_ceramics/b209.jpg,03_bubnivka_ceramics,candidate_ee28c4393be7a520,confirm_object_group;assign_object_type;review_motif_visibility;record_provenance;record_license,pending,
3,img_473e3ac138961a4a,dataset_test/03_bubnivka_ceramics/b210.jpg,03_bubnivka_ceramics,candidate_4a41cab477d0ed7a,confirm_object_group;assign_object_type;review_motif_visibility;record_provenance;record_license,pending,
3,img_9198927409806e22,dataset_test/03_bubnivka_ceramics/b211.jpg,03_bubnivka_ceramics,candidate_a0ba358581369c26,confirm_object_group;assign_object_type;review_motif_visibility;record_provenance;record_license,pending,
3,img_e1e95533e8dd3a80,dataset_test/03_bubnivka_ceramics/b217.jpg,03_bubnivka_ceramics,candidate_f9af6008411d8b2c,confirm_object_group;assign_object_type;review_motif_visibility;record_provenance;record_license,pending,
3,img_e13ba14d8e5683d3,dataset_test/03_bubnivka_ceramics/b218.jpg,03_bubnivka_ceramics,candidate_669e7924cd7a8e45,confirm_object_group;assign_object_type;review_motif_visibility;record_provenance;record_license,pending,
3,img_dcf9e3de59857391,dataset_test/03_bubnivka_ceramics/b219.jpg,03_bubnivka_ceramics,candidate_5b15da06e5576dd1,confirm_object_group;assign_object_type;review_motif_visibility;record_provenance;record_license,pending,
3,img_9b4abbf3c6bc552b,dataset_test/03_bubnivka_ceramics/b224.jpg,03_bubnivka_ceramics,candidate_4dd4aa96e2b32e8d,confirm_object_group;assign_object_type;review_motif_visibility;record_provenance;record_license,pending,
3,img_0438561b7972dccf,dataset_test/03_bubnivka_ceramics/b229.jpg,03_bubnivka_ceramics,candidate_babf1da9fba7f43c,confirm_object_group;assign_object_type;review_motif_visibility;record_provenance;record_license,pending,
3,img_583efadb0d838488,dataset_test/03_bubnivka_ceramics/b230.jpg,03_bubnivka_ceramics,candidate_6e6be142597408ef,confirm_object_group;assign_object_type;review_motif_visibility;record_provenance;record_license,pending,
3,img_92bf3e9b6d82c988,dataset_test/03_bubnivka_ceramics/b270.jpg,03_bubnivka_ceramics,candidate_184d8e4a351d489b,confirm_object_group;assign_object_type;review_motif_visibility;record_provenance;record_license,pending,
3,img_41e335883d59e27a,dataset_test/03_bubnivka_ceramics/b271.jpg,03_bubnivka_ceramics,candidate_70585a4af0453cc4,confirm_object_group;assign_object_type;review_motif_visibility;record_provenance;record_license,pending,
3,img_c6d933ed1ed489f0,dataset_test/03_bubnivka_ceramics/b272.jpg,03_bubnivka_ceramics,candidate_544573d160d0a9b8,confirm_object_group;assign_object_type;review_motif_visibility;record_provenance;record_license,pending,
3,img_123c787431cceb36,dataset_test/03_bubnivka_ceramics/b273.jpg,03_bubnivka_ceramics,candidate_24a516f1d098a075,confirm_object_group;assign_object_type;review_motif_visibility;record_provenance;record_license,pending,
3,img_c3bebdc328ddc87e,dataset_test/03_bubnivka_ceramics/b278.jpg,03_bubnivka_ceramics,candidate_5c9069614708f0d6,confirm_object_group;assign_object_type;review_motif_visibility;record_provenance;record_license,pending,
3,img_65bbadfb71dacade,dataset_test/03_bubnivka_ceramics/b287.jpg,03_bubnivka_ceramics,candidate_717b2fa0e30e0aa6,confirm_object_group;assign_object_type;review_motif_visibility;record_provenance;record_license,pending,
3,img_5c15b9d8cce94b8a,dataset_test/03_bubnivka_ceramics/b289.jpg,03_bubnivka_ceramics,candidate_dc801b2b57cf14de,confirm_object_group;assign_object_type;review_motif_visibility;record_provenance;record_license,pending,
3,img_2950b4f304213f6b,dataset_test/03_bubnivka_ceramics/b292.jpg,03_bubnivka_ceramics,candidate_f6a9a27d7fd1b0f1,confirm_object_group;assign_object_type;review_motif_visibility;record_provenance;record_license,pending,
3,img_6e1d011f044980e9,dataset_test/03_bubnivka_ceramics/b295.jpg,03_bubnivka_ceramics,candidate_94502c152badc51c,confirm_object_group;assign_object_type;review_motif_visibility;record_provenance;record_license,pending,
3,img_be25fc833f4b7ebb,dataset_test/03_bubnivka_ceramics/b297.jpg,03_bubnivka_ceramics,candidate_3bb743f68daba29b,confirm_object_group;assign_object_type;review_motif_visibility;record_provenance;record_license,pending,
3,img_fdd1c79575243573,dataset_test/03_bubnivka_ceramics/b299.jpg,03_bubnivka_ceramics,candidate_615717077ca366ba,confirm_object_group;assign_object_type;review_motif_visibility;record_provenance;record_license,pending,
3,img_4caba2215c35da80,dataset_test/03_bubnivka_ceramics/b301.jpg,03_bubnivka_ceramics,candidate_83f5db0994aaa015,confirm_object_group;assign_object_type;review_motif_visibility;record_provenance;record_license,pending,
3,img_0095bea433d45455,dataset_test/03_bubnivka_ceramics/b304.jpg,03_bubnivka_ceramics,candidate_a745c9a0ac0c120e,confirm_object_group;assign_object_type;review_motif_visibility;record_provenance;record_license,pending,
3,img_cd0419751b8992bc,dataset_test/03_bubnivka_ceramics/b305.jpg,03_bubnivka_ceramics,candidate_0399346d43979c6e,confirm_object_group;assign_object_type;review_motif_visibility;record_provenance;record_license,pending,
3,img_c7e32682d476e923,dataset_test/03_bubnivka_ceramics/b310.jpg,03_bubnivka_ceramics,candidate_042c38c6be2f37ff,confirm_object_group;assign_object_type;review_motif_visibility;record_provenance;record_license,pending,
3,img_07226e6e8e112cd9,dataset_test/03_bubnivka_ceramics/b322.jpg,03_bubnivka_ceramics,candidate_b085c913dabebb43,confirm_object_group;assign_object_type;review_motif_visibility;record_provenance;record_license,pending,
3,img_ffda01d8ee04bbf2,dataset_test/03_bubnivka_ceramics/b323.jpeg,03_bubnivka_ceramics,candidate_c57f816c4eb775d3,confirm_object_group;assign_object_type;review_motif_visibility;record_provenance;record_license,pending,
3,img_4b8be63267d06224,dataset_test/03_bubnivka_ceramics/b324.jpeg,03_bubnivka_ceramics,candidate_d972121551a861b1,confirm_object_group;assign_object_type;review_motif_visibility;record_provenance;record_license,pending,
3,img_444562ef04ffe9b1,dataset_test/03_bubnivka_ceramics/b328.jpg,03_bubnivka_ceramics,candidate_ff29e47cb7035255,confirm_object_group;assign_object_type;review_motif_visibility;record_provenance;record_license,pending,
3,img_af9cc7745fa4fede,dataset_test/04_petrykivka_painting/011.jpg,04_petrykivka_painting,candidate_7e878fef899993f1,confirm_object_group;assign_object_type;review_motif_visibility;record_provenance;record_license,pending,
3,img_351efbc56785c78f,dataset_test/04_petrykivka_painting/017.jpg,04_petrykivka_painting,candidate_e6bc96cb44446da4,confirm_object_group;assign_object_type;review_motif_visibility;record_provenance;record_license,pending,
3,img_83563b693dbb1806,dataset_test/04_petrykivka_painting/022.jpg,04_petrykivka_painting,candidate_8f94bfe3a2261a8a,confirm_object_group;assign_object_type;review_motif_visibility;record_provenance;record_license,pending,
3,img_bc83b64a2a99b846,dataset_test/04_petrykivka_painting/025.jpg,04_petrykivka_painting,candidate_33186a064f49cf8f,confirm_object_group;assign_object_type;review_motif_visibility;record_provenance;record_license,pending,
3,img_4d21a696da1d6948,dataset_test/04_petrykivka_painting/029.jpeg,04_petrykivka_painting,candidate_3d6b7f0a232eea11,confirm_object_group;assign_object_type;review_motif_visibility;record_provenance;record_license,pending,
3,img_1165d3cb962c94b0,dataset_test/04_petrykivka_painting/031.jpg,04_petrykivka_painting,candidate_aba357acbb40de0d,confirm_object_group;assign_object_type;review_motif_visibility;record_provenance;record_license,pending,
3,img_4abf99329b12016d,dataset_test/04_petrykivka_painting/034.jpg,04_petrykivka_painting,candidate_1d882c3df755734d,confirm_object_group;assign_object_type;review_motif_visibility;record_provenance;record_license,pending,
3,img_ba4003d3ce1e99f2,dataset_test/04_petrykivka_painting/035.jpg,04_petrykivka_painting,candidate_234b97c02f3b03c0,confirm_object_group;assign_object_type;review_motif_visibility;record_provenance;record_license,pending,
3,img_39e3ca4645ec31f8,dataset_test/04_petrykivka_painting/037.jpg,04_petrykivka_painting,candidate_4a7d2e5b00575a60,confirm_object_group;assign_object_type;review_motif_visibility;record_provenance;record_license,pending,
3,img_069c9c71b4433e55,dataset_test/04_petrykivka_painting/041.jpg,04_petrykivka_painting,candidate_1ff37dd9f6ee4a19,confirm_object_group;assign_object_type;review_motif_visibility;record_provenance;record_license,pending,
3,img_c412839081011455,dataset_test/04_petrykivka_painting/051.jpg,04_petrykivka_painting,candidate_f7ec0798a0676121,confirm_object_group;assign_object_type;review_motif_visibility;record_provenance;record_license,pending,
3,img_eb9eb41a5ae5e1fd,dataset_test/04_petrykivka_painting/057.jpg,04_petrykivka_painting,candidate_723511e8ce3edb99,confirm_object_group;assign_object_type;review_motif_visibility;record_provenance;record_license,pending,
3,img_17d31d8839bf9b7c,dataset_test/04_petrykivka_painting/061.jpg,04_petrykivka_painting,candidate_c77744d68096a4e2,confirm_object_group;assign_object_type;review_motif_visibility;record_provenance;record_license,pending,
3,img_6123652e968a36f1,dataset_test/04_petrykivka_painting/064.jpg,04_petrykivka_painting,candidate_bd2d040a1b22f9fe,confirm_object_group;assign_object_type;review_motif_visibility;record_provenance;record_license,pending,
3,img_ea1685a1cc6b328c,dataset_test/04_petrykivka_painting/067.jpg,04_petrykivka_painting,candidate_6036a92422413c05,confirm_object_group;assign_object_type;review_motif_visibility;record_provenance;record_license,pending,
3,img_e5833d6abd348b52,dataset_test/04_petrykivka_painting/071.jpg,04_petrykivka_painting,candidate_d0fd68360ded4479,confirm_object_group;assign_object_type;review_motif_visibility;record_provenance;record_license,pending,
3,img_a0fcd0d5cf7644ea,dataset_test/04_petrykivka_painting/075.jpg,04_petrykivka_painting,candidate_b63f05a7bb7674b5,confirm_object_group;assign_object_type;review_motif_visibility;record_provenance;record_license,pending,
3,img_f58b5ff8a8a1ef77,dataset_test/04_petrykivka_painting/079.jpg,04_petrykivka_painting,candidate_3f8bb352d2b7924f,confirm_object_group;assign_object_type;review_motif_visibility;record_provenance;record_license,pending,
3,img_6c696e0769b90531,dataset_test/04_petrykivka_painting/081.jpg,04_petrykivka_painting,candidate_f1c36bb58dc9cd20,confirm_object_group;assign_object_type;review_motif_visibility;record_provenance;record_license,pending,
3,img_688f768bd33cde11,dataset_test/04_petrykivka_painting/089.jpg,04_petrykivka_painting,candidate_cd37b9a41358590d,confirm_object_group;assign_object_type;review_motif_visibility;record_provenance;record_license,pending,
3,img_c8e963e2a21f2e42,dataset_test/04_petrykivka_painting/090.jpg,04_petrykivka_painting,candidate_beb4e8eeb30774db,confirm_object_group;assign_object_type;review_motif_visibility;record_provenance;record_license,pending,
3,img_5bf8f5a2a904ce7f,dataset_test/04_petrykivka_painting/093.jpg,04_petrykivka_painting,candidate_efb320789ff41892,confirm_object_group;assign_object_type;review_motif_visibility;record_provenance;record_license,pending,
3,img_12c4e1f6e98f5dc3,dataset_test/04_petrykivka_painting/094.jpg,04_petrykivka_painting,candidate_ddd5d430ee179b51,confirm_object_group;assign_object_type;review_motif_visibility;record_provenance;record_license,pending,
3,img_1d6fd062134716c3,dataset_test/04_petrykivka_painting/097.jpg,04_petrykivka_painting,candidate_78119e4c9a692776,confirm_object_group;assign_object_type;review_motif_visibility;record_provenance;record_license,pending,
3,img_f29d0c28eff9f389,dataset_test/04_petrykivka_painting/101.jpg,04_petrykivka_painting,candidate_6986d9f5ab2ca94a,confirm_object_group;assign_object_type;review_motif_visibility;record_provenance;record_license,pending,
3,img_a60f485440262983,dataset_test/04_petrykivka_painting/103.jpg,04_petrykivka_painting,candidate_a11921f863b82a18,confirm_object_group;assign_object_type;review_motif_visibility;record_provenance;record_license,pending,
3,img_5d6d3749caad2a3c,dataset_test/04_petrykivka_painting/106.jpg,04_petrykivka_painting,candidate_3bb60ec1466c1d11,confirm_object_group;assign_object_type;review_motif_visibility;record_provenance;record_license,pending,
3,img_c948aea5e7abcab5,dataset_test/04_petrykivka_painting/111.jpg,04_petrykivka_painting,candidate_a395cb0979dc4ad4,confirm_object_group;assign_object_type;review_motif_visibility;record_provenance;record_license,pending,
3,img_07c4c1d68fe46011,dataset_test/04_petrykivka_painting/114.jpg,04_petrykivka_painting,candidate_c815be342653f1a3,confirm_object_group;assign_object_type;review_motif_visibility;record_provenance;record_license,pending,
3,img_5f7be5494fb162af,dataset_test/04_petrykivka_painting/117.jpg,04_petrykivka_painting,candidate_fbca3a14dc83f43b,confirm_object_group;assign_object_type;review_motif_visibility;record_provenance;record_license,pending,
3,img_effa9f74fe053594,dataset_test/04_petrykivka_painting/123.jpg,04_petrykivka_painting,candidate_dbc2b04e9196f921,confirm_object_group;assign_object_type;review_motif_visibility;record_provenance;record_license,pending,
3,img_1c25864b6ff0c620,dataset_test/04_petrykivka_painting/125.jpg,04_petrykivka_painting,candidate_9c59ecc8b8068364,confirm_object_group;assign_object_type;review_motif_visibility;record_provenance;record_license,pending,
3,img_2830092fe7571da9,dataset_test/04_petrykivka_painting/126.jpg,04_petrykivka_painting,candidate_43c3d89b24e0f167,confirm_object_group;assign_object_type;review_motif_visibility;record_provenance;record_license,pending,
3,img_1b6bb7f1fdd6839c,dataset_test/04_petrykivka_painting/128.jpg,04_petrykivka_painting,candidate_867269be56ec8e6e,confirm_object_group;assign_object_type;review_motif_visibility;record_provenance;record_license,pending,
3,img_fd01e33eeb79fd3e,dataset_test/04_petrykivka_painting/132.jpg,04_petrykivka_painting,candidate_6b9501ff22784094,confirm_object_group;assign_object_type;review_motif_visibility;record_provenance;record_license,pending,
3,img_6868aecc45cc1cb0,dataset_test/04_petrykivka_painting/133.jpg,04_petrykivka_painting,candidate_20718cff718b6d6f,confirm_object_group;assign_object_type;review_motif_visibility;record_provenance;record_license,pending,
3,img_20b3ddf70b4fc155,dataset_test/04_petrykivka_painting/135.jpg,04_petrykivka_painting,candidate_ce139768d7d9fbe5,confirm_object_group;assign_object_type;review_motif_visibility;record_provenance;record_license,pending,
3,img_2ee99576d34ec5b2,dataset_test/04_petrykivka_painting/136.jpg,04_petrykivka_painting,candidate_f61e27fe1906607c,confirm_object_group;assign_object_type;review_motif_visibility;record_provenance;record_license,pending,
3,img_bc0a2c5eb1ca7c75,dataset_test/04_petrykivka_painting/137.png,04_petrykivka_painting,candidate_bac1c0953f5569e9,confirm_object_group;assign_object_type;review_motif_visibility;record_provenance;record_license,pending,
3,img_fdc0218dd2da3ecb,dataset_test/04_petrykivka_painting/138.jpg,04_petrykivka_painting,candidate_e69a6deeede1ae51,confirm_object_group;assign_object_type;review_motif_visibility;record_provenance;record_license,pending,
3,img_5bcfc8cb3d267bd9,dataset_test/04_petrykivka_painting/143.jpg,04_petrykivka_painting,candidate_bc9d21077ec680e7,confirm_object_group;assign_object_type;review_motif_visibility;record_provenance;record_license,pending,
3,img_215aa5d8c020e17d,dataset_test/04_petrykivka_painting/146.jpg,04_petrykivka_painting,candidate_eb75ccd7896f1dc4,confirm_object_group;assign_object_type;review_motif_visibility;record_provenance;record_license,pending,
3,img_75a861900e8039e5,dataset_test/04_petrykivka_painting/149.jpg,04_petrykivka_painting,candidate_ba3bdfcf6d7cd629,confirm_object_group;assign_object_type;review_motif_visibility;record_provenance;record_license,pending,
3,img_d16db869194cb873,dataset_test/04_petrykivka_painting/151.png,04_petrykivka_painting,candidate_e4f27647f31d2cde,confirm_object_group;assign_object_type;review_motif_visibility;record_provenance;record_license,pending,
3,img_7a5d96062e504da7,dataset_test/04_petrykivka_painting/152.png,04_petrykivka_painting,candidate_20e384fceba6ba74,confirm_object_group;assign_object_type;review_motif_visibility;record_provenance;record_license,pending,
3,img_6ea4885417d3a0d1,dataset_test/04_petrykivka_painting/157.png,04_petrykivka_painting,candidate_39085cd041ff597f,confirm_object_group;assign_object_type;review_motif_visibility;record_provenance;record_license,pending,
3,img_3af37735eb6a4c86,dataset_test/04_petrykivka_painting/162.png,04_petrykivka_painting,candidate_f24f71c2f990cac1,confirm_object_group;assign_object_type;review_motif_visibility;record_provenance;record_license,pending,
3,img_54777ada7befa2bc,dataset_test/04_petrykivka_painting/165.jpg,04_petrykivka_painting,candidate_0014cd0325225542,confirm_object_group;assign_object_type;review_motif_visibility;record_provenance;record_license,pending,
3,img_63890c3dea88656f,dataset_test/04_petrykivka_painting/168.png,04_petrykivka_painting,candidate_976a44d473b28e78,confirm_object_group;assign_object_type;review_motif_visibility;record_provenance;record_license,pending,
3,img_8ed82c4285e2a322,dataset_test/04_petrykivka_painting/172.jpg,04_petrykivka_painting,candidate_bc75073cd2fc429c,confirm_object_group;assign_object_type;review_motif_visibility;record_provenance;record_license,pending,
3,img_f7dbd5877a2bb7ba,dataset_test/04_petrykivka_painting/173.jpg,04_petrykivka_painting,candidate_798eff5227f94039,confirm_object_group;assign_object_type;review_motif_visibility;record_provenance;record_license,pending,
3,img_b521c04dc05563cc,dataset_test/04_petrykivka_painting/178.jpg,04_petrykivka_painting,candidate_b2303e1525dea907,confirm_object_group;assign_object_type;review_motif_visibility;record_provenance;record_license,pending,
3,img_f9985b5aec883c44,dataset_test/04_petrykivka_painting/180.jpg,04_petrykivka_painting,candidate_707148b7e89fa0fe,confirm_object_group;assign_object_type;review_motif_visibility;record_provenance;record_license,pending,
3,img_494691b9e203d75f,dataset_test/04_petrykivka_painting/183.jpg,04_petrykivka_painting,candidate_062e67ddec29de1a,confirm_object_group;assign_object_type;review_motif_visibility;record_provenance;record_license,pending,
3,img_f9a47b605f705137,dataset_test/04_petrykivka_painting/184.jpg,04_petrykivka_painting,candidate_4f9eecba5c44f221,confirm_object_group;assign_object_type;review_motif_visibility;record_provenance;record_license,pending,
3,img_fe63c51d79ecde1d,dataset_test/04_petrykivka_painting/185.jpg,04_petrykivka_painting,candidate_e47d8366ae2ef219,confirm_object_group;assign_object_type;review_motif_visibility;record_provenance;record_license,pending,
3,img_05beb6be6373a4d0,dataset_test/04_petrykivka_painting/189.jpg,04_petrykivka_painting,candidate_1437b0e2214328d6,confirm_object_group;assign_object_type;review_motif_visibility;record_provenance;record_license,pending,
3,img_e5504d419f4e25d0,dataset_test/04_petrykivka_painting/190.jpg,04_petrykivka_painting,candidate_6351a6d2e434b144,confirm_object_group;assign_object_type;review_motif_visibility;record_provenance;record_license,pending,
3,img_7e54054b596d69e5,dataset_test/04_petrykivka_painting/192.jpg,04_petrykivka_painting,candidate_d827084ee1705774,confirm_object_group;assign_object_type;review_motif_visibility;record_provenance;record_license,pending,
3,img_660a77c3537ba19d,dataset_test/04_petrykivka_painting/197.png,04_petrykivka_painting,candidate_977e727d7531f8a3,confirm_object_group;assign_object_type;review_motif_visibility;record_provenance;record_license,pending,
3,img_2348efcac740ca91,dataset_test/04_petrykivka_painting/198.png,04_petrykivka_painting,candidate_463fa44719f9fd1b,confirm_object_group;assign_object_type;review_motif_visibility;record_provenance;record_license,pending,
3,img_00f952f73b595a4b,dataset_test/04_petrykivka_painting/200.png,04_petrykivka_painting,candidate_39636553cffc2d9a,confirm_object_group;assign_object_type;review_motif_visibility;record_provenance;record_license,pending,
3,img_e9ed25dd56687923,dataset_test/04_petrykivka_painting/206.jpg,04_petrykivka_painting,candidate_7e5d1a00a4a3446e,confirm_object_group;assign_object_type;review_motif_visibility;record_provenance;record_license,pending,
3,img_24dc365698db735c,dataset_test/04_petrykivka_painting/210.jpg,04_petrykivka_painting,candidate_f225a1d09e0c528d,confirm_object_group;assign_object_type;review_motif_visibility;record_provenance;record_license,pending,
3,img_f9c0c55ca811d6bb,dataset_test/04_petrykivka_painting/211.jpg,04_petrykivka_painting,candidate_3f57b16452ea7317,confirm_object_group;assign_object_type;review_motif_visibility;record_provenance;record_license,pending,
3,img_5a283ec449fd5131,dataset_test/04_petrykivka_painting/212.jpg,04_petrykivka_painting,candidate_f41dc75c674d5df4,confirm_object_group;assign_object_type;review_motif_visibility;record_provenance;record_license,pending,
3,img_bfa82f29305f6969,dataset_test/04_petrykivka_painting/220.jpg,04_petrykivka_painting,candidate_48c81aabef87ba0f,confirm_object_group;assign_object_type;review_motif_visibility;record_provenance;record_license,pending,
3,img_9858fe78ef0be9d1,dataset_test/04_petrykivka_painting/223.jpg,04_petrykivka_painting,candidate_f92eb1c83f90c94a,confirm_object_group;assign_object_type;review_motif_visibility;record_provenance;record_license,pending,
3,img_f924485ae98d3be4,dataset_test/04_petrykivka_painting/226.jpg,04_petrykivka_painting,candidate_d346566aba09787e,confirm_object_group;assign_object_type;review_motif_visibility;record_provenance;record_license,pending,
3,img_4fcc810283228a7b,dataset_test/04_petrykivka_painting/229.jpg,04_petrykivka_painting,candidate_ec4c1a3543de97be,confirm_object_group;assign_object_type;review_motif_visibility;record_provenance;record_license,pending,
3,img_18c436a050172336,dataset_test/04_petrykivka_painting/230.jpg,04_petrykivka_painting,candidate_eae9c70a1b3af5f6,confirm_object_group;assign_object_type;review_motif_visibility;record_provenance;record_license,pending,
3,img_773f86423d4bba63,dataset_test/04_petrykivka_painting/233.jpg,04_petrykivka_painting,candidate_0d71505c1c537789,confirm_object_group;assign_object_type;review_motif_visibility;record_provenance;record_license,pending,
3,img_85c12efa647f1278,dataset_test/04_petrykivka_painting/235.jpg,04_petrykivka_painting,candidate_2137cb4b4f814566,confirm_object_group;assign_object_type;review_motif_visibility;record_provenance;record_license,pending,
3,img_b0aeaadac56ba363,dataset_test/04_petrykivka_painting/237.jpg,04_petrykivka_painting,candidate_25dc9944f6cee9f0,confirm_object_group;assign_object_type;review_motif_visibility;record_provenance;record_license,pending,
3,img_c78092efbfb41d32,dataset_test/04_petrykivka_painting/242.jpg,04_petrykivka_painting,candidate_0653484c96bcaccb,confirm_object_group;assign_object_type;review_motif_visibility;record_provenance;record_license,pending,
3,img_af7498d05384ca05,dataset_test/04_petrykivka_painting/246.jpg,04_petrykivka_painting,candidate_93e3ac3a9a521fa9,confirm_object_group;assign_object_type;review_motif_visibility;record_provenance;record_license,pending,
3,img_46489ac39971a6f5,dataset_test/04_petrykivka_painting/249.jpg,04_petrykivka_painting,candidate_a5a0e55c4e91ee2e,confirm_object_group;assign_object_type;review_motif_visibility;record_provenance;record_license,pending,
3,img_a89a7b220600a6d4,dataset_test/04_petrykivka_painting/251.jpg,04_petrykivka_painting,candidate_4cfe7afcc7298291,confirm_object_group;assign_object_type;review_motif_visibility;record_provenance;record_license,pending,
3,img_5d5cc0bfe247fe19,dataset_test/04_petrykivka_painting/255.jpg,04_petrykivka_painting,candidate_2c9260f058ebcaf8,confirm_object_group;assign_object_type;review_motif_visibility;record_provenance;record_license,pending,
3,img_4735ad83cb189910,dataset_test/04_petrykivka_painting/257.jpg,04_petrykivka_painting,candidate_a8ea9cfe4582ebf0,confirm_object_group;assign_object_type;review_motif_visibility;record_provenance;record_license,pending,
3,img_c6d1ef7bbc8a02a3,dataset_test/04_petrykivka_painting/260.jpg,04_petrykivka_painting,candidate_e9ae1cfd82646c9b,confirm_object_group;assign_object_type;review_motif_visibility;record_provenance;record_license,pending,
3,img_c87ce70390ffd789,dataset_test/04_petrykivka_painting/261.jpg,04_petrykivka_painting,candidate_f2c0821da12de477,confirm_object_group;assign_object_type;review_motif_visibility;record_provenance;record_license,pending,
3,img_2ac141168fc50677,dataset_test/04_petrykivka_painting/264.jpg,04_petrykivka_painting,candidate_2fc486a64725a7f5,confirm_object_group;assign_object_type;review_motif_visibility;record_provenance;record_license,pending,
3,img_2c8eb41f970aba65,dataset_test/04_petrykivka_painting/266.jpg,04_petrykivka_painting,candidate_7856de1bce8e926c,confirm_object_group;assign_object_type;review_motif_visibility;record_provenance;record_license,pending,
3,img_6afdaea51458bb28,dataset_test/04_petrykivka_painting/269.jpg,04_petrykivka_painting,candidate_bb53ccc8547875bd,confirm_object_group;assign_object_type;review_motif_visibility;record_provenance;record_license,pending,
3,img_02432b54bb4a6421,dataset_test/04_petrykivka_painting/273.jpg,04_petrykivka_painting,candidate_479f79c4c5c0d5d7,confirm_object_group;assign_object_type;review_motif_visibility;record_provenance;record_license,pending,
3,img_56e30e327e1cb9b3,dataset_test/04_petrykivka_painting/277.jpg,04_petrykivka_painting,candidate_a522adda9d52fc31,confirm_object_group;assign_object_type;review_motif_visibility;record_provenance;record_license,pending,
3,img_45c34366c36a8052,dataset_test/04_petrykivka_painting/279.jpg,04_petrykivka_painting,candidate_a37de8aac35bec56,confirm_object_group;assign_object_type;review_motif_visibility;record_provenance;record_license,pending,
3,img_6ed858a2194b1d89,dataset_test/04_petrykivka_painting/285.jpg,04_petrykivka_painting,candidate_7a2ab2308c61e6e3,confirm_object_group;assign_object_type;review_motif_visibility;record_provenance;record_license,pending,
3,img_c33f9dbcf45b85e9,dataset_test/04_petrykivka_painting/288.jpg,04_petrykivka_painting,candidate_f45a54c9a6d2f5c4,confirm_object_group;assign_object_type;review_motif_visibility;record_provenance;record_license,pending,
3,img_3c9eb605cbc6fe5a,dataset_test/04_petrykivka_painting/293.jpg,04_petrykivka_painting,candidate_b204f7d0b229bec0,confirm_object_group;assign_object_type;review_motif_visibility;record_provenance;record_license,pending,
3,img_e844390d948680c4,dataset_test/04_petrykivka_painting/297.jpg,04_petrykivka_painting,candidate_605f11ebdc0efc33,confirm_object_group;assign_object_type;review_motif_visibility;record_provenance;record_license,pending,
3,img_5432f075c7ee63da,dataset_test/04_petrykivka_painting/299.jpg,04_petrykivka_painting,candidate_f8ac013c09701cb3,confirm_object_group;assign_object_type;review_motif_visibility;record_provenance;record_license,pending,
3,img_38e080294a857f22,dataset_test/04_petrykivka_painting/300.jpg,04_petrykivka_painting,candidate_ccb4134890414423,confirm_object_group;assign_object_type;review_motif_visibility;record_provenance;record_license,pending,
3,img_2baa7fc8c22912e6,dataset_test/04_petrykivka_painting/305.jpg,04_petrykivka_painting,candidate_b556453dfbf265db,confirm_object_group;assign_object_type;review_motif_visibility;record_provenance;record_license,pending,
3,img_faabb091f55dccc0,dataset_test/04_petrykivka_painting/308.jpg,04_petrykivka_painting,candidate_f8eb5a8c927004cf,confirm_object_group;assign_object_type;review_motif_visibility;record_provenance;record_license,pending,
3,img_aca41bdb04ab1fa2,dataset_test/04_petrykivka_painting/310.jpg,04_petrykivka_painting,candidate_1cbb85b0c5faafb1,confirm_object_group;assign_object_type;review_motif_visibility;record_provenance;record_license,pending,
3,img_3332f06b0d525529,dataset_test/04_petrykivka_painting/311.jpg,04_petrykivka_painting,candidate_b1f7e69a843405be,confirm_object_group;assign_object_type;review_motif_visibility;record_provenance;record_license,pending,
3,img_1978d3317988ce7f,dataset_test/04_petrykivka_painting/315.png,04_petrykivka_painting,candidate_2ea637daadb28fb9,confirm_object_group;assign_object_type;review_motif_visibility;record_provenance;record_license,pending,
3,img_ae9a717e64772631,dataset_test/04_petrykivka_painting/318.jpg,04_petrykivka_painting,candidate_40ad9a7f318e029d,confirm_object_group;assign_object_type;review_motif_visibility;record_provenance;record_license,pending,
3,img_4642a89e6e7238df,dataset_test/05_kosiv_ceramics/k021.jpg,05_kosiv_ceramics,candidate_44bb66bf99ddeec3,confirm_object_group;assign_object_type;review_motif_visibility;record_provenance;record_license,pending,
3,img_72082c222c67ebf1,dataset_test/05_kosiv_ceramics/k027.jpg,05_kosiv_ceramics,candidate_59941fae347a64ef,confirm_object_group;assign_object_type;review_motif_visibility;record_provenance;record_license,pending,
3,img_89144b17bc916ae6,dataset_test/05_kosiv_ceramics/k040.jpg,05_kosiv_ceramics,candidate_ef6dffdbd284b8eb,confirm_object_group;assign_object_type;review_motif_visibility;record_provenance;record_license,pending,
3,img_c0b455399eb23f25,dataset_test/05_kosiv_ceramics/k043.jpg,05_kosiv_ceramics,candidate_25c0be4e974a65b1,confirm_object_group;assign_object_type;review_motif_visibility;record_provenance;record_license,pending,
3,img_158fb7a42031f244,dataset_test/05_kosiv_ceramics/k047.jpg,05_kosiv_ceramics,candidate_bf4eb7d34ddb587e,confirm_object_group;assign_object_type;review_motif_visibility;record_provenance;record_license,pending,
3,img_e3f2f852fc35c1cb,dataset_test/05_kosiv_ceramics/k050.jpg,05_kosiv_ceramics,candidate_d37146dbf4e8f283,confirm_object_group;assign_object_type;review_motif_visibility;record_provenance;record_license,pending,
3,img_2cc414501e658a97,dataset_test/05_kosiv_ceramics/k053.jpg,05_kosiv_ceramics,candidate_5f04468e3c357633,confirm_object_group;assign_object_type;review_motif_visibility;record_provenance;record_license,pending,
3,img_4c16cda8808d74c9,dataset_test/05_kosiv_ceramics/k056.jpg,05_kosiv_ceramics,candidate_1b2dddc4b06d9ad7,confirm_object_group;assign_object_type;review_motif_visibility;record_provenance;record_license,pending,
3,img_7a4dcae3b0eee6a7,dataset_test/05_kosiv_ceramics/k058.jpg,05_kosiv_ceramics,candidate_c0f74404f760acef,confirm_object_group;assign_object_type;review_motif_visibility;record_provenance;record_license,pending,
3,img_09cfabacf9980d12,dataset_test/05_kosiv_ceramics/k060.jpg,05_kosiv_ceramics,candidate_703021cccf468ce3,confirm_object_group;assign_object_type;review_motif_visibility;record_provenance;record_license,pending,
3,img_2652b703562fab1a,dataset_test/05_kosiv_ceramics/k064.jpg,05_kosiv_ceramics,candidate_2759f29e849116e9,confirm_object_group;assign_object_type;review_motif_visibility;record_provenance;record_license,pending,
3,img_cefe8d0773792e2d,dataset_test/05_kosiv_ceramics/k071.jpg,05_kosiv_ceramics,candidate_818a1d1d10801470,confirm_object_group;assign_object_type;review_motif_visibility;record_provenance;record_license,pending,
3,img_a3d18c80582c1092,dataset_test/05_kosiv_ceramics/k080.jpg,05_kosiv_ceramics,candidate_7206440b1e4a1392,confirm_object_group;assign_object_type;review_motif_visibility;record_provenance;record_license,pending,
3,img_90ae8b2bac2f38b2,dataset_test/05_kosiv_ceramics/k083.jpg,05_kosiv_ceramics,candidate_efa1a38d705c1ef1,confirm_object_group;assign_object_type;review_motif_visibility;record_provenance;record_license,pending,
3,img_86f63a8da35ed635,dataset_test/05_kosiv_ceramics/k087.jpg,05_kosiv_ceramics,candidate_8eb1c0f3a6aefc39,confirm_object_group;assign_object_type;review_motif_visibility;record_provenance;record_license,pending,
3,img_1cfec80078d31420,dataset_test/05_kosiv_ceramics/k099.jpg,05_kosiv_ceramics,candidate_e1cd717c01c360ee,confirm_object_group;assign_object_type;review_motif_visibility;record_provenance;record_license,pending,
3,img_99f1e661ab23999b,dataset_test/05_kosiv_ceramics/k101.jpg,05_kosiv_ceramics,candidate_dda444dfe2787994,confirm_object_group;assign_object_type;review_motif_visibility;record_provenance;record_license,pending,
3,img_f829c54a8d6fa33b,dataset_test/05_kosiv_ceramics/k104.jpg,05_kosiv_ceramics,candidate_ce04ae627d69f2bd,confirm_object_group;assign_object_type;review_motif_visibility;record_provenance;record_license,pending,
3,img_129d3629c4da0654,dataset_test/05_kosiv_ceramics/k106.jpg,05_kosiv_ceramics,candidate_4e129104d14b79cb,confirm_object_group;assign_object_type;review_motif_visibility;record_provenance;record_license,pending,
3,img_724a918a39510f78,dataset_test/05_kosiv_ceramics/k118.jpg,05_kosiv_ceramics,candidate_d68ec9e875fa2b05,confirm_object_group;assign_object_type;review_motif_visibility;record_provenance;record_license,pending,
3,img_e01ecc58555f737a,dataset_test/05_kosiv_ceramics/k119.jpg,05_kosiv_ceramics,candidate_6a2c97f9b91d82cd,confirm_object_group;assign_object_type;review_motif_visibility;record_provenance;record_license,pending,
3,img_25f94da74dd407b5,dataset_test/05_kosiv_ceramics/k120.jpg,05_kosiv_ceramics,candidate_521aa91608112fc8,confirm_object_group;assign_object_type;review_motif_visibility;record_provenance;record_license,pending,
3,img_5c60a19b27523d9c,dataset_test/05_kosiv_ceramics/k121.jpg,05_kosiv_ceramics,candidate_888ff8776cdccdb0,confirm_object_group;assign_object_type;review_motif_visibility;record_provenance;record_license,pending,
3,img_c69bc6c3351f2e47,dataset_test/05_kosiv_ceramics/k123.jpg,05_kosiv_ceramics,candidate_ee8fdff54c7190ad,confirm_object_group;assign_object_type;review_motif_visibility;record_provenance;record_license,pending,
3,img_828ca24d503b4c1a,dataset_test/05_kosiv_ceramics/k124.jpg,05_kosiv_ceramics,candidate_539aa63a1ebafe8b,confirm_object_group;assign_object_type;review_motif_visibility;record_provenance;record_license,pending,
3,img_437249b3b1b93865,dataset_test/05_kosiv_ceramics/k125.jpg,05_kosiv_ceramics,candidate_a5197dc5f39d493e,confirm_object_group;assign_object_type;review_motif_visibility;record_provenance;record_license,pending,
3,img_f545d666dfb666e6,dataset_test/05_kosiv_ceramics/k126.jpg,05_kosiv_ceramics,candidate_5289700d12080322,confirm_object_group;assign_object_type;review_motif_visibility;record_provenance;record_license,pending,
3,img_77df05fa9daee73e,dataset_test/05_kosiv_ceramics/k127.jpg,05_kosiv_ceramics,candidate_ea2e8b460e20d59a,confirm_object_group;assign_object_type;review_motif_visibility;record_provenance;record_license,pending,
3,img_d620ca13b4c8e976,dataset_test/05_kosiv_ceramics/k128.jpg,05_kosiv_ceramics,candidate_25db536d6b64453b,confirm_object_group;assign_object_type;review_motif_visibility;record_provenance;record_license,pending,
3,img_30e0120f2321a97d,dataset_test/05_kosiv_ceramics/k132.jpg,05_kosiv_ceramics,candidate_042d50e0563a5a11,confirm_object_group;assign_object_type;review_motif_visibility;record_provenance;record_license,pending,
3,img_b82adfb962683d8b,dataset_test/05_kosiv_ceramics/k133.jpg,05_kosiv_ceramics,candidate_485eabe47f47d841,confirm_object_group;assign_object_type;review_motif_visibility;record_provenance;record_license,pending,
3,img_0fe4ba71b279bafc,dataset_test/05_kosiv_ceramics/k134.jpg,05_kosiv_ceramics,candidate_0d31aafa245ae695,confirm_object_group;assign_object_type;review_motif_visibility;record_provenance;record_license,pending,
3,img_0981fd7f2981c975,dataset_test/05_kosiv_ceramics/k135.jpg,05_kosiv_ceramics,candidate_e339d13eea831acd,confirm_object_group;assign_object_type;review_motif_visibility;record_provenance;record_license,pending,
3,img_7a415fc2d015b865,dataset_test/05_kosiv_ceramics/k136.jpg,05_kosiv_ceramics,candidate_af821f864078a4e8,confirm_object_group;assign_object_type;review_motif_visibility;record_provenance;record_license,pending,
3,img_ac4c362dd261668f,dataset_test/05_kosiv_ceramics/k137.jpg,05_kosiv_ceramics,candidate_43a78dc801767507,confirm_object_group;assign_object_type;review_motif_visibility;record_provenance;record_license,pending,
3,img_e03221a4a4eb6dbe,dataset_test/05_kosiv_ceramics/k138.jpg,05_kosiv_ceramics,candidate_2334b6bb911989c5,confirm_object_group;assign_object_type;review_motif_visibility;record_provenance;record_license,pending,
3,img_c74f8cfce0764042,dataset_test/05_kosiv_ceramics/k139.jpg,05_kosiv_ceramics,candidate_7cb63aad60282162,confirm_object_group;assign_object_type;review_motif_visibility;record_provenance;record_license,pending,
3,img_d629d8c8e707a2b0,dataset_test/05_kosiv_ceramics/k140.jpg,05_kosiv_ceramics,candidate_e63221c8876bb1be,confirm_object_group;assign_object_type;review_motif_visibility;record_provenance;record_license,pending,
3,img_5d6c87612fcb3062,dataset_test/05_kosiv_ceramics/k148.jpg,05_kosiv_ceramics,candidate_fbc6089da3e0c2be,confirm_object_group;assign_object_type;review_motif_visibility;record_provenance;record_license,pending,
3,img_e6d4b3a26d3f9243,dataset_test/05_kosiv_ceramics/k150.jpg,05_kosiv_ceramics,candidate_63718379b0de68e0,confirm_object_group;assign_object_type;review_motif_visibility;record_provenance;record_license,pending,
3,img_d5e8754e07c1a3fa,dataset_test/05_kosiv_ceramics/k151.jpg,05_kosiv_ceramics,candidate_add8b85fb1f01336,confirm_object_group;assign_object_type;review_motif_visibility;record_provenance;record_license,pending,
3,img_aae41be814cbb150,dataset_test/05_kosiv_ceramics/k152.jpg,05_kosiv_ceramics,candidate_ed158bfb7530dd9a,confirm_object_group;assign_object_type;review_motif_visibility;record_provenance;record_license,pending,
3,img_7f8a922470a69e7e,dataset_test/05_kosiv_ceramics/k153.jpg,05_kosiv_ceramics,candidate_3835342dcb279929,confirm_object_group;assign_object_type;review_motif_visibility;record_provenance;record_license,pending,
3,img_20dcec7f5102c585,dataset_test/05_kosiv_ceramics/k154.jpg,05_kosiv_ceramics,candidate_30c418c8a951d6e4,confirm_object_group;assign_object_type;review_motif_visibility;record_provenance;record_license,pending,
3,img_4e3a243306ff927f,dataset_test/05_kosiv_ceramics/k155.jpg,05_kosiv_ceramics,candidate_7387fa71b9f6758c,confirm_object_group;assign_object_type;review_motif_visibility;record_provenance;record_license,pending,
3,img_3a265a633dc99ef7,dataset_test/05_kosiv_ceramics/k156.jpg,05_kosiv_ceramics,candidate_c9bd616a9937a26c,confirm_object_group;assign_object_type;review_motif_visibility;record_provenance;record_license,pending,
3,img_dab3277408ff152d,dataset_test/05_kosiv_ceramics/k157.jpg,05_kosiv_ceramics,candidate_406f50d4eb580445,confirm_object_group;assign_object_type;review_motif_visibility;record_provenance;record_license,pending,
3,img_dbd965cbdc9dfc00,dataset_test/05_kosiv_ceramics/k159.jpg,05_kosiv_ceramics,candidate_b43021aacc4fc54d,confirm_object_group;assign_object_type;review_motif_visibility;record_provenance;record_license,pending,
3,img_9bddb217195e1edd,dataset_test/05_kosiv_ceramics/k160.jpg,05_kosiv_ceramics,candidate_71a8f4d57311e02d,confirm_object_group;assign_object_type;review_motif_visibility;record_provenance;record_license,pending,
3,img_e12e95b8fd287161,dataset_test/05_kosiv_ceramics/k161.jpg,05_kosiv_ceramics,candidate_e3805e0a79ecea55,confirm_object_group;assign_object_type;review_motif_visibility;record_provenance;record_license,pending,
3,img_f6d1b745bd681e96,dataset_test/05_kosiv_ceramics/k162.jpg,05_kosiv_ceramics,candidate_b090d5008b18f633,confirm_object_group;assign_object_type;review_motif_visibility;record_provenance;record_license,pending,
3,img_5dcd9a0e95cf7c89,dataset_test/05_kosiv_ceramics/k163.jpg,05_kosiv_ceramics,candidate_da4d899f4a87f915,confirm_object_group;assign_object_type;review_motif_visibility;record_provenance;record_license,pending,
3,img_d57ea5189e712ada,dataset_test/05_kosiv_ceramics/k164.jpg,05_kosiv_ceramics,candidate_c7bc8ff11fe0d318,confirm_object_group;assign_object_type;review_motif_visibility;record_provenance;record_license,pending,
3,img_1f3486ba26633e08,dataset_test/05_kosiv_ceramics/k166.jpg,05_kosiv_ceramics,candidate_b3fd5d5d33d67581,confirm_object_group;assign_object_type;review_motif_visibility;record_provenance;record_license,pending,
3,img_3d892fc243d7f9f8,dataset_test/05_kosiv_ceramics/k167.jpg,05_kosiv_ceramics,candidate_261c0bf17dd290a4,confirm_object_group;assign_object_type;review_motif_visibility;record_provenance;record_license,pending,
3,img_3c2c657b67cd141e,dataset_test/05_kosiv_ceramics/k168.jpg,05_kosiv_ceramics,candidate_b14181c3143ed995,confirm_object_group;assign_object_type;review_motif_visibility;record_provenance;record_license,pending,
3,img_269d00339df856ae,dataset_test/05_kosiv_ceramics/k169.jpg,05_kosiv_ceramics,candidate_b7fa8f31f8ebcf46,confirm_object_group;assign_object_type;review_motif_visibility;record_provenance;record_license,pending,
3,img_1ad2f7efb115b706,dataset_test/05_kosiv_ceramics/k174.jpg,05_kosiv_ceramics,candidate_d963a08682355c18,confirm_object_group;assign_object_type;review_motif_visibility;record_provenance;record_license,pending,
3,img_a9d5594ccb55fd31,dataset_test/05_kosiv_ceramics/k175.jpg,05_kosiv_ceramics,candidate_639a43cd8ac2b04e,confirm_object_group;assign_object_type;review_motif_visibility;record_provenance;record_license,pending,
3,img_053aad3cf470da05,dataset_test/05_kosiv_ceramics/k178.jpg,05_kosiv_ceramics,candidate_6502ccb728709eff,confirm_object_group;assign_object_type;review_motif_visibility;record_provenance;record_license,pending,
3,img_1cc5a27ab305ce25,dataset_test/05_kosiv_ceramics/k179.jpg,05_kosiv_ceramics,candidate_12b77e12d2f1504c,confirm_object_group;assign_object_type;review_motif_visibility;record_provenance;record_license,pending,
3,img_f6fbde5afe4d384b,dataset_test/05_kosiv_ceramics/k181.jpg,05_kosiv_ceramics,candidate_7190f1e0172242f0,confirm_object_group;assign_object_type;review_motif_visibility;record_provenance;record_license,pending,
3,img_e394401ef1f7be81,dataset_test/05_kosiv_ceramics/k183.jpg,05_kosiv_ceramics,candidate_d1df939d96f9a366,confirm_object_group;assign_object_type;review_motif_visibility;record_provenance;record_license,pending,
3,img_11777d2610a65ccb,dataset_test/05_kosiv_ceramics/k184.jpg,05_kosiv_ceramics,candidate_a536fb54290c18d6,confirm_object_group;assign_object_type;review_motif_visibility;record_provenance;record_license,pending,
3,img_4f45f36d5c7bbbce,dataset_test/05_kosiv_ceramics/k185.jpg,05_kosiv_ceramics,candidate_5e18bdfce37a1410,confirm_object_group;assign_object_type;review_motif_visibility;record_provenance;record_license,pending,
3,img_2ff6b3f71fde67c8,dataset_test/05_kosiv_ceramics/k186.jpg,05_kosiv_ceramics,candidate_d1e6c208ac37ae58,confirm_object_group;assign_object_type;review_motif_visibility;record_provenance;record_license,pending,
3,img_fc60b69e36143a46,dataset_test/05_kosiv_ceramics/k188.jpg,05_kosiv_ceramics,candidate_ccbda7e67df3c988,confirm_object_group;assign_object_type;review_motif_visibility;record_provenance;record_license,pending,
3,img_b5851be025112e53,dataset_test/05_kosiv_ceramics/k192.jpg,05_kosiv_ceramics,candidate_44149d5c2e2b2747,confirm_object_group;assign_object_type;review_motif_visibility;record_provenance;record_license,pending,
3,img_33ac2374afd538f7,dataset_test/05_kosiv_ceramics/k193.jpg,05_kosiv_ceramics,candidate_f1937eda1ba89c84,confirm_object_group;assign_object_type;review_motif_visibility;record_provenance;record_license,pending,
3,img_623af1a2af0e4c6b,dataset_test/05_kosiv_ceramics/k194.jpg,05_kosiv_ceramics,candidate_70a77b2234128890,confirm_object_group;assign_object_type;review_motif_visibility;record_provenance;record_license,pending,
3,img_a4bad939a8fd5f87,dataset_test/05_kosiv_ceramics/k196.jpg,05_kosiv_ceramics,candidate_af20988fea93ccd2,confirm_object_group;assign_object_type;review_motif_visibility;record_provenance;record_license,pending,
3,img_9762e3d047d12218,dataset_test/05_kosiv_ceramics/k199.jpg,05_kosiv_ceramics,candidate_11222ea8a69abe0e,confirm_object_group;assign_object_type;review_motif_visibility;record_provenance;record_license,pending,
3,img_70af808a4ce4079e,dataset_test/05_kosiv_ceramics/k200.jpg,05_kosiv_ceramics,candidate_0828d7decfe7c6c4,confirm_object_group;assign_object_type;review_motif_visibility;record_provenance;record_license,pending,
3,img_9da79d107c989b7f,dataset_test/05_kosiv_ceramics/k201.jpg,05_kosiv_ceramics,candidate_ce493a7a237aedac,confirm_object_group;assign_object_type;review_motif_visibility;record_provenance;record_license,pending,
3,img_02d87e9553342db8,dataset_test/05_kosiv_ceramics/k208.jpg,05_kosiv_ceramics,candidate_3f8738623268bce5,confirm_object_group;assign_object_type;review_motif_visibility;record_provenance;record_license,pending,
3,img_a8b877aea7d82313,dataset_test/05_kosiv_ceramics/k209.jpg,05_kosiv_ceramics,candidate_5d12f60cbe0ca291,confirm_object_group;assign_object_type;review_motif_visibility;record_provenance;record_license,pending,
3,img_d2c343f68ab9fc15,dataset_test/05_kosiv_ceramics/k213.jpg,05_kosiv_ceramics,candidate_b9aed2e5a3d5e452,confirm_object_group;assign_object_type;review_motif_visibility;record_provenance;record_license,pending,
3,img_73cbf55283e55981,dataset_test/05_kosiv_ceramics/k216.jpg,05_kosiv_ceramics,candidate_962e4fa1be328809,confirm_object_group;assign_object_type;review_motif_visibility;record_provenance;record_license,pending,
3,img_a6e559fe1ad4f2b9,dataset_test/05_kosiv_ceramics/k218.jpg,05_kosiv_ceramics,candidate_698dbc76d0b7fa25,confirm_object_group;assign_object_type;review_motif_visibility;record_provenance;record_license,pending,
3,img_3b4225477cb8df9b,dataset_test/05_kosiv_ceramics/k220.jpg,05_kosiv_ceramics,candidate_a88a62dbb9c2463c,confirm_object_group;assign_object_type;review_motif_visibility;record_provenance;record_license,pending,
3,img_cae64157ffb161c9,dataset_test/05_kosiv_ceramics/k226.jpg,05_kosiv_ceramics,candidate_5bbb46b18e88050c,confirm_object_group;assign_object_type;review_motif_visibility;record_provenance;record_license,pending,
3,img_580e7a490e020633,dataset_test/05_kosiv_ceramics/k227.jpg,05_kosiv_ceramics,candidate_b1de4ed13fe56295,confirm_object_group;assign_object_type;review_motif_visibility;record_provenance;record_license,pending,
3,img_35d4c855ea6cdc48,dataset_test/05_kosiv_ceramics/k234.jpg,05_kosiv_ceramics,candidate_e9e72d2e4e08e606,confirm_object_group;assign_object_type;review_motif_visibility;record_provenance;record_license,pending,
3,img_3298c8064efe8a1a,dataset_test/05_kosiv_ceramics/k235.jpg,05_kosiv_ceramics,candidate_9379de833767446f,confirm_object_group;assign_object_type;review_motif_visibility;record_provenance;record_license,pending,
3,img_200288969134e2f6,dataset_test/05_kosiv_ceramics/k239.jpg,05_kosiv_ceramics,candidate_69deb7799f993446,confirm_object_group;assign_object_type;review_motif_visibility;record_provenance;record_license,pending,
3,img_5c51690a99ef9e12,dataset_test/05_kosiv_ceramics/k242.jpg,05_kosiv_ceramics,candidate_3cb23126cd9eb7b6,confirm_object_group;assign_object_type;review_motif_visibility;record_provenance;record_license,pending,
3,img_dbea5716fa572e6b,dataset_test/05_kosiv_ceramics/k248.jpg,05_kosiv_ceramics,candidate_cad09bf355e38973,confirm_object_group;assign_object_type;review_motif_visibility;record_provenance;record_license,pending,
3,img_b440bf29adbcd007,dataset_test/05_kosiv_ceramics/k251.jpg,05_kosiv_ceramics,candidate_37bd17e7a142bffc,confirm_object_group;assign_object_type;review_motif_visibility;record_provenance;record_license,pending,
3,img_55041a435915ac3a,dataset_test/05_kosiv_ceramics/k257.jpg,05_kosiv_ceramics,candidate_6af2525ee2bf66df,confirm_object_group;assign_object_type;review_motif_visibility;record_provenance;record_license,pending,
3,img_30cdee5e9354ba6b,dataset_test/05_kosiv_ceramics/k265.jpg,05_kosiv_ceramics,candidate_cbca2372db26d6bd,confirm_object_group;assign_object_type;review_motif_visibility;record_provenance;record_license,pending,
3,img_015c8244bc7ef19f,dataset_test/05_kosiv_ceramics/k266.jpg,05_kosiv_ceramics,candidate_32ba23575026892b,confirm_object_group;assign_object_type;review_motif_visibility;record_provenance;record_license,pending,
3,img_d16c62829ff8b96e,dataset_test/05_kosiv_ceramics/k267.jpg,05_kosiv_ceramics,candidate_5d2a2ed6a10e37b9,confirm_object_group;assign_object_type;review_motif_visibility;record_provenance;record_license,pending,
3,img_b90a1cc9c970f1d7,dataset_test/05_kosiv_ceramics/k276.jpg,05_kosiv_ceramics,candidate_83029f9dbcc9092c,confirm_object_group;assign_object_type;review_motif_visibility;record_provenance;record_license,pending,
3,img_1ab7b1da4253dfa0,dataset_test/05_kosiv_ceramics/k283.jpg,05_kosiv_ceramics,candidate_561626dc8aa4552c,confirm_object_group;assign_object_type;review_motif_visibility;record_provenance;record_license,pending,
3,img_fcbbd76cd2c09a70,dataset_test/05_kosiv_ceramics/k293.jpg,05_kosiv_ceramics,candidate_edfddb3afd2c752b,confirm_object_group;assign_object_type;review_motif_visibility;record_provenance;record_license,pending,
3,img_44c3ee7526aca5c7,dataset_test/05_kosiv_ceramics/k297.jpg,05_kosiv_ceramics,candidate_94c989c52f3e5ff8,confirm_object_group;assign_object_type;review_motif_visibility;record_provenance;record_license,pending,
3,img_8a25312d7b11aeaa,dataset_test/05_kosiv_ceramics/k300.jpg,05_kosiv_ceramics,candidate_5cda737adbe7e401,confirm_object_group;assign_object_type;review_motif_visibility;record_provenance;record_license,pending,
3,img_fe68871f75add030,dataset_test/05_kosiv_ceramics/k304.jpg,05_kosiv_ceramics,candidate_de02969ffe03d6a2,confirm_object_group;assign_object_type;review_motif_visibility;record_provenance;record_license,pending,
3,img_6cdeef4c30dac3d6,dataset_test/05_kosiv_ceramics/k310.jpg,05_kosiv_ceramics,candidate_e62a6f66bbcd0e05,confirm_object_group;assign_object_type;review_motif_visibility;record_provenance;record_license,pending,
3,img_1a7e1856ba5f6c0c,dataset_test/05_kosiv_ceramics/k312.jpg,05_kosiv_ceramics,candidate_8133f3409e70ec31,confirm_object_group;assign_object_type;review_motif_visibility;record_provenance;record_license,pending,
3,img_87e0555e321a5c0a,dataset_test/05_kosiv_ceramics/k313.jpg,05_kosiv_ceramics,candidate_5b3f277de853eeef,confirm_object_group;assign_object_type;review_motif_visibility;record_provenance;record_license,pending,
3,img_fcd495fa73e5847a,dataset_test/05_kosiv_ceramics/k314.jpg,05_kosiv_ceramics,candidate_cd31a7e97887342d,confirm_object_group;assign_object_type;review_motif_visibility;record_provenance;record_license,pending,
3,img_fea70f7921e640e4,dataset_test/05_kosiv_ceramics/k329.jpg,05_kosiv_ceramics,candidate_ff867781ef9c4eca,confirm_object_group;assign_object_type;review_motif_visibility;record_provenance;record_license,pending,
3,img_04f86fb60aac54a1,dataset_test/05_kosiv_ceramics/k334.jpg,05_kosiv_ceramics,candidate_ff2fff3b716e9894,confirm_object_group;assign_object_type;review_motif_visibility;record_provenance;record_license,pending,
3,img_fba17471d011b288,dataset_test/05_kosiv_ceramics/k337.jpg,05_kosiv_ceramics,candidate_7bbb645df1ffe35c,confirm_object_group;assign_object_type;review_motif_visibility;record_provenance;record_license,pending,
3,img_665e1d08c64ac662,dataset_test/05_kosiv_ceramics/k339.jpg,05_kosiv_ceramics,candidate_c593a7c6932775d2,confirm_object_group;assign_object_type;review_motif_visibility;record_provenance;record_license,pending,
3,img_6dec71e49cf7af63,dataset_test/05_kosiv_ceramics/k341.jpg,05_kosiv_ceramics,candidate_22b25d2095630589,confirm_object_group;assign_object_type;review_motif_visibility;record_provenance;record_license,pending,
3,img_b359a31c0f32b18c,dataset_test/05_kosiv_ceramics/k347.jpg,05_kosiv_ceramics,candidate_9084cc1dee4627fa,confirm_object_group;assign_object_type;review_motif_visibility;record_provenance;record_license,pending,
3,img_18cc2797f6a63030,dataset_test/05_kosiv_ceramics/k350.jpg,05_kosiv_ceramics,candidate_8dda3558ef2a3a7e,confirm_object_group;assign_object_type;review_motif_visibility;record_provenance;record_license,pending,
3,img_9158bbc730443cd0,dataset_test/05_kosiv_ceramics/k352.jpg,05_kosiv_ceramics,candidate_9700c68cc559ab04,confirm_object_group;assign_object_type;review_motif_visibility;record_provenance;record_license,pending,
3,img_03b5715718c2c557,dataset_test/05_kosiv_ceramics/k357.jpg,05_kosiv_ceramics,candidate_0187fe7fcc28dcf5,confirm_object_group;assign_object_type;review_motif_visibility;record_provenance;record_license,pending,
3,img_c0afa7e699efe4d2,dataset_test/05_kosiv_ceramics/k358.jpg,05_kosiv_ceramics,candidate_196c9c7110eda320,confirm_object_group;assign_object_type;review_motif_visibility;record_provenance;record_license,pending,
3,img_d37a4c5484b60c3b,dataset_test/05_kosiv_ceramics/k359.jpg,05_kosiv_ceramics,candidate_6a08142835dea97c,confirm_object_group;assign_object_type;review_motif_visibility;record_provenance;record_license,pending,
3,img_509f9404953676b3,dataset_test/05_kosiv_ceramics/k360.jpg,05_kosiv_ceramics,candidate_b04113ce6299bf69,confirm_object_group;assign_object_type;review_motif_visibility;record_provenance;record_license,pending,
