image_id,evaluation_status,relative_path,true_class,predicted_class,is_correct,uncalibrated_max_probability,top_1_class,top_2_class,top_3_class,cv_fold,production_split,source_atomic_split_group_id,source_atomic_cohort_ids,object_type,motif_visibility,selected_base_configuration_id,selected_correction_configuration_id,selected_correction,correction_feature_family,correction_c_value,correction_source_group_exponent,correction_blend_weight,probability_01_opishnyan_ceramics,probability_02_ornek,probability_03_bubnivka_ceramics,probability_04_petrykivka_painting,probability_05_kosiv_ceramics
img_db1291f981873646,selection_conditional_full_development_oof_v2,dataset_dev/01_opishnyan_ceramics/o065.jpg,01_opishnyan_ceramics,05_kosiv_ceramics,False,0.42756147589531596,05_kosiv_ceramics,03_bubnivka_ceramics,01_opishnyan_ceramics,4,train,obj_single_db1291f981873646,,unreviewed,unreviewed,global_cls__c10__source0p5,pair_letterbox_cls_patch__c100__source0p5__blend0p25,pairwise_conditional_logit_blend,pair_letterbox_cls_patch,100.0,0.5,0.25,0.1553844692890674,0.0676155661249347,0.3252075349200295,0.02423095377065229,0.42756147589531596
img_27a4af8334229eeb,selection_conditional_full_development_oof_v2,dataset_dev/01_opishnyan_ceramics/o066.jpg,01_opishnyan_ceramics,01_opishnyan_ceramics,True,0.27638658371075153,01_opishnyan_ceramics,03_bubnivka_ceramics,02_ornek,1,train,obj_single_27a4af8334229eeb,,unreviewed,unreviewed,global_cls__c10__source0p5,pair_letterbox_cls_patch__c100__source0p5__blend0p25,pairwise_conditional_logit_blend,pair_letterbox_cls_patch,100.0,0.5,0.25,0.27638658371075153,0.20456098469903755,0.2057328152214405,0.13068798859369482,0.18263162777507555
img_79fd0a23766a0896,selection_conditional_full_development_oof_v2,dataset_dev/01_opishnyan_ceramics/o067.jpg,01_opishnyan_ceramics,02_ornek,False,0.7036179290284365,02_ornek,03_bubnivka_ceramics,01_opishnyan_ceramics,4,train,obj_single_79fd0a23766a0896,,unreviewed,unreviewed,global_cls__c10__source0p5,pair_letterbox_cls_patch__c100__source0p5__blend0p25,pairwise_conditional_logit_blend,pair_letterbox_cls_patch,100.0,0.5,0.25,0.08719993683321126,0.7036179290284365,0.14195984974492643,0.06348754760796882,0.0037347367854571665
img_cf3ec0065848b378,selection_conditional_full_development_oof_v2,dataset_dev/01_opishnyan_ceramics/o070.jpg,01_opishnyan_ceramics,03_bubnivka_ceramics,False,0.5381666433461272,03_bubnivka_ceramics,02_ornek,01_opishnyan_ceramics,4,train,obj_single_cf3ec0065848b378,,unreviewed,unreviewed,global_cls__c10__source0p5,pair_letterbox_cls_patch__c100__source0p5__blend0p25,pairwise_conditional_logit_blend,pair_letterbox_cls_patch,100.0,0.5,0.25,0.2117160856800515,0.2319700106679373,0.5381666433461272,0.009924270071062084,0.008222990234821885
img_3f867edb13f6d9e7,selection_conditional_full_development_oof_v2,dataset_dev/01_opishnyan_ceramics/o072.jpg,01_opishnyan_ceramics,03_bubnivka_ceramics,False,0.537172887808372,03_bubnivka_ceramics,01_opishnyan_ceramics,02_ornek,4,train,obj_single_3f867edb13f6d9e7,,unreviewed,unreviewed,global_cls__c10__source0p5,pair_letterbox_cls_patch__c100__source0p5__blend0p25,pairwise_conditional_logit_blend,pair_letterbox_cls_patch,100.0,0.5,0.25,0.2077872007118206,0.1631371179603577,0.537172887808372,0.024073421930460307,0.0678293715889892
img_e42e9a248f42aeff,selection_conditional_full_development_oof_v2,dataset_dev/01_opishnyan_ceramics/o076.jpg,01_opishnyan_ceramics,01_opishnyan_ceramics,True,0.5529802082643103,01_opishnyan_ceramics,02_ornek,03_bubnivka_ceramics,4,train,obj_single_e42e9a248f42aeff,,unreviewed,unreviewed,global_cls__c10__source0p5,pair_letterbox_cls_patch__c100__source0p5__blend0p25,pairwise_conditional_logit_blend,pair_letterbox_cls_patch,100.0,0.5,0.25,0.5529802082643103,0.3473417063393843,0.05122690948817286,0.0016956325290997003,0.04675554337903292
img_20daf377d66f3fa1,selection_conditional_full_development_oof_v2,dataset_dev/01_opishnyan_ceramics/o077.jpg,01_opishnyan_ceramics,01_opishnyan_ceramics,True,0.9586176310381193,01_opishnyan_ceramics,03_bubnivka_ceramics,05_kosiv_ceramics,4,train,obj_single_20daf377d66f3fa1,,unreviewed,unreviewed,global_cls__c10__source0p5,pair_letterbox_cls_patch__c100__source0p5__blend0p25,pairwise_conditional_logit_blend,pair_letterbox_cls_patch,100.0,0.5,0.25,0.9586176310381193,0.00020751227470247827,0.023896120971926692,0.0003815484886270756,0.016897187226624213
img_55d9ff12510acae5,selection_conditional_full_development_oof_v2,dataset_dev/01_opishnyan_ceramics/o079.jpg,01_opishnyan_ceramics,01_opishnyan_ceramics,True,0.9535881369587121,01_opishnyan_ceramics,05_kosiv_ceramics,03_bubnivka_ceramics,1,train,obj_single_55d9ff12510acae5,,unreviewed,unreviewed,global_cls__c10__source0p5,pair_letterbox_cls_patch__c100__source0p5__blend0p25,pairwise_conditional_logit_blend,pair_letterbox_cls_patch,100.0,0.5,0.25,0.9535881369587121,9.679286011874738e-05,0.0021027187966316187,0.0017836798567882116,0.042428671527749574
img_9f4dd9669496c0fc,selection_conditional_full_development_oof_v2,dataset_dev/01_opishnyan_ceramics/o080.jpg,01_opishnyan_ceramics,01_opishnyan_ceramics,True,0.9974990187865351,01_opishnyan_ceramics,03_bubnivka_ceramics,05_kosiv_ceramics,4,train,src_manual_037,,figurine_or_sculpture,clear,global_cls__c10__source0p5,pair_letterbox_cls_patch__c100__source0p5__blend0p25,pairwise_conditional_logit_blend,pair_letterbox_cls_patch,100.0,0.5,0.25,0.9974990187865351,0.00025788588836008896,0.0014248241486723558,9.881650701969013e-05,0.0007194546694127246
img_bc67051e8211bbac,selection_conditional_full_development_oof_v2,dataset_dev/01_opishnyan_ceramics/o094.jpg,01_opishnyan_ceramics,01_opishnyan_ceramics,True,0.9926366745463071,01_opishnyan_ceramics,05_kosiv_ceramics,02_ornek,2,train,srcgrp_4816dd56c8688495,src_global_opn_museum_display_logo,unreviewed,unreviewed,global_cls__c10__source0p5,pair_letterbox_cls_patch__c100__source0p5__blend0p25,pairwise_conditional_logit_blend,pair_letterbox_cls_patch,100.0,0.5,0.25,0.9926366745463071,0.001531109931560234,0.0002794190588249022,0.0003796835141927591,0.005173112949114839
img_83d7d22b0e1eb6eb,selection_conditional_full_development_oof_v2,dataset_dev/01_opishnyan_ceramics/o097.jpg,01_opishnyan_ceramics,01_opishnyan_ceramics,True,0.9284371305966964,01_opishnyan_ceramics,05_kosiv_ceramics,02_ornek,2,train,srcgrp_4816dd56c8688495,src_global_opn_museum_display_logo,unreviewed,unreviewed,global_cls__c10__source0p5,pair_letterbox_cls_patch__c100__source0p5__blend0p25,pairwise_conditional_logit_blend,pair_letterbox_cls_patch,100.0,0.5,0.25,0.9284371305966964,0.00473368615710351,0.004145864987011682,0.0011610514139879578,0.06152226684520028
img_66293d24535400e3,selection_conditional_full_development_oof_v2,dataset_dev/01_opishnyan_ceramics/o100.jpg,01_opishnyan_ceramics,01_opishnyan_ceramics,True,0.9448294631018899,01_opishnyan_ceramics,05_kosiv_ceramics,02_ornek,2,train,srcgrp_4816dd56c8688495,src_global_opn_museum_display_logo,unreviewed,unreviewed,global_cls__c10__source0p5,pair_letterbox_cls_patch__c100__source0p5__blend0p25,pairwise_conditional_logit_blend,pair_letterbox_cls_patch,100.0,0.5,0.25,0.9448294631018899,0.023271296019891332,0.0008996368757533098,0.0011439346223245503,0.029855669380140972
img_065dff950ae8b9dc,selection_conditional_full_development_oof_v2,dataset_dev/01_opishnyan_ceramics/o101.jpg,01_opishnyan_ceramics,01_opishnyan_ceramics,True,0.9567643090968521,01_opishnyan_ceramics,05_kosiv_ceramics,03_bubnivka_ceramics,2,train,srcgrp_4816dd56c8688495,src_global_opn_museum_display_logo,unreviewed,unreviewed,global_cls__c10__source0p5,pair_letterbox_cls_patch__c100__source0p5__blend0p25,pairwise_conditional_logit_blend,pair_letterbox_cls_patch,100.0,0.5,0.25,0.9567643090968521,0.0005547094919908988,0.016014544002395006,0.008294663360144065,0.018371774048618103
img_a7f9c61d19edc296,selection_conditional_full_development_oof_v2,dataset_dev/01_opishnyan_ceramics/o102.jpg,01_opishnyan_ceramics,01_opishnyan_ceramics,True,0.9424199768609403,01_opishnyan_ceramics,03_bubnivka_ceramics,05_kosiv_ceramics,2,train,srcgrp_4816dd56c8688495,src_global_opn_museum_display_logo,unreviewed,unreviewed,global_cls__c10__source0p5,pair_letterbox_cls_patch__c100__source0p5__blend0p25,pairwise_conditional_logit_blend,pair_letterbox_cls_patch,100.0,0.5,0.25,0.9424199768609403,0.0024979297617754213,0.035990862940827574,0.007939297225677313,0.011151933210779372
img_1460ba9736792769,selection_conditional_full_development_oof_v2,dataset_dev/01_opishnyan_ceramics/o103.jpg,01_opishnyan_ceramics,01_opishnyan_ceramics,True,0.9733027320372023,01_opishnyan_ceramics,03_bubnivka_ceramics,02_ornek,2,train,srcgrp_4816dd56c8688495,src_global_opn_museum_display_logo,unreviewed,unreviewed,global_cls__c10__source0p5,pair_letterbox_cls_patch__c100__source0p5__blend0p25,pairwise_conditional_logit_blend,pair_letterbox_cls_patch,100.0,0.5,0.25,0.9733027320372023,0.006290526575232677,0.013451817538158644,0.001962065702692423,0.0049928581467139094
img_9ff629926d00c926,selection_conditional_full_development_oof_v2,dataset_dev/01_opishnyan_ceramics/o117.jpg,01_opishnyan_ceramics,03_bubnivka_ceramics,False,0.5572952496545907,03_bubnivka_ceramics,01_opishnyan_ceramics,02_ornek,3,validation,srcgrp_b6dba6413920e1cb,src_global_opn_gray_catalog_b,unreviewed,unreviewed,global_cls__c10__source0p5,pair_letterbox_cls_patch__c100__source0p5__blend0p25,pairwise_conditional_logit_blend,pair_letterbox_cls_patch,100.0,0.5,0.25,0.16964468636095217,0.15275490691433935,0.5572952496545907,0.03110368318758666,0.0892014738825311
img_f217d73709a40bba,selection_conditional_full_development_oof_v2,dataset_dev/01_opishnyan_ceramics/o119.jpg,01_opishnyan_ceramics,01_opishnyan_ceramics,True,0.8641715765393375,01_opishnyan_ceramics,03_bubnivka_ceramics,05_kosiv_ceramics,3,validation,srcgrp_b6dba6413920e1cb,src_global_opn_gray_catalog_b,unreviewed,unreviewed,global_cls__c10__source0p5,pair_letterbox_cls_patch__c100__source0p5__blend0p25,pairwise_conditional_logit_blend,pair_letterbox_cls_patch,100.0,0.5,0.25,0.8641715765393375,0.0047437611407057335,0.10605948096726846,0.003993132740615107,0.02103204861207326
img_56fe26ce51147522,selection_conditional_full_development_oof_v2,dataset_dev/01_opishnyan_ceramics/o122.jpg,01_opishnyan_ceramics,03_bubnivka_ceramics,False,0.6741705907852488,03_bubnivka_ceramics,01_opishnyan_ceramics,05_kosiv_ceramics,3,validation,srcgrp_b6dba6413920e1cb,src_global_opn_gray_catalog_b,unreviewed,unreviewed,global_cls__c10__source0p5,pair_letterbox_cls_patch__c100__source0p5__blend0p25,pairwise_conditional_logit_blend,pair_letterbox_cls_patch,100.0,0.5,0.25,0.26418437717676224,0.008835197650059724,0.6741705907852488,0.0018442538481800005,0.05096558053974919
img_bb478a6a9ea96f01,selection_conditional_full_development_oof_v2,dataset_dev/01_opishnyan_ceramics/o124.jpg,01_opishnyan_ceramics,03_bubnivka_ceramics,False,0.6464760786407745,03_bubnivka_ceramics,01_opishnyan_ceramics,05_kosiv_ceramics,3,validation,srcgrp_b6dba6413920e1cb,src_global_opn_gray_catalog_b,unreviewed,unreviewed,global_cls__c10__source0p5,pair_letterbox_cls_patch__c100__source0p5__blend0p25,pairwise_conditional_logit_blend,pair_letterbox_cls_patch,100.0,0.5,0.25,0.3109091213849748,0.003396331541237271,0.6464760786407745,0.0014193085468511516,0.037799159886162156
img_4c7d5a51f9d49830,selection_conditional_full_development_oof_v2,dataset_dev/01_opishnyan_ceramics/o126.jpg,01_opishnyan_ceramics,01_opishnyan_ceramics,True,0.8672272355999776,01_opishnyan_ceramics,05_kosiv_ceramics,03_bubnivka_ceramics,3,validation,srcgrp_b6dba6413920e1cb,src_global_opn_gray_catalog_b,vase_jug_or_vessel,clear,global_cls__c10__source0p5,pair_letterbox_cls_patch__c100__source0p5__blend0p25,pairwise_conditional_logit_blend,pair_letterbox_cls_patch,100.0,0.5,0.25,0.8672272355999776,0.003163658924341964,0.038516972390994005,0.0021722833427591497,0.08891984974192724
img_390d919059572a43,selection_conditional_full_development_oof_v2,dataset_dev/01_opishnyan_ceramics/o127.jpg,01_opishnyan_ceramics,05_kosiv_ceramics,False,0.576431305190601,05_kosiv_ceramics,01_opishnyan_ceramics,03_bubnivka_ceramics,3,validation,srcgrp_b6dba6413920e1cb,src_global_opn_gray_catalog_b,unreviewed,unreviewed,global_cls__c10__source0p5,pair_letterbox_cls_patch__c100__source0p5__blend0p25,pairwise_conditional_logit_blend,pair_letterbox_cls_patch,100.0,0.5,0.25,0.14206152595256683,0.13646066638384768,0.13893911529857067,0.006107387174413765,0.576431305190601
img_183cedcef8321e71,selection_conditional_full_development_oof_v2,dataset_dev/01_opishnyan_ceramics/o128.jpg,01_opishnyan_ceramics,01_opishnyan_ceramics,True,0.5890783872841405,01_opishnyan_ceramics,05_kosiv_ceramics,03_bubnivka_ceramics,3,validation,srcgrp_b6dba6413920e1cb,src_global_opn_gray_catalog_b,unreviewed,unreviewed,global_cls__c10__source0p5,pair_letterbox_cls_patch__c100__source0p5__blend0p25,pairwise_conditional_logit_blend,pair_letterbox_cls_patch,100.0,0.5,0.25,0.5890783872841405,0.015243049364090738,0.05450466409879607,0.031203604959201398,0.30997029429377115
img_8ac7c7cfa2046468,selection_conditional_full_development_oof_v2,dataset_dev/01_opishnyan_ceramics/o131.jpg,01_opishnyan_ceramics,01_opishnyan_ceramics,True,0.5019212276003195,01_opishnyan_ceramics,05_kosiv_ceramics,02_ornek,3,validation,srcgrp_b6dba6413920e1cb,src_global_opn_gray_catalog_b,unreviewed,unreviewed,global_cls__c10__source0p5,pair_letterbox_cls_patch__c100__source0p5__blend0p25,pairwise_conditional_logit_blend,pair_letterbox_cls_patch,100.0,0.5,0.25,0.5019212276003195,0.11403551484278758,0.015424953927894641,0.007694011921248147,0.36092429170775014
img_98cf909cf2c2c26e,selection_conditional_full_development_oof_v2,dataset_dev/01_opishnyan_ceramics/o132.jpg,01_opishnyan_ceramics,01_opishnyan_ceramics,True,0.7757267825116709,01_opishnyan_ceramics,05_kosiv_ceramics,02_ornek,3,validation,srcgrp_b6dba6413920e1cb,src_global_opn_gray_catalog_b,unreviewed,unreviewed,global_cls__c10__source0p5,pair_letterbox_cls_patch__c100__source0p5__blend0p25,pairwise_conditional_logit_blend,pair_letterbox_cls_patch,100.0,0.5,0.25,0.7757267825116709,0.036217619735930635,0.006731925564304132,0.0009891237694628705,0.18033454841863153
img_965b324ff3a43ff9,selection_conditional_full_development_oof_v2,dataset_dev/01_opishnyan_ceramics/o134.jpg,01_opishnyan_ceramics,01_opishnyan_ceramics,True,0.8788352702166545,01_opishnyan_ceramics,05_kosiv_ceramics,03_bubnivka_ceramics,3,validation,srcgrp_b6dba6413920e1cb,src_global_opn_gray_catalog_b,unreviewed,unreviewed,global_cls__c10__source0p5,pair_letterbox_cls_patch__c100__source0p5__blend0p25,pairwise_conditional_logit_blend,pair_letterbox_cls_patch,100.0,0.5,0.25,0.8788352702166545,0.0019330866856814627,0.027986049885298583,0.0035879260811657048,0.0876576671311996
img_dd456711a8868062,selection_conditional_full_development_oof_v2,dataset_dev/01_opishnyan_ceramics/o135.jpg,01_opishnyan_ceramics,01_opishnyan_ceramics,True,0.6974343140217305,01_opishnyan_ceramics,03_bubnivka_ceramics,05_kosiv_ceramics,3,validation,srcgrp_b6dba6413920e1cb,src_global_opn_gray_catalog_b,unreviewed,unreviewed,global_cls__c10__source0p5,pair_letterbox_cls_patch__c100__source0p5__blend0p25,pairwise_conditional_logit_blend,pair_letterbox_cls_patch,100.0,0.5,0.25,0.6974343140217305,0.003902629088464463,0.15521320876621172,0.008610742205455293,0.13483910591813797
img_14bbcde62d473908,selection_conditional_full_development_oof_v2,dataset_dev/01_opishnyan_ceramics/o136.jpg,01_opishnyan_ceramics,01_opishnyan_ceramics,True,0.7128764076673215,01_opishnyan_ceramics,05_kosiv_ceramics,03_bubnivka_ceramics,3,validation,srcgrp_b6dba6413920e1cb,src_global_opn_gray_catalog_b,plate_or_bowl,clear,global_cls__c10__source0p5,pair_letterbox_cls_patch__c100__source0p5__blend0p25,pairwise_conditional_logit_blend,pair_letterbox_cls_patch,100.0,0.5,0.25,0.7128764076673215,0.06456808516433692,0.06704869486038322,0.019039772444610695,0.13646703986334774
img_fa9396bae33d6dd0,selection_conditional_full_development_oof_v2,dataset_dev/01_opishnyan_ceramics/o137.jpg,01_opishnyan_ceramics,01_opishnyan_ceramics,True,0.9499123348547824,01_opishnyan_ceramics,03_bubnivka_ceramics,05_kosiv_ceramics,3,validation,srcgrp_b6dba6413920e1cb,src_global_opn_gray_catalog_b,unreviewed,unreviewed,global_cls__c10__source0p5,pair_letterbox_cls_patch__c100__source0p5__blend0p25,pairwise_conditional_logit_blend,pair_letterbox_cls_patch,100.0,0.5,0.25,0.9499123348547824,0.002637068575614078,0.022595350140624634,0.002336672642387615,0.02251857378659115
img_f83d5e93773dd9a0,selection_conditional_full_development_oof_v2,dataset_dev/01_opishnyan_ceramics/o139.jpg,01_opishnyan_ceramics,01_opishnyan_ceramics,True,0.49670070561325685,01_opishnyan_ceramics,05_kosiv_ceramics,03_bubnivka_ceramics,3,validation,srcgrp_b6dba6413920e1cb,src_global_opn_gray_catalog_b,unreviewed,unreviewed,global_cls__c10__source0p5,pair_letterbox_cls_patch__c100__source0p5__blend0p25,pairwise_conditional_logit_blend,pair_letterbox_cls_patch,100.0,0.5,0.25,0.49670070561325685,0.003105500323721951,0.004567436310937132,0.002968024345716051,0.492658333406368
img_f4ef1443f234b845,selection_conditional_full_development_oof_v2,dataset_dev/01_opishnyan_ceramics/o140.jpg,01_opishnyan_ceramics,01_opishnyan_ceramics,True,0.5039843142596254,01_opishnyan_ceramics,03_bubnivka_ceramics,05_kosiv_ceramics,3,validation,srcgrp_b6dba6413920e1cb,src_global_opn_gray_catalog_b,unreviewed,unreviewed,global_cls__c10__source0p5,pair_letterbox_cls_patch__c100__source0p5__blend0p25,pairwise_conditional_logit_blend,pair_letterbox_cls_patch,100.0,0.5,0.25,0.5039843142596254,0.0029115190189875242,0.4640432679887437,0.0012336613108781752,0.027827237421765325
img_bdeb80622d1df61f,selection_conditional_full_development_oof_v2,dataset_dev/01_opishnyan_ceramics/o141.jpg,01_opishnyan_ceramics,01_opishnyan_ceramics,True,0.892503095573945,01_opishnyan_ceramics,05_kosiv_ceramics,03_bubnivka_ceramics,3,validation,srcgrp_b6dba6413920e1cb,src_global_opn_gray_catalog_b,unreviewed,unreviewed,global_cls__c10__source0p5,pair_letterbox_cls_patch__c100__source0p5__blend0p25,pairwise_conditional_logit_blend,pair_letterbox_cls_patch,100.0,0.5,0.25,0.892503095573945,0.006914414569024458,0.011985350193546643,0.001701346408946462,0.08689579325453749
img_7feb2e1954f4a350,selection_conditional_full_development_oof_v2,dataset_dev/01_opishnyan_ceramics/o143.jpg,01_opishnyan_ceramics,01_opishnyan_ceramics,True,0.523495129027226,01_opishnyan_ceramics,05_kosiv_ceramics,03_bubnivka_ceramics,3,validation,srcgrp_b6dba6413920e1cb,src_global_opn_gray_catalog_b,unreviewed,unreviewed,global_cls__c10__source0p5,pair_letterbox_cls_patch__c100__source0p5__blend0p25,pairwise_conditional_logit_blend,pair_letterbox_cls_patch,100.0,0.5,0.25,0.523495129027226,0.0142208200573953,0.018452945263537014,0.002138968570831991,0.4416921370810097
img_0f4c7e86e25b879b,selection_conditional_full_development_oof_v2,dataset_dev/01_opishnyan_ceramics/o144.jpg,01_opishnyan_ceramics,01_opishnyan_ceramics,True,0.7807462833562131,01_opishnyan_ceramics,05_kosiv_ceramics,03_bubnivka_ceramics,3,validation,srcgrp_b6dba6413920e1cb,src_global_opn_gray_catalog_b,unreviewed,unreviewed,global_cls__c10__source0p5,pair_letterbox_cls_patch__c100__source0p5__blend0p25,pairwise_conditional_logit_blend,pair_letterbox_cls_patch,100.0,0.5,0.25,0.7807462833562131,0.00245944635709974,0.08343768353940328,0.0025686400901489973,0.13078794665713483
img_51b9ac2eeb3d7f1f,selection_conditional_full_development_oof_v2,dataset_dev/01_opishnyan_ceramics/o145.jpg,01_opishnyan_ceramics,03_bubnivka_ceramics,False,0.46780462931080535,03_bubnivka_ceramics,05_kosiv_ceramics,01_opishnyan_ceramics,3,validation,srcgrp_b6dba6413920e1cb,src_global_opn_gray_catalog_b,unreviewed,unreviewed,global_cls__c10__source0p5,pair_letterbox_cls_patch__c100__source0p5__blend0p25,pairwise_conditional_logit_blend,pair_letterbox_cls_patch,100.0,0.5,0.25,0.07629136764158596,0.043426767849460216,0.46780462931080535,0.059654197101283314,0.3528230380968651
img_c0405690e861dcd2,selection_conditional_full_development_oof_v2,dataset_dev/01_opishnyan_ceramics/o146.jpg,01_opishnyan_ceramics,01_opishnyan_ceramics,True,0.5184868531303397,01_opishnyan_ceramics,05_kosiv_ceramics,04_petrykivka_painting,3,validation,srcgrp_b6dba6413920e1cb,src_global_opn_gray_catalog_b,unreviewed,unreviewed,global_cls__c10__source0p5,pair_letterbox_cls_patch__c100__source0p5__blend0p25,pairwise_conditional_logit_blend,pair_letterbox_cls_patch,100.0,0.5,0.25,0.5184868531303397,0.0040299030229996305,0.031690679726245466,0.03521051338947017,0.41058205073094495
img_ee6f0b38ad82c8bd,selection_conditional_full_development_oof_v2,dataset_dev/01_opishnyan_ceramics/o147.jpg,01_opishnyan_ceramics,01_opishnyan_ceramics,True,0.9726042658223845,01_opishnyan_ceramics,03_bubnivka_ceramics,05_kosiv_ceramics,3,validation,srcgrp_b6dba6413920e1cb,src_global_opn_gray_catalog_b,unreviewed,unreviewed,global_cls__c10__source0p5,pair_letterbox_cls_patch__c100__source0p5__blend0p25,pairwise_conditional_logit_blend,pair_letterbox_cls_patch,100.0,0.5,0.25,0.9726042658223845,0.0011178424510876913,0.017897546853756465,0.0005787415188914572,0.007801603353879899
img_52b17ecb09f74f50,selection_conditional_full_development_oof_v2,dataset_dev/01_opishnyan_ceramics/o148.jpg,01_opishnyan_ceramics,01_opishnyan_ceramics,True,0.9182317490355209,01_opishnyan_ceramics,05_kosiv_ceramics,02_ornek,3,validation,srcgrp_b6dba6413920e1cb,src_global_opn_gray_catalog_b,unreviewed,unreviewed,global_cls__c10__source0p5,pair_letterbox_cls_patch__c100__source0p5__blend0p25,pairwise_conditional_logit_blend,pair_letterbox_cls_patch,100.0,0.5,0.25,0.9182317490355209,0.006634214174282005,0.005108762642217195,0.0005053258087563379,0.06951994833922374
img_79b2bc31bf22c1ea,selection_conditional_full_development_oof_v2,dataset_dev/01_opishnyan_ceramics/o149.jpg,01_opishnyan_ceramics,01_opishnyan_ceramics,True,0.6561521662481505,01_opishnyan_ceramics,05_kosiv_ceramics,03_bubnivka_ceramics,3,validation,srcgrp_b6dba6413920e1cb,src_global_opn_gray_catalog_b,unreviewed,unreviewed,global_cls__c10__source0p5,pair_letterbox_cls_patch__c100__source0p5__blend0p25,pairwise_conditional_logit_blend,pair_letterbox_cls_patch,100.0,0.5,0.25,0.6561521662481505,0.01882504873419372,0.13331803493888525,0.009968236821724416,0.18173651325704604
img_dd6fd1f4a679e67d,selection_conditional_full_development_oof_v2,dataset_dev/01_opishnyan_ceramics/o151.jpg,01_opishnyan_ceramics,01_opishnyan_ceramics,True,0.7902191876787182,01_opishnyan_ceramics,03_bubnivka_ceramics,05_kosiv_ceramics,3,validation,srcgrp_b6dba6413920e1cb,src_global_opn_gray_catalog_b,unreviewed,unreviewed,global_cls__c10__source0p5,pair_letterbox_cls_patch__c100__source0p5__blend0p25,pairwise_conditional_logit_blend,pair_letterbox_cls_patch,100.0,0.5,0.25,0.7902191876787182,0.0027452818519332228,0.17953913022937423,0.0008691417771082762,0.026627258462866094
img_a33d94149fab6ea0,selection_conditional_full_development_oof_v2,dataset_dev/01_opishnyan_ceramics/o152.jpg,01_opishnyan_ceramics,01_opishnyan_ceramics,True,0.8129072646878,01_opishnyan_ceramics,03_bubnivka_ceramics,05_kosiv_ceramics,3,validation,srcgrp_b6dba6413920e1cb,src_global_opn_gray_catalog_b,unreviewed,unreviewed,global_cls__c10__source0p5,pair_letterbox_cls_patch__c100__source0p5__blend0p25,pairwise_conditional_logit_blend,pair_letterbox_cls_patch,100.0,0.5,0.25,0.8129072646878,0.003122768735317893,0.11701510934825696,0.0026886472525750322,0.06426620997605025
img_62156143d7280c45,selection_conditional_full_development_oof_v2,dataset_dev/01_opishnyan_ceramics/o154.jpg,01_opishnyan_ceramics,01_opishnyan_ceramics,True,0.9829155655265482,01_opishnyan_ceramics,05_kosiv_ceramics,02_ornek,3,validation,srcgrp_b6dba6413920e1cb,src_global_opn_gray_catalog_b,unreviewed,unreviewed,global_cls__c10__source0p5,pair_letterbox_cls_patch__c100__source0p5__blend0p25,pairwise_conditional_logit_blend,pair_letterbox_cls_patch,100.0,0.5,0.25,0.9829155655265482,0.0007559564004923101,0.000530053953514597,0.00044865640029178927,0.015349767719153053
img_efa59e5c3378c310,selection_conditional_full_development_oof_v2,dataset_dev/01_opishnyan_ceramics/o155.jpg,01_opishnyan_ceramics,01_opishnyan_ceramics,True,0.8992761409978232,01_opishnyan_ceramics,02_ornek,05_kosiv_ceramics,3,validation,srcgrp_b6dba6413920e1cb,src_global_opn_gray_catalog_b,unreviewed,unreviewed,global_cls__c10__source0p5,pair_letterbox_cls_patch__c100__source0p5__blend0p25,pairwise_conditional_logit_blend,pair_letterbox_cls_patch,100.0,0.5,0.25,0.8992761409978232,0.049906438143418684,0.0011831946844725679,0.004052629032519399,0.0455815971417664
img_10e68b42ffd61bab,selection_conditional_full_development_oof_v2,dataset_dev/01_opishnyan_ceramics/o157.jpg,01_opishnyan_ceramics,01_opishnyan_ceramics,True,0.9727493370408172,01_opishnyan_ceramics,05_kosiv_ceramics,02_ornek,3,validation,srcgrp_b6dba6413920e1cb,src_global_opn_gray_catalog_b,unreviewed,unreviewed,global_cls__c10__source0p5,pair_letterbox_cls_patch__c100__source0p5__blend0p25,pairwise_conditional_logit_blend,pair_letterbox_cls_patch,100.0,0.5,0.25,0.9727493370408172,0.012094931143718566,0.0006194743287937226,0.0017650977528850167,0.012771159733785583
img_b4695e4f1b7b0d1f,selection_conditional_full_development_oof_v2,dataset_dev/01_opishnyan_ceramics/o158.jpg,01_opishnyan_ceramics,01_opishnyan_ceramics,True,0.9139790483963612,01_opishnyan_ceramics,05_kosiv_ceramics,02_ornek,3,validation,srcgrp_b6dba6413920e1cb,src_global_opn_gray_catalog_b,unreviewed,unreviewed,global_cls__c10__source0p5,pair_letterbox_cls_patch__c100__source0p5__blend0p25,pairwise_conditional_logit_blend,pair_letterbox_cls_patch,100.0,0.5,0.25,0.9139790483963612,0.02101876650401431,0.015697100329772506,0.00325106699698182,0.04605401777287004
img_68603f417f96ad22,selection_conditional_full_development_oof_v2,dataset_dev/01_opishnyan_ceramics/o160.jpg,01_opishnyan_ceramics,01_opishnyan_ceramics,True,0.6879230573780322,01_opishnyan_ceramics,05_kosiv_ceramics,02_ornek,3,validation,srcgrp_b6dba6413920e1cb,src_global_opn_gray_catalog_b,unreviewed,unreviewed,global_cls__c10__source0p5,pair_letterbox_cls_patch__c100__source0p5__blend0p25,pairwise_conditional_logit_blend,pair_letterbox_cls_patch,100.0,0.5,0.25,0.6879230573780322,0.09141356068367863,0.032023025762028375,0.00608101291470373,0.18255934326155707
img_ddfec16b11e92dff,selection_conditional_full_development_oof_v2,dataset_dev/01_opishnyan_ceramics/o162.jpg,01_opishnyan_ceramics,01_opishnyan_ceramics,True,0.6743877300702736,01_opishnyan_ceramics,03_bubnivka_ceramics,05_kosiv_ceramics,3,validation,srcgrp_b6dba6413920e1cb,src_global_opn_gray_catalog_b,unreviewed,unreviewed,global_cls__c10__source0p5,pair_letterbox_cls_patch__c100__source0p5__blend0p25,pairwise_conditional_logit_blend,pair_letterbox_cls_patch,100.0,0.5,0.25,0.6743877300702736,0.04138866538673714,0.1440392412624344,0.05675671284618761,0.08342765043436709
img_91bc335b06563471,selection_conditional_full_development_oof_v2,dataset_dev/01_opishnyan_ceramics/o163.jpg,01_opishnyan_ceramics,01_opishnyan_ceramics,True,0.7496326860389095,01_opishnyan_ceramics,03_bubnivka_ceramics,05_kosiv_ceramics,3,validation,srcgrp_b6dba6413920e1cb,src_global_opn_gray_catalog_b,unreviewed,unreviewed,global_cls__c10__source0p5,pair_letterbox_cls_patch__c100__source0p5__blend0p25,pairwise_conditional_logit_blend,pair_letterbox_cls_patch,100.0,0.5,0.25,0.7496326860389095,0.029726258819814628,0.09968567020882282,0.039278897971599384,0.08167648696085379
img_c3061194d858329c,selection_conditional_full_development_oof_v2,dataset_dev/01_opishnyan_ceramics/o165.jpg,01_opishnyan_ceramics,01_opishnyan_ceramics,True,0.5386031532064419,01_opishnyan_ceramics,05_kosiv_ceramics,03_bubnivka_ceramics,3,validation,srcgrp_b6dba6413920e1cb,src_global_opn_gray_catalog_b,unreviewed,unreviewed,global_cls__c10__source0p5,pair_letterbox_cls_patch__c100__source0p5__blend0p25,pairwise_conditional_logit_blend,pair_letterbox_cls_patch,100.0,0.5,0.25,0.5386031532064419,0.0026723486380564754,0.18049426808772218,0.00395209925173336,0.2742781308160461
img_a46bbe0e36046839,selection_conditional_full_development_oof_v2,dataset_dev/01_opishnyan_ceramics/o166.jpg,01_opishnyan_ceramics,01_opishnyan_ceramics,True,0.8100881416809768,01_opishnyan_ceramics,05_kosiv_ceramics,03_bubnivka_ceramics,3,validation,srcgrp_b6dba6413920e1cb,src_global_opn_gray_catalog_b,unreviewed,unreviewed,global_cls__c10__source0p5,pair_letterbox_cls_patch__c100__source0p5__blend0p25,pairwise_conditional_logit_blend,pair_letterbox_cls_patch,100.0,0.5,0.25,0.8100881416809768,0.0010750673091975322,0.026034739079038114,0.001275705892769113,0.16152634603801852
img_e228a82b01727a0f,selection_conditional_full_development_oof_v2,dataset_dev/01_opishnyan_ceramics/o168_1.jpg,01_opishnyan_ceramics,01_opishnyan_ceramics,True,0.68271120523221,01_opishnyan_ceramics,05_kosiv_ceramics,03_bubnivka_ceramics,3,validation,srcgrp_b6dba6413920e1cb,src_global_opn_gray_catalog_b,figurine_or_sculpture,clear,global_cls__c10__source0p5,pair_letterbox_cls_patch__c100__source0p5__blend0p25,pairwise_conditional_logit_blend,pair_letterbox_cls_patch,100.0,0.5,0.25,0.68271120523221,0.07851600608930251,0.09959813722684303,0.0021371846701012027,0.13703746678154327
img_2960b120c1061863,selection_conditional_full_development_oof_v2,dataset_dev/01_opishnyan_ceramics/o168_2.jpg,01_opishnyan_ceramics,01_opishnyan_ceramics,True,0.8058594399290744,01_opishnyan_ceramics,03_bubnivka_ceramics,05_kosiv_ceramics,3,validation,srcgrp_b6dba6413920e1cb,src_global_opn_gray_catalog_b,figurine_or_sculpture,clear,global_cls__c10__source0p5,pair_letterbox_cls_patch__c100__source0p5__blend0p25,pairwise_conditional_logit_blend,pair_letterbox_cls_patch,100.0,0.5,0.25,0.8058594399290744,0.01585870429653342,0.1526129053809554,0.0013972764771981866,0.02427167391623862
img_0106a0208a392c88,selection_conditional_full_development_oof_v2,dataset_dev/01_opishnyan_ceramics/o169.jpg,01_opishnyan_ceramics,01_opishnyan_ceramics,True,0.769571847199925,01_opishnyan_ceramics,05_kosiv_ceramics,03_bubnivka_ceramics,3,validation,srcgrp_b6dba6413920e1cb,src_global_opn_gray_catalog_b,unreviewed,unreviewed,global_cls__c10__source0p5,pair_letterbox_cls_patch__c100__source0p5__blend0p25,pairwise_conditional_logit_blend,pair_letterbox_cls_patch,100.0,0.5,0.25,0.769571847199925,0.009563118486213029,0.07868673001105166,0.05091398756220501,0.09126431674060533
img_7ce2e17f00e3d009,selection_conditional_full_development_oof_v2,dataset_dev/01_opishnyan_ceramics/o170.jpg,01_opishnyan_ceramics,01_opishnyan_ceramics,True,0.6378109338816977,01_opishnyan_ceramics,03_bubnivka_ceramics,02_ornek,3,validation,srcgrp_b6dba6413920e1cb,src_global_opn_gray_catalog_b,unreviewed,unreviewed,global_cls__c10__source0p5,pair_letterbox_cls_patch__c100__source0p5__blend0p25,pairwise_conditional_logit_blend,pair_letterbox_cls_patch,100.0,0.5,0.25,0.6378109338816977,0.01352330885415072,0.331202281358899,0.012889676573376595,0.004573799331875937
img_6ad0e77397b14f05,selection_conditional_full_development_oof_v2,dataset_dev/01_opishnyan_ceramics/o171.jpg,01_opishnyan_ceramics,01_opishnyan_ceramics,True,0.4467277043920681,01_opishnyan_ceramics,05_kosiv_ceramics,03_bubnivka_ceramics,3,validation,srcgrp_b6dba6413920e1cb,src_global_opn_gray_catalog_b,unreviewed,unreviewed,global_cls__c10__source0p5,pair_letterbox_cls_patch__c100__source0p5__blend0p25,pairwise_conditional_logit_blend,pair_letterbox_cls_patch,100.0,0.5,0.25,0.4467277043920681,0.04360127813557677,0.17348934344583555,0.14362211033834357,0.19255956368817592
img_132ac06c4185d62b,selection_conditional_full_development_oof_v2,dataset_dev/01_opishnyan_ceramics/o177.jpg,01_opishnyan_ceramics,03_bubnivka_ceramics,False,0.6726126346526442,03_bubnivka_ceramics,01_opishnyan_ceramics,04_petrykivka_painting,3,validation,srcgrp_b6dba6413920e1cb,src_global_opn_gray_catalog_b,plate_or_bowl,clear,global_cls__c10__source0p5,pair_letterbox_cls_patch__c100__source0p5__blend0p25,pairwise_conditional_logit_blend,pair_letterbox_cls_patch,100.0,0.5,0.25,0.31089811189499994,0.002960996186230013,0.6726126346526442,0.007094622289347782,0.006433634976778118
img_f6a4f6a87c2eeaca,selection_conditional_full_development_oof_v2,dataset_dev/01_opishnyan_ceramics/o178.jpg,01_opishnyan_ceramics,01_opishnyan_ceramics,True,0.6015715173902066,01_opishnyan_ceramics,03_bubnivka_ceramics,05_kosiv_ceramics,3,validation,srcgrp_b6dba6413920e1cb,src_global_opn_gray_catalog_b,unreviewed,unreviewed,global_cls__c10__source0p5,pair_letterbox_cls_patch__c100__source0p5__blend0p25,pairwise_conditional_logit_blend,pair_letterbox_cls_patch,100.0,0.5,0.25,0.6015715173902066,0.01070769297482121,0.2024772445363119,0.014521631923707585,0.17072191317495253
img_18dff748fa839596,selection_conditional_full_development_oof_v2,dataset_dev/01_opishnyan_ceramics/o179.jpg,01_opishnyan_ceramics,03_bubnivka_ceramics,False,0.5999370174189185,03_bubnivka_ceramics,01_opishnyan_ceramics,02_ornek,3,validation,srcgrp_b6dba6413920e1cb,src_global_opn_gray_catalog_b,plate_or_bowl,clear,global_cls__c10__source0p5,pair_letterbox_cls_patch__c100__source0p5__blend0p25,pairwise_conditional_logit_blend,pair_letterbox_cls_patch,100.0,0.5,0.25,0.38129515429724264,0.011698784521343866,0.5999370174189185,0.00488974298064135,0.0021793007818537596
img_5282803ad6d9e796,selection_conditional_full_development_oof_v2,dataset_dev/01_opishnyan_ceramics/o181.jpg,01_opishnyan_ceramics,03_bubnivka_ceramics,False,0.6467183496035533,03_bubnivka_ceramics,01_opishnyan_ceramics,05_kosiv_ceramics,3,validation,srcgrp_b6dba6413920e1cb,src_global_opn_gray_catalog_b,unreviewed,unreviewed,global_cls__c10__source0p5,pair_letterbox_cls_patch__c100__source0p5__blend0p25,pairwise_conditional_logit_blend,pair_letterbox_cls_patch,100.0,0.5,0.25,0.2708707840191786,0.008248641657261335,0.6467183496035533,0.021117740257128325,0.05304448446287858
img_4d03e2dc0a7fc2c9,selection_conditional_full_development_oof_v2,dataset_dev/01_opishnyan_ceramics/o182.jpg,01_opishnyan_ceramics,01_opishnyan_ceramics,True,0.7151971131499898,01_opishnyan_ceramics,05_kosiv_ceramics,03_bubnivka_ceramics,3,validation,srcgrp_b6dba6413920e1cb,src_global_opn_gray_catalog_b,unreviewed,unreviewed,global_cls__c10__source0p5,pair_letterbox_cls_patch__c100__source0p5__blend0p25,pairwise_conditional_logit_blend,pair_letterbox_cls_patch,100.0,0.5,0.25,0.7151971131499898,0.022492166942364087,0.10007848501318846,0.03868068258420624,0.1235515523102515
img_7ba07728403feda9,selection_conditional_full_development_oof_v2,dataset_dev/01_opishnyan_ceramics/o184.jpg,01_opishnyan_ceramics,03_bubnivka_ceramics,False,0.734017326849766,03_bubnivka_ceramics,01_opishnyan_ceramics,04_petrykivka_painting,3,validation,srcgrp_b6dba6413920e1cb,src_global_opn_gray_catalog_b,unreviewed,unreviewed,global_cls__c10__source0p5,pair_letterbox_cls_patch__c100__source0p5__blend0p25,pairwise_conditional_logit_blend,pair_letterbox_cls_patch,100.0,0.5,0.25,0.21316141628069815,0.002701663426788982,0.734017326849766,0.041320254054264434,0.00879933938848253
img_f1dd5107cc8c72d3,selection_conditional_full_development_oof_v2,dataset_dev/01_opishnyan_ceramics/o187.jpg,01_opishnyan_ceramics,01_opishnyan_ceramics,True,0.8603106484671024,01_opishnyan_ceramics,03_bubnivka_ceramics,04_petrykivka_painting,3,validation,srcgrp_b6dba6413920e1cb,src_global_opn_gray_catalog_b,unreviewed,unreviewed,global_cls__c10__source0p5,pair_letterbox_cls_patch__c100__source0p5__blend0p25,pairwise_conditional_logit_blend,pair_letterbox_cls_patch,100.0,0.5,0.25,0.8603106484671024,0.010575911976432456,0.07083589671389572,0.033374018935610116,0.024903523906959393
img_5cefdfbc50a45519,selection_conditional_full_development_oof_v2,dataset_dev/01_opishnyan_ceramics/o189.jpg,01_opishnyan_ceramics,01_opishnyan_ceramics,True,0.6835437928425611,01_opishnyan_ceramics,03_bubnivka_ceramics,05_kosiv_ceramics,3,validation,srcgrp_b6dba6413920e1cb,src_global_opn_gray_catalog_b,unreviewed,unreviewed,global_cls__c10__source0p5,pair_letterbox_cls_patch__c100__source0p5__blend0p25,pairwise_conditional_logit_blend,pair_letterbox_cls_patch,100.0,0.5,0.25,0.6835437928425611,0.03308253177704389,0.14157785544740276,0.01135295704854427,0.130442862884448
img_f2f49e4157ba1250,selection_conditional_full_development_oof_v2,dataset_dev/01_opishnyan_ceramics/o191.jpg,01_opishnyan_ceramics,03_bubnivka_ceramics,False,0.8961607197157876,03_bubnivka_ceramics,01_opishnyan_ceramics,05_kosiv_ceramics,3,validation,srcgrp_b6dba6413920e1cb,src_global_opn_gray_catalog_b,unreviewed,unreviewed,global_cls__c10__source0p5,pair_letterbox_cls_patch__c100__source0p5__blend0p25,pairwise_conditional_logit_blend,pair_letterbox_cls_patch,100.0,0.5,0.25,0.08876865943280791,0.0041054408223564895,0.8961607197157876,0.004377272292665219,0.006587907736382596
img_d814076f3330edcc,selection_conditional_full_development_oof_v2,dataset_dev/01_opishnyan_ceramics/o192.jpg,01_opishnyan_ceramics,03_bubnivka_ceramics,False,0.71844184913951,03_bubnivka_ceramics,01_opishnyan_ceramics,04_petrykivka_painting,3,validation,srcgrp_b6dba6413920e1cb,src_global_opn_gray_catalog_b,unreviewed,unreviewed,global_cls__c10__source0p5,pair_letterbox_cls_patch__c100__source0p5__blend0p25,pairwise_conditional_logit_blend,pair_letterbox_cls_patch,100.0,0.5,0.25,0.2077419638311242,0.01347975507288518,0.71844184913951,0.0450059798058379,0.015330452150642692
img_a7711e8b6b0d58bd,selection_conditional_full_development_oof_v2,dataset_dev/01_opishnyan_ceramics/o194.jpg,01_opishnyan_ceramics,01_opishnyan_ceramics,True,0.9522164642655474,01_opishnyan_ceramics,05_kosiv_ceramics,03_bubnivka_ceramics,3,validation,srcgrp_b6dba6413920e1cb,src_global_opn_gray_catalog_b,unreviewed,unreviewed,global_cls__c10__source0p5,pair_letterbox_cls_patch__c100__source0p5__blend0p25,pairwise_conditional_logit_blend,pair_letterbox_cls_patch,100.0,0.5,0.25,0.9522164642655474,0.0008714983339320364,0.023205598257614948,0.00025085356362467194,0.023455585579280864
img_db3971b3b7077c75,selection_conditional_full_development_oof_v2,dataset_dev/01_opishnyan_ceramics/o195.jpg,01_opishnyan_ceramics,01_opishnyan_ceramics,True,0.9581003611041755,01_opishnyan_ceramics,03_bubnivka_ceramics,05_kosiv_ceramics,3,validation,srcgrp_b6dba6413920e1cb,src_global_opn_gray_catalog_b,unreviewed,unreviewed,global_cls__c10__source0p5,pair_letterbox_cls_patch__c100__source0p5__blend0p25,pairwise_conditional_logit_blend,pair_letterbox_cls_patch,100.0,0.5,0.25,0.9581003611041755,0.0005812014727437148,0.02667217447233555,0.0029486022513611336,0.011697660699384308
img_45212bb24a5937ea,selection_conditional_full_development_oof_v2,dataset_dev/01_opishnyan_ceramics/o196.jpg,01_opishnyan_ceramics,01_opishnyan_ceramics,True,0.9428811012847922,01_opishnyan_ceramics,05_kosiv_ceramics,03_bubnivka_ceramics,3,validation,srcgrp_b6dba6413920e1cb,src_global_opn_gray_catalog_b,unreviewed,unreviewed,global_cls__c10__source0p5,pair_letterbox_cls_patch__c100__source0p5__blend0p25,pairwise_conditional_logit_blend,pair_letterbox_cls_patch,100.0,0.5,0.25,0.9428811012847922,0.004227782631985387,0.016432221341958663,0.007129049432278726,0.02932984530898493
img_fa3023f4e270d501,selection_conditional_full_development_oof_v2,dataset_dev/01_opishnyan_ceramics/o198.jpg,01_opishnyan_ceramics,01_opishnyan_ceramics,True,0.9248788062867758,01_opishnyan_ceramics,03_bubnivka_ceramics,05_kosiv_ceramics,3,validation,srcgrp_b6dba6413920e1cb,src_global_opn_gray_catalog_b,unreviewed,unreviewed,global_cls__c10__source0p5,pair_letterbox_cls_patch__c100__source0p5__blend0p25,pairwise_conditional_logit_blend,pair_letterbox_cls_patch,100.0,0.5,0.25,0.9248788062867758,0.001848587107668477,0.0677627933034352,0.0006017536399956385,0.004908059662124896
img_f02cd861d0146ccd,selection_conditional_full_development_oof_v2,dataset_dev/01_opishnyan_ceramics/o199.jpg,01_opishnyan_ceramics,01_opishnyan_ceramics,True,0.9493550457674254,01_opishnyan_ceramics,05_kosiv_ceramics,03_bubnivka_ceramics,3,validation,srcgrp_b6dba6413920e1cb,src_global_opn_gray_catalog_b,unreviewed,unreviewed,global_cls__c10__source0p5,pair_letterbox_cls_patch__c100__source0p5__blend0p25,pairwise_conditional_logit_blend,pair_letterbox_cls_patch,100.0,0.5,0.25,0.9493550457674254,0.0009555442582666032,0.01588591981562294,0.0010005217694301423,0.03280296838925492
img_46a488f3567c723d,selection_conditional_full_development_oof_v2,dataset_dev/01_opishnyan_ceramics/o200.jpg,01_opishnyan_ceramics,01_opishnyan_ceramics,True,0.8172697383482744,01_opishnyan_ceramics,05_kosiv_ceramics,02_ornek,3,validation,srcgrp_b6dba6413920e1cb,src_global_opn_gray_catalog_b,unreviewed,unreviewed,global_cls__c10__source0p5,pair_letterbox_cls_patch__c100__source0p5__blend0p25,pairwise_conditional_logit_blend,pair_letterbox_cls_patch,100.0,0.5,0.25,0.8172697383482744,0.046326345646173994,0.007525760322418352,0.0017914857043365465,0.12708666997879683
img_47422c3678da647b,selection_conditional_full_development_oof_v2,dataset_dev/01_opishnyan_ceramics/o203.jpg,01_opishnyan_ceramics,01_opishnyan_ceramics,True,0.9259105453630032,01_opishnyan_ceramics,05_kosiv_ceramics,02_ornek,3,validation,srcgrp_b6dba6413920e1cb,src_global_opn_gray_catalog_b,unreviewed,unreviewed,global_cls__c10__source0p5,pair_letterbox_cls_patch__c100__source0p5__blend0p25,pairwise_conditional_logit_blend,pair_letterbox_cls_patch,100.0,0.5,0.25,0.9259105453630032,0.031534737546159645,0.006409234235785257,0.0005668524811166114,0.035578630373935174
img_6c4db1cbe35c3817,selection_conditional_full_development_oof_v2,dataset_dev/01_opishnyan_ceramics/o204.jpg,01_opishnyan_ceramics,01_opishnyan_ceramics,True,0.9019764153304997,01_opishnyan_ceramics,05_kosiv_ceramics,03_bubnivka_ceramics,3,validation,srcgrp_b6dba6413920e1cb,src_global_opn_gray_catalog_b,unreviewed,unreviewed,global_cls__c10__source0p5,pair_letterbox_cls_patch__c100__source0p5__blend0p25,pairwise_conditional_logit_blend,pair_letterbox_cls_patch,100.0,0.5,0.25,0.9019764153304997,0.010673546155981671,0.01334924418149521,0.0008056656680485669,0.07319512866397498
img_877e77aaa9e945c3,selection_conditional_full_development_oof_v2,dataset_dev/01_opishnyan_ceramics/o205.jpg,01_opishnyan_ceramics,01_opishnyan_ceramics,True,0.9355129337161919,01_opishnyan_ceramics,02_ornek,05_kosiv_ceramics,3,validation,srcgrp_b6dba6413920e1cb,src_global_opn_gray_catalog_b,unreviewed,unreviewed,global_cls__c10__source0p5,pair_letterbox_cls_patch__c100__source0p5__blend0p25,pairwise_conditional_logit_blend,pair_letterbox_cls_patch,100.0,0.5,0.25,0.9355129337161919,0.04308518546542876,0.0019263100776560618,0.0006994954100817276,0.018776075330641774
img_24b75f3a6cd0c7ee,selection_conditional_full_development_oof_v2,dataset_dev/01_opishnyan_ceramics/o207.jpg,01_opishnyan_ceramics,01_opishnyan_ceramics,True,0.9097807625822831,01_opishnyan_ceramics,03_bubnivka_ceramics,05_kosiv_ceramics,3,validation,srcgrp_b6dba6413920e1cb,src_global_opn_gray_catalog_b,unreviewed,unreviewed,global_cls__c10__source0p5,pair_letterbox_cls_patch__c100__source0p5__blend0p25,pairwise_conditional_logit_blend,pair_letterbox_cls_patch,100.0,0.5,0.25,0.9097807625822831,0.008982582867783947,0.044821524199985155,0.005755598577171513,0.030659531772776392
img_b866957ff1f5b755,selection_conditional_full_development_oof_v2,dataset_dev/01_opishnyan_ceramics/o208_1.jpg,01_opishnyan_ceramics,01_opishnyan_ceramics,True,0.850164845044976,01_opishnyan_ceramics,05_kosiv_ceramics,04_petrykivka_painting,3,validation,srcgrp_b6dba6413920e1cb,src_global_opn_gray_catalog_b,figurine_or_sculpture,clear,global_cls__c10__source0p5,pair_letterbox_cls_patch__c100__source0p5__blend0p25,pairwise_conditional_logit_blend,pair_letterbox_cls_patch,100.0,0.5,0.25,0.850164845044976,0.0220542762057239,0.010822064713312164,0.02390094746320139,0.09305786657278634
img_9bc51236e8fc9ed7,selection_conditional_full_development_oof_v2,dataset_dev/01_opishnyan_ceramics/o208_2.jpg,01_opishnyan_ceramics,01_opishnyan_ceramics,True,0.82168265520047,01_opishnyan_ceramics,05_kosiv_ceramics,04_petrykivka_painting,3,validation,srcgrp_b6dba6413920e1cb,src_global_opn_gray_catalog_b,figurine_or_sculpture,clear,global_cls__c10__source0p5,pair_letterbox_cls_patch__c100__source0p5__blend0p25,pairwise_conditional_logit_blend,pair_letterbox_cls_patch,100.0,0.5,0.25,0.82168265520047,0.007332401915042921,0.021134628826653085,0.02602446417859836,0.12382584987923581
img_4ae8e743ce6add41,selection_conditional_full_development_oof_v2,dataset_dev/01_opishnyan_ceramics/o208_3.jpg,01_opishnyan_ceramics,01_opishnyan_ceramics,True,0.9080154924640568,01_opishnyan_ceramics,05_kosiv_ceramics,02_ornek,3,validation,srcgrp_b6dba6413920e1cb,src_global_opn_gray_catalog_b,figurine_or_sculpture,clear,global_cls__c10__source0p5,pair_letterbox_cls_patch__c100__source0p5__blend0p25,pairwise_conditional_logit_blend,pair_letterbox_cls_patch,100.0,0.5,0.25,0.9080154924640568,0.03114405537967416,0.0024343809403573023,0.01316901104690616,0.04523706016900561
img_a6d08ac9cc301204,selection_conditional_full_development_oof_v2,dataset_dev/01_opishnyan_ceramics/o208_4.jpg,01_opishnyan_ceramics,01_opishnyan_ceramics,True,0.7285016034549667,01_opishnyan_ceramics,02_ornek,05_kosiv_ceramics,3,validation,srcgrp_b6dba6413920e1cb,src_global_opn_gray_catalog_b,figurine_or_sculpture,clear,global_cls__c10__source0p5,pair_letterbox_cls_patch__c100__source0p5__blend0p25,pairwise_conditional_logit_blend,pair_letterbox_cls_patch,100.0,0.5,0.25,0.7285016034549667,0.15486308896204182,0.030607323638797458,0.010992005571864005,0.07503597837232981
img_c32e4f8ca6f6afd3,selection_conditional_full_development_oof_v2,dataset_dev/01_opishnyan_ceramics/o208_5.jpg,01_opishnyan_ceramics,01_opishnyan_ceramics,True,0.9219063084067136,01_opishnyan_ceramics,05_kosiv_ceramics,02_ornek,3,validation,srcgrp_b6dba6413920e1cb,src_global_opn_gray_catalog_b,figurine_or_sculpture,clear,global_cls__c10__source0p5,pair_letterbox_cls_patch__c100__source0p5__blend0p25,pairwise_conditional_logit_blend,pair_letterbox_cls_patch,100.0,0.5,0.25,0.9219063084067136,0.023794084915837548,0.022900418625414337,0.0026550022985866472,0.028744185753447633
img_0f008d0311b688b7,selection_conditional_full_development_oof_v2,dataset_dev/01_opishnyan_ceramics/o209.jpg,01_opishnyan_ceramics,01_opishnyan_ceramics,True,0.8265852186032021,01_opishnyan_ceramics,05_kosiv_ceramics,04_petrykivka_painting,3,validation,srcgrp_b6dba6413920e1cb,src_global_opn_gray_catalog_b,unreviewed,unreviewed,global_cls__c10__source0p5,pair_letterbox_cls_patch__c100__source0p5__blend0p25,pairwise_conditional_logit_blend,pair_letterbox_cls_patch,100.0,0.5,0.25,0.8265852186032021,0.022839601040995104,0.003961031319848863,0.060003499212326304,0.0866106498236277
img_ae20e7c38c7b4220,selection_conditional_full_development_oof_v2,dataset_dev/01_opishnyan_ceramics/o210.jpg,01_opishnyan_ceramics,03_bubnivka_ceramics,False,0.9373736906499766,03_bubnivka_ceramics,01_opishnyan_ceramics,05_kosiv_ceramics,3,validation,srcgrp_b6dba6413920e1cb,src_global_opn_gray_catalog_b,unreviewed,unreviewed,global_cls__c10__source0p5,pair_letterbox_cls_patch__c100__source0p5__blend0p25,pairwise_conditional_logit_blend,pair_letterbox_cls_patch,100.0,0.5,0.25,0.02599038537242117,0.0021004935896164717,0.9373736906499766,0.014423876682878598,0.02011155370510712
img_80aaefa627be58f6,selection_conditional_full_development_oof_v2,dataset_dev/01_opishnyan_ceramics/o211.jpg,01_opishnyan_ceramics,03_bubnivka_ceramics,False,0.879433907651817,03_bubnivka_ceramics,01_opishnyan_ceramics,05_kosiv_ceramics,3,validation,srcgrp_b6dba6413920e1cb,src_global_opn_gray_catalog_b,unreviewed,unreviewed,global_cls__c10__source0p5,pair_letterbox_cls_patch__c100__source0p5__blend0p25,pairwise_conditional_logit_blend,pair_letterbox_cls_patch,100.0,0.5,0.25,0.09898481109250916,0.0023355956018092845,0.879433907651817,0.006418643331150493,0.012827042322714007
img_3a7d5fff3ea44b25,selection_conditional_full_development_oof_v2,dataset_dev/01_opishnyan_ceramics/o212.jpg,01_opishnyan_ceramics,03_bubnivka_ceramics,False,0.8453466655841978,03_bubnivka_ceramics,01_opishnyan_ceramics,05_kosiv_ceramics,3,validation,srcgrp_b6dba6413920e1cb,src_global_opn_gray_catalog_b,unreviewed,unreviewed,global_cls__c10__source0p5,pair_letterbox_cls_patch__c100__source0p5__blend0p25,pairwise_conditional_logit_blend,pair_letterbox_cls_patch,100.0,0.5,0.25,0.1468580540474911,0.00139031090908475,0.8453466655841978,0.003108921890365766,0.0032960475688607123
img_34dac5a2a5a65f9f,selection_conditional_full_development_oof_v2,dataset_dev/01_opishnyan_ceramics/o213.jpg,01_opishnyan_ceramics,01_opishnyan_ceramics,True,0.8976814544266338,01_opishnyan_ceramics,03_bubnivka_ceramics,02_ornek,3,validation,srcgrp_b6dba6413920e1cb,src_global_opn_gray_catalog_b,unreviewed,unreviewed,global_cls__c10__source0p5,pair_letterbox_cls_patch__c100__source0p5__blend0p25,pairwise_conditional_logit_blend,pair_letterbox_cls_patch,100.0,0.5,0.25,0.8976814544266338,0.04385772371620522,0.057454513180831786,0.0007516614670154726,0.00025464720931350673
img_fa392882545f41ef,selection_conditional_full_development_oof_v2,dataset_dev/01_opishnyan_ceramics/o215.jpg,01_opishnyan_ceramics,01_opishnyan_ceramics,True,0.4865486720801369,01_opishnyan_ceramics,05_kosiv_ceramics,03_bubnivka_ceramics,3,validation,srcgrp_b6dba6413920e1cb,src_global_opn_gray_catalog_b,unreviewed,unreviewed,global_cls__c10__source0p5,pair_letterbox_cls_patch__c100__source0p5__blend0p25,pairwise_conditional_logit_blend,pair_letterbox_cls_patch,100.0,0.5,0.25,0.4865486720801369,0.00871949288904564,0.18131781524150797,0.034887500070849606,0.28852651971845994
img_4778c3013cc66028,selection_conditional_full_development_oof_v2,dataset_dev/01_opishnyan_ceramics/o216.jpg,01_opishnyan_ceramics,01_opishnyan_ceramics,True,0.46683180053352424,01_opishnyan_ceramics,03_bubnivka_ceramics,05_kosiv_ceramics,3,validation,srcgrp_b6dba6413920e1cb,src_global_opn_gray_catalog_b,unreviewed,unreviewed,global_cls__c10__source0p5,pair_letterbox_cls_patch__c100__source0p5__blend0p25,pairwise_conditional_logit_blend,pair_letterbox_cls_patch,100.0,0.5,0.25,0.46683180053352424,0.020134344973704695,0.3630973608181277,0.013114860438399814,0.1368216332362434
img_a97e2b5e87d217b0,selection_conditional_full_development_oof_v2,dataset_dev/01_opishnyan_ceramics/o217.jpg,01_opishnyan_ceramics,05_kosiv_ceramics,False,0.8604316666515535,05_kosiv_ceramics,01_opishnyan_ceramics,04_petrykivka_painting,3,validation,srcgrp_b6dba6413920e1cb,src_global_opn_gray_catalog_b,unreviewed,unreviewed,global_cls__c10__source0p5,pair_letterbox_cls_patch__c100__source0p5__blend0p25,pairwise_conditional_logit_blend,pair_letterbox_cls_patch,100.0,0.5,0.25,0.07396690829210112,0.014208070309038298,0.017197535272731657,0.03419581947457547,0.8604316666515535
img_bc01118a96391b76,selection_conditional_full_development_oof_v2,dataset_dev/01_opishnyan_ceramics/o218.jpg,01_opishnyan_ceramics,01_opishnyan_ceramics,True,0.6586842680908493,01_opishnyan_ceramics,03_bubnivka_ceramics,05_kosiv_ceramics,3,validation,srcgrp_b6dba6413920e1cb,src_global_opn_gray_catalog_b,unreviewed,unreviewed,global_cls__c10__source0p5,pair_letterbox_cls_patch__c100__source0p5__blend0p25,pairwise_conditional_logit_blend,pair_letterbox_cls_patch,100.0,0.5,0.25,0.6586842680908493,0.0072978155689246,0.31816614905713686,0.006071581673213051,0.009780185609876075
img_12b6905240f8ed85,selection_conditional_full_development_oof_v2,dataset_dev/01_opishnyan_ceramics/o219.jpg,01_opishnyan_ceramics,03_bubnivka_ceramics,False,0.6161574870616379,03_bubnivka_ceramics,01_opishnyan_ceramics,04_petrykivka_painting,3,validation,srcgrp_b6dba6413920e1cb,src_global_opn_gray_catalog_b,unreviewed,unreviewed,global_cls__c10__source0p5,pair_letterbox_cls_patch__c100__source0p5__blend0p25,pairwise_conditional_logit_blend,pair_letterbox_cls_patch,100.0,0.5,0.25,0.365236530285565,0.0013531904015929726,0.6161574870616379,0.014824054248449715,0.0024287380027543737
img_7fd1166a6959bcd3,selection_conditional_full_development_oof_v2,dataset_dev/01_opishnyan_ceramics/o220.jpg,01_opishnyan_ceramics,03_bubnivka_ceramics,False,0.8648610265299175,03_bubnivka_ceramics,01_opishnyan_ceramics,04_petrykivka_painting,3,validation,srcgrp_b6dba6413920e1cb,src_global_opn_gray_catalog_b,unreviewed,unreviewed,global_cls__c10__source0p5,pair_letterbox_cls_patch__c100__source0p5__blend0p25,pairwise_conditional_logit_blend,pair_letterbox_cls_patch,100.0,0.5,0.25,0.12040200888044203,0.0019296296964386322,0.8648610265299175,0.006960977350396645,0.005846357542805058
img_07ac62fe1cb3b346,selection_conditional_full_development_oof_v2,dataset_dev/01_opishnyan_ceramics/o221.jpg,01_opishnyan_ceramics,01_opishnyan_ceramics,True,0.5143818143046897,01_opishnyan_ceramics,03_bubnivka_ceramics,02_ornek,3,validation,srcgrp_b6dba6413920e1cb,src_global_opn_gray_catalog_b,unreviewed,unreviewed,global_cls__c10__source0p5,pair_letterbox_cls_patch__c100__source0p5__blend0p25,pairwise_conditional_logit_blend,pair_letterbox_cls_patch,100.0,0.5,0.25,0.5143818143046897,0.018698697991960465,0.4377263545117007,0.018184318041016605,0.01100881515063257
img_62961795d242ea26,selection_conditional_full_development_oof_v2,dataset_dev/01_opishnyan_ceramics/o222.jpg,01_opishnyan_ceramics,01_opishnyan_ceramics,True,0.7201869143308349,01_opishnyan_ceramics,05_kosiv_ceramics,02_ornek,3,validation,srcgrp_b6dba6413920e1cb,src_global_opn_gray_catalog_b,unreviewed,unreviewed,global_cls__c10__source0p5,pair_letterbox_cls_patch__c100__source0p5__blend0p25,pairwise_conditional_logit_blend,pair_letterbox_cls_patch,100.0,0.5,0.25,0.7201869143308349,0.08000243901390451,0.03826455717482235,0.042828921853562914,0.11871716762687512
img_b3bc50db9ce68bc1,selection_conditional_full_development_oof_v2,dataset_dev/01_opishnyan_ceramics/o224.jpg,01_opishnyan_ceramics,03_bubnivka_ceramics,False,0.5660720136991458,03_bubnivka_ceramics,01_opishnyan_ceramics,02_ornek,3,validation,srcgrp_b6dba6413920e1cb,src_global_opn_gray_catalog_b,unreviewed,unreviewed,global_cls__c10__source0p5,pair_letterbox_cls_patch__c100__source0p5__blend0p25,pairwise_conditional_logit_blend,pair_letterbox_cls_patch,100.0,0.5,0.25,0.4193463683418132,0.009474069023973304,0.5660720136991458,0.002526501186716213,0.00258104774835156
img_baedaa0c71e3b7ab,selection_conditional_full_development_oof_v2,dataset_dev/01_opishnyan_ceramics/o227.jpg,01_opishnyan_ceramics,02_ornek,False,0.7562048153671614,02_ornek,01_opishnyan_ceramics,03_bubnivka_ceramics,4,train,obj_single_baedaa0c71e3b7ab,,unreviewed,unreviewed,global_cls__c10__source0p5,pair_letterbox_cls_patch__c100__source0p5__blend0p25,pairwise_conditional_logit_blend,pair_letterbox_cls_patch,100.0,0.5,0.25,0.09474125776300901,0.7562048153671614,0.09429787528752878,0.04652239075433417,0.008233660827966676
img_cb94defd98ea0ecf,selection_conditional_full_development_oof_v2,dataset_dev/01_opishnyan_ceramics/o238_1.jpg,01_opishnyan_ceramics,01_opishnyan_ceramics,True,0.8716609556945116,01_opishnyan_ceramics,03_bubnivka_ceramics,02_ornek,4,train,srcgrp_2f3fc2708dc7b50c,src_global_opn_shelf_figurines,figurine_or_sculpture,clear,global_cls__c10__source0p5,pair_letterbox_cls_patch__c100__source0p5__blend0p25,pairwise_conditional_logit_blend,pair_letterbox_cls_patch,100.0,0.5,0.25,0.8716609556945116,0.02041936007032588,0.10319069909235686,0.002281411729942039,0.0024475734128634975
img_b6c8a1f25fcff781,selection_conditional_full_development_oof_v2,dataset_dev/01_opishnyan_ceramics/o238_2.jpg,01_opishnyan_ceramics,01_opishnyan_ceramics,True,0.9249899368378054,01_opishnyan_ceramics,03_bubnivka_ceramics,02_ornek,4,train,srcgrp_2f3fc2708dc7b50c,src_global_opn_shelf_figurines,figurine_or_sculpture,clear,global_cls__c10__source0p5,pair_letterbox_cls_patch__c100__source0p5__blend0p25,pairwise_conditional_logit_blend,pair_letterbox_cls_patch,100.0,0.5,0.25,0.9249899368378054,0.010936074700343973,0.059804649768910624,0.0015361844467524793,0.002733154246187585
img_2b60864c8acbd2ed,selection_conditional_full_development_oof_v2,dataset_dev/01_opishnyan_ceramics/o238_3.jpg,01_opishnyan_ceramics,01_opishnyan_ceramics,True,0.5273146528801655,01_opishnyan_ceramics,02_ornek,03_bubnivka_ceramics,4,train,srcgrp_2f3fc2708dc7b50c,src_global_opn_shelf_figurines,figurine_or_sculpture,clear,global_cls__c10__source0p5,pair_letterbox_cls_patch__c100__source0p5__blend0p25,pairwise_conditional_logit_blend,pair_letterbox_cls_patch,100.0,0.5,0.25,0.5273146528801655,0.42178828731717455,0.046748020990676584,0.002002709864042974,0.0021463289479403563
img_126cf508ef443a2e,selection_conditional_full_development_oof_v2,dataset_dev/01_opishnyan_ceramics/o238_4.jpg,01_opishnyan_ceramics,01_opishnyan_ceramics,True,0.6971909270133739,01_opishnyan_ceramics,03_bubnivka_ceramics,02_ornek,4,train,srcgrp_2f3fc2708dc7b50c,src_global_opn_shelf_figurines,figurine_or_sculpture,clear,global_cls__c10__source0p5,pair_letterbox_cls_patch__c100__source0p5__blend0p25,pairwise_conditional_logit_blend,pair_letterbox_cls_patch,100.0,0.5,0.25,0.6971909270133739,0.08595140589409392,0.1984219169123205,0.004110769298616502,0.014324980881595388
img_3ee3eeef60f72437,selection_conditional_full_development_oof_v2,dataset_dev/01_opishnyan_ceramics/o238_5.jpg,01_opishnyan_ceramics,01_opishnyan_ceramics,True,0.45841259638862214,01_opishnyan_ceramics,03_bubnivka_ceramics,02_ornek,4,train,srcgrp_2f3fc2708dc7b50c,src_global_opn_shelf_figurines,figurine_or_sculpture,clear,global_cls__c10__source0p5,pair_letterbox_cls_patch__c100__source0p5__blend0p25,pairwise_conditional_logit_blend,pair_letterbox_cls_patch,100.0,0.5,0.25,0.45841259638862214,0.18510722639895597,0.3320323275266425,0.006328953886519848,0.018118895799259602
img_48c3e0ac7ac459c8,selection_conditional_full_development_oof_v2,dataset_dev/01_opishnyan_ceramics/o239_1.jpg,01_opishnyan_ceramics,01_opishnyan_ceramics,True,0.8570411696289111,01_opishnyan_ceramics,03_bubnivka_ceramics,05_kosiv_ceramics,4,train,srcgrp_2f3fc2708dc7b50c,src_global_opn_shelf_figurines,figurine_or_sculpture,clear,global_cls__c10__source0p5,pair_letterbox_cls_patch__c100__source0p5__blend0p25,pairwise_conditional_logit_blend,pair_letterbox_cls_patch,100.0,0.5,0.25,0.8570411696289111,0.03311534665860973,0.055390023029309884,0.0036174343579382295,0.050836026325231154
img_e74ffa08e7ae375a,selection_conditional_full_development_oof_v2,dataset_dev/01_opishnyan_ceramics/o239_2.jpg,01_opishnyan_ceramics,01_opishnyan_ceramics,True,0.9185065171757081,01_opishnyan_ceramics,05_kosiv_ceramics,03_bubnivka_ceramics,4,train,srcgrp_2f3fc2708dc7b50c,src_global_opn_shelf_figurines,figurine_or_sculpture,clear,global_cls__c10__source0p5,pair_letterbox_cls_patch__c100__source0p5__blend0p25,pairwise_conditional_logit_blend,pair_letterbox_cls_patch,100.0,0.5,0.25,0.9185065171757081,0.003296769740258327,0.03432192374957295,0.0009480747009612928,0.04292671463349945
img_d1fc44e2cf491131,selection_conditional_full_development_oof_v2,dataset_dev/01_opishnyan_ceramics/o239_3.jpg,01_opishnyan_ceramics,01_opishnyan_ceramics,True,0.8986697154078549,01_opishnyan_ceramics,05_kosiv_ceramics,02_ornek,4,train,srcgrp_2f3fc2708dc7b50c,src_global_opn_shelf_figurines,figurine_or_sculpture,clear,global_cls__c10__source0p5,pair_letterbox_cls_patch__c100__source0p5__blend0p25,pairwise_conditional_logit_blend,pair_letterbox_cls_patch,100.0,0.5,0.25,0.8986697154078549,0.012791486272160233,0.007924934132600297,0.008994570394893391,0.07161929379249127
img_c8ef2eb10beb8067,selection_conditional_full_development_oof_v2,dataset_dev/01_opishnyan_ceramics/o239_4.jpg,01_opishnyan_ceramics,01_opishnyan_ceramics,True,0.7926506993578786,01_opishnyan_ceramics,05_kosiv_ceramics,03_bubnivka_ceramics,4,train,srcgrp_2f3fc2708dc7b50c,src_global_opn_shelf_figurines,figurine_or_sculpture,clear,global_cls__c10__source0p5,pair_letterbox_cls_patch__c100__source0p5__blend0p25,pairwise_conditional_logit_blend,pair_letterbox_cls_patch,100.0,0.5,0.25,0.7926506993578786,0.006677064898327083,0.07353827387182464,0.0016034515846388552,0.1255305102873308
img_8236436c367459ed,selection_conditional_full_development_oof_v2,dataset_dev/01_opishnyan_ceramics/o239_5.jpg,01_opishnyan_ceramics,01_opishnyan_ceramics,True,0.40080040009005596,01_opishnyan_ceramics,05_kosiv_ceramics,03_bubnivka_ceramics,4,train,srcgrp_2f3fc2708dc7b50c,src_global_opn_shelf_figurines,figurine_or_sculpture,clear,global_cls__c10__source0p5,pair_letterbox_cls_patch__c100__source0p5__blend0p25,pairwise_conditional_logit_blend,pair_letterbox_cls_patch,100.0,0.5,0.25,0.40080040009005596,0.005529281772385061,0.23819839786096222,0.005400427896853454,0.3500714923797433
img_9dcae94b7c028b48,selection_conditional_full_development_oof_v2,dataset_dev/01_opishnyan_ceramics/o239_6.jpg,01_opishnyan_ceramics,01_opishnyan_ceramics,True,0.8124111332197081,01_opishnyan_ceramics,05_kosiv_ceramics,03_bubnivka_ceramics,4,train,srcgrp_2f3fc2708dc7b50c,src_global_opn_shelf_figurines,mixed_display_or_collection,small,global_cls__c10__source0p5,pair_letterbox_cls_patch__c100__source0p5__blend0p25,pairwise_conditional_logit_blend,pair_letterbox_cls_patch,100.0,0.5,0.25,0.8124111332197081,0.008684412830742285,0.07306569338485774,0.005216070327971611,0.10062269023671992
img_93b2789a31126f29,selection_conditional_full_development_oof_v2,dataset_dev/01_opishnyan_ceramics/o240_1.jpg,01_opishnyan_ceramics,01_opishnyan_ceramics,True,0.6513043981598278,01_opishnyan_ceramics,05_kosiv_ceramics,03_bubnivka_ceramics,4,train,srcgrp_2f3fc2708dc7b50c,src_global_opn_shelf_figurines,figurine_or_sculpture,clear,global_cls__c10__source0p5,pair_letterbox_cls_patch__c100__source0p5__blend0p25,pairwise_conditional_logit_blend,pair_letterbox_cls_patch,100.0,0.5,0.25,0.6513043981598278,0.004008243415022132,0.06234117922776366,0.013049013486239287,0.2692971657111472
img_0d7ce2666d11bb48,selection_conditional_full_development_oof_v2,dataset_dev/01_opishnyan_ceramics/o240_2.jpg,01_opishnyan_ceramics,05_kosiv_ceramics,False,0.5552725096864841,05_kosiv_ceramics,01_opishnyan_ceramics,03_bubnivka_ceramics,4,train,srcgrp_2f3fc2708dc7b50c,src_global_opn_shelf_figurines,figurine_or_sculpture,clear,global_cls__c10__source0p5,pair_letterbox_cls_patch__c100__source0p5__blend0p25,pairwise_conditional_logit_blend,pair_letterbox_cls_patch,100.0,0.5,0.25,0.3732953219734384,0.009552346493657334,0.058608091655240814,0.0032717301911793454,0.5552725096864841
img_501e17ee4507ae59,selection_conditional_full_development_oof_v2,dataset_dev/01_opishnyan_ceramics/o240_3.jpg,01_opishnyan_ceramics,01_opishnyan_ceramics,True,0.6808393649322335,01_opishnyan_ceramics,05_kosiv_ceramics,03_bubnivka_ceramics,4,train,srcgrp_2f3fc2708dc7b50c,src_global_opn_shelf_figurines,figurine_or_sculpture,clear,global_cls__c10__source0p5,pair_letterbox_cls_patch__c100__source0p5__blend0p25,pairwise_conditional_logit_blend,pair_letterbox_cls_patch,100.0,0.5,0.25,0.6808393649322335,0.03620560491463628,0.045854192237879364,0.008207514338738774,0.22889332357651196
img_6f8c7cbb1fa03243,selection_conditional_full_development_oof_v2,dataset_dev/01_opishnyan_ceramics/o240_4.jpg,01_opishnyan_ceramics,01_opishnyan_ceramics,True,0.8369321549201773,01_opishnyan_ceramics,05_kosiv_ceramics,03_bubnivka_ceramics,4,train,srcgrp_2f3fc2708dc7b50c,src_global_opn_shelf_figurines,figurine_or_sculpture,clear,global_cls__c10__source0p5,pair_letterbox_cls_patch__c100__source0p5__blend0p25,pairwise_conditional_logit_blend,pair_letterbox_cls_patch,100.0,0.5,0.25,0.8369321549201773,0.013453629858091716,0.04341892246768194,0.014010813089226012,0.09218447966482314
img_a86a1b6053becbfa,selection_conditional_full_development_oof_v2,dataset_dev/01_opishnyan_ceramics/o241_1.jpg,01_opishnyan_ceramics,01_opishnyan_ceramics,True,0.658421940499808,01_opishnyan_ceramics,03_bubnivka_ceramics,05_kosiv_ceramics,4,train,srcgrp_2f3fc2708dc7b50c,src_global_opn_shelf_figurines,figurine_or_sculpture,clear,global_cls__c10__source0p5,pair_letterbox_cls_patch__c100__source0p5__blend0p25,pairwise_conditional_logit_blend,pair_letterbox_cls_patch,100.0,0.5,0.25,0.658421940499808,0.018433004619943988,0.18117804492632153,0.003613628070868384,0.13835338188305807
img_ffa7ba15d83ebe0b,selection_conditional_full_development_oof_v2,dataset_dev/01_opishnyan_ceramics/o241_2.jpg,01_opishnyan_ceramics,01_opishnyan_ceramics,True,0.7636186956258474,01_opishnyan_ceramics,05_kosiv_ceramics,03_bubnivka_ceramics,4,train,srcgrp_2f3fc2708dc7b50c,src_global_opn_shelf_figurines,figurine_or_sculpture,clear,global_cls__c10__source0p5,pair_letterbox_cls_patch__c100__source0p5__blend0p25,pairwise_conditional_logit_blend,pair_letterbox_cls_patch,100.0,0.5,0.25,0.7636186956258474,0.013057261496068524,0.03369931011058215,0.004462547334409458,0.18516218543309254
img_54d25170201fb5ca,selection_conditional_full_development_oof_v2,dataset_dev/01_opishnyan_ceramics/o241_3.jpg,01_opishnyan_ceramics,05_kosiv_ceramics,False,0.4977667961874637,05_kosiv_ceramics,01_opishnyan_ceramics,03_bubnivka_ceramics,4,train,srcgrp_2f3fc2708dc7b50c,src_global_opn_shelf_figurines,figurine_or_sculpture,clear,global_cls__c10__source0p5,pair_letterbox_cls_patch__c100__source0p5__blend0p25,pairwise_conditional_logit_blend,pair_letterbox_cls_patch,100.0,0.5,0.25,0.28039491927442983,0.03247865994402138,0.18609376032779887,0.003265864266286079,0.4977667961874637
img_7acc158d3d0724b0,selection_conditional_full_development_oof_v2,dataset_dev/01_opishnyan_ceramics/o241_4.jpg,01_opishnyan_ceramics,01_opishnyan_ceramics,True,0.4185312492535646,01_opishnyan_ceramics,03_bubnivka_ceramics,05_kosiv_ceramics,4,train,srcgrp_2f3fc2708dc7b50c,src_global_opn_shelf_figurines,mixed_display_or_collection,partial,global_cls__c10__source0p5,pair_letterbox_cls_patch__c100__source0p5__blend0p25,pairwise_conditional_logit_blend,pair_letterbox_cls_patch,100.0,0.5,0.25,0.4185312492535646,0.019661412850427256,0.3306469834879951,0.008685427497246769,0.22247492691076645
img_b8e4297448c9e0dc,selection_conditional_full_development_oof_v2,dataset_dev/01_opishnyan_ceramics/o242_1.jpg,01_opishnyan_ceramics,01_opishnyan_ceramics,True,0.43324529104293985,01_opishnyan_ceramics,05_kosiv_ceramics,02_ornek,4,train,srcgrp_2f3fc2708dc7b50c,src_global_opn_shelf_figurines,figurine_or_sculpture,clear,global_cls__c10__source0p5,pair_letterbox_cls_patch__c100__source0p5__blend0p25,pairwise_conditional_logit_blend,pair_letterbox_cls_patch,100.0,0.5,0.25,0.43324529104293985,0.16056855363491812,0.14787452316301072,0.02419640821339413,0.23411522394573717
img_52eca838bac851ab,selection_conditional_full_development_oof_v2,dataset_dev/01_opishnyan_ceramics/o242_2.jpg,01_opishnyan_ceramics,01_opishnyan_ceramics,True,0.6053077782125201,01_opishnyan_ceramics,03_bubnivka_ceramics,05_kosiv_ceramics,4,train,srcgrp_2f3fc2708dc7b50c,src_global_opn_shelf_figurines,figurine_or_sculpture,clear,global_cls__c10__source0p5,pair_letterbox_cls_patch__c100__source0p5__blend0p25,pairwise_conditional_logit_blend,pair_letterbox_cls_patch,100.0,0.5,0.25,0.6053077782125201,0.04400647753761267,0.2202232129456903,0.005920112070601701,0.12454241923357537
img_9f7b8342b05305bd,selection_conditional_full_development_oof_v2,dataset_dev/01_opishnyan_ceramics/o242_3.jpg,01_opishnyan_ceramics,05_kosiv_ceramics,False,0.4732159153295026,05_kosiv_ceramics,01_opishnyan_ceramics,03_bubnivka_ceramics,4,train,srcgrp_2f3fc2708dc7b50c,src_global_opn_shelf_figurines,figurine_or_sculpture,clear,global_cls__c10__source0p5,pair_letterbox_cls_patch__c100__source0p5__blend0p25,pairwise_conditional_logit_blend,pair_letterbox_cls_patch,100.0,0.5,0.25,0.24554984224839624,0.060257373923454476,0.21075610270575665,0.01022076579288993,0.4732159153295026
img_7e2ec2a69156e43e,selection_conditional_full_development_oof_v2,dataset_dev/01_opishnyan_ceramics/o242_4.jpg,01_opishnyan_ceramics,01_opishnyan_ceramics,True,0.7543615500211457,01_opishnyan_ceramics,05_kosiv_ceramics,02_ornek,4,train,srcgrp_2f3fc2708dc7b50c,src_global_opn_shelf_figurines,figurine_or_sculpture,clear,global_cls__c10__source0p5,pair_letterbox_cls_patch__c100__source0p5__blend0p25,pairwise_conditional_logit_blend,pair_letterbox_cls_patch,100.0,0.5,0.25,0.7543615500211457,0.10151845816036188,0.03875831462450576,0.003201804530639899,0.10215987266334686
img_ce99660dc3c55c07,selection_conditional_full_development_oof_v2,dataset_dev/01_opishnyan_ceramics/o242_5.jpg,01_opishnyan_ceramics,01_opishnyan_ceramics,True,0.4301866732988373,01_opishnyan_ceramics,05_kosiv_ceramics,03_bubnivka_ceramics,4,train,srcgrp_2f3fc2708dc7b50c,src_global_opn_shelf_figurines,figurine_or_sculpture,clear,global_cls__c10__source0p5,pair_letterbox_cls_patch__c100__source0p5__blend0p25,pairwise_conditional_logit_blend,pair_letterbox_cls_patch,100.0,0.5,0.25,0.4301866732988373,0.09920418774540431,0.13550908183176827,0.007564677568367349,0.3275353795556228
img_8089ced9edc75267,selection_conditional_full_development_oof_v2,dataset_dev/01_opishnyan_ceramics/o243_1.jpg,01_opishnyan_ceramics,03_bubnivka_ceramics,False,0.4953096085437244,03_bubnivka_ceramics,01_opishnyan_ceramics,02_ornek,4,train,srcgrp_2f3fc2708dc7b50c,src_global_opn_shelf_figurines,figurine_or_sculpture,clear,global_cls__c10__source0p5,pair_letterbox_cls_patch__c100__source0p5__blend0p25,pairwise_conditional_logit_blend,pair_letterbox_cls_patch,100.0,0.5,0.25,0.4629457759495069,0.02426642896290906,0.4953096085437244,0.012243511521855367,0.005234675022004269
img_bd929df3fe7d5fbd,selection_conditional_full_development_oof_v2,dataset_dev/01_opishnyan_ceramics/o243_2.jpg,01_opishnyan_ceramics,03_bubnivka_ceramics,False,0.7015573683050339,03_bubnivka_ceramics,01_opishnyan_ceramics,02_ornek,4,train,srcgrp_2f3fc2708dc7b50c,src_global_opn_shelf_figurines,figurine_or_sculpture,clear,global_cls__c10__source0p5,pair_letterbox_cls_patch__c100__source0p5__blend0p25,pairwise_conditional_logit_blend,pair_letterbox_cls_patch,100.0,0.5,0.25,0.2578949557484379,0.019353950604129228,0.7015573683050339,0.014672120871333117,0.006521604471065621
img_b084220fc3fbdd26,selection_conditional_full_development_oof_v2,dataset_dev/01_opishnyan_ceramics/o243_3.jpg,01_opishnyan_ceramics,01_opishnyan_ceramics,True,0.7749192060331358,01_opishnyan_ceramics,03_bubnivka_ceramics,02_ornek,4,train,srcgrp_2f3fc2708dc7b50c,src_global_opn_shelf_figurines,figurine_or_sculpture,clear,global_cls__c10__source0p5,pair_letterbox_cls_patch__c100__source0p5__blend0p25,pairwise_conditional_logit_blend,pair_letterbox_cls_patch,100.0,0.5,0.25,0.7749192060331358,0.01902146578647302,0.19101423138372228,0.01113578718000737,0.003909309616661538
img_d382e6f75f0a4dd9,selection_conditional_full_development_oof_v2,dataset_dev/01_opishnyan_ceramics/o243_4.jpg,01_opishnyan_ceramics,03_bubnivka_ceramics,False,0.8003627812406194,03_bubnivka_ceramics,01_opishnyan_ceramics,02_ornek,4,train,srcgrp_2f3fc2708dc7b50c,src_global_opn_shelf_figurines,figurine_or_sculpture,clear,global_cls__c10__source0p5,pair_letterbox_cls_patch__c100__source0p5__blend0p25,pairwise_conditional_logit_blend,pair_letterbox_cls_patch,100.0,0.5,0.25,0.15537668923734035,0.01973275104400372,0.8003627812406194,0.01704712617574086,0.007480652302295706
img_663ec2166ae0dfba,selection_conditional_full_development_oof_v2,dataset_dev/01_opishnyan_ceramics/o243_5.jpg,01_opishnyan_ceramics,03_bubnivka_ceramics,False,0.7655927279846866,03_bubnivka_ceramics,01_opishnyan_ceramics,04_petrykivka_painting,4,train,srcgrp_2f3fc2708dc7b50c,src_global_opn_shelf_figurines,figurine_or_sculpture,clear,global_cls__c10__source0p5,pair_letterbox_cls_patch__c100__source0p5__blend0p25,pairwise_conditional_logit_blend,pair_letterbox_cls_patch,100.0,0.5,0.25,0.15866182190088166,0.01355220542730537,0.7655927279846866,0.05722728187329573,0.004965962813830638
img_da84406d4e652347,selection_conditional_full_development_oof_v2,dataset_dev/01_opishnyan_ceramics/o243_6.jpg,01_opishnyan_ceramics,01_opishnyan_ceramics,True,0.4949746669572173,01_opishnyan_ceramics,03_bubnivka_ceramics,02_ornek,4,train,srcgrp_2f3fc2708dc7b50c,src_global_opn_shelf_figurines,figurine_or_sculpture,clear,global_cls__c10__source0p5,pair_letterbox_cls_patch__c100__source0p5__blend0p25,pairwise_conditional_logit_blend,pair_letterbox_cls_patch,100.0,0.5,0.25,0.4949746669572173,0.019579088182752922,0.46121259647845875,0.01835293162407004,0.00588071675750114
img_184565012f5c7981,selection_conditional_full_development_oof_v2,dataset_dev/01_opishnyan_ceramics/o243_7.jpg,01_opishnyan_ceramics,01_opishnyan_ceramics,True,0.6871586016726565,01_opishnyan_ceramics,03_bubnivka_ceramics,02_ornek,4,train,srcgrp_2f3fc2708dc7b50c,src_global_opn_shelf_figurines,figurine_or_sculpture,clear,global_cls__c10__source0p5,pair_letterbox_cls_patch__c100__source0p5__blend0p25,pairwise_conditional_logit_blend,pair_letterbox_cls_patch,100.0,0.5,0.25,0.6871586016726565,0.02449965518776238,0.2824542397447715,0.0037993185962125965,0.002088184798596968
img_0108d3ca73ddaba5,selection_conditional_full_development_oof_v2,dataset_dev/01_opishnyan_ceramics/o243_8.jpg,01_opishnyan_ceramics,01_opishnyan_ceramics,True,0.5573688704049888,01_opishnyan_ceramics,03_bubnivka_ceramics,02_ornek,4,train,srcgrp_2f3fc2708dc7b50c,src_global_opn_shelf_figurines,figurine_or_sculpture,clear,global_cls__c10__source0p5,pair_letterbox_cls_patch__c100__source0p5__blend0p25,pairwise_conditional_logit_blend,pair_letterbox_cls_patch,100.0,0.5,0.25,0.5573688704049888,0.023129897997277608,0.3964003979911295,0.015492058594270778,0.007608775012333363
img_2ec1a27617fae637,selection_conditional_full_development_oof_v2,dataset_dev/01_opishnyan_ceramics/o243_9.jpg,01_opishnyan_ceramics,01_opishnyan_ceramics,True,0.47273095804969545,01_opishnyan_ceramics,03_bubnivka_ceramics,05_kosiv_ceramics,4,train,srcgrp_2f3fc2708dc7b50c,src_global_opn_shelf_figurines,figurine_or_sculpture,small,global_cls__c10__source0p5,pair_letterbox_cls_patch__c100__source0p5__blend0p25,pairwise_conditional_logit_blend,pair_letterbox_cls_patch,100.0,0.5,0.25,0.47273095804969545,0.021782356145383083,0.4712737242966638,0.003921433526927793,0.030291527981329947
img_9a02fc391b896773,selection_conditional_full_development_oof_v2,dataset_dev/01_opishnyan_ceramics/o244_1.jpg,01_opishnyan_ceramics,01_opishnyan_ceramics,True,0.978823313515372,01_opishnyan_ceramics,02_ornek,05_kosiv_ceramics,4,train,src_manual_071,,figurine_or_sculpture,clear,global_cls__c10__source0p5,pair_letterbox_cls_patch__c100__source0p5__blend0p25,pairwise_conditional_logit_blend,pair_letterbox_cls_patch,100.0,0.5,0.25,0.978823313515372,0.012633824400774707,0.0007893851642948707,0.0007063993031822467,0.007047077616376156
img_a19029b6ba3454ff,selection_conditional_full_development_oof_v2,dataset_dev/01_opishnyan_ceramics/o244_2.jpg,01_opishnyan_ceramics,01_opishnyan_ceramics,True,0.9582896671340877,01_opishnyan_ceramics,02_ornek,05_kosiv_ceramics,4,train,src_manual_071,,figurine_or_sculpture,clear,global_cls__c10__source0p5,pair_letterbox_cls_patch__c100__source0p5__blend0p25,pairwise_conditional_logit_blend,pair_letterbox_cls_patch,100.0,0.5,0.25,0.9582896671340877,0.03284159421851505,0.00012134859651962024,0.0015859422972826411,0.007161447753594953
img_c72a524e4f88102a,selection_conditional_full_development_oof_v2,dataset_dev/01_opishnyan_ceramics/o245_1.jpg,01_opishnyan_ceramics,01_opishnyan_ceramics,True,0.9908726981301565,01_opishnyan_ceramics,03_bubnivka_ceramics,05_kosiv_ceramics,0,train,srcgrp_b30951e6e0850d05,src_global_opn_roundmark_catalog,figurine_or_sculpture,clear,global_cls__c10__source0p5,pair_letterbox_cls_patch__c100__source0p5__blend0p25,pairwise_conditional_logit_blend,pair_letterbox_cls_patch,100.0,0.5,0.25,0.9908726981301565,0.0006652377776197395,0.004022481321935175,0.0014930543241656069,0.0029465284461227402
img_0b3c4da4af95de05,selection_conditional_full_development_oof_v2,dataset_dev/01_opishnyan_ceramics/o245_2.jpg,01_opishnyan_ceramics,01_opishnyan_ceramics,True,0.9868564174558574,01_opishnyan_ceramics,03_bubnivka_ceramics,05_kosiv_ceramics,0,train,srcgrp_b30951e6e0850d05,src_global_opn_roundmark_catalog,figurine_or_sculpture,clear,global_cls__c10__source0p5,pair_letterbox_cls_patch__c100__source0p5__blend0p25,pairwise_conditional_logit_blend,pair_letterbox_cls_patch,100.0,0.5,0.25,0.9868564174558574,0.0012719595147156941,0.00787204268050226,0.0006790366441443972,0.0033205437047801713
img_c056a9378073298e,selection_conditional_full_development_oof_v2,dataset_dev/01_opishnyan_ceramics/o245_3.jpg,01_opishnyan_ceramics,01_opishnyan_ceramics,True,0.921566627671948,01_opishnyan_ceramics,03_bubnivka_ceramics,05_kosiv_ceramics,0,train,srcgrp_b30951e6e0850d05,src_global_opn_roundmark_catalog,figurine_or_sculpture,clear,global_cls__c10__source0p5,pair_letterbox_cls_patch__c100__source0p5__blend0p25,pairwise_conditional_logit_blend,pair_letterbox_cls_patch,100.0,0.5,0.25,0.921566627671948,0.0005477317059729915,0.06943273556691684,0.0009734461872281152,0.007479458867933923
img_f220c911b9f11601,selection_conditional_full_development_oof_v2,dataset_dev/01_opishnyan_ceramics/o245_4.jpg,01_opishnyan_ceramics,01_opishnyan_ceramics,True,0.943220148898537,01_opishnyan_ceramics,03_bubnivka_ceramics,05_kosiv_ceramics,0,train,srcgrp_b30951e6e0850d05,src_global_opn_roundmark_catalog,figurine_or_sculpture,clear,global_cls__c10__source0p5,pair_letterbox_cls_patch__c100__source0p5__blend0p25,pairwise_conditional_logit_blend,pair_letterbox_cls_patch,100.0,0.5,0.25,0.943220148898537,0.002319673051349696,0.03937678163379565,0.0012208859367000748,0.013862510479617826
img_6f10c82d793e0751,selection_conditional_full_development_oof_v2,dataset_dev/01_opishnyan_ceramics/o245_5.jpg,01_opishnyan_ceramics,01_opishnyan_ceramics,True,0.9951156648643276,01_opishnyan_ceramics,05_kosiv_ceramics,03_bubnivka_ceramics,0,train,srcgrp_b30951e6e0850d05,src_global_opn_roundmark_catalog,figurine_or_sculpture,clear,global_cls__c10__source0p5,pair_letterbox_cls_patch__c100__source0p5__blend0p25,pairwise_conditional_logit_blend,pair_letterbox_cls_patch,100.0,0.5,0.25,0.9951156648643276,7.763828759111827e-05,0.0005642582509970266,0.0003834190694612531,0.003859019527622908
img_737bac91f3ea8376,selection_conditional_full_development_oof_v2,dataset_dev/01_opishnyan_ceramics/o245_6.jpg,01_opishnyan_ceramics,01_opishnyan_ceramics,True,0.9957108996358336,01_opishnyan_ceramics,05_kosiv_ceramics,04_petrykivka_painting,0,train,srcgrp_b30951e6e0850d05,src_global_opn_roundmark_catalog,figurine_or_sculpture,clear,global_cls__c10__source0p5,pair_letterbox_cls_patch__c100__source0p5__blend0p25,pairwise_conditional_logit_blend,pair_letterbox_cls_patch,100.0,0.5,0.25,0.9957108996358336,0.00015877040776842696,0.0004883424018710429,0.0010439495735846572,0.002598037980942084
img_bcf6de6e11703b1b,selection_conditional_full_development_oof_v2,dataset_dev/01_opishnyan_ceramics/o246_1.jpg,01_opishnyan_ceramics,02_ornek,False,0.8247861602300401,02_ornek,01_opishnyan_ceramics,05_kosiv_ceramics,0,train,srcgrp_b30951e6e0850d05,src_global_opn_roundmark_catalog,other,clear,global_cls__c10__source0p5,pair_letterbox_cls_patch__c100__source0p5__blend0p25,pairwise_conditional_logit_blend,pair_letterbox_cls_patch,100.0,0.5,0.25,0.13962801935069574,0.8247861602300401,0.0020170374008810577,0.0026913771151874243,0.030877405903195484
img_735a80bba5ea6d78,selection_conditional_full_development_oof_v2,dataset_dev/01_opishnyan_ceramics/o246_2.jpg,01_opishnyan_ceramics,01_opishnyan_ceramics,True,0.968170637889937,01_opishnyan_ceramics,02_ornek,04_petrykivka_painting,0,train,srcgrp_b30951e6e0850d05,src_global_opn_roundmark_catalog,other,partial,global_cls__c10__source0p5,pair_letterbox_cls_patch__c100__source0p5__blend0p25,pairwise_conditional_logit_blend,pair_letterbox_cls_patch,100.0,0.5,0.25,0.968170637889937,0.029517783510242993,0.00019037315592668395,0.0014979043523952742,0.0006233010914980239
img_e9951e34c7533236,selection_conditional_full_development_oof_v2,dataset_dev/01_opishnyan_ceramics/o247_1.jpg,01_opishnyan_ceramics,01_opishnyan_ceramics,True,0.7699303937751344,01_opishnyan_ceramics,02_ornek,05_kosiv_ceramics,0,train,srcgrp_b30951e6e0850d05,src_global_opn_roundmark_catalog,other,clear,global_cls__c10__source0p5,pair_letterbox_cls_patch__c100__source0p5__blend0p25,pairwise_conditional_logit_blend,pair_letterbox_cls_patch,100.0,0.5,0.25,0.7699303937751344,0.21476347371180646,0.003473595348343709,0.0034200759296331763,0.008412461235082378
img_f54470248126f85e,selection_conditional_full_development_oof_v2,dataset_dev/01_opishnyan_ceramics/o247_2.jpg,01_opishnyan_ceramics,01_opishnyan_ceramics,True,0.9920285755203644,01_opishnyan_ceramics,02_ornek,04_petrykivka_painting,0,train,srcgrp_b30951e6e0850d05,src_global_opn_roundmark_catalog,other,partial,global_cls__c10__source0p5,pair_letterbox_cls_patch__c100__source0p5__blend0p25,pairwise_conditional_logit_blend,pair_letterbox_cls_patch,100.0,0.5,0.25,0.9920285755203644,0.005537239629996562,0.00039302699143571053,0.0015769746724503633,0.00046418318575310876
img_07d5477cf8f2a365,selection_conditional_full_development_oof_v2,dataset_dev/01_opishnyan_ceramics/o249_1.jpg,01_opishnyan_ceramics,02_ornek,False,0.6148453750915585,02_ornek,01_opishnyan_ceramics,05_kosiv_ceramics,0,train,srcgrp_b30951e6e0850d05,src_global_opn_roundmark_catalog,other,clear,global_cls__c10__source0p5,pair_letterbox_cls_patch__c100__source0p5__blend0p25,pairwise_conditional_logit_blend,pair_letterbox_cls_patch,100.0,0.5,0.25,0.35964318786749655,0.6148453750915585,0.0020924763882463966,0.0010916706475212993,0.02232729000517739
img_d02dc6995ca23ff9,selection_conditional_full_development_oof_v2,dataset_dev/01_opishnyan_ceramics/o249_2.jpg,01_opishnyan_ceramics,01_opishnyan_ceramics,True,0.9959913791446362,01_opishnyan_ceramics,02_ornek,04_petrykivka_painting,0,train,srcgrp_b30951e6e0850d05,src_global_opn_roundmark_catalog,other,partial,global_cls__c10__source0p5,pair_letterbox_cls_patch__c100__source0p5__blend0p25,pairwise_conditional_logit_blend,pair_letterbox_cls_patch,100.0,0.5,0.25,0.9959913791446362,0.003359929683165934,0.00013547019454521393,0.0003258022849918021,0.00018741869266084154
img_a200973fcd06472b,selection_conditional_full_development_oof_v2,dataset_dev/01_opishnyan_ceramics/o250_1.jpeg,01_opishnyan_ceramics,01_opishnyan_ceramics,True,0.9835656537119759,01_opishnyan_ceramics,05_kosiv_ceramics,04_petrykivka_painting,0,train,srcgrp_b30951e6e0850d05,src_global_opn_roundmark_catalog,figurine_or_sculpture,clear,global_cls__c10__source0p5,pair_letterbox_cls_patch__c100__source0p5__blend0p25,pairwise_conditional_logit_blend,pair_letterbox_cls_patch,100.0,0.5,0.25,0.9835656537119759,0.001249130463376482,0.0008453918314283469,0.001317730520877866,0.01302209347234126
img_e7105b4870c7826c,selection_conditional_full_development_oof_v2,dataset_dev/01_opishnyan_ceramics/o250_2.jpeg,01_opishnyan_ceramics,01_opishnyan_ceramics,True,0.9647211237121252,01_opishnyan_ceramics,05_kosiv_ceramics,03_bubnivka_ceramics,0,train,srcgrp_b30951e6e0850d05,src_global_opn_roundmark_catalog,figurine_or_sculpture,clear,global_cls__c10__source0p5,pair_letterbox_cls_patch__c100__source0p5__blend0p25,pairwise_conditional_logit_blend,pair_letterbox_cls_patch,100.0,0.5,0.25,0.9647211237121252,0.0009133960176223518,0.002964228140349292,0.000512937689348177,0.030888314440554846
img_7b9a7fe90a891e34,selection_conditional_full_development_oof_v2,dataset_dev/01_opishnyan_ceramics/o250_3.jpeg,01_opishnyan_ceramics,01_opishnyan_ceramics,True,0.995193562798043,01_opishnyan_ceramics,05_kosiv_ceramics,02_ornek,0,train,srcgrp_b30951e6e0850d05,src_global_opn_roundmark_catalog,figurine_or_sculpture,clear,global_cls__c10__source0p5,pair_letterbox_cls_patch__c100__source0p5__blend0p25,pairwise_conditional_logit_blend,pair_letterbox_cls_patch,100.0,0.5,0.25,0.995193562798043,0.0005422635478066345,0.0004932150207089304,0.00029468510314505813,0.0034762735302964086
img_2d6d81449e0fe606,selection_conditional_full_development_oof_v2,dataset_dev/01_opishnyan_ceramics/o250_4.jpeg,01_opishnyan_ceramics,01_opishnyan_ceramics,True,0.9703802776513558,01_opishnyan_ceramics,05_kosiv_ceramics,04_petrykivka_painting,0,train,srcgrp_b30951e6e0850d05,src_global_opn_roundmark_catalog,mixed_display_or_collection,small,global_cls__c10__source0p5,pair_letterbox_cls_patch__c100__source0p5__blend0p25,pairwise_conditional_logit_blend,pair_letterbox_cls_patch,100.0,0.5,0.25,0.9703802776513558,0.001650266617393374,0.0014568295029447709,0.0018800576404075118,0.024632568587898463
img_113c5648b2a7208f,selection_conditional_full_development_oof_v2,dataset_dev/01_opishnyan_ceramics/o250_5.jpeg,01_opishnyan_ceramics,01_opishnyan_ceramics,True,0.9920351210681845,01_opishnyan_ceramics,03_bubnivka_ceramics,05_kosiv_ceramics,0,train,srcgrp_b30951e6e0850d05,src_global_opn_roundmark_catalog,figurine_or_sculpture,clear,global_cls__c10__source0p5,pair_letterbox_cls_patch__c100__source0p5__blend0p25,pairwise_conditional_logit_blend,pair_letterbox_cls_patch,100.0,0.5,0.25,0.9920351210681845,0.001956020873676917,0.0025411512162351883,0.0009467926504614122,0.0025209141914417275
img_a72f997d7f89b7c6,selection_conditional_full_development_oof_v2,dataset_dev/01_opishnyan_ceramics/o250_6.jpeg,01_opishnyan_ceramics,01_opishnyan_ceramics,True,0.9964178360933993,01_opishnyan_ceramics,03_bubnivka_ceramics,05_kosiv_ceramics,0,train,srcgrp_b30951e6e0850d05,src_global_opn_roundmark_catalog,mixed_display_or_collection,partial,global_cls__c10__source0p5,pair_letterbox_cls_patch__c100__source0p5__blend0p25,pairwise_conditional_logit_blend,pair_letterbox_cls_patch,100.0,0.5,0.25,0.9964178360933993,0.00012889140906342504,0.0017681215530442995,0.00045623183679640244,0.0012289191076964986
img_2d252c9c994054a0,selection_conditional_full_development_oof_v2,dataset_dev/01_opishnyan_ceramics/o251_1.jpg,01_opishnyan_ceramics,01_opishnyan_ceramics,True,0.979884677624246,01_opishnyan_ceramics,02_ornek,03_bubnivka_ceramics,0,train,srcgrp_b30951e6e0850d05,src_global_opn_roundmark_catalog,figurine_or_sculpture,clear,global_cls__c10__source0p5,pair_letterbox_cls_patch__c100__source0p5__blend0p25,pairwise_conditional_logit_blend,pair_letterbox_cls_patch,100.0,0.5,0.25,0.979884677624246,0.01190735993004107,0.007223137798938819,0.00040944281347203847,0.0005753818333022123
img_ca32b20a9cb88bbd,selection_conditional_full_development_oof_v2,dataset_dev/01_opishnyan_ceramics/o251_2.jpg,01_opishnyan_ceramics,01_opishnyan_ceramics,True,0.9238848739632699,01_opishnyan_ceramics,02_ornek,03_bubnivka_ceramics,0,train,srcgrp_b30951e6e0850d05,src_global_opn_roundmark_catalog,figurine_or_sculpture,clear,global_cls__c10__source0p5,pair_letterbox_cls_patch__c100__source0p5__blend0p25,pairwise_conditional_logit_blend,pair_letterbox_cls_patch,100.0,0.5,0.25,0.9238848739632699,0.055507265711212485,0.01894643349420492,0.0006037919871138386,0.0010576348441991264
img_067d2760a1a04dc0,selection_conditional_full_development_oof_v2,dataset_dev/01_opishnyan_ceramics/o251_3.jpg,01_opishnyan_ceramics,01_opishnyan_ceramics,True,0.9853327795448128,01_opishnyan_ceramics,03_bubnivka_ceramics,02_ornek,0,train,srcgrp_b30951e6e0850d05,src_global_opn_roundmark_catalog,figurine_or_sculpture,clear,global_cls__c10__source0p5,pair_letterbox_cls_patch__c100__source0p5__blend0p25,pairwise_conditional_logit_blend,pair_letterbox_cls_patch,100.0,0.5,0.25,0.9853327795448128,0.0048777972875847,0.00870763266507574,0.00020134421789704988,0.0008804462846299246
img_110c9fea10138e38,selection_conditional_full_development_oof_v2,dataset_dev/01_opishnyan_ceramics/o253.jpg,01_opishnyan_ceramics,01_opishnyan_ceramics,True,0.7285718919870796,01_opishnyan_ceramics,02_ornek,05_kosiv_ceramics,0,train,srcgrp_b30951e6e0850d05,src_global_opn_roundmark_catalog,unreviewed,unreviewed,global_cls__c10__source0p5,pair_letterbox_cls_patch__c100__source0p5__blend0p25,pairwise_conditional_logit_blend,pair_letterbox_cls_patch,100.0,0.5,0.25,0.7285718919870796,0.2531581749371609,0.0014567873766317288,0.006822170241345689,0.00999097545778203
img_de1095350dc23f20,selection_conditional_full_development_oof_v2,dataset_dev/01_opishnyan_ceramics/o255.jpg,01_opishnyan_ceramics,01_opishnyan_ceramics,True,0.5652325187690628,01_opishnyan_ceramics,02_ornek,04_petrykivka_painting,0,train,srcgrp_b30951e6e0850d05,src_global_opn_roundmark_catalog,unreviewed,unreviewed,global_cls__c10__source0p5,pair_letterbox_cls_patch__c100__source0p5__blend0p25,pairwise_conditional_logit_blend,pair_letterbox_cls_patch,100.0,0.5,0.25,0.5652325187690628,0.42983333599348766,0.0009320008568476772,0.0024901249525416413,0.0015120194280604867
img_4563d33a9083e4ad,selection_conditional_full_development_oof_v2,dataset_dev/01_opishnyan_ceramics/o256.jpg,01_opishnyan_ceramics,01_opishnyan_ceramics,True,0.9283417982942421,01_opishnyan_ceramics,02_ornek,05_kosiv_ceramics,0,train,srcgrp_b30951e6e0850d05,src_global_opn_roundmark_catalog,unreviewed,unreviewed,global_cls__c10__source0p5,pair_letterbox_cls_patch__c100__source0p5__blend0p25,pairwise_conditional_logit_blend,pair_letterbox_cls_patch,100.0,0.5,0.25,0.9283417982942421,0.042750648013297886,0.0006169314633565359,0.002500622388347901,0.02578999984075552
img_c9e617c6a91eec3a,selection_conditional_full_development_oof_v2,dataset_dev/01_opishnyan_ceramics/o258.jpg,01_opishnyan_ceramics,01_opishnyan_ceramics,True,0.5732140542105432,01_opishnyan_ceramics,02_ornek,05_kosiv_ceramics,0,train,srcgrp_b30951e6e0850d05,src_global_opn_roundmark_catalog,unreviewed,unreviewed,global_cls__c10__source0p5,pair_letterbox_cls_patch__c100__source0p5__blend0p25,pairwise_conditional_logit_blend,pair_letterbox_cls_patch,100.0,0.5,0.25,0.5732140542105432,0.42395218612184926,0.0009253365140918906,0.0006799710158616292,0.001228452137653955
img_aeb8046d8de64911,selection_conditional_full_development_oof_v2,dataset_dev/01_opishnyan_ceramics/o259_1.jpg,01_opishnyan_ceramics,01_opishnyan_ceramics,True,0.9866886122107664,01_opishnyan_ceramics,02_ornek,05_kosiv_ceramics,0,train,srcgrp_b30951e6e0850d05,src_global_opn_roundmark_catalog,figurine_or_sculpture,clear,global_cls__c10__source0p5,pair_letterbox_cls_patch__c100__source0p5__blend0p25,pairwise_conditional_logit_blend,pair_letterbox_cls_patch,100.0,0.5,0.25,0.9866886122107664,0.009921608290812388,0.0011488616854863582,0.0007627502669905666,0.0014781675459444156
img_6c5876976b4e9f46,selection_conditional_full_development_oof_v2,dataset_dev/01_opishnyan_ceramics/o259_2.jpg,01_opishnyan_ceramics,01_opishnyan_ceramics,True,0.9890989487646592,01_opishnyan_ceramics,02_ornek,05_kosiv_ceramics,0,train,srcgrp_b30951e6e0850d05,src_global_opn_roundmark_catalog,figurine_or_sculpture,clear,global_cls__c10__source0p5,pair_letterbox_cls_patch__c100__source0p5__blend0p25,pairwise_conditional_logit_blend,pair_letterbox_cls_patch,100.0,0.5,0.25,0.9890989487646592,0.0063155157100584485,0.0009962632047533636,0.0010675345016967484,0.002521737818832133
img_834e92172ea5c178,selection_conditional_full_development_oof_v2,dataset_dev/01_opishnyan_ceramics/o260_1.jpg,01_opishnyan_ceramics,01_opishnyan_ceramics,True,0.9666372250635019,01_opishnyan_ceramics,05_kosiv_ceramics,03_bubnivka_ceramics,0,train,srcgrp_b30951e6e0850d05,src_global_opn_roundmark_catalog,figurine_or_sculpture,clear,global_cls__c10__source0p5,pair_letterbox_cls_patch__c100__source0p5__blend0p25,pairwise_conditional_logit_blend,pair_letterbox_cls_patch,100.0,0.5,0.25,0.9666372250635019,0.0019832331130530687,0.0041162130553426685,0.003278339747726199,0.023984989020376185
img_54aae79e4b5022fd,selection_conditional_full_development_oof_v2,dataset_dev/01_opishnyan_ceramics/o260_2.jpg,01_opishnyan_ceramics,01_opishnyan_ceramics,True,0.9837173497590348,01_opishnyan_ceramics,05_kosiv_ceramics,03_bubnivka_ceramics,0,train,srcgrp_b30951e6e0850d05,src_global_opn_roundmark_catalog,figurine_or_sculpture,clear,global_cls__c10__source0p5,pair_letterbox_cls_patch__c100__source0p5__blend0p25,pairwise_conditional_logit_blend,pair_letterbox_cls_patch,100.0,0.5,0.25,0.9837173497590348,0.0008434222398496233,0.004482728669286783,0.0011876262196807857,0.00976887311214804
img_a9c59628cbf6adbe,selection_conditional_full_development_oof_v2,dataset_dev/01_opishnyan_ceramics/o261_1.jpg,01_opishnyan_ceramics,01_opishnyan_ceramics,True,0.9359609146726203,01_opishnyan_ceramics,05_kosiv_ceramics,03_bubnivka_ceramics,0,train,srcgrp_b30951e6e0850d05,src_global_opn_roundmark_catalog,figurine_or_sculpture,clear,global_cls__c10__source0p5,pair_letterbox_cls_patch__c100__source0p5__blend0p25,pairwise_conditional_logit_blend,pair_letterbox_cls_patch,100.0,0.5,0.25,0.9359609146726203,0.004085353009565536,0.01141051145169861,0.003574745347771946,0.04496847551834347
img_362230d5f73b992b,selection_conditional_full_development_oof_v2,dataset_dev/01_opishnyan_ceramics/o261_2.jpg,01_opishnyan_ceramics,01_opishnyan_ceramics,True,0.9618677974083077,01_opishnyan_ceramics,05_kosiv_ceramics,03_bubnivka_ceramics,0,train,srcgrp_b30951e6e0850d05,src_global_opn_roundmark_catalog,figurine_or_sculpture,clear,global_cls__c10__source0p5,pair_letterbox_cls_patch__c100__source0p5__blend0p25,pairwise_conditional_logit_blend,pair_letterbox_cls_patch,100.0,0.5,0.25,0.9618677974083077,0.0009554066049099732,0.012804158905619398,0.0029020375889151034,0.021470599492247822
img_c1b5cceac248bfed,selection_conditional_full_development_oof_v2,dataset_dev/01_opishnyan_ceramics/o262_1.jpg,01_opishnyan_ceramics,01_opishnyan_ceramics,True,0.957247176871259,01_opishnyan_ceramics,05_kosiv_ceramics,03_bubnivka_ceramics,0,train,srcgrp_b30951e6e0850d05,src_global_opn_roundmark_catalog,figurine_or_sculpture,clear,global_cls__c10__source0p5,pair_letterbox_cls_patch__c100__source0p5__blend0p25,pairwise_conditional_logit_blend,pair_letterbox_cls_patch,100.0,0.5,0.25,0.957247176871259,0.005724742452743984,0.013065990587220896,0.003467203426836639,0.020494886661939233
img_c419c65b051ca923,selection_conditional_full_development_oof_v2,dataset_dev/01_opishnyan_ceramics/o262_2.jpg,01_opishnyan_ceramics,01_opishnyan_ceramics,True,0.969713751147684,01_opishnyan_ceramics,03_bubnivka_ceramics,05_kosiv_ceramics,0,train,srcgrp_b30951e6e0850d05,src_global_opn_roundmark_catalog,figurine_or_sculpture,clear,global_cls__c10__source0p5,pair_letterbox_cls_patch__c100__source0p5__blend0p25,pairwise_conditional_logit_blend,pair_letterbox_cls_patch,100.0,0.5,0.25,0.969713751147684,0.003594488695871466,0.013289342187603735,0.0021298040098424345,0.011272613958998317
img_c228fc750f00f843,selection_conditional_full_development_oof_v2,dataset_dev/01_opishnyan_ceramics/o262_3.jpg,01_opishnyan_ceramics,01_opishnyan_ceramics,True,0.9565999125186483,01_opishnyan_ceramics,05_kosiv_ceramics,03_bubnivka_ceramics,0,train,srcgrp_b30951e6e0850d05,src_global_opn_roundmark_catalog,figurine_or_sculpture,clear,global_cls__c10__source0p5,pair_letterbox_cls_patch__c100__source0p5__blend0p25,pairwise_conditional_logit_blend,pair_letterbox_cls_patch,100.0,0.5,0.25,0.9565999125186483,0.0011373254414354568,0.015627064663568207,0.0012825793625374931,0.025353118013810533
img_4e624a80186723dd,selection_conditional_full_development_oof_v2,dataset_dev/01_opishnyan_ceramics/o263_1.jpg,01_opishnyan_ceramics,01_opishnyan_ceramics,True,0.9158916699380414,01_opishnyan_ceramics,05_kosiv_ceramics,03_bubnivka_ceramics,0,train,srcgrp_b30951e6e0850d05,src_global_opn_roundmark_catalog,figurine_or_sculpture,clear,global_cls__c10__source0p5,pair_letterbox_cls_patch__c100__source0p5__blend0p25,pairwise_conditional_logit_blend,pair_letterbox_cls_patch,100.0,0.5,0.25,0.9158916699380414,0.0034417779825208447,0.029761176459113164,0.008373881444879647,0.04253149417544508
img_9ef03e8749bf03cf,selection_conditional_full_development_oof_v2,dataset_dev/01_opishnyan_ceramics/o263_2.jpg,01_opishnyan_ceramics,01_opishnyan_ceramics,True,0.8964861388891052,01_opishnyan_ceramics,03_bubnivka_ceramics,02_ornek,0,train,srcgrp_b30951e6e0850d05,src_global_opn_roundmark_catalog,figurine_or_sculpture,clear,global_cls__c10__source0p5,pair_letterbox_cls_patch__c100__source0p5__blend0p25,pairwise_conditional_logit_blend,pair_letterbox_cls_patch,100.0,0.5,0.25,0.8964861388891052,0.02129221017684056,0.05763885680851196,0.004827614166964852,0.01975517995857751
img_009dc1f3ecc3edce,selection_conditional_full_development_oof_v2,dataset_dev/01_opishnyan_ceramics/o263_3.jpg,01_opishnyan_ceramics,01_opishnyan_ceramics,True,0.898805230283661,01_opishnyan_ceramics,05_kosiv_ceramics,03_bubnivka_ceramics,0,train,srcgrp_b30951e6e0850d05,src_global_opn_roundmark_catalog,figurine_or_sculpture,clear,global_cls__c10__source0p5,pair_letterbox_cls_patch__c100__source0p5__blend0p25,pairwise_conditional_logit_blend,pair_letterbox_cls_patch,100.0,0.5,0.25,0.898805230283661,0.009996323634619397,0.036126543113875816,0.0037719680505680516,0.051299934917275664
img_0241575b9e86ac6c,selection_conditional_full_development_oof_v2,dataset_dev/01_opishnyan_ceramics/o265_1.jpg,01_opishnyan_ceramics,01_opishnyan_ceramics,True,0.9176152482883974,01_opishnyan_ceramics,05_kosiv_ceramics,03_bubnivka_ceramics,0,train,srcgrp_b30951e6e0850d05,src_global_opn_roundmark_catalog,figurine_or_sculpture,clear,global_cls__c10__source0p5,pair_letterbox_cls_patch__c100__source0p5__blend0p25,pairwise_conditional_logit_blend,pair_letterbox_cls_patch,100.0,0.5,0.25,0.9176152482883974,0.0017125590665260488,0.037520565892045644,0.0034661075409879905,0.0396855192120428
img_a68d6d2809aa979a,selection_conditional_full_development_oof_v2,dataset_dev/01_opishnyan_ceramics/o265_2.jpg,01_opishnyan_ceramics,01_opishnyan_ceramics,True,0.9563344996279295,01_opishnyan_ceramics,05_kosiv_ceramics,03_bubnivka_ceramics,0,train,srcgrp_b30951e6e0850d05,src_global_opn_roundmark_catalog,figurine_or_sculpture,clear,global_cls__c10__source0p5,pair_letterbox_cls_patch__c100__source0p5__blend0p25,pairwise_conditional_logit_blend,pair_letterbox_cls_patch,100.0,0.5,0.25,0.9563344996279295,0.0020997228490569524,0.01712196029076352,0.0014801878219826694,0.0229636294102673
img_b76567c1882f8024,selection_conditional_full_development_oof_v2,dataset_dev/01_opishnyan_ceramics/o266_1.jpg,01_opishnyan_ceramics,01_opishnyan_ceramics,True,0.9701656930773405,01_opishnyan_ceramics,02_ornek,04_petrykivka_painting,0,train,srcgrp_b30951e6e0850d05,src_global_opn_roundmark_catalog,figurine_or_sculpture,clear,global_cls__c10__source0p5,pair_letterbox_cls_patch__c100__source0p5__blend0p25,pairwise_conditional_logit_blend,pair_letterbox_cls_patch,100.0,0.5,0.25,0.9701656930773405,0.026871440558438892,0.000862835604487719,0.001611176357094536,0.0004888544026383413
img_b138be2de96df993,selection_conditional_full_development_oof_v2,dataset_dev/01_opishnyan_ceramics/o266_2.jpg,01_opishnyan_ceramics,01_opishnyan_ceramics,True,0.8471823618410335,01_opishnyan_ceramics,02_ornek,04_petrykivka_painting,0,train,srcgrp_b30951e6e0850d05,src_global_opn_roundmark_catalog,figurine_or_sculpture,clear,global_cls__c10__source0p5,pair_letterbox_cls_patch__c100__source0p5__blend0p25,pairwise_conditional_logit_blend,pair_letterbox_cls_patch,100.0,0.5,0.25,0.8471823618410335,0.15111766564198806,0.00027729425371677207,0.0009600621769056257,0.00046261608635610435
img_585714093b7c5de4,selection_conditional_full_development_oof_v2,dataset_dev/01_opishnyan_ceramics/o267.jpg,01_opishnyan_ceramics,01_opishnyan_ceramics,True,0.9930301587216397,01_opishnyan_ceramics,02_ornek,03_bubnivka_ceramics,0,train,srcgrp_b30951e6e0850d05,src_global_opn_roundmark_catalog,figurine_or_sculpture,clear,global_cls__c10__source0p5,pair_letterbox_cls_patch__c100__source0p5__blend0p25,pairwise_conditional_logit_blend,pair_letterbox_cls_patch,100.0,0.5,0.25,0.9930301587216397,0.005241598465821365,0.0015795449840581796,0.00011426424850102324,3.443357997969978e-05
img_4acec48e98c96b9d,selection_conditional_full_development_oof_v2,dataset_dev/01_opishnyan_ceramics/o267_2.jpg,01_opishnyan_ceramics,01_opishnyan_ceramics,True,0.947513976704535,01_opishnyan_ceramics,02_ornek,03_bubnivka_ceramics,0,train,srcgrp_b30951e6e0850d05,src_global_opn_roundmark_catalog,figurine_or_sculpture,clear,global_cls__c10__source0p5,pair_letterbox_cls_patch__c100__source0p5__blend0p25,pairwise_conditional_logit_blend,pair_letterbox_cls_patch,100.0,0.5,0.25,0.947513976704535,0.0513359911402213,0.0005357795253937381,0.0004904473202553825,0.00012380530959462592
img_69ce860e75bebdfa,selection_conditional_full_development_oof_v2,dataset_dev/01_opishnyan_ceramics/o268_1.jpg,01_opishnyan_ceramics,01_opishnyan_ceramics,True,0.9979751013549469,01_opishnyan_ceramics,03_bubnivka_ceramics,02_ornek,0,train,srcgrp_b30951e6e0850d05,src_global_opn_roundmark_catalog,figurine_or_sculpture,clear,global_cls__c10__source0p5,pair_letterbox_cls_patch__c100__source0p5__blend0p25,pairwise_conditional_logit_blend,pair_letterbox_cls_patch,100.0,0.5,0.25,0.9979751013549469,0.0009291204660529679,0.0009595172022466216,8.972704620019947e-05,4.6533930553464244e-05
img_6e605b49f3c48ced,selection_conditional_full_development_oof_v2,dataset_dev/01_opishnyan_ceramics/o268_2.jpg,01_opishnyan_ceramics,01_opishnyan_ceramics,True,0.9914746626419928,01_opishnyan_ceramics,02_ornek,03_bubnivka_ceramics,0,train,srcgrp_b30951e6e0850d05,src_global_opn_roundmark_catalog,figurine_or_sculpture,clear,global_cls__c10__source0p5,pair_letterbox_cls_patch__c100__source0p5__blend0p25,pairwise_conditional_logit_blend,pair_letterbox_cls_patch,100.0,0.5,0.25,0.9914746626419928,0.0058048253392027965,0.002129572936763979,0.00019806400905095,0.00039287507298970634
img_1a0d183cb8c5aded,selection_conditional_full_development_oof_v2,dataset_dev/01_opishnyan_ceramics/o269_1.jpg,01_opishnyan_ceramics,01_opishnyan_ceramics,True,0.9901312346309213,01_opishnyan_ceramics,02_ornek,03_bubnivka_ceramics,0,train,srcgrp_b30951e6e0850d05,src_global_opn_roundmark_catalog,figurine_or_sculpture,clear,global_cls__c10__source0p5,pair_letterbox_cls_patch__c100__source0p5__blend0p25,pairwise_conditional_logit_blend,pair_letterbox_cls_patch,100.0,0.5,0.25,0.9901312346309213,0.007239511647913903,0.002029296584510695,0.0003557890785124062,0.00024416805814160775
img_7c2c910fab25cee0,selection_conditional_full_development_oof_v2,dataset_dev/01_opishnyan_ceramics/o269_2.jpg,01_opishnyan_ceramics,01_opishnyan_ceramics,True,0.9694548838664646,01_opishnyan_ceramics,02_ornek,03_bubnivka_ceramics,0,train,srcgrp_b30951e6e0850d05,src_global_opn_roundmark_catalog,figurine_or_sculpture,clear,global_cls__c10__source0p5,pair_letterbox_cls_patch__c100__source0p5__blend0p25,pairwise_conditional_logit_blend,pair_letterbox_cls_patch,100.0,0.5,0.25,0.9694548838664646,0.027376301947728447,0.002595169633662309,0.0004315500128512749,0.00014209453929325895
img_ec1906b378d9dd37,selection_conditional_full_development_oof_v2,dataset_dev/01_opishnyan_ceramics/o270_1.jpg,01_opishnyan_ceramics,01_opishnyan_ceramics,True,0.939149068451259,01_opishnyan_ceramics,03_bubnivka_ceramics,02_ornek,0,train,srcgrp_b30951e6e0850d05,src_global_opn_roundmark_catalog,figurine_or_sculpture,clear,global_cls__c10__source0p5,pair_letterbox_cls_patch__c100__source0p5__blend0p25,pairwise_conditional_logit_blend,pair_letterbox_cls_patch,100.0,0.5,0.25,0.939149068451259,0.01845229868890922,0.0342155510801278,0.002496191471986411,0.005686890307717598
img_8c888f2bdb442f31,selection_conditional_full_development_oof_v2,dataset_dev/01_opishnyan_ceramics/o270_2.jpg,01_opishnyan_ceramics,01_opishnyan_ceramics,True,0.9729081304293338,01_opishnyan_ceramics,03_bubnivka_ceramics,02_ornek,0,train,srcgrp_b30951e6e0850d05,src_global_opn_roundmark_catalog,figurine_or_sculpture,clear,global_cls__c10__source0p5,pair_letterbox_cls_patch__c100__source0p5__blend0p25,pairwise_conditional_logit_blend,pair_letterbox_cls_patch,100.0,0.5,0.25,0.9729081304293338,0.006852377446467132,0.017397126676710537,0.000954304718288446,0.0018880607292002423
img_06c5563fba349e83,selection_conditional_full_development_oof_v2,dataset_dev/01_opishnyan_ceramics/o270_3.jpg,01_opishnyan_ceramics,01_opishnyan_ceramics,True,0.8865157704596021,01_opishnyan_ceramics,03_bubnivka_ceramics,02_ornek,0,train,srcgrp_b30951e6e0850d05,src_global_opn_roundmark_catalog,figurine_or_sculpture,clear,global_cls__c10__source0p5,pair_letterbox_cls_patch__c100__source0p5__blend0p25,pairwise_conditional_logit_blend,pair_letterbox_cls_patch,100.0,0.5,0.25,0.8865157704596021,0.0368530854408185,0.07180616964968567,0.0012815680150101978,0.0035434064348837343
img_5e07f8c226080cb2,selection_conditional_full_development_oof_v2,dataset_dev/01_opishnyan_ceramics/o271_1.jpg,01_opishnyan_ceramics,01_opishnyan_ceramics,True,0.9730013057074116,01_opishnyan_ceramics,03_bubnivka_ceramics,05_kosiv_ceramics,0,train,srcgrp_b30951e6e0850d05,src_global_opn_roundmark_catalog,figurine_or_sculpture,clear,global_cls__c10__source0p5,pair_letterbox_cls_patch__c100__source0p5__blend0p25,pairwise_conditional_logit_blend,pair_letterbox_cls_patch,100.0,0.5,0.25,0.9730013057074116,0.00020035641818582443,0.025688320966398146,0.0004881110958575713,0.0006219058121467797
img_c00eab243e48431e,selection_conditional_full_development_oof_v2,dataset_dev/01_opishnyan_ceramics/o271_2.jpg,01_opishnyan_ceramics,01_opishnyan_ceramics,True,0.93544557122175,01_opishnyan_ceramics,03_bubnivka_ceramics,05_kosiv_ceramics,0,train,srcgrp_b30951e6e0850d05,src_global_opn_roundmark_catalog,figurine_or_sculpture,clear,global_cls__c10__source0p5,pair_letterbox_cls_patch__c100__source0p5__blend0p25,pairwise_conditional_logit_blend,pair_letterbox_cls_patch,100.0,0.5,0.25,0.93544557122175,0.00028864067033567835,0.06256277806933806,0.00042348248354481994,0.0012795275550315228
img_380bccfc3701715d,selection_conditional_full_development_oof_v2,dataset_dev/01_opishnyan_ceramics/o272.jpg,01_opishnyan_ceramics,01_opishnyan_ceramics,True,0.9909320723926909,01_opishnyan_ceramics,05_kosiv_ceramics,02_ornek,0,train,srcgrp_b30951e6e0850d05,src_global_opn_roundmark_catalog,cup_or_mug,clear,global_cls__c10__source0p5,pair_letterbox_cls_patch__c100__source0p5__blend0p25,pairwise_conditional_logit_blend,pair_letterbox_cls_patch,100.0,0.5,0.25,0.9909320723926909,0.002378483122289839,0.0013853590893043012,0.0016845322329918466,0.0036195531627233354
img_ac33dd3db98a540d,selection_conditional_full_development_oof_v2,dataset_dev/01_opishnyan_ceramics/o273.jpg,01_opishnyan_ceramics,01_opishnyan_ceramics,True,0.9882153427609627,01_opishnyan_ceramics,02_ornek,05_kosiv_ceramics,0,train,srcgrp_b30951e6e0850d05,src_global_opn_roundmark_catalog,cup_or_mug,clear,global_cls__c10__source0p5,pair_letterbox_cls_patch__c100__source0p5__blend0p25,pairwise_conditional_logit_blend,pair_letterbox_cls_patch,100.0,0.5,0.25,0.9882153427609627,0.006079798145249053,0.00041524712443597866,0.0007595072739609438,0.004530104695391406
img_6cb591ecd70a8a1a,selection_conditional_full_development_oof_v2,dataset_dev/01_opishnyan_ceramics/o275_1.jpg,01_opishnyan_ceramics,01_opishnyan_ceramics,True,0.9858323661732062,01_opishnyan_ceramics,03_bubnivka_ceramics,02_ornek,0,train,srcgrp_b30951e6e0850d05,src_global_opn_roundmark_catalog,figurine_or_sculpture,clear,global_cls__c10__source0p5,pair_letterbox_cls_patch__c100__source0p5__blend0p25,pairwise_conditional_logit_blend,pair_letterbox_cls_patch,100.0,0.5,0.25,0.9858323661732062,0.005456741702160744,0.006381111615358988,0.0002798153327704532,0.0020499651765035144
img_6c5d025af71a5b4a,selection_conditional_full_development_oof_v2,dataset_dev/01_opishnyan_ceramics/o275_2.jpg,01_opishnyan_ceramics,01_opishnyan_ceramics,True,0.9837739894390527,01_opishnyan_ceramics,03_bubnivka_ceramics,02_ornek,0,train,srcgrp_b30951e6e0850d05,src_global_opn_roundmark_catalog,figurine_or_sculpture,clear,global_cls__c10__source0p5,pair_letterbox_cls_patch__c100__source0p5__blend0p25,pairwise_conditional_logit_blend,pair_letterbox_cls_patch,100.0,0.5,0.25,0.9837739894390527,0.003867904813581654,0.009614144002929623,0.0007413279657616798,0.0020026337786743635
img_70ace851c0eea7de,selection_conditional_full_development_oof_v2,dataset_dev/01_opishnyan_ceramics/o277_1.jpg,01_opishnyan_ceramics,01_opishnyan_ceramics,True,0.9629940483506993,01_opishnyan_ceramics,05_kosiv_ceramics,02_ornek,0,train,srcgrp_b30951e6e0850d05,src_global_opn_roundmark_catalog,vase_jug_or_vessel,clear,global_cls__c10__source0p5,pair_letterbox_cls_patch__c100__source0p5__blend0p25,pairwise_conditional_logit_blend,pair_letterbox_cls_patch,100.0,0.5,0.25,0.9629940483506993,0.005658222850696252,0.0014933250550694856,0.004936360678229084,0.02491804306530577
img_4501eafafbe8ace5,selection_conditional_full_development_oof_v2,dataset_dev/01_opishnyan_ceramics/o277_2.jpg,01_opishnyan_ceramics,01_opishnyan_ceramics,True,0.9601979642836158,01_opishnyan_ceramics,05_kosiv_ceramics,02_ornek,0,train,srcgrp_b30951e6e0850d05,src_global_opn_roundmark_catalog,vase_jug_or_vessel,clear,global_cls__c10__source0p5,pair_letterbox_cls_patch__c100__source0p5__blend0p25,pairwise_conditional_logit_blend,pair_letterbox_cls_patch,100.0,0.5,0.25,0.9601979642836158,0.015442849394217875,0.003720063751235977,0.0025963497694565475,0.01804277280147354
img_e7fbbd29e7795674,selection_conditional_full_development_oof_v2,dataset_dev/01_opishnyan_ceramics/o278.jpg,01_opishnyan_ceramics,01_opishnyan_ceramics,True,0.9670815150688304,01_opishnyan_ceramics,02_ornek,05_kosiv_ceramics,0,train,srcgrp_b30951e6e0850d05,src_global_opn_roundmark_catalog,plate_or_bowl,clear,global_cls__c10__source0p5,pair_letterbox_cls_patch__c100__source0p5__blend0p25,pairwise_conditional_logit_blend,pair_letterbox_cls_patch,100.0,0.5,0.25,0.9670815150688304,0.021570147208342258,0.0036509450885023175,0.0013774946875831412,0.006319897946741743
img_572c2f01a7795729,selection_conditional_full_development_oof_v2,dataset_dev/01_opishnyan_ceramics/o279.jpg,01_opishnyan_ceramics,01_opishnyan_ceramics,True,0.9111112581213957,01_opishnyan_ceramics,02_ornek,05_kosiv_ceramics,0,train,srcgrp_b30951e6e0850d05,src_global_opn_roundmark_catalog,plate_or_bowl,clear,global_cls__c10__source0p5,pair_letterbox_cls_patch__c100__source0p5__blend0p25,pairwise_conditional_logit_blend,pair_letterbox_cls_patch,100.0,0.5,0.25,0.9111112581213957,0.0695892678748846,0.006719897924964839,0.001020576615700595,0.011558999463054189
img_c1b2a52932d538fe,selection_conditional_full_development_oof_v2,dataset_dev/01_opishnyan_ceramics/o281.jpg,01_opishnyan_ceramics,01_opishnyan_ceramics,True,0.8035261668829998,01_opishnyan_ceramics,03_bubnivka_ceramics,04_petrykivka_painting,0,train,srcgrp_b30951e6e0850d05,src_global_opn_roundmark_catalog,plate_or_bowl,clear,global_cls__c10__source0p5,pair_letterbox_cls_patch__c100__source0p5__blend0p25,pairwise_conditional_logit_blend,pair_letterbox_cls_patch,100.0,0.5,0.25,0.8035261668829998,0.03013830085194963,0.08411862224998794,0.04225694976599731,0.03995996024906531
img_4b4819eb3477e515,selection_conditional_full_development_oof_v2,dataset_dev/01_opishnyan_ceramics/o282_1.jpg,01_opishnyan_ceramics,01_opishnyan_ceramics,True,0.6793713435369559,01_opishnyan_ceramics,05_kosiv_ceramics,02_ornek,0,train,srcgrp_b30951e6e0850d05,src_global_opn_roundmark_catalog,other,clear,global_cls__c10__source0p5,pair_letterbox_cls_patch__c100__source0p5__blend0p25,pairwise_conditional_logit_blend,pair_letterbox_cls_patch,100.0,0.5,0.25,0.6793713435369559,0.13323127587165035,0.0025805622033352685,0.0066621308119133305,0.17815468757614514
img_1bda9aa0c6417235,selection_conditional_full_development_oof_v2,dataset_dev/01_opishnyan_ceramics/o282_2.jpg,01_opishnyan_ceramics,01_opishnyan_ceramics,True,0.7819563896166765,01_opishnyan_ceramics,05_kosiv_ceramics,02_ornek,0,train,srcgrp_b30951e6e0850d05,src_global_opn_roundmark_catalog,other,clear,global_cls__c10__source0p5,pair_letterbox_cls_patch__c100__source0p5__blend0p25,pairwise_conditional_logit_blend,pair_letterbox_cls_patch,100.0,0.5,0.25,0.7819563896166765,0.08056897886834725,0.0029228946678672013,0.006937746760912058,0.1276139900861969
img_aa242586187f5fbe,selection_conditional_full_development_oof_v2,dataset_dev/01_opishnyan_ceramics/o285.jpeg,01_opishnyan_ceramics,01_opishnyan_ceramics,True,0.5708550271533405,01_opishnyan_ceramics,02_ornek,05_kosiv_ceramics,0,train,srcgrp_b30951e6e0850d05,src_global_opn_roundmark_catalog,other,clear,global_cls__c10__source0p5,pair_letterbox_cls_patch__c100__source0p5__blend0p25,pairwise_conditional_logit_blend,pair_letterbox_cls_patch,100.0,0.5,0.25,0.5708550271533405,0.30555536873341727,0.005935344460986207,0.030553482551972124,0.08710077710028401
img_31e421669e3f6a58,selection_conditional_full_development_oof_v2,dataset_dev/01_opishnyan_ceramics/o287_1.jpg,01_opishnyan_ceramics,01_opishnyan_ceramics,True,0.9723598033131736,01_opishnyan_ceramics,03_bubnivka_ceramics,05_kosiv_ceramics,0,train,srcgrp_b30951e6e0850d05,src_global_opn_roundmark_catalog,figurine_or_sculpture,clear,global_cls__c10__source0p5,pair_letterbox_cls_patch__c100__source0p5__blend0p25,pairwise_conditional_logit_blend,pair_letterbox_cls_patch,100.0,0.5,0.25,0.9723598033131736,0.0016524528860416873,0.0195101709659211,0.0007565985215136817,0.005720974313350026
img_40c84d6d2bdeeb14,selection_conditional_full_development_oof_v2,dataset_dev/01_opishnyan_ceramics/o287_2.jpg,01_opishnyan_ceramics,01_opishnyan_ceramics,True,0.9724569940339197,01_opishnyan_ceramics,05_kosiv_ceramics,03_bubnivka_ceramics,0,train,srcgrp_b30951e6e0850d05,src_global_opn_roundmark_catalog,figurine_or_sculpture,clear,global_cls__c10__source0p5,pair_letterbox_cls_patch__c100__source0p5__blend0p25,pairwise_conditional_logit_blend,pair_letterbox_cls_patch,100.0,0.5,0.25,0.9724569940339197,0.007250064299690824,0.007806922334460905,0.000928811991649183,0.011557207340279263
img_e132ab402eaccd43,selection_conditional_full_development_oof_v2,dataset_dev/01_opishnyan_ceramics/o287_3.jpg,01_opishnyan_ceramics,01_opishnyan_ceramics,True,0.9700884436463714,01_opishnyan_ceramics,03_bubnivka_ceramics,05_kosiv_ceramics,0,train,srcgrp_b30951e6e0850d05,src_global_opn_roundmark_catalog,figurine_or_sculpture,clear,global_cls__c10__source0p5,pair_letterbox_cls_patch__c100__source0p5__blend0p25,pairwise_conditional_logit_blend,pair_letterbox_cls_patch,100.0,0.5,0.25,0.9700884436463714,0.0023262986023841817,0.019101385659700282,0.0008503347567797838,0.007633537334764123
img_f542281929b8c4b2,selection_conditional_full_development_oof_v2,dataset_dev/01_opishnyan_ceramics/o288_1.jpg,01_opishnyan_ceramics,01_opishnyan_ceramics,True,0.9809263172451569,01_opishnyan_ceramics,05_kosiv_ceramics,03_bubnivka_ceramics,0,train,srcgrp_b30951e6e0850d05,src_global_opn_roundmark_catalog,figurine_or_sculpture,clear,global_cls__c10__source0p5,pair_letterbox_cls_patch__c100__source0p5__blend0p25,pairwise_conditional_logit_blend,pair_letterbox_cls_patch,100.0,0.5,0.25,0.9809263172451569,0.001019801981041429,0.007381094266343545,0.000445139275364119,0.010227647232093814
img_0be04087eef43e7c,selection_conditional_full_development_oof_v2,dataset_dev/01_opishnyan_ceramics/o288_2.jpg,01_opishnyan_ceramics,01_opishnyan_ceramics,True,0.887152604467685,01_opishnyan_ceramics,05_kosiv_ceramics,02_ornek,0,train,srcgrp_b30951e6e0850d05,src_global_opn_roundmark_catalog,figurine_or_sculpture,clear,global_cls__c10__source0p5,pair_letterbox_cls_patch__c100__source0p5__blend0p25,pairwise_conditional_logit_blend,pair_letterbox_cls_patch,100.0,0.5,0.25,0.887152604467685,0.004620152557136176,0.003909442152379126,0.0024939041246044655,0.10182389669819512
img_d899a331cd4090b7,selection_conditional_full_development_oof_v2,dataset_dev/01_opishnyan_ceramics/o288_3.jpg,01_opishnyan_ceramics,01_opishnyan_ceramics,True,0.9832983622031366,01_opishnyan_ceramics,05_kosiv_ceramics,03_bubnivka_ceramics,0,train,srcgrp_b30951e6e0850d05,src_global_opn_roundmark_catalog,figurine_or_sculpture,clear,global_cls__c10__source0p5,pair_letterbox_cls_patch__c100__source0p5__blend0p25,pairwise_conditional_logit_blend,pair_letterbox_cls_patch,100.0,0.5,0.25,0.9832983622031366,0.0009653425908318561,0.004398261141605884,0.0005801853299351972,0.010757848734490354
img_709522d78bd07f33,selection_conditional_full_development_oof_v2,dataset_dev/01_opishnyan_ceramics/o288_4.jpg,01_opishnyan_ceramics,01_opishnyan_ceramics,True,0.9556948456822425,01_opishnyan_ceramics,05_kosiv_ceramics,03_bubnivka_ceramics,0,train,srcgrp_b30951e6e0850d05,src_global_opn_roundmark_catalog,figurine_or_sculpture,clear,global_cls__c10__source0p5,pair_letterbox_cls_patch__c100__source0p5__blend0p25,pairwise_conditional_logit_blend,pair_letterbox_cls_patch,100.0,0.5,0.25,0.9556948456822425,0.003431576816197586,0.00476304436096174,0.002472064461023553,0.03363846867957442
img_1ca800c5dd944f9c,selection_conditional_full_development_oof_v2,dataset_dev/01_opishnyan_ceramics/o288_5.jpg,01_opishnyan_ceramics,01_opishnyan_ceramics,True,0.9248367019343634,01_opishnyan_ceramics,05_kosiv_ceramics,03_bubnivka_ceramics,0,train,srcgrp_b30951e6e0850d05,src_global_opn_roundmark_catalog,figurine_or_sculpture,clear,global_cls__c10__source0p5,pair_letterbox_cls_patch__c100__source0p5__blend0p25,pairwise_conditional_logit_blend,pair_letterbox_cls_patch,100.0,0.5,0.25,0.9248367019343634,0.0018260953630109904,0.0048511921295666255,0.0007082293223086795,0.06777778125075033
img_e831a02d41831a36,selection_conditional_full_development_oof_v2,dataset_dev/01_opishnyan_ceramics/o288_6.jpg,01_opishnyan_ceramics,01_opishnyan_ceramics,True,0.9609093081153034,01_opishnyan_ceramics,05_kosiv_ceramics,03_bubnivka_ceramics,0,train,srcgrp_b30951e6e0850d05,src_global_opn_roundmark_catalog,figurine_or_sculpture,clear,global_cls__c10__source0p5,pair_letterbox_cls_patch__c100__source0p5__blend0p25,pairwise_conditional_logit_blend,pair_letterbox_cls_patch,100.0,0.5,0.25,0.9609093081153034,0.0004266142885863647,0.001170228205884015,0.0006876701046631713,0.03680617928556296
img_b4304d10ee5692ca,selection_conditional_full_development_oof_v2,dataset_dev/01_opishnyan_ceramics/o288_7.jpg,01_opishnyan_ceramics,01_opishnyan_ceramics,True,0.9226899291533542,01_opishnyan_ceramics,05_kosiv_ceramics,02_ornek,0,train,srcgrp_b30951e6e0850d05,src_global_opn_roundmark_catalog,figurine_or_sculpture,clear,global_cls__c10__source0p5,pair_letterbox_cls_patch__c100__source0p5__blend0p25,pairwise_conditional_logit_blend,pair_letterbox_cls_patch,100.0,0.5,0.25,0.9226899291533542,0.0038689242295627028,0.003310908991807677,0.002252849922534975,0.06787738770274034
img_5936f11d50e9aac2,selection_conditional_full_development_oof_v2,dataset_dev/01_opishnyan_ceramics/o289_1.jpg,01_opishnyan_ceramics,01_opishnyan_ceramics,True,0.9792067497780917,01_opishnyan_ceramics,05_kosiv_ceramics,03_bubnivka_ceramics,0,train,srcgrp_b30951e6e0850d05,src_global_opn_roundmark_catalog,figurine_or_sculpture,clear,global_cls__c10__source0p5,pair_letterbox_cls_patch__c100__source0p5__blend0p25,pairwise_conditional_logit_blend,pair_letterbox_cls_patch,100.0,0.5,0.25,0.9792067497780917,0.003559444106696396,0.006107830759154501,0.0018599871121423935,0.009265988243914672
img_ee4758e644bde976,selection_conditional_full_development_oof_v2,dataset_dev/01_opishnyan_ceramics/o289_3.jpg,01_opishnyan_ceramics,01_opishnyan_ceramics,True,0.9908245773641507,01_opishnyan_ceramics,05_kosiv_ceramics,03_bubnivka_ceramics,0,train,srcgrp_b30951e6e0850d05,src_global_opn_roundmark_catalog,figurine_or_sculpture,clear,global_cls__c10__source0p5,pair_letterbox_cls_patch__c100__source0p5__blend0p25,pairwise_conditional_logit_blend,pair_letterbox_cls_patch,100.0,0.5,0.25,0.9908245773641507,0.001994078483297284,0.002498014722604619,0.00144996213540528,0.0032333672945420756
img_f03bd7d1ba3e578d,selection_conditional_full_development_oof_v2,dataset_dev/01_opishnyan_ceramics/o289_4.jpg,01_opishnyan_ceramics,01_opishnyan_ceramics,True,0.9856708209717061,01_opishnyan_ceramics,03_bubnivka_ceramics,02_ornek,0,train,srcgrp_b30951e6e0850d05,src_global_opn_roundmark_catalog,figurine_or_sculpture,clear,global_cls__c10__source0p5,pair_letterbox_cls_patch__c100__source0p5__blend0p25,pairwise_conditional_logit_blend,pair_letterbox_cls_patch,100.0,0.5,0.25,0.9856708209717061,0.004446852450007113,0.004915230789238011,0.0009855601786543512,0.003981535610394414
img_30123fdbed6354ef,selection_conditional_full_development_oof_v2,dataset_dev/01_opishnyan_ceramics/o289_5.jpg,01_opishnyan_ceramics,01_opishnyan_ceramics,True,0.9632986335957308,01_opishnyan_ceramics,05_kosiv_ceramics,02_ornek,0,train,srcgrp_b30951e6e0850d05,src_global_opn_roundmark_catalog,figurine_or_sculpture,clear,global_cls__c10__source0p5,pair_letterbox_cls_patch__c100__source0p5__blend0p25,pairwise_conditional_logit_blend,pair_letterbox_cls_patch,100.0,0.5,0.25,0.9632986335957308,0.01173986473870888,0.005940445393158984,0.0022789019422157545,0.016742154330185673
img_eb9d16ea4f9cb241,selection_conditional_full_development_oof_v2,dataset_dev/01_opishnyan_ceramics/o290.jpg,01_opishnyan_ceramics,01_opishnyan_ceramics,True,0.992483973558885,01_opishnyan_ceramics,05_kosiv_ceramics,02_ornek,0,train,srcgrp_b30951e6e0850d05,src_global_opn_roundmark_catalog,vase_jug_or_vessel,clear,global_cls__c10__source0p5,pair_letterbox_cls_patch__c100__source0p5__blend0p25,pairwise_conditional_logit_blend,pair_letterbox_cls_patch,100.0,0.5,0.25,0.992483973558885,0.0023508524327388158,0.0015157590685615074,0.0008278574272294742,0.0028215575125851112
img_0a15df43c98e6bd1,selection_conditional_full_development_oof_v2,dataset_dev/01_opishnyan_ceramics/o291.jpg,01_opishnyan_ceramics,01_opishnyan_ceramics,True,0.995400802795324,01_opishnyan_ceramics,02_ornek,05_kosiv_ceramics,0,train,srcgrp_b30951e6e0850d05,src_global_opn_roundmark_catalog,other,small,global_cls__c10__source0p5,pair_letterbox_cls_patch__c100__source0p5__blend0p25,pairwise_conditional_logit_blend,pair_letterbox_cls_patch,100.0,0.5,0.25,0.995400802795324,0.002093094934587195,0.0004756661501151834,0.0004156244471738703,0.001614811672799804
img_daca2b48c06b7ec7,selection_conditional_full_development_oof_v2,dataset_dev/01_opishnyan_ceramics/o291_2.jpg,01_opishnyan_ceramics,01_opishnyan_ceramics,True,0.9951782806912511,01_opishnyan_ceramics,05_kosiv_ceramics,02_ornek,0,train,srcgrp_b30951e6e0850d05,src_global_opn_roundmark_catalog,other,small,global_cls__c10__source0p5,pair_letterbox_cls_patch__c100__source0p5__blend0p25,pairwise_conditional_logit_blend,pair_letterbox_cls_patch,100.0,0.5,0.25,0.9951782806912511,0.0014811743375734178,0.001004463284348934,0.0006369049378766612,0.0016991767489499899
img_3a71e2a9eb06c963,selection_conditional_full_development_oof_v2,dataset_dev/01_opishnyan_ceramics/o293.jpg,01_opishnyan_ceramics,01_opishnyan_ceramics,True,0.9889195727423221,01_opishnyan_ceramics,05_kosiv_ceramics,02_ornek,0,train,srcgrp_b30951e6e0850d05,src_global_opn_roundmark_catalog,unreviewed,unreviewed,global_cls__c10__source0p5,pair_letterbox_cls_patch__c100__source0p5__blend0p25,pairwise_conditional_logit_blend,pair_letterbox_cls_patch,100.0,0.5,0.25,0.9889195727423221,0.003972437762760801,0.0010987452344881782,0.0005228228149233373,0.005486421445505487
img_ab31ebe0c4fe0d31,selection_conditional_full_development_oof_v2,dataset_dev/01_opishnyan_ceramics/o294.jpg,01_opishnyan_ceramics,01_opishnyan_ceramics,True,0.993094423200493,01_opishnyan_ceramics,02_ornek,05_kosiv_ceramics,0,train,srcgrp_b30951e6e0850d05,src_global_opn_roundmark_catalog,vase_jug_or_vessel,clear,global_cls__c10__source0p5,pair_letterbox_cls_patch__c100__source0p5__blend0p25,pairwise_conditional_logit_blend,pair_letterbox_cls_patch,100.0,0.5,0.25,0.993094423200493,0.0031823529528851513,0.0009097389872348293,0.0004591100555642295,0.002354374803822706
img_b348e210a79049cc,selection_conditional_full_development_oof_v2,dataset_dev/01_opishnyan_ceramics/o296_1.jpg,01_opishnyan_ceramics,01_opishnyan_ceramics,True,0.9590193591090224,01_opishnyan_ceramics,02_ornek,05_kosiv_ceramics,0,train,srcgrp_b30951e6e0850d05,src_global_opn_roundmark_catalog,vase_jug_or_vessel,clear,global_cls__c10__source0p5,pair_letterbox_cls_patch__c100__source0p5__blend0p25,pairwise_conditional_logit_blend,pair_letterbox_cls_patch,100.0,0.5,0.25,0.9590193591090224,0.03335716754070081,0.00039034759957140704,0.001879559630802078,0.005353566119903134
img_47392343e388ef86,selection_conditional_full_development_oof_v2,dataset_dev/01_opishnyan_ceramics/o296_2.jpg,01_opishnyan_ceramics,01_opishnyan_ceramics,True,0.9809183425086241,01_opishnyan_ceramics,02_ornek,05_kosiv_ceramics,0,train,srcgrp_b30951e6e0850d05,src_global_opn_roundmark_catalog,vase_jug_or_vessel,clear,global_cls__c10__source0p5,pair_letterbox_cls_patch__c100__source0p5__blend0p25,pairwise_conditional_logit_blend,pair_letterbox_cls_patch,100.0,0.5,0.25,0.9809183425086241,0.012686347345004605,0.000822260051644928,0.0011982171920247627,0.004374832902701661
img_50ec9888cac14aab,selection_conditional_full_development_oof_v2,dataset_dev/01_opishnyan_ceramics/o297.jpeg,01_opishnyan_ceramics,01_opishnyan_ceramics,True,0.9703796506856238,01_opishnyan_ceramics,02_ornek,05_kosiv_ceramics,0,train,srcgrp_b30951e6e0850d05,src_global_opn_roundmark_catalog,unreviewed,unreviewed,global_cls__c10__source0p5,pair_letterbox_cls_patch__c100__source0p5__blend0p25,pairwise_conditional_logit_blend,pair_letterbox_cls_patch,100.0,0.5,0.25,0.9703796506856238,0.017449089206598573,0.0023447812194985545,0.002178298686661327,0.007648180201617742
img_6b7a0e9ba0a4aee2,selection_conditional_full_development_oof_v2,dataset_dev/01_opishnyan_ceramics/o298.jpeg,01_opishnyan_ceramics,01_opishnyan_ceramics,True,0.9663991338605934,01_opishnyan_ceramics,05_kosiv_ceramics,02_ornek,0,train,srcgrp_b30951e6e0850d05,src_global_opn_roundmark_catalog,unreviewed,unreviewed,global_cls__c10__source0p5,pair_letterbox_cls_patch__c100__source0p5__blend0p25,pairwise_conditional_logit_blend,pair_letterbox_cls_patch,100.0,0.5,0.25,0.9663991338605934,0.006663516854247493,0.0062720139516444055,0.0010556815968814671,0.019609653736633238
img_9a0c0533930e168b,selection_conditional_full_development_oof_v2,dataset_dev/01_opishnyan_ceramics/o300.jpeg,01_opishnyan_ceramics,01_opishnyan_ceramics,True,0.9651629225412479,01_opishnyan_ceramics,02_ornek,05_kosiv_ceramics,0,train,srcgrp_b30951e6e0850d05,src_global_opn_roundmark_catalog,unreviewed,unreviewed,global_cls__c10__source0p5,pair_letterbox_cls_patch__c100__source0p5__blend0p25,pairwise_conditional_logit_blend,pair_letterbox_cls_patch,100.0,0.5,0.25,0.9651629225412479,0.024376088295627433,0.0034374610035381023,0.0004351561360805903,0.006588372023505825
img_314a681c3dad20b8,selection_conditional_full_development_oof_v2,dataset_dev/01_opishnyan_ceramics/o301.jpeg,01_opishnyan_ceramics,01_opishnyan_ceramics,True,0.4040504744516204,01_opishnyan_ceramics,03_bubnivka_ceramics,04_petrykivka_painting,0,train,srcgrp_b30951e6e0850d05,src_global_opn_roundmark_catalog,unreviewed,unreviewed,global_cls__c10__source0p5,pair_letterbox_cls_patch__c100__source0p5__blend0p25,pairwise_conditional_logit_blend,pair_letterbox_cls_patch,100.0,0.5,0.25,0.4040504744516204,0.16790688994256744,0.18357418444769905,0.17816918740589913,0.06629926375221384
img_f8f0dfe77fb006b5,selection_conditional_full_development_oof_v2,dataset_dev/01_opishnyan_ceramics/o302.jpeg,01_opishnyan_ceramics,01_opishnyan_ceramics,True,0.526976477608791,01_opishnyan_ceramics,02_ornek,05_kosiv_ceramics,0,train,srcgrp_b30951e6e0850d05,src_global_opn_roundmark_catalog,unreviewed,unreviewed,global_cls__c10__source0p5,pair_letterbox_cls_patch__c100__source0p5__blend0p25,pairwise_conditional_logit_blend,pair_letterbox_cls_patch,100.0,0.5,0.25,0.526976477608791,0.3672227625749086,0.03142436077124368,0.02433077325203045,0.05004562579302629
img_38eb396320760219,selection_conditional_full_development_oof_v2,dataset_dev/01_opishnyan_ceramics/o304.jpeg,01_opishnyan_ceramics,01_opishnyan_ceramics,True,0.5053011330724408,01_opishnyan_ceramics,02_ornek,04_petrykivka_painting,0,train,srcgrp_b30951e6e0850d05,src_global_opn_roundmark_catalog,unreviewed,unreviewed,global_cls__c10__source0p5,pair_letterbox_cls_patch__c100__source0p5__blend0p25,pairwise_conditional_logit_blend,pair_letterbox_cls_patch,100.0,0.5,0.25,0.5053011330724408,0.2846778376546143,0.04025944078115835,0.12636007612704933,0.043401512364737195
img_8aa892afda1b357d,selection_conditional_full_development_oof_v2,dataset_dev/01_opishnyan_ceramics/o305_1.jpg,01_opishnyan_ceramics,01_opishnyan_ceramics,True,0.8188405308532472,01_opishnyan_ceramics,05_kosiv_ceramics,02_ornek,0,train,srcgrp_b30951e6e0850d05,src_global_opn_roundmark_catalog,box_or_container,clear,global_cls__c10__source0p5,pair_letterbox_cls_patch__c100__source0p5__blend0p25,pairwise_conditional_logit_blend,pair_letterbox_cls_patch,100.0,0.5,0.25,0.8188405308532472,0.05914660833586355,0.02060322395210961,0.009951691046269842,0.09145794581250968
img_cd5089cc37f81ddf,selection_conditional_full_development_oof_v2,dataset_dev/01_opishnyan_ceramics/o305_2.jpg,01_opishnyan_ceramics,01_opishnyan_ceramics,True,0.8895070579460073,01_opishnyan_ceramics,05_kosiv_ceramics,02_ornek,0,train,srcgrp_b30951e6e0850d05,src_global_opn_roundmark_catalog,box_or_container,clear,global_cls__c10__source0p5,pair_letterbox_cls_patch__c100__source0p5__blend0p25,pairwise_conditional_logit_blend,pair_letterbox_cls_patch,100.0,0.5,0.25,0.8895070579460073,0.02622696877473498,0.01009560846158674,0.008833368837350676,0.06533699598032017
img_9a06dc174b02c1bf,selection_conditional_full_development_oof_v2,dataset_dev/01_opishnyan_ceramics/o305_3.jpg,01_opishnyan_ceramics,01_opishnyan_ceramics,True,0.9895554074099343,01_opishnyan_ceramics,05_kosiv_ceramics,03_bubnivka_ceramics,0,train,srcgrp_b30951e6e0850d05,src_global_opn_roundmark_catalog,box_or_container,clear,global_cls__c10__source0p5,pair_letterbox_cls_patch__c100__source0p5__blend0p25,pairwise_conditional_logit_blend,pair_letterbox_cls_patch,100.0,0.5,0.25,0.9895554074099343,0.001127952423953572,0.0015288628457904977,0.0013518479773797817,0.006435929342941937
img_ad2f0b536922b793,selection_conditional_full_development_oof_v2,dataset_dev/01_opishnyan_ceramics/o306_1.jpg,01_opishnyan_ceramics,01_opishnyan_ceramics,True,0.7938640782147791,01_opishnyan_ceramics,05_kosiv_ceramics,03_bubnivka_ceramics,0,train,srcgrp_b30951e6e0850d05,src_global_opn_roundmark_catalog,box_or_container,clear,global_cls__c10__source0p5,pair_letterbox_cls_patch__c100__source0p5__blend0p25,pairwise_conditional_logit_blend,pair_letterbox_cls_patch,100.0,0.5,0.25,0.7938640782147791,0.03151490741870858,0.032911184271450365,0.006099786314197576,0.13561004378086447
img_20f4288c86570678,selection_conditional_full_development_oof_v2,dataset_dev/01_opishnyan_ceramics/o306_2.jpg,01_opishnyan_ceramics,01_opishnyan_ceramics,True,0.638748880824006,01_opishnyan_ceramics,05_kosiv_ceramics,02_ornek,0,train,srcgrp_b30951e6e0850d05,src_global_opn_roundmark_catalog,box_or_container,clear,global_cls__c10__source0p5,pair_letterbox_cls_patch__c100__source0p5__blend0p25,pairwise_conditional_logit_blend,pair_letterbox_cls_patch,100.0,0.5,0.25,0.638748880824006,0.06965380447800881,0.045164521071834204,0.014350080854837499,0.23208271277131348
img_a353587fd41ba094,selection_conditional_full_development_oof_v2,dataset_dev/01_opishnyan_ceramics/o306_3.jpg,01_opishnyan_ceramics,01_opishnyan_ceramics,True,0.9691047109074218,01_opishnyan_ceramics,05_kosiv_ceramics,03_bubnivka_ceramics,0,train,srcgrp_b30951e6e0850d05,src_global_opn_roundmark_catalog,box_or_container,clear,global_cls__c10__source0p5,pair_letterbox_cls_patch__c100__source0p5__blend0p25,pairwise_conditional_logit_blend,pair_letterbox_cls_patch,100.0,0.5,0.25,0.9691047109074218,0.0031620986704204595,0.009867354671826905,0.0025555364864451374,0.015310299263885776
img_c0432f28604ad8dd,selection_conditional_full_development_oof_v2,dataset_dev/01_opishnyan_ceramics/o307_1.jpg,01_opishnyan_ceramics,01_opishnyan_ceramics,True,0.8955958648371372,01_opishnyan_ceramics,05_kosiv_ceramics,02_ornek,0,train,srcgrp_b30951e6e0850d05,src_global_opn_roundmark_catalog,vase_jug_or_vessel,clear,global_cls__c10__source0p5,pair_letterbox_cls_patch__c100__source0p5__blend0p25,pairwise_conditional_logit_blend,pair_letterbox_cls_patch,100.0,0.5,0.25,0.8955958648371372,0.04023040763818659,0.0036352708443792075,0.008575650579075497,0.051962806101221407
img_0ffb2074bf5da653,selection_conditional_full_development_oof_v2,dataset_dev/01_opishnyan_ceramics/o307_2.jpg,01_opishnyan_ceramics,02_ornek,False,0.5216774129061853,02_ornek,01_opishnyan_ceramics,05_kosiv_ceramics,0,train,srcgrp_b30951e6e0850d05,src_global_opn_roundmark_catalog,vase_jug_or_vessel,clear,global_cls__c10__source0p5,pair_letterbox_cls_patch__c100__source0p5__blend0p25,pairwise_conditional_logit_blend,pair_letterbox_cls_patch,100.0,0.5,0.25,0.2983769310740342,0.5216774129061853,0.012976504311457242,0.011431378194426528,0.15553777351389678
img_a08581a23ff2f19f,selection_conditional_full_development_oof_v2,dataset_dev/01_opishnyan_ceramics/o307_3.jpg,01_opishnyan_ceramics,01_opishnyan_ceramics,True,0.7500799411114151,01_opishnyan_ceramics,02_ornek,05_kosiv_ceramics,0,train,srcgrp_b30951e6e0850d05,src_global_opn_roundmark_catalog,vase_jug_or_vessel,clear,global_cls__c10__source0p5,pair_letterbox_cls_patch__c100__source0p5__blend0p25,pairwise_conditional_logit_blend,pair_letterbox_cls_patch,100.0,0.5,0.25,0.7500799411114151,0.15438199980048856,0.03246661688415156,0.014308335940357436,0.04876310626358753
img_9f4215ca7e0de3c4,selection_conditional_full_development_oof_v2,dataset_dev/01_opishnyan_ceramics/o309_1.jpg,01_opishnyan_ceramics,01_opishnyan_ceramics,True,0.7436193764142087,01_opishnyan_ceramics,02_ornek,05_kosiv_ceramics,0,train,srcgrp_b30951e6e0850d05,src_global_opn_roundmark_catalog,vase_jug_or_vessel,clear,global_cls__c10__source0p5,pair_letterbox_cls_patch__c100__source0p5__blend0p25,pairwise_conditional_logit_blend,pair_letterbox_cls_patch,100.0,0.5,0.25,0.7436193764142087,0.15653966649478288,0.02118464808533581,0.012125208911188312,0.06653110009448411
img_80a623ff0df8dc73,selection_conditional_full_development_oof_v2,dataset_dev/01_opishnyan_ceramics/o309_2.jpg,01_opishnyan_ceramics,01_opishnyan_ceramics,True,0.9122452978955957,01_opishnyan_ceramics,02_ornek,05_kosiv_ceramics,0,train,srcgrp_b30951e6e0850d05,src_global_opn_roundmark_catalog,vase_jug_or_vessel,clear,global_cls__c10__source0p5,pair_letterbox_cls_patch__c100__source0p5__blend0p25,pairwise_conditional_logit_blend,pair_letterbox_cls_patch,100.0,0.5,0.25,0.9122452978955957,0.05475872369633407,0.009191772270157703,0.002819420650075511,0.02098478548783697
img_35ee4fc7cced07a4,selection_conditional_full_development_oof_v2,dataset_dev/01_opishnyan_ceramics/o310_1.jpg,01_opishnyan_ceramics,01_opishnyan_ceramics,True,0.954420044321299,01_opishnyan_ceramics,02_ornek,05_kosiv_ceramics,0,train,srcgrp_b30951e6e0850d05,src_global_opn_roundmark_catalog,vase_jug_or_vessel,clear,global_cls__c10__source0p5,pair_letterbox_cls_patch__c100__source0p5__blend0p25,pairwise_conditional_logit_blend,pair_letterbox_cls_patch,100.0,0.5,0.25,0.954420044321299,0.019713488016452722,0.005708322834538074,0.002716392033298264,0.017441752794411843
img_2854c2b617caa23e,selection_conditional_full_development_oof_v2,dataset_dev/01_opishnyan_ceramics/o310_2.jpg,01_opishnyan_ceramics,01_opishnyan_ceramics,True,0.9883884017721711,01_opishnyan_ceramics,02_ornek,05_kosiv_ceramics,0,train,srcgrp_b30951e6e0850d05,src_global_opn_roundmark_catalog,vase_jug_or_vessel,clear,global_cls__c10__source0p5,pair_letterbox_cls_patch__c100__source0p5__blend0p25,pairwise_conditional_logit_blend,pair_letterbox_cls_patch,100.0,0.5,0.25,0.9883884017721711,0.009645207791291039,0.0006984942407513013,0.00017968693149153484,0.0010882092642949001
img_fab7c6ba4cfc65fe,selection_conditional_full_development_oof_v2,dataset_dev/01_opishnyan_ceramics/o311_1.jpg,01_opishnyan_ceramics,01_opishnyan_ceramics,True,0.9083264305718608,01_opishnyan_ceramics,02_ornek,05_kosiv_ceramics,0,train,srcgrp_b30951e6e0850d05,src_global_opn_roundmark_catalog,vase_jug_or_vessel,clear,global_cls__c10__source0p5,pair_letterbox_cls_patch__c100__source0p5__blend0p25,pairwise_conditional_logit_blend,pair_letterbox_cls_patch,100.0,0.5,0.25,0.9083264305718608,0.0755860819745835,0.0022894357809657294,0.0032599059133607655,0.010538145759229242
img_83c576f625712640,selection_conditional_full_development_oof_v2,dataset_dev/01_opishnyan_ceramics/o311_2.jpg,01_opishnyan_ceramics,01_opishnyan_ceramics,True,0.8607417221682326,01_opishnyan_ceramics,05_kosiv_ceramics,02_ornek,0,train,srcgrp_b30951e6e0850d05,src_global_opn_roundmark_catalog,vase_jug_or_vessel,clear,global_cls__c10__source0p5,pair_letterbox_cls_patch__c100__source0p5__blend0p25,pairwise_conditional_logit_blend,pair_letterbox_cls_patch,100.0,0.5,0.25,0.8607417221682326,0.052553397068350625,0.009323459848044367,0.003431042805257892,0.0739503781101144
img_565148ab9811f6d8,selection_conditional_full_development_oof_v2,dataset_dev/01_opishnyan_ceramics/o313_1.jpg,01_opishnyan_ceramics,01_opishnyan_ceramics,True,0.9513064759383365,01_opishnyan_ceramics,02_ornek,03_bubnivka_ceramics,0,train,srcgrp_b30951e6e0850d05,src_global_opn_roundmark_catalog,plate_or_bowl,clear,global_cls__c10__source0p5,pair_letterbox_cls_patch__c100__source0p5__blend0p25,pairwise_conditional_logit_blend,pair_letterbox_cls_patch,100.0,0.5,0.25,0.9513064759383365,0.037709108143950856,0.004675030211237858,0.003763893908320598,0.002545491798154184
img_c2318eaf44bf63c8,selection_conditional_full_development_oof_v2,dataset_dev/01_opishnyan_ceramics/o313_2.jpg,01_opishnyan_ceramics,01_opishnyan_ceramics,True,0.9668650088247556,01_opishnyan_ceramics,05_kosiv_ceramics,02_ornek,0,train,srcgrp_b30951e6e0850d05,src_global_opn_roundmark_catalog,plate_or_bowl,small,global_cls__c10__source0p5,pair_letterbox_cls_patch__c100__source0p5__blend0p25,pairwise_conditional_logit_blend,pair_letterbox_cls_patch,100.0,0.5,0.25,0.9668650088247556,0.00690595054887709,0.0023293537291476517,0.0025923695296167725,0.021307317367602607
img_f41001fee9cdd02b,selection_conditional_full_development_oof_v2,dataset_dev/01_opishnyan_ceramics/o314_1.jpg,01_opishnyan_ceramics,01_opishnyan_ceramics,True,0.9835766183136316,01_opishnyan_ceramics,05_kosiv_ceramics,02_ornek,0,train,srcgrp_b30951e6e0850d05,src_global_opn_roundmark_catalog,box_or_container,clear,global_cls__c10__source0p5,pair_letterbox_cls_patch__c100__source0p5__blend0p25,pairwise_conditional_logit_blend,pair_letterbox_cls_patch,100.0,0.5,0.25,0.9835766183136316,0.004739988248071847,0.0040407367720059215,0.0014856294176172806,0.006157027248673347
img_d68d7bb3a9de6907,selection_conditional_full_development_oof_v2,dataset_dev/01_opishnyan_ceramics/o314_2.jpg,01_opishnyan_ceramics,01_opishnyan_ceramics,True,0.8896607756257316,01_opishnyan_ceramics,05_kosiv_ceramics,02_ornek,0,train,srcgrp_b30951e6e0850d05,src_global_opn_roundmark_catalog,box_or_container,clear,global_cls__c10__source0p5,pair_letterbox_cls_patch__c100__source0p5__blend0p25,pairwise_conditional_logit_blend,pair_letterbox_cls_patch,100.0,0.5,0.25,0.8896607756257316,0.04502008722075438,0.012761306542809934,0.0027709113534581512,0.049786919257245925
img_4138ddd251940fe0,selection_conditional_full_development_oof_v2,dataset_dev/01_opishnyan_ceramics/o315_1.jpg,01_opishnyan_ceramics,01_opishnyan_ceramics,True,0.8031937563012482,01_opishnyan_ceramics,05_kosiv_ceramics,02_ornek,0,train,srcgrp_b30951e6e0850d05,src_global_opn_roundmark_catalog,box_or_container,clear,global_cls__c10__source0p5,pair_letterbox_cls_patch__c100__source0p5__blend0p25,pairwise_conditional_logit_blend,pair_letterbox_cls_patch,100.0,0.5,0.25,0.8031937563012482,0.036299444045347774,0.0169985396572657,0.006783859555727376,0.136724400440411
img_1832eab2ee2f6890,selection_conditional_full_development_oof_v2,dataset_dev/01_opishnyan_ceramics/o315_2.jpg,01_opishnyan_ceramics,01_opishnyan_ceramics,True,0.9402501174767716,01_opishnyan_ceramics,05_kosiv_ceramics,02_ornek,0,train,srcgrp_b30951e6e0850d05,src_global_opn_roundmark_catalog,box_or_container,clear,global_cls__c10__source0p5,pair_letterbox_cls_patch__c100__source0p5__blend0p25,pairwise_conditional_logit_blend,pair_letterbox_cls_patch,100.0,0.5,0.25,0.9402501174767716,0.01285802509700124,0.008704980007860564,0.00391254332105074,0.034274334097315826
img_677eaa2cb3288f4e,selection_conditional_full_development_oof_v2,dataset_dev/01_opishnyan_ceramics/o316_1.jpeg,01_opishnyan_ceramics,01_opishnyan_ceramics,True,0.9542862091876079,01_opishnyan_ceramics,05_kosiv_ceramics,04_petrykivka_painting,0,train,srcgrp_b30951e6e0850d05,src_global_opn_roundmark_catalog,box_or_container,clear,global_cls__c10__source0p5,pair_letterbox_cls_patch__c100__source0p5__blend0p25,pairwise_conditional_logit_blend,pair_letterbox_cls_patch,100.0,0.5,0.25,0.9542862091876079,0.0047933085619563855,0.004377755837706211,0.006531969985927567,0.030010756426802114
img_4af5d3b94ef5f165,selection_conditional_full_development_oof_v2,dataset_dev/01_opishnyan_ceramics/o316_2.jpeg,01_opishnyan_ceramics,01_opishnyan_ceramics,True,0.7729371122228877,01_opishnyan_ceramics,05_kosiv_ceramics,02_ornek,0,train,srcgrp_b30951e6e0850d05,src_global_opn_roundmark_catalog,box_or_container,clear,global_cls__c10__source0p5,pair_letterbox_cls_patch__c100__source0p5__blend0p25,pairwise_conditional_logit_blend,pair_letterbox_cls_patch,100.0,0.5,0.25,0.7729371122228877,0.0450444971992236,0.023900067106457357,0.010064615474311504,0.14805370799711964
img_f65c2215486d520a,selection_conditional_full_development_oof_v2,dataset_dev/01_opishnyan_ceramics/o316_3.jpeg,01_opishnyan_ceramics,01_opishnyan_ceramics,True,0.9732388063365051,01_opishnyan_ceramics,05_kosiv_ceramics,03_bubnivka_ceramics,0,train,srcgrp_b30951e6e0850d05,src_global_opn_roundmark_catalog,box_or_container,clear,global_cls__c10__source0p5,pair_letterbox_cls_patch__c100__source0p5__blend0p25,pairwise_conditional_logit_blend,pair_letterbox_cls_patch,100.0,0.5,0.25,0.9732388063365051,0.0018224856265796896,0.0041110105487308654,0.001561237158565736,0.019266460329618713
img_077a2c1326256b70,selection_conditional_full_development_oof_v2,dataset_dev/01_opishnyan_ceramics/o317_1.jpeg,01_opishnyan_ceramics,01_opishnyan_ceramics,True,0.9960268481217314,01_opishnyan_ceramics,03_bubnivka_ceramics,02_ornek,0,train,srcgrp_b30951e6e0850d05,src_global_opn_roundmark_catalog,box_or_container,clear,global_cls__c10__source0p5,pair_letterbox_cls_patch__c100__source0p5__blend0p25,pairwise_conditional_logit_blend,pair_letterbox_cls_patch,100.0,0.5,0.25,0.9960268481217314,0.0010502380568137336,0.001510920596952035,0.0005138282747952431,0.0008981649497076808
img_f630af4581e58bf2,selection_conditional_full_development_oof_v2,dataset_dev/01_opishnyan_ceramics/o317_2.jpeg,01_opishnyan_ceramics,01_opishnyan_ceramics,True,0.9781058680676059,01_opishnyan_ceramics,03_bubnivka_ceramics,05_kosiv_ceramics,0,train,srcgrp_b30951e6e0850d05,src_global_opn_roundmark_catalog,box_or_container,clear,global_cls__c10__source0p5,pair_letterbox_cls_patch__c100__source0p5__blend0p25,pairwise_conditional_logit_blend,pair_letterbox_cls_patch,100.0,0.5,0.25,0.9781058680676059,0.0019642005044647986,0.009157725800830643,0.001962195430551626,0.008810010196547147
img_2c6cbb40945726fc,selection_conditional_full_development_oof_v2,dataset_dev/01_opishnyan_ceramics/o318.jpeg,01_opishnyan_ceramics,01_opishnyan_ceramics,True,0.9381817438195957,01_opishnyan_ceramics,05_kosiv_ceramics,04_petrykivka_painting,0,train,srcgrp_b30951e6e0850d05,src_global_opn_roundmark_catalog,unreviewed,unreviewed,global_cls__c10__source0p5,pair_letterbox_cls_patch__c100__source0p5__blend0p25,pairwise_conditional_logit_blend,pair_letterbox_cls_patch,100.0,0.5,0.25,0.9381817438195957,0.0039432596303123095,0.008365505983687004,0.011222320852796707,0.038287169713608155
img_0c210b69b82f1fd8,selection_conditional_full_development_oof_v2,dataset_dev/01_opishnyan_ceramics/o320_1.jpg,01_opishnyan_ceramics,01_opishnyan_ceramics,True,0.7212835314656573,01_opishnyan_ceramics,02_ornek,05_kosiv_ceramics,0,train,srcgrp_b30951e6e0850d05,src_global_opn_roundmark_catalog,box_or_container,clear,global_cls__c10__source0p5,pair_letterbox_cls_patch__c100__source0p5__blend0p25,pairwise_conditional_logit_blend,pair_letterbox_cls_patch,100.0,0.5,0.25,0.7212835314656573,0.252087346885823,0.004304527053013148,0.005138492878717737,0.017186101716788707
img_614966b2cd9afe27,selection_conditional_full_development_oof_v2,dataset_dev/01_opishnyan_ceramics/o320_2.jpg,01_opishnyan_ceramics,01_opishnyan_ceramics,True,0.9401072207228017,01_opishnyan_ceramics,02_ornek,03_bubnivka_ceramics,0,train,srcgrp_b30951e6e0850d05,src_global_opn_roundmark_catalog,box_or_container,clear,global_cls__c10__source0p5,pair_letterbox_cls_patch__c100__source0p5__blend0p25,pairwise_conditional_logit_blend,pair_letterbox_cls_patch,100.0,0.5,0.25,0.9401072207228017,0.04959384002323355,0.005587330667296492,0.0018976490729575393,0.00281395951371058
img_e3fe3fcda804d096,selection_conditional_full_development_oof_v2,dataset_dev/01_opishnyan_ceramics/o322.jpg,01_opishnyan_ceramics,01_opishnyan_ceramics,True,0.8902840468332,01_opishnyan_ceramics,05_kosiv_ceramics,04_petrykivka_painting,0,train,srcgrp_b30951e6e0850d05,src_global_opn_roundmark_catalog,unreviewed,unreviewed,global_cls__c10__source0p5,pair_letterbox_cls_patch__c100__source0p5__blend0p25,pairwise_conditional_logit_blend,pair_letterbox_cls_patch,100.0,0.5,0.25,0.8902840468332,0.008348782465017338,0.0029057631544249594,0.02590161349918232,0.07255979404817556
img_08e120dbada66fdc,selection_conditional_full_development_oof_v2,dataset_dev/01_opishnyan_ceramics/o324_1.jpg,01_opishnyan_ceramics,01_opishnyan_ceramics,True,0.9457588003880816,01_opishnyan_ceramics,05_kosiv_ceramics,02_ornek,0,train,srcgrp_b30951e6e0850d05,src_global_opn_roundmark_catalog,plate_or_bowl,clear,global_cls__c10__source0p5,pair_letterbox_cls_patch__c100__source0p5__blend0p25,pairwise_conditional_logit_blend,pair_letterbox_cls_patch,100.0,0.5,0.25,0.9457588003880816,0.00817094308364446,0.0038692266459327,0.0015390741443847666,0.040661955737956564
img_8f1e7b19c76c5cb3,selection_conditional_full_development_oof_v2,dataset_dev/01_opishnyan_ceramics/o324_2.jpg,01_opishnyan_ceramics,01_opishnyan_ceramics,True,0.9585892613330728,01_opishnyan_ceramics,05_kosiv_ceramics,02_ornek,0,train,srcgrp_b30951e6e0850d05,src_global_opn_roundmark_catalog,plate_or_bowl,clear,global_cls__c10__source0p5,pair_letterbox_cls_patch__c100__source0p5__blend0p25,pairwise_conditional_logit_blend,pair_letterbox_cls_patch,100.0,0.5,0.25,0.9585892613330728,0.010591765657549337,0.0057946301504313135,0.0014162095100636032,0.023608133348882832
img_3e79062327dc866e,selection_conditional_full_development_oof_v2,dataset_dev/01_opishnyan_ceramics/o324_3.jpg,01_opishnyan_ceramics,01_opishnyan_ceramics,True,0.9855291221662497,01_opishnyan_ceramics,05_kosiv_ceramics,02_ornek,0,train,srcgrp_b30951e6e0850d05,src_global_opn_roundmark_catalog,plate_or_bowl,clear,global_cls__c10__source0p5,pair_letterbox_cls_patch__c100__source0p5__blend0p25,pairwise_conditional_logit_blend,pair_letterbox_cls_patch,100.0,0.5,0.25,0.9855291221662497,0.00400555533469506,0.003385856462828387,0.0005410050416220033,0.006538460994604846
img_cb6ba7acdad6258b,selection_conditional_full_development_oof_v2,dataset_dev/01_opishnyan_ceramics/o324_4.jpg,01_opishnyan_ceramics,01_opishnyan_ceramics,True,0.9711450785900523,01_opishnyan_ceramics,05_kosiv_ceramics,02_ornek,0,train,srcgrp_b30951e6e0850d05,src_global_opn_roundmark_catalog,plate_or_bowl,clear,global_cls__c10__source0p5,pair_letterbox_cls_patch__c100__source0p5__blend0p25,pairwise_conditional_logit_blend,pair_letterbox_cls_patch,100.0,0.5,0.25,0.9711450785900523,0.00868646058695437,0.006119502007906083,0.0010169576558570793,0.013032001159230215
img_5e34c644a6d18511,selection_conditional_full_development_oof_v2,dataset_dev/01_opishnyan_ceramics/o325_1.jpeg,01_opishnyan_ceramics,01_opishnyan_ceramics,True,0.9094868302606097,01_opishnyan_ceramics,05_kosiv_ceramics,02_ornek,0,train,srcgrp_b30951e6e0850d05,src_global_opn_roundmark_catalog,cup_or_mug,clear,global_cls__c10__source0p5,pair_letterbox_cls_patch__c100__source0p5__blend0p25,pairwise_conditional_logit_blend,pair_letterbox_cls_patch,100.0,0.5,0.25,0.9094868302606097,0.02690718342148799,0.012452765227619313,0.004849195190157862,0.04630402590012512
img_0fcb49fb14f121b2,selection_conditional_full_development_oof_v2,dataset_dev/01_opishnyan_ceramics/o325_2.jpeg,01_opishnyan_ceramics,01_opishnyan_ceramics,True,0.9287643540521489,01_opishnyan_ceramics,03_bubnivka_ceramics,02_ornek,0,train,srcgrp_b30951e6e0850d05,src_global_opn_roundmark_catalog,cup_or_mug,clear,global_cls__c10__source0p5,pair_letterbox_cls_patch__c100__source0p5__blend0p25,pairwise_conditional_logit_blend,pair_letterbox_cls_patch,100.0,0.5,0.25,0.9287643540521489,0.02174913351540125,0.02534932897793248,0.0040399921510793834,0.020097191303437994
img_e3a01b7dc3e2ae25,selection_conditional_full_development_oof_v2,dataset_dev/01_opishnyan_ceramics/o325_3.jpeg,01_opishnyan_ceramics,01_opishnyan_ceramics,True,0.9907822818436626,01_opishnyan_ceramics,03_bubnivka_ceramics,02_ornek,0,train,srcgrp_b30951e6e0850d05,src_global_opn_roundmark_catalog,cup_or_mug,clear,global_cls__c10__source0p5,pair_letterbox_cls_patch__c100__source0p5__blend0p25,pairwise_conditional_logit_blend,pair_letterbox_cls_patch,100.0,0.5,0.25,0.9907822818436626,0.0035075088669959606,0.004898193204791646,0.00047405746882075994,0.0003379586157288424
img_b40d7077a7e1b17e,selection_conditional_full_development_oof_v2,dataset_dev/01_opishnyan_ceramics/o326.jpg,01_opishnyan_ceramics,01_opishnyan_ceramics,True,0.9880390622344504,01_opishnyan_ceramics,02_ornek,05_kosiv_ceramics,0,train,srcgrp_b30951e6e0850d05,src_global_opn_roundmark_catalog,cup_or_mug,clear,global_cls__c10__source0p5,pair_letterbox_cls_patch__c100__source0p5__blend0p25,pairwise_conditional_logit_blend,pair_letterbox_cls_patch,100.0,0.5,0.25,0.9880390622344504,0.00654529679991059,0.00018298030673802573,0.0011562907229655491,0.004076369935935732
img_8b0729441c7ed0a4,selection_conditional_full_development_oof_v2,dataset_dev/01_opishnyan_ceramics/o327.jpg,01_opishnyan_ceramics,01_opishnyan_ceramics,True,0.9818409921593654,01_opishnyan_ceramics,02_ornek,05_kosiv_ceramics,0,train,srcgrp_b30951e6e0850d05,src_global_opn_roundmark_catalog,unreviewed,unreviewed,global_cls__c10__source0p5,pair_letterbox_cls_patch__c100__source0p5__blend0p25,pairwise_conditional_logit_blend,pair_letterbox_cls_patch,100.0,0.5,0.25,0.9818409921593654,0.01168623773239597,0.0001781648735931932,0.0018292409875947833,0.0044653642470508
img_53f678d9d61f5682,selection_conditional_full_development_oof_v2,dataset_dev/01_opishnyan_ceramics/o328_1.jpeg,01_opishnyan_ceramics,01_opishnyan_ceramics,True,0.9821859144960363,01_opishnyan_ceramics,02_ornek,05_kosiv_ceramics,0,train,srcgrp_b30951e6e0850d05,src_global_opn_roundmark_catalog,box_or_container,clear,global_cls__c10__source0p5,pair_letterbox_cls_patch__c100__source0p5__blend0p25,pairwise_conditional_logit_blend,pair_letterbox_cls_patch,100.0,0.5,0.25,0.9821859144960363,0.007495107470487186,0.003339458904059036,0.002351545970478329,0.004627973158938998
img_315438724c75aa3f,selection_conditional_full_development_oof_v2,dataset_dev/01_opishnyan_ceramics/o328_2.jpeg,01_opishnyan_ceramics,01_opishnyan_ceramics,True,0.9156080005237052,01_opishnyan_ceramics,02_ornek,05_kosiv_ceramics,0,train,srcgrp_b30951e6e0850d05,src_global_opn_roundmark_catalog,box_or_container,clear,global_cls__c10__source0p5,pair_letterbox_cls_patch__c100__source0p5__blend0p25,pairwise_conditional_logit_blend,pair_letterbox_cls_patch,100.0,0.5,0.25,0.9156080005237052,0.05480669796356699,0.007000262807567708,0.0019519239924897683,0.020633114712670358
img_e62d404032d49e1f,selection_conditional_full_development_oof_v2,dataset_dev/01_opishnyan_ceramics/o329_1.jpeg,01_opishnyan_ceramics,01_opishnyan_ceramics,True,0.9528998392857557,01_opishnyan_ceramics,03_bubnivka_ceramics,05_kosiv_ceramics,0,train,srcgrp_b30951e6e0850d05,src_global_opn_roundmark_catalog,box_or_container,clear,global_cls__c10__source0p5,pair_letterbox_cls_patch__c100__source0p5__blend0p25,pairwise_conditional_logit_blend,pair_letterbox_cls_patch,100.0,0.5,0.25,0.9528998392857557,0.007134131508133722,0.021989345654704028,0.0015152447362741276,0.016461438815132408
img_e2d91c0c40f13953,selection_conditional_full_development_oof_v2,dataset_dev/01_opishnyan_ceramics/o329_2.jpeg,01_opishnyan_ceramics,01_opishnyan_ceramics,True,0.9064882133949056,01_opishnyan_ceramics,05_kosiv_ceramics,02_ornek,0,train,srcgrp_b30951e6e0850d05,src_global_opn_roundmark_catalog,box_or_container,clear,global_cls__c10__source0p5,pair_letterbox_cls_patch__c100__source0p5__blend0p25,pairwise_conditional_logit_blend,pair_letterbox_cls_patch,100.0,0.5,0.25,0.9064882133949056,0.030648122069010766,0.024073543185366468,0.0048790410758773875,0.0339110802748397
img_2a0b3912d3767f56,selection_conditional_full_development_oof_v2,dataset_dev/01_opishnyan_ceramics/o331_1.jpeg,01_opishnyan_ceramics,01_opishnyan_ceramics,True,0.9328736684637049,01_opishnyan_ceramics,05_kosiv_ceramics,02_ornek,0,train,srcgrp_b30951e6e0850d05,src_global_opn_roundmark_catalog,box_or_container,clear,global_cls__c10__source0p5,pair_letterbox_cls_patch__c100__source0p5__blend0p25,pairwise_conditional_logit_blend,pair_letterbox_cls_patch,100.0,0.5,0.25,0.9328736684637049,0.0182111046091213,0.008523726693625047,0.0020263581657206167,0.03836514206782832
img_97a348c31caf8582,selection_conditional_full_development_oof_v2,dataset_dev/01_opishnyan_ceramics/o331_2.jpeg,01_opishnyan_ceramics,01_opishnyan_ceramics,True,0.7332312455113147,01_opishnyan_ceramics,05_kosiv_ceramics,02_ornek,0,train,srcgrp_b30951e6e0850d05,src_global_opn_roundmark_catalog,box_or_container,clear,global_cls__c10__source0p5,pair_letterbox_cls_patch__c100__source0p5__blend0p25,pairwise_conditional_logit_blend,pair_letterbox_cls_patch,100.0,0.5,0.25,0.7332312455113147,0.07032076917159272,0.04363453573816288,0.005735172237640725,0.14707827734128912
img_32a7f6a06ea40101,selection_conditional_full_development_oof_v2,dataset_dev/01_opishnyan_ceramics/o332_1.jpeg,01_opishnyan_ceramics,01_opishnyan_ceramics,True,0.893634088508382,01_opishnyan_ceramics,03_bubnivka_ceramics,05_kosiv_ceramics,0,train,srcgrp_b30951e6e0850d05,src_global_opn_roundmark_catalog,box_or_container,clear,global_cls__c10__source0p5,pair_letterbox_cls_patch__c100__source0p5__blend0p25,pairwise_conditional_logit_blend,pair_letterbox_cls_patch,100.0,0.5,0.25,0.893634088508382,0.007477608528047197,0.06348547382197157,0.0008021877022567347,0.03460064143934265
img_05f20236656b6a2b,selection_conditional_full_development_oof_v2,dataset_dev/01_opishnyan_ceramics/o332_2.jpeg,01_opishnyan_ceramics,01_opishnyan_ceramics,True,0.8362004273843752,01_opishnyan_ceramics,05_kosiv_ceramics,03_bubnivka_ceramics,0,train,srcgrp_b30951e6e0850d05,src_global_opn_roundmark_catalog,box_or_container,clear,global_cls__c10__source0p5,pair_letterbox_cls_patch__c100__source0p5__blend0p25,pairwise_conditional_logit_blend,pair_letterbox_cls_patch,100.0,0.5,0.25,0.8362004273843752,0.01837118926980053,0.04363969830513033,0.0021910763810587064,0.09959760865963509
img_790386d594946b5a,selection_conditional_full_development_oof_v2,dataset_dev/01_opishnyan_ceramics/o333_1.jpeg,01_opishnyan_ceramics,01_opishnyan_ceramics,True,0.9706111782384625,01_opishnyan_ceramics,02_ornek,03_bubnivka_ceramics,0,train,srcgrp_b30951e6e0850d05,src_global_opn_roundmark_catalog,box_or_container,clear,global_cls__c10__source0p5,pair_letterbox_cls_patch__c100__source0p5__blend0p25,pairwise_conditional_logit_blend,pair_letterbox_cls_patch,100.0,0.5,0.25,0.9706111782384625,0.01259915455953563,0.008173294321462927,0.0011813716872353078,0.007435001193303607
img_7cd57aa849bbb3da,selection_conditional_full_development_oof_v2,dataset_dev/01_opishnyan_ceramics/o333_2.jpeg,01_opishnyan_ceramics,01_opishnyan_ceramics,True,0.8672994604217464,01_opishnyan_ceramics,02_ornek,05_kosiv_ceramics,0,train,srcgrp_b30951e6e0850d05,src_global_opn_roundmark_catalog,box_or_container,clear,global_cls__c10__source0p5,pair_letterbox_cls_patch__c100__source0p5__blend0p25,pairwise_conditional_logit_blend,pair_letterbox_cls_patch,100.0,0.5,0.25,0.8672994604217464,0.0907614315463755,0.017286122806810435,0.0027523269930491397,0.021900658232018474
img_fca1d6ea80d23fa0,selection_conditional_full_development_oof_v2,dataset_dev/01_opishnyan_ceramics/o334_1.jpg,01_opishnyan_ceramics,05_kosiv_ceramics,False,0.45653351313672474,05_kosiv_ceramics,01_opishnyan_ceramics,02_ornek,0,train,srcgrp_b30951e6e0850d05,src_global_opn_roundmark_catalog,vase_jug_or_vessel,clear,global_cls__c10__source0p5,pair_letterbox_cls_patch__c100__source0p5__blend0p25,pairwise_conditional_logit_blend,pair_letterbox_cls_patch,100.0,0.5,0.25,0.4343482249635171,0.08282868178239719,0.013515780114364584,0.012773800002996454,0.45653351313672474
img_8e3b178b67906f98,selection_conditional_full_development_oof_v2,dataset_dev/01_opishnyan_ceramics/o334_2.jpg,01_opishnyan_ceramics,01_opishnyan_ceramics,True,0.5952670643291563,01_opishnyan_ceramics,05_kosiv_ceramics,02_ornek,0,train,srcgrp_b30951e6e0850d05,src_global_opn_roundmark_catalog,vase_jug_or_vessel,clear,global_cls__c10__source0p5,pair_letterbox_cls_patch__c100__source0p5__blend0p25,pairwise_conditional_logit_blend,pair_letterbox_cls_patch,100.0,0.5,0.25,0.5952670643291563,0.12716374365728908,0.008262672263119735,0.014394886938383797,0.2549116328120511
img_7e73f14dc8971bfb,selection_conditional_full_development_oof_v2,dataset_dev/01_opishnyan_ceramics/o335_1.jpg,01_opishnyan_ceramics,01_opishnyan_ceramics,True,0.9837071020589809,01_opishnyan_ceramics,02_ornek,03_bubnivka_ceramics,0,train,srcgrp_b30951e6e0850d05,src_global_opn_roundmark_catalog,vase_jug_or_vessel,clear,global_cls__c10__source0p5,pair_letterbox_cls_patch__c100__source0p5__blend0p25,pairwise_conditional_logit_blend,pair_letterbox_cls_patch,100.0,0.5,0.25,0.9837071020589809,0.007138074597131284,0.003833483498705867,0.0016579417351819028,0.0036633981099999506
img_a3e70b0efa051ed1,selection_conditional_full_development_oof_v2,dataset_dev/01_opishnyan_ceramics/o335_2.jpg,01_opishnyan_ceramics,01_opishnyan_ceramics,True,0.9560578284615,01_opishnyan_ceramics,02_ornek,05_kosiv_ceramics,0,train,srcgrp_b30951e6e0850d05,src_global_opn_roundmark_catalog,vase_jug_or_vessel,clear,global_cls__c10__source0p5,pair_letterbox_cls_patch__c100__source0p5__blend0p25,pairwise_conditional_logit_blend,pair_letterbox_cls_patch,100.0,0.5,0.25,0.9560578284615,0.01766799467659337,0.008752806951624208,0.007379179676393946,0.010142190233888626
img_b1c9e3efc02d1fda,selection_conditional_full_development_oof_v2,dataset_dev/01_opishnyan_ceramics/o335_3.jpg,01_opishnyan_ceramics,01_opishnyan_ceramics,True,0.9088489629545057,01_opishnyan_ceramics,03_bubnivka_ceramics,02_ornek,0,train,srcgrp_b30951e6e0850d05,src_global_opn_roundmark_catalog,vase_jug_or_vessel,clear,global_cls__c10__source0p5,pair_letterbox_cls_patch__c100__source0p5__blend0p25,pairwise_conditional_logit_blend,pair_letterbox_cls_patch,100.0,0.5,0.25,0.9088489629545057,0.01588237498031125,0.0671981652253565,0.0022479247341808117,0.0058225721056458625
img_ce66ac894919a50f,selection_conditional_full_development_oof_v2,dataset_dev/01_opishnyan_ceramics/o338_1.jpg,01_opishnyan_ceramics,01_opishnyan_ceramics,True,0.8824117053683008,01_opishnyan_ceramics,02_ornek,05_kosiv_ceramics,0,train,srcgrp_b30951e6e0850d05,src_global_opn_roundmark_catalog,vase_jug_or_vessel,clear,global_cls__c10__source0p5,pair_letterbox_cls_patch__c100__source0p5__blend0p25,pairwise_conditional_logit_blend,pair_letterbox_cls_patch,100.0,0.5,0.25,0.8824117053683008,0.0876894699521585,0.0034713385882560455,0.008446019323494763,0.017981466767789986
img_443d3b32d2d20e34,selection_conditional_full_development_oof_v2,dataset_dev/01_opishnyan_ceramics/o338_2.jpg,01_opishnyan_ceramics,01_opishnyan_ceramics,True,0.9038495514848598,01_opishnyan_ceramics,02_ornek,05_kosiv_ceramics,0,train,srcgrp_b30951e6e0850d05,src_global_opn_roundmark_catalog,vase_jug_or_vessel,clear,global_cls__c10__source0p5,pair_letterbox_cls_patch__c100__source0p5__blend0p25,pairwise_conditional_logit_blend,pair_letterbox_cls_patch,100.0,0.5,0.25,0.9038495514848598,0.06800823212073832,0.002615998440654117,0.009131889125243878,0.01639432882850381
img_7a47efcf3f4baa30,selection_conditional_full_development_oof_v2,dataset_dev/01_opishnyan_ceramics/o338_3.jpg,01_opishnyan_ceramics,01_opishnyan_ceramics,True,0.980405667482074,01_opishnyan_ceramics,05_kosiv_ceramics,02_ornek,0,train,srcgrp_b30951e6e0850d05,src_global_opn_roundmark_catalog,vase_jug_or_vessel,clear,global_cls__c10__source0p5,pair_letterbox_cls_patch__c100__source0p5__blend0p25,pairwise_conditional_logit_blend,pair_letterbox_cls_patch,100.0,0.5,0.25,0.980405667482074,0.005901250756668211,0.0027410648152365984,0.003710533521222041,0.007241483424799245
img_f8ff5a7156b4ebfa,selection_conditional_full_development_oof_v2,dataset_dev/01_opishnyan_ceramics/o338_4.jpg,01_opishnyan_ceramics,01_opishnyan_ceramics,True,0.966029719270267,01_opishnyan_ceramics,02_ornek,03_bubnivka_ceramics,0,train,srcgrp_b30951e6e0850d05,src_global_opn_roundmark_catalog,vase_jug_or_vessel,clear,global_cls__c10__source0p5,pair_letterbox_cls_patch__c100__source0p5__blend0p25,pairwise_conditional_logit_blend,pair_letterbox_cls_patch,100.0,0.5,0.25,0.966029719270267,0.016082649789384385,0.009705798042872636,0.0037042615273620433,0.004477571370113957
img_167353db1dfd711a,selection_conditional_full_development_oof_v2,dataset_dev/01_opishnyan_ceramics/o339_1.jpeg,01_opishnyan_ceramics,01_opishnyan_ceramics,True,0.936625881448756,01_opishnyan_ceramics,05_kosiv_ceramics,02_ornek,0,train,srcgrp_b30951e6e0850d05,src_global_opn_roundmark_catalog,vase_jug_or_vessel,clear,global_cls__c10__source0p5,pair_letterbox_cls_patch__c100__source0p5__blend0p25,pairwise_conditional_logit_blend,pair_letterbox_cls_patch,100.0,0.5,0.25,0.936625881448756,0.014851592728907933,0.009257009941201122,0.004074161827620047,0.03519135405351486
img_a6b47b9dcf170bdb,selection_conditional_full_development_oof_v2,dataset_dev/01_opishnyan_ceramics/o339_2.jpeg,01_opishnyan_ceramics,01_opishnyan_ceramics,True,0.8532444143903171,01_opishnyan_ceramics,05_kosiv_ceramics,03_bubnivka_ceramics,0,train,srcgrp_b30951e6e0850d05,src_global_opn_roundmark_catalog,vase_jug_or_vessel,clear,global_cls__c10__source0p5,pair_letterbox_cls_patch__c100__source0p5__blend0p25,pairwise_conditional_logit_blend,pair_letterbox_cls_patch,100.0,0.5,0.25,0.8532444143903171,0.012988440715395067,0.05511131346124427,0.006528498806145575,0.07212733262689808
img_55bef1527e3da779,selection_conditional_full_development_oof_v2,dataset_dev/01_opishnyan_ceramics/o339_3.jpeg,01_opishnyan_ceramics,01_opishnyan_ceramics,True,0.9151760300303577,01_opishnyan_ceramics,05_kosiv_ceramics,02_ornek,0,train,srcgrp_b30951e6e0850d05,src_global_opn_roundmark_catalog,vase_jug_or_vessel,clear,global_cls__c10__source0p5,pair_letterbox_cls_patch__c100__source0p5__blend0p25,pairwise_conditional_logit_blend,pair_letterbox_cls_patch,100.0,0.5,0.25,0.9151760300303577,0.02457160861407787,0.010129974943438591,0.006368649629675966,0.04375373678244964
img_d5cd60cf5a4d78cb,selection_conditional_full_development_oof_v2,dataset_dev/01_opishnyan_ceramics/o340.jpg,01_opishnyan_ceramics,01_opishnyan_ceramics,True,0.9887804046452968,01_opishnyan_ceramics,02_ornek,04_petrykivka_painting,0,train,srcgrp_b30951e6e0850d05,src_global_opn_roundmark_catalog,unreviewed,unreviewed,global_cls__c10__source0p5,pair_letterbox_cls_patch__c100__source0p5__blend0p25,pairwise_conditional_logit_blend,pair_letterbox_cls_patch,100.0,0.5,0.25,0.9887804046452968,0.006131509932175024,0.0008005917126010183,0.003738246510376478,0.0005492471995508042
img_687dd299f91f92e1,selection_conditional_full_development_oof_v2,dataset_dev/01_opishnyan_ceramics/o341.jpg,01_opishnyan_ceramics,01_opishnyan_ceramics,True,0.9174936590224432,01_opishnyan_ceramics,04_petrykivka_painting,02_ornek,0,train,srcgrp_b30951e6e0850d05,src_global_opn_roundmark_catalog,plate_or_bowl,clear,global_cls__c10__source0p5,pair_letterbox_cls_patch__c100__source0p5__blend0p25,pairwise_conditional_logit_blend,pair_letterbox_cls_patch,100.0,0.5,0.25,0.9174936590224432,0.025816267176169846,0.014441210714287299,0.03320505263111331,0.009043810455986479
img_a0bfebe1febaa18c,selection_conditional_full_development_oof_v2,dataset_dev/01_opishnyan_ceramics/o343_1.jpeg,01_opishnyan_ceramics,01_opishnyan_ceramics,True,0.8953066938009128,01_opishnyan_ceramics,02_ornek,05_kosiv_ceramics,0,train,srcgrp_b30951e6e0850d05,src_global_opn_roundmark_catalog,cup_or_mug,clear,global_cls__c10__source0p5,pair_letterbox_cls_patch__c100__source0p5__blend0p25,pairwise_conditional_logit_blend,pair_letterbox_cls_patch,100.0,0.5,0.25,0.8953066938009128,0.07807740823001205,0.0015283059267804425,0.003556559409860142,0.021531032632434725
img_5c99b427186b7fac,selection_conditional_full_development_oof_v2,dataset_dev/01_opishnyan_ceramics/o343_2.jpeg,01_opishnyan_ceramics,01_opishnyan_ceramics,True,0.9832523341672108,01_opishnyan_ceramics,02_ornek,05_kosiv_ceramics,0,train,srcgrp_b30951e6e0850d05,src_global_opn_roundmark_catalog,cup_or_mug,clear,global_cls__c10__source0p5,pair_letterbox_cls_patch__c100__source0p5__blend0p25,pairwise_conditional_logit_blend,pair_letterbox_cls_patch,100.0,0.5,0.25,0.9832523341672108,0.0077895777606315966,0.0012556212798297474,0.002115859030355445,0.00558660776197241
img_263680a271f45ab6,selection_conditional_full_development_oof_v2,dataset_dev/01_opishnyan_ceramics/o344.jpeg,01_opishnyan_ceramics,01_opishnyan_ceramics,True,0.9839205339325424,01_opishnyan_ceramics,02_ornek,05_kosiv_ceramics,0,train,srcgrp_b30951e6e0850d05,src_global_opn_roundmark_catalog,unreviewed,unreviewed,global_cls__c10__source0p5,pair_letterbox_cls_patch__c100__source0p5__blend0p25,pairwise_conditional_logit_blend,pair_letterbox_cls_patch,100.0,0.5,0.25,0.9839205339325424,0.013484534753454878,0.0003986188999831626,0.0004820360840507305,0.0017142763299687056
img_a0bd2f3d47df28bc,selection_conditional_full_development_oof_v2,dataset_dev/01_opishnyan_ceramics/o346.jpeg,01_opishnyan_ceramics,01_opishnyan_ceramics,True,0.9769380986589403,01_opishnyan_ceramics,02_ornek,05_kosiv_ceramics,0,train,srcgrp_b30951e6e0850d05,src_global_opn_roundmark_catalog,unreviewed,unreviewed,global_cls__c10__source0p5,pair_letterbox_cls_patch__c100__source0p5__blend0p25,pairwise_conditional_logit_blend,pair_letterbox_cls_patch,100.0,0.5,0.25,0.9769380986589403,0.017384074171775166,0.0003193909712900273,0.0014886264775367153,0.0038698097204578202
img_99359bac945a2097,selection_conditional_full_development_oof_v2,dataset_dev/01_opishnyan_ceramics/o347.jpg,01_opishnyan_ceramics,01_opishnyan_ceramics,True,0.9441020298694041,01_opishnyan_ceramics,02_ornek,04_petrykivka_painting,0,train,srcgrp_b30951e6e0850d05,src_global_opn_roundmark_catalog,unreviewed,unreviewed,global_cls__c10__source0p5,pair_letterbox_cls_patch__c100__source0p5__blend0p25,pairwise_conditional_logit_blend,pair_letterbox_cls_patch,100.0,0.5,0.25,0.9441020298694041,0.04222111040978823,0.004583095120722889,0.004834532846086164,0.004259231753998579
img_ae3d0934052191a8,selection_conditional_full_development_oof_v2,dataset_dev/01_opishnyan_ceramics/o348.jpg,01_opishnyan_ceramics,01_opishnyan_ceramics,True,0.9655407674561078,01_opishnyan_ceramics,02_ornek,03_bubnivka_ceramics,0,train,srcgrp_b30951e6e0850d05,src_global_opn_roundmark_catalog,unreviewed,unreviewed,global_cls__c10__source0p5,pair_letterbox_cls_patch__c100__source0p5__blend0p25,pairwise_conditional_logit_blend,pair_letterbox_cls_patch,100.0,0.5,0.25,0.9655407674561078,0.0329678001780622,0.0008238316006987145,0.00019515341424926338,0.000472447350882054
img_80f19b72cbeb44b8,selection_conditional_full_development_oof_v2,dataset_dev/01_opishnyan_ceramics/o350.jpg,01_opishnyan_ceramics,01_opishnyan_ceramics,True,0.9333898816035728,01_opishnyan_ceramics,02_ornek,03_bubnivka_ceramics,0,train,srcgrp_b30951e6e0850d05,src_global_opn_roundmark_catalog,unreviewed,unreviewed,global_cls__c10__source0p5,pair_letterbox_cls_patch__c100__source0p5__blend0p25,pairwise_conditional_logit_blend,pair_letterbox_cls_patch,100.0,0.5,0.25,0.9333898816035728,0.06330518008152068,0.0015676768376319651,0.00031364541376741257,0.0014236160635072294
img_27c93e1ae7c3947f,selection_conditional_full_development_oof_v2,dataset_dev/01_opishnyan_ceramics/o351.jpg,01_opishnyan_ceramics,01_opishnyan_ceramics,True,0.9451775974303609,01_opishnyan_ceramics,02_ornek,03_bubnivka_ceramics,0,train,srcgrp_b30951e6e0850d05,src_global_opn_roundmark_catalog,unreviewed,unreviewed,global_cls__c10__source0p5,pair_letterbox_cls_patch__c100__source0p5__blend0p25,pairwise_conditional_logit_blend,pair_letterbox_cls_patch,100.0,0.5,0.25,0.9451775974303609,0.024219293224698228,0.020154195162463383,0.0039054148061337963,0.006543499376343758
img_b2d5dabab3b5ce24,selection_conditional_full_development_oof_v2,dataset_dev/01_opishnyan_ceramics/o354.jpg,01_opishnyan_ceramics,01_opishnyan_ceramics,True,0.9335234076333302,01_opishnyan_ceramics,03_bubnivka_ceramics,02_ornek,0,train,srcgrp_b30951e6e0850d05,src_global_opn_roundmark_catalog,unreviewed,unreviewed,global_cls__c10__source0p5,pair_letterbox_cls_patch__c100__source0p5__blend0p25,pairwise_conditional_logit_blend,pair_letterbox_cls_patch,100.0,0.5,0.25,0.9335234076333302,0.02321961250935456,0.026885788836856245,0.003715707332806358,0.012655483687652687
img_48910c8c60c106b1,selection_conditional_full_development_oof_v2,dataset_dev/01_opishnyan_ceramics/o356.jpeg,01_opishnyan_ceramics,01_opishnyan_ceramics,True,0.3437236243130853,01_opishnyan_ceramics,04_petrykivka_painting,05_kosiv_ceramics,0,train,srcgrp_b30951e6e0850d05,src_global_opn_roundmark_catalog,unreviewed,unreviewed,global_cls__c10__source0p5,pair_letterbox_cls_patch__c100__source0p5__blend0p25,pairwise_conditional_logit_blend,pair_letterbox_cls_patch,100.0,0.5,0.25,0.3437236243130853,0.06131897317605652,0.020426065895195633,0.288543060835816,0.2859882757798465
img_c1a10ea4766e4ce5,selection_conditional_full_development_oof_v2,dataset_dev/01_opishnyan_ceramics/o357.jpg,01_opishnyan_ceramics,01_opishnyan_ceramics,True,0.9223913401244748,01_opishnyan_ceramics,02_ornek,03_bubnivka_ceramics,0,train,srcgrp_b30951e6e0850d05,src_global_opn_roundmark_catalog,unreviewed,unreviewed,global_cls__c10__source0p5,pair_letterbox_cls_patch__c100__source0p5__blend0p25,pairwise_conditional_logit_blend,pair_letterbox_cls_patch,100.0,0.5,0.25,0.9223913401244748,0.022603588616089177,0.021920069909717628,0.020766991665315267,0.012318009684403095
img_1ed1ecb994848b59,selection_conditional_full_development_oof_v2,dataset_dev/01_opishnyan_ceramics/o359.jpg,01_opishnyan_ceramics,01_opishnyan_ceramics,True,0.9534893425034909,01_opishnyan_ceramics,02_ornek,03_bubnivka_ceramics,0,train,srcgrp_b30951e6e0850d05,src_global_opn_roundmark_catalog,unreviewed,unreviewed,global_cls__c10__source0p5,pair_letterbox_cls_patch__c100__source0p5__blend0p25,pairwise_conditional_logit_blend,pair_letterbox_cls_patch,100.0,0.5,0.25,0.9534893425034909,0.02356879521961711,0.008590373985016447,0.007987698862125992,0.006363789429749713
img_8d2701f4edef4fb2,selection_conditional_full_development_oof_v2,dataset_dev/01_opishnyan_ceramics/o361_1.jpg,01_opishnyan_ceramics,01_opishnyan_ceramics,True,0.9894504840412214,01_opishnyan_ceramics,02_ornek,03_bubnivka_ceramics,0,train,srcgrp_b30951e6e0850d05,src_global_opn_roundmark_catalog,cup_or_mug,clear,global_cls__c10__source0p5,pair_letterbox_cls_patch__c100__source0p5__blend0p25,pairwise_conditional_logit_blend,pair_letterbox_cls_patch,100.0,0.5,0.25,0.9894504840412214,0.007930589653429921,0.0014300399682204798,0.0006300173717682611,0.0005588689653602296
img_615af16eb000a274,selection_conditional_full_development_oof_v2,dataset_dev/01_opishnyan_ceramics/o361_2.jpg,01_opishnyan_ceramics,01_opishnyan_ceramics,True,0.9941066924693408,01_opishnyan_ceramics,03_bubnivka_ceramics,02_ornek,0,train,srcgrp_b30951e6e0850d05,src_global_opn_roundmark_catalog,cup_or_mug,clear,global_cls__c10__source0p5,pair_letterbox_cls_patch__c100__source0p5__blend0p25,pairwise_conditional_logit_blend,pair_letterbox_cls_patch,100.0,0.5,0.25,0.9941066924693408,0.0015204599614491111,0.0038654392807216244,0.00022992370624777862,0.0002774845822408508
img_8bd9151b5deddd16,selection_conditional_full_development_oof_v2,dataset_dev/01_opishnyan_ceramics/o363.png,01_opishnyan_ceramics,01_opishnyan_ceramics,True,0.951526847388223,01_opishnyan_ceramics,02_ornek,04_petrykivka_painting,0,train,srcgrp_b30951e6e0850d05,src_global_opn_roundmark_catalog,unreviewed,unreviewed,global_cls__c10__source0p5,pair_letterbox_cls_patch__c100__source0p5__blend0p25,pairwise_conditional_logit_blend,pair_letterbox_cls_patch,100.0,0.5,0.25,0.951526847388223,0.03876553792676234,0.0002796737230216236,0.006290847470760403,0.0031370934912325326
img_3d5a083a410bb93f,selection_conditional_full_development_oof_v2,dataset_dev/01_opishnyan_ceramics/o364_1.jpg,01_opishnyan_ceramics,01_opishnyan_ceramics,True,0.9440563721887515,01_opishnyan_ceramics,02_ornek,05_kosiv_ceramics,0,train,srcgrp_b30951e6e0850d05,src_global_opn_roundmark_catalog,cup_or_mug,clear,global_cls__c10__source0p5,pair_letterbox_cls_patch__c100__source0p5__blend0p25,pairwise_conditional_logit_blend,pair_letterbox_cls_patch,100.0,0.5,0.25,0.9440563721887515,0.051161483029321234,0.0012402995343630192,0.0008016222182271385,0.0027402230293370666
img_e19d78d4fc7d3ac9,selection_conditional_full_development_oof_v2,dataset_dev/01_opishnyan_ceramics/o364_2.jpg,01_opishnyan_ceramics,01_opishnyan_ceramics,True,0.9735371780415457,01_opishnyan_ceramics,02_ornek,05_kosiv_ceramics,0,train,srcgrp_b30951e6e0850d05,src_global_opn_roundmark_catalog,cup_or_mug,clear,global_cls__c10__source0p5,pair_letterbox_cls_patch__c100__source0p5__blend0p25,pairwise_conditional_logit_blend,pair_letterbox_cls_patch,100.0,0.5,0.25,0.9735371780415457,0.018833594096914735,0.0008702854855413178,0.0010262955305242935,0.005732646845474094
img_21ca6d7a68406cca,selection_conditional_full_development_oof_v2,dataset_dev/01_opishnyan_ceramics/o366_1.jpg,01_opishnyan_ceramics,01_opishnyan_ceramics,True,0.9816167108717664,01_opishnyan_ceramics,02_ornek,03_bubnivka_ceramics,0,train,srcgrp_b30951e6e0850d05,src_global_opn_roundmark_catalog,cup_or_mug,clear,global_cls__c10__source0p5,pair_letterbox_cls_patch__c100__source0p5__blend0p25,pairwise_conditional_logit_blend,pair_letterbox_cls_patch,100.0,0.5,0.25,0.9816167108717664,0.013764851027214541,0.0024834319495846287,0.000786660816077326,0.001348345335357202
img_dff895e8b381565c,selection_conditional_full_development_oof_v2,dataset_dev/01_opishnyan_ceramics/o366_2.jpg,01_opishnyan_ceramics,01_opishnyan_ceramics,True,0.9956517306927934,01_opishnyan_ceramics,03_bubnivka_ceramics,02_ornek,0,train,srcgrp_b30951e6e0850d05,src_global_opn_roundmark_catalog,cup_or_mug,clear,global_cls__c10__source0p5,pair_letterbox_cls_patch__c100__source0p5__blend0p25,pairwise_conditional_logit_blend,pair_letterbox_cls_patch,100.0,0.5,0.25,0.9956517306927934,0.0006591024014112201,0.003168211034462293,0.00036577526857870977,0.00015518060275431298
img_83e46fcfccac2ad7,selection_conditional_full_development_oof_v2,dataset_dev/01_opishnyan_ceramics/o367_1.jpg,01_opishnyan_ceramics,01_opishnyan_ceramics,True,0.9894285705696481,01_opishnyan_ceramics,03_bubnivka_ceramics,02_ornek,0,train,srcgrp_b30951e6e0850d05,src_global_opn_roundmark_catalog,cup_or_mug,clear,global_cls__c10__source0p5,pair_letterbox_cls_patch__c100__source0p5__blend0p25,pairwise_conditional_logit_blend,pair_letterbox_cls_patch,100.0,0.5,0.25,0.9894285705696481,0.0008788638519355718,0.008673230937887915,0.0003047901436131161,0.0007145444969152314
img_be90b72e2adebfe6,selection_conditional_full_development_oof_v2,dataset_dev/01_opishnyan_ceramics/o367_2.jpg,01_opishnyan_ceramics,01_opishnyan_ceramics,True,0.9869327580980107,01_opishnyan_ceramics,03_bubnivka_ceramics,02_ornek,0,train,srcgrp_b30951e6e0850d05,src_global_opn_roundmark_catalog,cup_or_mug,clear,global_cls__c10__source0p5,pair_letterbox_cls_patch__c100__source0p5__blend0p25,pairwise_conditional_logit_blend,pair_letterbox_cls_patch,100.0,0.5,0.25,0.9869327580980107,0.005018112214287948,0.005508736139611868,0.00047957490848864984,0.002060818639600742
img_d9911c963744d26e,selection_conditional_full_development_oof_v2,dataset_dev/01_opishnyan_ceramics/o368_1.jpg,01_opishnyan_ceramics,01_opishnyan_ceramics,True,0.9757790735324917,01_opishnyan_ceramics,02_ornek,03_bubnivka_ceramics,0,train,srcgrp_b30951e6e0850d05,src_global_opn_roundmark_catalog,cup_or_mug,clear,global_cls__c10__source0p5,pair_letterbox_cls_patch__c100__source0p5__blend0p25,pairwise_conditional_logit_blend,pair_letterbox_cls_patch,100.0,0.5,0.25,0.9757790735324917,0.011689269638086865,0.009033560450033978,0.00172392578776999,0.0017741705916173144
img_b900b1b12072cd15,selection_conditional_full_development_oof_v2,dataset_dev/01_opishnyan_ceramics/o368_2.jpg,01_opishnyan_ceramics,01_opishnyan_ceramics,True,0.950375672439319,01_opishnyan_ceramics,03_bubnivka_ceramics,02_ornek,0,train,srcgrp_b30951e6e0850d05,src_global_opn_roundmark_catalog,cup_or_mug,clear,global_cls__c10__source0p5,pair_letterbox_cls_patch__c100__source0p5__blend0p25,pairwise_conditional_logit_blend,pair_letterbox_cls_patch,100.0,0.5,0.25,0.950375672439319,0.021766393374804092,0.022054690371797372,0.0018026046769563393,0.004000639137123154
img_f8226a72a14f37e4,selection_conditional_full_development_oof_v2,dataset_dev/01_opishnyan_ceramics/o370_1.jpg,01_opishnyan_ceramics,01_opishnyan_ceramics,True,0.9542147041989242,01_opishnyan_ceramics,05_kosiv_ceramics,02_ornek,0,train,srcgrp_b30951e6e0850d05,src_global_opn_roundmark_catalog,cup_or_mug,clear,global_cls__c10__source0p5,pair_letterbox_cls_patch__c100__source0p5__blend0p25,pairwise_conditional_logit_blend,pair_letterbox_cls_patch,100.0,0.5,0.25,0.9542147041989242,0.008597562519457884,0.0029514798632426635,0.0034483165677742754,0.030787936850601015
img_af7a366bb7455028,selection_conditional_full_development_oof_v2,dataset_dev/01_opishnyan_ceramics/o370_2.jpg,01_opishnyan_ceramics,01_opishnyan_ceramics,True,0.9668240391879462,01_opishnyan_ceramics,05_kosiv_ceramics,02_ornek,0,train,srcgrp_b30951e6e0850d05,src_global_opn_roundmark_catalog,cup_or_mug,clear,global_cls__c10__source0p5,pair_letterbox_cls_patch__c100__source0p5__blend0p25,pairwise_conditional_logit_blend,pair_letterbox_cls_patch,100.0,0.5,0.25,0.9668240391879462,0.008860017542827413,0.0028803541966841407,0.0009633712639740285,0.020472217808568265
img_c91f0cc2cfb74ca9,selection_conditional_full_development_oof_v2,dataset_dev/01_opishnyan_ceramics/o372_1.jpg,01_opishnyan_ceramics,01_opishnyan_ceramics,True,0.9167365130272636,01_opishnyan_ceramics,05_kosiv_ceramics,02_ornek,0,train,srcgrp_b30951e6e0850d05,src_global_opn_roundmark_catalog,cup_or_mug,clear,global_cls__c10__source0p5,pair_letterbox_cls_patch__c100__source0p5__blend0p25,pairwise_conditional_logit_blend,pair_letterbox_cls_patch,100.0,0.5,0.25,0.9167365130272636,0.007592481780561518,0.0020133018261537616,0.00332134354485859,0.0703363598211625
img_11f38fd40ee8fe25,selection_conditional_full_development_oof_v2,dataset_dev/01_opishnyan_ceramics/o372_2.jpg,01_opishnyan_ceramics,01_opishnyan_ceramics,True,0.885321538305314,01_opishnyan_ceramics,05_kosiv_ceramics,02_ornek,0,train,srcgrp_b30951e6e0850d05,src_global_opn_roundmark_catalog,cup_or_mug,clear,global_cls__c10__source0p5,pair_letterbox_cls_patch__c100__source0p5__blend0p25,pairwise_conditional_logit_blend,pair_letterbox_cls_patch,100.0,0.5,0.25,0.885321538305314,0.006636339930631881,0.005244318816599664,0.005148702359691985,0.09764910058776251
img_55c53c30cba8dc01,selection_conditional_full_development_oof_v2,dataset_dev/01_opishnyan_ceramics/o373_1.jpg,01_opishnyan_ceramics,01_opishnyan_ceramics,True,0.9943493860921098,01_opishnyan_ceramics,02_ornek,04_petrykivka_painting,0,train,srcgrp_b30951e6e0850d05,src_global_opn_roundmark_catalog,cup_or_mug,clear,global_cls__c10__source0p5,pair_letterbox_cls_patch__c100__source0p5__blend0p25,pairwise_conditional_logit_blend,pair_letterbox_cls_patch,100.0,0.5,0.25,0.9943493860921098,0.002355240940767661,0.000931859515908674,0.0015893567862083427,0.000774156665005471
img_93707dbebb89ab73,selection_conditional_full_development_oof_v2,dataset_dev/01_opishnyan_ceramics/o373_2.jpg,01_opishnyan_ceramics,01_opishnyan_ceramics,True,0.9491877863047022,01_opishnyan_ceramics,05_kosiv_ceramics,02_ornek,0,train,srcgrp_b30951e6e0850d05,src_global_opn_roundmark_catalog,cup_or_mug,clear,global_cls__c10__source0p5,pair_letterbox_cls_patch__c100__source0p5__blend0p25,pairwise_conditional_logit_blend,pair_letterbox_cls_patch,100.0,0.5,0.25,0.9491877863047022,0.016126730304442775,0.005112677894706332,0.008864914689669202,0.020707890806479425
img_67bfaf6e55a963f4,selection_conditional_full_development_oof_v2,dataset_dev/01_opishnyan_ceramics/o374_1.jpg,01_opishnyan_ceramics,01_opishnyan_ceramics,True,0.9853539924035011,01_opishnyan_ceramics,05_kosiv_ceramics,02_ornek,0,train,srcgrp_b30951e6e0850d05,src_global_opn_roundmark_catalog,cup_or_mug,clear,global_cls__c10__source0p5,pair_letterbox_cls_patch__c100__source0p5__blend0p25,pairwise_conditional_logit_blend,pair_letterbox_cls_patch,100.0,0.5,0.25,0.9853539924035011,0.005386165560930164,0.0004341848628755494,0.001219244350565874,0.007606412822127299
img_eb2fce7549669d76,selection_conditional_full_development_oof_v2,dataset_dev/01_opishnyan_ceramics/o374_2.jpg,01_opishnyan_ceramics,01_opishnyan_ceramics,True,0.9865937730372177,01_opishnyan_ceramics,04_petrykivka_painting,02_ornek,0,train,srcgrp_b30951e6e0850d05,src_global_opn_roundmark_catalog,cup_or_mug,clear,global_cls__c10__source0p5,pair_letterbox_cls_patch__c100__source0p5__blend0p25,pairwise_conditional_logit_blend,pair_letterbox_cls_patch,100.0,0.5,0.25,0.9865937730372177,0.0037280555161529187,0.002725424190080432,0.004076363945995173,0.0028763833105537725
img_2b9ab68e2321d4eb,selection_conditional_full_development_oof_v2,dataset_dev/01_opishnyan_ceramics/o375_2.jpg,01_opishnyan_ceramics,01_opishnyan_ceramics,True,0.9719600291160431,01_opishnyan_ceramics,05_kosiv_ceramics,03_bubnivka_ceramics,0,train,srcgrp_b30951e6e0850d05,src_global_opn_roundmark_catalog,cup_or_mug,clear,global_cls__c10__source0p5,pair_letterbox_cls_patch__c100__source0p5__blend0p25,pairwise_conditional_logit_blend,pair_letterbox_cls_patch,100.0,0.5,0.25,0.9719600291160431,0.00523744268272615,0.005759013588835521,0.002031073396243863,0.015012441216151367
img_75759a575b270237,selection_conditional_full_development_oof_v2,dataset_dev/01_opishnyan_ceramics/o376_1.jpg,01_opishnyan_ceramics,01_opishnyan_ceramics,True,0.901987968795222,01_opishnyan_ceramics,05_kosiv_ceramics,02_ornek,0,train,srcgrp_b30951e6e0850d05,src_global_opn_roundmark_catalog,cup_or_mug,clear,global_cls__c10__source0p5,pair_letterbox_cls_patch__c100__source0p5__blend0p25,pairwise_conditional_logit_blend,pair_letterbox_cls_patch,100.0,0.5,0.25,0.901987968795222,0.035639831172537446,0.008516830090201806,0.002398272126212605,0.05145709781582612
img_a49cd2b6f6992399,selection_conditional_full_development_oof_v2,dataset_dev/01_opishnyan_ceramics/o376_2.jpg,01_opishnyan_ceramics,01_opishnyan_ceramics,True,0.9527221969106038,01_opishnyan_ceramics,05_kosiv_ceramics,02_ornek,0,train,srcgrp_b30951e6e0850d05,src_global_opn_roundmark_catalog,cup_or_mug,clear,global_cls__c10__source0p5,pair_letterbox_cls_patch__c100__source0p5__blend0p25,pairwise_conditional_logit_blend,pair_letterbox_cls_patch,100.0,0.5,0.25,0.9527221969106038,0.01239153943969121,0.00731296218207357,0.0016576968936802925,0.025915604573950944
img_9799c7b44a442e8b,selection_conditional_full_development_oof_v2,dataset_dev/01_opishnyan_ceramics/o376_3.jpg,01_opishnyan_ceramics,01_opishnyan_ceramics,True,0.9562206924781976,01_opishnyan_ceramics,05_kosiv_ceramics,02_ornek,0,train,srcgrp_b30951e6e0850d05,src_global_opn_roundmark_catalog,cup_or_mug,clear,global_cls__c10__source0p5,pair_letterbox_cls_patch__c100__source0p5__blend0p25,pairwise_conditional_logit_blend,pair_letterbox_cls_patch,100.0,0.5,0.25,0.9562206924781976,0.008003650903803936,0.005406043622628436,0.0022337164911304637,0.028135896504239654
img_bbd236a1de7ff5f0,selection_conditional_full_development_oof_v2,dataset_dev/01_opishnyan_ceramics/o376_4.jpg,01_opishnyan_ceramics,01_opishnyan_ceramics,True,0.9851590119399508,01_opishnyan_ceramics,05_kosiv_ceramics,03_bubnivka_ceramics,0,train,srcgrp_b30951e6e0850d05,src_global_opn_roundmark_catalog,cup_or_mug,clear,global_cls__c10__source0p5,pair_letterbox_cls_patch__c100__source0p5__blend0p25,pairwise_conditional_logit_blend,pair_letterbox_cls_patch,100.0,0.5,0.25,0.9851590119399508,0.0024207103552309184,0.0025772372061193902,0.0023502503958560935,0.007492790102842743
img_e0d78cc1dc305af8,selection_conditional_full_development_oof_v2,dataset_dev/01_opishnyan_ceramics/o376_5.jpg,01_opishnyan_ceramics,01_opishnyan_ceramics,True,0.954313334334316,01_opishnyan_ceramics,05_kosiv_ceramics,02_ornek,0,train,srcgrp_b30951e6e0850d05,src_global_opn_roundmark_catalog,plate_or_bowl,clear,global_cls__c10__source0p5,pair_letterbox_cls_patch__c100__source0p5__blend0p25,pairwise_conditional_logit_blend,pair_letterbox_cls_patch,100.0,0.5,0.25,0.954313334334316,0.017933107342876786,0.0018506712947891388,0.004901117868074472,0.02100176915994381
img_16cd80834f899481,selection_conditional_full_development_oof_v2,dataset_dev/01_opishnyan_ceramics/o377_1.jpg,01_opishnyan_ceramics,01_opishnyan_ceramics,True,0.9724051566383052,01_opishnyan_ceramics,05_kosiv_ceramics,03_bubnivka_ceramics,0,train,srcgrp_b30951e6e0850d05,src_global_opn_roundmark_catalog,cup_or_mug,clear,global_cls__c10__source0p5,pair_letterbox_cls_patch__c100__source0p5__blend0p25,pairwise_conditional_logit_blend,pair_letterbox_cls_patch,100.0,0.5,0.25,0.9724051566383052,0.004034006037485282,0.0056175273068272006,0.0005125680713962718,0.017430741945986004
img_0defb60f9d94bcce,selection_conditional_full_development_oof_v2,dataset_dev/01_opishnyan_ceramics/o377_2.jpg,01_opishnyan_ceramics,01_opishnyan_ceramics,True,0.9536985612113168,01_opishnyan_ceramics,03_bubnivka_ceramics,05_kosiv_ceramics,0,train,srcgrp_b30951e6e0850d05,src_global_opn_roundmark_catalog,cup_or_mug,clear,global_cls__c10__source0p5,pair_letterbox_cls_patch__c100__source0p5__blend0p25,pairwise_conditional_logit_blend,pair_letterbox_cls_patch,100.0,0.5,0.25,0.9536985612113168,0.006159416974800131,0.025429867028782745,0.0007268156180952938,0.013985339167005187
img_75f90ed598c0000c,selection_conditional_full_development_oof_v2,dataset_dev/01_opishnyan_ceramics/o378_1.jpg,01_opishnyan_ceramics,01_opishnyan_ceramics,True,0.9682738737076545,01_opishnyan_ceramics,05_kosiv_ceramics,03_bubnivka_ceramics,0,train,srcgrp_b30951e6e0850d05,src_global_opn_roundmark_catalog,cup_or_mug,clear,global_cls__c10__source0p5,pair_letterbox_cls_patch__c100__source0p5__blend0p25,pairwise_conditional_logit_blend,pair_letterbox_cls_patch,100.0,0.5,0.25,0.9682738737076545,0.005435988767572753,0.011365954184893636,0.0005682397077512121,0.014355943632128013
img_e115d071d69dceb4,selection_conditional_full_development_oof_v2,dataset_dev/01_opishnyan_ceramics/o378_2.jpg,01_opishnyan_ceramics,01_opishnyan_ceramics,True,0.9902736196493361,01_opishnyan_ceramics,03_bubnivka_ceramics,02_ornek,0,train,srcgrp_b30951e6e0850d05,src_global_opn_roundmark_catalog,cup_or_mug,clear,global_cls__c10__source0p5,pair_letterbox_cls_patch__c100__source0p5__blend0p25,pairwise_conditional_logit_blend,pair_letterbox_cls_patch,100.0,0.5,0.25,0.9902736196493361,0.0016666915279874117,0.00659438572300724,0.00027206027071219384,0.0011932428289570763
img_fd4693a6cc75206d,selection_conditional_full_development_oof_v2,dataset_dev/01_opishnyan_ceramics/o380_1.jpg,01_opishnyan_ceramics,01_opishnyan_ceramics,True,0.9965621692140565,01_opishnyan_ceramics,03_bubnivka_ceramics,02_ornek,0,train,srcgrp_b30951e6e0850d05,src_global_opn_roundmark_catalog,figurine_or_sculpture,clear,global_cls__c10__source0p5,pair_letterbox_cls_patch__c100__source0p5__blend0p25,pairwise_conditional_logit_blend,pair_letterbox_cls_patch,100.0,0.5,0.25,0.9965621692140565,0.001173028490797952,0.0016123539703799409,0.0002952916688505182,0.00035715665591526077
img_e377cd845bc8f23b,selection_conditional_full_development_oof_v2,dataset_dev/01_opishnyan_ceramics/o380_2.jpg,01_opishnyan_ceramics,01_opishnyan_ceramics,True,0.9978039954618304,01_opishnyan_ceramics,03_bubnivka_ceramics,04_petrykivka_painting,0,train,srcgrp_b30951e6e0850d05,src_global_opn_roundmark_catalog,figurine_or_sculpture,clear,global_cls__c10__source0p5,pair_letterbox_cls_patch__c100__source0p5__blend0p25,pairwise_conditional_logit_blend,pair_letterbox_cls_patch,100.0,0.5,0.25,0.9978039954618304,0.0003143096342075918,0.0010850950114536437,0.0006661997945793396,0.00013040009792887247
img_667d2e7447b2e402,selection_conditional_full_development_oof_v2,dataset_dev/01_opishnyan_ceramics/o381_1.jpg,01_opishnyan_ceramics,01_opishnyan_ceramics,True,0.985278890606864,01_opishnyan_ceramics,03_bubnivka_ceramics,05_kosiv_ceramics,0,train,srcgrp_b30951e6e0850d05,src_global_opn_roundmark_catalog,figurine_or_sculpture,clear,global_cls__c10__source0p5,pair_letterbox_cls_patch__c100__source0p5__blend0p25,pairwise_conditional_logit_blend,pair_letterbox_cls_patch,100.0,0.5,0.25,0.985278890606864,0.00026878248238100213,0.0108706869862829,0.0010219404138260139,0.00255969951064595
img_e460b3015c946bc3,selection_conditional_full_development_oof_v2,dataset_dev/01_opishnyan_ceramics/o381_2.jpg,01_opishnyan_ceramics,01_opishnyan_ceramics,True,0.9518895436483039,01_opishnyan_ceramics,03_bubnivka_ceramics,05_kosiv_ceramics,0,train,srcgrp_b30951e6e0850d05,src_global_opn_roundmark_catalog,figurine_or_sculpture,clear,global_cls__c10__source0p5,pair_letterbox_cls_patch__c100__source0p5__blend0p25,pairwise_conditional_logit_blend,pair_letterbox_cls_patch,100.0,0.5,0.25,0.9518895436483039,0.0005008320452254709,0.02960862029266368,0.001177593540716052,0.016823410473090942
img_cbce41440de0a309,selection_conditional_full_development_oof_v2,dataset_dev/01_opishnyan_ceramics/o381_3.jpg,01_opishnyan_ceramics,01_opishnyan_ceramics,True,0.9620993391433573,01_opishnyan_ceramics,03_bubnivka_ceramics,05_kosiv_ceramics,0,train,srcgrp_b30951e6e0850d05,src_global_opn_roundmark_catalog,figurine_or_sculpture,clear,global_cls__c10__source0p5,pair_letterbox_cls_patch__c100__source0p5__blend0p25,pairwise_conditional_logit_blend,pair_letterbox_cls_patch,100.0,0.5,0.25,0.9620993391433573,0.00060374190830321,0.019180379608760005,0.0007390184445444116,0.01737752089503504
img_7f5a3ceccb0977e0,selection_conditional_full_development_oof_v2,dataset_dev/01_opishnyan_ceramics/o382_1.jpg,01_opishnyan_ceramics,01_opishnyan_ceramics,True,0.9935223018381629,01_opishnyan_ceramics,02_ornek,05_kosiv_ceramics,0,train,srcgrp_b30951e6e0850d05,src_global_opn_roundmark_catalog,figurine_or_sculpture,clear,global_cls__c10__source0p5,pair_letterbox_cls_patch__c100__source0p5__blend0p25,pairwise_conditional_logit_blend,pair_letterbox_cls_patch,100.0,0.5,0.25,0.9935223018381629,0.0029248593726041703,0.0013293698968504725,0.00040782726370717777,0.0018156416286752475
img_ff3d5e30507ccdd3,selection_conditional_full_development_oof_v2,dataset_dev/01_opishnyan_ceramics/o382_2.jpg,01_opishnyan_ceramics,01_opishnyan_ceramics,True,0.9958402071505389,01_opishnyan_ceramics,02_ornek,05_kosiv_ceramics,0,train,srcgrp_b30951e6e0850d05,src_global_opn_roundmark_catalog,figurine_or_sculpture,clear,global_cls__c10__source0p5,pair_letterbox_cls_patch__c100__source0p5__blend0p25,pairwise_conditional_logit_blend,pair_letterbox_cls_patch,100.0,0.5,0.25,0.9958402071505389,0.0021935593206249882,0.0006524035470440327,0.000526834323473285,0.0007869956583189645
img_c994b5180889800d,selection_conditional_full_development_oof_v2,dataset_dev/01_opishnyan_ceramics/o382_3.jpg,01_opishnyan_ceramics,01_opishnyan_ceramics,True,0.9954490571887908,01_opishnyan_ceramics,02_ornek,03_bubnivka_ceramics,0,train,srcgrp_b30951e6e0850d05,src_global_opn_roundmark_catalog,figurine_or_sculpture,clear,global_cls__c10__source0p5,pair_letterbox_cls_patch__c100__source0p5__blend0p25,pairwise_conditional_logit_blend,pair_letterbox_cls_patch,100.0,0.5,0.25,0.9954490571887908,0.0018128007752502228,0.0012360184575217615,0.0006291288904453366,0.0008729946879920986
img_6fddc613fdeb9269,selection_conditional_full_development_oof_v2,dataset_dev/01_opishnyan_ceramics/o383_1.jpg,01_opishnyan_ceramics,01_opishnyan_ceramics,True,0.9513900905048679,01_opishnyan_ceramics,05_kosiv_ceramics,02_ornek,0,train,srcgrp_b30951e6e0850d05,src_global_opn_roundmark_catalog,vase_jug_or_vessel,clear,global_cls__c10__source0p5,pair_letterbox_cls_patch__c100__source0p5__blend0p25,pairwise_conditional_logit_blend,pair_letterbox_cls_patch,100.0,0.5,0.25,0.9513900905048679,0.017318218469073922,0.005140657380521107,0.003318170755266703,0.022832862890270405
img_0cdd398c23cc0673,selection_conditional_full_development_oof_v2,dataset_dev/01_opishnyan_ceramics/o383_2.jpg,01_opishnyan_ceramics,01_opishnyan_ceramics,True,0.9256408466428123,01_opishnyan_ceramics,05_kosiv_ceramics,04_petrykivka_painting,0,train,srcgrp_b30951e6e0850d05,src_global_opn_roundmark_catalog,vase_jug_or_vessel,clear,global_cls__c10__source0p5,pair_letterbox_cls_patch__c100__source0p5__blend0p25,pairwise_conditional_logit_blend,pair_letterbox_cls_patch,100.0,0.5,0.25,0.9256408466428123,0.01090499816988289,0.0032456818524897795,0.014298874668606982,0.04590959866620814
img_d264fd627ee86532,selection_conditional_full_development_oof_v2,dataset_test/01_opishnyan_ceramics/o063.jpg,01_opishnyan_ceramics,01_opishnyan_ceramics,True,0.667630962455141,01_opishnyan_ceramics,03_bubnivka_ceramics,05_kosiv_ceramics,4,train,obj_single_d264fd627ee86532,,unreviewed,unreviewed,global_cls__c10__source0p5,pair_letterbox_cls_patch__c100__source0p5__blend0p25,pairwise_conditional_logit_blend,pair_letterbox_cls_patch,100.0,0.5,0.25,0.667630962455141,0.015037304010046618,0.27972534580288244,0.00509198394408341,0.03251440378784658
img_061fe0488f99ea72,selection_conditional_full_development_oof_v2,dataset_test/01_opishnyan_ceramics/o064.jpg,01_opishnyan_ceramics,01_opishnyan_ceramics,True,0.6082930441036216,01_opishnyan_ceramics,03_bubnivka_ceramics,02_ornek,4,train,obj_single_061fe0488f99ea72,,unreviewed,unreviewed,global_cls__c10__source0p5,pair_letterbox_cls_patch__c100__source0p5__blend0p25,pairwise_conditional_logit_blend,pair_letterbox_cls_patch,100.0,0.5,0.25,0.6082930441036216,0.006452078571511704,0.38165628419199343,0.0015708529055213256,0.002027740227351872
img_a0eda321a1f3bc6e,selection_conditional_full_development_oof_v2,dataset_test/01_opishnyan_ceramics/o068.jpeg,01_opishnyan_ceramics,01_opishnyan_ceramics,True,0.74013242798745,01_opishnyan_ceramics,03_bubnivka_ceramics,02_ornek,1,train,obj_single_a0eda321a1f3bc6e,,unreviewed,unreviewed,global_cls__c10__source0p5,pair_letterbox_cls_patch__c100__source0p5__blend0p25,pairwise_conditional_logit_blend,pair_letterbox_cls_patch,100.0,0.5,0.25,0.74013242798745,0.04546590807802458,0.17849045614460973,0.03083282082665692,0.005078386963258839
img_c1e6c88153f13fb6,selection_conditional_full_development_oof_v2,dataset_test/01_opishnyan_ceramics/o069.jpeg,01_opishnyan_ceramics,01_opishnyan_ceramics,True,0.9349847805475194,01_opishnyan_ceramics,05_kosiv_ceramics,03_bubnivka_ceramics,1,train,obj_single_c1e6c88153f13fb6,,unreviewed,unreviewed,global_cls__c10__source0p5,pair_letterbox_cls_patch__c100__source0p5__blend0p25,pairwise_conditional_logit_blend,pair_letterbox_cls_patch,100.0,0.5,0.25,0.9349847805475194,0.00200117319679145,0.014916368082554088,0.002086765753780966,0.04601091241935392
img_8caef1f8888b9e34,selection_conditional_full_development_oof_v2,dataset_test/01_opishnyan_ceramics/o071.jpg,01_opishnyan_ceramics,03_bubnivka_ceramics,False,0.47117167025420065,03_bubnivka_ceramics,04_petrykivka_painting,01_opishnyan_ceramics,4,train,obj_single_8caef1f8888b9e34,,unreviewed,unreviewed,global_cls__c10__source0p5,pair_letterbox_cls_patch__c100__source0p5__blend0p25,pairwise_conditional_logit_blend,pair_letterbox_cls_patch,100.0,0.5,0.25,0.20231019759493854,0.07266084600002509,0.47117167025420065,0.24242168682596016,0.011435599324875517
img_9f99e3d62c5be863,selection_conditional_full_development_oof_v2,dataset_test/01_opishnyan_ceramics/o073.jpg,01_opishnyan_ceramics,03_bubnivka_ceramics,False,0.9480694425152433,03_bubnivka_ceramics,01_opishnyan_ceramics,02_ornek,4,train,obj_single_9f99e3d62c5be863,,unreviewed,unreviewed,global_cls__c10__source0p5,pair_letterbox_cls_patch__c100__source0p5__blend0p25,pairwise_conditional_logit_blend,pair_letterbox_cls_patch,100.0,0.5,0.25,0.021539902758326884,0.01691974923959004,0.9480694425152433,0.0019680542008556428,0.011502851285984293
img_028cc73cac919d86,selection_conditional_full_development_oof_v2,dataset_test/01_opishnyan_ceramics/o074.jpg,01_opishnyan_ceramics,01_opishnyan_ceramics,True,0.6735550044379964,01_opishnyan_ceramics,02_ornek,05_kosiv_ceramics,4,train,obj_single_028cc73cac919d86,,unreviewed,unreviewed,global_cls__c10__source0p5,pair_letterbox_cls_patch__c100__source0p5__blend0p25,pairwise_conditional_logit_blend,pair_letterbox_cls_patch,100.0,0.5,0.25,0.6735550044379964,0.17079021739043995,0.02100272710210007,0.01024562251900294,0.12440642855046061
img_5f8af8acc3f92fdb,selection_conditional_full_development_oof_v2,dataset_test/01_opishnyan_ceramics/o075.jpg,01_opishnyan_ceramics,03_bubnivka_ceramics,False,0.7499180362273632,03_bubnivka_ceramics,02_ornek,01_opishnyan_ceramics,4,train,obj_single_5f8af8acc3f92fdb,,unreviewed,unreviewed,global_cls__c10__source0p5,pair_letterbox_cls_patch__c100__source0p5__blend0p25,pairwise_conditional_logit_blend,pair_letterbox_cls_patch,100.0,0.5,0.25,0.048175357387575564,0.19250573308374933,0.7499180362273632,0.0034385294360982695,0.005962343865213681
img_014f671a94192289,selection_conditional_full_development_oof_v2,dataset_test/01_opishnyan_ceramics/o078.jpg,01_opishnyan_ceramics,01_opishnyan_ceramics,True,0.8785292264394906,01_opishnyan_ceramics,05_kosiv_ceramics,03_bubnivka_ceramics,4,train,src_manual_076,,figurine_or_sculpture,clear,global_cls__c10__source0p5,pair_letterbox_cls_patch__c100__source0p5__blend0p25,pairwise_conditional_logit_blend,pair_letterbox_cls_patch,100.0,0.5,0.25,0.8785292264394906,0.0033968066092986094,0.013775330858815098,0.004910751685886813,0.09938788440650888
img_808d9e1809e6fdda,selection_conditional_full_development_oof_v2,dataset_test/01_opishnyan_ceramics/o081.jpg,01_opishnyan_ceramics,03_bubnivka_ceramics,False,0.9580694556460516,03_bubnivka_ceramics,01_opishnyan_ceramics,05_kosiv_ceramics,1,train,obj_single_808d9e1809e6fdda,,unreviewed,unreviewed,global_cls__c10__source0p5,pair_letterbox_cls_patch__c100__source0p5__blend0p25,pairwise_conditional_logit_blend,pair_letterbox_cls_patch,100.0,0.5,0.25,0.03580730633596523,0.00284394974361891,0.9580694556460516,0.0003234932900988397,0.002955794984265663
img_524f04addec14305,selection_conditional_full_development_oof_v2,dataset_test/01_opishnyan_ceramics/o082.jpg,01_opishnyan_ceramics,01_opishnyan_ceramics,True,0.8793119778778888,01_opishnyan_ceramics,03_bubnivka_ceramics,02_ornek,4,train,obj_single_524f04addec14305,,unreviewed,unreviewed,global_cls__c10__source0p5,pair_letterbox_cls_patch__c100__source0p5__blend0p25,pairwise_conditional_logit_blend,pair_letterbox_cls_patch,100.0,0.5,0.25,0.8793119778778888,0.0521542850052231,0.05301642392773333,0.005798135518627377,0.009719177670527341
img_ebd722710dc86130,selection_conditional_full_development_oof_v2,dataset_test/01_opishnyan_ceramics/o083.jpg,01_opishnyan_ceramics,03_bubnivka_ceramics,False,0.6703230112062695,03_bubnivka_ceramics,01_opishnyan_ceramics,04_petrykivka_painting,4,train,obj_single_ebd722710dc86130,,unreviewed,unreviewed,global_cls__c10__source0p5,pair_letterbox_cls_patch__c100__source0p5__blend0p25,pairwise_conditional_logit_blend,pair_letterbox_cls_patch,100.0,0.5,0.25,0.14376056177029944,0.03735905109237206,0.6703230112062695,0.14028073112305905,0.008276644808000012
img_296fc5933b2e9ad7,selection_conditional_full_development_oof_v2,dataset_test/01_opishnyan_ceramics/o084.jpg,01_opishnyan_ceramics,03_bubnivka_ceramics,False,0.5700824258840448,03_bubnivka_ceramics,01_opishnyan_ceramics,05_kosiv_ceramics,4,train,obj_single_296fc5933b2e9ad7,,unreviewed,unreviewed,global_cls__c10__source0p5,pair_letterbox_cls_patch__c100__source0p5__blend0p25,pairwise_conditional_logit_blend,pair_letterbox_cls_patch,100.0,0.5,0.25,0.3586866161342487,0.030230953328198713,0.5700824258840448,0.010217864295721914,0.03078214035778596
img_8c89f52d4cd2d9e9,selection_conditional_full_development_oof_v2,dataset_test/01_opishnyan_ceramics/o085.jpg,01_opishnyan_ceramics,01_opishnyan_ceramics,True,0.8380931625340644,01_opishnyan_ceramics,03_bubnivka_ceramics,05_kosiv_ceramics,2,train,srcgrp_4816dd56c8688495,src_global_opn_museum_display_logo,unreviewed,unreviewed,global_cls__c10__source0p5,pair_letterbox_cls_patch__c100__source0p5__blend0p25,pairwise_conditional_logit_blend,pair_letterbox_cls_patch,100.0,0.5,0.25,0.8380931625340644,0.0021247572538808566,0.13540486922247427,0.0017777115077208725,0.022599499481859377
img_e3dc9280b439e054,selection_conditional_full_development_oof_v2,dataset_test/01_opishnyan_ceramics/o086.jpg,01_opishnyan_ceramics,01_opishnyan_ceramics,True,0.7795766785782059,01_opishnyan_ceramics,03_bubnivka_ceramics,05_kosiv_ceramics,2,train,srcgrp_4816dd56c8688495,src_global_opn_museum_display_logo,unreviewed,unreviewed,global_cls__c10__source0p5,pair_letterbox_cls_patch__c100__source0p5__blend0p25,pairwise_conditional_logit_blend,pair_letterbox_cls_patch,100.0,0.5,0.25,0.7795766785782059,0.005253387215790947,0.18544586279381098,0.0005228590770782424,0.029201212335114062
img_33f2b9609d8f9b35,selection_conditional_full_development_oof_v2,dataset_test/01_opishnyan_ceramics/o087.jpg,01_opishnyan_ceramics,01_opishnyan_ceramics,True,0.9971054330460744,01_opishnyan_ceramics,03_bubnivka_ceramics,02_ornek,2,train,srcgrp_4816dd56c8688495,src_global_opn_museum_display_logo,unreviewed,unreviewed,global_cls__c10__source0p5,pair_letterbox_cls_patch__c100__source0p5__blend0p25,pairwise_conditional_logit_blend,pair_letterbox_cls_patch,100.0,0.5,0.25,0.9971054330460744,0.0008238627891619798,0.0016266515803164258,0.00010798956410702499,0.0003360630203401876
img_2f51825850666e39,selection_conditional_full_development_oof_v2,dataset_test/01_opishnyan_ceramics/o088.jpg,01_opishnyan_ceramics,01_opishnyan_ceramics,True,0.9940336956446294,01_opishnyan_ceramics,03_bubnivka_ceramics,05_kosiv_ceramics,2,train,srcgrp_4816dd56c8688495,src_global_opn_museum_display_logo,unreviewed,unreviewed,global_cls__c10__source0p5,pair_letterbox_cls_patch__c100__source0p5__blend0p25,pairwise_conditional_logit_blend,pair_letterbox_cls_patch,100.0,0.5,0.25,0.9940336956446294,0.00037549094947984276,0.0041652175878018885,0.00033505259946112843,0.0010905432186277659
img_d7f521f324d95cf8,selection_conditional_full_development_oof_v2,dataset_test/01_opishnyan_ceramics/o089.jpg,01_opishnyan_ceramics,01_opishnyan_ceramics,True,0.7534428526129313,01_opishnyan_ceramics,05_kosiv_ceramics,02_ornek,2,train,srcgrp_4816dd56c8688495,src_global_opn_museum_display_logo,unreviewed,unreviewed,global_cls__c10__source0p5,pair_letterbox_cls_patch__c100__source0p5__blend0p25,pairwise_conditional_logit_blend,pair_letterbox_cls_patch,100.0,0.5,0.25,0.7534428526129313,0.0943982829039458,0.016167534856563616,0.007963946966411228,0.128027382660148
img_e4c1ef826f8ac577,selection_conditional_full_development_oof_v2,dataset_test/01_opishnyan_ceramics/o090.jpg,01_opishnyan_ceramics,01_opishnyan_ceramics,True,0.978063755545986,01_opishnyan_ceramics,03_bubnivka_ceramics,02_ornek,2,train,srcgrp_4816dd56c8688495,src_global_opn_museum_display_logo,unreviewed,unreviewed,global_cls__c10__source0p5,pair_letterbox_cls_patch__c100__source0p5__blend0p25,pairwise_conditional_logit_blend,pair_letterbox_cls_patch,100.0,0.5,0.25,0.978063755545986,0.004478128909740661,0.014113705553751823,0.0005960815152991649,0.0027483284752222925
img_cf83c0cd58243ec7,selection_conditional_full_development_oof_v2,dataset_test/01_opishnyan_ceramics/o091.jpg,01_opishnyan_ceramics,01_opishnyan_ceramics,True,0.900199620476645,01_opishnyan_ceramics,02_ornek,03_bubnivka_ceramics,2,train,srcgrp_4816dd56c8688495,src_global_opn_museum_display_logo,unreviewed,unreviewed,global_cls__c10__source0p5,pair_letterbox_cls_patch__c100__source0p5__blend0p25,pairwise_conditional_logit_blend,pair_letterbox_cls_patch,100.0,0.5,0.25,0.900199620476645,0.043284760888828454,0.04226409649593813,0.0013418627059649504,0.012909659432623477
img_13d03e8dbd584dc2,selection_conditional_full_development_oof_v2,dataset_test/01_opishnyan_ceramics/o092.jpg,01_opishnyan_ceramics,01_opishnyan_ceramics,True,0.975078205029034,01_opishnyan_ceramics,05_kosiv_ceramics,03_bubnivka_ceramics,2,train,srcgrp_4816dd56c8688495,src_global_opn_museum_display_logo,unreviewed,unreviewed,global_cls__c10__source0p5,pair_letterbox_cls_patch__c100__source0p5__blend0p25,pairwise_conditional_logit_blend,pair_letterbox_cls_patch,100.0,0.5,0.25,0.975078205029034,0.0002667104956875829,0.006353556632874118,0.00012911814664889543,0.018172409695755662
img_1fa235c0f0c9b41a,selection_conditional_full_development_oof_v2,dataset_test/01_opishnyan_ceramics/o093.jpg,01_opishnyan_ceramics,01_opishnyan_ceramics,True,0.7013683414529245,01_opishnyan_ceramics,05_kosiv_ceramics,03_bubnivka_ceramics,2,train,srcgrp_4816dd56c8688495,src_global_opn_museum_display_logo,unreviewed,unreviewed,global_cls__c10__source0p5,pair_letterbox_cls_patch__c100__source0p5__blend0p25,pairwise_conditional_logit_blend,pair_letterbox_cls_patch,100.0,0.5,0.25,0.7013683414529245,0.0525895954066537,0.06234891935086208,0.01680379629217601,0.16688934749738385
img_ab63166b65665a7c,selection_conditional_full_development_oof_v2,dataset_test/01_opishnyan_ceramics/o095.jpg,01_opishnyan_ceramics,01_opishnyan_ceramics,True,0.9933549338127555,01_opishnyan_ceramics,05_kosiv_ceramics,02_ornek,2,train,srcgrp_4816dd56c8688495,src_global_opn_museum_display_logo,unreviewed,unreviewed,global_cls__c10__source0p5,pair_letterbox_cls_patch__c100__source0p5__blend0p25,pairwise_conditional_logit_blend,pair_letterbox_cls_patch,100.0,0.5,0.25,0.9933549338127555,0.002448831590223523,0.0008291137512633433,0.000383353931323635,0.002983766914433992
img_109761f0027c4b2c,selection_conditional_full_development_oof_v2,dataset_test/01_opishnyan_ceramics/o096.jpg,01_opishnyan_ceramics,01_opishnyan_ceramics,True,0.9726680335896454,01_opishnyan_ceramics,02_ornek,05_kosiv_ceramics,2,train,srcgrp_4816dd56c8688495,src_global_opn_museum_display_logo,unreviewed,unreviewed,global_cls__c10__source0p5,pair_letterbox_cls_patch__c100__source0p5__blend0p25,pairwise_conditional_logit_blend,pair_letterbox_cls_patch,100.0,0.5,0.25,0.9726680335896454,0.015249040880684177,0.0055005921786262305,0.0007722467128955682,0.0058100866381484515
img_e7f044337956aa91,selection_conditional_full_development_oof_v2,dataset_test/01_opishnyan_ceramics/o098.jpg,01_opishnyan_ceramics,01_opishnyan_ceramics,True,0.7583636971437462,01_opishnyan_ceramics,03_bubnivka_ceramics,05_kosiv_ceramics,2,train,srcgrp_4816dd56c8688495,src_global_opn_museum_display_logo,unreviewed,unreviewed,global_cls__c10__source0p5,pair_letterbox_cls_patch__c100__source0p5__blend0p25,pairwise_conditional_logit_blend,pair_letterbox_cls_patch,100.0,0.5,0.25,0.7583636971437462,0.003199390174747766,0.20752729811351214,0.0006451935699190783,0.030264420998074904
img_25d05e8760253590,selection_conditional_full_development_oof_v2,dataset_test/01_opishnyan_ceramics/o099.jpg,01_opishnyan_ceramics,01_opishnyan_ceramics,True,0.9798550153697626,01_opishnyan_ceramics,05_kosiv_ceramics,02_ornek,2,train,srcgrp_4816dd56c8688495,src_global_opn_museum_display_logo,unreviewed,unreviewed,global_cls__c10__source0p5,pair_letterbox_cls_patch__c100__source0p5__blend0p25,pairwise_conditional_logit_blend,pair_letterbox_cls_patch,100.0,0.5,0.25,0.9798550153697626,0.00748363578281551,0.003448028812658763,0.001319067888009676,0.007894252146753544
img_8902392409bb3a70,selection_conditional_full_development_oof_v2,dataset_test/01_opishnyan_ceramics/o104.jpg,01_opishnyan_ceramics,01_opishnyan_ceramics,True,0.9784389108904579,01_opishnyan_ceramics,03_bubnivka_ceramics,05_kosiv_ceramics,2,train,srcgrp_4816dd56c8688495,src_global_opn_museum_display_logo,unreviewed,unreviewed,global_cls__c10__source0p5,pair_letterbox_cls_patch__c100__source0p5__blend0p25,pairwise_conditional_logit_blend,pair_letterbox_cls_patch,100.0,0.5,0.25,0.9784389108904579,0.00033558433510402324,0.016828783806164347,0.0016082344641840884,0.0027884865040897237
img_d02bdb53fd9e91a3,selection_conditional_full_development_oof_v2,dataset_test/01_opishnyan_ceramics/o105.jpg,01_opishnyan_ceramics,01_opishnyan_ceramics,True,0.9786258579037198,01_opishnyan_ceramics,03_bubnivka_ceramics,05_kosiv_ceramics,2,train,srcgrp_4816dd56c8688495,src_global_opn_museum_display_logo,unreviewed,unreviewed,global_cls__c10__source0p5,pair_letterbox_cls_patch__c100__source0p5__blend0p25,pairwise_conditional_logit_blend,pair_letterbox_cls_patch,100.0,0.5,0.25,0.9786258579037198,0.0009425826001547983,0.011453358410749008,0.00087043321842448,0.00810776786695172
img_2521aad37ecbe1d0,selection_conditional_full_development_oof_v2,dataset_test/01_opishnyan_ceramics/o106.jpg,01_opishnyan_ceramics,01_opishnyan_ceramics,True,0.9883730542388204,01_opishnyan_ceramics,02_ornek,03_bubnivka_ceramics,2,train,srcgrp_4816dd56c8688495,src_global_opn_museum_display_logo,unreviewed,unreviewed,global_cls__c10__source0p5,pair_letterbox_cls_patch__c100__source0p5__blend0p25,pairwise_conditional_logit_blend,pair_letterbox_cls_patch,100.0,0.5,0.25,0.9883730542388204,0.006135304371322945,0.0030329141239041043,0.0012046927030262187,0.0012540345629263126
img_4564db1dbe16c66e,selection_conditional_full_development_oof_v2,dataset_test/01_opishnyan_ceramics/o107.jpg,01_opishnyan_ceramics,01_opishnyan_ceramics,True,0.9311808439935388,01_opishnyan_ceramics,03_bubnivka_ceramics,05_kosiv_ceramics,2,train,srcgrp_4816dd56c8688495,src_global_opn_museum_display_logo,unreviewed,unreviewed,global_cls__c10__source0p5,pair_letterbox_cls_patch__c100__source0p5__blend0p25,pairwise_conditional_logit_blend,pair_letterbox_cls_patch,100.0,0.5,0.25,0.9311808439935388,0.0042060360419260215,0.03202976199793792,0.01625112420077141,0.01633223376582579
img_399a7cf11615b6a8,selection_conditional_full_development_oof_v2,dataset_test/01_opishnyan_ceramics/o108.jpg,01_opishnyan_ceramics,01_opishnyan_ceramics,True,0.8961192412834765,01_opishnyan_ceramics,03_bubnivka_ceramics,05_kosiv_ceramics,2,train,srcgrp_4816dd56c8688495,src_global_opn_museum_display_logo,unreviewed,unreviewed,global_cls__c10__source0p5,pair_letterbox_cls_patch__c100__source0p5__blend0p25,pairwise_conditional_logit_blend,pair_letterbox_cls_patch,100.0,0.5,0.25,0.8961192412834765,0.0036235311248227413,0.08373218704259756,0.004532496426768154,0.01199254412233494
img_d7ca34acd9b2d022,selection_conditional_full_development_oof_v2,dataset_test/01_opishnyan_ceramics/o109.jpg,01_opishnyan_ceramics,01_opishnyan_ceramics,True,0.989629127178919,01_opishnyan_ceramics,02_ornek,05_kosiv_ceramics,2,train,srcgrp_4816dd56c8688495,src_global_opn_museum_display_logo,unreviewed,unreviewed,global_cls__c10__source0p5,pair_letterbox_cls_patch__c100__source0p5__blend0p25,pairwise_conditional_logit_blend,pair_letterbox_cls_patch,100.0,0.5,0.25,0.989629127178919,0.006577708594713637,0.001075125513123051,0.0002176616900685048,0.002500377023175704
img_49ca6e98d1bc9f0f,selection_conditional_full_development_oof_v2,dataset_test/01_opishnyan_ceramics/o110.jpg,01_opishnyan_ceramics,01_opishnyan_ceramics,True,0.9732020640118305,01_opishnyan_ceramics,03_bubnivka_ceramics,05_kosiv_ceramics,2,train,srcgrp_4816dd56c8688495,src_global_opn_museum_display_logo,unreviewed,unreviewed,global_cls__c10__source0p5,pair_letterbox_cls_patch__c100__source0p5__blend0p25,pairwise_conditional_logit_blend,pair_letterbox_cls_patch,100.0,0.5,0.25,0.9732020640118305,0.0003038679877642074,0.015503244111388412,0.0010990814351109028,0.009891742453905943
img_41e45a3de579c0f2,selection_conditional_full_development_oof_v2,dataset_test/01_opishnyan_ceramics/o111.jpg,01_opishnyan_ceramics,01_opishnyan_ceramics,True,0.9569099666863746,01_opishnyan_ceramics,03_bubnivka_ceramics,05_kosiv_ceramics,2,train,srcgrp_4816dd56c8688495,src_global_opn_museum_display_logo,unreviewed,unreviewed,global_cls__c10__source0p5,pair_letterbox_cls_patch__c100__source0p5__blend0p25,pairwise_conditional_logit_blend,pair_letterbox_cls_patch,100.0,0.5,0.25,0.9569099666863746,0.005017998758116407,0.025069341435977756,0.0029585321228987197,0.010044160996632388
img_303522182f90eb7c,selection_conditional_full_development_oof_v2,dataset_test/01_opishnyan_ceramics/o112.jpg,01_opishnyan_ceramics,01_opishnyan_ceramics,True,0.869468589771504,01_opishnyan_ceramics,03_bubnivka_ceramics,05_kosiv_ceramics,2,train,srcgrp_4816dd56c8688495,src_global_opn_museum_display_logo,unreviewed,unreviewed,global_cls__c10__source0p5,pair_letterbox_cls_patch__c100__source0p5__blend0p25,pairwise_conditional_logit_blend,pair_letterbox_cls_patch,100.0,0.5,0.25,0.869468589771504,0.002466175826019209,0.07272759768471859,0.005377537650773559,0.04996009906698456
img_9eb84d612d82ba16,selection_conditional_full_development_oof_v2,dataset_test/01_opishnyan_ceramics/o113.jpg,01_opishnyan_ceramics,01_opishnyan_ceramics,True,0.856280371810867,01_opishnyan_ceramics,03_bubnivka_ceramics,05_kosiv_ceramics,2,train,srcgrp_4816dd56c8688495,src_global_opn_museum_display_logo,unreviewed,unreviewed,global_cls__c10__source0p5,pair_letterbox_cls_patch__c100__source0p5__blend0p25,pairwise_conditional_logit_blend,pair_letterbox_cls_patch,100.0,0.5,0.25,0.856280371810867,0.005387250686682536,0.12355753316223923,0.0025560567781967966,0.012218787562014439
img_8772e76cd8093891,selection_conditional_full_development_oof_v2,dataset_test/01_opishnyan_ceramics/o114.jpg,01_opishnyan_ceramics,01_opishnyan_ceramics,True,0.7113082221732262,01_opishnyan_ceramics,03_bubnivka_ceramics,05_kosiv_ceramics,2,train,srcgrp_4816dd56c8688495,src_global_opn_museum_display_logo,unreviewed,unreviewed,global_cls__c10__source0p5,pair_letterbox_cls_patch__c100__source0p5__blend0p25,pairwise_conditional_logit_blend,pair_letterbox_cls_patch,100.0,0.5,0.25,0.7113082221732262,0.0040081784096935545,0.18697713688477136,0.00639839108670431,0.09130807144560467
img_0f3cf4af9fc81631,selection_conditional_full_development_oof_v2,dataset_test/01_opishnyan_ceramics/o115.jpg,01_opishnyan_ceramics,01_opishnyan_ceramics,True,0.9570308193499975,01_opishnyan_ceramics,02_ornek,03_bubnivka_ceramics,2,train,srcgrp_4816dd56c8688495,src_global_opn_museum_display_logo,unreviewed,unreviewed,global_cls__c10__source0p5,pair_letterbox_cls_patch__c100__source0p5__blend0p25,pairwise_conditional_logit_blend,pair_letterbox_cls_patch,100.0,0.5,0.25,0.9570308193499975,0.03405418374503756,0.00567472373118183,0.0015300833959613228,0.001710189777821932
img_a22297630fd54d70,selection_conditional_full_development_oof_v2,dataset_test/01_opishnyan_ceramics/o116.jpg,01_opishnyan_ceramics,03_bubnivka_ceramics,False,0.8029417747726338,03_bubnivka_ceramics,01_opishnyan_ceramics,05_kosiv_ceramics,3,validation,srcgrp_b6dba6413920e1cb,src_global_opn_gray_catalog_b,unreviewed,unreviewed,global_cls__c10__source0p5,pair_letterbox_cls_patch__c100__source0p5__blend0p25,pairwise_conditional_logit_blend,pair_letterbox_cls_patch,100.0,0.5,0.25,0.11097203780897169,0.0323726797180442,0.8029417747726338,0.02076590815113864,0.03294759954921171
img_7d7ec2c65f70b81a,selection_conditional_full_development_oof_v2,dataset_test/01_opishnyan_ceramics/o118.jpg,01_opishnyan_ceramics,01_opishnyan_ceramics,True,0.4298811025668308,01_opishnyan_ceramics,03_bubnivka_ceramics,05_kosiv_ceramics,3,validation,srcgrp_b6dba6413920e1cb,src_global_opn_gray_catalog_b,unreviewed,unreviewed,global_cls__c10__source0p5,pair_letterbox_cls_patch__c100__source0p5__blend0p25,pairwise_conditional_logit_blend,pair_letterbox_cls_patch,100.0,0.5,0.25,0.4298811025668308,0.07005054626207839,0.33523366005329075,0.05009745868417859,0.11473723243362137
img_3e5ef4e0dc6ad2c0,selection_conditional_full_development_oof_v2,dataset_test/01_opishnyan_ceramics/o120.jpg,01_opishnyan_ceramics,01_opishnyan_ceramics,True,0.9319513168960202,01_opishnyan_ceramics,05_kosiv_ceramics,03_bubnivka_ceramics,3,validation,srcgrp_b6dba6413920e1cb,src_global_opn_gray_catalog_b,unreviewed,unreviewed,global_cls__c10__source0p5,pair_letterbox_cls_patch__c100__source0p5__blend0p25,pairwise_conditional_logit_blend,pair_letterbox_cls_patch,100.0,0.5,0.25,0.9319513168960202,0.0026072357250277603,0.020653868661255678,0.003801728688022367,0.04098585002967415
img_bf6cebfbe75230df,selection_conditional_full_development_oof_v2,dataset_test/01_opishnyan_ceramics/o121.jpg,01_opishnyan_ceramics,01_opishnyan_ceramics,True,0.8915346389158201,01_opishnyan_ceramics,03_bubnivka_ceramics,05_kosiv_ceramics,3,validation,srcgrp_b6dba6413920e1cb,src_global_opn_gray_catalog_b,unreviewed,unreviewed,global_cls__c10__source0p5,pair_letterbox_cls_patch__c100__source0p5__blend0p25,pairwise_conditional_logit_blend,pair_letterbox_cls_patch,100.0,0.5,0.25,0.8915346389158201,0.011410580643265764,0.07295276328974873,0.002471089857715745,0.02163092729344948
img_902a5698c9e96ccb,selection_conditional_full_development_oof_v2,dataset_test/01_opishnyan_ceramics/o123.jpg,01_opishnyan_ceramics,01_opishnyan_ceramics,True,0.8857747130874329,01_opishnyan_ceramics,05_kosiv_ceramics,02_ornek,3,validation,srcgrp_b6dba6413920e1cb,src_global_opn_gray_catalog_b,unreviewed,unreviewed,global_cls__c10__source0p5,pair_letterbox_cls_patch__c100__source0p5__blend0p25,pairwise_conditional_logit_blend,pair_letterbox_cls_patch,100.0,0.5,0.25,0.8857747130874329,0.03641643933048708,0.012692770683742124,0.02102176164475884,0.044094315253578986
img_dd2ea8672497a153,selection_conditional_full_development_oof_v2,dataset_test/01_opishnyan_ceramics/o125.jpg,01_opishnyan_ceramics,01_opishnyan_ceramics,True,0.633273338596333,01_opishnyan_ceramics,05_kosiv_ceramics,03_bubnivka_ceramics,3,validation,srcgrp_b6dba6413920e1cb,src_global_opn_gray_catalog_b,unreviewed,unreviewed,global_cls__c10__source0p5,pair_letterbox_cls_patch__c100__source0p5__blend0p25,pairwise_conditional_logit_blend,pair_letterbox_cls_patch,100.0,0.5,0.25,0.633273338596333,0.006176429725974189,0.027013718140423516,0.00244192485400117,0.3310945886832682
img_71c97bf7e3b3d77d,selection_conditional_full_development_oof_v2,dataset_test/01_opishnyan_ceramics/o129.jpg,01_opishnyan_ceramics,01_opishnyan_ceramics,True,0.8316317164593899,01_opishnyan_ceramics,05_kosiv_ceramics,03_bubnivka_ceramics,3,validation,srcgrp_b6dba6413920e1cb,src_global_opn_gray_catalog_b,unreviewed,unreviewed,global_cls__c10__source0p5,pair_letterbox_cls_patch__c100__source0p5__blend0p25,pairwise_conditional_logit_blend,pair_letterbox_cls_patch,100.0,0.5,0.25,0.8316317164593899,0.035700441346421544,0.04130738301873763,0.01625190623055322,0.07510855294489768
img_dbf0dac759e6f66f,selection_conditional_full_development_oof_v2,dataset_test/01_opishnyan_ceramics/o130.jpg,01_opishnyan_ceramics,01_opishnyan_ceramics,True,0.7915438130310292,01_opishnyan_ceramics,03_bubnivka_ceramics,05_kosiv_ceramics,3,validation,srcgrp_b6dba6413920e1cb,src_global_opn_gray_catalog_b,unreviewed,unreviewed,global_cls__c10__source0p5,pair_letterbox_cls_patch__c100__source0p5__blend0p25,pairwise_conditional_logit_blend,pair_letterbox_cls_patch,100.0,0.5,0.25,0.7915438130310292,0.030319274251698166,0.09823648169504899,0.022860022928376644,0.05704040809384717
img_0f55ab3a69d12133,selection_conditional_full_development_oof_v2,dataset_test/01_opishnyan_ceramics/o133.jpg,01_opishnyan_ceramics,01_opishnyan_ceramics,True,0.6803209793658168,01_opishnyan_ceramics,02_ornek,05_kosiv_ceramics,3,validation,srcgrp_b6dba6413920e1cb,src_global_opn_gray_catalog_b,unreviewed,unreviewed,global_cls__c10__source0p5,pair_letterbox_cls_patch__c100__source0p5__blend0p25,pairwise_conditional_logit_blend,pair_letterbox_cls_patch,100.0,0.5,0.25,0.6803209793658168,0.16935675609353987,0.04975855426420563,0.006790640515426231,0.09377306976101168
img_316dcb65985f5c7d,selection_conditional_full_development_oof_v2,dataset_test/01_opishnyan_ceramics/o142.jpg,01_opishnyan_ceramics,01_opishnyan_ceramics,True,0.5004743453719929,01_opishnyan_ceramics,03_bubnivka_ceramics,05_kosiv_ceramics,3,validation,srcgrp_b6dba6413920e1cb,src_global_opn_gray_catalog_b,unreviewed,unreviewed,global_cls__c10__source0p5,pair_letterbox_cls_patch__c100__source0p5__blend0p25,pairwise_conditional_logit_blend,pair_letterbox_cls_patch,100.0,0.5,0.25,0.5004743453719929,0.001006728297547008,0.4600454492980838,0.0010516718494217293,0.037421805182954494
img_20860c291da90e73,selection_conditional_full_development_oof_v2,dataset_test/01_opishnyan_ceramics/o150.jpg,01_opishnyan_ceramics,01_opishnyan_ceramics,True,0.7944916246035733,01_opishnyan_ceramics,03_bubnivka_ceramics,05_kosiv_ceramics,3,validation,srcgrp_b6dba6413920e1cb,src_global_opn_gray_catalog_b,unreviewed,unreviewed,global_cls__c10__source0p5,pair_letterbox_cls_patch__c100__source0p5__blend0p25,pairwise_conditional_logit_blend,pair_letterbox_cls_patch,100.0,0.5,0.25,0.7944916246035733,0.0022963444970739407,0.14274292492400312,0.001876601935677851,0.05859250403967196
img_78a165e15fbfc7b1,selection_conditional_full_development_oof_v2,dataset_test/01_opishnyan_ceramics/o153.jpg,01_opishnyan_ceramics,01_opishnyan_ceramics,True,0.8833874777761788,01_opishnyan_ceramics,05_kosiv_ceramics,03_bubnivka_ceramics,3,validation,srcgrp_b6dba6413920e1cb,src_global_opn_gray_catalog_b,unreviewed,unreviewed,global_cls__c10__source0p5,pair_letterbox_cls_patch__c100__source0p5__blend0p25,pairwise_conditional_logit_blend,pair_letterbox_cls_patch,100.0,0.5,0.25,0.8833874777761788,0.007060393699128562,0.024092489763914267,0.004354874524171761,0.08110476423660672
img_d2f520a7e3bac646,selection_conditional_full_development_oof_v2,dataset_test/01_opishnyan_ceramics/o156.jpg,01_opishnyan_ceramics,01_opishnyan_ceramics,True,0.895600986225906,01_opishnyan_ceramics,05_kosiv_ceramics,02_ornek,3,validation,srcgrp_b6dba6413920e1cb,src_global_opn_gray_catalog_b,unreviewed,unreviewed,global_cls__c10__source0p5,pair_letterbox_cls_patch__c100__source0p5__blend0p25,pairwise_conditional_logit_blend,pair_letterbox_cls_patch,100.0,0.5,0.25,0.895600986225906,0.022781390700055963,0.003894981193634272,0.001589023655459694,0.07613361822494422
img_f8f0bb43d11ae168,selection_conditional_full_development_oof_v2,dataset_test/01_opishnyan_ceramics/o159.jpg,01_opishnyan_ceramics,01_opishnyan_ceramics,True,0.9258191874591675,01_opishnyan_ceramics,05_kosiv_ceramics,03_bubnivka_ceramics,3,validation,srcgrp_b6dba6413920e1cb,src_global_opn_gray_catalog_b,unreviewed,unreviewed,global_cls__c10__source0p5,pair_letterbox_cls_patch__c100__source0p5__blend0p25,pairwise_conditional_logit_blend,pair_letterbox_cls_patch,100.0,0.5,0.25,0.9258191874591675,0.004736783652059152,0.00807152563280444,0.002512518502942415,0.05885998475302654
img_e560167233db6370,selection_conditional_full_development_oof_v2,dataset_test/01_opishnyan_ceramics/o161.jpg,01_opishnyan_ceramics,01_opishnyan_ceramics,True,0.9292128675939207,01_opishnyan_ceramics,05_kosiv_ceramics,02_ornek,3,validation,srcgrp_b6dba6413920e1cb,src_global_opn_gray_catalog_b,unreviewed,unreviewed,global_cls__c10__source0p5,pair_letterbox_cls_patch__c100__source0p5__blend0p25,pairwise_conditional_logit_blend,pair_letterbox_cls_patch,100.0,0.5,0.25,0.9292128675939207,0.014482597639095568,0.006613679741830593,0.002489134139604235,0.04720172088554902
img_784b95e76dcd8f94,selection_conditional_full_development_oof_v2,dataset_test/01_opishnyan_ceramics/o164.jpg,01_opishnyan_ceramics,01_opishnyan_ceramics,True,0.9677653254733884,01_opishnyan_ceramics,03_bubnivka_ceramics,02_ornek,3,validation,srcgrp_b6dba6413920e1cb,src_global_opn_gray_catalog_b,unreviewed,unreviewed,global_cls__c10__source0p5,pair_letterbox_cls_patch__c100__source0p5__blend0p25,pairwise_conditional_logit_blend,pair_letterbox_cls_patch,100.0,0.5,0.25,0.9677653254733884,0.0014423430487435812,0.02926301347977672,0.001105921999836814,0.00042339599825459614
img_e1c9a03904e1d51f,selection_conditional_full_development_oof_v2,dataset_test/01_opishnyan_ceramics/o167.jpg,01_opishnyan_ceramics,01_opishnyan_ceramics,True,0.8827981363306769,01_opishnyan_ceramics,03_bubnivka_ceramics,05_kosiv_ceramics,3,validation,srcgrp_b6dba6413920e1cb,src_global_opn_gray_catalog_b,unreviewed,unreviewed,global_cls__c10__source0p5,pair_letterbox_cls_patch__c100__source0p5__blend0p25,pairwise_conditional_logit_blend,pair_letterbox_cls_patch,100.0,0.5,0.25,0.8827981363306769,0.0014684923739858773,0.06884700078816573,0.008441125570516425,0.03844524493665505
img_1b1a0e5da874ce41,selection_conditional_full_development_oof_v2,dataset_test/01_opishnyan_ceramics/o172.jpg,01_opishnyan_ceramics,03_bubnivka_ceramics,False,0.823533397303334,03_bubnivka_ceramics,01_opishnyan_ceramics,02_ornek,3,validation,srcgrp_b6dba6413920e1cb,src_global_opn_gray_catalog_b,unreviewed,unreviewed,global_cls__c10__source0p5,pair_letterbox_cls_patch__c100__source0p5__blend0p25,pairwise_conditional_logit_blend,pair_letterbox_cls_patch,100.0,0.5,0.25,0.16707739593803728,0.004863229537693411,0.823533397303334,0.003433893092197703,0.0010920841287377775
img_f9db09ea170f8f29,selection_conditional_full_development_oof_v2,dataset_test/01_opishnyan_ceramics/o173.jpg,01_opishnyan_ceramics,03_bubnivka_ceramics,False,0.8531495401653367,03_bubnivka_ceramics,01_opishnyan_ceramics,02_ornek,3,validation,srcgrp_b6dba6413920e1cb,src_global_opn_gray_catalog_b,unreviewed,unreviewed,global_cls__c10__source0p5,pair_letterbox_cls_patch__c100__source0p5__blend0p25,pairwise_conditional_logit_blend,pair_letterbox_cls_patch,100.0,0.5,0.25,0.08556157942300988,0.03201188165676519,0.8531495401653367,0.004657536943497963,0.024619461811390134
img_b19b2df240e73108,selection_conditional_full_development_oof_v2,dataset_test/01_opishnyan_ceramics/o180.jpg,01_opishnyan_ceramics,01_opishnyan_ceramics,True,0.8111577664767621,01_opishnyan_ceramics,03_bubnivka_ceramics,04_petrykivka_painting,3,validation,srcgrp_b6dba6413920e1cb,src_global_opn_gray_catalog_b,unreviewed,unreviewed,global_cls__c10__source0p5,pair_letterbox_cls_patch__c100__source0p5__blend0p25,pairwise_conditional_logit_blend,pair_letterbox_cls_patch,100.0,0.5,0.25,0.8111577664767621,0.0011511619135392368,0.177825518258773,0.008189043117685414,0.0016765102332403302
img_3668c2c126d3312b,selection_conditional_full_development_oof_v2,dataset_test/01_opishnyan_ceramics/o183.jpg,01_opishnyan_ceramics,03_bubnivka_ceramics,False,0.5191669629766498,03_bubnivka_ceramics,01_opishnyan_ceramics,05_kosiv_ceramics,3,validation,srcgrp_b6dba6413920e1cb,src_global_opn_gray_catalog_b,unreviewed,unreviewed,global_cls__c10__source0p5,pair_letterbox_cls_patch__c100__source0p5__blend0p25,pairwise_conditional_logit_blend,pair_letterbox_cls_patch,100.0,0.5,0.25,0.44167722955705063,0.0067418995559020796,0.5191669629766498,0.007860271643700668,0.0245536362666967
img_f5d7780f6f9df16f,selection_conditional_full_development_oof_v2,dataset_test/01_opishnyan_ceramics/o188.jpg,01_opishnyan_ceramics,01_opishnyan_ceramics,True,0.5404103295900992,01_opishnyan_ceramics,03_bubnivka_ceramics,02_ornek,3,validation,srcgrp_b6dba6413920e1cb,src_global_opn_gray_catalog_b,unreviewed,unreviewed,global_cls__c10__source0p5,pair_letterbox_cls_patch__c100__source0p5__blend0p25,pairwise_conditional_logit_blend,pair_letterbox_cls_patch,100.0,0.5,0.25,0.5404103295900992,0.03811381664767527,0.3738687976175287,0.018968823879981223,0.028638232264715638
img_23f2dcad4191d7d2,selection_conditional_full_development_oof_v2,dataset_test/01_opishnyan_ceramics/o190.jpg,01_opishnyan_ceramics,01_opishnyan_ceramics,True,0.7283043108636803,01_opishnyan_ceramics,03_bubnivka_ceramics,02_ornek,3,validation,srcgrp_b6dba6413920e1cb,src_global_opn_gray_catalog_b,unreviewed,unreviewed,global_cls__c10__source0p5,pair_letterbox_cls_patch__c100__source0p5__blend0p25,pairwise_conditional_logit_blend,pair_letterbox_cls_patch,100.0,0.5,0.25,0.7283043108636803,0.029380932488620132,0.21244569548807304,0.0028838268208527316,0.026985234338773798
img_cf2e0711e7803def,selection_conditional_full_development_oof_v2,dataset_test/01_opishnyan_ceramics/o197.jpg,01_opishnyan_ceramics,01_opishnyan_ceramics,True,0.9208599241601086,01_opishnyan_ceramics,05_kosiv_ceramics,03_bubnivka_ceramics,3,validation,srcgrp_b6dba6413920e1cb,src_global_opn_gray_catalog_b,unreviewed,unreviewed,global_cls__c10__source0p5,pair_letterbox_cls_patch__c100__source0p5__blend0p25,pairwise_conditional_logit_blend,pair_letterbox_cls_patch,100.0,0.5,0.25,0.9208599241601086,0.013446159097726394,0.018921589278607966,0.005064487523300189,0.04170783994025668
img_b2a4a82e259bcb84,selection_conditional_full_development_oof_v2,dataset_test/01_opishnyan_ceramics/o206.jpg,01_opishnyan_ceramics,01_opishnyan_ceramics,True,0.9791167159366284,01_opishnyan_ceramics,02_ornek,03_bubnivka_ceramics,3,validation,srcgrp_b6dba6413920e1cb,src_global_opn_gray_catalog_b,unreviewed,unreviewed,global_cls__c10__source0p5,pair_letterbox_cls_patch__c100__source0p5__blend0p25,pairwise_conditional_logit_blend,pair_letterbox_cls_patch,100.0,0.5,0.25,0.9791167159366284,0.009860424428314885,0.008886860099307167,0.00020659609180262916,0.0019294034439467256
img_8fb7cc8f1301ace2,selection_conditional_full_development_oof_v2,dataset_test/01_opishnyan_ceramics/o223.jpg,01_opishnyan_ceramics,03_bubnivka_ceramics,False,0.6280459631449034,03_bubnivka_ceramics,01_opishnyan_ceramics,02_ornek,3,validation,srcgrp_b6dba6413920e1cb,src_global_opn_gray_catalog_b,unreviewed,unreviewed,global_cls__c10__source0p5,pair_letterbox_cls_patch__c100__source0p5__blend0p25,pairwise_conditional_logit_blend,pair_letterbox_cls_patch,100.0,0.5,0.25,0.3360740326743382,0.019497146054099877,0.6280459631449034,0.007133717184964549,0.009249140941693844
img_85311ecf06eb0949,selection_conditional_full_development_oof_v2,dataset_test/01_opishnyan_ceramics/o228_1.jpg,01_opishnyan_ceramics,01_opishnyan_ceramics,True,0.6750177913680646,01_opishnyan_ceramics,05_kosiv_ceramics,03_bubnivka_ceramics,4,train,srcgrp_fa2263c27d459924,src_global_opn_shop_cubbies,mixed_display_or_collection,clear,global_cls__c10__source0p5,pair_letterbox_cls_patch__c100__source0p5__blend0p25,pairwise_conditional_logit_blend,pair_letterbox_cls_patch,100.0,0.5,0.25,0.6750177913680646,0.03971369603500852,0.0917454664368027,0.00312518938055796,0.19039785677956625
img_60fff2740afd3bb5,selection_conditional_full_development_oof_v2,dataset_test/01_opishnyan_ceramics/o228_2.jpg,01_opishnyan_ceramics,01_opishnyan_ceramics,True,0.9261613293114171,01_opishnyan_ceramics,03_bubnivka_ceramics,02_ornek,4,train,srcgrp_fa2263c27d459924,src_global_opn_shop_cubbies,mixed_display_or_collection,clear,global_cls__c10__source0p5,pair_letterbox_cls_patch__c100__source0p5__blend0p25,pairwise_conditional_logit_blend,pair_letterbox_cls_patch,100.0,0.5,0.25,0.9261613293114171,0.016203863412443155,0.04777665358866523,0.008949302975359423,0.0009088507121148347
img_fbb86b48bfc1cd62,selection_conditional_full_development_oof_v2,dataset_test/01_opishnyan_ceramics/o228_3.jpg,01_opishnyan_ceramics,01_opishnyan_ceramics,True,0.5954907898630674,01_opishnyan_ceramics,02_ornek,05_kosiv_ceramics,4,train,srcgrp_fa2263c27d459924,src_global_opn_shop_cubbies,mixed_display_or_collection,clear,global_cls__c10__source0p5,pair_letterbox_cls_patch__c100__source0p5__blend0p25,pairwise_conditional_logit_blend,pair_letterbox_cls_patch,100.0,0.5,0.25,0.5954907898630674,0.1750848495918427,0.05872996594549783,0.007632804100038071,0.16306159049955418
img_82018e81a9aa850d,selection_conditional_full_development_oof_v2,dataset_test/01_opishnyan_ceramics/o228_4.jpg,01_opishnyan_ceramics,01_opishnyan_ceramics,True,0.9208672440952647,01_opishnyan_ceramics,03_bubnivka_ceramics,05_kosiv_ceramics,4,train,srcgrp_fa2263c27d459924,src_global_opn_shop_cubbies,mixed_display_or_collection,clear,global_cls__c10__source0p5,pair_letterbox_cls_patch__c100__source0p5__blend0p25,pairwise_conditional_logit_blend,pair_letterbox_cls_patch,100.0,0.5,0.25,0.9208672440952647,0.005708776696076259,0.0634717720035088,0.0027795130321792093,0.007172694172970992
img_fb98c98a8ff5ff97,selection_conditional_full_development_oof_v2,dataset_test/01_opishnyan_ceramics/o229_1.jpg,01_opishnyan_ceramics,01_opishnyan_ceramics,True,0.5727200051732277,01_opishnyan_ceramics,03_bubnivka_ceramics,02_ornek,4,train,srcgrp_fa2263c27d459924,src_global_opn_shop_cubbies,mixed_display_or_collection,clear,global_cls__c10__source0p5,pair_letterbox_cls_patch__c100__source0p5__blend0p25,pairwise_conditional_logit_blend,pair_letterbox_cls_patch,100.0,0.5,0.25,0.5727200051732277,0.13022826617805844,0.2331817779403817,0.006548353524132932,0.0573215971841993
img_c3416c4b518d2bce,selection_conditional_full_development_oof_v2,dataset_test/01_opishnyan_ceramics/o229_2.jpg,01_opishnyan_ceramics,01_opishnyan_ceramics,True,0.8013027643452663,01_opishnyan_ceramics,03_bubnivka_ceramics,02_ornek,4,train,srcgrp_fa2263c27d459924,src_global_opn_shop_cubbies,mixed_display_or_collection,clear,global_cls__c10__source0p5,pair_letterbox_cls_patch__c100__source0p5__blend0p25,pairwise_conditional_logit_blend,pair_letterbox_cls_patch,100.0,0.5,0.25,0.8013027643452663,0.07391361445801647,0.0996633038330697,0.003580736435933342,0.021539580927714335
img_866211f3cf80f5d0,selection_conditional_full_development_oof_v2,dataset_test/01_opishnyan_ceramics/o229_3.jpg,01_opishnyan_ceramics,03_bubnivka_ceramics,False,0.4609531997960793,03_bubnivka_ceramics,01_opishnyan_ceramics,05_kosiv_ceramics,4,train,srcgrp_fa2263c27d459924,src_global_opn_shop_cubbies,mixed_display_or_collection,clear,global_cls__c10__source0p5,pair_letterbox_cls_patch__c100__source0p5__blend0p25,pairwise_conditional_logit_blend,pair_letterbox_cls_patch,100.0,0.5,0.25,0.30042430031392564,0.11548817860062298,0.4609531997960793,0.005007569502963409,0.11812675178640882
img_2d02a902971b8400,selection_conditional_full_development_oof_v2,dataset_test/01_opishnyan_ceramics/o229_4.jpg,01_opishnyan_ceramics,01_opishnyan_ceramics,True,0.4210622269920908,01_opishnyan_ceramics,03_bubnivka_ceramics,05_kosiv_ceramics,4,train,srcgrp_fa2263c27d459924,src_global_opn_shop_cubbies,mixed_display_or_collection,clear,global_cls__c10__source0p5,pair_letterbox_cls_patch__c100__source0p5__blend0p25,pairwise_conditional_logit_blend,pair_letterbox_cls_patch,100.0,0.5,0.25,0.4210622269920908,0.09322107696318169,0.3791035911437108,0.010614942123839349,0.09599816277717749
img_a8e8398b8c9d0bf4,selection_conditional_full_development_oof_v2,dataset_test/01_opishnyan_ceramics/o229_5.jpg,01_opishnyan_ceramics,01_opishnyan_ceramics,True,0.4460540977194271,01_opishnyan_ceramics,03_bubnivka_ceramics,05_kosiv_ceramics,4,train,srcgrp_fa2263c27d459924,src_global_opn_shop_cubbies,cup_or_mug,clear,global_cls__c10__source0p5,pair_letterbox_cls_patch__c100__source0p5__blend0p25,pairwise_conditional_logit_blend,pair_letterbox_cls_patch,100.0,0.5,0.25,0.4460540977194271,0.04329986985455296,0.3185801348932254,0.0028985232256127816,0.1891673743071818
img_f756d5e1935a5a56,selection_conditional_full_development_oof_v2,dataset_test/01_opishnyan_ceramics/o230_1.jpg,01_opishnyan_ceramics,02_ornek,False,0.3631484677340011,02_ornek,01_opishnyan_ceramics,05_kosiv_ceramics,4,train,srcgrp_fa2263c27d459924,src_global_opn_shop_cubbies,mixed_display_or_collection,clear,global_cls__c10__source0p5,pair_letterbox_cls_patch__c100__source0p5__blend0p25,pairwise_conditional_logit_blend,pair_letterbox_cls_patch,100.0,0.5,0.25,0.33878564254330923,0.3631484677340011,0.1193135685994867,0.032556947610124766,0.1461953735130783
img_424b0689aefbf984,selection_conditional_full_development_oof_v2,dataset_test/01_opishnyan_ceramics/o230_2.jpg,01_opishnyan_ceramics,01_opishnyan_ceramics,True,0.5986381162441393,01_opishnyan_ceramics,05_kosiv_ceramics,02_ornek,4,train,srcgrp_fa2263c27d459924,src_global_opn_shop_cubbies,vase_jug_or_vessel,clear,global_cls__c10__source0p5,pair_letterbox_cls_patch__c100__source0p5__blend0p25,pairwise_conditional_logit_blend,pair_letterbox_cls_patch,100.0,0.5,0.25,0.5986381162441393,0.12837425502732913,0.10280944345583838,0.005422102373371202,0.1647560828993219
img_15ee71cdaf6cbba8,selection_conditional_full_development_oof_v2,dataset_test/01_opishnyan_ceramics/o230_3.jpg,01_opishnyan_ceramics,01_opishnyan_ceramics,True,0.43166817089507026,01_opishnyan_ceramics,05_kosiv_ceramics,02_ornek,4,train,srcgrp_fa2263c27d459924,src_global_opn_shop_cubbies,box_or_container,clear,global_cls__c10__source0p5,pair_letterbox_cls_patch__c100__source0p5__blend0p25,pairwise_conditional_logit_blend,pair_letterbox_cls_patch,100.0,0.5,0.25,0.43166817089507026,0.1808043904122119,0.16643004653065632,0.008399935533936467,0.2126974566281249
img_b855be323173bbf6,selection_conditional_full_development_oof_v2,dataset_test/01_opishnyan_ceramics/o230_4.jpg,01_opishnyan_ceramics,01_opishnyan_ceramics,True,0.5525326124173046,01_opishnyan_ceramics,02_ornek,05_kosiv_ceramics,4,train,srcgrp_fa2263c27d459924,src_global_opn_shop_cubbies,mixed_display_or_collection,clear,global_cls__c10__source0p5,pair_letterbox_cls_patch__c100__source0p5__blend0p25,pairwise_conditional_logit_blend,pair_letterbox_cls_patch,100.0,0.5,0.25,0.5525326124173046,0.24832121725834588,0.032072751077043146,0.03032582752599767,0.13674759172130893
img_78030108dba3b7fd,selection_conditional_full_development_oof_v2,dataset_test/01_opishnyan_ceramics/o231_1.jpg,01_opishnyan_ceramics,05_kosiv_ceramics,False,0.5236079300672024,05_kosiv_ceramics,03_bubnivka_ceramics,01_opishnyan_ceramics,4,train,srcgrp_fa2263c27d459924,src_global_opn_shop_cubbies,mixed_display_or_collection,clear,global_cls__c10__source0p5,pair_letterbox_cls_patch__c100__source0p5__blend0p25,pairwise_conditional_logit_blend,pair_letterbox_cls_patch,100.0,0.5,0.25,0.13722597564484723,0.030492359447199843,0.3072222019760782,0.001451532864672176,0.5236079300672024
img_6a9adccdcaa22262,selection_conditional_full_development_oof_v2,dataset_test/01_opishnyan_ceramics/o231_2.jpg,01_opishnyan_ceramics,01_opishnyan_ceramics,True,0.7000904247886055,01_opishnyan_ceramics,05_kosiv_ceramics,03_bubnivka_ceramics,4,train,srcgrp_fa2263c27d459924,src_global_opn_shop_cubbies,vase_jug_or_vessel,clear,global_cls__c10__source0p5,pair_letterbox_cls_patch__c100__source0p5__blend0p25,pairwise_conditional_logit_blend,pair_letterbox_cls_patch,100.0,0.5,0.25,0.7000904247886055,0.003468204603054855,0.08978457007533083,0.00031685629564755474,0.2063399442373612
img_1543c27459671cfe,selection_conditional_full_development_oof_v2,dataset_test/01_opishnyan_ceramics/o231_3.jpg,01_opishnyan_ceramics,01_opishnyan_ceramics,True,0.47170422188618705,01_opishnyan_ceramics,05_kosiv_ceramics,03_bubnivka_ceramics,4,train,srcgrp_fa2263c27d459924,src_global_opn_shop_cubbies,cup_or_mug,clear,global_cls__c10__source0p5,pair_letterbox_cls_patch__c100__source0p5__blend0p25,pairwise_conditional_logit_blend,pair_letterbox_cls_patch,100.0,0.5,0.25,0.47170422188618705,0.02859056337457004,0.18943704939421277,0.001401800332857106,0.30886636501217307
img_97fb0ef67c57b8e0,selection_conditional_full_development_oof_v2,dataset_test/01_opishnyan_ceramics/o231_4.jpg,01_opishnyan_ceramics,03_bubnivka_ceramics,False,0.4196699532372811,03_bubnivka_ceramics,01_opishnyan_ceramics,05_kosiv_ceramics,4,train,srcgrp_fa2263c27d459924,src_global_opn_shop_cubbies,box_or_container,clear,global_cls__c10__source0p5,pair_letterbox_cls_patch__c100__source0p5__blend0p25,pairwise_conditional_logit_blend,pair_letterbox_cls_patch,100.0,0.5,0.25,0.33427131205862765,0.025621066018217578,0.4196699532372811,0.0014944529026715062,0.2189432157832022
img_dd0828da8ee534b7,selection_conditional_full_development_oof_v2,dataset_test/01_opishnyan_ceramics/o231_5.jpg,01_opishnyan_ceramics,03_bubnivka_ceramics,False,0.36593413830447047,03_bubnivka_ceramics,05_kosiv_ceramics,01_opishnyan_ceramics,4,train,srcgrp_fa2263c27d459924,src_global_opn_shop_cubbies,plate_or_bowl,clear,global_cls__c10__source0p5,pair_letterbox_cls_patch__c100__source0p5__blend0p25,pairwise_conditional_logit_blend,pair_letterbox_cls_patch,100.0,0.5,0.25,0.28160143603522464,0.038729381505588155,0.36593413830447047,0.0017751110243660597,0.31195993313035053
img_50a396d22d841b8d,selection_conditional_full_development_oof_v2,dataset_test/01_opishnyan_ceramics/o231_6.jpg,01_opishnyan_ceramics,01_opishnyan_ceramics,True,0.3360772288874226,01_opishnyan_ceramics,03_bubnivka_ceramics,05_kosiv_ceramics,4,train,srcgrp_fa2263c27d459924,src_global_opn_shop_cubbies,cup_or_mug,clear,global_cls__c10__source0p5,pair_letterbox_cls_patch__c100__source0p5__blend0p25,pairwise_conditional_logit_blend,pair_letterbox_cls_patch,100.0,0.5,0.25,0.3360772288874226,0.12446574239334611,0.2932630759217842,0.006663871115326928,0.2395300816821202
img_33d6949a32dce1ef,selection_conditional_full_development_oof_v2,dataset_test/01_opishnyan_ceramics/o231_7.jpg,01_opishnyan_ceramics,05_kosiv_ceramics,False,0.6273038734752915,05_kosiv_ceramics,01_opishnyan_ceramics,03_bubnivka_ceramics,4,train,srcgrp_fa2263c27d459924,src_global_opn_shop_cubbies,mixed_display_or_collection,clear,global_cls__c10__source0p5,pair_letterbox_cls_patch__c100__source0p5__blend0p25,pairwise_conditional_logit_blend,pair_letterbox_cls_patch,100.0,0.5,0.25,0.19464638706453913,0.03026459145735855,0.14566884068022068,0.002116307322590051,0.6273038734752915
img_4783f39952692d0e,selection_conditional_full_development_oof_v2,dataset_test/01_opishnyan_ceramics/o232_1.jpg,01_opishnyan_ceramics,01_opishnyan_ceramics,True,0.5109727959173873,01_opishnyan_ceramics,03_bubnivka_ceramics,02_ornek,4,train,srcgrp_fa2263c27d459924,src_global_opn_shop_cubbies,mixed_display_or_collection,clear,global_cls__c10__source0p5,pair_letterbox_cls_patch__c100__source0p5__blend0p25,pairwise_conditional_logit_blend,pair_letterbox_cls_patch,100.0,0.5,0.25,0.5109727959173873,0.06805738920277142,0.3989966348231155,0.006623467853226736,0.015349712203498947
img_f8a3ae5f1450dece,selection_conditional_full_development_oof_v2,dataset_test/01_opishnyan_ceramics/o232_2.jpg,01_opishnyan_ceramics,03_bubnivka_ceramics,False,0.8090818856930962,03_bubnivka_ceramics,01_opishnyan_ceramics,02_ornek,4,train,srcgrp_fa2263c27d459924,src_global_opn_shop_cubbies,box_or_container,clear,global_cls__c10__source0p5,pair_letterbox_cls_patch__c100__source0p5__blend0p25,pairwise_conditional_logit_blend,pair_letterbox_cls_patch,100.0,0.5,0.25,0.1655186973903949,0.013421269849358503,0.8090818856930962,0.0014664041621355768,0.010511742905014712
img_cc126686ffc3fe4a,selection_conditional_full_development_oof_v2,dataset_test/01_opishnyan_ceramics/o232_3.jpg,01_opishnyan_ceramics,03_bubnivka_ceramics,False,0.5164606486643524,03_bubnivka_ceramics,01_opishnyan_ceramics,02_ornek,4,train,srcgrp_fa2263c27d459924,src_global_opn_shop_cubbies,mixed_display_or_collection,clear,global_cls__c10__source0p5,pair_letterbox_cls_patch__c100__source0p5__blend0p25,pairwise_conditional_logit_blend,pair_letterbox_cls_patch,100.0,0.5,0.25,0.3330190095556424,0.11878205297873655,0.5164606486643524,0.007628641566885054,0.024109647234383743
img_fc53f3ee5d6198d7,selection_conditional_full_development_oof_v2,dataset_test/01_opishnyan_ceramics/o232_4.jpg,01_opishnyan_ceramics,03_bubnivka_ceramics,False,0.7449079774505751,03_bubnivka_ceramics,01_opishnyan_ceramics,02_ornek,4,train,srcgrp_fa2263c27d459924,src_global_opn_shop_cubbies,box_or_container,clear,global_cls__c10__source0p5,pair_letterbox_cls_patch__c100__source0p5__blend0p25,pairwise_conditional_logit_blend,pair_letterbox_cls_patch,100.0,0.5,0.25,0.18333143673895252,0.05172984604482023,0.7449079774505751,0.0008856734834255113,0.019145066282226605
img_eadfcf530bf760fc,selection_conditional_full_development_oof_v2,dataset_test/01_opishnyan_ceramics/o232_5.jpg,01_opishnyan_ceramics,03_bubnivka_ceramics,False,0.705726015084056,03_bubnivka_ceramics,02_ornek,01_opishnyan_ceramics,4,train,srcgrp_fa2263c27d459924,src_global_opn_shop_cubbies,mixed_display_or_collection,clear,global_cls__c10__source0p5,pair_letterbox_cls_patch__c100__source0p5__blend0p25,pairwise_conditional_logit_blend,pair_letterbox_cls_patch,100.0,0.5,0.25,0.056078157374238075,0.22666825582999525,0.705726015084056,0.0033191819026744352,0.008208389809036366
img_f137ca4dbe240c72,selection_conditional_full_development_oof_v2,dataset_test/01_opishnyan_ceramics/o232_6.jpg,01_opishnyan_ceramics,03_bubnivka_ceramics,False,0.6636087342295801,03_bubnivka_ceramics,01_opishnyan_ceramics,02_ornek,4,train,srcgrp_fa2263c27d459924,src_global_opn_shop_cubbies,cup_or_mug,clear,global_cls__c10__source0p5,pair_letterbox_cls_patch__c100__source0p5__blend0p25,pairwise_conditional_logit_blend,pair_letterbox_cls_patch,100.0,0.5,0.25,0.21158162874719338,0.07669089521145445,0.6636087342295801,0.0019946736356122757,0.046124068176159924
img_d991ce9ab914e668,selection_conditional_full_development_oof_v2,dataset_test/01_opishnyan_ceramics/o232_7.jpg,01_opishnyan_ceramics,03_bubnivka_ceramics,False,0.6574814956120739,03_bubnivka_ceramics,01_opishnyan_ceramics,02_ornek,4,train,srcgrp_fa2263c27d459924,src_global_opn_shop_cubbies,cup_or_mug,clear,global_cls__c10__source0p5,pair_letterbox_cls_patch__c100__source0p5__blend0p25,pairwise_conditional_logit_blend,pair_letterbox_cls_patch,100.0,0.5,0.25,0.29447965091935774,0.037050070750410176,0.6574814956120739,0.0016170099132209361,0.009371772804937234
img_546eb3ea49467690,selection_conditional_full_development_oof_v2,dataset_test/01_opishnyan_ceramics/o232_8.jpg,01_opishnyan_ceramics,03_bubnivka_ceramics,False,0.6906559246969596,03_bubnivka_ceramics,01_opishnyan_ceramics,02_ornek,4,train,srcgrp_fa2263c27d459924,src_global_opn_shop_cubbies,vase_jug_or_vessel,clear,global_cls__c10__source0p5,pair_letterbox_cls_patch__c100__source0p5__blend0p25,pairwise_conditional_logit_blend,pair_letterbox_cls_patch,100.0,0.5,0.25,0.24127559674304483,0.05872357638721858,0.6906559246969596,0.0015265635318096637,0.00781833864096737
img_e230a92e1c340786,selection_conditional_full_development_oof_v2,dataset_test/01_opishnyan_ceramics/o233_1.jpg,01_opishnyan_ceramics,01_opishnyan_ceramics,True,0.6466148578182371,01_opishnyan_ceramics,05_kosiv_ceramics,02_ornek,4,train,srcgrp_fa2263c27d459924,src_global_opn_shop_cubbies,mixed_display_or_collection,clear,global_cls__c10__source0p5,pair_letterbox_cls_patch__c100__source0p5__blend0p25,pairwise_conditional_logit_blend,pair_letterbox_cls_patch,100.0,0.5,0.25,0.6466148578182371,0.08344361581764952,0.04264277085926831,0.01173048512452104,0.215568270380324
img_bf2568cb2be8d7de,selection_conditional_full_development_oof_v2,dataset_test/01_opishnyan_ceramics/o233_2.jpg,01_opishnyan_ceramics,01_opishnyan_ceramics,True,0.8268907166467081,01_opishnyan_ceramics,03_bubnivka_ceramics,05_kosiv_ceramics,4,train,srcgrp_fa2263c27d459924,src_global_opn_shop_cubbies,vase_jug_or_vessel,clear,global_cls__c10__source0p5,pair_letterbox_cls_patch__c100__source0p5__blend0p25,pairwise_conditional_logit_blend,pair_letterbox_cls_patch,100.0,0.5,0.25,0.8268907166467081,0.03879881699874253,0.06632125118926145,0.002547023522859317,0.06544219164242861
img_e8127fb81bd27fec,selection_conditional_full_development_oof_v2,dataset_test/01_opishnyan_ceramics/o233_3.jpg,01_opishnyan_ceramics,01_opishnyan_ceramics,True,0.9475510550772146,01_opishnyan_ceramics,03_bubnivka_ceramics,02_ornek,4,train,srcgrp_fa2263c27d459924,src_global_opn_shop_cubbies,cup_or_mug,clear,global_cls__c10__source0p5,pair_letterbox_cls_patch__c100__source0p5__blend0p25,pairwise_conditional_logit_blend,pair_letterbox_cls_patch,100.0,0.5,0.25,0.9475510550772146,0.01472132671949158,0.02939738587473776,0.001563350603237542,0.006766881725318624
img_2f3ed4137c861ee2,selection_conditional_full_development_oof_v2,dataset_test/01_opishnyan_ceramics/o234.jpg,01_opishnyan_ceramics,03_bubnivka_ceramics,False,0.8354652203730121,03_bubnivka_ceramics,02_ornek,01_opishnyan_ceramics,4,train,srcgrp_fa2263c27d459924,src_global_opn_shop_cubbies,unreviewed,unreviewed,global_cls__c10__source0p5,pair_letterbox_cls_patch__c100__source0p5__blend0p25,pairwise_conditional_logit_blend,pair_letterbox_cls_patch,100.0,0.5,0.25,0.021277841836846702,0.13351812126000967,0.8354652203730121,0.0022409648927018922,0.007497851637429526
img_b7e0b2ede17d36e7,selection_conditional_full_development_oof_v2,dataset_test/01_opishnyan_ceramics/o235_1.jpg,01_opishnyan_ceramics,05_kosiv_ceramics,False,0.877961964710203,05_kosiv_ceramics,01_opishnyan_ceramics,03_bubnivka_ceramics,4,train,srcgrp_fa2263c27d459924,src_global_opn_shop_cubbies,mixed_display_or_collection,clear,global_cls__c10__source0p5,pair_letterbox_cls_patch__c100__source0p5__blend0p25,pairwise_conditional_logit_blend,pair_letterbox_cls_patch,100.0,0.5,0.25,0.08437254786451676,0.010065846305215566,0.026308698291051393,0.0012909428290131134,0.877961964710203
img_0073e7843cacc5ea,selection_conditional_full_development_oof_v2,dataset_test/01_opishnyan_ceramics/o235_2.jpg,01_opishnyan_ceramics,05_kosiv_ceramics,False,0.8053672243049224,05_kosiv_ceramics,01_opishnyan_ceramics,03_bubnivka_ceramics,4,train,srcgrp_fa2263c27d459924,src_global_opn_shop_cubbies,mixed_display_or_collection,clear,global_cls__c10__source0p5,pair_letterbox_cls_patch__c100__source0p5__blend0p25,pairwise_conditional_logit_blend,pair_letterbox_cls_patch,100.0,0.5,0.25,0.12396512043657228,0.01402836201696979,0.054463718338666686,0.0021755749028688374,0.8053672243049224
img_32a414b9e34e09e4,selection_conditional_full_development_oof_v2,dataset_test/01_opishnyan_ceramics/o235_3.jpg,01_opishnyan_ceramics,01_opishnyan_ceramics,True,0.591486443124046,01_opishnyan_ceramics,03_bubnivka_ceramics,05_kosiv_ceramics,4,train,srcgrp_fa2263c27d459924,src_global_opn_shop_cubbies,vase_jug_or_vessel,clear,global_cls__c10__source0p5,pair_letterbox_cls_patch__c100__source0p5__blend0p25,pairwise_conditional_logit_blend,pair_letterbox_cls_patch,100.0,0.5,0.25,0.591486443124046,0.011904470306096742,0.2611564589474637,0.0012535986281597918,0.13419902899423372
img_28c1918ca97d1115,selection_conditional_full_development_oof_v2,dataset_test/01_opishnyan_ceramics/o235_4.jpg,01_opishnyan_ceramics,01_opishnyan_ceramics,True,0.6551990110666056,01_opishnyan_ceramics,05_kosiv_ceramics,03_bubnivka_ceramics,4,train,srcgrp_fa2263c27d459924,src_global_opn_shop_cubbies,plate_or_bowl,clear,global_cls__c10__source0p5,pair_letterbox_cls_patch__c100__source0p5__blend0p25,pairwise_conditional_logit_blend,pair_letterbox_cls_patch,100.0,0.5,0.25,0.6551990110666056,0.047915402394768256,0.12210286912490255,0.0141607621870277,0.1606219552266958
img_caa40d4251d63e80,selection_conditional_full_development_oof_v2,dataset_test/01_opishnyan_ceramics/o235_5.jpg,01_opishnyan_ceramics,01_opishnyan_ceramics,True,0.5603291713997244,01_opishnyan_ceramics,05_kosiv_ceramics,03_bubnivka_ceramics,4,train,srcgrp_fa2263c27d459924,src_global_opn_shop_cubbies,cup_or_mug,clear,global_cls__c10__source0p5,pair_letterbox_cls_patch__c100__source0p5__blend0p25,pairwise_conditional_logit_blend,pair_letterbox_cls_patch,100.0,0.5,0.25,0.5603291713997244,0.05422952200264713,0.08948473610614696,0.004916744884620235,0.29103982560686137
img_536eca24f8d35a34,selection_conditional_full_development_oof_v2,dataset_test/01_opishnyan_ceramics/o236_1.jpg,01_opishnyan_ceramics,01_opishnyan_ceramics,True,0.3959127970498168,01_opishnyan_ceramics,05_kosiv_ceramics,03_bubnivka_ceramics,4,train,srcgrp_fa2263c27d459924,src_global_opn_shop_cubbies,mixed_display_or_collection,clear,global_cls__c10__source0p5,pair_letterbox_cls_patch__c100__source0p5__blend0p25,pairwise_conditional_logit_blend,pair_letterbox_cls_patch,100.0,0.5,0.25,0.3959127970498168,0.015228503390163687,0.24190013599720475,0.009996360189747156,0.3369622033730676
img_8ef8f15220cb71f2,selection_conditional_full_development_oof_v2,dataset_test/01_opishnyan_ceramics/o236_2.jpg,01_opishnyan_ceramics,05_kosiv_ceramics,False,0.560530884123354,05_kosiv_ceramics,01_opishnyan_ceramics,03_bubnivka_ceramics,4,train,srcgrp_fa2263c27d459924,src_global_opn_shop_cubbies,mixed_display_or_collection,clear,global_cls__c10__source0p5,pair_letterbox_cls_patch__c100__source0p5__blend0p25,pairwise_conditional_logit_blend,pair_letterbox_cls_patch,100.0,0.5,0.25,0.19509063979767605,0.06190587434187146,0.17226689635677817,0.010205705380320448,0.560530884123354
img_ae80dc127da457bb,selection_conditional_full_development_oof_v2,dataset_test/01_opishnyan_ceramics/o236_3.jpg,01_opishnyan_ceramics,01_opishnyan_ceramics,True,0.7716408034123727,01_opishnyan_ceramics,04_petrykivka_painting,02_ornek,4,train,srcgrp_fa2263c27d459924,src_global_opn_shop_cubbies,plate_or_bowl,clear,global_cls__c10__source0p5,pair_letterbox_cls_patch__c100__source0p5__blend0p25,pairwise_conditional_logit_blend,pair_letterbox_cls_patch,100.0,0.5,0.25,0.7716408034123727,0.044759601323495095,0.025856624066021412,0.12102350382936915,0.03671946736874165
img_61a6858fa49e6e18,selection_conditional_full_development_oof_v2,dataset_test/01_opishnyan_ceramics/o236_4.jpg,01_opishnyan_ceramics,01_opishnyan_ceramics,True,0.5547352580860132,01_opishnyan_ceramics,05_kosiv_ceramics,03_bubnivka_ceramics,4,train,srcgrp_fa2263c27d459924,src_global_opn_shop_cubbies,plate_or_bowl,clear,global_cls__c10__source0p5,pair_letterbox_cls_patch__c100__source0p5__blend0p25,pairwise_conditional_logit_blend,pair_letterbox_cls_patch,100.0,0.5,0.25,0.5547352580860132,0.03249948689773674,0.15009391995695062,0.10467104408305836,0.1580002909762411
img_dd839aa9664e10d1,selection_conditional_full_development_oof_v2,dataset_test/01_opishnyan_ceramics/o236_5.jpg,01_opishnyan_ceramics,01_opishnyan_ceramics,True,0.8447830973580834,01_opishnyan_ceramics,03_bubnivka_ceramics,05_kosiv_ceramics,4,train,srcgrp_fa2263c27d459924,src_global_opn_shop_cubbies,cup_or_mug,clear,global_cls__c10__source0p5,pair_letterbox_cls_patch__c100__source0p5__blend0p25,pairwise_conditional_logit_blend,pair_letterbox_cls_patch,100.0,0.5,0.25,0.8447830973580834,0.010777118841464187,0.1026957873151257,0.006025156273276436,0.03571884021205044
img_1e033e767348e35d,selection_conditional_full_development_oof_v2,dataset_test/01_opishnyan_ceramics/o237_1.jpg,01_opishnyan_ceramics,01_opishnyan_ceramics,True,0.744135008394037,01_opishnyan_ceramics,03_bubnivka_ceramics,05_kosiv_ceramics,4,train,srcgrp_2f3fc2708dc7b50c,src_global_opn_shelf_figurines,figurine_or_sculpture,clear,global_cls__c10__source0p5,pair_letterbox_cls_patch__c100__source0p5__blend0p25,pairwise_conditional_logit_blend,pair_letterbox_cls_patch,100.0,0.5,0.25,0.744135008394037,0.0025362868225282894,0.16379505032509564,0.003868787900189054,0.08566486655814981
img_9b70353b6ec9307e,selection_conditional_full_development_oof_v2,dataset_test/01_opishnyan_ceramics/o237_2.jpg,01_opishnyan_ceramics,01_opishnyan_ceramics,True,0.8520909286540677,01_opishnyan_ceramics,05_kosiv_ceramics,03_bubnivka_ceramics,4,train,srcgrp_2f3fc2708dc7b50c,src_global_opn_shelf_figurines,figurine_or_sculpture,clear,global_cls__c10__source0p5,pair_letterbox_cls_patch__c100__source0p5__blend0p25,pairwise_conditional_logit_blend,pair_letterbox_cls_patch,100.0,0.5,0.25,0.8520909286540677,0.004586630375744414,0.018797470443589766,0.005568830645820518,0.11895613988077756
img_1dee0a163255c260,selection_conditional_full_development_oof_v2,dataset_test/01_opishnyan_ceramics/o237_3.jpg,01_opishnyan_ceramics,01_opishnyan_ceramics,True,0.8950464585175142,01_opishnyan_ceramics,03_bubnivka_ceramics,05_kosiv_ceramics,4,train,srcgrp_2f3fc2708dc7b50c,src_global_opn_shelf_figurines,figurine_or_sculpture,clear,global_cls__c10__source0p5,pair_letterbox_cls_patch__c100__source0p5__blend0p25,pairwise_conditional_logit_blend,pair_letterbox_cls_patch,100.0,0.5,0.25,0.8950464585175142,0.0007673669111613244,0.05232811789657494,0.004225583932422555,0.04763247274232685
img_8e4e2df20591c6c2,selection_conditional_full_development_oof_v2,dataset_test/01_opishnyan_ceramics/o237_4.jpg,01_opishnyan_ceramics,03_bubnivka_ceramics,False,0.7397902523883846,03_bubnivka_ceramics,01_opishnyan_ceramics,05_kosiv_ceramics,4,train,srcgrp_2f3fc2708dc7b50c,src_global_opn_shelf_figurines,mixed_display_or_collection,partial,global_cls__c10__source0p5,pair_letterbox_cls_patch__c100__source0p5__blend0p25,pairwise_conditional_logit_blend,pair_letterbox_cls_patch,100.0,0.5,0.25,0.24944945493535817,0.0016627287036737688,0.7397902523883846,0.002689793510562604,0.006407770462020842
img_522edcd776a0834e,selection_conditional_full_development_oof_v2,dataset_test/01_opishnyan_ceramics/o237_5.jpg,01_opishnyan_ceramics,01_opishnyan_ceramics,True,0.7090623898268775,01_opishnyan_ceramics,03_bubnivka_ceramics,05_kosiv_ceramics,4,train,srcgrp_2f3fc2708dc7b50c,src_global_opn_shelf_figurines,mixed_display_or_collection,small,global_cls__c10__source0p5,pair_letterbox_cls_patch__c100__source0p5__blend0p25,pairwise_conditional_logit_blend,pair_letterbox_cls_patch,100.0,0.5,0.25,0.7090623898268775,0.008306619976166564,0.1934007294329867,0.0011531473572365788,0.08807711340673272
img_016ad741c5ec6aee,selection_conditional_full_development_oof_v2,dataset_test/01_opishnyan_ceramics/o248_1.jpg,01_opishnyan_ceramics,01_opishnyan_ceramics,True,0.6409251064920775,01_opishnyan_ceramics,02_ornek,05_kosiv_ceramics,0,train,srcgrp_b30951e6e0850d05,src_global_opn_roundmark_catalog,other,clear,global_cls__c10__source0p5,pair_letterbox_cls_patch__c100__source0p5__blend0p25,pairwise_conditional_logit_blend,pair_letterbox_cls_patch,100.0,0.5,0.25,0.6409251064920775,0.340890841902412,0.0030767964525570423,0.00030430860986538474,0.014802946543088013
img_16adda10446f0f8e,selection_conditional_full_development_oof_v2,dataset_test/01_opishnyan_ceramics/o248_2.jpg,01_opishnyan_ceramics,01_opishnyan_ceramics,True,0.9967657359718509,01_opishnyan_ceramics,02_ornek,04_petrykivka_painting,0,train,srcgrp_b30951e6e0850d05,src_global_opn_roundmark_catalog,other,partial,global_cls__c10__source0p5,pair_letterbox_cls_patch__c100__source0p5__blend0p25,pairwise_conditional_logit_blend,pair_letterbox_cls_patch,100.0,0.5,0.25,0.9967657359718509,0.0025286464498962625,8.579955616414535e-05,0.00047117394569885356,0.00014864407638975853
img_405b61e590499e61,selection_conditional_full_development_oof_v2,dataset_test/01_opishnyan_ceramics/o252.jpg,01_opishnyan_ceramics,01_opishnyan_ceramics,True,0.7585912563702246,01_opishnyan_ceramics,02_ornek,03_bubnivka_ceramics,0,train,srcgrp_b30951e6e0850d05,src_global_opn_roundmark_catalog,unreviewed,unreviewed,global_cls__c10__source0p5,pair_letterbox_cls_patch__c100__source0p5__blend0p25,pairwise_conditional_logit_blend,pair_letterbox_cls_patch,100.0,0.5,0.25,0.7585912563702246,0.21765733322827216,0.011857933132039679,0.005195299382964666,0.006698177886498855
img_1fce5d45a91c61fe,selection_conditional_full_development_oof_v2,dataset_test/01_opishnyan_ceramics/o254.jpg,01_opishnyan_ceramics,01_opishnyan_ceramics,True,0.8997446036904384,01_opishnyan_ceramics,02_ornek,05_kosiv_ceramics,0,train,srcgrp_b30951e6e0850d05,src_global_opn_roundmark_catalog,unreviewed,unreviewed,global_cls__c10__source0p5,pair_letterbox_cls_patch__c100__source0p5__blend0p25,pairwise_conditional_logit_blend,pair_letterbox_cls_patch,100.0,0.5,0.25,0.8997446036904384,0.09364269456422004,0.0015484659274927993,0.0014272046117831407,0.0036370312060655533
img_dc38208d2ad0ac7d,selection_conditional_full_development_oof_v2,dataset_test/01_opishnyan_ceramics/o257.jpg,01_opishnyan_ceramics,01_opishnyan_ceramics,True,0.6858077467612373,01_opishnyan_ceramics,02_ornek,04_petrykivka_painting,0,train,srcgrp_b30951e6e0850d05,src_global_opn_roundmark_catalog,unreviewed,unreviewed,global_cls__c10__source0p5,pair_letterbox_cls_patch__c100__source0p5__blend0p25,pairwise_conditional_logit_blend,pair_letterbox_cls_patch,100.0,0.5,0.25,0.6858077467612373,0.30926046817510955,0.0017021208158181696,0.001768841903405504,0.0014608223444292844
img_c1f5897b897625cd,selection_conditional_full_development_oof_v2,dataset_test/01_opishnyan_ceramics/o264_1.jpg,01_opishnyan_ceramics,01_opishnyan_ceramics,True,0.8888446899884648,01_opishnyan_ceramics,05_kosiv_ceramics,03_bubnivka_ceramics,0,train,srcgrp_b30951e6e0850d05,src_global_opn_roundmark_catalog,figurine_or_sculpture,clear,global_cls__c10__source0p5,pair_letterbox_cls_patch__c100__source0p5__blend0p25,pairwise_conditional_logit_blend,pair_letterbox_cls_patch,100.0,0.5,0.25,0.8888446899884648,0.0012303403521795196,0.01412405283961318,0.0011455247218023926,0.09465539209794009
img_ee917848c0e2ac85,selection_conditional_full_development_oof_v2,dataset_test/01_opishnyan_ceramics/o264_2.jpg,01_opishnyan_ceramics,01_opishnyan_ceramics,True,0.8392517988112879,01_opishnyan_ceramics,05_kosiv_ceramics,03_bubnivka_ceramics,0,train,srcgrp_b30951e6e0850d05,src_global_opn_roundmark_catalog,figurine_or_sculpture,clear,global_cls__c10__source0p5,pair_letterbox_cls_patch__c100__source0p5__blend0p25,pairwise_conditional_logit_blend,pair_letterbox_cls_patch,100.0,0.5,0.25,0.8392517988112879,0.003949374257420623,0.01689584725654838,0.006533541472290808,0.13336943820245248
img_d9f2362b82df1168,selection_conditional_full_development_oof_v2,dataset_test/01_opishnyan_ceramics/o274.jpg,01_opishnyan_ceramics,01_opishnyan_ceramics,True,0.9988907250586856,01_opishnyan_ceramics,02_ornek,05_kosiv_ceramics,0,train,srcgrp_b30951e6e0850d05,src_global_opn_roundmark_catalog,unreviewed,unreviewed,global_cls__c10__source0p5,pair_letterbox_cls_patch__c100__source0p5__blend0p25,pairwise_conditional_logit_blend,pair_letterbox_cls_patch,100.0,0.5,0.25,0.9988907250586856,0.0006845131399626289,8.204260796620651e-05,6.656573403126124e-05,0.0002761534593543155
img_c581eedca86c58c7,selection_conditional_full_development_oof_v2,dataset_test/01_opishnyan_ceramics/o280.jpg,01_opishnyan_ceramics,01_opishnyan_ceramics,True,0.9879976861147326,01_opishnyan_ceramics,02_ornek,05_kosiv_ceramics,0,train,srcgrp_b30951e6e0850d05,src_global_opn_roundmark_catalog,unreviewed,unreviewed,global_cls__c10__source0p5,pair_letterbox_cls_patch__c100__source0p5__blend0p25,pairwise_conditional_logit_blend,pair_letterbox_cls_patch,100.0,0.5,0.25,0.9879976861147326,0.005277428658037153,0.0023996660956163707,0.0009592384448892517,0.0033659806867245346
img_132232fc5279c9dc,selection_conditional_full_development_oof_v2,dataset_test/01_opishnyan_ceramics/o283.jpeg,01_opishnyan_ceramics,01_opishnyan_ceramics,True,0.6198754051143572,01_opishnyan_ceramics,02_ornek,05_kosiv_ceramics,0,train,srcgrp_b30951e6e0850d05,src_global_opn_roundmark_catalog,unreviewed,unreviewed,global_cls__c10__source0p5,pair_letterbox_cls_patch__c100__source0p5__blend0p25,pairwise_conditional_logit_blend,pair_letterbox_cls_patch,100.0,0.5,0.25,0.6198754051143572,0.3220341186509256,0.0021721691557200595,0.015742039051491834,0.04017626802750519
img_4b15a6fe65b93e55,selection_conditional_full_development_oof_v2,dataset_test/01_opishnyan_ceramics/o284.jpeg,01_opishnyan_ceramics,02_ornek,False,0.4322907453192299,02_ornek,01_opishnyan_ceramics,05_kosiv_ceramics,0,train,srcgrp_b30951e6e0850d05,src_global_opn_roundmark_catalog,other,clear,global_cls__c10__source0p5,pair_letterbox_cls_patch__c100__source0p5__blend0p25,pairwise_conditional_logit_blend,pair_letterbox_cls_patch,100.0,0.5,0.25,0.3926458170366629,0.4322907453192299,0.0034048512892540495,0.024804469838450055,0.14685411651640315
img_56cba7ae17031ba8,selection_conditional_full_development_oof_v2,dataset_test/01_opishnyan_ceramics/o286_2.jpg,01_opishnyan_ceramics,01_opishnyan_ceramics,True,0.9746673433848658,01_opishnyan_ceramics,03_bubnivka_ceramics,04_petrykivka_painting,0,train,srcgrp_b30951e6e0850d05,src_global_opn_roundmark_catalog,figurine_or_sculpture,clear,global_cls__c10__source0p5,pair_letterbox_cls_patch__c100__source0p5__blend0p25,pairwise_conditional_logit_blend,pair_letterbox_cls_patch,100.0,0.5,0.25,0.9746673433848658,0.001194983065577444,0.021819548214507028,0.0012608223012040615,0.0010573030338454589
img_bad71dee8ab659a6,selection_conditional_full_development_oof_v2,dataset_test/01_opishnyan_ceramics/o292.jpg,01_opishnyan_ceramics,01_opishnyan_ceramics,True,0.9483067179218786,01_opishnyan_ceramics,02_ornek,05_kosiv_ceramics,0,train,srcgrp_b30951e6e0850d05,src_global_opn_roundmark_catalog,vase_jug_or_vessel,clear,global_cls__c10__source0p5,pair_letterbox_cls_patch__c100__source0p5__blend0p25,pairwise_conditional_logit_blend,pair_letterbox_cls_patch,100.0,0.5,0.25,0.9483067179218786,0.036748480747959195,0.001768506947268524,0.0039803946101311,0.009195899772762651
img_1e2d829fb4be622d,selection_conditional_full_development_oof_v2,dataset_test/01_opishnyan_ceramics/o292_2.jpg,01_opishnyan_ceramics,01_opishnyan_ceramics,True,0.9864423864822656,01_opishnyan_ceramics,02_ornek,05_kosiv_ceramics,0,train,srcgrp_b30951e6e0850d05,src_global_opn_roundmark_catalog,vase_jug_or_vessel,clear,global_cls__c10__source0p5,pair_letterbox_cls_patch__c100__source0p5__blend0p25,pairwise_conditional_logit_blend,pair_letterbox_cls_patch,100.0,0.5,0.25,0.9864423864822656,0.01011042069644508,0.0013417228424735922,0.0006094658148517132,0.0014960041639640312
img_5c8289caa32140d6,selection_conditional_full_development_oof_v2,dataset_test/01_opishnyan_ceramics/o295.jpg,01_opishnyan_ceramics,01_opishnyan_ceramics,True,0.9779035462144136,01_opishnyan_ceramics,05_kosiv_ceramics,02_ornek,0,train,srcgrp_b30951e6e0850d05,src_global_opn_roundmark_catalog,unreviewed,unreviewed,global_cls__c10__source0p5,pair_letterbox_cls_patch__c100__source0p5__blend0p25,pairwise_conditional_logit_blend,pair_letterbox_cls_patch,100.0,0.5,0.25,0.9779035462144136,0.007691422315370424,0.0028660880907112416,0.0009387468250508525,0.010600196554454159
img_afdca78c8e225301,selection_conditional_full_development_oof_v2,dataset_test/01_opishnyan_ceramics/o299.jpeg,01_opishnyan_ceramics,01_opishnyan_ceramics,True,0.9930729539194163,01_opishnyan_ceramics,02_ornek,05_kosiv_ceramics,0,train,srcgrp_b30951e6e0850d05,src_global_opn_roundmark_catalog,unreviewed,unreviewed,global_cls__c10__source0p5,pair_letterbox_cls_patch__c100__source0p5__blend0p25,pairwise_conditional_logit_blend,pair_letterbox_cls_patch,100.0,0.5,0.25,0.9930729539194163,0.005265602189759102,0.00027702930847511907,0.00020926315651741137,0.001175151425832014
img_e6bbaf3dda9cc4c0,selection_conditional_full_development_oof_v2,dataset_test/01_opishnyan_ceramics/o303.jpeg,01_opishnyan_ceramics,01_opishnyan_ceramics,True,0.7853227398606533,01_opishnyan_ceramics,02_ornek,04_petrykivka_painting,0,train,srcgrp_b30951e6e0850d05,src_global_opn_roundmark_catalog,unreviewed,unreviewed,global_cls__c10__source0p5,pair_letterbox_cls_patch__c100__source0p5__blend0p25,pairwise_conditional_logit_blend,pair_letterbox_cls_patch,100.0,0.5,0.25,0.7853227398606533,0.1007613194012682,0.019247767511224517,0.06680627997239669,0.027861893254457343
img_7ce59b9e881e2c58,selection_conditional_full_development_oof_v2,dataset_test/01_opishnyan_ceramics/o308_1.jpg,01_opishnyan_ceramics,01_opishnyan_ceramics,True,0.9042526278616172,01_opishnyan_ceramics,02_ornek,03_bubnivka_ceramics,0,train,srcgrp_b30951e6e0850d05,src_global_opn_roundmark_catalog,vase_jug_or_vessel,clear,global_cls__c10__source0p5,pair_letterbox_cls_patch__c100__source0p5__blend0p25,pairwise_conditional_logit_blend,pair_letterbox_cls_patch,100.0,0.5,0.25,0.9042526278616172,0.04669741631503003,0.02707745994602356,0.002450908095824543,0.019521587781504736
img_9580e860d4b311cc,selection_conditional_full_development_oof_v2,dataset_test/01_opishnyan_ceramics/o308_2.jpg,01_opishnyan_ceramics,01_opishnyan_ceramics,True,0.8928253686402841,01_opishnyan_ceramics,02_ornek,03_bubnivka_ceramics,0,train,srcgrp_b30951e6e0850d05,src_global_opn_roundmark_catalog,vase_jug_or_vessel,clear,global_cls__c10__source0p5,pair_letterbox_cls_patch__c100__source0p5__blend0p25,pairwise_conditional_logit_blend,pair_letterbox_cls_patch,100.0,0.5,0.25,0.8928253686402841,0.05035059071184003,0.027753955767196484,0.0026028365770848086,0.02646724830359484
img_3ce592ed41633390,selection_conditional_full_development_oof_v2,dataset_test/01_opishnyan_ceramics/o312_1.jpg,01_opishnyan_ceramics,01_opishnyan_ceramics,True,0.8832840417932166,01_opishnyan_ceramics,02_ornek,05_kosiv_ceramics,0,train,srcgrp_b30951e6e0850d05,src_global_opn_roundmark_catalog,vase_jug_or_vessel,clear,global_cls__c10__source0p5,pair_letterbox_cls_patch__c100__source0p5__blend0p25,pairwise_conditional_logit_blend,pair_letterbox_cls_patch,100.0,0.5,0.25,0.8832840417932166,0.05810887547142902,0.005998580833763406,0.004730738551992751,0.04787776334959839
img_553b709122e73f33,selection_conditional_full_development_oof_v2,dataset_test/01_opishnyan_ceramics/o312_2.jpg,01_opishnyan_ceramics,01_opishnyan_ceramics,True,0.8798874744922589,01_opishnyan_ceramics,02_ornek,05_kosiv_ceramics,0,train,srcgrp_b30951e6e0850d05,src_global_opn_roundmark_catalog,vase_jug_or_vessel,clear,global_cls__c10__source0p5,pair_letterbox_cls_patch__c100__source0p5__blend0p25,pairwise_conditional_logit_blend,pair_letterbox_cls_patch,100.0,0.5,0.25,0.8798874744922589,0.061174378696036306,0.003710852588309801,0.004684972956339025,0.050542321267055795
img_d5fc4b4084497255,selection_conditional_full_development_oof_v2,dataset_test/01_opishnyan_ceramics/o319_1.jpeg,01_opishnyan_ceramics,01_opishnyan_ceramics,True,0.5262151799654293,01_opishnyan_ceramics,03_bubnivka_ceramics,02_ornek,0,train,srcgrp_b30951e6e0850d05,src_global_opn_roundmark_catalog,box_or_container,clear,global_cls__c10__source0p5,pair_letterbox_cls_patch__c100__source0p5__blend0p25,pairwise_conditional_logit_blend,pair_letterbox_cls_patch,100.0,0.5,0.25,0.5262151799654293,0.15031459271415018,0.1951519583260702,0.004198648495192041,0.12411962049915821
img_82597470ef24da72,selection_conditional_full_development_oof_v2,dataset_test/01_opishnyan_ceramics/o319_2.jpeg,01_opishnyan_ceramics,01_opishnyan_ceramics,True,0.9297765893526971,01_opishnyan_ceramics,03_bubnivka_ceramics,05_kosiv_ceramics,0,train,srcgrp_b30951e6e0850d05,src_global_opn_roundmark_catalog,box_or_container,clear,global_cls__c10__source0p5,pair_letterbox_cls_patch__c100__source0p5__blend0p25,pairwise_conditional_logit_blend,pair_letterbox_cls_patch,100.0,0.5,0.25,0.9297765893526971,0.00910384548691687,0.029115752534383064,0.004563303729221324,0.027440508896781495
img_af90f81ca583b88d,selection_conditional_full_development_oof_v2,dataset_test/01_opishnyan_ceramics/o321_1.jpg,01_opishnyan_ceramics,01_opishnyan_ceramics,True,0.6679572174851326,01_opishnyan_ceramics,02_ornek,05_kosiv_ceramics,0,train,srcgrp_b30951e6e0850d05,src_global_opn_roundmark_catalog,box_or_container,clear,global_cls__c10__source0p5,pair_letterbox_cls_patch__c100__source0p5__blend0p25,pairwise_conditional_logit_blend,pair_letterbox_cls_patch,100.0,0.5,0.25,0.6679572174851326,0.24677970125305446,0.01362229756024321,0.0037190297082297583,0.06792175399334012
img_3b58009f83299eb8,selection_conditional_full_development_oof_v2,dataset_test/01_opishnyan_ceramics/o321_2.jpg,01_opishnyan_ceramics,01_opishnyan_ceramics,True,0.9014746222166431,01_opishnyan_ceramics,02_ornek,03_bubnivka_ceramics,0,train,srcgrp_b30951e6e0850d05,src_global_opn_roundmark_catalog,box_or_container,clear,global_cls__c10__source0p5,pair_letterbox_cls_patch__c100__source0p5__blend0p25,pairwise_conditional_logit_blend,pair_letterbox_cls_patch,100.0,0.5,0.25,0.9014746222166431,0.053682492265964096,0.025400671771256742,0.005262730355338255,0.01417948339079762
img_18060d827c3daf81,selection_conditional_full_development_oof_v2,dataset_test/01_opishnyan_ceramics/o323.jpg,01_opishnyan_ceramics,01_opishnyan_ceramics,True,0.9527662804213372,01_opishnyan_ceramics,05_kosiv_ceramics,02_ornek,0,train,srcgrp_b30951e6e0850d05,src_global_opn_roundmark_catalog,unreviewed,unreviewed,global_cls__c10__source0p5,pair_letterbox_cls_patch__c100__source0p5__blend0p25,pairwise_conditional_logit_blend,pair_letterbox_cls_patch,100.0,0.5,0.25,0.9527662804213372,0.00656403175164205,0.005772611581082458,0.005282124733994541,0.029614951511943932
img_a8dc2d775ff6ee8c,selection_conditional_full_development_oof_v2,dataset_test/01_opishnyan_ceramics/o326_2.jpg,01_opishnyan_ceramics,01_opishnyan_ceramics,True,0.9742685592439447,01_opishnyan_ceramics,02_ornek,05_kosiv_ceramics,0,train,srcgrp_b30951e6e0850d05,src_global_opn_roundmark_catalog,cup_or_mug,clear,global_cls__c10__source0p5,pair_letterbox_cls_patch__c100__source0p5__blend0p25,pairwise_conditional_logit_blend,pair_letterbox_cls_patch,100.0,0.5,0.25,0.9742685592439447,0.023893135861346938,5.086849450537246e-05,0.0002479422360978966,0.001539494164104995
img_bcc8cd23126a5768,selection_conditional_full_development_oof_v2,dataset_test/01_opishnyan_ceramics/o330_1.jpeg,01_opishnyan_ceramics,01_opishnyan_ceramics,True,0.9429167539588115,01_opishnyan_ceramics,05_kosiv_ceramics,03_bubnivka_ceramics,0,train,srcgrp_b30951e6e0850d05,src_global_opn_roundmark_catalog,box_or_container,clear,global_cls__c10__source0p5,pair_letterbox_cls_patch__c100__source0p5__blend0p25,pairwise_conditional_logit_blend,pair_letterbox_cls_patch,100.0,0.5,0.25,0.9429167539588115,0.012230565650681077,0.01633173482028921,0.0010593170641123326,0.02746162850610615
img_42a15338b3c1eace,selection_conditional_full_development_oof_v2,dataset_test/01_opishnyan_ceramics/o330_2.jpeg,01_opishnyan_ceramics,01_opishnyan_ceramics,True,0.8976388941958274,01_opishnyan_ceramics,05_kosiv_ceramics,02_ornek,0,train,srcgrp_b30951e6e0850d05,src_global_opn_roundmark_catalog,box_or_container,clear,global_cls__c10__source0p5,pair_letterbox_cls_patch__c100__source0p5__blend0p25,pairwise_conditional_logit_blend,pair_letterbox_cls_patch,100.0,0.5,0.25,0.8976388941958274,0.036891207199305484,0.014746743778174354,0.0023147948597760544,0.04840835996691658
img_5d3a6947e0671de9,selection_conditional_full_development_oof_v2,dataset_test/01_opishnyan_ceramics/o336_1.jpg,01_opishnyan_ceramics,01_opishnyan_ceramics,True,0.9223229493762234,01_opishnyan_ceramics,02_ornek,04_petrykivka_painting,0,train,srcgrp_b30951e6e0850d05,src_global_opn_roundmark_catalog,vase_jug_or_vessel,clear,global_cls__c10__source0p5,pair_letterbox_cls_patch__c100__source0p5__blend0p25,pairwise_conditional_logit_blend,pair_letterbox_cls_patch,100.0,0.5,0.25,0.9223229493762234,0.03365320085862451,0.01474880248233906,0.024658657546328715,0.004616389736484473
img_a2ca5dbabca1ea65,selection_conditional_full_development_oof_v2,dataset_test/01_opishnyan_ceramics/o336_2.jpg,01_opishnyan_ceramics,01_opishnyan_ceramics,True,0.7865214677546972,01_opishnyan_ceramics,03_bubnivka_ceramics,02_ornek,0,train,srcgrp_b30951e6e0850d05,src_global_opn_roundmark_catalog,vase_jug_or_vessel,clear,global_cls__c10__source0p5,pair_letterbox_cls_patch__c100__source0p5__blend0p25,pairwise_conditional_logit_blend,pair_letterbox_cls_patch,100.0,0.5,0.25,0.7865214677546972,0.09070924903846406,0.10712724776751455,0.007345745092200074,0.008296290347123994
img_295ae82551ac46e5,selection_conditional_full_development_oof_v2,dataset_test/01_opishnyan_ceramics/o337_1.jpg,01_opishnyan_ceramics,01_opishnyan_ceramics,True,0.9746356310023698,01_opishnyan_ceramics,05_kosiv_ceramics,02_ornek,0,train,srcgrp_b30951e6e0850d05,src_global_opn_roundmark_catalog,vase_jug_or_vessel,clear,global_cls__c10__source0p5,pair_letterbox_cls_patch__c100__source0p5__blend0p25,pairwise_conditional_logit_blend,pair_letterbox_cls_patch,100.0,0.5,0.25,0.9746356310023698,0.007436029463607466,0.001135197304967083,0.002808863775316003,0.013984278453739576
img_50bb507662906a8a,selection_conditional_full_development_oof_v2,dataset_test/01_opishnyan_ceramics/o337_2.jpg,01_opishnyan_ceramics,01_opishnyan_ceramics,True,0.9384989412239301,01_opishnyan_ceramics,05_kosiv_ceramics,02_ornek,0,train,srcgrp_b30951e6e0850d05,src_global_opn_roundmark_catalog,vase_jug_or_vessel,clear,global_cls__c10__source0p5,pair_letterbox_cls_patch__c100__source0p5__blend0p25,pairwise_conditional_logit_blend,pair_letterbox_cls_patch,100.0,0.5,0.25,0.9384989412239301,0.018641356502780128,0.0018114702718009061,0.004009443344037255,0.03703878865745154
img_734752b738511b0d,selection_conditional_full_development_oof_v2,dataset_test/01_opishnyan_ceramics/o337_3.jpg,01_opishnyan_ceramics,01_opishnyan_ceramics,True,0.9792966055142945,01_opishnyan_ceramics,02_ornek,03_bubnivka_ceramics,0,train,srcgrp_b30951e6e0850d05,src_global_opn_roundmark_catalog,vase_jug_or_vessel,clear,global_cls__c10__source0p5,pair_letterbox_cls_patch__c100__source0p5__blend0p25,pairwise_conditional_logit_blend,pair_letterbox_cls_patch,100.0,0.5,0.25,0.9792966055142945,0.008560479082828087,0.005601258515547905,0.0011123506765492207,0.005429306210780361
img_4cb33cee2798a612,selection_conditional_full_development_oof_v2,dataset_test/01_opishnyan_ceramics/o342.jpg,01_opishnyan_ceramics,01_opishnyan_ceramics,True,0.9912083491132939,01_opishnyan_ceramics,02_ornek,03_bubnivka_ceramics,0,train,srcgrp_b30951e6e0850d05,src_global_opn_roundmark_catalog,unreviewed,unreviewed,global_cls__c10__source0p5,pair_letterbox_cls_patch__c100__source0p5__blend0p25,pairwise_conditional_logit_blend,pair_letterbox_cls_patch,100.0,0.5,0.25,0.9912083491132939,0.005112902838064021,0.0015013290739996042,0.001325720497716093,0.0008516984769264719
img_74f059af8cdcd958,selection_conditional_full_development_oof_v2,dataset_test/01_opishnyan_ceramics/o345.jpeg,01_opishnyan_ceramics,01_opishnyan_ceramics,True,0.896689447185955,01_opishnyan_ceramics,02_ornek,05_kosiv_ceramics,0,train,srcgrp_b30951e6e0850d05,src_global_opn_roundmark_catalog,unreviewed,unreviewed,global_cls__c10__source0p5,pair_letterbox_cls_patch__c100__source0p5__blend0p25,pairwise_conditional_logit_blend,pair_letterbox_cls_patch,100.0,0.5,0.25,0.896689447185955,0.08085689609117762,0.005826180297648411,0.001286551266700957,0.015340925158517862
img_1ca9f2febeaf6ae4,selection_conditional_full_development_oof_v2,dataset_test/01_opishnyan_ceramics/o349.jpg,01_opishnyan_ceramics,01_opishnyan_ceramics,True,0.8874288253726937,01_opishnyan_ceramics,05_kosiv_ceramics,02_ornek,0,train,srcgrp_b30951e6e0850d05,src_global_opn_roundmark_catalog,unreviewed,unreviewed,global_cls__c10__source0p5,pair_letterbox_cls_patch__c100__source0p5__blend0p25,pairwise_conditional_logit_blend,pair_letterbox_cls_patch,100.0,0.5,0.25,0.8874288253726937,0.019921278337288267,0.005270978794531038,0.006774052344473687,0.08060486515101298
img_39b616188fad4eaa,selection_conditional_full_development_oof_v2,dataset_test/01_opishnyan_ceramics/o353.jpg,01_opishnyan_ceramics,01_opishnyan_ceramics,True,0.7474972881088372,01_opishnyan_ceramics,03_bubnivka_ceramics,02_ornek,0,train,srcgrp_b30951e6e0850d05,src_global_opn_roundmark_catalog,unreviewed,unreviewed,global_cls__c10__source0p5,pair_letterbox_cls_patch__c100__source0p5__blend0p25,pairwise_conditional_logit_blend,pair_letterbox_cls_patch,100.0,0.5,0.25,0.7474972881088372,0.04983334692467076,0.1755637326783504,0.003985456755575912,0.023120175532565644
img_d796eebc07c2e289,selection_conditional_full_development_oof_v2,dataset_test/01_opishnyan_ceramics/o355.jpg,01_opishnyan_ceramics,01_opishnyan_ceramics,True,0.9442130623456462,01_opishnyan_ceramics,03_bubnivka_ceramics,02_ornek,0,train,srcgrp_b30951e6e0850d05,src_global_opn_roundmark_catalog,unreviewed,unreviewed,global_cls__c10__source0p5,pair_letterbox_cls_patch__c100__source0p5__blend0p25,pairwise_conditional_logit_blend,pair_letterbox_cls_patch,100.0,0.5,0.25,0.9442130623456462,0.014469230468020277,0.01766377166347227,0.011429034831926886,0.012224900690934737
img_74538819b5b0bbf1,selection_conditional_full_development_oof_v2,dataset_test/01_opishnyan_ceramics/o358.jpg,01_opishnyan_ceramics,01_opishnyan_ceramics,True,0.9805281814189205,01_opishnyan_ceramics,02_ornek,03_bubnivka_ceramics,0,train,srcgrp_b30951e6e0850d05,src_global_opn_roundmark_catalog,unreviewed,unreviewed,global_cls__c10__source0p5,pair_letterbox_cls_patch__c100__source0p5__blend0p25,pairwise_conditional_logit_blend,pair_letterbox_cls_patch,100.0,0.5,0.25,0.9805281814189205,0.005908877392719712,0.0055195732407128705,0.005472079786434129,0.002571288161212876
img_0d5c7708357a9e5b,selection_conditional_full_development_oof_v2,dataset_test/01_opishnyan_ceramics/o360.jpg,01_opishnyan_ceramics,01_opishnyan_ceramics,True,0.9652495051179696,01_opishnyan_ceramics,02_ornek,03_bubnivka_ceramics,0,train,srcgrp_b30951e6e0850d05,src_global_opn_roundmark_catalog,unreviewed,unreviewed,global_cls__c10__source0p5,pair_letterbox_cls_patch__c100__source0p5__blend0p25,pairwise_conditional_logit_blend,pair_letterbox_cls_patch,100.0,0.5,0.25,0.9652495051179696,0.019957691608081796,0.008542871953218657,0.005448195927081763,0.000801735393648236
img_44dae0b6e6112b8f,selection_conditional_full_development_oof_v2,dataset_test/01_opishnyan_ceramics/o362_1.jpg,01_opishnyan_ceramics,01_opishnyan_ceramics,True,0.9325491371967132,01_opishnyan_ceramics,02_ornek,03_bubnivka_ceramics,0,train,srcgrp_b30951e6e0850d05,src_global_opn_roundmark_catalog,cup_or_mug,clear,global_cls__c10__source0p5,pair_letterbox_cls_patch__c100__source0p5__blend0p25,pairwise_conditional_logit_blend,pair_letterbox_cls_patch,100.0,0.5,0.25,0.9325491371967132,0.05349187189817694,0.008729270243261242,0.0003586294043211474,0.004871091257527616
img_4abb9030b7959c85,selection_conditional_full_development_oof_v2,dataset_test/01_opishnyan_ceramics/o362_2.jpg,01_opishnyan_ceramics,01_opishnyan_ceramics,True,0.9621433175359588,01_opishnyan_ceramics,02_ornek,03_bubnivka_ceramics,0,train,srcgrp_b30951e6e0850d05,src_global_opn_roundmark_catalog,cup_or_mug,clear,global_cls__c10__source0p5,pair_letterbox_cls_patch__c100__source0p5__blend0p25,pairwise_conditional_logit_blend,pair_letterbox_cls_patch,100.0,0.5,0.25,0.9621433175359588,0.027902691929163965,0.007141694691329108,0.00016440793754165047,0.0026478879060063826
img_ce2b553062ec2b5f,selection_conditional_full_development_oof_v2,dataset_test/01_opishnyan_ceramics/o365_1.jpg,01_opishnyan_ceramics,01_opishnyan_ceramics,True,0.9812639384034723,01_opishnyan_ceramics,02_ornek,03_bubnivka_ceramics,0,train,srcgrp_b30951e6e0850d05,src_global_opn_roundmark_catalog,cup_or_mug,clear,global_cls__c10__source0p5,pair_letterbox_cls_patch__c100__source0p5__blend0p25,pairwise_conditional_logit_blend,pair_letterbox_cls_patch,100.0,0.5,0.25,0.9812639384034723,0.012814501911044093,0.0038426602411994796,0.0007527716732900839,0.0013261277709940762
img_c86a1ccd325ec77a,selection_conditional_full_development_oof_v2,dataset_test/01_opishnyan_ceramics/o365_2.jpg,01_opishnyan_ceramics,01_opishnyan_ceramics,True,0.9263496826342317,01_opishnyan_ceramics,02_ornek,03_bubnivka_ceramics,0,train,srcgrp_b30951e6e0850d05,src_global_opn_roundmark_catalog,cup_or_mug,clear,global_cls__c10__source0p5,pair_letterbox_cls_patch__c100__source0p5__blend0p25,pairwise_conditional_logit_blend,pair_letterbox_cls_patch,100.0,0.5,0.25,0.9263496826342317,0.05224005521538908,0.017534105696729342,0.0007784762814855773,0.0030976801721645667
img_5e5f15214adb0fa2,selection_conditional_full_development_oof_v2,dataset_test/01_opishnyan_ceramics/o371_1.jpg,01_opishnyan_ceramics,01_opishnyan_ceramics,True,0.8692710003784485,01_opishnyan_ceramics,05_kosiv_ceramics,02_ornek,0,train,srcgrp_b30951e6e0850d05,src_global_opn_roundmark_catalog,cup_or_mug,clear,global_cls__c10__source0p5,pair_letterbox_cls_patch__c100__source0p5__blend0p25,pairwise_conditional_logit_blend,pair_letterbox_cls_patch,100.0,0.5,0.25,0.8692710003784485,0.02416492533518517,0.002486997186831976,0.014871381850328366,0.08920569524920582
img_aa5c718d24f4401f,selection_conditional_full_development_oof_v2,dataset_test/01_opishnyan_ceramics/o371_2.jpg,01_opishnyan_ceramics,01_opishnyan_ceramics,True,0.8938789349707765,01_opishnyan_ceramics,05_kosiv_ceramics,02_ornek,0,train,srcgrp_b30951e6e0850d05,src_global_opn_roundmark_catalog,cup_or_mug,clear,global_cls__c10__source0p5,pair_letterbox_cls_patch__c100__source0p5__blend0p25,pairwise_conditional_logit_blend,pair_letterbox_cls_patch,100.0,0.5,0.25,0.8938789349707765,0.013277671716735327,0.007220679669766675,0.002304004797389703,0.08331870884533185
img_a41f538eaa3ca4fd,selection_conditional_full_development_oof_v2,dataset_test/01_opishnyan_ceramics/o375_1.jpg,01_opishnyan_ceramics,01_opishnyan_ceramics,True,0.9584862805553773,01_opishnyan_ceramics,05_kosiv_ceramics,03_bubnivka_ceramics,0,train,srcgrp_b30951e6e0850d05,src_global_opn_roundmark_catalog,cup_or_mug,clear,global_cls__c10__source0p5,pair_letterbox_cls_patch__c100__source0p5__blend0p25,pairwise_conditional_logit_blend,pair_letterbox_cls_patch,100.0,0.5,0.25,0.9584862805553773,0.008997057973224603,0.010087715297155936,0.0024592934456412027,0.019969652728601118
img_d0833ac497c47d30,selection_conditional_full_development_oof_v2,dataset_test/01_opishnyan_ceramics/o375_3.jpg,01_opishnyan_ceramics,01_opishnyan_ceramics,True,0.9704962732477513,01_opishnyan_ceramics,05_kosiv_ceramics,02_ornek,0,train,srcgrp_b30951e6e0850d05,src_global_opn_roundmark_catalog,cup_or_mug,clear,global_cls__c10__source0p5,pair_letterbox_cls_patch__c100__source0p5__blend0p25,pairwise_conditional_logit_blend,pair_letterbox_cls_patch,100.0,0.5,0.25,0.9704962732477513,0.0071185090794710845,0.002732435225396475,0.0015269599385709734,0.018125822508810185
img_c00c4c06be6cc2d0,selection_conditional_full_development_oof_v2,dataset_test/01_opishnyan_ceramics/o375_4.jpg,01_opishnyan_ceramics,01_opishnyan_ceramics,True,0.9838291626219267,01_opishnyan_ceramics,02_ornek,05_kosiv_ceramics,0,train,srcgrp_b30951e6e0850d05,src_global_opn_roundmark_catalog,plate_or_bowl,clear,global_cls__c10__source0p5,pair_letterbox_cls_patch__c100__source0p5__blend0p25,pairwise_conditional_logit_blend,pair_letterbox_cls_patch,100.0,0.5,0.25,0.9838291626219267,0.007074586239033277,0.0017390291595599336,0.0031993811133931545,0.00415784086608697
img_166c65513bea513d,selection_conditional_full_development_oof_v2,dataset_test/01_opishnyan_ceramics/o379_1.jpg,01_opishnyan_ceramics,01_opishnyan_ceramics,True,0.9947552051313604,01_opishnyan_ceramics,02_ornek,03_bubnivka_ceramics,0,train,srcgrp_b30951e6e0850d05,src_global_opn_roundmark_catalog,cup_or_mug,clear,global_cls__c10__source0p5,pair_letterbox_cls_patch__c100__source0p5__blend0p25,pairwise_conditional_logit_blend,pair_letterbox_cls_patch,100.0,0.5,0.25,0.9947552051313604,0.002909230090055812,0.0011119796255868307,0.00019320982530896837,0.0010303753276882195
img_763f34bf262c091b,selection_conditional_full_development_oof_v2,dataset_test/01_opishnyan_ceramics/o379_2.jpg,01_opishnyan_ceramics,01_opishnyan_ceramics,True,0.9962894754993413,01_opishnyan_ceramics,03_bubnivka_ceramics,02_ornek,0,train,srcgrp_b30951e6e0850d05,src_global_opn_roundmark_catalog,cup_or_mug,clear,global_cls__c10__source0p5,pair_letterbox_cls_patch__c100__source0p5__blend0p25,pairwise_conditional_logit_blend,pair_letterbox_cls_patch,100.0,0.5,0.25,0.9962894754993413,0.000863006724199735,0.002582680815804914,5.3613375417155265e-05,0.00021122358523681508
img_0362511ba2fbe757,selection_conditional_full_development_oof_v2,dataset_test/01_opishnyan_ceramics/o380_3.jpg,01_opishnyan_ceramics,01_opishnyan_ceramics,True,0.9971806966519203,01_opishnyan_ceramics,03_bubnivka_ceramics,04_petrykivka_painting,0,train,srcgrp_b30951e6e0850d05,src_global_opn_roundmark_catalog,figurine_or_sculpture,clear,global_cls__c10__source0p5,pair_letterbox_cls_patch__c100__source0p5__blend0p25,pairwise_conditional_logit_blend,pair_letterbox_cls_patch,100.0,0.5,0.25,0.9971806966519203,0.0007656390609133996,0.0010436559180868848,0.0008518916281540681,0.0001581167409253507
img_21379ee2dc031ca9,selection_conditional_full_development_oof_v2,dataset_test/01_opishnyan_ceramics/o380_4.jpg,01_opishnyan_ceramics,01_opishnyan_ceramics,True,0.9976304995247495,01_opishnyan_ceramics,02_ornek,04_petrykivka_painting,0,train,srcgrp_b30951e6e0850d05,src_global_opn_roundmark_catalog,figurine_or_sculpture,clear,global_cls__c10__source0p5,pair_letterbox_cls_patch__c100__source0p5__blend0p25,pairwise_conditional_logit_blend,pair_letterbox_cls_patch,100.0,0.5,0.25,0.9976304995247495,0.0008480336399479925,0.0006598646669693927,0.0006939595871644885,0.00016764258116874168
img_e81e5234ac5445db,selection_conditional_full_development_oof_v2,dataset_test/01_opishnyan_ceramics/o384_1.jpg,01_opishnyan_ceramics,01_opishnyan_ceramics,True,0.914949151106603,01_opishnyan_ceramics,05_kosiv_ceramics,02_ornek,0,train,srcgrp_b30951e6e0850d05,src_global_opn_roundmark_catalog,vase_jug_or_vessel,clear,global_cls__c10__source0p5,pair_letterbox_cls_patch__c100__source0p5__blend0p25,pairwise_conditional_logit_blend,pair_letterbox_cls_patch,100.0,0.5,0.25,0.914949151106603,0.031061064023198075,0.00560658284571461,0.006560534014811905,0.04182266800967258
img_640c20e82085ca29,selection_conditional_full_development_oof_v2,dataset_test/01_opishnyan_ceramics/o384_2.jpg,01_opishnyan_ceramics,01_opishnyan_ceramics,True,0.9603196421789119,01_opishnyan_ceramics,05_kosiv_ceramics,02_ornek,0,train,srcgrp_b30951e6e0850d05,src_global_opn_roundmark_catalog,vase_jug_or_vessel,clear,global_cls__c10__source0p5,pair_letterbox_cls_patch__c100__source0p5__blend0p25,pairwise_conditional_logit_blend,pair_letterbox_cls_patch,100.0,0.5,0.25,0.9603196421789119,0.008825114605190264,0.004090602007754085,0.005424878682904461,0.021339762525239128
img_d474b98398f5f7ce,selection_conditional_full_development_oof_v2,dataset_dev/02_ornek/kt036.jpg,02_ornek,03_bubnivka_ceramics,False,0.41365082333729536,03_bubnivka_ceramics,02_ornek,05_kosiv_ceramics,1,train,obj_single_d474b98398f5f7ce,,unreviewed,unreviewed,global_cls__c10__source0p5,pair_letterbox_cls_patch__c100__source0p5__blend0p25,pairwise_conditional_logit_blend,pair_letterbox_cls_patch,100.0,0.5,0.25,0.07266118898795107,0.19946669163208922,0.41365082333729536,0.11475936402703209,0.19946193201563228
img_ebe542bf01199a35,selection_conditional_full_development_oof_v2,dataset_dev/02_ornek/kt037.jpg,02_ornek,02_ornek,True,0.8364107686097884,02_ornek,04_petrykivka_painting,01_opishnyan_ceramics,1,train,obj_single_ebe542bf01199a35,,unreviewed,unreviewed,global_cls__c10__source0p5,pair_letterbox_cls_patch__c100__source0p5__blend0p25,pairwise_conditional_logit_blend,pair_letterbox_cls_patch,100.0,0.5,0.25,0.03527520250235838,0.8364107686097884,0.000365446084779266,0.11128548445539595,0.01666309834767786
img_e9aa8f455a86bb53,selection_conditional_full_development_oof_v2,dataset_dev/02_ornek/kt040.jpg,02_ornek,02_ornek,True,0.9957445113887512,02_ornek,04_petrykivka_painting,05_kosiv_ceramics,3,train,obj_single_e9aa8f455a86bb53,,unreviewed,unreviewed,global_cls__c10__source0p5,pair_letterbox_cls_patch__c100__source0p5__blend0p25,pairwise_conditional_logit_blend,pair_letterbox_cls_patch,100.0,0.5,0.25,0.00021970606610579915,0.9957445113887512,3.000897524977325e-05,0.0024160589975933747,0.0015897145722997368
img_9b0f644c3f0f1c76,selection_conditional_full_development_oof_v2,dataset_dev/02_ornek/kt041.jpg,02_ornek,02_ornek,True,0.963601335827007,02_ornek,04_petrykivka_painting,03_bubnivka_ceramics,4,train,obj_single_9b0f644c3f0f1c76,,unreviewed,unreviewed,global_cls__c10__source0p5,pair_letterbox_cls_patch__c100__source0p5__blend0p25,pairwise_conditional_logit_blend,pair_letterbox_cls_patch,100.0,0.5,0.25,0.0004761840390063865,0.963601335827007,0.0028587581258403875,0.03055280705693091,0.002510914951215053
img_bbe449f6d38f0e0f,selection_conditional_full_development_oof_v2,dataset_dev/02_ornek/kt043.jpg,02_ornek,02_ornek,True,0.9941473276022051,02_ornek,03_bubnivka_ceramics,05_kosiv_ceramics,3,train,obj_single_bbe449f6d38f0e0f,,unreviewed,unreviewed,global_cls__c10__source0p5,pair_letterbox_cls_patch__c100__source0p5__blend0p25,pairwise_conditional_logit_blend,pair_letterbox_cls_patch,100.0,0.5,0.25,0.0006873909882301075,0.9941473276022051,0.0020066044045452987,0.0013045177721136502,0.0018541592329060247
img_e88ecb3d87846eb8,selection_conditional_full_development_oof_v2,dataset_dev/02_ornek/kt044.jpg,02_ornek,02_ornek,True,0.984789268614421,02_ornek,01_opishnyan_ceramics,05_kosiv_ceramics,0,train,obj_single_e88ecb3d87846eb8,,unreviewed,unreviewed,global_cls__c10__source0p5,pair_letterbox_cls_patch__c100__source0p5__blend0p25,pairwise_conditional_logit_blend,pair_letterbox_cls_patch,100.0,0.5,0.25,0.01188764610995846,0.984789268614421,0.0014645062571049146,0.0003149926829484207,0.0015435863355675126
img_e60b766cf9683f58,selection_conditional_full_development_oof_v2,dataset_dev/02_ornek/kt045.jpg,02_ornek,02_ornek,True,0.9812402803938702,02_ornek,05_kosiv_ceramics,03_bubnivka_ceramics,3,train,obj_single_e60b766cf9683f58,,unreviewed,unreviewed,global_cls__c10__source0p5,pair_letterbox_cls_patch__c100__source0p5__blend0p25,pairwise_conditional_logit_blend,pair_letterbox_cls_patch,100.0,0.5,0.25,0.0005910828984285885,0.9812402803938702,0.006465209135090723,0.002773651209753882,0.008929776362856669
img_da32e067eda846dd,selection_conditional_full_development_oof_v2,dataset_dev/02_ornek/kt047.jpg,02_ornek,02_ornek,True,0.9717918531652242,02_ornek,04_petrykivka_painting,05_kosiv_ceramics,4,validation,src_manual_105,,textile_or_rug,clear,global_cls__c10__source0p5,pair_letterbox_cls_patch__c100__source0p5__blend0p25,pairwise_conditional_logit_blend,pair_letterbox_cls_patch,100.0,0.5,0.25,0.0011995504745834253,0.9717918531652242,0.007280862117022448,0.012368043008596064,0.0073596912345736875
img_0716e8a6e8b41c8c,selection_conditional_full_development_oof_v2,dataset_dev/02_ornek/kt047_2.jpg,02_ornek,02_ornek,True,0.9588154439102626,02_ornek,03_bubnivka_ceramics,04_petrykivka_painting,4,validation,src_manual_105,,textile_or_rug,clear,global_cls__c10__source0p5,pair_letterbox_cls_patch__c100__source0p5__blend0p25,pairwise_conditional_logit_blend,pair_letterbox_cls_patch,100.0,0.5,0.25,0.0055320121150314715,0.9588154439102626,0.018180981758465255,0.010950050783203432,0.006521511433036902
img_ac9722ac074506d0,selection_conditional_full_development_oof_v2,dataset_dev/02_ornek/kt047_3.jpg,02_ornek,02_ornek,True,0.9034250666572464,02_ornek,04_petrykivka_painting,05_kosiv_ceramics,4,validation,src_manual_105,,textile_or_rug,clear,global_cls__c10__source0p5,pair_letterbox_cls_patch__c100__source0p5__blend0p25,pairwise_conditional_logit_blend,pair_letterbox_cls_patch,100.0,0.5,0.25,0.004074601032973206,0.9034250666572464,0.008178376417622665,0.07426218038483175,0.010059775507325916
img_3b715f833c61256e,selection_conditional_full_development_oof_v2,dataset_dev/02_ornek/kt047_4.jpg,02_ornek,02_ornek,True,0.9636540698061369,02_ornek,04_petrykivka_painting,05_kosiv_ceramics,4,validation,src_manual_105,,textile_or_rug,clear,global_cls__c10__source0p5,pair_letterbox_cls_patch__c100__source0p5__blend0p25,pairwise_conditional_logit_blend,pair_letterbox_cls_patch,100.0,0.5,0.25,0.005126231833769517,0.9636540698061369,0.004954400410879649,0.018129111789856947,0.008136186159356837
img_f40223a15b47d932,selection_conditional_full_development_oof_v2,dataset_dev/02_ornek/kt048.jpg,02_ornek,02_ornek,True,0.5725918835706444,02_ornek,05_kosiv_ceramics,03_bubnivka_ceramics,3,train,obj_single_f40223a15b47d932,,unreviewed,unreviewed,global_cls__c10__source0p5,pair_letterbox_cls_patch__c100__source0p5__blend0p25,pairwise_conditional_logit_blend,pair_letterbox_cls_patch,100.0,0.5,0.25,0.06240167104480437,0.5725918835706444,0.14143867997442117,0.013337393814303131,0.2102303715958268
img_8afa84e87569f87c,selection_conditional_full_development_oof_v2,dataset_dev/02_ornek/kt049.jpg,02_ornek,02_ornek,True,0.9283200608092822,02_ornek,05_kosiv_ceramics,03_bubnivka_ceramics,1,validation,obj_single_8afa84e87569f87c,,unreviewed,unreviewed,global_cls__c10__source0p5,pair_letterbox_cls_patch__c100__source0p5__blend0p25,pairwise_conditional_logit_blend,pair_letterbox_cls_patch,100.0,0.5,0.25,0.004404042300617277,0.9283200608092822,0.007311816348641566,0.0040697202942724464,0.05589436024718657
img_28ebe6d6a71b5f4a,selection_conditional_full_development_oof_v2,dataset_dev/02_ornek/kt050.jpg,02_ornek,02_ornek,True,0.758692357157269,02_ornek,05_kosiv_ceramics,04_petrykivka_painting,4,train,obj_single_28ebe6d6a71b5f4a,,unreviewed,unreviewed,global_cls__c10__source0p5,pair_letterbox_cls_patch__c100__source0p5__blend0p25,pairwise_conditional_logit_blend,pair_letterbox_cls_patch,100.0,0.5,0.25,0.00905479880132177,0.758692357157269,0.00826888521343669,0.039366078126412136,0.18461788070156046
img_8ebba865428c8c56,selection_conditional_full_development_oof_v2,dataset_dev/02_ornek/kt051.jpg,02_ornek,02_ornek,True,0.9303638164771536,02_ornek,03_bubnivka_ceramics,01_opishnyan_ceramics,1,train,obj_single_8ebba865428c8c56,,unreviewed,unreviewed,global_cls__c10__source0p5,pair_letterbox_cls_patch__c100__source0p5__blend0p25,pairwise_conditional_logit_blend,pair_letterbox_cls_patch,100.0,0.5,0.25,0.02650794194513123,0.9303638164771536,0.02657449431948765,0.014715346114771703,0.0018384011434558146
img_74490e7f987011e6,selection_conditional_full_development_oof_v2,dataset_dev/02_ornek/kt052.jpg,02_ornek,02_ornek,True,0.9888274411154884,02_ornek,05_kosiv_ceramics,04_petrykivka_painting,4,train,obj_single_74490e7f987011e6,,unreviewed,unreviewed,global_cls__c10__source0p5,pair_letterbox_cls_patch__c100__source0p5__blend0p25,pairwise_conditional_logit_blend,pair_letterbox_cls_patch,100.0,0.5,0.25,0.0003689164839110436,0.9888274411154884,0.000920286227258932,0.0030016183832733885,0.0068817377900683326
img_692b7354a9d6d694,selection_conditional_full_development_oof_v2,dataset_dev/02_ornek/kt054.jpg,02_ornek,02_ornek,True,0.9731720222589536,02_ornek,05_kosiv_ceramics,04_petrykivka_painting,3,train,obj_single_692b7354a9d6d694,,unreviewed,unreviewed,global_cls__c10__source0p5,pair_letterbox_cls_patch__c100__source0p5__blend0p25,pairwise_conditional_logit_blend,pair_letterbox_cls_patch,100.0,0.5,0.25,3.075941391721897e-05,0.9731720222589536,0.0006536800095992998,0.0022929901281542892,0.023850548189375386
img_a5090c5ee6262ca6,selection_conditional_full_development_oof_v2,dataset_dev/02_ornek/kt055.jpg,02_ornek,02_ornek,True,0.8816263925673086,02_ornek,03_bubnivka_ceramics,04_petrykivka_painting,0,train,obj_single_a5090c5ee6262ca6,,unreviewed,unreviewed,global_cls__c10__source0p5,pair_letterbox_cls_patch__c100__source0p5__blend0p25,pairwise_conditional_logit_blend,pair_letterbox_cls_patch,100.0,0.5,0.25,0.022943677327350614,0.8816263925673086,0.044258442543518794,0.03435716943076066,0.016814318131061403
img_2d5b14c38c59133c,selection_conditional_full_development_oof_v2,dataset_dev/02_ornek/kt056.jpg,02_ornek,02_ornek,True,0.802034692377909,02_ornek,05_kosiv_ceramics,03_bubnivka_ceramics,4,train,obj_single_2d5b14c38c59133c,,unreviewed,unreviewed,global_cls__c10__source0p5,pair_letterbox_cls_patch__c100__source0p5__blend0p25,pairwise_conditional_logit_blend,pair_letterbox_cls_patch,100.0,0.5,0.25,0.005209095150785708,0.802034692377909,0.07175520406527101,0.035592959608560897,0.0854080487974733
img_bf0c9370a9592727,selection_conditional_full_development_oof_v2,dataset_dev/02_ornek/kt058.jpg,02_ornek,02_ornek,True,0.9340483934368257,02_ornek,04_petrykivka_painting,05_kosiv_ceramics,4,validation,obj_single_bf0c9370a9592727,,unreviewed,unreviewed,global_cls__c10__source0p5,pair_letterbox_cls_patch__c100__source0p5__blend0p25,pairwise_conditional_logit_blend,pair_letterbox_cls_patch,100.0,0.5,0.25,0.003351859929120073,0.9340483934368257,0.00152129314267047,0.05589068415255809,0.005187769338825801
img_cb3ace5fec7216d9,selection_conditional_full_development_oof_v2,dataset_dev/02_ornek/kt060.jpg,02_ornek,02_ornek,True,0.8753769742357035,02_ornek,04_petrykivka_painting,05_kosiv_ceramics,2,train,obj_single_cb3ace5fec7216d9,,unreviewed,unreviewed,global_cls__c10__source0p5,pair_letterbox_cls_patch__c100__source0p5__blend0p25,pairwise_conditional_logit_blend,pair_letterbox_cls_patch,100.0,0.5,0.25,0.00017836177302564085,0.8753769742357035,0.00017975389357894153,0.11305705611462996,0.011207853983062004
img_aff867fb8a5e61c3,selection_conditional_full_development_oof_v2,dataset_dev/02_ornek/kt062.jpg,02_ornek,02_ornek,True,0.9184722626315457,02_ornek,04_petrykivka_painting,05_kosiv_ceramics,0,train,obj_single_aff867fb8a5e61c3,,unreviewed,unreviewed,global_cls__c10__source0p5,pair_letterbox_cls_patch__c100__source0p5__blend0p25,pairwise_conditional_logit_blend,pair_letterbox_cls_patch,100.0,0.5,0.25,0.0004536269401403287,0.9184722626315457,0.00014320977610603986,0.06930739431846565,0.011623506333742331
img_994aab31e4bca7a6,selection_conditional_full_development_oof_v2,dataset_dev/02_ornek/kt063.jpg,02_ornek,02_ornek,True,0.9300207816278314,02_ornek,04_petrykivka_painting,05_kosiv_ceramics,0,validation,obj_single_994aab31e4bca7a6,,unreviewed,unreviewed,global_cls__c10__source0p5,pair_letterbox_cls_patch__c100__source0p5__blend0p25,pairwise_conditional_logit_blend,pair_letterbox_cls_patch,100.0,0.5,0.25,0.002687442632117441,0.9300207816278314,0.0019141797737958443,0.03426458553005553,0.031113010436199753
img_73fcc22ca989cdd7,selection_conditional_full_development_oof_v2,dataset_dev/02_ornek/kt064.jpg,02_ornek,02_ornek,True,0.8722612011938706,02_ornek,01_opishnyan_ceramics,04_petrykivka_painting,4,train,obj_single_73fcc22ca989cdd7,,unreviewed,unreviewed,global_cls__c10__source0p5,pair_letterbox_cls_patch__c100__source0p5__blend0p25,pairwise_conditional_logit_blend,pair_letterbox_cls_patch,100.0,0.5,0.25,0.11564785118004775,0.8722612011938706,0.00250726110082429,0.005050949128975449,0.004532737396281984
img_5c5d775517389a8c,selection_conditional_full_development_oof_v2,dataset_dev/02_ornek/kt066.jpg,02_ornek,02_ornek,True,0.994728317395026,02_ornek,05_kosiv_ceramics,04_petrykivka_painting,3,validation,obj_single_5c5d775517389a8c,,unreviewed,unreviewed,global_cls__c10__source0p5,pair_letterbox_cls_patch__c100__source0p5__blend0p25,pairwise_conditional_logit_blend,pair_letterbox_cls_patch,100.0,0.5,0.25,1.0990808076333938e-05,0.994728317395026,0.0005581433312592804,0.0011715122095642056,0.0035310362560741397
img_62909bfb0b972cb0,selection_conditional_full_development_oof_v2,dataset_dev/02_ornek/kt067.jpg,02_ornek,02_ornek,True,0.951202549660961,02_ornek,05_kosiv_ceramics,04_petrykivka_painting,2,train,obj_single_62909bfb0b972cb0,,unreviewed,unreviewed,global_cls__c10__source0p5,pair_letterbox_cls_patch__c100__source0p5__blend0p25,pairwise_conditional_logit_blend,pair_letterbox_cls_patch,100.0,0.5,0.25,0.00038844718686721093,0.951202549660961,0.007379548826405188,0.012162683288022792,0.028866771037743853
img_f77478212f03e4cc,selection_conditional_full_development_oof_v2,dataset_dev/02_ornek/kt069.jpg,02_ornek,02_ornek,True,0.9730491803944809,02_ornek,04_petrykivka_painting,05_kosiv_ceramics,3,train,obj_single_f77478212f03e4cc,,unreviewed,unreviewed,global_cls__c10__source0p5,pair_letterbox_cls_patch__c100__source0p5__blend0p25,pairwise_conditional_logit_blend,pair_letterbox_cls_patch,100.0,0.5,0.25,7.035005775926142e-05,0.9730491803944809,0.004845028539491178,0.013147465243160123,0.008887975765108424
img_68e27ef744a8413f,selection_conditional_full_development_oof_v2,dataset_dev/02_ornek/kt070.JPG,02_ornek,02_ornek,True,0.951640683707157,02_ornek,01_opishnyan_ceramics,05_kosiv_ceramics,0,train,obj_single_68e27ef744a8413f,,unreviewed,unreviewed,global_cls__c10__source0p5,pair_letterbox_cls_patch__c100__source0p5__blend0p25,pairwise_conditional_logit_blend,pair_letterbox_cls_patch,100.0,0.5,0.25,0.03640402344362736,0.951640683707157,0.0009842282908937492,0.0047072275469794925,0.006263837011342265
img_1ef6d9fc62741df7,selection_conditional_full_development_oof_v2,dataset_dev/02_ornek/kt071.JPG,02_ornek,02_ornek,True,0.95915143793712,02_ornek,05_kosiv_ceramics,01_opishnyan_ceramics,2,train,obj_single_1ef6d9fc62741df7,,unreviewed,unreviewed,global_cls__c10__source0p5,pair_letterbox_cls_patch__c100__source0p5__blend0p25,pairwise_conditional_logit_blend,pair_letterbox_cls_patch,100.0,0.5,0.25,0.007973284240373243,0.95915143793712,0.00237314735523871,0.0018040549033990732,0.028698075563868976
img_ceb0c34d91cd414f,selection_conditional_full_development_oof_v2,dataset_dev/02_ornek/kt072.jpg,02_ornek,02_ornek,True,0.9544250368449885,02_ornek,05_kosiv_ceramics,04_petrykivka_painting,0,train,obj_single_ceb0c34d91cd414f,,unreviewed,unreviewed,global_cls__c10__source0p5,pair_letterbox_cls_patch__c100__source0p5__blend0p25,pairwise_conditional_logit_blend,pair_letterbox_cls_patch,100.0,0.5,0.25,0.003030055298997798,0.9544250368449885,0.0022377018859930133,0.010372356471466672,0.029934849498554232
img_c2f216e6e3830b4e,selection_conditional_full_development_oof_v2,dataset_dev/02_ornek/kt074.jpg,02_ornek,02_ornek,True,0.9981227420319375,02_ornek,04_petrykivka_painting,05_kosiv_ceramics,3,train,obj_single_c2f216e6e3830b4e,,unreviewed,unreviewed,global_cls__c10__source0p5,pair_letterbox_cls_patch__c100__source0p5__blend0p25,pairwise_conditional_logit_blend,pair_letterbox_cls_patch,100.0,0.5,0.25,1.0898817361034358e-05,0.9981227420319375,0.0003986597402937753,0.0010356093472023385,0.00043209006320521953
img_ca33ab67b6e63aa9,selection_conditional_full_development_oof_v2,dataset_dev/02_ornek/kt077.JPG,02_ornek,02_ornek,True,0.8619902778856532,02_ornek,03_bubnivka_ceramics,05_kosiv_ceramics,1,train,obj_single_ca33ab67b6e63aa9,,unreviewed,unreviewed,global_cls__c10__source0p5,pair_letterbox_cls_patch__c100__source0p5__blend0p25,pairwise_conditional_logit_blend,pair_letterbox_cls_patch,100.0,0.5,0.25,0.016839227712679428,0.8619902778856532,0.06677321453599405,0.002365685386544839,0.05203159447912834
img_f69069a376bde604,selection_conditional_full_development_oof_v2,dataset_dev/02_ornek/kt078.JPG,02_ornek,02_ornek,True,0.713198625426271,02_ornek,05_kosiv_ceramics,01_opishnyan_ceramics,4,train,obj_single_f69069a376bde604,,unreviewed,unreviewed,global_cls__c10__source0p5,pair_letterbox_cls_patch__c100__source0p5__blend0p25,pairwise_conditional_logit_blend,pair_letterbox_cls_patch,100.0,0.5,0.25,0.013904129913640791,0.713198625426271,0.004255188792118279,0.011333432309843194,0.25730862355812684
img_d5e23f6343723b30,selection_conditional_full_development_oof_v2,dataset_dev/02_ornek/kt080.JPG,02_ornek,02_ornek,True,0.981769686464778,02_ornek,04_petrykivka_painting,03_bubnivka_ceramics,1,train,obj_single_d5e23f6343723b30,,unreviewed,unreviewed,global_cls__c10__source0p5,pair_letterbox_cls_patch__c100__source0p5__blend0p25,pairwise_conditional_logit_blend,pair_letterbox_cls_patch,100.0,0.5,0.25,8.497187491688865e-05,0.981769686464778,0.007459356521342072,0.009456367040066188,0.0012296180988966285
img_1dc97abcc5e84442,selection_conditional_full_development_oof_v2,dataset_dev/02_ornek/kt082.JPG,02_ornek,02_ornek,True,0.9584294763533676,02_ornek,03_bubnivka_ceramics,05_kosiv_ceramics,4,train,obj_single_1dc97abcc5e84442,,unreviewed,unreviewed,global_cls__c10__source0p5,pair_letterbox_cls_patch__c100__source0p5__blend0p25,pairwise_conditional_logit_blend,pair_letterbox_cls_patch,100.0,0.5,0.25,0.0035494437677833683,0.9584294763533676,0.02048466385179596,0.0027746311347012316,0.014761784892351783
img_7defcd1eb79556f1,selection_conditional_full_development_oof_v2,dataset_dev/02_ornek/kt083.JPG,02_ornek,02_ornek,True,0.8608608486515568,02_ornek,03_bubnivka_ceramics,05_kosiv_ceramics,4,train,obj_single_7defcd1eb79556f1,,unreviewed,unreviewed,global_cls__c10__source0p5,pair_letterbox_cls_patch__c100__source0p5__blend0p25,pairwise_conditional_logit_blend,pair_letterbox_cls_patch,100.0,0.5,0.25,0.002202511998784795,0.8608608486515568,0.11551880962758458,0.0032484943889020484,0.018169335333171728
img_09ba235a2e2c1ab8,selection_conditional_full_development_oof_v2,dataset_dev/02_ornek/kt084.jpg,02_ornek,02_ornek,True,0.9643317404277698,02_ornek,05_kosiv_ceramics,03_bubnivka_ceramics,0,train,obj_single_09ba235a2e2c1ab8,,unreviewed,unreviewed,global_cls__c10__source0p5,pair_letterbox_cls_patch__c100__source0p5__blend0p25,pairwise_conditional_logit_blend,pair_letterbox_cls_patch,100.0,0.5,0.25,0.0006633475734166462,0.9643317404277698,0.013047247089649001,0.0015320409326546956,0.0204256239765099
img_36737cf4db4f6361,selection_conditional_full_development_oof_v2,dataset_dev/02_ornek/kt085.jpg,02_ornek,02_ornek,True,0.9970327626071487,02_ornek,03_bubnivka_ceramics,04_petrykivka_painting,3,train,obj_single_36737cf4db4f6361,,unreviewed,unreviewed,global_cls__c10__source0p5,pair_letterbox_cls_patch__c100__source0p5__blend0p25,pairwise_conditional_logit_blend,pair_letterbox_cls_patch,100.0,0.5,0.25,0.00013698046770171146,0.9970327626071487,0.001924801891615018,0.0004721265286481962,0.000433328504886599
img_a28dbf2e0515a2d5,selection_conditional_full_development_oof_v2,dataset_dev/02_ornek/kt086.jpg,02_ornek,02_ornek,True,0.8278957159230195,02_ornek,05_kosiv_ceramics,03_bubnivka_ceramics,2,train,obj_single_a28dbf2e0515a2d5,,unreviewed,unreviewed,global_cls__c10__source0p5,pair_letterbox_cls_patch__c100__source0p5__blend0p25,pairwise_conditional_logit_blend,pair_letterbox_cls_patch,100.0,0.5,0.25,0.0019751941076373907,0.8278957159230195,0.07338045519482295,0.012395916406418185,0.08435271836810215
img_6578ee54ee33def5,selection_conditional_full_development_oof_v2,dataset_dev/02_ornek/kt087.JPG,02_ornek,02_ornek,True,0.709929195108607,02_ornek,01_opishnyan_ceramics,03_bubnivka_ceramics,0,train,obj_single_6578ee54ee33def5,,unreviewed,unreviewed,global_cls__c10__source0p5,pair_letterbox_cls_patch__c100__source0p5__blend0p25,pairwise_conditional_logit_blend,pair_letterbox_cls_patch,100.0,0.5,0.25,0.15026301091334407,0.709929195108607,0.13603655414570168,0.0018023397800089353,0.0019689000523383307
img_62f6e3ee48c548dc,selection_conditional_full_development_oof_v2,dataset_dev/02_ornek/kt089.jpg,02_ornek,02_ornek,True,0.6605336520002538,02_ornek,05_kosiv_ceramics,01_opishnyan_ceramics,4,train,obj_single_62f6e3ee48c548dc,,unreviewed,unreviewed,global_cls__c10__source0p5,pair_letterbox_cls_patch__c100__source0p5__blend0p25,pairwise_conditional_logit_blend,pair_letterbox_cls_patch,100.0,0.5,0.25,0.07311251725584515,0.6605336520002538,0.004069747004887784,0.05265088403367113,0.20963319970534203
img_e5b6b88d0a8feb6f,selection_conditional_full_development_oof_v2,dataset_dev/02_ornek/kt092.jpg,02_ornek,02_ornek,True,0.9866049802091491,02_ornek,05_kosiv_ceramics,04_petrykivka_painting,3,train,obj_single_e5b6b88d0a8feb6f,,unreviewed,unreviewed,global_cls__c10__source0p5,pair_letterbox_cls_patch__c100__source0p5__blend0p25,pairwise_conditional_logit_blend,pair_letterbox_cls_patch,100.0,0.5,0.25,0.0002922991723563294,0.9866049802091491,0.0025308678547631175,0.005130263960200545,0.00544158880353102
img_db9a20180b026614,selection_conditional_full_development_oof_v2,dataset_dev/02_ornek/kt093.JPG,02_ornek,02_ornek,True,0.8779424662618848,02_ornek,01_opishnyan_ceramics,05_kosiv_ceramics,4,validation,obj_single_db9a20180b026614,,unreviewed,unreviewed,global_cls__c10__source0p5,pair_letterbox_cls_patch__c100__source0p5__blend0p25,pairwise_conditional_logit_blend,pair_letterbox_cls_patch,100.0,0.5,0.25,0.06043962007402807,0.8779424662618848,0.0077448479606503,0.008530359937578478,0.045342705765858485
img_fe5516feebc93710,selection_conditional_full_development_oof_v2,dataset_dev/02_ornek/kt095.jpg,02_ornek,02_ornek,True,0.9939981338278556,02_ornek,01_opishnyan_ceramics,05_kosiv_ceramics,3,train,obj_single_fe5516feebc93710,,unreviewed,unreviewed,global_cls__c10__source0p5,pair_letterbox_cls_patch__c100__source0p5__blend0p25,pairwise_conditional_logit_blend,pair_letterbox_cls_patch,100.0,0.5,0.25,0.002085559010332176,0.9939981338278556,0.0010335579770652016,0.0009482185329401598,0.0019345306518067662
img_c19961d5fb4544a4,selection_conditional_full_development_oof_v2,dataset_dev/02_ornek/kt096.JPG,02_ornek,02_ornek,True,0.9944614005404594,02_ornek,05_kosiv_ceramics,04_petrykivka_painting,1,train,obj_single_c19961d5fb4544a4,,unreviewed,unreviewed,global_cls__c10__source0p5,pair_letterbox_cls_patch__c100__source0p5__blend0p25,pairwise_conditional_logit_blend,pair_letterbox_cls_patch,100.0,0.5,0.25,6.485324421753583e-05,0.9944614005404594,0.0012079127370966264,0.0018323576366630753,0.0024334758415633577
img_91ed57602079e64d,selection_conditional_full_development_oof_v2,dataset_dev/02_ornek/kt097.jpg,02_ornek,02_ornek,True,0.9467303699867644,02_ornek,01_opishnyan_ceramics,05_kosiv_ceramics,2,validation,obj_single_91ed57602079e64d,,unreviewed,unreviewed,global_cls__c10__source0p5,pair_letterbox_cls_patch__c100__source0p5__blend0p25,pairwise_conditional_logit_blend,pair_letterbox_cls_patch,100.0,0.5,0.25,0.04632653495638094,0.9467303699867644,0.00048787399319558214,0.0026797647505764845,0.003775456313082413
img_ad40ab1b4dd666a3,selection_conditional_full_development_oof_v2,dataset_dev/02_ornek/kt098.jpg,02_ornek,02_ornek,True,0.9322850368943285,02_ornek,03_bubnivka_ceramics,05_kosiv_ceramics,3,train,obj_single_ad40ab1b4dd666a3,,unreviewed,unreviewed,global_cls__c10__source0p5,pair_letterbox_cls_patch__c100__source0p5__blend0p25,pairwise_conditional_logit_blend,pair_letterbox_cls_patch,100.0,0.5,0.25,0.0034133175954691266,0.9322850368943285,0.031054987122457238,0.011887507372640658,0.021359151015104563
img_5948f89a20f8809b,selection_conditional_full_development_oof_v2,dataset_dev/02_ornek/kt101.JPG,02_ornek,02_ornek,True,0.7663863907265706,02_ornek,05_kosiv_ceramics,01_opishnyan_ceramics,4,train,obj_single_5948f89a20f8809b,,unreviewed,unreviewed,global_cls__c10__source0p5,pair_letterbox_cls_patch__c100__source0p5__blend0p25,pairwise_conditional_logit_blend,pair_letterbox_cls_patch,100.0,0.5,0.25,0.0902364294594288,0.7663863907265706,0.009027880008816094,0.015294248146748695,0.11905505165843584
img_aaec975cf9084b3c,selection_conditional_full_development_oof_v2,dataset_dev/02_ornek/kt103.jpg,02_ornek,02_ornek,True,0.9923875237779066,02_ornek,04_petrykivka_painting,05_kosiv_ceramics,4,train,obj_single_aaec975cf9084b3c,,unreviewed,unreviewed,global_cls__c10__source0p5,pair_letterbox_cls_patch__c100__source0p5__blend0p25,pairwise_conditional_logit_blend,pair_letterbox_cls_patch,100.0,0.5,0.25,0.00018765539374085186,0.9923875237779066,0.0015588766296493444,0.003150622742463141,0.0027153214562398525
img_e55af9bd10197072,selection_conditional_full_development_oof_v2,dataset_dev/02_ornek/kt105.JPG,02_ornek,02_ornek,True,0.9558539665135657,02_ornek,01_opishnyan_ceramics,05_kosiv_ceramics,4,validation,obj_single_e55af9bd10197072,,unreviewed,unreviewed,global_cls__c10__source0p5,pair_letterbox_cls_patch__c100__source0p5__blend0p25,pairwise_conditional_logit_blend,pair_letterbox_cls_patch,100.0,0.5,0.25,0.016134109589090766,0.9558539665135657,0.007310279488217941,0.008629648117751326,0.01207199629137407
img_4798910d71086b14,selection_conditional_full_development_oof_v2,dataset_dev/02_ornek/kt109.jpg,02_ornek,02_ornek,True,0.9228158556141167,02_ornek,03_bubnivka_ceramics,01_opishnyan_ceramics,3,train,obj_single_4798910d71086b14,,unreviewed,unreviewed,global_cls__c10__source0p5,pair_letterbox_cls_patch__c100__source0p5__blend0p25,pairwise_conditional_logit_blend,pair_letterbox_cls_patch,100.0,0.5,0.25,0.026377838845499678,0.9228158556141167,0.03964498146697925,0.001998222551911496,0.009163101521492788
img_af26d8745585f286,selection_conditional_full_development_oof_v2,dataset_dev/02_ornek/kt110.jpg,02_ornek,02_ornek,True,0.869822015331429,02_ornek,03_bubnivka_ceramics,05_kosiv_ceramics,4,train,obj_single_af26d8745585f286,,unreviewed,unreviewed,global_cls__c10__source0p5,pair_letterbox_cls_patch__c100__source0p5__blend0p25,pairwise_conditional_logit_blend,pair_letterbox_cls_patch,100.0,0.5,0.25,0.009752173074657085,0.869822015331429,0.08856611358825164,0.0014107672306248552,0.030448930775037342
img_47d9ae5681e65332,selection_conditional_full_development_oof_v2,dataset_dev/02_ornek/kt111.jpg,02_ornek,02_ornek,True,0.9730909505005283,02_ornek,05_kosiv_ceramics,01_opishnyan_ceramics,0,train,obj_single_47d9ae5681e65332,,unreviewed,unreviewed,global_cls__c10__source0p5,pair_letterbox_cls_patch__c100__source0p5__blend0p25,pairwise_conditional_logit_blend,pair_letterbox_cls_patch,100.0,0.5,0.25,0.0038384301603732428,0.9730909505005283,0.003759564636932833,0.000856974839420249,0.018454079862745276
img_3284e6abaf9984f8,selection_conditional_full_development_oof_v2,dataset_dev/02_ornek/kt113.jpg,02_ornek,02_ornek,True,0.9749958756345424,02_ornek,03_bubnivka_ceramics,01_opishnyan_ceramics,4,train,obj_single_3284e6abaf9984f8,,unreviewed,unreviewed,global_cls__c10__source0p5,pair_letterbox_cls_patch__c100__source0p5__blend0p25,pairwise_conditional_logit_blend,pair_letterbox_cls_patch,100.0,0.5,0.25,0.005773683116539697,0.9749958756345424,0.01607395021788302,0.0014640214733832716,0.0016924695576516692
img_8c453a7e8bcb5257,selection_conditional_full_development_oof_v2,dataset_dev/02_ornek/kt114.jpg,02_ornek,01_opishnyan_ceramics,False,0.49222777602267787,01_opishnyan_ceramics,02_ornek,03_bubnivka_ceramics,2,train,obj_single_8c453a7e8bcb5257,,unreviewed,unreviewed,global_cls__c10__source0p5,pair_letterbox_cls_patch__c100__source0p5__blend0p25,pairwise_conditional_logit_blend,pair_letterbox_cls_patch,100.0,0.5,0.25,0.49222777602267787,0.4803334135856698,0.018632015910777025,0.0010679391788482888,0.007738855302027117
img_25cfeed84d3a9bba,selection_conditional_full_development_oof_v2,dataset_dev/02_ornek/kt115.jpg,02_ornek,02_ornek,True,0.9443129942817541,02_ornek,03_bubnivka_ceramics,05_kosiv_ceramics,1,train,obj_single_25cfeed84d3a9bba,,unreviewed,unreviewed,global_cls__c10__source0p5,pair_letterbox_cls_patch__c100__source0p5__blend0p25,pairwise_conditional_logit_blend,pair_letterbox_cls_patch,100.0,0.5,0.25,0.009732504155262516,0.9443129942817541,0.03082994293922961,0.005288867061806735,0.009835691561946915
img_7391f0030103aebe,selection_conditional_full_development_oof_v2,dataset_dev/02_ornek/kt116.jpg,02_ornek,02_ornek,True,0.9867126710561601,02_ornek,03_bubnivka_ceramics,05_kosiv_ceramics,3,validation,obj_single_7391f0030103aebe,,unreviewed,unreviewed,global_cls__c10__source0p5,pair_letterbox_cls_patch__c100__source0p5__blend0p25,pairwise_conditional_logit_blend,pair_letterbox_cls_patch,100.0,0.5,0.25,0.0024896563012247928,0.9867126710561601,0.0064694407924288004,7.643159040974144e-05,0.004251800259776499
img_7801ce607572275c,selection_conditional_full_development_oof_v2,dataset_dev/02_ornek/kt118.jpg,02_ornek,02_ornek,True,0.9738284986916538,02_ornek,01_opishnyan_ceramics,05_kosiv_ceramics,0,train,obj_single_7801ce607572275c,,unreviewed,unreviewed,global_cls__c10__source0p5,pair_letterbox_cls_patch__c100__source0p5__blend0p25,pairwise_conditional_logit_blend,pair_letterbox_cls_patch,100.0,0.5,0.25,0.011127715295530602,0.9738284986916538,0.0013478901653779633,0.0026995694703521866,0.010996326377085409
img_22013e24d1939d3b,selection_conditional_full_development_oof_v2,dataset_dev/02_ornek/kt119.jpg,02_ornek,02_ornek,True,0.9866757173551725,02_ornek,01_opishnyan_ceramics,03_bubnivka_ceramics,3,train,obj_single_22013e24d1939d3b,,unreviewed,unreviewed,global_cls__c10__source0p5,pair_letterbox_cls_patch__c100__source0p5__blend0p25,pairwise_conditional_logit_blend,pair_letterbox_cls_patch,100.0,0.5,0.25,0.009177408358618683,0.9866757173551725,0.0024238171660699217,0.00022841858273080088,0.0014946385374081368
img_32a4d5adc545a6d3,selection_conditional_full_development_oof_v2,dataset_dev/02_ornek/kt120.jpg,02_ornek,02_ornek,True,0.9910866093175452,02_ornek,01_opishnyan_ceramics,04_petrykivka_painting,2,train,obj_single_32a4d5adc545a6d3,,unreviewed,unreviewed,global_cls__c10__source0p5,pair_letterbox_cls_patch__c100__source0p5__blend0p25,pairwise_conditional_logit_blend,pair_letterbox_cls_patch,100.0,0.5,0.25,0.00249266751752953,0.9910866093175452,0.0018616940427798147,0.0023540180448510598,0.002205011077294218
img_4a68e5a8d933e670,selection_conditional_full_development_oof_v2,dataset_dev/02_ornek/kt123.jpg,02_ornek,02_ornek,True,0.9787342335428194,02_ornek,03_bubnivka_ceramics,04_petrykivka_painting,4,train,obj_single_4a68e5a8d933e670,,unreviewed,unreviewed,global_cls__c10__source0p5,pair_letterbox_cls_patch__c100__source0p5__blend0p25,pairwise_conditional_logit_blend,pair_letterbox_cls_patch,100.0,0.5,0.25,0.003051782976967186,0.9787342335428194,0.010479621464585635,0.005796515873746943,0.001937846141880731
img_f63812ec94e10d43,selection_conditional_full_development_oof_v2,dataset_dev/02_ornek/kt124.jpg,02_ornek,02_ornek,True,0.9740954439958662,02_ornek,01_opishnyan_ceramics,03_bubnivka_ceramics,4,train,obj_single_f63812ec94e10d43,,unreviewed,unreviewed,global_cls__c10__source0p5,pair_letterbox_cls_patch__c100__source0p5__blend0p25,pairwise_conditional_logit_blend,pair_letterbox_cls_patch,100.0,0.5,0.25,0.015191120666546275,0.9740954439958662,0.007760975888477452,0.00039411417951453896,0.002558345269595568
img_847793f7bba24c27,selection_conditional_full_development_oof_v2,dataset_dev/02_ornek/kt126.jpg,02_ornek,02_ornek,True,0.9834452817261551,02_ornek,05_kosiv_ceramics,04_petrykivka_painting,3,train,obj_single_847793f7bba24c27,,unreviewed,unreviewed,global_cls__c10__source0p5,pair_letterbox_cls_patch__c100__source0p5__blend0p25,pairwise_conditional_logit_blend,pair_letterbox_cls_patch,100.0,0.5,0.25,0.0006352324151296797,0.9834452817261551,0.000800799153692481,0.006395286802634195,0.008723399902388544
img_26ab75589ea0d31e,selection_conditional_full_development_oof_v2,dataset_dev/02_ornek/kt128.jpg,02_ornek,02_ornek,True,0.9812019711645912,02_ornek,05_kosiv_ceramics,04_petrykivka_painting,1,train,obj_single_26ab75589ea0d31e,,unreviewed,unreviewed,global_cls__c10__source0p5,pair_letterbox_cls_patch__c100__source0p5__blend0p25,pairwise_conditional_logit_blend,pair_letterbox_cls_patch,100.0,0.5,0.25,5.5794752992466226e-05,0.9812019711645912,0.0007053744926650753,0.007744252009554424,0.010292607580196724
img_44c67aa0fb7fc689,selection_conditional_full_development_oof_v2,dataset_dev/02_ornek/kt129.JPG,02_ornek,02_ornek,True,0.874317821603431,02_ornek,03_bubnivka_ceramics,01_opishnyan_ceramics,1,train,obj_single_44c67aa0fb7fc689,,unreviewed,unreviewed,global_cls__c10__source0p5,pair_letterbox_cls_patch__c100__source0p5__blend0p25,pairwise_conditional_logit_blend,pair_letterbox_cls_patch,100.0,0.5,0.25,0.03510639994888029,0.874317821603431,0.05058855915408514,0.00731091426105877,0.03267630503254484
img_e203780de80add18,selection_conditional_full_development_oof_v2,dataset_dev/02_ornek/kt131.jpg,02_ornek,02_ornek,True,0.9815547336710958,02_ornek,04_petrykivka_painting,03_bubnivka_ceramics,1,train,obj_single_e203780de80add18,,unreviewed,unreviewed,global_cls__c10__source0p5,pair_letterbox_cls_patch__c100__source0p5__blend0p25,pairwise_conditional_logit_blend,pair_letterbox_cls_patch,100.0,0.5,0.25,0.004001078275737127,0.9815547336710958,0.004413907496491848,0.00950225016056064,0.0005280303961146415
img_f8afa3063ae5bea0,selection_conditional_full_development_oof_v2,dataset_dev/02_ornek/kt132.jpg,02_ornek,02_ornek,True,0.9953007895786973,02_ornek,03_bubnivka_ceramics,05_kosiv_ceramics,3,train,obj_single_f8afa3063ae5bea0,,unreviewed,unreviewed,global_cls__c10__source0p5,pair_letterbox_cls_patch__c100__source0p5__blend0p25,pairwise_conditional_logit_blend,pair_letterbox_cls_patch,100.0,0.5,0.25,0.00024379684572479823,0.9953007895786973,0.0026758157074680006,0.00040046441985367153,0.0013791334482562618
img_cff0e4a9406cc489,selection_conditional_full_development_oof_v2,dataset_dev/02_ornek/kt140.jpg,02_ornek,02_ornek,True,0.9959071979856944,02_ornek,03_bubnivka_ceramics,05_kosiv_ceramics,2,train,obj_single_cff0e4a9406cc489,,unreviewed,unreviewed,global_cls__c10__source0p5,pair_letterbox_cls_patch__c100__source0p5__blend0p25,pairwise_conditional_logit_blend,pair_letterbox_cls_patch,100.0,0.5,0.25,0.0001071324566921048,0.9959071979856944,0.0036303320045920164,9.152552789198902e-05,0.000263812025129576
img_b2c0022103f58310,selection_conditional_full_development_oof_v2,dataset_dev/02_ornek/kt142.jpg,02_ornek,02_ornek,True,0.9614002838613316,02_ornek,05_kosiv_ceramics,03_bubnivka_ceramics,2,train,obj_single_b2c0022103f58310,,unreviewed,unreviewed,global_cls__c10__source0p5,pair_letterbox_cls_patch__c100__source0p5__blend0p25,pairwise_conditional_logit_blend,pair_letterbox_cls_patch,100.0,0.5,0.25,0.0018385133057354885,0.9614002838613316,0.003527426745976624,0.0011235478472145187,0.032110228239742
img_10f2202c433f6254,selection_conditional_full_development_oof_v2,dataset_dev/02_ornek/kt143.jpg,02_ornek,02_ornek,True,0.47065270863865705,02_ornek,05_kosiv_ceramics,03_bubnivka_ceramics,0,train,obj_single_10f2202c433f6254,,unreviewed,unreviewed,global_cls__c10__source0p5,pair_letterbox_cls_patch__c100__source0p5__blend0p25,pairwise_conditional_logit_blend,pair_letterbox_cls_patch,100.0,0.5,0.25,0.007446684657260561,0.47065270863865705,0.07094467348564272,0.06767909679362898,0.38327683642481075
img_12269aadac16fc18,selection_conditional_full_development_oof_v2,dataset_dev/02_ornek/kt145.jpg,02_ornek,02_ornek,True,0.678096083257374,02_ornek,05_kosiv_ceramics,03_bubnivka_ceramics,2,train,obj_single_12269aadac16fc18,,unreviewed,unreviewed,global_cls__c10__source0p5,pair_letterbox_cls_patch__c100__source0p5__blend0p25,pairwise_conditional_logit_blend,pair_letterbox_cls_patch,100.0,0.5,0.25,0.004154022571624934,0.678096083257374,0.01613067179534752,0.01058307130582234,0.2910361510698311
img_78371529dbe68ccf,selection_conditional_full_development_oof_v2,dataset_dev/02_ornek/kt146.jpg,02_ornek,02_ornek,True,0.9752183694972414,02_ornek,05_kosiv_ceramics,03_bubnivka_ceramics,4,validation,obj_single_78371529dbe68ccf,,unreviewed,unreviewed,global_cls__c10__source0p5,pair_letterbox_cls_patch__c100__source0p5__blend0p25,pairwise_conditional_logit_blend,pair_letterbox_cls_patch,100.0,0.5,0.25,0.0007253146126019352,0.9752183694972414,0.0034492208963789856,0.0014127817408070584,0.01919431325297042
img_d88918a0c30b7dfa,selection_conditional_full_development_oof_v2,dataset_dev/02_ornek/kt148.jpg,02_ornek,02_ornek,True,0.961799437842906,02_ornek,01_opishnyan_ceramics,03_bubnivka_ceramics,0,train,obj_single_d88918a0c30b7dfa,,unreviewed,unreviewed,global_cls__c10__source0p5,pair_letterbox_cls_patch__c100__source0p5__blend0p25,pairwise_conditional_logit_blend,pair_letterbox_cls_patch,100.0,0.5,0.25,0.030405705301478913,0.961799437842906,0.004958226951877932,0.0014376251232098643,0.00139900478052751
img_833deede1bf90deb,selection_conditional_full_development_oof_v2,dataset_dev/02_ornek/kt149.jpg,02_ornek,02_ornek,True,0.9793832122582977,02_ornek,04_petrykivka_painting,05_kosiv_ceramics,3,validation,obj_single_833deede1bf90deb,,unreviewed,unreviewed,global_cls__c10__source0p5,pair_letterbox_cls_patch__c100__source0p5__blend0p25,pairwise_conditional_logit_blend,pair_letterbox_cls_patch,100.0,0.5,0.25,0.00041364630432700933,0.9793832122582977,9.759227802111711e-05,0.01755901858881773,0.002546530570536656
img_833cab8738ff11cd,selection_conditional_full_development_oof_v2,dataset_dev/02_ornek/kt150.JPG,02_ornek,02_ornek,True,0.7644710864599451,02_ornek,01_opishnyan_ceramics,05_kosiv_ceramics,0,validation,obj_single_833cab8738ff11cd,,unreviewed,unreviewed,global_cls__c10__source0p5,pair_letterbox_cls_patch__c100__source0p5__blend0p25,pairwise_conditional_logit_blend,pair_letterbox_cls_patch,100.0,0.5,0.25,0.12599433271723784,0.7644710864599451,0.01259008415363795,0.022825590342887763,0.07411890632629145
img_f983c47ae3413a0f,selection_conditional_full_development_oof_v2,dataset_dev/02_ornek/kt153.jpg,02_ornek,02_ornek,True,0.8759859612339914,02_ornek,04_petrykivka_painting,05_kosiv_ceramics,3,train,obj_single_f983c47ae3413a0f,,unreviewed,unreviewed,global_cls__c10__source0p5,pair_letterbox_cls_patch__c100__source0p5__blend0p25,pairwise_conditional_logit_blend,pair_letterbox_cls_patch,100.0,0.5,0.25,0.0028228107828051695,0.8759859612339914,0.001329354203607119,0.10026635729366602,0.019595516485930473
img_20228142e283cfc7,selection_conditional_full_development_oof_v2,dataset_dev/02_ornek/kt155.jpg,02_ornek,02_ornek,True,0.9964701620095455,02_ornek,04_petrykivka_painting,05_kosiv_ceramics,0,validation,obj_single_20228142e283cfc7,,unreviewed,unreviewed,global_cls__c10__source0p5,pair_letterbox_cls_patch__c100__source0p5__blend0p25,pairwise_conditional_logit_blend,pair_letterbox_cls_patch,100.0,0.5,0.25,0.0002284743476756377,0.9964701620095455,0.00019433530539969809,0.0020707100009992457,0.001036318336380045
img_b09bd5d415cf43a5,selection_conditional_full_development_oof_v2,dataset_dev/02_ornek/kt156.jpg,02_ornek,02_ornek,True,0.9260500857662302,02_ornek,04_petrykivka_painting,03_bubnivka_ceramics,1,train,obj_single_b09bd5d415cf43a5,,unreviewed,unreviewed,global_cls__c10__source0p5,pair_letterbox_cls_patch__c100__source0p5__blend0p25,pairwise_conditional_logit_blend,pair_letterbox_cls_patch,100.0,0.5,0.25,0.0014733806084384251,0.9260500857662302,0.012522999569200033,0.05672504858815351,0.00322848546797803
img_020c1150165f29b8,selection_conditional_full_development_oof_v2,dataset_dev/02_ornek/kt157.JPG,02_ornek,02_ornek,True,0.8196706677460452,02_ornek,05_kosiv_ceramics,03_bubnivka_ceramics,1,train,obj_single_020c1150165f29b8,,unreviewed,unreviewed,global_cls__c10__source0p5,pair_letterbox_cls_patch__c100__source0p5__blend0p25,pairwise_conditional_logit_blend,pair_letterbox_cls_patch,100.0,0.5,0.25,0.0033993545261947846,0.8196706677460452,0.05853882415741217,0.009488291466190658,0.10890286210415706
img_0f5959e0c6facdd2,selection_conditional_full_development_oof_v2,dataset_dev/02_ornek/kt160.jpg,02_ornek,02_ornek,True,0.998478514916108,02_ornek,01_opishnyan_ceramics,03_bubnivka_ceramics,2,train,obj_single_0f5959e0c6facdd2,,unreviewed,unreviewed,global_cls__c10__source0p5,pair_letterbox_cls_patch__c100__source0p5__blend0p25,pairwise_conditional_logit_blend,pair_letterbox_cls_patch,100.0,0.5,0.25,0.0007705329883017475,0.998478514916108,0.0003569289368346364,0.0002605337944254981,0.00013348936433020282
img_238cf4955434d4e4,selection_conditional_full_development_oof_v2,dataset_dev/02_ornek/kt161.jpg,02_ornek,02_ornek,True,0.9800949150327424,02_ornek,04_petrykivka_painting,01_opishnyan_ceramics,3,train,obj_single_238cf4955434d4e4,,unreviewed,unreviewed,global_cls__c10__source0p5,pair_letterbox_cls_patch__c100__source0p5__blend0p25,pairwise_conditional_logit_blend,pair_letterbox_cls_patch,100.0,0.5,0.25,0.004569913613702929,0.9800949150327424,0.0037759744348390893,0.00961377657897045,0.0019454203397454627
img_9303c047c1ddaae6,selection_conditional_full_development_oof_v2,dataset_dev/02_ornek/kt162.jpg,02_ornek,02_ornek,True,0.996735242435543,02_ornek,05_kosiv_ceramics,01_opishnyan_ceramics,2,train,obj_single_9303c047c1ddaae6,,unreviewed,unreviewed,global_cls__c10__source0p5,pair_letterbox_cls_patch__c100__source0p5__blend0p25,pairwise_conditional_logit_blend,pair_letterbox_cls_patch,100.0,0.5,0.25,0.0004214126735372602,0.996735242435543,0.00020244809982134884,0.0001496313610392553,0.0024912654300591375
img_8211b9ef820e408b,selection_conditional_full_development_oof_v2,dataset_dev/02_ornek/kt164.jpg,02_ornek,02_ornek,True,0.9718746992527748,02_ornek,01_opishnyan_ceramics,05_kosiv_ceramics,0,train,obj_single_8211b9ef820e408b,,unreviewed,unreviewed,global_cls__c10__source0p5,pair_letterbox_cls_patch__c100__source0p5__blend0p25,pairwise_conditional_logit_blend,pair_letterbox_cls_patch,100.0,0.5,0.25,0.02204005947281181,0.9718746992527748,0.0017915303773765314,0.0010089471396620073,0.0032847637573749553
img_9f07269c34a24c16,selection_conditional_full_development_oof_v2,dataset_dev/02_ornek/kt165.jpg,02_ornek,02_ornek,True,0.9816853580656647,02_ornek,03_bubnivka_ceramics,01_opishnyan_ceramics,2,validation,obj_single_9f07269c34a24c16,,unreviewed,unreviewed,global_cls__c10__source0p5,pair_letterbox_cls_patch__c100__source0p5__blend0p25,pairwise_conditional_logit_blend,pair_letterbox_cls_patch,100.0,0.5,0.25,0.005219179083850417,0.9816853580656647,0.006233663092320116,0.0036808428807085366,0.0031809568774562565
img_46de7fc1e4516b23,selection_conditional_full_development_oof_v2,dataset_dev/02_ornek/kt166.jpg,02_ornek,02_ornek,True,0.5928763960105177,02_ornek,03_bubnivka_ceramics,01_opishnyan_ceramics,1,validation,obj_single_46de7fc1e4516b23,,unreviewed,unreviewed,global_cls__c10__source0p5,pair_letterbox_cls_patch__c100__source0p5__blend0p25,pairwise_conditional_logit_blend,pair_letterbox_cls_patch,100.0,0.5,0.25,0.10098735656659719,0.5928763960105177,0.27561953659090455,0.017117282576441593,0.013399428255538932
img_e3e32acdb6a7627b,selection_conditional_full_development_oof_v2,dataset_dev/02_ornek/kt168.jpg,02_ornek,02_ornek,True,0.883220903233149,02_ornek,01_opishnyan_ceramics,05_kosiv_ceramics,3,train,obj_single_e3e32acdb6a7627b,,unreviewed,unreviewed,global_cls__c10__source0p5,pair_letterbox_cls_patch__c100__source0p5__blend0p25,pairwise_conditional_logit_blend,pair_letterbox_cls_patch,100.0,0.5,0.25,0.06635865252076024,0.883220903233149,0.004668231038477706,0.019470780381301508,0.026281432826311592
img_a5c930656555c24b,selection_conditional_full_development_oof_v2,dataset_dev/02_ornek/kt169.jpg,02_ornek,02_ornek,True,0.9365794180620505,02_ornek,03_bubnivka_ceramics,01_opishnyan_ceramics,0,train,obj_single_a5c930656555c24b,,unreviewed,unreviewed,global_cls__c10__source0p5,pair_letterbox_cls_patch__c100__source0p5__blend0p25,pairwise_conditional_logit_blend,pair_letterbox_cls_patch,100.0,0.5,0.25,0.013707492951581551,0.9365794180620505,0.037816436012347715,0.0009944750735481026,0.010902177900472187
img_61422e5203dd2717,selection_conditional_full_development_oof_v2,dataset_dev/02_ornek/kt171.jpg,02_ornek,02_ornek,True,0.9956545150629795,02_ornek,01_opishnyan_ceramics,03_bubnivka_ceramics,0,train,obj_single_61422e5203dd2717,,unreviewed,unreviewed,global_cls__c10__source0p5,pair_letterbox_cls_patch__c100__source0p5__blend0p25,pairwise_conditional_logit_blend,pair_letterbox_cls_patch,100.0,0.5,0.25,0.0037946435429080617,0.9956545150629795,0.00043901985073099836,3.9630787630458005e-05,7.219075575067971e-05
img_6da5140f0e8def50,selection_conditional_full_development_oof_v2,dataset_dev/02_ornek/kt172.jpg,02_ornek,02_ornek,True,0.919828063548345,02_ornek,03_bubnivka_ceramics,01_opishnyan_ceramics,4,train,obj_single_6da5140f0e8def50,,unreviewed,unreviewed,global_cls__c10__source0p5,pair_letterbox_cls_patch__c100__source0p5__blend0p25,pairwise_conditional_logit_blend,pair_letterbox_cls_patch,100.0,0.5,0.25,0.022575452656926315,0.919828063548345,0.052693365275026265,0.0010509429385291847,0.0038521755811728926
img_f2cb12041a752043,selection_conditional_full_development_oof_v2,dataset_dev/02_ornek/kt174.jpg,02_ornek,02_ornek,True,0.818926827617758,02_ornek,03_bubnivka_ceramics,01_opishnyan_ceramics,0,train,obj_single_f2cb12041a752043,,unreviewed,unreviewed,global_cls__c10__source0p5,pair_letterbox_cls_patch__c100__source0p5__blend0p25,pairwise_conditional_logit_blend,pair_letterbox_cls_patch,100.0,0.5,0.25,0.017668999827317337,0.818926827617758,0.1631444353392644,0.00012592731980847432,0.00013380989585158628
img_5c7de826fa789879,selection_conditional_full_development_oof_v2,dataset_dev/02_ornek/kt175.jpg,02_ornek,02_ornek,True,0.965019022554291,02_ornek,01_opishnyan_ceramics,03_bubnivka_ceramics,1,train,obj_single_5c7de826fa789879,,unreviewed,unreviewed,global_cls__c10__source0p5,pair_letterbox_cls_patch__c100__source0p5__blend0p25,pairwise_conditional_logit_blend,pair_letterbox_cls_patch,100.0,0.5,0.25,0.028018861687250925,0.965019022554291,0.005061911539523322,0.00020515464860263274,0.001695049570332422
img_c8adceac0838a889,selection_conditional_full_development_oof_v2,dataset_dev/02_ornek/kt177.jpg,02_ornek,02_ornek,True,0.8872424507819235,02_ornek,05_kosiv_ceramics,01_opishnyan_ceramics,1,train,obj_single_c8adceac0838a889,,unreviewed,unreviewed,global_cls__c10__source0p5,pair_letterbox_cls_patch__c100__source0p5__blend0p25,pairwise_conditional_logit_blend,pair_letterbox_cls_patch,100.0,0.5,0.25,0.016828023088617642,0.8872424507819235,0.005107563415847267,0.013359704591038099,0.07746225812257336
img_2fc9f59218d107d1,selection_conditional_full_development_oof_v2,dataset_dev/02_ornek/kt178.jpg,02_ornek,02_ornek,True,0.993876464081569,02_ornek,04_petrykivka_painting,01_opishnyan_ceramics,0,train,obj_single_2fc9f59218d107d1,,unreviewed,unreviewed,global_cls__c10__source0p5,pair_letterbox_cls_patch__c100__source0p5__blend0p25,pairwise_conditional_logit_blend,pair_letterbox_cls_patch,100.0,0.5,0.25,0.0018093693254895857,0.993876464081569,0.0003454662073168199,0.002958313953579931,0.0010103864320446143
img_e1d43d0ed6655d90,selection_conditional_full_development_oof_v2,dataset_dev/02_ornek/kt179.jpg,02_ornek,02_ornek,True,0.9107775331359933,02_ornek,01_opishnyan_ceramics,03_bubnivka_ceramics,4,train,obj_single_e1d43d0ed6655d90,,unreviewed,unreviewed,global_cls__c10__source0p5,pair_letterbox_cls_patch__c100__source0p5__blend0p25,pairwise_conditional_logit_blend,pair_letterbox_cls_patch,100.0,0.5,0.25,0.05329547191256866,0.9107775331359933,0.024245579586473758,0.007208627283249786,0.004472788081714521
img_1909f4f02ff074d8,selection_conditional_full_development_oof_v2,dataset_dev/02_ornek/kt181.jpg,02_ornek,02_ornek,True,0.986101052679486,02_ornek,01_opishnyan_ceramics,05_kosiv_ceramics,0,train,obj_single_1909f4f02ff074d8,,unreviewed,unreviewed,global_cls__c10__source0p5,pair_letterbox_cls_patch__c100__source0p5__blend0p25,pairwise_conditional_logit_blend,pair_letterbox_cls_patch,100.0,0.5,0.25,0.011684090844952371,0.986101052679486,0.0004951329528161605,0.0003215522918785141,0.001398171230866903
img_30644491e86e9490,selection_conditional_full_development_oof_v2,dataset_dev/02_ornek/kt182.jpg,02_ornek,02_ornek,True,0.9979318657439348,02_ornek,03_bubnivka_ceramics,04_petrykivka_painting,4,train,obj_single_30644491e86e9490,,unreviewed,unreviewed,global_cls__c10__source0p5,pair_letterbox_cls_patch__c100__source0p5__blend0p25,pairwise_conditional_logit_blend,pair_letterbox_cls_patch,100.0,0.5,0.25,4.886216164636096e-05,0.9979318657439348,0.0012033040574455926,0.00044501049282491133,0.00037095754414846174
img_c65f2c51276aefc3,selection_conditional_full_development_oof_v2,dataset_dev/02_ornek/kt183.jpg,02_ornek,02_ornek,True,0.9979499602211015,02_ornek,01_opishnyan_ceramics,03_bubnivka_ceramics,0,train,obj_single_c65f2c51276aefc3,,unreviewed,unreviewed,global_cls__c10__source0p5,pair_letterbox_cls_patch__c100__source0p5__blend0p25,pairwise_conditional_logit_blend,pair_letterbox_cls_patch,100.0,0.5,0.25,0.0008657969633134864,0.9979499602211015,0.0005631066289345535,0.00023994262868926833,0.0003811935579612786
img_e9cfc5efecfeacd2,selection_conditional_full_development_oof_v2,dataset_dev/02_ornek/kt185.jpg,02_ornek,02_ornek,True,0.9176883872339013,02_ornek,04_petrykivka_painting,01_opishnyan_ceramics,3,validation,obj_single_e9cfc5efecfeacd2,,unreviewed,unreviewed,global_cls__c10__source0p5,pair_letterbox_cls_patch__c100__source0p5__blend0p25,pairwise_conditional_logit_blend,pair_letterbox_cls_patch,100.0,0.5,0.25,0.0009150425979915695,0.9176883872339013,0.00031476541444281606,0.08095023294064872,0.00013157181301552681
img_1a233239493b1c99,selection_conditional_full_development_oof_v2,dataset_dev/02_ornek/kt203.jpg,02_ornek,02_ornek,True,0.9187282304638344,02_ornek,05_kosiv_ceramics,01_opishnyan_ceramics,3,validation,obj_single_1a233239493b1c99,,unreviewed,unreviewed,global_cls__c10__source0p5,pair_letterbox_cls_patch__c100__source0p5__blend0p25,pairwise_conditional_logit_blend,pair_letterbox_cls_patch,100.0,0.5,0.25,0.010756354460588974,0.9187282304638344,0.007437290468734,0.003419994234674911,0.05965813037216758
img_e805b65df0c563eb,selection_conditional_full_development_oof_v2,dataset_dev/02_ornek/kt204.jpg,02_ornek,02_ornek,True,0.9559324618669837,02_ornek,04_petrykivka_painting,05_kosiv_ceramics,0,validation,obj_single_e805b65df0c563eb,,unreviewed,unreviewed,global_cls__c10__source0p5,pair_letterbox_cls_patch__c100__source0p5__blend0p25,pairwise_conditional_logit_blend,pair_letterbox_cls_patch,100.0,0.5,0.25,0.002594112768860732,0.9559324618669837,0.006528171254194367,0.018967952810226684,0.015977301299734643
img_397c69a03ed4a1bd,selection_conditional_full_development_oof_v2,dataset_dev/02_ornek/kt205.jpg,02_ornek,02_ornek,True,0.779727993929769,02_ornek,01_opishnyan_ceramics,04_petrykivka_painting,2,train,obj_single_397c69a03ed4a1bd,,unreviewed,unreviewed,global_cls__c10__source0p5,pair_letterbox_cls_patch__c100__source0p5__blend0p25,pairwise_conditional_logit_blend,pair_letterbox_cls_patch,100.0,0.5,0.25,0.1871872230920567,0.779727993929769,0.004904719294749069,0.017230486706898442,0.010949576976526685
img_fe6b3e49914f0918,selection_conditional_full_development_oof_v2,dataset_dev/02_ornek/kt209.jpg,02_ornek,02_ornek,True,0.9124179510397444,02_ornek,04_petrykivka_painting,01_opishnyan_ceramics,3,train,obj_single_fe6b3e49914f0918,,unreviewed,unreviewed,global_cls__c10__source0p5,pair_letterbox_cls_patch__c100__source0p5__blend0p25,pairwise_conditional_logit_blend,pair_letterbox_cls_patch,100.0,0.5,0.25,0.03862916598676144,0.9124179510397444,0.00365474604032475,0.044418152052371304,0.0008799848807982616
img_e61242c1b7b5f31d,selection_conditional_full_development_oof_v2,dataset_dev/02_ornek/kt211.JPG,02_ornek,02_ornek,True,0.9949410272021636,02_ornek,03_bubnivka_ceramics,04_petrykivka_painting,4,validation,obj_single_e61242c1b7b5f31d,,unreviewed,unreviewed,global_cls__c10__source0p5,pair_letterbox_cls_patch__c100__source0p5__blend0p25,pairwise_conditional_logit_blend,pair_letterbox_cls_patch,100.0,0.5,0.25,0.0005699627835578754,0.9949410272021636,0.0021937415880113353,0.001458262556408195,0.0008370058698590991
img_38b6ff0fad2ab39f,selection_conditional_full_development_oof_v2,dataset_dev/02_ornek/kt212.JPG,02_ornek,02_ornek,True,0.9418996198589679,02_ornek,03_bubnivka_ceramics,05_kosiv_ceramics,1,train,obj_single_38b6ff0fad2ab39f,,unreviewed,unreviewed,global_cls__c10__source0p5,pair_letterbox_cls_patch__c100__source0p5__blend0p25,pairwise_conditional_logit_blend,pair_letterbox_cls_patch,100.0,0.5,0.25,0.0008194411837146769,0.9418996198589679,0.04294408125679957,0.0033375079361819384,0.010999349764336011
img_11c200cf25442021,selection_conditional_full_development_oof_v2,dataset_dev/02_ornek/kt214.JPG,02_ornek,02_ornek,True,0.9597878640302451,02_ornek,01_opishnyan_ceramics,04_petrykivka_painting,4,train,obj_single_11c200cf25442021,,unreviewed,unreviewed,global_cls__c10__source0p5,pair_letterbox_cls_patch__c100__source0p5__blend0p25,pairwise_conditional_logit_blend,pair_letterbox_cls_patch,100.0,0.5,0.25,0.0195947098663381,0.9597878640302451,0.005000835731661503,0.012451314596011025,0.0031652757757442713
img_d6f987737bfc7b75,selection_conditional_full_development_oof_v2,dataset_dev/02_ornek/kt215.jpg,02_ornek,02_ornek,True,0.9486595153270545,02_ornek,04_petrykivka_painting,05_kosiv_ceramics,3,train,obj_single_d6f987737bfc7b75,,unreviewed,unreviewed,global_cls__c10__source0p5,pair_letterbox_cls_patch__c100__source0p5__blend0p25,pairwise_conditional_logit_blend,pair_letterbox_cls_patch,100.0,0.5,0.25,0.0003788178001671594,0.9486595153270545,0.0011519851897100028,0.03289615009117199,0.016913531591896475
img_54b5034f6ee26314,selection_conditional_full_development_oof_v2,dataset_dev/02_ornek/kt217.JPG,02_ornek,02_ornek,True,0.9866307085444465,02_ornek,05_kosiv_ceramics,03_bubnivka_ceramics,1,validation,obj_single_54b5034f6ee26314,,unreviewed,unreviewed,global_cls__c10__source0p5,pair_letterbox_cls_patch__c100__source0p5__blend0p25,pairwise_conditional_logit_blend,pair_letterbox_cls_patch,100.0,0.5,0.25,0.0001792069309609216,0.9866307085444465,0.005371216965819438,0.002298799568816816,0.005520067989956486
img_de78264718d78149,selection_conditional_full_development_oof_v2,dataset_dev/02_ornek/kt218.JPG,02_ornek,02_ornek,True,0.9922557211891335,02_ornek,01_opishnyan_ceramics,03_bubnivka_ceramics,3,train,obj_single_de78264718d78149,,unreviewed,unreviewed,global_cls__c10__source0p5,pair_letterbox_cls_patch__c100__source0p5__blend0p25,pairwise_conditional_logit_blend,pair_letterbox_cls_patch,100.0,0.5,0.25,0.004041719017384532,0.9922557211891335,0.0018632451933608333,0.0015282493797078509,0.00031106522041326253
img_43785bbbe1f4c0f4,selection_conditional_full_development_oof_v2,dataset_dev/02_ornek/kt219.JPG,02_ornek,02_ornek,True,0.9164780171251818,02_ornek,05_kosiv_ceramics,03_bubnivka_ceramics,3,train,obj_single_43785bbbe1f4c0f4,,unreviewed,unreviewed,global_cls__c10__source0p5,pair_letterbox_cls_patch__c100__source0p5__blend0p25,pairwise_conditional_logit_blend,pair_letterbox_cls_patch,100.0,0.5,0.25,0.0005051686094773446,0.9164780171251818,0.02304211843232484,0.017510985928900998,0.0424637099041148
img_b5b5e71e11e007b3,selection_conditional_full_development_oof_v2,dataset_dev/02_ornek/kt220.jpg,02_ornek,02_ornek,True,0.9413696845490854,02_ornek,04_petrykivka_painting,01_opishnyan_ceramics,2,train,obj_single_b5b5e71e11e007b3,,unreviewed,unreviewed,global_cls__c10__source0p5,pair_letterbox_cls_patch__c100__source0p5__blend0p25,pairwise_conditional_logit_blend,pair_letterbox_cls_patch,100.0,0.5,0.25,0.01399193239984262,0.9413696845490854,0.0001230516867836277,0.044372259965188454,0.00014307139909985618
img_ea42815d47048164,selection_conditional_full_development_oof_v2,dataset_dev/02_ornek/kt221.jpg,02_ornek,02_ornek,True,0.975983694920426,02_ornek,04_petrykivka_painting,05_kosiv_ceramics,3,train,obj_single_ea42815d47048164,,unreviewed,unreviewed,global_cls__c10__source0p5,pair_letterbox_cls_patch__c100__source0p5__blend0p25,pairwise_conditional_logit_blend,pair_letterbox_cls_patch,100.0,0.5,0.25,0.0006654765377325238,0.975983694920426,0.00029062420120102146,0.01856087098266168,0.0044993333579787945
img_6b3390168b9ba1e8,selection_conditional_full_development_oof_v2,dataset_dev/02_ornek/kt222.JPG,02_ornek,02_ornek,True,0.7102071224325034,02_ornek,03_bubnivka_ceramics,01_opishnyan_ceramics,4,train,obj_single_6b3390168b9ba1e8,,unreviewed,unreviewed,global_cls__c10__source0p5,pair_letterbox_cls_patch__c100__source0p5__blend0p25,pairwise_conditional_logit_blend,pair_letterbox_cls_patch,100.0,0.5,0.25,0.08754292835965478,0.7102071224325034,0.19165971966178197,0.0029735524304872274,0.007616677115572737
img_ded3b829a94e16d8,selection_conditional_full_development_oof_v2,dataset_dev/02_ornek/kt223.JPG,02_ornek,02_ornek,True,0.9806984783456419,02_ornek,01_opishnyan_ceramics,05_kosiv_ceramics,0,train,obj_single_ded3b829a94e16d8,,unreviewed,unreviewed,global_cls__c10__source0p5,pair_letterbox_cls_patch__c100__source0p5__blend0p25,pairwise_conditional_logit_blend,pair_letterbox_cls_patch,100.0,0.5,0.25,0.010287401833605965,0.9806984783456419,0.0015828607479477267,0.0037154532231419434,0.0037158058496623543
img_7e4a085f8903beb4,selection_conditional_full_development_oof_v2,dataset_dev/02_ornek/kt226.jpg,02_ornek,02_ornek,True,0.996481023618349,02_ornek,03_bubnivka_ceramics,04_petrykivka_painting,2,train,obj_single_7e4a085f8903beb4,,unreviewed,unreviewed,global_cls__c10__source0p5,pair_letterbox_cls_patch__c100__source0p5__blend0p25,pairwise_conditional_logit_blend,pair_letterbox_cls_patch,100.0,0.5,0.25,0.00019111021288019481,0.996481023618349,0.001580590778063565,0.0010369440560264315,0.0007103313346808372
img_e43faaacd34b4839,selection_conditional_full_development_oof_v2,dataset_dev/02_ornek/kt228.jpg,02_ornek,02_ornek,True,0.9578529936925041,02_ornek,01_opishnyan_ceramics,04_petrykivka_painting,3,train,obj_single_e43faaacd34b4839,,unreviewed,unreviewed,global_cls__c10__source0p5,pair_letterbox_cls_patch__c100__source0p5__blend0p25,pairwise_conditional_logit_blend,pair_letterbox_cls_patch,100.0,0.5,0.25,0.017521967398462988,0.9578529936925041,0.006594076361011297,0.009801541015848257,0.008229421532173193
img_48a4679aea15a29d,selection_conditional_full_development_oof_v2,dataset_dev/02_ornek/kt229.jpg,02_ornek,02_ornek,True,0.9650237871431141,02_ornek,05_kosiv_ceramics,04_petrykivka_painting,2,validation,obj_single_48a4679aea15a29d,,unreviewed,unreviewed,global_cls__c10__source0p5,pair_letterbox_cls_patch__c100__source0p5__blend0p25,pairwise_conditional_logit_blend,pair_letterbox_cls_patch,100.0,0.5,0.25,2.4055394669830873e-05,0.9650237871431141,0.0008307289191261669,0.0068757268659127325,0.027245701677177214
img_2d12685aa747827d,selection_conditional_full_development_oof_v2,dataset_dev/02_ornek/kt232.jpg,02_ornek,02_ornek,True,0.9765894004533023,02_ornek,04_petrykivka_painting,05_kosiv_ceramics,2,train,obj_single_2d12685aa747827d,,unreviewed,unreviewed,global_cls__c10__source0p5,pair_letterbox_cls_patch__c100__source0p5__blend0p25,pairwise_conditional_logit_blend,pair_letterbox_cls_patch,100.0,0.5,0.25,2.5778165686866495e-05,0.9765894004533023,0.005987955722259824,0.0092581602411764,0.00813870541757475
img_438584cb4dfe7d21,selection_conditional_full_development_oof_v2,dataset_dev/02_ornek/kt234.jpg,02_ornek,02_ornek,True,0.9699318952041351,02_ornek,04_petrykivka_painting,05_kosiv_ceramics,1,train,obj_single_438584cb4dfe7d21,,unreviewed,unreviewed,global_cls__c10__source0p5,pair_letterbox_cls_patch__c100__source0p5__blend0p25,pairwise_conditional_logit_blend,pair_letterbox_cls_patch,100.0,0.5,0.25,6.073854078386613e-05,0.9699318952041351,0.0014327910076141431,0.025899463387146857,0.0026751118603199793
img_1cd041b74aef982c,selection_conditional_full_development_oof_v2,dataset_dev/02_ornek/kt236.jpg,02_ornek,02_ornek,True,0.9796445685966466,02_ornek,04_petrykivka_painting,05_kosiv_ceramics,4,train,obj_single_1cd041b74aef982c,,unreviewed,unreviewed,global_cls__c10__source0p5,pair_letterbox_cls_patch__c100__source0p5__blend0p25,pairwise_conditional_logit_blend,pair_letterbox_cls_patch,100.0,0.5,0.25,0.00029308177102733583,0.9796445685966466,0.00036243922290803387,0.01772353675969858,0.0019763736497194315
img_f37d79702ff56a41,selection_conditional_full_development_oof_v2,dataset_dev/02_ornek/kt238.jpg,02_ornek,02_ornek,True,0.9877516300885615,02_ornek,03_bubnivka_ceramics,04_petrykivka_painting,4,train,obj_single_f37d79702ff56a41,,unreviewed,unreviewed,global_cls__c10__source0p5,pair_letterbox_cls_patch__c100__source0p5__blend0p25,pairwise_conditional_logit_blend,pair_letterbox_cls_patch,100.0,0.5,0.25,0.0003430614035229956,0.9877516300885615,0.010864385529543392,0.0008407964584762367,0.0002001265198959963
img_794b4a0ad0e01c9b,selection_conditional_full_development_oof_v2,dataset_dev/02_ornek/kt239.jpg,02_ornek,02_ornek,True,0.9967409985188044,02_ornek,05_kosiv_ceramics,03_bubnivka_ceramics,4,train,obj_single_794b4a0ad0e01c9b,,unreviewed,unreviewed,global_cls__c10__source0p5,pair_letterbox_cls_patch__c100__source0p5__blend0p25,pairwise_conditional_logit_blend,pair_letterbox_cls_patch,100.0,0.5,0.25,0.0003623489698139436,0.9967409985188044,0.001101021519396938,0.0004743191484645652,0.0013213118435200777
img_5fec64ca92dc8b2e,selection_conditional_full_development_oof_v2,dataset_dev/02_ornek/kt240.jpg,02_ornek,02_ornek,True,0.972120640767136,02_ornek,04_petrykivka_painting,05_kosiv_ceramics,1,train,obj_single_5fec64ca92dc8b2e,,unreviewed,unreviewed,global_cls__c10__source0p5,pair_letterbox_cls_patch__c100__source0p5__blend0p25,pairwise_conditional_logit_blend,pair_letterbox_cls_patch,100.0,0.5,0.25,0.0010422420834259028,0.972120640767136,0.0021672383104792076,0.015092585135116706,0.009577293703842095
img_9bf00fb20f62911f,selection_conditional_full_development_oof_v2,dataset_dev/02_ornek/kt244.jpg,02_ornek,02_ornek,True,0.9937826995817691,02_ornek,05_kosiv_ceramics,03_bubnivka_ceramics,0,validation,obj_single_9bf00fb20f62911f,,unreviewed,unreviewed,global_cls__c10__source0p5,pair_letterbox_cls_patch__c100__source0p5__blend0p25,pairwise_conditional_logit_blend,pair_letterbox_cls_patch,100.0,0.5,0.25,0.00026636721349485075,0.9937826995817691,0.0017056220162340518,0.0009832244737636702,0.0032620867147381176
img_f2bce664ad7718a2,selection_conditional_full_development_oof_v2,dataset_dev/02_ornek/kt246.jpg,02_ornek,02_ornek,True,0.9570299933953321,02_ornek,05_kosiv_ceramics,03_bubnivka_ceramics,0,train,obj_single_f2bce664ad7718a2,,unreviewed,unreviewed,global_cls__c10__source0p5,pair_letterbox_cls_patch__c100__source0p5__blend0p25,pairwise_conditional_logit_blend,pair_letterbox_cls_patch,100.0,0.5,0.25,0.0018749644536847601,0.9570299933953321,0.011892795306173072,0.011263933065836276,0.017938313778973813
img_8b1e2f99117f4ae1,selection_conditional_full_development_oof_v2,dataset_dev/02_ornek/kt248.jpg,02_ornek,02_ornek,True,0.9824709646688096,02_ornek,05_kosiv_ceramics,04_petrykivka_painting,4,train,obj_single_8b1e2f99117f4ae1,,unreviewed,unreviewed,global_cls__c10__source0p5,pair_letterbox_cls_patch__c100__source0p5__blend0p25,pairwise_conditional_logit_blend,pair_letterbox_cls_patch,100.0,0.5,0.25,8.060247754660192e-05,0.9824709646688096,0.0003924751012553085,0.002077308924027844,0.014978648828360568
img_90b7a0ec8998b70a,selection_conditional_full_development_oof_v2,dataset_dev/02_ornek/kt249.jpg,02_ornek,02_ornek,True,0.9983192607820576,02_ornek,03_bubnivka_ceramics,05_kosiv_ceramics,1,validation,obj_single_90b7a0ec8998b70a,,unreviewed,unreviewed,global_cls__c10__source0p5,pair_letterbox_cls_patch__c100__source0p5__blend0p25,pairwise_conditional_logit_blend,pair_letterbox_cls_patch,100.0,0.5,0.25,0.0001568108865629346,0.9983192607820576,0.0009617003308127144,0.00020384554418544933,0.0003583824563812964
img_815ffb692b09d084,selection_conditional_full_development_oof_v2,dataset_dev/02_ornek/kt250.JPG,02_ornek,02_ornek,True,0.9052364331738005,02_ornek,04_petrykivka_painting,05_kosiv_ceramics,3,validation,obj_single_815ffb692b09d084,,unreviewed,unreviewed,global_cls__c10__source0p5,pair_letterbox_cls_patch__c100__source0p5__blend0p25,pairwise_conditional_logit_blend,pair_letterbox_cls_patch,100.0,0.5,0.25,0.00013770602833228018,0.9052364331738005,0.0003928302999824136,0.08159918677714384,0.012633843720741165
img_faeb5e3e6118abfb,selection_conditional_full_development_oof_v2,dataset_dev/02_ornek/kt251.jpg,02_ornek,02_ornek,True,0.9911171403878262,02_ornek,03_bubnivka_ceramics,04_petrykivka_painting,4,train,obj_single_faeb5e3e6118abfb,,unreviewed,unreviewed,global_cls__c10__source0p5,pair_letterbox_cls_patch__c100__source0p5__blend0p25,pairwise_conditional_logit_blend,pair_letterbox_cls_patch,100.0,0.5,0.25,0.00020439681240882508,0.9911171403878262,0.0066564068419862265,0.0018848197906572478,0.00013723616712143315
img_510043a27423f7cb,selection_conditional_full_development_oof_v2,dataset_dev/02_ornek/kt252.jpg,02_ornek,02_ornek,True,0.9990366137322318,02_ornek,04_petrykivka_painting,05_kosiv_ceramics,0,train,obj_single_510043a27423f7cb,,unreviewed,unreviewed,global_cls__c10__source0p5,pair_letterbox_cls_patch__c100__source0p5__blend0p25,pairwise_conditional_logit_blend,pair_letterbox_cls_patch,100.0,0.5,0.25,1.1341732636956397e-05,0.9990366137322318,0.00011183125921545377,0.0005652335659741862,0.00027497970994158264
img_299f89f647ac3b3f,selection_conditional_full_development_oof_v2,dataset_dev/02_ornek/kt254.jpg,02_ornek,02_ornek,True,0.9984656666066574,02_ornek,03_bubnivka_ceramics,04_petrykivka_painting,1,train,obj_single_299f89f647ac3b3f,,unreviewed,unreviewed,global_cls__c10__source0p5,pair_letterbox_cls_patch__c100__source0p5__blend0p25,pairwise_conditional_logit_blend,pair_letterbox_cls_patch,100.0,0.5,0.25,0.00012187643830774079,0.9984656666066574,0.0005510702559586351,0.000539189630358247,0.00032219706871817685
img_2f209b67ac531264,selection_conditional_full_development_oof_v2,dataset_dev/02_ornek/kt255.jpg,02_ornek,02_ornek,True,0.9975588240870965,02_ornek,03_bubnivka_ceramics,05_kosiv_ceramics,4,train,obj_single_2f209b67ac531264,,unreviewed,unreviewed,global_cls__c10__source0p5,pair_letterbox_cls_patch__c100__source0p5__blend0p25,pairwise_conditional_logit_blend,pair_letterbox_cls_patch,100.0,0.5,0.25,0.0005020196771974314,0.9975588240870965,0.0009310698639016736,0.00043986232865914256,0.000568224043145094
img_63fefe7d5c34e09c,selection_conditional_full_development_oof_v2,dataset_dev/02_ornek/kt256.jpg,02_ornek,02_ornek,True,0.9961624910382365,02_ornek,05_kosiv_ceramics,04_petrykivka_painting,1,train,obj_single_63fefe7d5c34e09c,,unreviewed,unreviewed,global_cls__c10__source0p5,pair_letterbox_cls_patch__c100__source0p5__blend0p25,pairwise_conditional_logit_blend,pair_letterbox_cls_patch,100.0,0.5,0.25,8.811091187365019e-05,0.9961624910382365,0.0007381379048622619,0.001344122472182886,0.0016671376728446135
img_cb5f99c4a8cf58d3,selection_conditional_full_development_oof_v2,dataset_dev/02_ornek/kt257.jpg,02_ornek,02_ornek,True,0.8542982219342086,02_ornek,05_kosiv_ceramics,04_petrykivka_painting,0,train,obj_single_cb5f99c4a8cf58d3,,unreviewed,unreviewed,global_cls__c10__source0p5,pair_letterbox_cls_patch__c100__source0p5__blend0p25,pairwise_conditional_logit_blend,pair_letterbox_cls_patch,100.0,0.5,0.25,0.017246517879765513,0.8542982219342086,0.03189244865413063,0.03737676246437577,0.05918604906751943
img_993f4c2051ba7cfa,selection_conditional_full_development_oof_v2,dataset_dev/02_ornek/kt259.jpg,02_ornek,02_ornek,True,0.8136582048499442,02_ornek,05_kosiv_ceramics,01_opishnyan_ceramics,0,validation,obj_single_993f4c2051ba7cfa,,unreviewed,unreviewed,global_cls__c10__source0p5,pair_letterbox_cls_patch__c100__source0p5__blend0p25,pairwise_conditional_logit_blend,pair_letterbox_cls_patch,100.0,0.5,0.25,0.0396566088660585,0.8136582048499442,0.00344104258579443,0.009372881409619057,0.13387126228858381
img_f9f14d9fea8bf3d2,selection_conditional_full_development_oof_v2,dataset_dev/02_ornek/kt261.jpg,02_ornek,02_ornek,True,0.9222735854691045,02_ornek,04_petrykivka_painting,05_kosiv_ceramics,4,train,obj_single_f9f14d9fea8bf3d2,,unreviewed,unreviewed,global_cls__c10__source0p5,pair_letterbox_cls_patch__c100__source0p5__blend0p25,pairwise_conditional_logit_blend,pair_letterbox_cls_patch,100.0,0.5,0.25,0.00038167369168843474,0.9222735854691045,0.0060407572432848115,0.06291646720058616,0.008387516395336102
img_e919edefdf83f01a,selection_conditional_full_development_oof_v2,dataset_dev/02_ornek/kt263.JPG,02_ornek,02_ornek,True,0.978265159419171,02_ornek,01_opishnyan_ceramics,05_kosiv_ceramics,2,validation,obj_single_e919edefdf83f01a,,unreviewed,unreviewed,global_cls__c10__source0p5,pair_letterbox_cls_patch__c100__source0p5__blend0p25,pairwise_conditional_logit_blend,pair_letterbox_cls_patch,100.0,0.5,0.25,0.007823781123802779,0.978265159419171,0.002693739625982708,0.004600105394823745,0.006617214436219633
img_bcb3ee509f03e05a,selection_conditional_full_development_oof_v2,dataset_dev/02_ornek/kt264.jpg,02_ornek,02_ornek,True,0.928540929463635,02_ornek,04_petrykivka_painting,05_kosiv_ceramics,2,train,obj_single_bcb3ee509f03e05a,,unreviewed,unreviewed,global_cls__c10__source0p5,pair_letterbox_cls_patch__c100__source0p5__blend0p25,pairwise_conditional_logit_blend,pair_letterbox_cls_patch,100.0,0.5,0.25,0.0004139662881454118,0.928540929463635,0.0005521810750770683,0.03585420397439006,0.03463871919875229
img_0c3caa4d2a12b406,selection_conditional_full_development_oof_v2,dataset_dev/02_ornek/kt265.jpg,02_ornek,02_ornek,True,0.9942666416057203,02_ornek,04_petrykivka_painting,05_kosiv_ceramics,4,train,obj_single_0c3caa4d2a12b406,,unreviewed,unreviewed,global_cls__c10__source0p5,pair_letterbox_cls_patch__c100__source0p5__blend0p25,pairwise_conditional_logit_blend,pair_letterbox_cls_patch,100.0,0.5,0.25,8.843340363804199e-05,0.9942666416057203,0.00011319315271834555,0.004627768603523159,0.0009039632343999866
img_ac9a21da78693913,selection_conditional_full_development_oof_v2,dataset_dev/02_ornek/kt266.jpg,02_ornek,02_ornek,True,0.9845816321956526,02_ornek,04_petrykivka_painting,01_opishnyan_ceramics,3,train,obj_single_ac9a21da78693913,,unreviewed,unreviewed,global_cls__c10__source0p5,pair_letterbox_cls_patch__c100__source0p5__blend0p25,pairwise_conditional_logit_blend,pair_letterbox_cls_patch,100.0,0.5,0.25,0.0017855866408805932,0.9845816321956526,0.0004091226260477104,0.011847520782271888,0.0013761377551470616
img_6c30f0bf7d03c33c,selection_conditional_full_development_oof_v2,dataset_dev/02_ornek/kt269.jpg,02_ornek,02_ornek,True,0.7500946773223486,02_ornek,04_petrykivka_painting,05_kosiv_ceramics,4,validation,obj_single_6c30f0bf7d03c33c,,unreviewed,unreviewed,global_cls__c10__source0p5,pair_letterbox_cls_patch__c100__source0p5__blend0p25,pairwise_conditional_logit_blend,pair_letterbox_cls_patch,100.0,0.5,0.25,0.003800277859487323,0.7500946773223486,0.0037362724126570237,0.19709191861348319,0.045276853792024035
img_5ba8a01e92eaf50e,selection_conditional_full_development_oof_v2,dataset_dev/02_ornek/kt270.jpg,02_ornek,02_ornek,True,0.7294032946342305,02_ornek,05_kosiv_ceramics,04_petrykivka_painting,3,train,obj_single_5ba8a01e92eaf50e,,unreviewed,unreviewed,global_cls__c10__source0p5,pair_letterbox_cls_patch__c100__source0p5__blend0p25,pairwise_conditional_logit_blend,pair_letterbox_cls_patch,100.0,0.5,0.25,0.03632121258345794,0.7294032946342305,0.0058461829027997275,0.07304267627210467,0.155386633607407
img_bcc385c36b86f79a,selection_conditional_full_development_oof_v2,dataset_dev/02_ornek/kt271.jpg,02_ornek,02_ornek,True,0.9734356089569141,02_ornek,04_petrykivka_painting,05_kosiv_ceramics,2,train,obj_single_bcc385c36b86f79a,,unreviewed,unreviewed,global_cls__c10__source0p5,pair_letterbox_cls_patch__c100__source0p5__blend0p25,pairwise_conditional_logit_blend,pair_letterbox_cls_patch,100.0,0.5,0.25,0.0031104816825332365,0.9734356089569141,0.0019526810776110707,0.013283596196536204,0.008217632086405541
img_744d6a14cf8aa451,selection_conditional_full_development_oof_v2,dataset_dev/02_ornek/kt274.jpg,02_ornek,02_ornek,True,0.9324033297814611,02_ornek,01_opishnyan_ceramics,03_bubnivka_ceramics,1,train,obj_single_744d6a14cf8aa451,,unreviewed,unreviewed,global_cls__c10__source0p5,pair_letterbox_cls_patch__c100__source0p5__blend0p25,pairwise_conditional_logit_blend,pair_letterbox_cls_patch,100.0,0.5,0.25,0.053049047256678236,0.9324033297814611,0.006892584475935263,0.004917720256511354,0.0027373182294141395
img_8dcbcfd4e6783617,selection_conditional_full_development_oof_v2,dataset_dev/02_ornek/kt275.jpg,02_ornek,02_ornek,True,0.9773022570602454,02_ornek,05_kosiv_ceramics,04_petrykivka_painting,2,train,obj_single_8dcbcfd4e6783617,,unreviewed,unreviewed,global_cls__c10__source0p5,pair_letterbox_cls_patch__c100__source0p5__blend0p25,pairwise_conditional_logit_blend,pair_letterbox_cls_patch,100.0,0.5,0.25,0.0001572737062791802,0.9773022570602454,0.0015652175986597804,0.0018169453634253848,0.019158306271390414
img_985b78d77115604e,selection_conditional_full_development_oof_v2,dataset_dev/02_ornek/kt276.jpg,02_ornek,02_ornek,True,0.9750144762941615,02_ornek,05_kosiv_ceramics,04_petrykivka_painting,2,train,obj_single_985b78d77115604e,,unreviewed,unreviewed,global_cls__c10__source0p5,pair_letterbox_cls_patch__c100__source0p5__blend0p25,pairwise_conditional_logit_blend,pair_letterbox_cls_patch,100.0,0.5,0.25,0.00034397745492799873,0.9750144762941615,0.0013080102582600436,0.006733659185821266,0.016599876806829183
img_bb5bb1ba6e46c28e,selection_conditional_full_development_oof_v2,dataset_dev/02_ornek/kt277.jpg,02_ornek,02_ornek,True,0.8366841431976002,02_ornek,05_kosiv_ceramics,04_petrykivka_painting,0,validation,obj_single_bb5bb1ba6e46c28e,,unreviewed,unreviewed,global_cls__c10__source0p5,pair_letterbox_cls_patch__c100__source0p5__blend0p25,pairwise_conditional_logit_blend,pair_letterbox_cls_patch,100.0,0.5,0.25,0.0029044656189901063,0.8366841431976002,0.0011930833429520502,0.007653035837183171,0.1515652720032746
img_a84f9e7c77aa18e9,selection_conditional_full_development_oof_v2,dataset_dev/02_ornek/kt278.jpg,02_ornek,02_ornek,True,0.8199399940915821,02_ornek,04_petrykivka_painting,03_bubnivka_ceramics,2,train,obj_single_a84f9e7c77aa18e9,,unreviewed,unreviewed,global_cls__c10__source0p5,pair_letterbox_cls_patch__c100__source0p5__blend0p25,pairwise_conditional_logit_blend,pair_letterbox_cls_patch,100.0,0.5,0.25,0.002540267181252211,0.8199399940915821,0.0314077287910214,0.14430841904230182,0.0018035908938425838
img_714afc20d0a3b2f2,selection_conditional_full_development_oof_v2,dataset_dev/02_ornek/kt280.jpg,02_ornek,02_ornek,True,0.9787646696228647,02_ornek,05_kosiv_ceramics,03_bubnivka_ceramics,4,train,obj_single_714afc20d0a3b2f2,,unreviewed,unreviewed,global_cls__c10__source0p5,pair_letterbox_cls_patch__c100__source0p5__blend0p25,pairwise_conditional_logit_blend,pair_letterbox_cls_patch,100.0,0.5,0.25,0.0008863672461215206,0.9787646696228647,0.00261932980881316,0.0014395986044281855,0.016290034717772517
img_13847a7374b5811a,selection_conditional_full_development_oof_v2,dataset_dev/02_ornek/kt281.jpg,02_ornek,02_ornek,True,0.9840300608396286,02_ornek,05_kosiv_ceramics,03_bubnivka_ceramics,1,train,obj_single_13847a7374b5811a,,unreviewed,unreviewed,global_cls__c10__source0p5,pair_letterbox_cls_patch__c100__source0p5__blend0p25,pairwise_conditional_logit_blend,pair_letterbox_cls_patch,100.0,0.5,0.25,0.00029857536159512475,0.9840300608396286,0.004258199231553286,0.0008072878701357328,0.010605876697087176
img_5c55acb98b4d3770,selection_conditional_full_development_oof_v2,dataset_dev/02_ornek/kt282.jpg,02_ornek,02_ornek,True,0.8522033649030909,02_ornek,03_bubnivka_ceramics,04_petrykivka_painting,4,train,obj_single_5c55acb98b4d3770,,unreviewed,unreviewed,global_cls__c10__source0p5,pair_letterbox_cls_patch__c100__source0p5__blend0p25,pairwise_conditional_logit_blend,pair_letterbox_cls_patch,100.0,0.5,0.25,0.006535758420572631,0.8522033649030909,0.0775031843400756,0.06159500348317141,0.002162688853089731
img_1eb629e9a7b4a54f,selection_conditional_full_development_oof_v2,dataset_dev/02_ornek/kt283.JPG,02_ornek,02_ornek,True,0.992554722255921,02_ornek,05_kosiv_ceramics,01_opishnyan_ceramics,0,train,obj_single_1eb629e9a7b4a54f,,unreviewed,unreviewed,global_cls__c10__source0p5,pair_letterbox_cls_patch__c100__source0p5__blend0p25,pairwise_conditional_logit_blend,pair_letterbox_cls_patch,100.0,0.5,0.25,0.002268837238995164,0.992554722255921,0.000436118369263803,0.0016200528957238869,0.003120269240095891
img_b7ad04cc895f5813,selection_conditional_full_development_oof_v2,dataset_dev/02_ornek/kt285.jpg,02_ornek,02_ornek,True,0.9774565110223531,02_ornek,01_opishnyan_ceramics,05_kosiv_ceramics,3,validation,obj_single_b7ad04cc895f5813,,unreviewed,unreviewed,global_cls__c10__source0p5,pair_letterbox_cls_patch__c100__source0p5__blend0p25,pairwise_conditional_logit_blend,pair_letterbox_cls_patch,100.0,0.5,0.25,0.013465292135127871,0.9774565110223531,0.0036019180755829136,0.0017080535354651654,0.003768225231470772
img_6fc462e576a5703e,selection_conditional_full_development_oof_v2,dataset_dev/02_ornek/kt287.JPG,02_ornek,02_ornek,True,0.718406882844185,02_ornek,04_petrykivka_painting,05_kosiv_ceramics,1,train,obj_single_6fc462e576a5703e,,unreviewed,unreviewed,global_cls__c10__source0p5,pair_letterbox_cls_patch__c100__source0p5__blend0p25,pairwise_conditional_logit_blend,pair_letterbox_cls_patch,100.0,0.5,0.25,0.031646407858142656,0.718406882844185,0.007052650753891661,0.1805977712038889,0.06229628733989175
img_d1205a51d6451832,selection_conditional_full_development_oof_v2,dataset_dev/02_ornek/kt289.jpg,02_ornek,02_ornek,True,0.8541153954439518,02_ornek,05_kosiv_ceramics,03_bubnivka_ceramics,0,train,obj_single_d1205a51d6451832,,unreviewed,unreviewed,global_cls__c10__source0p5,pair_letterbox_cls_patch__c100__source0p5__blend0p25,pairwise_conditional_logit_blend,pair_letterbox_cls_patch,100.0,0.5,0.25,0.003514406343205409,0.8541153954439518,0.0037644281063074084,0.002962636943909203,0.13564313316262633
img_0c055397f3ef7bfe,selection_conditional_full_development_oof_v2,dataset_dev/02_ornek/kt290.jpg,02_ornek,02_ornek,True,0.8733509164155073,02_ornek,04_petrykivka_painting,05_kosiv_ceramics,1,train,obj_single_0c055397f3ef7bfe,,unreviewed,unreviewed,global_cls__c10__source0p5,pair_letterbox_cls_patch__c100__source0p5__blend0p25,pairwise_conditional_logit_blend,pair_letterbox_cls_patch,100.0,0.5,0.25,0.0010890310860132298,0.8733509164155073,0.001981483373049669,0.12086022866954285,0.0027183404558870088
img_0fac5736468af3a0,selection_conditional_full_development_oof_v2,dataset_dev/02_ornek/kt293.jpg,02_ornek,02_ornek,True,0.9914466335010799,02_ornek,03_bubnivka_ceramics,05_kosiv_ceramics,4,validation,semgrp_82bcee8a4acb4c8e,,unreviewed,unreviewed,global_cls__c10__source0p5,pair_letterbox_cls_patch__c100__source0p5__blend0p25,pairwise_conditional_logit_blend,pair_letterbox_cls_patch,100.0,0.5,0.25,0.00016476293156689057,0.9914466335010799,0.004186665231476446,0.001541447520737292,0.0026604908151395845
img_8bf279a9dba415f7,selection_conditional_full_development_oof_v2,dataset_dev/02_ornek/kt295.jpg,02_ornek,02_ornek,True,0.9942173750612335,02_ornek,05_kosiv_ceramics,03_bubnivka_ceramics,4,validation,semgrp_82bcee8a4acb4c8e,,unreviewed,unreviewed,global_cls__c10__source0p5,pair_letterbox_cls_patch__c100__source0p5__blend0p25,pairwise_conditional_logit_blend,pair_letterbox_cls_patch,100.0,0.5,0.25,0.0001544595009711477,0.9942173750612335,0.0013552593374537875,0.001038653518224731,0.0032342525821168608
img_80c84f01a32b10ca,selection_conditional_full_development_oof_v2,dataset_dev/02_ornek/kt296.jpg,02_ornek,02_ornek,True,0.9893711104321257,02_ornek,04_petrykivka_painting,03_bubnivka_ceramics,2,validation,obj_single_80c84f01a32b10ca,,unreviewed,unreviewed,global_cls__c10__source0p5,pair_letterbox_cls_patch__c100__source0p5__blend0p25,pairwise_conditional_logit_blend,pair_letterbox_cls_patch,100.0,0.5,0.25,4.210329313340067e-05,0.9893711104321257,0.002777661973129821,0.005653951234505182,0.0021551730671058623
img_9716a5112d12514a,selection_conditional_full_development_oof_v2,dataset_dev/02_ornek/kt300.jpg,02_ornek,02_ornek,True,0.9838777321844772,02_ornek,04_petrykivka_painting,05_kosiv_ceramics,4,train,obj_single_9716a5112d12514a,,unreviewed,unreviewed,global_cls__c10__source0p5,pair_letterbox_cls_patch__c100__source0p5__blend0p25,pairwise_conditional_logit_blend,pair_letterbox_cls_patch,100.0,0.5,0.25,0.0002320402055823253,0.9838777321844772,0.0010755426483243687,0.012741495414897485,0.0020731895467185056
img_ff9db4e87afc207a,selection_conditional_full_development_oof_v2,dataset_dev/02_ornek/kt302.jpg,02_ornek,02_ornek,True,0.9930476217425611,02_ornek,03_bubnivka_ceramics,05_kosiv_ceramics,2,train,obj_single_ff9db4e87afc207a,,unreviewed,unreviewed,global_cls__c10__source0p5,pair_letterbox_cls_patch__c100__source0p5__blend0p25,pairwise_conditional_logit_blend,pair_letterbox_cls_patch,100.0,0.5,0.25,0.001178196328924136,0.9930476217425611,0.003694191780711008,0.0006536352482469025,0.0014263548995567714
img_acbee5623f5d8444,selection_conditional_full_development_oof_v2,dataset_dev/02_ornek/kt303.jpg,02_ornek,02_ornek,True,0.9926653243294327,02_ornek,05_kosiv_ceramics,03_bubnivka_ceramics,0,train,obj_single_acbee5623f5d8444,,unreviewed,unreviewed,global_cls__c10__source0p5,pair_letterbox_cls_patch__c100__source0p5__blend0p25,pairwise_conditional_logit_blend,pair_letterbox_cls_patch,100.0,0.5,0.25,0.00021756785007135464,0.9926653243294327,0.0018766331376865364,0.00016415389631772767,0.00507632078649181
img_6fb696b140c01f26,selection_conditional_full_development_oof_v2,dataset_dev/02_ornek/kt304.jpg,02_ornek,02_ornek,True,0.9925125999228663,02_ornek,01_opishnyan_ceramics,05_kosiv_ceramics,0,validation,obj_single_6fb696b140c01f26,,unreviewed,unreviewed,global_cls__c10__source0p5,pair_letterbox_cls_patch__c100__source0p5__blend0p25,pairwise_conditional_logit_blend,pair_letterbox_cls_patch,100.0,0.5,0.25,0.004100263524004946,0.9925125999228663,0.001061046789377774,0.00043701078615849707,0.0018890789775924688
img_183c806bd8f55192,selection_conditional_full_development_oof_v2,dataset_dev/02_ornek/kt306.jpg,02_ornek,02_ornek,True,0.9967953211050465,02_ornek,05_kosiv_ceramics,03_bubnivka_ceramics,4,train,obj_single_183c806bd8f55192,,unreviewed,unreviewed,global_cls__c10__source0p5,pair_letterbox_cls_patch__c100__source0p5__blend0p25,pairwise_conditional_logit_blend,pair_letterbox_cls_patch,100.0,0.5,0.25,0.00015514200666230974,0.9967953211050465,0.0009539767332237995,0.00018810760587582317,0.0019074525491916093
img_1a234e1bedc1b2ec,selection_conditional_full_development_oof_v2,dataset_dev/02_ornek/kt308.jpg,02_ornek,02_ornek,True,0.9984709200132976,02_ornek,01_opishnyan_ceramics,03_bubnivka_ceramics,2,train,obj_single_1a234e1bedc1b2ec,,unreviewed,unreviewed,global_cls__c10__source0p5,pair_letterbox_cls_patch__c100__source0p5__blend0p25,pairwise_conditional_logit_blend,pair_letterbox_cls_patch,100.0,0.5,0.25,0.0007031985206158086,0.9984709200132976,0.000454389630199843,0.00017675519241994005,0.00019473664346674025
img_c8e81536833c4d07,selection_conditional_full_development_oof_v2,dataset_dev/02_ornek/kt309.jpg,02_ornek,02_ornek,True,0.9972138672266538,02_ornek,01_opishnyan_ceramics,04_petrykivka_painting,0,validation,obj_single_c8e81536833c4d07,,unreviewed,unreviewed,global_cls__c10__source0p5,pair_letterbox_cls_patch__c100__source0p5__blend0p25,pairwise_conditional_logit_blend,pair_letterbox_cls_patch,100.0,0.5,0.25,0.0019130007610901434,0.9972138672266538,0.00016893820826254614,0.0005030094528596475,0.00020118435113376356
img_898f2a911c8162a2,selection_conditional_full_development_oof_v2,dataset_dev/02_ornek/kt310.JPG,02_ornek,02_ornek,True,0.9967147463144211,02_ornek,05_kosiv_ceramics,04_petrykivka_painting,3,train,obj_single_898f2a911c8162a2,,unreviewed,unreviewed,global_cls__c10__source0p5,pair_letterbox_cls_patch__c100__source0p5__blend0p25,pairwise_conditional_logit_blend,pair_letterbox_cls_patch,100.0,0.5,0.25,0.00045798602748484796,0.9967147463144211,0.0005978922299632091,0.0010467583175653074,0.0011826171105655458
img_740be47e45aaed28,selection_conditional_full_development_oof_v2,dataset_dev/02_ornek/kt313.JPG,02_ornek,02_ornek,True,0.7770623057864725,02_ornek,04_petrykivka_painting,05_kosiv_ceramics,4,train,obj_single_740be47e45aaed28,,unreviewed,unreviewed,global_cls__c10__source0p5,pair_letterbox_cls_patch__c100__source0p5__blend0p25,pairwise_conditional_logit_blend,pair_letterbox_cls_patch,100.0,0.5,0.25,0.0007643385190660555,0.7770623057864725,0.0003231762978787102,0.13026588848245524,0.09158429091412736
img_76beacf98c0da1c9,selection_conditional_full_development_oof_v2,dataset_dev/02_ornek/kt316.JPG,02_ornek,02_ornek,True,0.9991395525555529,02_ornek,01_opishnyan_ceramics,05_kosiv_ceramics,1,train,obj_single_76beacf98c0da1c9,,unreviewed,unreviewed,global_cls__c10__source0p5,pair_letterbox_cls_patch__c100__source0p5__blend0p25,pairwise_conditional_logit_blend,pair_letterbox_cls_patch,100.0,0.5,0.25,0.0003127906751386706,0.9991395525555529,0.00014078739788191233,0.00015354407768863027,0.00025332529373780035
img_78b16968e874fa75,selection_conditional_full_development_oof_v2,dataset_dev/02_ornek/kt317.jpg,02_ornek,02_ornek,True,0.9980204665539483,02_ornek,04_petrykivka_painting,05_kosiv_ceramics,2,train,obj_single_78b16968e874fa75,,unreviewed,unreviewed,global_cls__c10__source0p5,pair_letterbox_cls_patch__c100__source0p5__blend0p25,pairwise_conditional_logit_blend,pair_letterbox_cls_patch,100.0,0.5,0.25,2.366245656334689e-05,0.9980204665539483,0.00030935727817895796,0.001273209702150961,0.00037330400915850363
img_3ee3316a8f3431dd,selection_conditional_full_development_oof_v2,dataset_dev/02_ornek/kt320.jpg,02_ornek,02_ornek,True,0.838120297657804,02_ornek,05_kosiv_ceramics,03_bubnivka_ceramics,1,train,obj_single_3ee3316a8f3431dd,,unreviewed,unreviewed,global_cls__c10__source0p5,pair_letterbox_cls_patch__c100__source0p5__blend0p25,pairwise_conditional_logit_blend,pair_letterbox_cls_patch,100.0,0.5,0.25,0.015967624712588786,0.838120297657804,0.03822736826251958,0.016412009833262423,0.09127269953382529
img_026ea0c2798b2e8f,selection_conditional_full_development_oof_v2,dataset_dev/02_ornek/kt321.jpg,02_ornek,02_ornek,True,0.9705728776250283,02_ornek,04_petrykivka_painting,01_opishnyan_ceramics,1,train,obj_single_026ea0c2798b2e8f,,unreviewed,unreviewed,global_cls__c10__source0p5,pair_letterbox_cls_patch__c100__source0p5__blend0p25,pairwise_conditional_logit_blend,pair_letterbox_cls_patch,100.0,0.5,0.25,0.002941008196073456,0.9705728776250283,0.00043228657846446875,0.023393814855200815,0.002660012745232959
img_cbb233be6dd36e04,selection_conditional_full_development_oof_v2,dataset_dev/02_ornek/kt322.jpg,02_ornek,02_ornek,True,0.9722917327748204,02_ornek,04_petrykivka_painting,05_kosiv_ceramics,2,train,obj_single_cbb233be6dd36e04,,unreviewed,unreviewed,global_cls__c10__source0p5,pair_letterbox_cls_patch__c100__source0p5__blend0p25,pairwise_conditional_logit_blend,pair_letterbox_cls_patch,100.0,0.5,0.25,0.0004159718052421358,0.9722917327748204,0.00031106654597225767,0.021315469340862706,0.005665759533102429
img_7d42fa3107f70f92,selection_conditional_full_development_oof_v2,dataset_dev/02_ornek/kt323.jpg,02_ornek,02_ornek,True,0.9938723838539801,02_ornek,01_opishnyan_ceramics,03_bubnivka_ceramics,4,train,obj_single_7d42fa3107f70f92,,unreviewed,unreviewed,global_cls__c10__source0p5,pair_letterbox_cls_patch__c100__source0p5__blend0p25,pairwise_conditional_logit_blend,pair_letterbox_cls_patch,100.0,0.5,0.25,0.00406280401676648,0.9938723838539801,0.0011024040352012718,0.00042222105793258464,0.0005401870361193303
img_41d048172f59a3e3,selection_conditional_full_development_oof_v2,dataset_dev/02_ornek/kt325.jpg,02_ornek,02_ornek,True,0.9656259781871855,02_ornek,01_opishnyan_ceramics,05_kosiv_ceramics,4,train,obj_single_41d048172f59a3e3,,unreviewed,unreviewed,global_cls__c10__source0p5,pair_letterbox_cls_patch__c100__source0p5__blend0p25,pairwise_conditional_logit_blend,pair_letterbox_cls_patch,100.0,0.5,0.25,0.017044487021860445,0.9656259781871855,0.0035725529169123044,0.003878952908812112,0.00987802896522952
img_38bab83654158a82,selection_conditional_full_development_oof_v2,dataset_dev/02_ornek/kt328.jpg,02_ornek,02_ornek,True,0.994660981523261,02_ornek,05_kosiv_ceramics,04_petrykivka_painting,1,train,obj_single_38bab83654158a82,,unreviewed,unreviewed,global_cls__c10__source0p5,pair_letterbox_cls_patch__c100__source0p5__blend0p25,pairwise_conditional_logit_blend,pair_letterbox_cls_patch,100.0,0.5,0.25,1.5272096209494146e-05,0.994660981523261,0.0013307944626088628,0.001700230800479661,0.002292721117441064
img_fdc9dd436fdb0168,selection_conditional_full_development_oof_v2,dataset_dev/02_ornek/kt329.jpg,02_ornek,02_ornek,True,0.9992454426898266,02_ornek,04_petrykivka_painting,05_kosiv_ceramics,0,train,obj_single_fdc9dd436fdb0168,,unreviewed,unreviewed,global_cls__c10__source0p5,pair_letterbox_cls_patch__c100__source0p5__blend0p25,pairwise_conditional_logit_blend,pair_letterbox_cls_patch,100.0,0.5,0.25,2.651727579144993e-05,0.9992454426898266,0.0001444952892922759,0.0003352775810941382,0.00024826716399557275
img_c17c96385e4a6e51,selection_conditional_full_development_oof_v2,dataset_dev/02_ornek/kt332.jpg,02_ornek,02_ornek,True,0.9923756802877247,02_ornek,04_petrykivka_painting,05_kosiv_ceramics,1,train,obj_single_c17c96385e4a6e51,,unreviewed,unreviewed,global_cls__c10__source0p5,pair_letterbox_cls_patch__c100__source0p5__blend0p25,pairwise_conditional_logit_blend,pair_letterbox_cls_patch,100.0,0.5,0.25,1.82950738222645e-05,0.9923756802877247,0.000489617134992901,0.0066161617914723605,0.0005002457119878483
img_933575053f83acb0,selection_conditional_full_development_oof_v2,dataset_dev/02_ornek/kt333.jpg,02_ornek,02_ornek,True,0.9324447185256388,02_ornek,04_petrykivka_painting,05_kosiv_ceramics,4,train,obj_single_933575053f83acb0,,unreviewed,unreviewed,global_cls__c10__source0p5,pair_letterbox_cls_patch__c100__source0p5__blend0p25,pairwise_conditional_logit_blend,pair_letterbox_cls_patch,100.0,0.5,0.25,0.0003871972516577313,0.9324447185256388,0.0021994418463592135,0.0511133549992506,0.013855287377093701
img_f7d00607df2cbdd7,selection_conditional_full_development_oof_v2,dataset_dev/02_ornek/kt334.jpg,02_ornek,02_ornek,True,0.9884412825849745,02_ornek,05_kosiv_ceramics,03_bubnivka_ceramics,4,train,obj_single_f7d00607df2cbdd7,,unreviewed,unreviewed,global_cls__c10__source0p5,pair_letterbox_cls_patch__c100__source0p5__blend0p25,pairwise_conditional_logit_blend,pair_letterbox_cls_patch,100.0,0.5,0.25,0.0015446037861765762,0.9884412825849745,0.003413332507750804,0.00040756160259053994,0.006193219518507713
img_b9aeba5193b65817,selection_conditional_full_development_oof_v2,dataset_dev/02_ornek/kt335.jpg,02_ornek,02_ornek,True,0.9670067505244131,02_ornek,04_petrykivka_painting,03_bubnivka_ceramics,1,train,obj_single_b9aeba5193b65817,,unreviewed,unreviewed,global_cls__c10__source0p5,pair_letterbox_cls_patch__c100__source0p5__blend0p25,pairwise_conditional_logit_blend,pair_letterbox_cls_patch,100.0,0.5,0.25,0.0006209338722501336,0.9670067505244131,0.00418428405473523,0.024052161208654547,0.004135870339946843
img_2d1e3530d1d3d6aa,selection_conditional_full_development_oof_v2,dataset_dev/02_ornek/kt336.jpg,02_ornek,02_ornek,True,0.9981693479536725,02_ornek,04_petrykivka_painting,01_opishnyan_ceramics,0,train,obj_single_2d1e3530d1d3d6aa,,unreviewed,unreviewed,global_cls__c10__source0p5,pair_letterbox_cls_patch__c100__source0p5__blend0p25,pairwise_conditional_logit_blend,pair_letterbox_cls_patch,100.0,0.5,0.25,0.0006043220768735385,0.9981693479536725,6.818894499495232e-05,0.0011069704674622526,5.117055699674471e-05
img_8508c11c30f086c1,selection_conditional_full_development_oof_v2,dataset_dev/02_ornek/kt337.jpg,02_ornek,02_ornek,True,0.8983367509260719,02_ornek,05_kosiv_ceramics,04_petrykivka_painting,3,validation,obj_single_8508c11c30f086c1,,unreviewed,unreviewed,global_cls__c10__source0p5,pair_letterbox_cls_patch__c100__source0p5__blend0p25,pairwise_conditional_logit_blend,pair_letterbox_cls_patch,100.0,0.5,0.25,0.0013197816919818595,0.8983367509260719,0.0024483211490246752,0.004651364906660384,0.09324378132626121
img_f1932412c0efffe5,selection_conditional_full_development_oof_v2,dataset_dev/02_ornek/kt339.jpg,02_ornek,02_ornek,True,0.9370275624807493,02_ornek,04_petrykivka_painting,05_kosiv_ceramics,3,train,obj_single_f1932412c0efffe5,,unreviewed,unreviewed,global_cls__c10__source0p5,pair_letterbox_cls_patch__c100__source0p5__blend0p25,pairwise_conditional_logit_blend,pair_letterbox_cls_patch,100.0,0.5,0.25,0.002559151266810899,0.9370275624807493,0.000875803568980776,0.05327681719127429,0.006260665492184778
img_d64ed2b6b21bd4ea,selection_conditional_full_development_oof_v2,dataset_dev/02_ornek/kt341.jpg,02_ornek,02_ornek,True,0.9974013938501133,02_ornek,04_petrykivka_painting,03_bubnivka_ceramics,4,train,obj_single_d64ed2b6b21bd4ea,,unreviewed,unreviewed,global_cls__c10__source0p5,pair_letterbox_cls_patch__c100__source0p5__blend0p25,pairwise_conditional_logit_blend,pair_letterbox_cls_patch,100.0,0.5,0.25,0.00014658958792898675,0.9974013938501133,0.0006183738927701748,0.0013636065494164623,0.0004700361197711627
img_355118940c03fec8,selection_conditional_full_development_oof_v2,dataset_dev/02_ornek/kt342.jpg,02_ornek,02_ornek,True,0.9841018108913179,02_ornek,05_kosiv_ceramics,04_petrykivka_painting,2,train,obj_single_355118940c03fec8,,unreviewed,unreviewed,global_cls__c10__source0p5,pair_letterbox_cls_patch__c100__source0p5__blend0p25,pairwise_conditional_logit_blend,pair_letterbox_cls_patch,100.0,0.5,0.25,0.00029030606472883454,0.9841018108913179,0.00027439167917347757,0.0005536941405417583,0.014779797224238084
img_9e74ef6fb02f4066,selection_conditional_full_development_oof_v2,dataset_dev/02_ornek/kt343.jpg,02_ornek,02_ornek,True,0.9995227731963144,02_ornek,04_petrykivka_painting,03_bubnivka_ceramics,2,train,obj_single_9e74ef6fb02f4066,,unreviewed,unreviewed,global_cls__c10__source0p5,pair_letterbox_cls_patch__c100__source0p5__blend0p25,pairwise_conditional_logit_blend,pair_letterbox_cls_patch,100.0,0.5,0.25,5.830264698841799e-05,0.9995227731963144,0.0001527318534476977,0.00016684788301987545,9.934442022958155e-05
img_dcb17923cb1e79a7,selection_conditional_full_development_oof_v2,dataset_dev/02_ornek/kt344.jpg,02_ornek,02_ornek,True,0.9700953967680923,02_ornek,03_bubnivka_ceramics,05_kosiv_ceramics,1,train,obj_single_dcb17923cb1e79a7,,unreviewed,unreviewed,global_cls__c10__source0p5,pair_letterbox_cls_patch__c100__source0p5__blend0p25,pairwise_conditional_logit_blend,pair_letterbox_cls_patch,100.0,0.5,0.25,0.006579364000597622,0.9700953967680923,0.011767558690046311,0.0008033009204955128,0.010754379620768298
img_a4ba030c66002ab0,selection_conditional_full_development_oof_v2,dataset_dev/02_ornek/kt345.jpg,02_ornek,02_ornek,True,0.9953001180825773,02_ornek,03_bubnivka_ceramics,05_kosiv_ceramics,1,train,obj_single_a4ba030c66002ab0,,unreviewed,unreviewed,global_cls__c10__source0p5,pair_letterbox_cls_patch__c100__source0p5__blend0p25,pairwise_conditional_logit_blend,pair_letterbox_cls_patch,100.0,0.5,0.25,0.00032219357181622455,0.9953001180825773,0.002363593043159082,0.000315671697049863,0.001698423605397175
img_3ac01592a39cd0c4,selection_conditional_full_development_oof_v2,dataset_dev/02_ornek/kt346.jpg,02_ornek,02_ornek,True,0.8306734238840938,02_ornek,01_opishnyan_ceramics,05_kosiv_ceramics,1,train,obj_single_3ac01592a39cd0c4,,unreviewed,unreviewed,global_cls__c10__source0p5,pair_letterbox_cls_patch__c100__source0p5__blend0p25,pairwise_conditional_logit_blend,pair_letterbox_cls_patch,100.0,0.5,0.25,0.1090970447131951,0.8306734238840938,0.013873338608391237,0.0016275356392161384,0.04472865715510381
img_8c687916a35cee07,selection_conditional_full_development_oof_v2,dataset_dev/02_ornek/kt348.jpg,02_ornek,02_ornek,True,0.9413361565646071,02_ornek,05_kosiv_ceramics,03_bubnivka_ceramics,3,train,obj_single_8c687916a35cee07,,unreviewed,unreviewed,global_cls__c10__source0p5,pair_letterbox_cls_patch__c100__source0p5__blend0p25,pairwise_conditional_logit_blend,pair_letterbox_cls_patch,100.0,0.5,0.25,0.003911277447117038,0.9413361565646071,0.020279300032406807,0.0006048650606459934,0.03386840089522305
img_836a7a5fcaa71968,selection_conditional_full_development_oof_v2,dataset_dev/02_ornek/kt349.jpg,02_ornek,02_ornek,True,0.6285427615110051,02_ornek,01_opishnyan_ceramics,03_bubnivka_ceramics,3,train,obj_single_836a7a5fcaa71968,,unreviewed,unreviewed,global_cls__c10__source0p5,pair_letterbox_cls_patch__c100__source0p5__blend0p25,pairwise_conditional_logit_blend,pair_letterbox_cls_patch,100.0,0.5,0.25,0.23395276709676527,0.6285427615110051,0.09709046755128914,0.004738405728390662,0.035675598112549695
img_fd16dc45c3638267,selection_conditional_full_development_oof_v2,dataset_dev/02_ornek/kt352.jpg,02_ornek,02_ornek,True,0.5123421371035535,02_ornek,01_opishnyan_ceramics,03_bubnivka_ceramics,1,validation,obj_single_fd16dc45c3638267,,unreviewed,unreviewed,global_cls__c10__source0p5,pair_letterbox_cls_patch__c100__source0p5__blend0p25,pairwise_conditional_logit_blend,pair_letterbox_cls_patch,100.0,0.5,0.25,0.39095565023570295,0.5123421371035535,0.08304547560521308,0.002438202829896904,0.011218534225633655
img_c6c37b37ed783f66,selection_conditional_full_development_oof_v2,dataset_dev/02_ornek/kt353.jpg,02_ornek,02_ornek,True,0.8893148744417209,02_ornek,05_kosiv_ceramics,03_bubnivka_ceramics,3,train,obj_single_c6c37b37ed783f66,,unreviewed,unreviewed,global_cls__c10__source0p5,pair_letterbox_cls_patch__c100__source0p5__blend0p25,pairwise_conditional_logit_blend,pair_letterbox_cls_patch,100.0,0.5,0.25,0.013747056731476647,0.8893148744417209,0.045094588323740525,0.005518980685425247,0.04632449981763661
img_a4dced8a82c7c1bd,selection_conditional_full_development_oof_v2,dataset_dev/02_ornek/kt356.jpg,02_ornek,02_ornek,True,0.7005986360559772,02_ornek,01_opishnyan_ceramics,05_kosiv_ceramics,2,train,obj_single_a4dced8a82c7c1bd,,unreviewed,unreviewed,global_cls__c10__source0p5,pair_letterbox_cls_patch__c100__source0p5__blend0p25,pairwise_conditional_logit_blend,pair_letterbox_cls_patch,100.0,0.5,0.25,0.1573542407230407,0.7005986360559772,0.056045785325798805,0.005499080433627082,0.08050225746155629
img_20e15b8ccc51edda,selection_conditional_full_development_oof_v2,dataset_dev/02_ornek/kt357.jpg,02_ornek,02_ornek,True,0.7964554289800662,02_ornek,03_bubnivka_ceramics,05_kosiv_ceramics,0,train,obj_single_20e15b8ccc51edda,,unreviewed,unreviewed,global_cls__c10__source0p5,pair_letterbox_cls_patch__c100__source0p5__blend0p25,pairwise_conditional_logit_blend,pair_letterbox_cls_patch,100.0,0.5,0.25,0.01185476454023608,0.7964554289800662,0.14092786190313866,0.005109969768126226,0.04565197480843288
img_d888dac1cbc611db,selection_conditional_full_development_oof_v2,dataset_dev/02_ornek/kt360.jpg,02_ornek,03_bubnivka_ceramics,False,0.458080248629019,03_bubnivka_ceramics,01_opishnyan_ceramics,02_ornek,1,train,obj_single_d888dac1cbc611db,,unreviewed,unreviewed,global_cls__c10__source0p5,pair_letterbox_cls_patch__c100__source0p5__blend0p25,pairwise_conditional_logit_blend,pair_letterbox_cls_patch,100.0,0.5,0.25,0.23090242530750976,0.14730432155484913,0.458080248629019,0.1432691857562495,0.020443818752372493
img_abaf158dac55c944,selection_conditional_full_development_oof_v2,dataset_dev/02_ornek/kt361.jpg,02_ornek,02_ornek,True,0.8207600770116874,02_ornek,03_bubnivka_ceramics,01_opishnyan_ceramics,2,train,obj_single_abaf158dac55c944,,unreviewed,unreviewed,global_cls__c10__source0p5,pair_letterbox_cls_patch__c100__source0p5__blend0p25,pairwise_conditional_logit_blend,pair_letterbox_cls_patch,100.0,0.5,0.25,0.045422537529961074,0.8207600770116874,0.12036093651559739,0.0012692061656876701,0.0121872427770665
img_3ef3208c00d8119f,selection_conditional_full_development_oof_v2,dataset_dev/02_ornek/kt362.jpg,02_ornek,02_ornek,True,0.9241712197501959,02_ornek,05_kosiv_ceramics,03_bubnivka_ceramics,1,validation,obj_single_3ef3208c00d8119f,,unreviewed,unreviewed,global_cls__c10__source0p5,pair_letterbox_cls_patch__c100__source0p5__blend0p25,pairwise_conditional_logit_blend,pair_letterbox_cls_patch,100.0,0.5,0.25,0.01870100139158588,0.9241712197501959,0.02420372002326379,0.0025469437311349506,0.03037711510381943
img_52aec3dfd5240880,selection_conditional_full_development_oof_v2,dataset_dev/02_ornek/kt364.jpg,02_ornek,02_ornek,True,0.7083366790053232,02_ornek,01_opishnyan_ceramics,03_bubnivka_ceramics,3,train,obj_single_52aec3dfd5240880,,unreviewed,unreviewed,global_cls__c10__source0p5,pair_letterbox_cls_patch__c100__source0p5__blend0p25,pairwise_conditional_logit_blend,pair_letterbox_cls_patch,100.0,0.5,0.25,0.1895646270974641,0.7083366790053232,0.08543615867720758,0.0014563765523371204,0.015206158667667962
img_a0f667e3cd00b8ea,selection_conditional_full_development_oof_v2,dataset_dev/02_ornek/kt365.jpg,02_ornek,02_ornek,True,0.6210573428576802,02_ornek,01_opishnyan_ceramics,05_kosiv_ceramics,0,train,obj_single_a0f667e3cd00b8ea,,unreviewed,unreviewed,global_cls__c10__source0p5,pair_letterbox_cls_patch__c100__source0p5__blend0p25,pairwise_conditional_logit_blend,pair_letterbox_cls_patch,100.0,0.5,0.25,0.36737345072796357,0.6210573428576802,0.004014696876524744,0.0033349631392505506,0.004219546398580894
img_d7834bda68ba8627,selection_conditional_full_development_oof_v2,dataset_dev/02_ornek/kt366.jpg,02_ornek,02_ornek,True,0.9833280749719525,02_ornek,03_bubnivka_ceramics,01_opishnyan_ceramics,1,train,obj_single_d7834bda68ba8627,,unreviewed,unreviewed,global_cls__c10__source0p5,pair_letterbox_cls_patch__c100__source0p5__blend0p25,pairwise_conditional_logit_blend,pair_letterbox_cls_patch,100.0,0.5,0.25,0.004739974888763186,0.9833280749719525,0.007952050610834562,0.002710269710767632,0.0012696298176821485
img_cdc939acf520d9e1,selection_conditional_full_development_oof_v2,dataset_dev/02_ornek/kt367.jpg,02_ornek,02_ornek,True,0.9681738027160838,02_ornek,01_opishnyan_ceramics,03_bubnivka_ceramics,2,validation,obj_single_cdc939acf520d9e1,,unreviewed,unreviewed,global_cls__c10__source0p5,pair_letterbox_cls_patch__c100__source0p5__blend0p25,pairwise_conditional_logit_blend,pair_letterbox_cls_patch,100.0,0.5,0.25,0.019578388587644577,0.9681738027160838,0.0050844377066923295,0.004420121421060578,0.0027432495685186754
img_8df82a3307a9b7ab,selection_conditional_full_development_oof_v2,dataset_dev/02_ornek/kt368.jpg,02_ornek,02_ornek,True,0.9561705903990253,02_ornek,05_kosiv_ceramics,04_petrykivka_painting,2,train,obj_single_8df82a3307a9b7ab,,unreviewed,unreviewed,global_cls__c10__source0p5,pair_letterbox_cls_patch__c100__source0p5__blend0p25,pairwise_conditional_logit_blend,pair_letterbox_cls_patch,100.0,0.5,0.25,0.0023254577585928903,0.9561705903990253,0.002842530572245756,0.011158273622866057,0.027503147647270004
img_09fd3921ce7cc294,selection_conditional_full_development_oof_v2,dataset_dev/02_ornek/kt370.jpg,02_ornek,02_ornek,True,0.9821833300547107,02_ornek,05_kosiv_ceramics,04_petrykivka_painting,0,train,obj_single_09fd3921ce7cc294,,unreviewed,unreviewed,global_cls__c10__source0p5,pair_letterbox_cls_patch__c100__source0p5__blend0p25,pairwise_conditional_logit_blend,pair_letterbox_cls_patch,100.0,0.5,0.25,0.00047294948204304476,0.9821833300547107,0.0053317772209021015,0.005688404185763239,0.006323539056580751
img_acc8fad045648429,selection_conditional_full_development_oof_v2,dataset_dev/02_ornek/kt371.jpg,02_ornek,02_ornek,True,0.9403448184905607,02_ornek,04_petrykivka_painting,05_kosiv_ceramics,2,train,obj_single_acc8fad045648429,,unreviewed,unreviewed,global_cls__c10__source0p5,pair_letterbox_cls_patch__c100__source0p5__blend0p25,pairwise_conditional_logit_blend,pair_letterbox_cls_patch,100.0,0.5,0.25,0.0010236202237331607,0.9403448184905607,0.0005609181733688309,0.054526099393160735,0.00354454371917656
img_d9b61e8f83f70a14,selection_conditional_full_development_oof_v2,dataset_dev/02_ornek/kt373.jpg,02_ornek,02_ornek,True,0.9623004196210124,02_ornek,04_petrykivka_painting,01_opishnyan_ceramics,0,train,obj_single_d9b61e8f83f70a14,,unreviewed,unreviewed,global_cls__c10__source0p5,pair_letterbox_cls_patch__c100__source0p5__blend0p25,pairwise_conditional_logit_blend,pair_letterbox_cls_patch,100.0,0.5,0.25,0.0023515924367817913,0.9623004196210124,0.0005698451074219364,0.0340132501019308,0.0007648927328530119
img_f3e552006be11c6e,selection_conditional_full_development_oof_v2,dataset_dev/02_ornek/kt376.jpg,02_ornek,02_ornek,True,0.9713690147428322,02_ornek,05_kosiv_ceramics,04_petrykivka_painting,1,train,obj_single_f3e552006be11c6e,,unreviewed,unreviewed,global_cls__c10__source0p5,pair_letterbox_cls_patch__c100__source0p5__blend0p25,pairwise_conditional_logit_blend,pair_letterbox_cls_patch,100.0,0.5,0.25,0.0018961267740609771,0.9713690147428322,0.0011711802142402906,0.005947646738145707,0.019616031530720692
img_af614be8b6fe20ba,selection_conditional_full_development_oof_v2,dataset_dev/02_ornek/kt378.jpg,02_ornek,02_ornek,True,0.9739694290804226,02_ornek,04_petrykivka_painting,05_kosiv_ceramics,2,validation,obj_single_af614be8b6fe20ba,,unreviewed,unreviewed,global_cls__c10__source0p5,pair_letterbox_cls_patch__c100__source0p5__blend0p25,pairwise_conditional_logit_blend,pair_letterbox_cls_patch,100.0,0.5,0.25,0.0003233202019122509,0.9739694290804226,0.0021085572974999032,0.015492721050513008,0.008105972369652199
img_36e0ec589c682f13,selection_conditional_full_development_oof_v2,dataset_dev/02_ornek/kt379.jpg,02_ornek,02_ornek,True,0.9415761419977043,02_ornek,04_petrykivka_painting,03_bubnivka_ceramics,1,train,obj_single_36e0ec589c682f13,,unreviewed,unreviewed,global_cls__c10__source0p5,pair_letterbox_cls_patch__c100__source0p5__blend0p25,pairwise_conditional_logit_blend,pair_letterbox_cls_patch,100.0,0.5,0.25,0.002017856840000011,0.9415761419977043,0.011931420587327065,0.04061329508691375,0.0038612854880549097
img_c089dd4143b5338a,selection_conditional_full_development_oof_v2,dataset_dev/02_ornek/kt381.jpg,02_ornek,02_ornek,True,0.9957180780406711,02_ornek,04_petrykivka_painting,05_kosiv_ceramics,1,train,obj_single_c089dd4143b5338a,,unreviewed,unreviewed,global_cls__c10__source0p5,pair_letterbox_cls_patch__c100__source0p5__blend0p25,pairwise_conditional_logit_blend,pair_letterbox_cls_patch,100.0,0.5,0.25,0.00017761250883751792,0.9957180780406711,0.0008726889858747429,0.00232500409047657,0.0009066163741400466
img_5aa0d7b298ec4f79,selection_conditional_full_development_oof_v2,dataset_dev/02_ornek/kt383.jpg,02_ornek,02_ornek,True,0.9131308957903771,02_ornek,04_petrykivka_painting,01_opishnyan_ceramics,3,train,obj_single_5aa0d7b298ec4f79,,unreviewed,unreviewed,global_cls__c10__source0p5,pair_letterbox_cls_patch__c100__source0p5__blend0p25,pairwise_conditional_logit_blend,pair_letterbox_cls_patch,100.0,0.5,0.25,0.023929311722831678,0.9131308957903771,0.0018127539801167782,0.05687852542170346,0.004248513084971221
img_815aa2d2107dfc33,selection_conditional_full_development_oof_v2,dataset_dev/02_ornek/kt384.jpg,02_ornek,02_ornek,True,0.9939722550100468,02_ornek,04_petrykivka_painting,01_opishnyan_ceramics,3,train,obj_single_815aa2d2107dfc33,,unreviewed,unreviewed,global_cls__c10__source0p5,pair_letterbox_cls_patch__c100__source0p5__blend0p25,pairwise_conditional_logit_blend,pair_letterbox_cls_patch,100.0,0.5,0.25,0.0014578269372188181,0.9939722550100468,0.00010334954918904576,0.0032113636900876737,0.0012552048134575717
img_3749b8c6e929146c,selection_conditional_full_development_oof_v2,dataset_dev/02_ornek/kt385.jpg,02_ornek,02_ornek,True,0.8415576444954354,02_ornek,05_kosiv_ceramics,04_petrykivka_painting,3,train,obj_single_3749b8c6e929146c,,unreviewed,unreviewed,global_cls__c10__source0p5,pair_letterbox_cls_patch__c100__source0p5__blend0p25,pairwise_conditional_logit_blend,pair_letterbox_cls_patch,100.0,0.5,0.25,0.0002243632482277417,0.8415576444954354,0.004626758389734502,0.0641972621912077,0.08939397167539483
img_318ff55c397277f1,selection_conditional_full_development_oof_v2,dataset_dev/02_ornek/kt386.jpg,02_ornek,02_ornek,True,0.9792393755458715,02_ornek,05_kosiv_ceramics,04_petrykivka_painting,1,validation,obj_single_318ff55c397277f1,,unreviewed,unreviewed,global_cls__c10__source0p5,pair_letterbox_cls_patch__c100__source0p5__blend0p25,pairwise_conditional_logit_blend,pair_letterbox_cls_patch,100.0,0.5,0.25,0.00010656481459708512,0.9792393755458715,0.0009672218700336885,0.000988911530430261,0.01869792623906747
img_a5abe105cb1a1786,selection_conditional_full_development_oof_v2,dataset_dev/02_ornek/kt387.jpg,02_ornek,02_ornek,True,0.45917892416568257,02_ornek,01_opishnyan_ceramics,05_kosiv_ceramics,1,train,obj_single_a5abe105cb1a1786,,unreviewed,unreviewed,global_cls__c10__source0p5,pair_letterbox_cls_patch__c100__source0p5__blend0p25,pairwise_conditional_logit_blend,pair_letterbox_cls_patch,100.0,0.5,0.25,0.4515269814980527,0.45917892416568257,0.032520410225577445,0.007854583996194252,0.048919100114493075
img_f99760fe5c824a7a,selection_conditional_full_development_oof_v2,dataset_dev/02_ornek/kt388.jpg,02_ornek,02_ornek,True,0.941630848230358,02_ornek,05_kosiv_ceramics,04_petrykivka_painting,3,train,obj_single_f99760fe5c824a7a,,unreviewed,unreviewed,global_cls__c10__source0p5,pair_letterbox_cls_patch__c100__source0p5__blend0p25,pairwise_conditional_logit_blend,pair_letterbox_cls_patch,100.0,0.5,0.25,0.013852052670409303,0.941630848230358,0.009373464637251453,0.016052850661133117,0.01909078380084786
img_6011ce34496bd69c,selection_conditional_full_development_oof_v2,dataset_dev/02_ornek/kt389.jpg,02_ornek,02_ornek,True,0.8493496189897862,02_ornek,05_kosiv_ceramics,04_petrykivka_painting,3,train,obj_single_6011ce34496bd69c,,unreviewed,unreviewed,global_cls__c10__source0p5,pair_letterbox_cls_patch__c100__source0p5__blend0p25,pairwise_conditional_logit_blend,pair_letterbox_cls_patch,100.0,0.5,0.25,0.0026024485106086073,0.8493496189897862,0.0014269768975651088,0.006736104581632326,0.1398848510204077
img_bda34a5ff86bea02,selection_conditional_full_development_oof_v2,dataset_dev/02_ornek/kt390.jpg,02_ornek,02_ornek,True,0.9822998939495889,02_ornek,05_kosiv_ceramics,03_bubnivka_ceramics,2,validation,obj_single_bda34a5ff86bea02,,unreviewed,unreviewed,global_cls__c10__source0p5,pair_letterbox_cls_patch__c100__source0p5__blend0p25,pairwise_conditional_logit_blend,pair_letterbox_cls_patch,100.0,0.5,0.25,9.61435568751856e-05,0.9822998939495889,0.005312664804850778,0.0005462271057710524,0.011745070582914137
img_4139e07d39517557,selection_conditional_full_development_oof_v2,dataset_dev/02_ornek/kt391.jpg,02_ornek,02_ornek,True,0.5777099511750723,02_ornek,05_kosiv_ceramics,03_bubnivka_ceramics,4,train,obj_single_4139e07d39517557,,unreviewed,unreviewed,global_cls__c10__source0p5,pair_letterbox_cls_patch__c100__source0p5__blend0p25,pairwise_conditional_logit_blend,pair_letterbox_cls_patch,100.0,0.5,0.25,0.013230189561643731,0.5777099511750723,0.0957674571443461,0.05831155090001421,0.2549808512189236
img_323eb48eb21656a7,selection_conditional_full_development_oof_v2,dataset_dev/02_ornek/kt394.jpg,02_ornek,02_ornek,True,0.9646945990026896,02_ornek,05_kosiv_ceramics,03_bubnivka_ceramics,4,train,obj_single_323eb48eb21656a7,,unreviewed,unreviewed,global_cls__c10__source0p5,pair_letterbox_cls_patch__c100__source0p5__blend0p25,pairwise_conditional_logit_blend,pair_letterbox_cls_patch,100.0,0.5,0.25,5.4667183143024946e-05,0.9646945990026896,0.0012459035740297842,3.0916648702991016e-05,0.03397391359143474
img_a49ea29bf467e32f,selection_conditional_full_development_oof_v2,dataset_dev/02_ornek/kt395.jpg,02_ornek,02_ornek,True,0.948308472981852,02_ornek,05_kosiv_ceramics,04_petrykivka_painting,1,train,obj_single_a49ea29bf467e32f,,unreviewed,unreviewed,global_cls__c10__source0p5,pair_letterbox_cls_patch__c100__source0p5__blend0p25,pairwise_conditional_logit_blend,pair_letterbox_cls_patch,100.0,0.5,0.25,0.004714814087674853,0.948308472981852,0.003158939843495604,0.015532850405300402,0.028284922681677146
img_e1ad787538196f68,selection_conditional_full_development_oof_v2,dataset_dev/02_ornek/kt398.jpg,02_ornek,05_kosiv_ceramics,False,0.5202522873419262,05_kosiv_ceramics,01_opishnyan_ceramics,02_ornek,1,train,obj_single_e1ad787538196f68,,unreviewed,unreviewed,global_cls__c10__source0p5,pair_letterbox_cls_patch__c100__source0p5__blend0p25,pairwise_conditional_logit_blend,pair_letterbox_cls_patch,100.0,0.5,0.25,0.2896597757092131,0.15134015843895812,0.03377525061757006,0.004972527892332533,0.5202522873419262
img_4a4f77a7cccdce3e,selection_conditional_full_development_oof_v2,dataset_dev/02_ornek/kt402.JPG,02_ornek,02_ornek,True,0.9588184507745624,02_ornek,05_kosiv_ceramics,04_petrykivka_painting,1,train,obj_single_4a4f77a7cccdce3e,,unreviewed,unreviewed,global_cls__c10__source0p5,pair_letterbox_cls_patch__c100__source0p5__blend0p25,pairwise_conditional_logit_blend,pair_letterbox_cls_patch,100.0,0.5,0.25,0.00031368699961521285,0.9588184507745624,0.0012560821043543413,0.01292202093297678,0.026689759188491275
img_9c3503df822c0272,selection_conditional_full_development_oof_v2,dataset_dev/02_ornek/kt403.jpg,02_ornek,02_ornek,True,0.778083478227818,02_ornek,01_opishnyan_ceramics,05_kosiv_ceramics,1,train,obj_single_9c3503df822c0272,,unreviewed,unreviewed,global_cls__c10__source0p5,pair_letterbox_cls_patch__c100__source0p5__blend0p25,pairwise_conditional_logit_blend,pair_letterbox_cls_patch,100.0,0.5,0.25,0.1487683226271286,0.778083478227818,0.0057994961100651015,0.004937507760577726,0.06241119527441047
img_289314ac9c0734e0,selection_conditional_full_development_oof_v2,dataset_dev/02_ornek/kt404.jpg,02_ornek,02_ornek,True,0.8941385388547509,02_ornek,05_kosiv_ceramics,03_bubnivka_ceramics,1,train,obj_single_289314ac9c0734e0,,unreviewed,unreviewed,global_cls__c10__source0p5,pair_letterbox_cls_patch__c100__source0p5__blend0p25,pairwise_conditional_logit_blend,pair_letterbox_cls_patch,100.0,0.5,0.25,0.0001649005071974499,0.8941385388547509,0.005485048191257564,0.004961975032541817,0.09524953741425218
img_316ca5aaa47bd179,selection_conditional_full_development_oof_v2,dataset_dev/02_ornek/kt407.jpg,02_ornek,02_ornek,True,0.9994392075430351,02_ornek,03_bubnivka_ceramics,05_kosiv_ceramics,0,train,obj_single_316ca5aaa47bd179,,unreviewed,unreviewed,global_cls__c10__source0p5,pair_letterbox_cls_patch__c100__source0p5__blend0p25,pairwise_conditional_logit_blend,pair_letterbox_cls_patch,100.0,0.5,0.25,5.7736700731764e-05,0.9994392075430351,0.0003397006901223039,2.6343467454557798e-05,0.00013701159865647686
img_b6c179e56e963b65,selection_conditional_full_development_oof_v2,dataset_dev/02_ornek/kt409.jpg,02_ornek,02_ornek,True,0.9931896808042971,02_ornek,03_bubnivka_ceramics,05_kosiv_ceramics,2,train,obj_single_b6c179e56e963b65,,unreviewed,unreviewed,global_cls__c10__source0p5,pair_letterbox_cls_patch__c100__source0p5__blend0p25,pairwise_conditional_logit_blend,pair_letterbox_cls_patch,100.0,0.5,0.25,1.3007098923740773e-05,0.9931896808042971,0.005206026879583671,0.00029780259427365113,0.0012934826229217668
img_9ce28dfa791d1756,selection_conditional_full_development_oof_v2,dataset_dev/02_ornek/kt411.JPG,02_ornek,02_ornek,True,0.994340248019712,02_ornek,04_petrykivka_painting,05_kosiv_ceramics,0,validation,obj_single_9ce28dfa791d1756,,unreviewed,unreviewed,global_cls__c10__source0p5,pair_letterbox_cls_patch__c100__source0p5__blend0p25,pairwise_conditional_logit_blend,pair_letterbox_cls_patch,100.0,0.5,0.25,0.0004122687758520991,0.994340248019712,0.0002775588106120358,0.004219798313017792,0.0007501260808060994
img_edabc5441302365a,selection_conditional_full_development_oof_v2,dataset_dev/02_ornek/kt412.jpg,02_ornek,02_ornek,True,0.996620418271371,02_ornek,04_petrykivka_painting,03_bubnivka_ceramics,4,train,obj_single_edabc5441302365a,,unreviewed,unreviewed,global_cls__c10__source0p5,pair_letterbox_cls_patch__c100__source0p5__blend0p25,pairwise_conditional_logit_blend,pair_letterbox_cls_patch,100.0,0.5,0.25,7.597832978517411e-05,0.996620418271371,0.0011316683997123222,0.0013218256016390008,0.0008501093974923761
img_05159f71cc057a4a,selection_conditional_full_development_oof_v2,dataset_dev/02_ornek/kt414.jpg,02_ornek,02_ornek,True,0.9880820813247339,02_ornek,05_kosiv_ceramics,04_petrykivka_painting,4,train,obj_single_05159f71cc057a4a,,unreviewed,unreviewed,global_cls__c10__source0p5,pair_letterbox_cls_patch__c100__source0p5__blend0p25,pairwise_conditional_logit_blend,pair_letterbox_cls_patch,100.0,0.5,0.25,0.00028408701875047695,0.9880820813247339,0.0005028628335244044,0.001359500561605362,0.009771468261385663
img_ab1472096ce38a23,selection_conditional_full_development_oof_v2,dataset_dev/02_ornek/kt415.jpg,02_ornek,02_ornek,True,0.9749802035659493,02_ornek,03_bubnivka_ceramics,05_kosiv_ceramics,3,validation,obj_single_ab1472096ce38a23,,unreviewed,unreviewed,global_cls__c10__source0p5,pair_letterbox_cls_patch__c100__source0p5__blend0p25,pairwise_conditional_logit_blend,pair_letterbox_cls_patch,100.0,0.5,0.25,9.684243236772481e-05,0.9749802035659493,0.0203549906496045,0.001878723234104595,0.002689240117973629
img_6ccc4bb6191bd36b,selection_conditional_full_development_oof_v2,dataset_dev/02_ornek/kt417.jpg,02_ornek,02_ornek,True,0.9981733101705481,02_ornek,04_petrykivka_painting,05_kosiv_ceramics,0,train,obj_single_6ccc4bb6191bd36b,,unreviewed,unreviewed,global_cls__c10__source0p5,pair_letterbox_cls_patch__c100__source0p5__blend0p25,pairwise_conditional_logit_blend,pair_letterbox_cls_patch,100.0,0.5,0.25,0.0002312862901903054,0.9981733101705481,0.0002254207992607926,0.0007815943525893354,0.000588388387411581
img_8f81cd7fa71cf11a,selection_conditional_full_development_oof_v2,dataset_dev/02_ornek/kt419.JPG,02_ornek,02_ornek,True,0.9880039266091266,02_ornek,04_petrykivka_painting,05_kosiv_ceramics,1,train,obj_single_8f81cd7fa71cf11a,,unreviewed,unreviewed,global_cls__c10__source0p5,pair_letterbox_cls_patch__c100__source0p5__blend0p25,pairwise_conditional_logit_blend,pair_letterbox_cls_patch,100.0,0.5,0.25,0.00017356571614766668,0.9880039266091266,0.0022344815986453923,0.005274162275361002,0.004313863800719291
img_db9aa65bee54ecae,selection_conditional_full_development_oof_v2,dataset_dev/02_ornek/kt421.JPG,02_ornek,02_ornek,True,0.9841281163267575,02_ornek,03_bubnivka_ceramics,05_kosiv_ceramics,1,train,obj_single_db9aa65bee54ecae,,unreviewed,unreviewed,global_cls__c10__source0p5,pair_letterbox_cls_patch__c100__source0p5__blend0p25,pairwise_conditional_logit_blend,pair_letterbox_cls_patch,100.0,0.5,0.25,1.1862570066355575e-05,0.9841281163267575,0.011714245105327984,0.0016295987611096082,0.0025161772367385316
img_db9780a9f3a19a4c,selection_conditional_full_development_oof_v2,dataset_dev/02_ornek/kt423.JPG,02_ornek,02_ornek,True,0.9933841308535938,02_ornek,03_bubnivka_ceramics,04_petrykivka_painting,0,train,obj_single_db9780a9f3a19a4c,,unreviewed,unreviewed,global_cls__c10__source0p5,pair_letterbox_cls_patch__c100__source0p5__blend0p25,pairwise_conditional_logit_blend,pair_letterbox_cls_patch,100.0,0.5,0.25,0.0004713151223776644,0.9933841308535938,0.002603252206421884,0.002135634320636734,0.0014056674969700155
img_1a3213fa4a4a9232,selection_conditional_full_development_oof_v2,dataset_dev/02_ornek/kt426=036.jpg,02_ornek,02_ornek,True,0.5324380328508059,02_ornek,05_kosiv_ceramics,03_bubnivka_ceramics,2,train,obj_single_1a3213fa4a4a9232,,unreviewed,unreviewed,global_cls__c10__source0p5,pair_letterbox_cls_patch__c100__source0p5__blend0p25,pairwise_conditional_logit_blend,pair_letterbox_cls_patch,100.0,0.5,0.25,0.02319074358648754,0.5324380328508059,0.080077860810946,0.00985240894191756,0.35444095380984303
img_969a520dcf786b1e,selection_conditional_full_development_oof_v2,dataset_dev/02_ornek/kt427.jpg,02_ornek,02_ornek,True,0.9163888712688,02_ornek,05_kosiv_ceramics,03_bubnivka_ceramics,1,train,obj_single_969a520dcf786b1e,,unreviewed,unreviewed,global_cls__c10__source0p5,pair_letterbox_cls_patch__c100__source0p5__blend0p25,pairwise_conditional_logit_blend,pair_letterbox_cls_patch,100.0,0.5,0.25,0.0012468650948396008,0.9163888712688,0.021998925748565996,0.0060423521108816615,0.0543229857769127
img_5ee4d38cdec312c0,selection_conditional_full_development_oof_v2,dataset_dev/02_ornek/kt428.jpg,02_ornek,02_ornek,True,0.9836358130687087,02_ornek,05_kosiv_ceramics,03_bubnivka_ceramics,0,validation,obj_single_5ee4d38cdec312c0,,unreviewed,unreviewed,global_cls__c10__source0p5,pair_letterbox_cls_patch__c100__source0p5__blend0p25,pairwise_conditional_logit_blend,pair_letterbox_cls_patch,100.0,0.5,0.25,0.00036767665672808396,0.9836358130687087,0.005069019872868943,0.00201008317191823,0.008917407229776263
img_4bf6b0581462a4b3,selection_conditional_full_development_oof_v2,dataset_dev/02_ornek/kt431.jpg,02_ornek,02_ornek,True,0.89845295372074,02_ornek,05_kosiv_ceramics,01_opishnyan_ceramics,0,train,obj_single_4bf6b0581462a4b3,,unreviewed,unreviewed,global_cls__c10__source0p5,pair_letterbox_cls_patch__c100__source0p5__blend0p25,pairwise_conditional_logit_blend,pair_letterbox_cls_patch,100.0,0.5,0.25,0.044350933481675785,0.89845295372074,0.005501877145361664,0.005916894785903575,0.04577734086631924
img_05fe5c81b9fdb573,selection_conditional_full_development_oof_v2,dataset_dev/02_ornek/kt432.jpg,02_ornek,02_ornek,True,0.9270478642210831,02_ornek,05_kosiv_ceramics,04_petrykivka_painting,0,train,obj_single_05fe5c81b9fdb573,,unreviewed,unreviewed,global_cls__c10__source0p5,pair_letterbox_cls_patch__c100__source0p5__blend0p25,pairwise_conditional_logit_blend,pair_letterbox_cls_patch,100.0,0.5,0.25,0.006929386220118141,0.9270478642210831,0.014988852562635779,0.01760033068825988,0.03343356630790309
img_a5ee740565cb18cc,selection_conditional_full_development_oof_v2,dataset_dev/02_ornek/kt433.jpg,02_ornek,05_kosiv_ceramics,False,0.7134199544452926,05_kosiv_ceramics,02_ornek,01_opishnyan_ceramics,2,train,obj_single_a5ee740565cb18cc,,unreviewed,unreviewed,global_cls__c10__source0p5,pair_letterbox_cls_patch__c100__source0p5__blend0p25,pairwise_conditional_logit_blend,pair_letterbox_cls_patch,100.0,0.5,0.25,0.05622053558501656,0.20505437385272945,0.021485517603839124,0.0038196185131221866,0.7134199544452926
img_a0acc10591acc1fa,selection_conditional_full_development_oof_v2,dataset_dev/02_ornek/kt434.jpg,02_ornek,02_ornek,True,0.9858679582420751,02_ornek,04_petrykivka_painting,05_kosiv_ceramics,0,train,obj_single_a0acc10591acc1fa,,unreviewed,unreviewed,global_cls__c10__source0p5,pair_letterbox_cls_patch__c100__source0p5__blend0p25,pairwise_conditional_logit_blend,pair_letterbox_cls_patch,100.0,0.5,0.25,0.0010813005937724952,0.9858679582420751,0.0011617350924395878,0.010699567727724981,0.0011894383439877032
img_727e7f5cec10c4aa,selection_conditional_full_development_oof_v2,dataset_dev/02_ornek/kt436.JPG,02_ornek,02_ornek,True,0.9632251428125153,02_ornek,04_petrykivka_painting,05_kosiv_ceramics,2,train,obj_single_727e7f5cec10c4aa,,unreviewed,unreviewed,global_cls__c10__source0p5,pair_letterbox_cls_patch__c100__source0p5__blend0p25,pairwise_conditional_logit_blend,pair_letterbox_cls_patch,100.0,0.5,0.25,0.005961114638288802,0.9632251428125153,0.0036922956697281063,0.020660532318534066,0.006460914560933866
img_55d25915355c675a,selection_conditional_full_development_oof_v2,dataset_dev/02_ornek/kt437.JPG,02_ornek,02_ornek,True,0.9791833068127258,02_ornek,01_opishnyan_ceramics,04_petrykivka_painting,3,train,obj_single_55d25915355c675a,,unreviewed,unreviewed,global_cls__c10__source0p5,pair_letterbox_cls_patch__c100__source0p5__blend0p25,pairwise_conditional_logit_blend,pair_letterbox_cls_patch,100.0,0.5,0.25,0.007937245861482468,0.9791833068127258,0.002572058102314361,0.006969094092612541,0.0033382951308648695
img_12b9609b34adc300,selection_conditional_full_development_oof_v2,dataset_dev/02_ornek/kt438.JPG,02_ornek,02_ornek,True,0.9818155421106363,02_ornek,05_kosiv_ceramics,04_petrykivka_painting,1,train,obj_single_12b9609b34adc300,,unreviewed,unreviewed,global_cls__c10__source0p5,pair_letterbox_cls_patch__c100__source0p5__blend0p25,pairwise_conditional_logit_blend,pair_letterbox_cls_patch,100.0,0.5,0.25,6.600836679070773e-05,0.9818155421106363,0.001192855246366147,0.002012979602040619,0.014912614674166063
img_cb53816b599e9902,selection_conditional_full_development_oof_v2,dataset_dev/02_ornek/kt439.jpg,02_ornek,02_ornek,True,0.9985190572753788,02_ornek,04_petrykivka_painting,05_kosiv_ceramics,2,validation,obj_single_cb53816b599e9902,,unreviewed,unreviewed,global_cls__c10__source0p5,pair_letterbox_cls_patch__c100__source0p5__blend0p25,pairwise_conditional_logit_blend,pair_letterbox_cls_patch,100.0,0.5,0.25,2.4566492454458442e-05,0.9985190572753788,0.00020037159590152555,0.0008220890208483694,0.0004339156154168915
img_876448b028bf9bbb,selection_conditional_full_development_oof_v2,dataset_dev/02_ornek/kt440.JPG,02_ornek,02_ornek,True,0.9675318742484266,02_ornek,05_kosiv_ceramics,03_bubnivka_ceramics,3,train,obj_single_876448b028bf9bbb,,unreviewed,unreviewed,global_cls__c10__source0p5,pair_letterbox_cls_patch__c100__source0p5__blend0p25,pairwise_conditional_logit_blend,pair_letterbox_cls_patch,100.0,0.5,0.25,0.002124962375972595,0.9675318742484266,0.003545419888197391,0.002113671133804902,0.02468407235359867
img_eccc49759a59c4b9,selection_conditional_full_development_oof_v2,dataset_dev/02_ornek/kt442.JPG,02_ornek,02_ornek,True,0.9919943700853717,02_ornek,04_petrykivka_painting,03_bubnivka_ceramics,0,train,obj_single_eccc49759a59c4b9,,unreviewed,unreviewed,global_cls__c10__source0p5,pair_letterbox_cls_patch__c100__source0p5__blend0p25,pairwise_conditional_logit_blend,pair_letterbox_cls_patch,100.0,0.5,0.25,0.0004940102132002349,0.9919943700853717,0.0020858175619104377,0.005069734688437749,0.00035606745107952053
img_c9e5833d0509743f,selection_conditional_full_development_oof_v2,dataset_dev/02_ornek/kt443.jpg,02_ornek,02_ornek,True,0.9881173072500544,02_ornek,04_petrykivka_painting,05_kosiv_ceramics,2,train,obj_single_c9e5833d0509743f,,unreviewed,unreviewed,global_cls__c10__source0p5,pair_letterbox_cls_patch__c100__source0p5__blend0p25,pairwise_conditional_logit_blend,pair_letterbox_cls_patch,100.0,0.5,0.25,0.00010112263152187059,0.9881173072500544,0.0028160989908278676,0.006029031457271722,0.002936439670324191
img_e36aceb4947f4350,selection_conditional_full_development_oof_v2,dataset_dev/02_ornek/kt445.JPG,02_ornek,02_ornek,True,0.9787726285103981,02_ornek,01_opishnyan_ceramics,03_bubnivka_ceramics,4,train,obj_single_e36aceb4947f4350,,unreviewed,unreviewed,global_cls__c10__source0p5,pair_letterbox_cls_patch__c100__source0p5__blend0p25,pairwise_conditional_logit_blend,pair_letterbox_cls_patch,100.0,0.5,0.25,0.014078896985213774,0.9787726285103981,0.0041677741222924825,0.0005566236510938218,0.0024240767310018253
img_c310864bc5dfce2e,selection_conditional_full_development_oof_v2,dataset_dev/02_ornek/kt447.JPG,02_ornek,02_ornek,True,0.9983335931742279,02_ornek,05_kosiv_ceramics,04_petrykivka_painting,2,train,obj_single_c310864bc5dfce2e,,unreviewed,unreviewed,global_cls__c10__source0p5,pair_letterbox_cls_patch__c100__source0p5__blend0p25,pairwise_conditional_logit_blend,pair_letterbox_cls_patch,100.0,0.5,0.25,0.0001014267647451273,0.9983335931742279,0.0002749256210909776,0.0006013317001570369,0.0006887227397787032
img_5994a1f2dfe1c562,selection_conditional_full_development_oof_v2,dataset_dev/02_ornek/kt448.JPG,02_ornek,02_ornek,True,0.9948450441264712,02_ornek,05_kosiv_ceramics,03_bubnivka_ceramics,0,train,obj_single_5994a1f2dfe1c562,,unreviewed,unreviewed,global_cls__c10__source0p5,pair_letterbox_cls_patch__c100__source0p5__blend0p25,pairwise_conditional_logit_blend,pair_letterbox_cls_patch,100.0,0.5,0.25,0.00018345334531351049,0.9948450441264712,0.0011493621690258293,0.001085320630903015,0.002736819728286461
img_2b6e364d51e1b055,selection_conditional_full_development_oof_v2,dataset_dev/02_ornek/kt450.jpg,02_ornek,02_ornek,True,0.9938211958011552,02_ornek,05_kosiv_ceramics,04_petrykivka_painting,0,train,obj_single_2b6e364d51e1b055,,unreviewed,unreviewed,global_cls__c10__source0p5,pair_letterbox_cls_patch__c100__source0p5__blend0p25,pairwise_conditional_logit_blend,pair_letterbox_cls_patch,100.0,0.5,0.25,0.00011643970614879883,0.9938211958011552,0.00019190473459066877,0.002707139366756929,0.0031633203913482987
img_b8d75020ab49f09e,selection_conditional_full_development_oof_v2,dataset_dev/02_ornek/kt452.jpg,02_ornek,02_ornek,True,0.9940951557779958,02_ornek,04_petrykivka_painting,05_kosiv_ceramics,1,train,obj_single_b8d75020ab49f09e,,unreviewed,unreviewed,global_cls__c10__source0p5,pair_letterbox_cls_patch__c100__source0p5__blend0p25,pairwise_conditional_logit_blend,pair_letterbox_cls_patch,100.0,0.5,0.25,8.332557858467295e-05,0.9940951557779958,0.0008696688356177914,0.003853394744352789,0.0010984550634488889
img_4524055f8fcfc9e6,selection_conditional_full_development_oof_v2,dataset_dev/02_ornek/kt453.jpg,02_ornek,02_ornek,True,0.9650553770649702,02_ornek,04_petrykivka_painting,05_kosiv_ceramics,3,train,obj_single_4524055f8fcfc9e6,,unreviewed,unreviewed,global_cls__c10__source0p5,pair_letterbox_cls_patch__c100__source0p5__blend0p25,pairwise_conditional_logit_blend,pair_letterbox_cls_patch,100.0,0.5,0.25,0.0004601492629521252,0.9650553770649702,0.00014571187286393814,0.033437100919580194,0.0009016608796336662
img_462d2797b23e3fae,selection_conditional_full_development_oof_v2,dataset_dev/02_ornek/kt455.jpg,02_ornek,02_ornek,True,0.9232715112918853,02_ornek,04_petrykivka_painting,05_kosiv_ceramics,0,train,obj_single_462d2797b23e3fae,,unreviewed,unreviewed,global_cls__c10__source0p5,pair_letterbox_cls_patch__c100__source0p5__blend0p25,pairwise_conditional_logit_blend,pair_letterbox_cls_patch,100.0,0.5,0.25,0.003943565586414943,0.9232715112918853,0.009561441862348448,0.053646159323183576,0.009577321936167739
img_9f98e95787b0ff5f,selection_conditional_full_development_oof_v2,dataset_dev/02_ornek/kt456.jpg,02_ornek,02_ornek,True,0.9892412744424544,02_ornek,04_petrykivka_painting,05_kosiv_ceramics,3,train,obj_single_9f98e95787b0ff5f,,unreviewed,unreviewed,global_cls__c10__source0p5,pair_letterbox_cls_patch__c100__source0p5__blend0p25,pairwise_conditional_logit_blend,pair_letterbox_cls_patch,100.0,0.5,0.25,0.0009075846068122216,0.9892412744424544,0.0002634903443462375,0.005570574750105923,0.004017075856281247
img_5e1f784cf224784e,selection_conditional_full_development_oof_v2,dataset_dev/02_ornek/kt459.jpg,02_ornek,02_ornek,True,0.8937209367084136,02_ornek,04_petrykivka_painting,05_kosiv_ceramics,0,train,obj_single_5e1f784cf224784e,,unreviewed,unreviewed,global_cls__c10__source0p5,pair_letterbox_cls_patch__c100__source0p5__blend0p25,pairwise_conditional_logit_blend,pair_letterbox_cls_patch,100.0,0.5,0.25,0.008117489959304641,0.8937209367084136,0.00633787296180964,0.0654922389629175,0.026331461407554897
img_07b736e3bac32c9f,selection_conditional_full_development_oof_v2,dataset_dev/02_ornek/kt461.jpg,02_ornek,02_ornek,True,0.8248753051297842,02_ornek,01_opishnyan_ceramics,05_kosiv_ceramics,3,validation,obj_single_07b736e3bac32c9f,,unreviewed,unreviewed,global_cls__c10__source0p5,pair_letterbox_cls_patch__c100__source0p5__blend0p25,pairwise_conditional_logit_blend,pair_letterbox_cls_patch,100.0,0.5,0.25,0.16098727121837247,0.8248753051297842,0.0023286477686426227,0.0032870664756078803,0.008521709407592818
img_4e43280626a9fb9e,selection_conditional_full_development_oof_v2,dataset_dev/02_ornek/kt463.jpg,02_ornek,02_ornek,True,0.9957906197976286,02_ornek,03_bubnivka_ceramics,05_kosiv_ceramics,4,validation,obj_single_4e43280626a9fb9e,,unreviewed,unreviewed,global_cls__c10__source0p5,pair_letterbox_cls_patch__c100__source0p5__blend0p25,pairwise_conditional_logit_blend,pair_letterbox_cls_patch,100.0,0.5,0.25,0.00015165075529193829,0.9957906197976286,0.0027417365155665003,0.00046408587889283973,0.0008519070526203012
img_0e0e324ca8935d28,selection_conditional_full_development_oof_v2,dataset_dev/02_ornek/kt464.jpg,02_ornek,02_ornek,True,0.9824100723972828,02_ornek,05_kosiv_ceramics,03_bubnivka_ceramics,1,validation,obj_single_0e0e324ca8935d28,,unreviewed,unreviewed,global_cls__c10__source0p5,pair_letterbox_cls_patch__c100__source0p5__blend0p25,pairwise_conditional_logit_blend,pair_letterbox_cls_patch,100.0,0.5,0.25,0.00017399874563260196,0.9824100723972828,0.0024369637754986634,0.0007999021303903945,0.014179062951195653
img_e90c0f63b787be16,selection_conditional_full_development_oof_v2,dataset_dev/02_ornek/kt465.jpg,02_ornek,02_ornek,True,0.9579749560529928,02_ornek,01_opishnyan_ceramics,05_kosiv_ceramics,2,validation,obj_single_e90c0f63b787be16,,unreviewed,unreviewed,global_cls__c10__source0p5,pair_letterbox_cls_patch__c100__source0p5__blend0p25,pairwise_conditional_logit_blend,pair_letterbox_cls_patch,100.0,0.5,0.25,0.03089976102947807,0.9579749560529928,0.0037060287435811143,0.0026818018846629004,0.004737452289285334
img_b3b16d7e6a8907a3,selection_conditional_full_development_oof_v2,dataset_dev/02_ornek/kt467.jpg,02_ornek,02_ornek,True,0.5146844181576378,02_ornek,01_opishnyan_ceramics,03_bubnivka_ceramics,3,validation,obj_single_b3b16d7e6a8907a3,,unreviewed,unreviewed,global_cls__c10__source0p5,pair_letterbox_cls_patch__c100__source0p5__blend0p25,pairwise_conditional_logit_blend,pair_letterbox_cls_patch,100.0,0.5,0.25,0.39879346788598696,0.5146844181576378,0.05477671289561736,0.007376786353193259,0.024368614707564733
img_f30726f97bc3a9e0,selection_conditional_full_development_oof_v2,dataset_dev/02_ornek/kt468.jpg,02_ornek,02_ornek,True,0.8312023102826815,02_ornek,04_petrykivka_painting,05_kosiv_ceramics,4,train,obj_single_f30726f97bc3a9e0,,unreviewed,unreviewed,global_cls__c10__source0p5,pair_letterbox_cls_patch__c100__source0p5__blend0p25,pairwise_conditional_logit_blend,pair_letterbox_cls_patch,100.0,0.5,0.25,0.0029897365972094752,0.8312023102826815,0.002733676932612647,0.09398234936599825,0.06909192682149803
img_28682b13886cfe71,selection_conditional_full_development_oof_v2,dataset_dev/02_ornek/kt469.jpg,02_ornek,02_ornek,True,0.9225881702067178,02_ornek,04_petrykivka_painting,05_kosiv_ceramics,4,train,obj_single_28682b13886cfe71,,unreviewed,unreviewed,global_cls__c10__source0p5,pair_letterbox_cls_patch__c100__source0p5__blend0p25,pairwise_conditional_logit_blend,pair_letterbox_cls_patch,100.0,0.5,0.25,0.0007571626260688675,0.9225881702067178,0.0010110671108973172,0.07227168905725069,0.0033719109990652677
img_bb8c2c4bfa174b30,selection_conditional_full_development_oof_v2,dataset_dev/02_ornek/kt470.jpg,02_ornek,02_ornek,True,0.6558332966157864,02_ornek,05_kosiv_ceramics,03_bubnivka_ceramics,3,train,obj_single_bb8c2c4bfa174b30,,unreviewed,unreviewed,global_cls__c10__source0p5,pair_letterbox_cls_patch__c100__source0p5__blend0p25,pairwise_conditional_logit_blend,pair_letterbox_cls_patch,100.0,0.5,0.25,0.08642338762842222,0.6558332966157864,0.11152667145797206,0.023274870400685255,0.12294177389713398
img_66d8e06a38c1c9b1,selection_conditional_full_development_oof_v2,dataset_dev/02_ornek/kt471.jpg,02_ornek,02_ornek,True,0.9918670356331685,02_ornek,04_petrykivka_painting,05_kosiv_ceramics,3,train,obj_single_66d8e06a38c1c9b1,,unreviewed,unreviewed,global_cls__c10__source0p5,pair_letterbox_cls_patch__c100__source0p5__blend0p25,pairwise_conditional_logit_blend,pair_letterbox_cls_patch,100.0,0.5,0.25,0.00022110058093735387,0.9918670356331685,0.0005445283278721995,0.004333199444884543,0.0030341360131373387
img_68430be77263ed7f,selection_conditional_full_development_oof_v2,dataset_dev/02_ornek/kt472.jpg,02_ornek,02_ornek,True,0.9922163725667874,02_ornek,05_kosiv_ceramics,03_bubnivka_ceramics,0,train,obj_single_68430be77263ed7f,,unreviewed,unreviewed,global_cls__c10__source0p5,pair_letterbox_cls_patch__c100__source0p5__blend0p25,pairwise_conditional_logit_blend,pair_letterbox_cls_patch,100.0,0.5,0.25,8.876432088889376e-05,0.9922163725667874,0.002476169802795941,0.000543643998015942,0.004675049311511798
img_f71d0507c10ccd12,selection_conditional_full_development_oof_v2,dataset_dev/02_ornek/kt474.jpg,02_ornek,02_ornek,True,0.8277535488316832,02_ornek,05_kosiv_ceramics,04_petrykivka_painting,4,train,obj_single_f71d0507c10ccd12,,unreviewed,unreviewed,global_cls__c10__source0p5,pair_letterbox_cls_patch__c100__source0p5__blend0p25,pairwise_conditional_logit_blend,pair_letterbox_cls_patch,100.0,0.5,0.25,0.029152870732492297,0.8277535488316832,0.023048714873038657,0.03582432504825233,0.08422054051453358
img_9d1c059a6187d4e3,selection_conditional_full_development_oof_v2,dataset_dev/02_ornek/kt475.jpg,02_ornek,02_ornek,True,0.9583541239430875,02_ornek,04_petrykivka_painting,05_kosiv_ceramics,2,train,obj_single_9d1c059a6187d4e3,,unreviewed,unreviewed,global_cls__c10__source0p5,pair_letterbox_cls_patch__c100__source0p5__blend0p25,pairwise_conditional_logit_blend,pair_letterbox_cls_patch,100.0,0.5,0.25,0.0033572795950484666,0.9583541239430875,0.0005943785503668966,0.033959017511462825,0.0037352004000340898
img_3c7293b32fdb0fc4,selection_conditional_full_development_oof_v2,dataset_dev/02_ornek/kt476.jpg,02_ornek,02_ornek,True,0.9863646431605537,02_ornek,05_kosiv_ceramics,04_petrykivka_painting,2,train,obj_single_3c7293b32fdb0fc4,,unreviewed,unreviewed,global_cls__c10__source0p5,pair_letterbox_cls_patch__c100__source0p5__blend0p25,pairwise_conditional_logit_blend,pair_letterbox_cls_patch,100.0,0.5,0.25,0.00013681986917806014,0.9863646431605537,0.00031788636408469287,0.002123390624850599,0.01105725998133279
img_20e87d1e06bd8671,selection_conditional_full_development_oof_v2,dataset_dev/02_ornek/kt477.jpg,02_ornek,02_ornek,True,0.966029638387962,02_ornek,05_kosiv_ceramics,04_petrykivka_painting,2,train,obj_single_20e87d1e06bd8671,,unreviewed,unreviewed,global_cls__c10__source0p5,pair_letterbox_cls_patch__c100__source0p5__blend0p25,pairwise_conditional_logit_blend,pair_letterbox_cls_patch,100.0,0.5,0.25,0.000568211007797948,0.966029638387962,0.005936625611413722,0.01044759118173777,0.017017933811088595
img_63d6be65bede61e2,selection_conditional_full_development_oof_v2,dataset_dev/02_ornek/kt479.jpg,02_ornek,02_ornek,True,0.8100528648661537,02_ornek,05_kosiv_ceramics,04_petrykivka_painting,2,train,obj_single_63d6be65bede61e2,,unreviewed,unreviewed,global_cls__c10__source0p5,pair_letterbox_cls_patch__c100__source0p5__blend0p25,pairwise_conditional_logit_blend,pair_letterbox_cls_patch,100.0,0.5,0.25,0.0004026791510656688,0.8100528648661537,0.0017370659884304778,0.004897356778299311,0.18291003321605095
img_3d73d70484aed1b7,selection_conditional_full_development_oof_v2,dataset_dev/02_ornek/kt480.jpg,02_ornek,02_ornek,True,0.9756059866283683,02_ornek,05_kosiv_ceramics,04_petrykivka_painting,4,train,obj_single_3d73d70484aed1b7,,unreviewed,unreviewed,global_cls__c10__source0p5,pair_letterbox_cls_patch__c100__source0p5__blend0p25,pairwise_conditional_logit_blend,pair_letterbox_cls_patch,100.0,0.5,0.25,0.0014470244812614167,0.9756059866283683,0.0007277880995479738,0.011033575103182255,0.011185625687639937
img_6a9ccbc984ca076b,selection_conditional_full_development_oof_v2,dataset_dev/02_ornek/kt481.jpg,02_ornek,02_ornek,True,0.8602746035525559,02_ornek,05_kosiv_ceramics,01_opishnyan_ceramics,3,validation,obj_single_6a9ccbc984ca076b,,unreviewed,unreviewed,global_cls__c10__source0p5,pair_letterbox_cls_patch__c100__source0p5__blend0p25,pairwise_conditional_logit_blend,pair_letterbox_cls_patch,100.0,0.5,0.25,0.033716662182823605,0.8602746035525559,0.012401691813477283,0.009579676736564964,0.08402736571457818
img_22932fadf469dad2,selection_conditional_full_development_oof_v2,dataset_dev/02_ornek/kt483.jpg,02_ornek,02_ornek,True,0.9710507663200505,02_ornek,04_petrykivka_painting,03_bubnivka_ceramics,4,train,obj_single_22932fadf469dad2,,unreviewed,unreviewed,global_cls__c10__source0p5,pair_letterbox_cls_patch__c100__source0p5__blend0p25,pairwise_conditional_logit_blend,pair_letterbox_cls_patch,100.0,0.5,0.25,0.0009824832285452326,0.9710507663200505,0.00396296029551655,0.02373009129274191,0.0002736988631456504
img_dcad607012fd1178,selection_conditional_full_development_oof_v2,dataset_dev/02_ornek/kt486.jpg,02_ornek,02_ornek,True,0.7643539357538175,02_ornek,03_bubnivka_ceramics,05_kosiv_ceramics,1,train,obj_single_dcad607012fd1178,,unreviewed,unreviewed,global_cls__c10__source0p5,pair_letterbox_cls_patch__c100__source0p5__blend0p25,pairwise_conditional_logit_blend,pair_letterbox_cls_patch,100.0,0.5,0.25,0.02120371630206846,0.7643539357538175,0.18269288557456917,0.0071052957534429384,0.02464416661610174
img_9cbe9d9f91f40910,selection_conditional_full_development_oof_v2,dataset_dev/02_ornek/kt487.jpeg,02_ornek,02_ornek,True,0.9728593219289267,02_ornek,01_opishnyan_ceramics,04_petrykivka_painting,4,train,obj_single_9cbe9d9f91f40910,,unreviewed,unreviewed,global_cls__c10__source0p5,pair_letterbox_cls_patch__c100__source0p5__blend0p25,pairwise_conditional_logit_blend,pair_letterbox_cls_patch,100.0,0.5,0.25,0.01000575560165638,0.9728593219289267,0.005710509932620981,0.007189407013767924,0.004235005523027859
img_45b1d0a3b4a5c1c6,selection_conditional_full_development_oof_v2,dataset_dev/02_ornek/kt489.jpeg,02_ornek,02_ornek,True,0.9589562266418106,02_ornek,01_opishnyan_ceramics,04_petrykivka_painting,2,train,obj_single_45b1d0a3b4a5c1c6,,unreviewed,unreviewed,global_cls__c10__source0p5,pair_letterbox_cls_patch__c100__source0p5__blend0p25,pairwise_conditional_logit_blend,pair_letterbox_cls_patch,100.0,0.5,0.25,0.029749273685270392,0.9589562266418106,0.0042161287519779,0.004543105674889802,0.0025352652460512823
img_27ff1892e3f593c9,selection_conditional_full_development_oof_v2,dataset_dev/02_ornek/kt493.jpg,02_ornek,02_ornek,True,0.9933386339560873,02_ornek,04_petrykivka_painting,05_kosiv_ceramics,4,train,obj_single_27ff1892e3f593c9,,unreviewed,unreviewed,global_cls__c10__source0p5,pair_letterbox_cls_patch__c100__source0p5__blend0p25,pairwise_conditional_logit_blend,pair_letterbox_cls_patch,100.0,0.5,0.25,0.00020665291598731628,0.9933386339560873,0.0002273834808322622,0.005513874534135596,0.0007134551129574959
img_d4d07551f0786876,selection_conditional_full_development_oof_v2,dataset_dev/02_ornek/kt495.jpg,02_ornek,02_ornek,True,0.994752524373617,02_ornek,04_petrykivka_painting,05_kosiv_ceramics,1,train,obj_single_d4d07551f0786876,,unreviewed,unreviewed,global_cls__c10__source0p5,pair_letterbox_cls_patch__c100__source0p5__blend0p25,pairwise_conditional_logit_blend,pair_letterbox_cls_patch,100.0,0.5,0.25,0.00011734707411077451,0.994752524373617,3.574444924345654e-05,0.004775016764214563,0.00031936733881419456
img_e90c40c595ff4474,selection_conditional_full_development_oof_v2,dataset_dev/02_ornek/kt496.jpg,02_ornek,02_ornek,True,0.9277504349488088,02_ornek,04_petrykivka_painting,05_kosiv_ceramics,3,train,obj_single_e90c40c595ff4474,,unreviewed,unreviewed,global_cls__c10__source0p5,pair_letterbox_cls_patch__c100__source0p5__blend0p25,pairwise_conditional_logit_blend,pair_letterbox_cls_patch,100.0,0.5,0.25,0.0017206803457358185,0.9277504349488088,0.0009432249143316798,0.06581857952177785,0.0037670802693460085
img_2762878bd63df048,selection_conditional_full_development_oof_v2,dataset_dev/02_ornek/kt497.jpg,02_ornek,02_ornek,True,0.9804411920258319,02_ornek,01_opishnyan_ceramics,03_bubnivka_ceramics,1,train,obj_single_2762878bd63df048,,unreviewed,unreviewed,global_cls__c10__source0p5,pair_letterbox_cls_patch__c100__source0p5__blend0p25,pairwise_conditional_logit_blend,pair_letterbox_cls_patch,100.0,0.5,0.25,0.012000534991451256,0.9804411920258319,0.003370115871692944,0.0023127360882577736,0.0018754210227659531
img_c46e799fe0dc8e0e,selection_conditional_full_development_oof_v2,dataset_dev/02_ornek/kt499.jpg,02_ornek,02_ornek,True,0.9237212236571346,02_ornek,01_opishnyan_ceramics,03_bubnivka_ceramics,2,train,obj_single_c46e799fe0dc8e0e,,unreviewed,unreviewed,global_cls__c10__source0p5,pair_letterbox_cls_patch__c100__source0p5__blend0p25,pairwise_conditional_logit_blend,pair_letterbox_cls_patch,100.0,0.5,0.25,0.06440485525215951,0.9237212236571346,0.007917897966443061,0.0036353037855327663,0.0003207193387298765
img_b25f84e3c0fc3b16,selection_conditional_full_development_oof_v2,dataset_dev/02_ornek/kt500.jpg,02_ornek,02_ornek,True,0.977744189965205,02_ornek,05_kosiv_ceramics,03_bubnivka_ceramics,3,train,obj_single_b25f84e3c0fc3b16,,unreviewed,unreviewed,global_cls__c10__source0p5,pair_letterbox_cls_patch__c100__source0p5__blend0p25,pairwise_conditional_logit_blend,pair_letterbox_cls_patch,100.0,0.5,0.25,0.00013676039834465743,0.977744189965205,0.001929277231965552,0.0018430412268151221,0.018346731177669957
img_c40d1992a9e8b216,selection_conditional_full_development_oof_v2,dataset_dev/02_ornek/kt501.jpg,02_ornek,02_ornek,True,0.9978823750673081,02_ornek,01_opishnyan_ceramics,03_bubnivka_ceramics,0,train,obj_single_c40d1992a9e8b216,,unreviewed,unreviewed,global_cls__c10__source0p5,pair_letterbox_cls_patch__c100__source0p5__blend0p25,pairwise_conditional_logit_blend,pair_letterbox_cls_patch,100.0,0.5,0.25,0.0011745192511778931,0.9978823750673081,0.0004530919788267892,0.00033695463056064963,0.00015305907212618408
img_75c423ededd75677,selection_conditional_full_development_oof_v2,dataset_dev/02_ornek/kt502.jpg,02_ornek,02_ornek,True,0.9815600965462601,02_ornek,05_kosiv_ceramics,03_bubnivka_ceramics,4,train,obj_single_75c423ededd75677,,unreviewed,unreviewed,global_cls__c10__source0p5,pair_letterbox_cls_patch__c100__source0p5__blend0p25,pairwise_conditional_logit_blend,pair_letterbox_cls_patch,100.0,0.5,0.25,0.0016828417201040888,0.9815600965462601,0.005403926053252663,0.0029500323600859454,0.008403103320297336
img_76e93d7fa0f7f10f,selection_conditional_full_development_oof_v2,dataset_dev/02_ornek/kt503.jpg,02_ornek,02_ornek,True,0.9689574038215943,02_ornek,04_petrykivka_painting,05_kosiv_ceramics,2,train,obj_single_76e93d7fa0f7f10f,,unreviewed,unreviewed,global_cls__c10__source0p5,pair_letterbox_cls_patch__c100__source0p5__blend0p25,pairwise_conditional_logit_blend,pair_letterbox_cls_patch,100.0,0.5,0.25,0.005859311325486147,0.9689574038215943,0.004627119529824179,0.01329251149384233,0.007263653829252886
img_9409cbdc91cc3de5,selection_conditional_full_development_oof_v2,dataset_dev/02_ornek/kt504.JPG,02_ornek,02_ornek,True,0.9402490521978341,02_ornek,04_petrykivka_painting,01_opishnyan_ceramics,1,train,obj_single_9409cbdc91cc3de5,,unreviewed,unreviewed,global_cls__c10__source0p5,pair_letterbox_cls_patch__c100__source0p5__blend0p25,pairwise_conditional_logit_blend,pair_letterbox_cls_patch,100.0,0.5,0.25,0.018733243672629577,0.9402490521978341,0.009940888793630262,0.024555252384271378,0.006521562951634535
img_eea7540feb1cae39,selection_conditional_full_development_oof_v2,dataset_dev/02_ornek/kt506.JPG,02_ornek,02_ornek,True,0.8345483776721707,02_ornek,03_bubnivka_ceramics,04_petrykivka_painting,1,train,obj_single_eea7540feb1cae39,,unreviewed,unreviewed,global_cls__c10__source0p5,pair_letterbox_cls_patch__c100__source0p5__blend0p25,pairwise_conditional_logit_blend,pair_letterbox_cls_patch,100.0,0.5,0.25,0.005244493334497694,0.8345483776721707,0.14275824855614916,0.015382116765971269,0.0020667636712112356
img_01bd7ca151024353,selection_conditional_full_development_oof_v2,dataset_dev/02_ornek/kt507.jpg,02_ornek,02_ornek,True,0.9872718376630533,02_ornek,03_bubnivka_ceramics,01_opishnyan_ceramics,4,train,obj_single_01bd7ca151024353,,unreviewed,unreviewed,global_cls__c10__source0p5,pair_letterbox_cls_patch__c100__source0p5__blend0p25,pairwise_conditional_logit_blend,pair_letterbox_cls_patch,100.0,0.5,0.25,0.0040354360695422425,0.9872718376630533,0.0069651485274677,0.00042378110175681405,0.0013037966381799354
img_bceef9f861a69348,selection_conditional_full_development_oof_v2,dataset_dev/02_ornek/kt508.jpg,02_ornek,02_ornek,True,0.9980152099408939,02_ornek,05_kosiv_ceramics,04_petrykivka_painting,3,train,obj_single_bceef9f861a69348,,unreviewed,unreviewed,global_cls__c10__source0p5,pair_letterbox_cls_patch__c100__source0p5__blend0p25,pairwise_conditional_logit_blend,pair_letterbox_cls_patch,100.0,0.5,0.25,1.4032698722925266e-05,0.9980152099408939,0.00014412779467169802,0.0002545181301699993,0.0015721114355413649
img_80f127ba8c8c8fe8,selection_conditional_full_development_oof_v2,dataset_dev/02_ornek/kt509.jpg,02_ornek,02_ornek,True,0.9812778040445403,02_ornek,05_kosiv_ceramics,03_bubnivka_ceramics,2,train,obj_single_80f127ba8c8c8fe8,,unreviewed,unreviewed,global_cls__c10__source0p5,pair_letterbox_cls_patch__c100__source0p5__blend0p25,pairwise_conditional_logit_blend,pair_letterbox_cls_patch,100.0,0.5,0.25,0.0006660105411453024,0.9812778040445403,0.0061379049725767765,0.0027191543413865203,0.009199126100351215
img_43cd8716f7b62d9c,selection_conditional_full_development_oof_v2,dataset_dev/02_ornek/kt510.jpg,02_ornek,02_ornek,True,0.9892390011807052,02_ornek,05_kosiv_ceramics,04_petrykivka_painting,0,train,obj_single_43cd8716f7b62d9c,,unreviewed,unreviewed,global_cls__c10__source0p5,pair_letterbox_cls_patch__c100__source0p5__blend0p25,pairwise_conditional_logit_blend,pair_letterbox_cls_patch,100.0,0.5,0.25,0.0001346650271481166,0.9892390011807052,0.0006216920943284754,0.002399547483707794,0.00760509421411043
img_fe6d88e3f10989df,selection_conditional_full_development_oof_v2,dataset_dev/02_ornek/kt512.jpg,02_ornek,02_ornek,True,0.9594197933190892,02_ornek,04_petrykivka_painting,05_kosiv_ceramics,2,train,obj_single_fe6d88e3f10989df,,unreviewed,unreviewed,global_cls__c10__source0p5,pair_letterbox_cls_patch__c100__source0p5__blend0p25,pairwise_conditional_logit_blend,pair_letterbox_cls_patch,100.0,0.5,0.25,0.00023916614837004053,0.9594197933190892,0.0020810657600618798,0.02217922235285211,0.01608075241962677
img_7725888e15be746f,selection_conditional_full_development_oof_v2,dataset_dev/02_ornek/kt513.jpg,02_ornek,02_ornek,True,0.9992933707141596,02_ornek,04_petrykivka_painting,03_bubnivka_ceramics,1,train,obj_single_7725888e15be746f,,unreviewed,unreviewed,global_cls__c10__source0p5,pair_letterbox_cls_patch__c100__source0p5__blend0p25,pairwise_conditional_logit_blend,pair_letterbox_cls_patch,100.0,0.5,0.25,3.4262278038936605e-06,0.9992933707141596,0.00020807368584771735,0.00046804699621721626,2.708237597146761e-05
img_52a3ee6b95592f98,selection_conditional_full_development_oof_v2,dataset_test/02_ornek/kt038.jpg,02_ornek,02_ornek,True,0.957407877840158,02_ornek,04_petrykivka_painting,05_kosiv_ceramics,4,train,obj_single_52a3ee6b95592f98,,unreviewed,unreviewed,global_cls__c10__source0p5,pair_letterbox_cls_patch__c100__source0p5__blend0p25,pairwise_conditional_logit_blend,pair_letterbox_cls_patch,100.0,0.5,0.25,8.324967319302471e-05,0.957407877840158,0.00028732261036050314,0.03194896998492329,0.010272579891365177
img_7988e08a81fde9b6,selection_conditional_full_development_oof_v2,dataset_test/02_ornek/kt039.jpg,02_ornek,02_ornek,True,0.9962688281415416,02_ornek,04_petrykivka_painting,01_opishnyan_ceramics,2,train,obj_single_7988e08a81fde9b6,,unreviewed,unreviewed,global_cls__c10__source0p5,pair_letterbox_cls_patch__c100__source0p5__blend0p25,pairwise_conditional_logit_blend,pair_letterbox_cls_patch,100.0,0.5,0.25,0.0009793622739579667,0.9962688281415416,0.00021748727033908975,0.002219353313453598,0.00031496900070797265
img_e53c92ac8b7a6130,selection_conditional_full_development_oof_v2,dataset_test/02_ornek/kt042.jpg,02_ornek,02_ornek,True,0.9896402335458434,02_ornek,01_opishnyan_ceramics,05_kosiv_ceramics,1,train,obj_single_e53c92ac8b7a6130,,unreviewed,unreviewed,global_cls__c10__source0p5,pair_letterbox_cls_patch__c100__source0p5__blend0p25,pairwise_conditional_logit_blend,pair_letterbox_cls_patch,100.0,0.5,0.25,0.0048445725696401746,0.9896402335458434,0.0008474207555053034,0.0005767518662162656,0.004091021262794943
img_387f2e3ad248bcd0,selection_conditional_full_development_oof_v2,dataset_test/02_ornek/kt046.jpg,02_ornek,02_ornek,True,0.9714158726476652,02_ornek,04_petrykivka_painting,01_opishnyan_ceramics,3,train,obj_single_387f2e3ad248bcd0,,unreviewed,unreviewed,global_cls__c10__source0p5,pair_letterbox_cls_patch__c100__source0p5__blend0p25,pairwise_conditional_logit_blend,pair_letterbox_cls_patch,100.0,0.5,0.25,0.007015448383540771,0.9714158726476652,0.0017499658324358419,0.014452523011119248,0.005366190125239166
img_3d507b5de3113f32,selection_conditional_full_development_oof_v2,dataset_test/02_ornek/kt053.jpg,02_ornek,02_ornek,True,0.8999061346724736,02_ornek,04_petrykivka_painting,05_kosiv_ceramics,4,train,obj_single_3d507b5de3113f32,,unreviewed,unreviewed,global_cls__c10__source0p5,pair_letterbox_cls_patch__c100__source0p5__blend0p25,pairwise_conditional_logit_blend,pair_letterbox_cls_patch,100.0,0.5,0.25,0.0009250770602939168,0.8999061346724736,0.004778104476566743,0.06975059312451458,0.024640090666151082
img_a71feaa14db507e0,selection_conditional_full_development_oof_v2,dataset_test/02_ornek/kt059.jpg,02_ornek,02_ornek,True,0.8366458033071201,02_ornek,01_opishnyan_ceramics,03_bubnivka_ceramics,3,train,obj_single_a71feaa14db507e0,,unreviewed,unreviewed,global_cls__c10__source0p5,pair_letterbox_cls_patch__c100__source0p5__blend0p25,pairwise_conditional_logit_blend,pair_letterbox_cls_patch,100.0,0.5,0.25,0.15765820153706497,0.8366458033071201,0.004209368103846435,0.0003871511138332329,0.0010994759381352335
img_7e473101913d6020,selection_conditional_full_development_oof_v2,dataset_test/02_ornek/kt065.jpg,02_ornek,02_ornek,True,0.9968519047075333,02_ornek,03_bubnivka_ceramics,01_opishnyan_ceramics,0,validation,obj_single_7e473101913d6020,,unreviewed,unreviewed,global_cls__c10__source0p5,pair_letterbox_cls_patch__c100__source0p5__blend0p25,pairwise_conditional_logit_blend,pair_letterbox_cls_patch,100.0,0.5,0.25,0.0009088258729455672,0.9968519047075333,0.0014252918853310205,0.0003955293846498375,0.0004184481495403236
img_215afa627c55c528,selection_conditional_full_development_oof_v2,dataset_test/02_ornek/kt068.jpg,02_ornek,02_ornek,True,0.9773664494599261,02_ornek,05_kosiv_ceramics,03_bubnivka_ceramics,1,train,obj_single_215afa627c55c528,,unreviewed,unreviewed,global_cls__c10__source0p5,pair_letterbox_cls_patch__c100__source0p5__blend0p25,pairwise_conditional_logit_blend,pair_letterbox_cls_patch,100.0,0.5,0.25,0.00023150291535408544,0.9773664494599261,0.004831689746902449,0.004439160863263665,0.013131197014553625
img_7861f4e27687dce3,selection_conditional_full_development_oof_v2,dataset_test/02_ornek/kt073.jpg,02_ornek,02_ornek,True,0.9180117800297156,02_ornek,04_petrykivka_painting,05_kosiv_ceramics,2,train,obj_single_7861f4e27687dce3,,unreviewed,unreviewed,global_cls__c10__source0p5,pair_letterbox_cls_patch__c100__source0p5__blend0p25,pairwise_conditional_logit_blend,pair_letterbox_cls_patch,100.0,0.5,0.25,0.00010409490250776032,0.9180117800297156,0.00169146291578076,0.07654096573471014,0.0036516964172857917
img_a136e802f2dcd732,selection_conditional_full_development_oof_v2,dataset_test/02_ornek/kt075.JPG,02_ornek,02_ornek,True,0.9754980958969709,02_ornek,05_kosiv_ceramics,04_petrykivka_painting,0,validation,obj_single_a136e802f2dcd732,,unreviewed,unreviewed,global_cls__c10__source0p5,pair_letterbox_cls_patch__c100__source0p5__blend0p25,pairwise_conditional_logit_blend,pair_letterbox_cls_patch,100.0,0.5,0.25,0.00024206815774635462,0.9754980958969709,0.0005028485857255697,0.008469909275264594,0.015287078084292714
img_4b8dcf5c2dcc6e2c,selection_conditional_full_development_oof_v2,dataset_test/02_ornek/kt076.jpg,02_ornek,02_ornek,True,0.9989554035902304,02_ornek,04_petrykivka_painting,05_kosiv_ceramics,3,train,obj_single_4b8dcf5c2dcc6e2c,,unreviewed,unreviewed,global_cls__c10__source0p5,pair_letterbox_cls_patch__c100__source0p5__blend0p25,pairwise_conditional_logit_blend,pair_letterbox_cls_patch,100.0,0.5,0.25,1.5837119125431042e-06,0.9989554035902304,0.0001114677777557351,0.00066278592620944,0.00026875899389175825
img_44c806605e53eda6,selection_conditional_full_development_oof_v2,dataset_test/02_ornek/kt079.jpg,02_ornek,02_ornek,True,0.9966850295304562,02_ornek,05_kosiv_ceramics,03_bubnivka_ceramics,0,train,obj_single_44c806605e53eda6,,unreviewed,unreviewed,global_cls__c10__source0p5,pair_letterbox_cls_patch__c100__source0p5__blend0p25,pairwise_conditional_logit_blend,pair_letterbox_cls_patch,100.0,0.5,0.25,0.0002477789492569909,0.9966850295304562,0.000932205799535994,0.0006600585602888452,0.00147492716046206
img_919f34e329d4b08f,selection_conditional_full_development_oof_v2,dataset_test/02_ornek/kt081.JPG,02_ornek,02_ornek,True,0.9700666967037799,02_ornek,05_kosiv_ceramics,01_opishnyan_ceramics,0,validation,obj_single_919f34e329d4b08f,,unreviewed,unreviewed,global_cls__c10__source0p5,pair_letterbox_cls_patch__c100__source0p5__blend0p25,pairwise_conditional_logit_blend,pair_letterbox_cls_patch,100.0,0.5,0.25,0.009519588872925923,0.9700666967037799,0.0037782068219132715,0.0021455642118225374,0.0144899433895584
img_3bd5dcf1112b39a9,selection_conditional_full_development_oof_v2,dataset_test/02_ornek/kt088.JPG,02_ornek,02_ornek,True,0.9452256615705094,02_ornek,04_petrykivka_painting,03_bubnivka_ceramics,2,validation,obj_single_3bd5dcf1112b39a9,,unreviewed,unreviewed,global_cls__c10__source0p5,pair_letterbox_cls_patch__c100__source0p5__blend0p25,pairwise_conditional_logit_blend,pair_letterbox_cls_patch,100.0,0.5,0.25,0.006133762642943075,0.9452256615705094,0.010383814131321126,0.03424266464658751,0.004014097008638813
img_a90e9ffbd7f8b2b8,selection_conditional_full_development_oof_v2,dataset_test/02_ornek/kt090.jpg,02_ornek,02_ornek,True,0.9931673441757967,02_ornek,04_petrykivka_painting,05_kosiv_ceramics,0,train,obj_single_a90e9ffbd7f8b2b8,,unreviewed,unreviewed,global_cls__c10__source0p5,pair_letterbox_cls_patch__c100__source0p5__blend0p25,pairwise_conditional_logit_blend,pair_letterbox_cls_patch,100.0,0.5,0.25,5.8404753292148255e-05,0.9931673441757967,0.0005616138325705009,0.003567302844771817,0.002645334393569037
img_4b2b0662206ad545,selection_conditional_full_development_oof_v2,dataset_test/02_ornek/kt091.JPG,02_ornek,02_ornek,True,0.9514917390327228,02_ornek,03_bubnivka_ceramics,04_petrykivka_painting,1,validation,obj_single_4b2b0662206ad545,,unreviewed,unreviewed,global_cls__c10__source0p5,pair_letterbox_cls_patch__c100__source0p5__blend0p25,pairwise_conditional_logit_blend,pair_letterbox_cls_patch,100.0,0.5,0.25,0.009457672239004938,0.9514917390327228,0.021974585435442652,0.013618128912545262,0.0034578743802842577
img_bf0a8cd0508a2cd4,selection_conditional_full_development_oof_v2,dataset_test/02_ornek/kt094.jpg,02_ornek,02_ornek,True,0.9840574225465678,02_ornek,01_opishnyan_ceramics,04_petrykivka_painting,3,train,obj_single_bf0a8cd0508a2cd4,,unreviewed,unreviewed,global_cls__c10__source0p5,pair_letterbox_cls_patch__c100__source0p5__blend0p25,pairwise_conditional_logit_blend,pair_letterbox_cls_patch,100.0,0.5,0.25,0.00632092246430649,0.9840574225465678,0.0034273936824242364,0.0036292104052229497,0.0025650509014785686
img_de85706ad14e65e0,selection_conditional_full_development_oof_v2,dataset_test/02_ornek/kt099.jpg,02_ornek,02_ornek,True,0.9726416535448551,02_ornek,04_petrykivka_painting,03_bubnivka_ceramics,4,validation,obj_single_de85706ad14e65e0,,unreviewed,unreviewed,global_cls__c10__source0p5,pair_letterbox_cls_patch__c100__source0p5__blend0p25,pairwise_conditional_logit_blend,pair_letterbox_cls_patch,100.0,0.5,0.25,0.00016539092116694975,0.9726416535448551,0.008320587927694809,0.017742435789293104,0.001129931816989966
img_da40779c8d5eb335,selection_conditional_full_development_oof_v2,dataset_test/02_ornek/kt100.jpg,02_ornek,02_ornek,True,0.9373465733236156,02_ornek,05_kosiv_ceramics,04_petrykivka_painting,3,train,obj_single_da40779c8d5eb335,,unreviewed,unreviewed,global_cls__c10__source0p5,pair_letterbox_cls_patch__c100__source0p5__blend0p25,pairwise_conditional_logit_blend,pair_letterbox_cls_patch,100.0,0.5,0.25,0.007443894457084516,0.9373465733236156,0.004881328957922853,0.02012740108279306,0.030200802178583713
img_53ccb624f9e4b8fa,selection_conditional_full_development_oof_v2,dataset_test/02_ornek/kt102.JPG,02_ornek,02_ornek,True,0.9145835661409977,02_ornek,03_bubnivka_ceramics,04_petrykivka_painting,4,train,obj_single_53ccb624f9e4b8fa,,unreviewed,unreviewed,global_cls__c10__source0p5,pair_letterbox_cls_patch__c100__source0p5__blend0p25,pairwise_conditional_logit_blend,pair_letterbox_cls_patch,100.0,0.5,0.25,0.0038309596117359177,0.9145835661409977,0.06363946923530761,0.011032754676481604,0.006913250335477006
img_bf7409a263b7d33d,selection_conditional_full_development_oof_v2,dataset_test/02_ornek/kt104.jpg,02_ornek,02_ornek,True,0.9995215382528266,02_ornek,04_petrykivka_painting,03_bubnivka_ceramics,1,train,obj_single_bf7409a263b7d33d,,unreviewed,unreviewed,global_cls__c10__source0p5,pair_letterbox_cls_patch__c100__source0p5__blend0p25,pairwise_conditional_logit_blend,pair_letterbox_cls_patch,100.0,0.5,0.25,1.1014548951873767e-06,0.9995215382528266,7.40319281985008e-05,0.000399469712771675,3.858651307947862e-06
img_1136661885059c9a,selection_conditional_full_development_oof_v2,dataset_test/02_ornek/kt106.JPG,02_ornek,02_ornek,True,0.9595303031149491,02_ornek,01_opishnyan_ceramics,03_bubnivka_ceramics,2,train,obj_single_1136661885059c9a,,unreviewed,unreviewed,global_cls__c10__source0p5,pair_letterbox_cls_patch__c100__source0p5__blend0p25,pairwise_conditional_logit_blend,pair_letterbox_cls_patch,100.0,0.5,0.25,0.024145344142549697,0.9595303031149491,0.011608484673857593,0.0005788357432592937,0.00413703232538446
img_67f32d5144ee95e1,selection_conditional_full_development_oof_v2,dataset_test/02_ornek/kt107.jpg,02_ornek,02_ornek,True,0.8557502378811724,02_ornek,05_kosiv_ceramics,03_bubnivka_ceramics,1,train,obj_single_67f32d5144ee95e1,,unreviewed,unreviewed,global_cls__c10__source0p5,pair_letterbox_cls_patch__c100__source0p5__blend0p25,pairwise_conditional_logit_blend,pair_letterbox_cls_patch,100.0,0.5,0.25,0.0027559472010808372,0.8557502378811724,0.05203998594885968,0.005895184728430224,0.08355864424045686
img_1346a1a7f346ff18,selection_conditional_full_development_oof_v2,dataset_test/02_ornek/kt108.jpg,02_ornek,02_ornek,True,0.9891522533094118,02_ornek,01_opishnyan_ceramics,03_bubnivka_ceramics,0,validation,obj_single_1346a1a7f346ff18,,unreviewed,unreviewed,global_cls__c10__source0p5,pair_letterbox_cls_patch__c100__source0p5__blend0p25,pairwise_conditional_logit_blend,pair_letterbox_cls_patch,100.0,0.5,0.25,0.005298152838616063,0.9891522533094118,0.0045341301071765835,0.00020963616496295378,0.000805827579832522
img_82ff5b02093c3d96,selection_conditional_full_development_oof_v2,dataset_test/02_ornek/kt112.jpg,02_ornek,02_ornek,True,0.8986271484740358,02_ornek,03_bubnivka_ceramics,01_opishnyan_ceramics,3,train,obj_single_82ff5b02093c3d96,,unreviewed,unreviewed,global_cls__c10__source0p5,pair_letterbox_cls_patch__c100__source0p5__blend0p25,pairwise_conditional_logit_blend,pair_letterbox_cls_patch,100.0,0.5,0.25,0.03525498952512506,0.8986271484740358,0.0647224936860024,0.0005904222818929902,0.0008049460329438092
img_189604f10c69cd10,selection_conditional_full_development_oof_v2,dataset_test/02_ornek/kt117.jpg,02_ornek,02_ornek,True,0.9769480733108615,02_ornek,05_kosiv_ceramics,03_bubnivka_ceramics,1,train,obj_single_189604f10c69cd10,,unreviewed,unreviewed,global_cls__c10__source0p5,pair_letterbox_cls_patch__c100__source0p5__blend0p25,pairwise_conditional_logit_blend,pair_letterbox_cls_patch,100.0,0.5,0.25,0.005504039835140521,0.9769480733108615,0.005746630351824469,0.00019405900910600014,0.01160719749306752
img_d6121313c45d6a14,selection_conditional_full_development_oof_v2,dataset_test/02_ornek/kt121.jpg,02_ornek,02_ornek,True,0.9778280947962121,02_ornek,05_kosiv_ceramics,03_bubnivka_ceramics,3,validation,obj_single_d6121313c45d6a14,,unreviewed,unreviewed,global_cls__c10__source0p5,pair_letterbox_cls_patch__c100__source0p5__blend0p25,pairwise_conditional_logit_blend,pair_letterbox_cls_patch,100.0,0.5,0.25,0.00375181393079458,0.9778280947962121,0.004364320043009613,0.0026040371258911096,0.011451734104092533
img_1dc055b98fbf1432,selection_conditional_full_development_oof_v2,dataset_test/02_ornek/kt122.jpg,02_ornek,02_ornek,True,0.9745750273680123,02_ornek,01_opishnyan_ceramics,04_petrykivka_painting,0,train,obj_single_1dc055b98fbf1432,,unreviewed,unreviewed,global_cls__c10__source0p5,pair_letterbox_cls_patch__c100__source0p5__blend0p25,pairwise_conditional_logit_blend,pair_letterbox_cls_patch,100.0,0.5,0.25,0.015372332683145445,0.9745750273680123,0.0007886018777689482,0.005744614319459307,0.0035194237516140035
img_e3437e5c94932a54,selection_conditional_full_development_oof_v2,dataset_test/02_ornek/kt127.jpg,02_ornek,02_ornek,True,0.9950596293309362,02_ornek,04_petrykivka_painting,05_kosiv_ceramics,1,train,obj_single_e3437e5c94932a54,,unreviewed,unreviewed,global_cls__c10__source0p5,pair_letterbox_cls_patch__c100__source0p5__blend0p25,pairwise_conditional_logit_blend,pair_letterbox_cls_patch,100.0,0.5,0.25,5.301453902705018e-05,0.9950596293309362,0.0007693873472513622,0.0020747478510606985,0.0020432209317247135
img_e68daac3d4a32db1,selection_conditional_full_development_oof_v2,dataset_test/02_ornek/kt130.jpg,02_ornek,02_ornek,True,0.9582697794479564,02_ornek,04_petrykivka_painting,05_kosiv_ceramics,0,train,obj_single_e68daac3d4a32db1,,unreviewed,unreviewed,global_cls__c10__source0p5,pair_letterbox_cls_patch__c100__source0p5__blend0p25,pairwise_conditional_logit_blend,pair_letterbox_cls_patch,100.0,0.5,0.25,0.00017612985320630738,0.9582697794479564,0.0005676402932682878,0.02857738636305521,0.012409064042513702
img_ba1437bda34cd4ec,selection_conditional_full_development_oof_v2,dataset_test/02_ornek/kt141.jpg,02_ornek,02_ornek,True,0.9932949267997051,02_ornek,05_kosiv_ceramics,04_petrykivka_painting,1,train,obj_single_ba1437bda34cd4ec,,unreviewed,unreviewed,global_cls__c10__source0p5,pair_letterbox_cls_patch__c100__source0p5__blend0p25,pairwise_conditional_logit_blend,pair_letterbox_cls_patch,100.0,0.5,0.25,0.00017149887732257032,0.9932949267997051,0.0016407929832513203,0.002339439571368304,0.0025533417683526486
img_acfe53b369569871,selection_conditional_full_development_oof_v2,dataset_test/02_ornek/kt144.jpg,02_ornek,02_ornek,True,0.9378796826856393,02_ornek,04_petrykivka_painting,05_kosiv_ceramics,0,train,obj_single_acfe53b369569871,,unreviewed,unreviewed,global_cls__c10__source0p5,pair_letterbox_cls_patch__c100__source0p5__blend0p25,pairwise_conditional_logit_blend,pair_letterbox_cls_patch,100.0,0.5,0.25,0.008398159252065513,0.9378796826856393,0.010242770443726859,0.02922733868205467,0.014252048936513469
img_50bae417b9064aa1,selection_conditional_full_development_oof_v2,dataset_test/02_ornek/kt147.jpg,02_ornek,02_ornek,True,0.9296963755717262,02_ornek,04_petrykivka_painting,05_kosiv_ceramics,3,train,obj_single_50bae417b9064aa1,,unreviewed,unreviewed,global_cls__c10__source0p5,pair_letterbox_cls_patch__c100__source0p5__blend0p25,pairwise_conditional_logit_blend,pair_letterbox_cls_patch,100.0,0.5,0.25,0.0003293721513223683,0.9296963755717262,0.00037383014203219147,0.06397061750318445,0.005629804631734635
img_bfaf490f3ffffc10,selection_conditional_full_development_oof_v2,dataset_test/02_ornek/kt151.jpg,02_ornek,02_ornek,True,0.998327168253157,02_ornek,04_petrykivka_painting,05_kosiv_ceramics,2,train,obj_single_bfaf490f3ffffc10,,unreviewed,unreviewed,global_cls__c10__source0p5,pair_letterbox_cls_patch__c100__source0p5__blend0p25,pairwise_conditional_logit_blend,pair_letterbox_cls_patch,100.0,0.5,0.25,0.00016894897104304205,0.998327168253157,0.00019438715957919835,0.0010416590752851727,0.0002678365409356881
img_0a3668a0f249eb52,selection_conditional_full_development_oof_v2,dataset_test/02_ornek/kt152.JPG,02_ornek,02_ornek,True,0.8362146594409929,02_ornek,01_opishnyan_ceramics,03_bubnivka_ceramics,0,train,obj_single_0a3668a0f249eb52,,unreviewed,unreviewed,global_cls__c10__source0p5,pair_letterbox_cls_patch__c100__source0p5__blend0p25,pairwise_conditional_logit_blend,pair_letterbox_cls_patch,100.0,0.5,0.25,0.057727965141277815,0.8362146594409929,0.056092623129881475,0.012213737903404624,0.03775101438444315
img_d643cd4f86822f13,selection_conditional_full_development_oof_v2,dataset_test/02_ornek/kt154.jpg,02_ornek,02_ornek,True,0.9839935615230844,02_ornek,04_petrykivka_painting,05_kosiv_ceramics,0,train,obj_single_d643cd4f86822f13,,unreviewed,unreviewed,global_cls__c10__source0p5,pair_letterbox_cls_patch__c100__source0p5__blend0p25,pairwise_conditional_logit_blend,pair_letterbox_cls_patch,100.0,0.5,0.25,0.0029170429278733687,0.9839935615230844,0.00016977723888969727,0.00810327220049755,0.004816346109654746
img_1983edf31f9c4d3d,selection_conditional_full_development_oof_v2,dataset_test/02_ornek/kt159.jpg,02_ornek,02_ornek,True,0.9840368896844436,02_ornek,04_petrykivka_painting,05_kosiv_ceramics,2,train,obj_single_1983edf31f9c4d3d,,unreviewed,unreviewed,global_cls__c10__source0p5,pair_letterbox_cls_patch__c100__source0p5__blend0p25,pairwise_conditional_logit_blend,pair_letterbox_cls_patch,100.0,0.5,0.25,0.0006147448345186636,0.9840368896844436,0.0003842962970095288,0.011745324514174238,0.0032187446698539518
img_dd4d8731cf99113e,selection_conditional_full_development_oof_v2,dataset_test/02_ornek/kt163.jpg,02_ornek,02_ornek,True,0.997214933819327,02_ornek,05_kosiv_ceramics,03_bubnivka_ceramics,1,train,obj_single_dd4d8731cf99113e,,unreviewed,unreviewed,global_cls__c10__source0p5,pair_letterbox_cls_patch__c100__source0p5__blend0p25,pairwise_conditional_logit_blend,pair_letterbox_cls_patch,100.0,0.5,0.25,2.1886806016297725e-06,0.997214933819327,0.0011018841182124683,0.00025107856966789967,0.0014299148121907155
img_c155f7465630fce1,selection_conditional_full_development_oof_v2,dataset_test/02_ornek/kt167.jpg,02_ornek,02_ornek,True,0.9161941216722851,02_ornek,05_kosiv_ceramics,03_bubnivka_ceramics,3,train,obj_single_c155f7465630fce1,,unreviewed,unreviewed,global_cls__c10__source0p5,pair_letterbox_cls_patch__c100__source0p5__blend0p25,pairwise_conditional_logit_blend,pair_letterbox_cls_patch,100.0,0.5,0.25,0.023319360489351623,0.9161941216722851,0.025773437264991237,0.0010364674686110544,0.03367661310476084
img_226b34aff9c02bae,selection_conditional_full_development_oof_v2,dataset_test/02_ornek/kt170.jpg,02_ornek,02_ornek,True,0.9829939451909722,02_ornek,03_bubnivka_ceramics,01_opishnyan_ceramics,4,train,obj_single_226b34aff9c02bae,,unreviewed,unreviewed,global_cls__c10__source0p5,pair_letterbox_cls_patch__c100__source0p5__blend0p25,pairwise_conditional_logit_blend,pair_letterbox_cls_patch,100.0,0.5,0.25,0.0040235812487110865,0.9829939451909722,0.01245899747254677,0.00010448341927789427,0.0004189926684920469
img_86b0959e3330c4bc,selection_conditional_full_development_oof_v2,dataset_test/02_ornek/kt173.jpg,02_ornek,02_ornek,True,0.602826399302036,02_ornek,05_kosiv_ceramics,03_bubnivka_ceramics,3,validation,obj_single_86b0959e3330c4bc,,unreviewed,unreviewed,global_cls__c10__source0p5,pair_letterbox_cls_patch__c100__source0p5__blend0p25,pairwise_conditional_logit_blend,pair_letterbox_cls_patch,100.0,0.5,0.25,0.006688201323833079,0.602826399302036,0.10528913026985309,0.08984823771448336,0.19534803138979454
img_e75073ea4f45ee82,selection_conditional_full_development_oof_v2,dataset_test/02_ornek/kt176.jpg,02_ornek,02_ornek,True,0.9562055751108248,02_ornek,04_petrykivka_painting,01_opishnyan_ceramics,2,train,obj_single_e75073ea4f45ee82,,unreviewed,unreviewed,global_cls__c10__source0p5,pair_letterbox_cls_patch__c100__source0p5__blend0p25,pairwise_conditional_logit_blend,pair_letterbox_cls_patch,100.0,0.5,0.25,0.004803942505145348,0.9562055751108248,0.004525032095786693,0.03317959707654486,0.0012858532116984745
img_afe2be244eb0d632,selection_conditional_full_development_oof_v2,dataset_test/02_ornek/kt184.jpg,02_ornek,02_ornek,True,0.9977973068868367,02_ornek,01_opishnyan_ceramics,05_kosiv_ceramics,0,validation,obj_single_afe2be244eb0d632,,unreviewed,unreviewed,global_cls__c10__source0p5,pair_letterbox_cls_patch__c100__source0p5__blend0p25,pairwise_conditional_logit_blend,pair_letterbox_cls_patch,100.0,0.5,0.25,0.0010253694706359783,0.9977973068868367,0.0003324399291769151,0.0003841193484109233,0.00046076436493961364
img_a2bcabeeff849533,selection_conditional_full_development_oof_v2,dataset_test/02_ornek/kt206.jpg,02_ornek,02_ornek,True,0.9527356718390655,02_ornek,05_kosiv_ceramics,04_petrykivka_painting,2,train,obj_single_a2bcabeeff849533,,unreviewed,unreviewed,global_cls__c10__source0p5,pair_letterbox_cls_patch__c100__source0p5__blend0p25,pairwise_conditional_logit_blend,pair_letterbox_cls_patch,100.0,0.5,0.25,0.00018756613752106088,0.9527356718390655,0.001451113172768392,0.020113108991745118,0.025512539858900084
img_984fdec8db82aa75,selection_conditional_full_development_oof_v2,dataset_test/02_ornek/kt208.jpg,02_ornek,02_ornek,True,0.6922068613149096,02_ornek,01_opishnyan_ceramics,05_kosiv_ceramics,0,train,obj_single_984fdec8db82aa75,,unreviewed,unreviewed,global_cls__c10__source0p5,pair_letterbox_cls_patch__c100__source0p5__blend0p25,pairwise_conditional_logit_blend,pair_letterbox_cls_patch,100.0,0.5,0.25,0.18641042376888398,0.6922068613149096,0.0009912982555742708,0.006947633270389254,0.11344378339024297
img_5c434e84c37792b8,selection_conditional_full_development_oof_v2,dataset_test/02_ornek/kt210.JPG,02_ornek,02_ornek,True,0.8835567971399427,02_ornek,01_opishnyan_ceramics,05_kosiv_ceramics,3,train,obj_single_5c434e84c37792b8,,unreviewed,unreviewed,global_cls__c10__source0p5,pair_letterbox_cls_patch__c100__source0p5__blend0p25,pairwise_conditional_logit_blend,pair_letterbox_cls_patch,100.0,0.5,0.25,0.10617809919590201,0.8835567971399427,0.0017978172139827594,0.0035886772780150283,0.004878609172157357
img_e2f0d150aca279dd,selection_conditional_full_development_oof_v2,dataset_test/02_ornek/kt213.jpg,02_ornek,02_ornek,True,0.9341180953887915,02_ornek,04_petrykivka_painting,03_bubnivka_ceramics,1,train,obj_single_e2f0d150aca279dd,,unreviewed,unreviewed,global_cls__c10__source0p5,pair_letterbox_cls_patch__c100__source0p5__blend0p25,pairwise_conditional_logit_blend,pair_letterbox_cls_patch,100.0,0.5,0.25,0.00020189962947497135,0.9341180953887915,0.016266571718428758,0.03770022829975166,0.01171320496355309
img_e2cfecb300bd1e96,selection_conditional_full_development_oof_v2,dataset_test/02_ornek/kt216.JPG,02_ornek,02_ornek,True,0.8613172007804326,02_ornek,03_bubnivka_ceramics,01_opishnyan_ceramics,1,train,obj_single_e2cfecb300bd1e96,,unreviewed,unreviewed,global_cls__c10__source0p5,pair_letterbox_cls_patch__c100__source0p5__blend0p25,pairwise_conditional_logit_blend,pair_letterbox_cls_patch,100.0,0.5,0.25,0.03778342279952478,0.8613172007804326,0.0921532756832864,0.006562816406624182,0.002183284330132137
img_532069edfab79d19,selection_conditional_full_development_oof_v2,dataset_test/02_ornek/kt224.JPG,02_ornek,02_ornek,True,0.9939226435434331,02_ornek,01_opishnyan_ceramics,03_bubnivka_ceramics,3,train,obj_single_532069edfab79d19,,unreviewed,unreviewed,global_cls__c10__source0p5,pair_letterbox_cls_patch__c100__source0p5__blend0p25,pairwise_conditional_logit_blend,pair_letterbox_cls_patch,100.0,0.5,0.25,0.002450253945021767,0.9939226435434331,0.001706343776259457,0.0006294296422650696,0.001291329093020496
img_565f04c402d911bf,selection_conditional_full_development_oof_v2,dataset_test/02_ornek/kt225.jpg,02_ornek,02_ornek,True,0.9796022643934991,02_ornek,01_opishnyan_ceramics,04_petrykivka_painting,0,train,obj_single_565f04c402d911bf,,unreviewed,unreviewed,global_cls__c10__source0p5,pair_letterbox_cls_patch__c100__source0p5__blend0p25,pairwise_conditional_logit_blend,pair_letterbox_cls_patch,100.0,0.5,0.25,0.01027297809177362,0.9796022643934991,0.0005001623565469403,0.005622463972379782,0.00400213118580055
img_5d25126d9c2f247e,selection_conditional_full_development_oof_v2,dataset_test/02_ornek/kt227.jpg,02_ornek,02_ornek,True,0.7963235885527595,02_ornek,05_kosiv_ceramics,03_bubnivka_ceramics,3,train,obj_single_5d25126d9c2f247e,,unreviewed,unreviewed,global_cls__c10__source0p5,pair_letterbox_cls_patch__c100__source0p5__blend0p25,pairwise_conditional_logit_blend,pair_letterbox_cls_patch,100.0,0.5,0.25,0.001760471225234954,0.7963235885527595,0.009874181002885785,0.0028548115633595895,0.18918694765576
img_ac7a0bcd8a6696af,selection_conditional_full_development_oof_v2,dataset_test/02_ornek/kt231.jpg,02_ornek,02_ornek,True,0.9805794407293311,02_ornek,04_petrykivka_painting,05_kosiv_ceramics,1,train,obj_single_ac7a0bcd8a6696af,,unreviewed,unreviewed,global_cls__c10__source0p5,pair_letterbox_cls_patch__c100__source0p5__blend0p25,pairwise_conditional_logit_blend,pair_letterbox_cls_patch,100.0,0.5,0.25,4.167379073384733e-06,0.9805794407293311,0.0002456071616163245,0.017086713120736667,0.002084071609242432
img_3b78fa10a606ab43,selection_conditional_full_development_oof_v2,dataset_test/02_ornek/kt233.jpg,02_ornek,02_ornek,True,0.9869945977581428,02_ornek,04_petrykivka_painting,03_bubnivka_ceramics,1,train,obj_single_3b78fa10a606ab43,,unreviewed,unreviewed,global_cls__c10__source0p5,pair_letterbox_cls_patch__c100__source0p5__blend0p25,pairwise_conditional_logit_blend,pair_letterbox_cls_patch,100.0,0.5,0.25,0.00026309092963747014,0.9869945977581428,0.0012366216116568587,0.010868195141410505,0.0006374945591523146
img_9792d8ac3b4e854a,selection_conditional_full_development_oof_v2,dataset_test/02_ornek/kt235.jpg,02_ornek,02_ornek,True,0.848603204206627,02_ornek,04_petrykivka_painting,05_kosiv_ceramics,2,train,obj_single_9792d8ac3b4e854a,,unreviewed,unreviewed,global_cls__c10__source0p5,pair_letterbox_cls_patch__c100__source0p5__blend0p25,pairwise_conditional_logit_blend,pair_letterbox_cls_patch,100.0,0.5,0.25,0.00858882236464403,0.848603204206627,0.005522724526332046,0.12056461839230226,0.01672063051009454
img_39c33a344a08e67b,selection_conditional_full_development_oof_v2,dataset_test/02_ornek/kt237.jpg,02_ornek,02_ornek,True,0.9939658037944352,02_ornek,05_kosiv_ceramics,04_petrykivka_painting,3,train,obj_single_39c33a344a08e67b,,unreviewed,unreviewed,global_cls__c10__source0p5,pair_letterbox_cls_patch__c100__source0p5__blend0p25,pairwise_conditional_logit_blend,pair_letterbox_cls_patch,100.0,0.5,0.25,3.431032841390479e-05,0.9939658037944352,0.00011979222993875209,0.001001169373872007,0.004878924273339965
img_73a3edd6071fa9c0,selection_conditional_full_development_oof_v2,dataset_test/02_ornek/kt241.jpg,02_ornek,02_ornek,True,0.9853391307938583,02_ornek,03_bubnivka_ceramics,04_petrykivka_painting,0,train,obj_single_73a3edd6071fa9c0,,unreviewed,unreviewed,global_cls__c10__source0p5,pair_letterbox_cls_patch__c100__source0p5__blend0p25,pairwise_conditional_logit_blend,pair_letterbox_cls_patch,100.0,0.5,0.25,0.003527589941074727,0.9853391307938583,0.006032595975289814,0.003684623785850674,0.0014160595039266176
img_93c7ad90aa21e99a,selection_conditional_full_development_oof_v2,dataset_test/02_ornek/kt242.jpg,02_ornek,02_ornek,True,0.9835200834632054,02_ornek,04_petrykivka_painting,05_kosiv_ceramics,1,train,obj_single_93c7ad90aa21e99a,,unreviewed,unreviewed,global_cls__c10__source0p5,pair_letterbox_cls_patch__c100__source0p5__blend0p25,pairwise_conditional_logit_blend,pair_letterbox_cls_patch,100.0,0.5,0.25,3.6296560917007875e-05,0.9835200834632054,0.00023535415424594266,0.015591277481895587,0.0006169883397359554
img_a68781d0febebc14,selection_conditional_full_development_oof_v2,dataset_test/02_ornek/kt243.jpg,02_ornek,02_ornek,True,0.9070006122515611,02_ornek,04_petrykivka_painting,05_kosiv_ceramics,3,validation,obj_single_a68781d0febebc14,,unreviewed,unreviewed,global_cls__c10__source0p5,pair_letterbox_cls_patch__c100__source0p5__blend0p25,pairwise_conditional_logit_blend,pair_letterbox_cls_patch,100.0,0.5,0.25,0.0006344698203053776,0.9070006122515611,0.0009682985046779705,0.08034178661763919,0.011054832805816204
img_b1c395b5600d7980,selection_conditional_full_development_oof_v2,dataset_test/02_ornek/kt245.jpg,02_ornek,02_ornek,True,0.9972902220102428,02_ornek,03_bubnivka_ceramics,05_kosiv_ceramics,1,train,obj_single_b1c395b5600d7980,,unreviewed,unreviewed,global_cls__c10__source0p5,pair_letterbox_cls_patch__c100__source0p5__blend0p25,pairwise_conditional_logit_blend,pair_letterbox_cls_patch,100.0,0.5,0.25,2.3659187283604456e-05,0.9972902220102428,0.00247686057842286,8.011318891206954e-05,0.00012914503513861933
img_264e7917786a38c4,selection_conditional_full_development_oof_v2,dataset_test/02_ornek/kt247.JPG,02_ornek,02_ornek,True,0.9991176966815801,02_ornek,03_bubnivka_ceramics,04_petrykivka_painting,2,train,obj_single_264e7917786a38c4,,unreviewed,unreviewed,global_cls__c10__source0p5,pair_letterbox_cls_patch__c100__source0p5__blend0p25,pairwise_conditional_logit_blend,pair_letterbox_cls_patch,100.0,0.5,0.25,9.993376334501225e-05,0.9991176966815801,0.0004499266941852668,0.00022155300526253375,0.00011088985562707772
img_16c1b5fa660666e6,selection_conditional_full_development_oof_v2,dataset_test/02_ornek/kt253.jpg,02_ornek,02_ornek,True,0.9924354262391398,02_ornek,03_bubnivka_ceramics,04_petrykivka_painting,3,train,obj_single_16c1b5fa660666e6,,unreviewed,unreviewed,global_cls__c10__source0p5,pair_letterbox_cls_patch__c100__source0p5__blend0p25,pairwise_conditional_logit_blend,pair_letterbox_cls_patch,100.0,0.5,0.25,0.00016601146721603884,0.9924354262391398,0.004207690137558441,0.0016985193874594106,0.0014923527686262702
img_963449bfdd04cc15,selection_conditional_full_development_oof_v2,dataset_test/02_ornek/kt258.jpg,02_ornek,02_ornek,True,0.9713386200589503,02_ornek,05_kosiv_ceramics,04_petrykivka_painting,2,train,obj_single_963449bfdd04cc15,,unreviewed,unreviewed,global_cls__c10__source0p5,pair_letterbox_cls_patch__c100__source0p5__blend0p25,pairwise_conditional_logit_blend,pair_letterbox_cls_patch,100.0,0.5,0.25,0.00010919938214037674,0.9713386200589503,0.008945523321461556,0.009584534130942577,0.010022123106505255
img_3dd4d658ecc094a8,selection_conditional_full_development_oof_v2,dataset_test/02_ornek/kt260.jpg,02_ornek,02_ornek,True,0.9814569143777367,02_ornek,05_kosiv_ceramics,04_petrykivka_painting,2,train,obj_single_3dd4d658ecc094a8,,unreviewed,unreviewed,global_cls__c10__source0p5,pair_letterbox_cls_patch__c100__source0p5__blend0p25,pairwise_conditional_logit_blend,pair_letterbox_cls_patch,100.0,0.5,0.25,0.0004942553571824767,0.9814569143777367,0.0010879671846169162,0.0022230847535958556,0.01473777832686796
img_79ffbf9af6ebc869,selection_conditional_full_development_oof_v2,dataset_test/02_ornek/kt262.jpg,02_ornek,02_ornek,True,0.918393473287208,02_ornek,04_petrykivka_painting,05_kosiv_ceramics,4,train,obj_single_79ffbf9af6ebc869,,unreviewed,unreviewed,global_cls__c10__source0p5,pair_letterbox_cls_patch__c100__source0p5__blend0p25,pairwise_conditional_logit_blend,pair_letterbox_cls_patch,100.0,0.5,0.25,0.0006084663355883635,0.918393473287208,0.00043841178339535736,0.07918393323809882,0.0013757153557095348
img_1972ae3f418ef602,selection_conditional_full_development_oof_v2,dataset_test/02_ornek/kt267.jpg,02_ornek,02_ornek,True,0.8903654830503851,02_ornek,05_kosiv_ceramics,01_opishnyan_ceramics,2,train,obj_single_1972ae3f418ef602,,unreviewed,unreviewed,global_cls__c10__source0p5,pair_letterbox_cls_patch__c100__source0p5__blend0p25,pairwise_conditional_logit_blend,pair_letterbox_cls_patch,100.0,0.5,0.25,0.01928786123467564,0.8903654830503851,0.018897023809950838,0.013660594129174001,0.057789037775814296
img_a0883cd68984622c,selection_conditional_full_development_oof_v2,dataset_test/02_ornek/kt268.jpg,02_ornek,02_ornek,True,0.7485478109909546,02_ornek,01_opishnyan_ceramics,05_kosiv_ceramics,2,train,obj_single_a0883cd68984622c,,unreviewed,unreviewed,global_cls__c10__source0p5,pair_letterbox_cls_patch__c100__source0p5__blend0p25,pairwise_conditional_logit_blend,pair_letterbox_cls_patch,100.0,0.5,0.25,0.14010400736715167,0.7485478109909546,0.0013074777062157207,0.011256202629899563,0.09878450130577845
img_c7a533b150236f1e,selection_conditional_full_development_oof_v2,dataset_test/02_ornek/kt272.jpg,02_ornek,02_ornek,True,0.9713417413432216,02_ornek,05_kosiv_ceramics,04_petrykivka_painting,2,validation,obj_single_c7a533b150236f1e,,unreviewed,unreviewed,global_cls__c10__source0p5,pair_letterbox_cls_patch__c100__source0p5__blend0p25,pairwise_conditional_logit_blend,pair_letterbox_cls_patch,100.0,0.5,0.25,0.00010927247539091448,0.9713417413432216,0.0012061143596954489,0.004828149713045282,0.022514722108647064
img_8e8c5869c0dc11a3,selection_conditional_full_development_oof_v2,dataset_test/02_ornek/kt273.jpg,02_ornek,02_ornek,True,0.9524328577804109,02_ornek,01_opishnyan_ceramics,05_kosiv_ceramics,2,train,obj_single_8e8c5869c0dc11a3,,unreviewed,unreviewed,global_cls__c10__source0p5,pair_letterbox_cls_patch__c100__source0p5__blend0p25,pairwise_conditional_logit_blend,pair_letterbox_cls_patch,100.0,0.5,0.25,0.01618272692622214,0.9524328577804109,0.014412681893375303,0.0021120250514603664,0.014859708348531137
img_029b6bcdcbd36deb,selection_conditional_full_development_oof_v2,dataset_test/02_ornek/kt279.jpg,02_ornek,02_ornek,True,0.9552874205642143,02_ornek,04_petrykivka_painting,05_kosiv_ceramics,0,train,obj_single_029b6bcdcbd36deb,,unreviewed,unreviewed,global_cls__c10__source0p5,pair_letterbox_cls_patch__c100__source0p5__blend0p25,pairwise_conditional_logit_blend,pair_letterbox_cls_patch,100.0,0.5,0.25,0.000619483611471996,0.9552874205642143,0.000701118152262161,0.04183933428444942,0.0015526433876019098
img_adcfdd54eb30d794,selection_conditional_full_development_oof_v2,dataset_test/02_ornek/kt284.jpg,02_ornek,02_ornek,True,0.8720324619786498,02_ornek,04_petrykivka_painting,03_bubnivka_ceramics,1,train,obj_single_adcfdd54eb30d794,,unreviewed,unreviewed,global_cls__c10__source0p5,pair_letterbox_cls_patch__c100__source0p5__blend0p25,pairwise_conditional_logit_blend,pair_letterbox_cls_patch,100.0,0.5,0.25,0.001638128271748547,0.8720324619786498,0.007690862517739151,0.11464159772883484,0.003996949503027785
img_f9c651778c1c944f,selection_conditional_full_development_oof_v2,dataset_test/02_ornek/kt288.JPG,02_ornek,02_ornek,True,0.9856311123707509,02_ornek,05_kosiv_ceramics,04_petrykivka_painting,0,validation,obj_single_f9c651778c1c944f,,unreviewed,unreviewed,global_cls__c10__source0p5,pair_letterbox_cls_patch__c100__source0p5__blend0p25,pairwise_conditional_logit_blend,pair_letterbox_cls_patch,100.0,0.5,0.25,0.0023343858624588465,0.9856311123707509,0.0007988641499779978,0.0028289306199801127,0.008406706996832155
img_1386ddfabe4b6141,selection_conditional_full_development_oof_v2,dataset_test/02_ornek/kt291.jpg,02_ornek,02_ornek,True,0.9552128687569346,02_ornek,03_bubnivka_ceramics,04_petrykivka_painting,2,train,obj_single_1386ddfabe4b6141,,unreviewed,unreviewed,global_cls__c10__source0p5,pair_letterbox_cls_patch__c100__source0p5__blend0p25,pairwise_conditional_logit_blend,pair_letterbox_cls_patch,100.0,0.5,0.25,0.0004503855692996827,0.9552128687569346,0.031495386266739235,0.008198148069334903,0.004643211337691866
img_ca90c1098e32a6ed,selection_conditional_full_development_oof_v2,dataset_test/02_ornek/kt294.jpg,02_ornek,02_ornek,True,0.945123594502983,02_ornek,04_petrykivka_painting,03_bubnivka_ceramics,2,train,obj_single_ca90c1098e32a6ed,,unreviewed,unreviewed,global_cls__c10__source0p5,pair_letterbox_cls_patch__c100__source0p5__blend0p25,pairwise_conditional_logit_blend,pair_letterbox_cls_patch,100.0,0.5,0.25,0.003005433135022398,0.945123594502983,0.017437298074319887,0.031454483766157185,0.00297919052151773
img_bd9fecdd39bdef8c,selection_conditional_full_development_oof_v2,dataset_test/02_ornek/kt297.jpg,02_ornek,02_ornek,True,0.9925844073111525,02_ornek,03_bubnivka_ceramics,05_kosiv_ceramics,0,train,obj_single_bd9fecdd39bdef8c,,unreviewed,unreviewed,global_cls__c10__source0p5,pair_letterbox_cls_patch__c100__source0p5__blend0p25,pairwise_conditional_logit_blend,pair_letterbox_cls_patch,100.0,0.5,0.25,0.0004895875166880122,0.9925844073111525,0.0047558028723457615,0.000563650805335995,0.0016065514944777553
img_003d67ba04493b41,selection_conditional_full_development_oof_v2,dataset_test/02_ornek/kt298.jpg,02_ornek,02_ornek,True,0.993973821881108,02_ornek,04_petrykivka_painting,03_bubnivka_ceramics,3,train,obj_single_003d67ba04493b41,,unreviewed,unreviewed,global_cls__c10__source0p5,pair_letterbox_cls_patch__c100__source0p5__blend0p25,pairwise_conditional_logit_blend,pair_letterbox_cls_patch,100.0,0.5,0.25,7.186782927607382e-05,0.993973821881108,0.0014916547163706414,0.0037895629921490654,0.0006730925810961958
img_7b36a619fd1c5962,selection_conditional_full_development_oof_v2,dataset_test/02_ornek/kt305.jpg,02_ornek,02_ornek,True,0.9927590137364624,02_ornek,05_kosiv_ceramics,04_petrykivka_painting,3,validation,obj_single_7b36a619fd1c5962,,unreviewed,unreviewed,global_cls__c10__source0p5,pair_letterbox_cls_patch__c100__source0p5__blend0p25,pairwise_conditional_logit_blend,pair_letterbox_cls_patch,100.0,0.5,0.25,0.00010750344284107046,0.9927590137364624,0.00011467998783658611,0.0019399697105343188,0.005078833122325529
img_ea957130b2438e21,selection_conditional_full_development_oof_v2,dataset_test/02_ornek/kt307.jpg,02_ornek,02_ornek,True,0.8625671287041695,02_ornek,03_bubnivka_ceramics,01_opishnyan_ceramics,4,train,obj_single_ea957130b2438e21,,unreviewed,unreviewed,global_cls__c10__source0p5,pair_letterbox_cls_patch__c100__source0p5__blend0p25,pairwise_conditional_logit_blend,pair_letterbox_cls_patch,100.0,0.5,0.25,0.03991794455934751,0.8625671287041695,0.06281377663734415,0.020348918563900222,0.014352231535238503
img_bdc135584a0d50c4,selection_conditional_full_development_oof_v2,dataset_test/02_ornek/kt311.JPG,02_ornek,02_ornek,True,0.9910931159901688,02_ornek,05_kosiv_ceramics,01_opishnyan_ceramics,4,train,obj_single_bdc135584a0d50c4,,unreviewed,unreviewed,global_cls__c10__source0p5,pair_letterbox_cls_patch__c100__source0p5__blend0p25,pairwise_conditional_logit_blend,pair_letterbox_cls_patch,100.0,0.5,0.25,0.0028584121330479505,0.9910931159901688,0.0010092621748845822,0.001505455884634598,0.003533753817264019
img_2022d224ecf8aec5,selection_conditional_full_development_oof_v2,dataset_test/02_ornek/kt312.JPG,02_ornek,02_ornek,True,0.9733563124157073,02_ornek,01_opishnyan_ceramics,05_kosiv_ceramics,2,validation,obj_single_2022d224ecf8aec5,,unreviewed,unreviewed,global_cls__c10__source0p5,pair_letterbox_cls_patch__c100__source0p5__blend0p25,pairwise_conditional_logit_blend,pair_letterbox_cls_patch,100.0,0.5,0.25,0.014022994029336015,0.9733563124157073,0.000963839090506705,0.004538229958165368,0.00711862450628478
img_6680af43a3cd6eb9,selection_conditional_full_development_oof_v2,dataset_test/02_ornek/kt314.jpg,02_ornek,02_ornek,True,0.9952943585931693,02_ornek,05_kosiv_ceramics,04_petrykivka_painting,0,train,obj_single_6680af43a3cd6eb9,,unreviewed,unreviewed,global_cls__c10__source0p5,pair_letterbox_cls_patch__c100__source0p5__blend0p25,pairwise_conditional_logit_blend,pair_letterbox_cls_patch,100.0,0.5,0.25,0.00038716898592900436,0.9952943585931693,0.00012731431645387917,0.0006999053364623118,0.0034912527679854875
img_9f219b4cf1e1d818,selection_conditional_full_development_oof_v2,dataset_test/02_ornek/kt315.jpg,02_ornek,02_ornek,True,0.9347942444558724,02_ornek,05_kosiv_ceramics,04_petrykivka_painting,4,train,obj_single_9f219b4cf1e1d818,,unreviewed,unreviewed,global_cls__c10__source0p5,pair_letterbox_cls_patch__c100__source0p5__blend0p25,pairwise_conditional_logit_blend,pair_letterbox_cls_patch,100.0,0.5,0.25,0.0008604071452586397,0.9347942444558724,0.01172265253953478,0.018577479650207458,0.034045216209126795
img_db7ef11f8e9923e4,selection_conditional_full_development_oof_v2,dataset_test/02_ornek/kt318.jpg,02_ornek,02_ornek,True,0.979463518477771,02_ornek,04_petrykivka_painting,05_kosiv_ceramics,4,train,obj_single_db7ef11f8e9923e4,,unreviewed,unreviewed,global_cls__c10__source0p5,pair_letterbox_cls_patch__c100__source0p5__blend0p25,pairwise_conditional_logit_blend,pair_letterbox_cls_patch,100.0,0.5,0.25,0.004506668985433996,0.979463518477771,0.0030039117808057306,0.0066596138296579266,0.006366286926331347
img_3663b453d23b9061,selection_conditional_full_development_oof_v2,dataset_test/02_ornek/kt319.jpg,02_ornek,02_ornek,True,0.9903151105715136,02_ornek,04_petrykivka_painting,03_bubnivka_ceramics,2,train,obj_single_3663b453d23b9061,,unreviewed,unreviewed,global_cls__c10__source0p5,pair_letterbox_cls_patch__c100__source0p5__blend0p25,pairwise_conditional_logit_blend,pair_letterbox_cls_patch,100.0,0.5,0.25,0.0014002177230605032,0.9903151105715136,0.002194997062047047,0.005148145112238351,0.0009415295311406903
img_62d2dc5703eb8c5c,selection_conditional_full_development_oof_v2,dataset_test/02_ornek/kt324.jpg,02_ornek,02_ornek,True,0.9489438980236955,02_ornek,03_bubnivka_ceramics,04_petrykivka_painting,4,train,obj_single_62d2dc5703eb8c5c,,unreviewed,unreviewed,global_cls__c10__source0p5,pair_letterbox_cls_patch__c100__source0p5__blend0p25,pairwise_conditional_logit_blend,pair_letterbox_cls_patch,100.0,0.5,0.25,0.0011038046694080423,0.9489438980236955,0.023002819901534806,0.016067375694148664,0.010882101711212946
img_c003828522fa6d37,selection_conditional_full_development_oof_v2,dataset_test/02_ornek/kt327.jpg,02_ornek,02_ornek,True,0.9978651791419181,02_ornek,05_kosiv_ceramics,03_bubnivka_ceramics,1,train,obj_single_c003828522fa6d37,,unreviewed,unreviewed,global_cls__c10__source0p5,pair_letterbox_cls_patch__c100__source0p5__blend0p25,pairwise_conditional_logit_blend,pair_letterbox_cls_patch,100.0,0.5,0.25,0.00043694922065539403,0.9978651791419181,0.0004805138831228931,0.00018748384798927695,0.0010298739063143137
img_e7d730656e020310,selection_conditional_full_development_oof_v2,dataset_test/02_ornek/kt330.JPG,02_ornek,02_ornek,True,0.9818368167447296,02_ornek,04_petrykivka_painting,05_kosiv_ceramics,1,train,obj_single_e7d730656e020310,,unreviewed,unreviewed,global_cls__c10__source0p5,pair_letterbox_cls_patch__c100__source0p5__blend0p25,pairwise_conditional_logit_blend,pair_letterbox_cls_patch,100.0,0.5,0.25,0.00010059472047472763,0.9818368167447296,0.00021104892036107918,0.012206516556039795,0.005645023058394859
img_05b6eb233c4b03f9,selection_conditional_full_development_oof_v2,dataset_test/02_ornek/kt331.jpg,02_ornek,02_ornek,True,0.9965505070777648,02_ornek,04_petrykivka_painting,05_kosiv_ceramics,0,train,obj_single_05b6eb233c4b03f9,,unreviewed,unreviewed,global_cls__c10__source0p5,pair_letterbox_cls_patch__c100__source0p5__blend0p25,pairwise_conditional_logit_blend,pair_letterbox_cls_patch,100.0,0.5,0.25,3.6356936939191456e-05,0.9965505070777648,4.069682380720992e-05,0.0029786408362970397,0.00039379832519175834
img_799d854bfb84b74c,selection_conditional_full_development_oof_v2,dataset_test/02_ornek/kt338.jpg,02_ornek,02_ornek,True,0.9915404417500028,02_ornek,05_kosiv_ceramics,03_bubnivka_ceramics,2,validation,obj_single_799d854bfb84b74c,,unreviewed,unreviewed,global_cls__c10__source0p5,pair_letterbox_cls_patch__c100__source0p5__blend0p25,pairwise_conditional_logit_blend,pair_letterbox_cls_patch,100.0,0.5,0.25,0.0002927126347891723,0.9915404417500028,0.0018348239549211887,0.0006741171139768566,0.005657904546310079
img_e9c4fd3dde3a7c55,selection_conditional_full_development_oof_v2,dataset_test/02_ornek/kt340.jpg,02_ornek,02_ornek,True,0.9986830801478054,02_ornek,04_petrykivka_painting,03_bubnivka_ceramics,1,train,obj_single_e9c4fd3dde3a7c55,,unreviewed,unreviewed,global_cls__c10__source0p5,pair_letterbox_cls_patch__c100__source0p5__blend0p25,pairwise_conditional_logit_blend,pair_letterbox_cls_patch,100.0,0.5,0.25,3.943139007178563e-05,0.9986830801478054,0.0005369813626295657,0.0006557696223934035,8.473747709983329e-05
img_2a814323b27e16d1,selection_conditional_full_development_oof_v2,dataset_test/02_ornek/kt347.jpg,02_ornek,02_ornek,True,0.3952336442033865,02_ornek,01_opishnyan_ceramics,03_bubnivka_ceramics,4,train,obj_single_2a814323b27e16d1,,unreviewed,unreviewed,global_cls__c10__source0p5,pair_letterbox_cls_patch__c100__source0p5__blend0p25,pairwise_conditional_logit_blend,pair_letterbox_cls_patch,100.0,0.5,0.25,0.31743888566891265,0.3952336442033865,0.23793256755217174,0.03370236772400751,0.01569253485152143
img_9dd74fb7fadf68c1,selection_conditional_full_development_oof_v2,dataset_test/02_ornek/kt350.jpg,02_ornek,02_ornek,True,0.6938526740312051,02_ornek,01_opishnyan_ceramics,05_kosiv_ceramics,0,train,obj_single_9dd74fb7fadf68c1,,unreviewed,unreviewed,global_cls__c10__source0p5,pair_letterbox_cls_patch__c100__source0p5__blend0p25,pairwise_conditional_logit_blend,pair_letterbox_cls_patch,100.0,0.5,0.25,0.22790219379048549,0.6938526740312051,0.031728622002177624,0.004015924630253691,0.042500585545878225
img_ecbb078a391acb40,selection_conditional_full_development_oof_v2,dataset_test/02_ornek/kt351.jpg,02_ornek,02_ornek,True,0.5138422371205748,02_ornek,01_opishnyan_ceramics,03_bubnivka_ceramics,3,train,obj_single_ecbb078a391acb40,,unreviewed,unreviewed,global_cls__c10__source0p5,pair_letterbox_cls_patch__c100__source0p5__blend0p25,pairwise_conditional_logit_blend,pair_letterbox_cls_patch,100.0,0.5,0.25,0.4540336349615633,0.5138422371205748,0.01575378691186211,0.006685950732797956,0.009684390273201846
img_c62959b5089a38a2,selection_conditional_full_development_oof_v2,dataset_test/02_ornek/kt354.jpg,02_ornek,02_ornek,True,0.9625018131705132,02_ornek,05_kosiv_ceramics,03_bubnivka_ceramics,0,train,obj_single_c62959b5089a38a2,,unreviewed,unreviewed,global_cls__c10__source0p5,pair_letterbox_cls_patch__c100__source0p5__blend0p25,pairwise_conditional_logit_blend,pair_letterbox_cls_patch,100.0,0.5,0.25,0.00695961714118495,0.9625018131705132,0.008725406452575362,0.005632079311341716,0.016181083924384724
img_e6bd754aa571fb37,selection_conditional_full_development_oof_v2,dataset_test/02_ornek/kt359.jpg,02_ornek,02_ornek,True,0.9628868759081928,02_ornek,03_bubnivka_ceramics,01_opishnyan_ceramics,2,validation,obj_single_e6bd754aa571fb37,,unreviewed,unreviewed,global_cls__c10__source0p5,pair_letterbox_cls_patch__c100__source0p5__blend0p25,pairwise_conditional_logit_blend,pair_letterbox_cls_patch,100.0,0.5,0.25,0.016190475439605032,0.9628868759081928,0.01721525076138668,0.0009994153452175373,0.0027079825455980843
img_ca52c8c6c04a6f3a,selection_conditional_full_development_oof_v2,dataset_test/02_ornek/kt363.jpg,02_ornek,02_ornek,True,0.7866616320322805,02_ornek,01_opishnyan_ceramics,03_bubnivka_ceramics,3,train,obj_single_ca52c8c6c04a6f3a,,unreviewed,unreviewed,global_cls__c10__source0p5,pair_letterbox_cls_patch__c100__source0p5__blend0p25,pairwise_conditional_logit_blend,pair_letterbox_cls_patch,100.0,0.5,0.25,0.17918591402479048,0.7866616320322805,0.017830737331843014,0.001754743837211454,0.014566972773874672
img_3db3f5ef26b67e53,selection_conditional_full_development_oof_v2,dataset_test/02_ornek/kt369.jpg,02_ornek,02_ornek,True,0.9619884020802705,02_ornek,04_petrykivka_painting,05_kosiv_ceramics,4,train,obj_single_3db3f5ef26b67e53,,unreviewed,unreviewed,global_cls__c10__source0p5,pair_letterbox_cls_patch__c100__source0p5__blend0p25,pairwise_conditional_logit_blend,pair_letterbox_cls_patch,100.0,0.5,0.25,0.0007084558739472515,0.9619884020802705,0.004495278659699847,0.01946514058774711,0.01334272279833551
img_0a9df44043208d58,selection_conditional_full_development_oof_v2,dataset_test/02_ornek/kt372.jpg,02_ornek,02_ornek,True,0.9918432281289282,02_ornek,04_petrykivka_painting,05_kosiv_ceramics,3,train,obj_single_0a9df44043208d58,,unreviewed,unreviewed,global_cls__c10__source0p5,pair_letterbox_cls_patch__c100__source0p5__blend0p25,pairwise_conditional_logit_blend,pair_letterbox_cls_patch,100.0,0.5,0.25,0.0005166263207019737,0.9918432281289282,0.0007394006295603078,0.005847124249674953,0.0010536206711343915
img_ce196bfd40ec7636,selection_conditional_full_development_oof_v2,dataset_test/02_ornek/kt374.jpg,02_ornek,02_ornek,True,0.994985284580876,02_ornek,04_petrykivka_painting,05_kosiv_ceramics,0,train,obj_single_ce196bfd40ec7636,,unreviewed,unreviewed,global_cls__c10__source0p5,pair_letterbox_cls_patch__c100__source0p5__blend0p25,pairwise_conditional_logit_blend,pair_letterbox_cls_patch,100.0,0.5,0.25,0.0001318902430910369,0.994985284580876,0.00028132786091580224,0.003045972257659283,0.0015555250574580972
img_edb928cc2c5374e5,selection_conditional_full_development_oof_v2,dataset_test/02_ornek/kt375.jpg,02_ornek,02_ornek,True,0.9077939291128709,02_ornek,04_petrykivka_painting,01_opishnyan_ceramics,3,train,obj_single_edb928cc2c5374e5,,unreviewed,unreviewed,global_cls__c10__source0p5,pair_letterbox_cls_patch__c100__source0p5__blend0p25,pairwise_conditional_logit_blend,pair_letterbox_cls_patch,100.0,0.5,0.25,0.032196893408710674,0.9077939291128709,0.0013131633709759355,0.04537117491789288,0.013324839189549662
img_93e9fd91fb209ed6,selection_conditional_full_development_oof_v2,dataset_test/02_ornek/kt377.jpg,02_ornek,02_ornek,True,0.9155237391795925,02_ornek,04_petrykivka_painting,03_bubnivka_ceramics,4,train,obj_single_93e9fd91fb209ed6,,unreviewed,unreviewed,global_cls__c10__source0p5,pair_letterbox_cls_patch__c100__source0p5__blend0p25,pairwise_conditional_logit_blend,pair_letterbox_cls_patch,100.0,0.5,0.25,0.008382665136384936,0.9155237391795925,0.016940458257715535,0.05006985870346113,0.009083278722845783
img_7bbe73b734404765,selection_conditional_full_development_oof_v2,dataset_test/02_ornek/kt380.jpg,02_ornek,02_ornek,True,0.9722963255891696,02_ornek,01_opishnyan_ceramics,03_bubnivka_ceramics,2,train,obj_single_7bbe73b734404765,,unreviewed,unreviewed,global_cls__c10__source0p5,pair_letterbox_cls_patch__c100__source0p5__blend0p25,pairwise_conditional_logit_blend,pair_letterbox_cls_patch,100.0,0.5,0.25,0.013061468024431833,0.9722963255891696,0.007802238602089255,0.004744085219948636,0.002095882564360848
img_9ee79847fb4f6c4f,selection_conditional_full_development_oof_v2,dataset_test/02_ornek/kt382.jpg,02_ornek,02_ornek,True,0.5691534532373265,02_ornek,04_petrykivka_painting,03_bubnivka_ceramics,2,train,obj_single_9ee79847fb4f6c4f,,unreviewed,unreviewed,global_cls__c10__source0p5,pair_letterbox_cls_patch__c100__source0p5__blend0p25,pairwise_conditional_logit_blend,pair_letterbox_cls_patch,100.0,0.5,0.25,0.02173115686704182,0.5691534532373265,0.04696361259277189,0.3488207780110475,0.01333099929181224
img_a3569e1ba3b0f28c,selection_conditional_full_development_oof_v2,dataset_test/02_ornek/kt392.jpg,02_ornek,02_ornek,True,0.9069429129980804,02_ornek,03_bubnivka_ceramics,05_kosiv_ceramics,1,train,obj_single_a3569e1ba3b0f28c,,unreviewed,unreviewed,global_cls__c10__source0p5,pair_letterbox_cls_patch__c100__source0p5__blend0p25,pairwise_conditional_logit_blend,pair_letterbox_cls_patch,100.0,0.5,0.25,0.0043533832925981494,0.9069429129980804,0.047883094138596226,0.008792989224369602,0.03202762034635559
img_c90d5042ee48b7e3,selection_conditional_full_development_oof_v2,dataset_test/02_ornek/kt396.jpg,02_ornek,02_ornek,True,0.9842384272497197,02_ornek,05_kosiv_ceramics,03_bubnivka_ceramics,0,validation,obj_single_c90d5042ee48b7e3,,unreviewed,unreviewed,global_cls__c10__source0p5,pair_letterbox_cls_patch__c100__source0p5__blend0p25,pairwise_conditional_logit_blend,pair_letterbox_cls_patch,100.0,0.5,0.25,0.00018550712510688407,0.9842384272497197,0.0026334731659104957,0.00025144964977687683,0.012691142809486102
img_145a5542859665f7,selection_conditional_full_development_oof_v2,dataset_test/02_ornek/kt397.jpg,02_ornek,02_ornek,True,0.5869760178911074,02_ornek,05_kosiv_ceramics,01_opishnyan_ceramics,2,train,obj_single_145a5542859665f7,,unreviewed,unreviewed,global_cls__c10__source0p5,pair_letterbox_cls_patch__c100__source0p5__blend0p25,pairwise_conditional_logit_blend,pair_letterbox_cls_patch,100.0,0.5,0.25,0.10560530381616488,0.5869760178911074,0.023968890519876978,0.026565831822134893,0.25688395595071584
img_00dd435c8a7110d1,selection_conditional_full_development_oof_v2,dataset_test/02_ornek/kt399.JPG,02_ornek,02_ornek,True,0.9846873396971825,02_ornek,05_kosiv_ceramics,03_bubnivka_ceramics,1,train,obj_single_00dd435c8a7110d1,,unreviewed,unreviewed,global_cls__c10__source0p5,pair_letterbox_cls_patch__c100__source0p5__blend0p25,pairwise_conditional_logit_blend,pair_letterbox_cls_patch,100.0,0.5,0.25,0.00013428178178185498,0.9846873396971825,0.0018787817748573631,0.0013208869423034493,0.011978709803874724
img_5544bf01af05443d,selection_conditional_full_development_oof_v2,dataset_test/02_ornek/kt400.jpg,02_ornek,02_ornek,True,0.817626637472085,02_ornek,04_petrykivka_painting,05_kosiv_ceramics,3,train,obj_single_5544bf01af05443d,,unreviewed,unreviewed,global_cls__c10__source0p5,pair_letterbox_cls_patch__c100__source0p5__blend0p25,pairwise_conditional_logit_blend,pair_letterbox_cls_patch,100.0,0.5,0.25,0.0008205511766185229,0.817626637472085,0.0019367161043623126,0.17247439515066637,0.007141700096267881
img_a482a6e9d8a6b507,selection_conditional_full_development_oof_v2,dataset_test/02_ornek/kt401.jpg,02_ornek,02_ornek,True,0.756744129399461,02_ornek,05_kosiv_ceramics,04_petrykivka_painting,3,train,obj_single_a482a6e9d8a6b507,,unreviewed,unreviewed,global_cls__c10__source0p5,pair_letterbox_cls_patch__c100__source0p5__blend0p25,pairwise_conditional_logit_blend,pair_letterbox_cls_patch,100.0,0.5,0.25,0.0005339850290451621,0.756744129399461,0.0031611273523715175,0.013929764851731077,0.22563099336739126
img_2e94ec9787df0062,selection_conditional_full_development_oof_v2,dataset_test/02_ornek/kt405.jpg,02_ornek,02_ornek,True,0.9315244778832373,02_ornek,05_kosiv_ceramics,04_petrykivka_painting,2,train,obj_single_2e94ec9787df0062,,unreviewed,unreviewed,global_cls__c10__source0p5,pair_letterbox_cls_patch__c100__source0p5__blend0p25,pairwise_conditional_logit_blend,pair_letterbox_cls_patch,100.0,0.5,0.25,0.002294780914628541,0.9315244778832373,0.007189015922546312,0.02943262510272632,0.029559100176861596
img_12f1de2fe232183a,selection_conditional_full_development_oof_v2,dataset_test/02_ornek/kt406.jpg,02_ornek,02_ornek,True,0.9936117557060932,02_ornek,03_bubnivka_ceramics,04_petrykivka_painting,0,train,obj_single_12f1de2fe232183a,,unreviewed,unreviewed,global_cls__c10__source0p5,pair_letterbox_cls_patch__c100__source0p5__blend0p25,pairwise_conditional_logit_blend,pair_letterbox_cls_patch,100.0,0.5,0.25,0.000673238384059709,0.9936117557060932,0.003325511706745325,0.001632655093795118,0.0007568391093064565
img_315e284c822db828,selection_conditional_full_development_oof_v2,dataset_test/02_ornek/kt408.jpg,02_ornek,02_ornek,True,0.9985438092146978,02_ornek,04_petrykivka_painting,05_kosiv_ceramics,4,train,obj_single_315e284c822db828,,unreviewed,unreviewed,global_cls__c10__source0p5,pair_letterbox_cls_patch__c100__source0p5__blend0p25,pairwise_conditional_logit_blend,pair_letterbox_cls_patch,100.0,0.5,0.25,3.89759565335094e-05,0.9985438092146978,0.00014228223863378163,0.0009856491488282374,0.00028928344130655005
img_8f62b53f3796f489,selection_conditional_full_development_oof_v2,dataset_test/02_ornek/kt410.JPG,02_ornek,02_ornek,True,0.9893220718056109,02_ornek,04_petrykivka_painting,03_bubnivka_ceramics,0,train,obj_single_8f62b53f3796f489,,unreviewed,unreviewed,global_cls__c10__source0p5,pair_letterbox_cls_patch__c100__source0p5__blend0p25,pairwise_conditional_logit_blend,pair_letterbox_cls_patch,100.0,0.5,0.25,0.001240461154983955,0.9893220718056109,0.0036278021481882263,0.004840170707817987,0.0009694941833987525
img_cbc319eb5735ca19,selection_conditional_full_development_oof_v2,dataset_test/02_ornek/kt413.JPG,02_ornek,02_ornek,True,0.9887599047183311,02_ornek,03_bubnivka_ceramics,05_kosiv_ceramics,4,validation,obj_single_cbc319eb5735ca19,,unreviewed,unreviewed,global_cls__c10__source0p5,pair_letterbox_cls_patch__c100__source0p5__blend0p25,pairwise_conditional_logit_blend,pair_letterbox_cls_patch,100.0,0.5,0.25,7.071637478017355e-05,0.9887599047183311,0.008340843174945774,0.0013199532415827378,0.001508582490360237
img_b139a3082ba9b420,selection_conditional_full_development_oof_v2,dataset_test/02_ornek/kt416.jpg,02_ornek,02_ornek,True,0.9719788708264981,02_ornek,05_kosiv_ceramics,03_bubnivka_ceramics,3,train,obj_single_b139a3082ba9b420,,unreviewed,unreviewed,global_cls__c10__source0p5,pair_letterbox_cls_patch__c100__source0p5__blend0p25,pairwise_conditional_logit_blend,pair_letterbox_cls_patch,100.0,0.5,0.25,0.000996124757997347,0.9719788708264981,0.008897938264375575,0.007784122365945884,0.010342943785182948
img_34ce12263305fb57,selection_conditional_full_development_oof_v2,dataset_test/02_ornek/kt418.JPG,02_ornek,02_ornek,True,0.9194151685793873,02_ornek,03_bubnivka_ceramics,05_kosiv_ceramics,4,train,obj_single_34ce12263305fb57,,unreviewed,unreviewed,global_cls__c10__source0p5,pair_letterbox_cls_patch__c100__source0p5__blend0p25,pairwise_conditional_logit_blend,pair_letterbox_cls_patch,100.0,0.5,0.25,0.0013805215318997666,0.9194151685793873,0.05771889329453238,0.007674304527720801,0.01381111206645976
img_c02daf61fd5058bb,selection_conditional_full_development_oof_v2,dataset_test/02_ornek/kt420.JPG,02_ornek,02_ornek,True,0.9638771080664028,02_ornek,05_kosiv_ceramics,04_petrykivka_painting,0,validation,obj_single_c02daf61fd5058bb,,unreviewed,unreviewed,global_cls__c10__source0p5,pair_letterbox_cls_patch__c100__source0p5__blend0p25,pairwise_conditional_logit_blend,pair_letterbox_cls_patch,100.0,0.5,0.25,0.0020360714595111986,0.9638771080664028,0.0010377510279740122,0.015794038087672074,0.017255031358439876
img_a35ca14dc4ffadf4,selection_conditional_full_development_oof_v2,dataset_test/02_ornek/kt422.jpg,02_ornek,02_ornek,True,0.9867925095103256,02_ornek,05_kosiv_ceramics,03_bubnivka_ceramics,0,train,obj_single_a35ca14dc4ffadf4,,unreviewed,unreviewed,global_cls__c10__source0p5,pair_letterbox_cls_patch__c100__source0p5__blend0p25,pairwise_conditional_logit_blend,pair_letterbox_cls_patch,100.0,0.5,0.25,0.00271173125001764,0.9867925095103256,0.0034252712248199015,0.001692246531685728,0.005378241483151113
img_c1089b9a24fa8979,selection_conditional_full_development_oof_v2,dataset_test/02_ornek/kt424.jpg,02_ornek,02_ornek,True,0.9957273416312142,02_ornek,04_petrykivka_painting,03_bubnivka_ceramics,1,train,obj_single_c1089b9a24fa8979,,unreviewed,unreviewed,global_cls__c10__source0p5,pair_letterbox_cls_patch__c100__source0p5__blend0p25,pairwise_conditional_logit_blend,pair_letterbox_cls_patch,100.0,0.5,0.25,7.235357054050315e-05,0.9957273416312142,0.0016815941382523787,0.0019007445244345073,0.000617966135558403
img_e9dad6c56a753607,selection_conditional_full_development_oof_v2,dataset_test/02_ornek/kt425.jpg,02_ornek,02_ornek,True,0.45342584400561353,02_ornek,05_kosiv_ceramics,01_opishnyan_ceramics,2,train,obj_single_e9dad6c56a753607,,unreviewed,unreviewed,global_cls__c10__source0p5,pair_letterbox_cls_patch__c100__source0p5__blend0p25,pairwise_conditional_logit_blend,pair_letterbox_cls_patch,100.0,0.5,0.25,0.05151429512570569,0.45342584400561353,0.04658227794470889,0.0014419639364553324,0.44703561898751654
img_612e3fec890d4bde,selection_conditional_full_development_oof_v2,dataset_test/02_ornek/kt429.jpg,02_ornek,01_opishnyan_ceramics,False,0.8834353057867157,01_opishnyan_ceramics,02_ornek,05_kosiv_ceramics,3,train,obj_single_612e3fec890d4bde,,unreviewed,unreviewed,global_cls__c10__source0p5,pair_letterbox_cls_patch__c100__source0p5__blend0p25,pairwise_conditional_logit_blend,pair_letterbox_cls_patch,100.0,0.5,0.25,0.8834353057867157,0.05175619890721935,0.02173487354486959,0.0012535160164434415,0.04182010574475184
img_4d7e71df6e208503,selection_conditional_full_development_oof_v2,dataset_test/02_ornek/kt430.jpg,02_ornek,02_ornek,True,0.9583010324678172,02_ornek,05_kosiv_ceramics,03_bubnivka_ceramics,4,train,obj_single_4d7e71df6e208503,,unreviewed,unreviewed,global_cls__c10__source0p5,pair_letterbox_cls_patch__c100__source0p5__blend0p25,pairwise_conditional_logit_blend,pair_letterbox_cls_patch,100.0,0.5,0.25,0.000986099489732499,0.9583010324678172,0.0069029737001987225,0.003942038914645491,0.029867855427605963
img_36904f8622930f70,selection_conditional_full_development_oof_v2,dataset_test/02_ornek/kt441.JPG,02_ornek,02_ornek,True,0.9751714904270076,02_ornek,05_kosiv_ceramics,04_petrykivka_painting,2,train,obj_single_36904f8622930f70,,unreviewed,unreviewed,global_cls__c10__source0p5,pair_letterbox_cls_patch__c100__source0p5__blend0p25,pairwise_conditional_logit_blend,pair_letterbox_cls_patch,100.0,0.5,0.25,0.004301864723865518,0.9751714904270076,0.0028813783080552735,0.005924646371045178,0.011720620170026277
img_0c09c14325c2b0b3,selection_conditional_full_development_oof_v2,dataset_test/02_ornek/kt444.jpg,02_ornek,02_ornek,True,0.9950928760174138,02_ornek,05_kosiv_ceramics,03_bubnivka_ceramics,0,train,obj_single_0c09c14325c2b0b3,,unreviewed,unreviewed,global_cls__c10__source0p5,pair_letterbox_cls_patch__c100__source0p5__blend0p25,pairwise_conditional_logit_blend,pair_letterbox_cls_patch,100.0,0.5,0.25,0.000625093085988183,0.9950928760174138,0.0013510893053478989,0.0006190907757605096,0.0023118508154897056
img_049791581eb28ac0,selection_conditional_full_development_oof_v2,dataset_test/02_ornek/kt446.JPG,02_ornek,02_ornek,True,0.9765070261525219,02_ornek,05_kosiv_ceramics,03_bubnivka_ceramics,0,train,obj_single_049791581eb28ac0,,unreviewed,unreviewed,global_cls__c10__source0p5,pair_letterbox_cls_patch__c100__source0p5__blend0p25,pairwise_conditional_logit_blend,pair_letterbox_cls_patch,100.0,0.5,0.25,0.001001188976246151,0.9765070261525219,0.006960359082243943,0.0010555467786969883,0.014475879010290996
img_46f34712289a0ee1,selection_conditional_full_development_oof_v2,dataset_test/02_ornek/kt449.jpg,02_ornek,02_ornek,True,0.9945599527164752,02_ornek,04_petrykivka_painting,01_opishnyan_ceramics,4,train,obj_single_46f34712289a0ee1,,unreviewed,unreviewed,global_cls__c10__source0p5,pair_letterbox_cls_patch__c100__source0p5__blend0p25,pairwise_conditional_logit_blend,pair_letterbox_cls_patch,100.0,0.5,0.25,0.0005193633158153244,0.9945599527164752,0.00039720742086462706,0.004352153363794591,0.0001713231830499582
img_30b1f6ccc02ec44d,selection_conditional_full_development_oof_v2,dataset_test/02_ornek/kt451.jpg,02_ornek,02_ornek,True,0.95920624401027,02_ornek,04_petrykivka_painting,05_kosiv_ceramics,4,train,obj_single_30b1f6ccc02ec44d,,unreviewed,unreviewed,global_cls__c10__source0p5,pair_letterbox_cls_patch__c100__source0p5__blend0p25,pairwise_conditional_logit_blend,pair_letterbox_cls_patch,100.0,0.5,0.25,0.00039457646615656484,0.95920624401027,0.0011215297304334171,0.026333720634623886,0.012943929158516117
img_2f45c7c1c1aac892,selection_conditional_full_development_oof_v2,dataset_test/02_ornek/kt454.jpg,02_ornek,02_ornek,True,0.9470137110195292,02_ornek,01_opishnyan_ceramics,04_petrykivka_painting,3,train,obj_single_2f45c7c1c1aac892,,unreviewed,unreviewed,global_cls__c10__source0p5,pair_letterbox_cls_patch__c100__source0p5__blend0p25,pairwise_conditional_logit_blend,pair_letterbox_cls_patch,100.0,0.5,0.25,0.0359658535839272,0.9470137110195292,0.0007183854108267425,0.015410703942429771,0.0008913460432870675
img_2a07de9179f98dc0,selection_conditional_full_development_oof_v2,dataset_test/02_ornek/kt457.jpg,02_ornek,02_ornek,True,0.9694324087437081,02_ornek,05_kosiv_ceramics,04_petrykivka_painting,1,train,obj_single_2a07de9179f98dc0,,unreviewed,unreviewed,global_cls__c10__source0p5,pair_letterbox_cls_patch__c100__source0p5__blend0p25,pairwise_conditional_logit_blend,pair_letterbox_cls_patch,100.0,0.5,0.25,0.0003963696569770233,0.9694324087437081,0.0017918381439649288,0.010207407274474457,0.018171976180875543
img_100d28fd55a8c1d3,selection_conditional_full_development_oof_v2,dataset_test/02_ornek/kt460.jpg,02_ornek,02_ornek,True,0.9733074632501126,02_ornek,05_kosiv_ceramics,03_bubnivka_ceramics,1,validation,obj_single_100d28fd55a8c1d3,,unreviewed,unreviewed,global_cls__c10__source0p5,pair_letterbox_cls_patch__c100__source0p5__blend0p25,pairwise_conditional_logit_blend,pair_letterbox_cls_patch,100.0,0.5,0.25,4.776447563594456e-05,0.9733074632501126,0.0010521364367478765,0.0007312550682513448,0.024861380769252487
img_094200d21dab3010,selection_conditional_full_development_oof_v2,dataset_test/02_ornek/kt462.jpg,02_ornek,02_ornek,True,0.9772922416045567,02_ornek,05_kosiv_ceramics,04_petrykivka_painting,3,train,obj_single_094200d21dab3010,,unreviewed,unreviewed,global_cls__c10__source0p5,pair_letterbox_cls_patch__c100__source0p5__blend0p25,pairwise_conditional_logit_blend,pair_letterbox_cls_patch,100.0,0.5,0.25,8.35348719372516e-05,0.9772922416045567,0.0011700564628191119,0.0019401483016452076,0.019514018759041723
img_5f52ef0cf3960983,selection_conditional_full_development_oof_v2,dataset_test/02_ornek/kt466.jpg,02_ornek,02_ornek,True,0.9664048516507758,02_ornek,05_kosiv_ceramics,04_petrykivka_painting,2,validation,obj_single_5f52ef0cf3960983,,unreviewed,unreviewed,global_cls__c10__source0p5,pair_letterbox_cls_patch__c100__source0p5__blend0p25,pairwise_conditional_logit_blend,pair_letterbox_cls_patch,100.0,0.5,0.25,0.007470707480354775,0.9664048516507758,0.005279755657137208,0.007955680686975731,0.012889004524756359
img_9ff687e16b75cb06,selection_conditional_full_development_oof_v2,dataset_test/02_ornek/kt473.jpg,02_ornek,02_ornek,True,0.9855827967658674,02_ornek,05_kosiv_ceramics,04_petrykivka_painting,0,validation,obj_single_9ff687e16b75cb06,,unreviewed,unreviewed,global_cls__c10__source0p5,pair_letterbox_cls_patch__c100__source0p5__blend0p25,pairwise_conditional_logit_blend,pair_letterbox_cls_patch,100.0,0.5,0.25,0.000485918670315706,0.9855827967658674,0.0028963061613543326,0.004686014920244787,0.006348963482217931
img_98aa3e0ed2d23217,selection_conditional_full_development_oof_v2,dataset_test/02_ornek/kt478.jpg,02_ornek,02_ornek,True,0.9788977301877325,02_ornek,05_kosiv_ceramics,04_petrykivka_painting,2,train,obj_single_98aa3e0ed2d23217,,unreviewed,unreviewed,global_cls__c10__source0p5,pair_letterbox_cls_patch__c100__source0p5__blend0p25,pairwise_conditional_logit_blend,pair_letterbox_cls_patch,100.0,0.5,0.25,0.0006284654585617244,0.9788977301877325,0.0011172381455333879,0.0038806853039424346,0.015475880904230162
img_915d3b26c554671a,selection_conditional_full_development_oof_v2,dataset_test/02_ornek/kt482.jpg,02_ornek,02_ornek,True,0.9965687149938253,02_ornek,05_kosiv_ceramics,03_bubnivka_ceramics,2,train,obj_single_915d3b26c554671a,,unreviewed,unreviewed,global_cls__c10__source0p5,pair_letterbox_cls_patch__c100__source0p5__blend0p25,pairwise_conditional_logit_blend,pair_letterbox_cls_patch,100.0,0.5,0.25,5.999411259761722e-05,0.9965687149938253,0.0007749044240501759,0.00033185197511996414,0.0022645344944066327
img_d7b98cf9635af868,selection_conditional_full_development_oof_v2,dataset_test/02_ornek/kt484.jpg,02_ornek,02_ornek,True,0.9812230047487561,02_ornek,04_petrykivka_painting,01_opishnyan_ceramics,4,train,obj_single_d7b98cf9635af868,,unreviewed,unreviewed,global_cls__c10__source0p5,pair_letterbox_cls_patch__c100__source0p5__blend0p25,pairwise_conditional_logit_blend,pair_letterbox_cls_patch,100.0,0.5,0.25,0.005168486655401568,0.9812230047487561,0.0036643060597388016,0.00795715766872819,0.001987044867375276
img_1c778eb96030f770,selection_conditional_full_development_oof_v2,dataset_test/02_ornek/kt485.jpeg,02_ornek,02_ornek,True,0.9183050842720877,02_ornek,03_bubnivka_ceramics,01_opishnyan_ceramics,2,train,obj_single_1c778eb96030f770,,unreviewed,unreviewed,global_cls__c10__source0p5,pair_letterbox_cls_patch__c100__source0p5__blend0p25,pairwise_conditional_logit_blend,pair_letterbox_cls_patch,100.0,0.5,0.25,0.01602946155827964,0.9183050842720877,0.05930424970204501,0.0034437736760097475,0.0029174307915777603
img_62f62dd261842bbf,selection_conditional_full_development_oof_v2,dataset_test/02_ornek/kt490.JPG,02_ornek,02_ornek,True,0.973424151184259,02_ornek,03_bubnivka_ceramics,01_opishnyan_ceramics,4,train,obj_single_62f62dd261842bbf,,unreviewed,unreviewed,global_cls__c10__source0p5,pair_letterbox_cls_patch__c100__source0p5__blend0p25,pairwise_conditional_logit_blend,pair_letterbox_cls_patch,100.0,0.5,0.25,0.007888760032050626,0.973424151184259,0.01054167922663297,0.0007061134936564981,0.0074392960634012155
img_1a764a95691f3653,selection_conditional_full_development_oof_v2,dataset_test/02_ornek/kt492.JPG,02_ornek,02_ornek,True,0.9379735328248254,02_ornek,01_opishnyan_ceramics,05_kosiv_ceramics,3,train,obj_single_1a764a95691f3653,,unreviewed,unreviewed,global_cls__c10__source0p5,pair_letterbox_cls_patch__c100__source0p5__blend0p25,pairwise_conditional_logit_blend,pair_letterbox_cls_patch,100.0,0.5,0.25,0.029458666725022748,0.9379735328248254,0.005211320232001676,0.006199535470753004,0.02115694474739697
img_36554fd6901f0fa9,selection_conditional_full_development_oof_v2,dataset_test/02_ornek/kt494.jpg,02_ornek,02_ornek,True,0.9883367479553751,02_ornek,04_petrykivka_painting,05_kosiv_ceramics,3,train,obj_single_36554fd6901f0fa9,,unreviewed,unreviewed,global_cls__c10__source0p5,pair_letterbox_cls_patch__c100__source0p5__blend0p25,pairwise_conditional_logit_blend,pair_letterbox_cls_patch,100.0,0.5,0.25,0.00016130725323029683,0.9883367479553751,0.000156094525393735,0.009520508496754882,0.0018253417692460497
img_5be65d0daa11dad8,selection_conditional_full_development_oof_v2,dataset_test/02_ornek/kt498.jpg,02_ornek,02_ornek,True,0.8266178282619492,02_ornek,01_opishnyan_ceramics,03_bubnivka_ceramics,1,train,obj_single_5be65d0daa11dad8,,unreviewed,unreviewed,global_cls__c10__source0p5,pair_letterbox_cls_patch__c100__source0p5__blend0p25,pairwise_conditional_logit_blend,pair_letterbox_cls_patch,100.0,0.5,0.25,0.09110541735261835,0.8266178282619492,0.0415093702893449,0.026693164922103288,0.014074219173984166
img_6f1aff5820d3e6e2,selection_conditional_full_development_oof_v2,dataset_test/02_ornek/kt505.jpg,02_ornek,02_ornek,True,0.9612040527863319,02_ornek,01_opishnyan_ceramics,04_petrykivka_painting,2,train,obj_single_6f1aff5820d3e6e2,,unreviewed,unreviewed,global_cls__c10__source0p5,pair_letterbox_cls_patch__c100__source0p5__blend0p25,pairwise_conditional_logit_blend,pair_letterbox_cls_patch,100.0,0.5,0.25,0.02108512011125591,0.9612040527863319,0.0033476650248635328,0.01395482532575131,0.0004083367517974873
img_9ccf71ac524126ec,selection_conditional_full_development_oof_v2,dataset_test/02_ornek/kt511.jpg,02_ornek,02_ornek,True,0.9895367523508513,02_ornek,05_kosiv_ceramics,03_bubnivka_ceramics,1,validation,obj_single_9ccf71ac524126ec,,unreviewed,unreviewed,global_cls__c10__source0p5,pair_letterbox_cls_patch__c100__source0p5__blend0p25,pairwise_conditional_logit_blend,pair_letterbox_cls_patch,100.0,0.5,0.25,1.348836319178464e-05,0.9895367523508513,0.0020595094018597718,0.0018975349825783232,0.0064927149015189005
img_64ed8e766b1b75a1,selection_conditional_full_development_oof_v2,dataset_test/02_ornek/kt514.jpg,02_ornek,02_ornek,True,0.9975799342154378,02_ornek,04_petrykivka_painting,03_bubnivka_ceramics,0,train,obj_single_64ed8e766b1b75a1,,unreviewed,unreviewed,global_cls__c10__source0p5,pair_letterbox_cls_patch__c100__source0p5__blend0p25,pairwise_conditional_logit_blend,pair_letterbox_cls_patch,100.0,0.5,0.25,0.00015853023523213958,0.9975799342154378,0.0005858294149928237,0.001303112775729376,0.00037259335860757116
img_9623c23395af5d40,selection_conditional_full_development_oof_v2,dataset_dev/03_bubnivka_ceramics/b001.jpg,03_bubnivka_ceramics,03_bubnivka_ceramics,True,0.9684601169552272,03_bubnivka_ceramics,05_kosiv_ceramics,02_ornek,4,validation,srcgrp_6d5d4ba8acb3dedc,src_global_bub_vognik_watermark,unreviewed,unreviewed,global_cls__c10__source0p5,pair_letterbox_cls_patch__c100__source0p5__blend0p25,pairwise_conditional_logit_blend,pair_letterbox_cls_patch,100.0,0.5,0.25,0.004299666202637415,0.004696672168715238,0.9684601169552272,0.001376393083295503,0.0211671515901247
img_02bb4c74ad691db8,selection_conditional_full_development_oof_v2,dataset_dev/03_bubnivka_ceramics/b003.jpg,03_bubnivka_ceramics,03_bubnivka_ceramics,True,0.9521750224059401,03_bubnivka_ceramics,04_petrykivka_painting,05_kosiv_ceramics,4,validation,srcgrp_6d5d4ba8acb3dedc,src_global_bub_vognik_watermark,unreviewed,unreviewed,global_cls__c10__source0p5,pair_letterbox_cls_patch__c100__source0p5__blend0p25,pairwise_conditional_logit_blend,pair_letterbox_cls_patch,100.0,0.5,0.25,0.00837645577844576,0.004362452495594466,0.9521750224059401,0.021287113379515363,0.013798955940504266
img_d2b3ddad4e440a4d,selection_conditional_full_development_oof_v2,dataset_dev/03_bubnivka_ceramics/b005.jpg,03_bubnivka_ceramics,03_bubnivka_ceramics,True,0.8254539709415404,03_bubnivka_ceramics,05_kosiv_ceramics,01_opishnyan_ceramics,4,validation,srcgrp_6d5d4ba8acb3dedc,src_global_bub_vognik_watermark,unreviewed,unreviewed,global_cls__c10__source0p5,pair_letterbox_cls_patch__c100__source0p5__blend0p25,pairwise_conditional_logit_blend,pair_letterbox_cls_patch,100.0,0.5,0.25,0.05462526398787266,0.022068584955592482,0.8254539709415404,0.0158093473208091,0.08204283279418534
img_eb2aba37644280cf,selection_conditional_full_development_oof_v2,dataset_dev/03_bubnivka_ceramics/b008.jpg,03_bubnivka_ceramics,03_bubnivka_ceramics,True,0.9947170109442512,03_bubnivka_ceramics,02_ornek,01_opishnyan_ceramics,4,validation,srcgrp_6d5d4ba8acb3dedc,src_global_bub_vognik_watermark,unreviewed,unreviewed,global_cls__c10__source0p5,pair_letterbox_cls_patch__c100__source0p5__blend0p25,pairwise_conditional_logit_blend,pair_letterbox_cls_patch,100.0,0.5,0.25,0.0013989496464064184,0.0020753804551109606,0.9947170109442512,0.0011382333372036801,0.0006704256170277847
img_0817f6b51ac0baac,selection_conditional_full_development_oof_v2,dataset_dev/03_bubnivka_ceramics/b010.jpg,03_bubnivka_ceramics,03_bubnivka_ceramics,True,0.9699243672165871,03_bubnivka_ceramics,01_opishnyan_ceramics,02_ornek,4,validation,srcgrp_6d5d4ba8acb3dedc,src_global_bub_vognik_watermark,unreviewed,unreviewed,global_cls__c10__source0p5,pair_letterbox_cls_patch__c100__source0p5__blend0p25,pairwise_conditional_logit_blend,pair_letterbox_cls_patch,100.0,0.5,0.25,0.017103799888586395,0.00792259544487047,0.9699243672165871,0.0005866103603409887,0.004462627089615215
img_8ef0412adc70c34a,selection_conditional_full_development_oof_v2,dataset_dev/03_bubnivka_ceramics/b013.jpg,03_bubnivka_ceramics,03_bubnivka_ceramics,True,0.977822949904419,03_bubnivka_ceramics,01_opishnyan_ceramics,02_ornek,4,validation,srcgrp_6d5d4ba8acb3dedc,src_global_bub_vognik_watermark,unreviewed,unreviewed,global_cls__c10__source0p5,pair_letterbox_cls_patch__c100__source0p5__blend0p25,pairwise_conditional_logit_blend,pair_letterbox_cls_patch,100.0,0.5,0.25,0.011550569098242846,0.008032171967792318,0.977822949904419,0.0003779552620474064,0.00221635376749829
img_a658230d4ec711ef,selection_conditional_full_development_oof_v2,dataset_dev/03_bubnivka_ceramics/b022.jpg,03_bubnivka_ceramics,03_bubnivka_ceramics,True,0.972606318676908,03_bubnivka_ceramics,01_opishnyan_ceramics,02_ornek,4,validation,srcgrp_6d5d4ba8acb3dedc,src_global_bub_vognik_watermark,unreviewed,unreviewed,global_cls__c10__source0p5,pair_letterbox_cls_patch__c100__source0p5__blend0p25,pairwise_conditional_logit_blend,pair_letterbox_cls_patch,100.0,0.5,0.25,0.025062865630595087,0.0009114429684122277,0.972606318676908,0.0005671632996691964,0.0008522094244152512
img_f43c46bb808bc89c,selection_conditional_full_development_oof_v2,dataset_dev/03_bubnivka_ceramics/b023.jpg,03_bubnivka_ceramics,03_bubnivka_ceramics,True,0.9658434755411957,03_bubnivka_ceramics,01_opishnyan_ceramics,05_kosiv_ceramics,4,validation,srcgrp_6d5d4ba8acb3dedc,src_global_bub_vognik_watermark,unreviewed,unreviewed,global_cls__c10__source0p5,pair_letterbox_cls_patch__c100__source0p5__blend0p25,pairwise_conditional_logit_blend,pair_letterbox_cls_patch,100.0,0.5,0.25,0.026315016388393526,0.0021223912735691044,0.9658434755411957,0.0010543594177653002,0.004664757379076341
img_536449dae8586727,selection_conditional_full_development_oof_v2,dataset_dev/03_bubnivka_ceramics/b024.jpg,03_bubnivka_ceramics,03_bubnivka_ceramics,True,0.9968262374895313,03_bubnivka_ceramics,05_kosiv_ceramics,02_ornek,4,validation,srcgrp_6d5d4ba8acb3dedc,src_global_bub_vognik_watermark,unreviewed,unreviewed,global_cls__c10__source0p5,pair_letterbox_cls_patch__c100__source0p5__blend0p25,pairwise_conditional_logit_blend,pair_letterbox_cls_patch,100.0,0.5,0.25,0.0002801981184614047,0.000958450907435984,0.9968262374895313,4.9129425421874354e-05,0.001885984059149534
img_f6bb97809832ae4f,selection_conditional_full_development_oof_v2,dataset_dev/03_bubnivka_ceramics/b025.jpg,03_bubnivka_ceramics,03_bubnivka_ceramics,True,0.7136729169930799,03_bubnivka_ceramics,02_ornek,01_opishnyan_ceramics,4,validation,srcgrp_6d5d4ba8acb3dedc,src_global_bub_vognik_watermark,unreviewed,unreviewed,global_cls__c10__source0p5,pair_letterbox_cls_patch__c100__source0p5__blend0p25,pairwise_conditional_logit_blend,pair_letterbox_cls_patch,100.0,0.5,0.25,0.06864299680802063,0.14571940869480515,0.7136729169930799,0.01923973916577645,0.05272493833831793
img_3af12bcb802b49b8,selection_conditional_full_development_oof_v2,dataset_dev/03_bubnivka_ceramics/b026.jpg,03_bubnivka_ceramics,03_bubnivka_ceramics,True,0.5967719696857653,03_bubnivka_ceramics,01_opishnyan_ceramics,05_kosiv_ceramics,4,validation,srcgrp_6d5d4ba8acb3dedc,src_global_bub_vognik_watermark,unreviewed,unreviewed,global_cls__c10__source0p5,pair_letterbox_cls_patch__c100__source0p5__blend0p25,pairwise_conditional_logit_blend,pair_letterbox_cls_patch,100.0,0.5,0.25,0.266200700902464,0.047193444544254476,0.5967719696857653,0.020516387295470992,0.06931749757204528
img_716f27243d812fcd,selection_conditional_full_development_oof_v2,dataset_dev/03_bubnivka_ceramics/b027.jpg,03_bubnivka_ceramics,03_bubnivka_ceramics,True,0.7068482689902685,03_bubnivka_ceramics,01_opishnyan_ceramics,05_kosiv_ceramics,4,validation,srcgrp_6d5d4ba8acb3dedc,src_global_bub_vognik_watermark,unreviewed,unreviewed,global_cls__c10__source0p5,pair_letterbox_cls_patch__c100__source0p5__blend0p25,pairwise_conditional_logit_blend,pair_letterbox_cls_patch,100.0,0.5,0.25,0.2863968454832182,0.0010673617109368098,0.7068482689902685,0.002250742319237359,0.0034367814963390053
img_b5f2fb2ff3e6d063,selection_conditional_full_development_oof_v2,dataset_dev/03_bubnivka_ceramics/b029.jpg,03_bubnivka_ceramics,03_bubnivka_ceramics,True,0.9882599611842406,03_bubnivka_ceramics,01_opishnyan_ceramics,05_kosiv_ceramics,4,validation,srcgrp_6d5d4ba8acb3dedc,src_global_bub_vognik_watermark,unreviewed,unreviewed,global_cls__c10__source0p5,pair_letterbox_cls_patch__c100__source0p5__blend0p25,pairwise_conditional_logit_blend,pair_letterbox_cls_patch,100.0,0.5,0.25,0.004181247990932768,0.0031174498789867866,0.9882599611842406,0.0006549412739871089,0.0037863996718527316
img_47b6dff8eacd5864,selection_conditional_full_development_oof_v2,dataset_dev/03_bubnivka_ceramics/b031.jpg,03_bubnivka_ceramics,03_bubnivka_ceramics,True,0.963718026621693,03_bubnivka_ceramics,01_opishnyan_ceramics,05_kosiv_ceramics,4,validation,srcgrp_6d5d4ba8acb3dedc,src_global_bub_vognik_watermark,unreviewed,unreviewed,global_cls__c10__source0p5,pair_letterbox_cls_patch__c100__source0p5__blend0p25,pairwise_conditional_logit_blend,pair_letterbox_cls_patch,100.0,0.5,0.25,0.03469019211502616,5.9549346814367266e-05,0.963718026621693,0.0003136572440241575,0.0012185746724421161
img_d2d8dd5d55963553,selection_conditional_full_development_oof_v2,dataset_dev/03_bubnivka_ceramics/b032.jpg,03_bubnivka_ceramics,03_bubnivka_ceramics,True,0.9014241132759797,03_bubnivka_ceramics,02_ornek,01_opishnyan_ceramics,4,validation,srcgrp_6d5d4ba8acb3dedc,src_global_bub_vognik_watermark,unreviewed,unreviewed,global_cls__c10__source0p5,pair_letterbox_cls_patch__c100__source0p5__blend0p25,pairwise_conditional_logit_blend,pair_letterbox_cls_patch,100.0,0.5,0.25,0.009194714692348956,0.07937408165589173,0.9014241132759797,0.004306781025013914,0.005700309350765704
img_1cf71c5d04494d61,selection_conditional_full_development_oof_v2,dataset_dev/03_bubnivka_ceramics/b034.jpg,03_bubnivka_ceramics,03_bubnivka_ceramics,True,0.7616770616559775,03_bubnivka_ceramics,01_opishnyan_ceramics,05_kosiv_ceramics,4,validation,srcgrp_6d5d4ba8acb3dedc,src_global_bub_vognik_watermark,unreviewed,unreviewed,global_cls__c10__source0p5,pair_letterbox_cls_patch__c100__source0p5__blend0p25,pairwise_conditional_logit_blend,pair_letterbox_cls_patch,100.0,0.5,0.25,0.16665558813022008,0.02565831107624553,0.7616770616559775,0.0013263925751759976,0.044682646562380864
img_17740cbfd2fa8d53,selection_conditional_full_development_oof_v2,dataset_dev/03_bubnivka_ceramics/b035.jpg,03_bubnivka_ceramics,03_bubnivka_ceramics,True,0.9786379078723911,03_bubnivka_ceramics,01_opishnyan_ceramics,05_kosiv_ceramics,4,validation,srcgrp_6d5d4ba8acb3dedc,src_global_bub_vognik_watermark,unreviewed,unreviewed,global_cls__c10__source0p5,pair_letterbox_cls_patch__c100__source0p5__blend0p25,pairwise_conditional_logit_blend,pair_letterbox_cls_patch,100.0,0.5,0.25,0.0200514741284165,0.00015666590804169303,0.9786379078723911,0.0001666880085496306,0.0009872640826010396
img_05b75ad7646d23e8,selection_conditional_full_development_oof_v2,dataset_dev/03_bubnivka_ceramics/b036.jpg,03_bubnivka_ceramics,01_opishnyan_ceramics,False,0.5641416239109981,01_opishnyan_ceramics,03_bubnivka_ceramics,05_kosiv_ceramics,0,train,obj_single_05b75ad7646d23e8,,unreviewed,unreviewed,global_cls__c10__source0p5,pair_letterbox_cls_patch__c100__source0p5__blend0p25,pairwise_conditional_logit_blend,pair_letterbox_cls_patch,100.0,0.5,0.25,0.5641416239109981,0.0016790674095013983,0.40899618523868536,0.007924543408658136,0.01725858003215695
img_daf9125500369102,selection_conditional_full_development_oof_v2,dataset_dev/03_bubnivka_ceramics/b038.jpg,03_bubnivka_ceramics,03_bubnivka_ceramics,True,0.7148693379461963,03_bubnivka_ceramics,01_opishnyan_ceramics,05_kosiv_ceramics,0,train,obj_single_daf9125500369102,,unreviewed,unreviewed,global_cls__c10__source0p5,pair_letterbox_cls_patch__c100__source0p5__blend0p25,pairwise_conditional_logit_blend,pair_letterbox_cls_patch,100.0,0.5,0.25,0.28296038885684643,0.0006880791834150727,0.7148693379461963,0.0006293784775858183,0.0008528155359563515
img_da2860ed7b0f6223,selection_conditional_full_development_oof_v2,dataset_dev/03_bubnivka_ceramics/b039.jpg,03_bubnivka_ceramics,03_bubnivka_ceramics,True,0.9979259836436598,03_bubnivka_ceramics,02_ornek,04_petrykivka_painting,3,train,obj_single_da2860ed7b0f6223,,unreviewed,unreviewed,global_cls__c10__source0p5,pair_letterbox_cls_patch__c100__source0p5__blend0p25,pairwise_conditional_logit_blend,pair_letterbox_cls_patch,100.0,0.5,0.25,0.00023746611322460561,0.0010392288778955934,0.9979259836436598,0.0004689035660340707,0.00032841779918611503
img_3595dc0cc3727651,selection_conditional_full_development_oof_v2,dataset_dev/03_bubnivka_ceramics/b040.jpg,03_bubnivka_ceramics,03_bubnivka_ceramics,True,0.5772610216295905,03_bubnivka_ceramics,01_opishnyan_ceramics,02_ornek,0,train,obj_single_3595dc0cc3727651,,unreviewed,unreviewed,global_cls__c10__source0p5,pair_letterbox_cls_patch__c100__source0p5__blend0p25,pairwise_conditional_logit_blend,pair_letterbox_cls_patch,100.0,0.5,0.25,0.3736100309969848,0.02907361486502534,0.5772610216295905,0.0025775823664794845,0.01747775014191986
img_d768dc3dbbe471f6,selection_conditional_full_development_oof_v2,dataset_dev/03_bubnivka_ceramics/b041.jpg,03_bubnivka_ceramics,03_bubnivka_ceramics,True,0.8894307019858071,03_bubnivka_ceramics,01_opishnyan_ceramics,05_kosiv_ceramics,1,train,obj_single_d768dc3dbbe471f6,,unreviewed,unreviewed,global_cls__c10__source0p5,pair_letterbox_cls_patch__c100__source0p5__blend0p25,pairwise_conditional_logit_blend,pair_letterbox_cls_patch,100.0,0.5,0.25,0.08777095830461334,6.744002845573076e-05,0.8894307019858071,0.00018351846590636378,0.02254738121521749
img_42007b9042a81eef,selection_conditional_full_development_oof_v2,dataset_dev/03_bubnivka_ceramics/b044.jpg,03_bubnivka_ceramics,03_bubnivka_ceramics,True,0.9662999827477279,03_bubnivka_ceramics,01_opishnyan_ceramics,02_ornek,0,train,obj_single_42007b9042a81eef,,unreviewed,unreviewed,global_cls__c10__source0p5,pair_letterbox_cls_patch__c100__source0p5__blend0p25,pairwise_conditional_logit_blend,pair_letterbox_cls_patch,100.0,0.5,0.25,0.022815846968324748,0.009269756948993364,0.9662999827477279,0.0004587261916280047,0.0011556871433260811
img_c8172c1bbbb62485,selection_conditional_full_development_oof_v2,dataset_dev/03_bubnivka_ceramics/b045.jpg,03_bubnivka_ceramics,03_bubnivka_ceramics,True,0.8350010935113494,03_bubnivka_ceramics,01_opishnyan_ceramics,05_kosiv_ceramics,0,train,obj_single_c8172c1bbbb62485,,unreviewed,unreviewed,global_cls__c10__source0p5,pair_letterbox_cls_patch__c100__source0p5__blend0p25,pairwise_conditional_logit_blend,pair_letterbox_cls_patch,100.0,0.5,0.25,0.12234285660608188,0.019909023476974066,0.8350010935113494,0.0016073615158867967,0.021139664889707834
img_741f0ccc0e34fe45,selection_conditional_full_development_oof_v2,dataset_dev/03_bubnivka_ceramics/b046.jpg,03_bubnivka_ceramics,03_bubnivka_ceramics,True,0.9844017766357719,03_bubnivka_ceramics,01_opishnyan_ceramics,05_kosiv_ceramics,0,train,obj_single_741f0ccc0e34fe45,,unreviewed,unreviewed,global_cls__c10__source0p5,pair_letterbox_cls_patch__c100__source0p5__blend0p25,pairwise_conditional_logit_blend,pair_letterbox_cls_patch,100.0,0.5,0.25,0.012476544314556451,0.0001340550720902662,0.9844017766357719,3.187735760749549e-05,0.0029557466199738283
img_f0cdaa76d69f76ea,selection_conditional_full_development_oof_v2,dataset_dev/03_bubnivka_ceramics/b047.jpg,03_bubnivka_ceramics,03_bubnivka_ceramics,True,0.838630678925397,03_bubnivka_ceramics,05_kosiv_ceramics,01_opishnyan_ceramics,2,train,obj_single_f0cdaa76d69f76ea,,unreviewed,unreviewed,global_cls__c10__source0p5,pair_letterbox_cls_patch__c100__source0p5__blend0p25,pairwise_conditional_logit_blend,pair_letterbox_cls_patch,100.0,0.5,0.25,0.020068413899495183,0.005801030897828517,0.838630678925397,0.0007334091490677446,0.13476646712821136
img_ed22db6f51f153a1,selection_conditional_full_development_oof_v2,dataset_dev/03_bubnivka_ceramics/b049.jpg,03_bubnivka_ceramics,01_opishnyan_ceramics,False,0.5446450393262742,01_opishnyan_ceramics,03_bubnivka_ceramics,02_ornek,0,train,obj_single_ed22db6f51f153a1,,unreviewed,unreviewed,global_cls__c10__source0p5,pair_letterbox_cls_patch__c100__source0p5__blend0p25,pairwise_conditional_logit_blend,pair_letterbox_cls_patch,100.0,0.5,0.25,0.5446450393262742,0.041999035380698574,0.4078646697460301,0.000688233756318411,0.004803021790678651
img_43bd35c16f32c303,selection_conditional_full_development_oof_v2,dataset_dev/03_bubnivka_ceramics/b051.jpg,03_bubnivka_ceramics,03_bubnivka_ceramics,True,0.9975492595180838,03_bubnivka_ceramics,05_kosiv_ceramics,02_ornek,2,train,obj_single_43bd35c16f32c303,,unreviewed,unreviewed,global_cls__c10__source0p5,pair_letterbox_cls_patch__c100__source0p5__blend0p25,pairwise_conditional_logit_blend,pair_letterbox_cls_patch,100.0,0.5,0.25,0.0001961087605441523,0.000596703056419532,0.9975492595180838,0.00019598060428781575,0.0014619480606645403
img_2539da6b791142f4,selection_conditional_full_development_oof_v2,dataset_dev/03_bubnivka_ceramics/b052.jpg,03_bubnivka_ceramics,03_bubnivka_ceramics,True,0.9978583259636751,03_bubnivka_ceramics,01_opishnyan_ceramics,02_ornek,2,train,obj_single_2539da6b791142f4,,unreviewed,unreviewed,global_cls__c10__source0p5,pair_letterbox_cls_patch__c100__source0p5__blend0p25,pairwise_conditional_logit_blend,pair_letterbox_cls_patch,100.0,0.5,0.25,0.0012697954188898174,0.0005943948487579691,0.9978583259636751,0.00013211978924566,0.0001453639794315963
img_45033e7326787990,selection_conditional_full_development_oof_v2,dataset_dev/03_bubnivka_ceramics/b053.jpg,03_bubnivka_ceramics,03_bubnivka_ceramics,True,0.8497982670819141,03_bubnivka_ceramics,02_ornek,01_opishnyan_ceramics,4,train,obj_single_45033e7326787990,,unreviewed,unreviewed,global_cls__c10__source0p5,pair_letterbox_cls_patch__c100__source0p5__blend0p25,pairwise_conditional_logit_blend,pair_letterbox_cls_patch,100.0,0.5,0.25,0.04824585547721601,0.08820052730480683,0.8497982670819141,0.0029931752669075176,0.010762174869155603
img_ee6c498d25b23be3,selection_conditional_full_development_oof_v2,dataset_dev/03_bubnivka_ceramics/b054.jpg,03_bubnivka_ceramics,03_bubnivka_ceramics,True,0.9981827864463317,03_bubnivka_ceramics,02_ornek,05_kosiv_ceramics,1,train,obj_single_ee6c498d25b23be3,,unreviewed,unreviewed,global_cls__c10__source0p5,pair_letterbox_cls_patch__c100__source0p5__blend0p25,pairwise_conditional_logit_blend,pair_letterbox_cls_patch,100.0,0.5,0.25,0.00019245714979635971,0.0011981796839498884,0.9981827864463317,9.659467074704996e-05,0.000329982049174852
img_95ef2358ac188ab2,selection_conditional_full_development_oof_v2,dataset_dev/03_bubnivka_ceramics/b056.jpg,03_bubnivka_ceramics,03_bubnivka_ceramics,True,0.8188183011569988,03_bubnivka_ceramics,01_opishnyan_ceramics,02_ornek,0,train,obj_single_95ef2358ac188ab2,,unreviewed,unreviewed,global_cls__c10__source0p5,pair_letterbox_cls_patch__c100__source0p5__blend0p25,pairwise_conditional_logit_blend,pair_letterbox_cls_patch,100.0,0.5,0.25,0.1247416388395907,0.040290924033046634,0.8188183011569988,0.014668487743056097,0.0014806482273077852
img_f1f9bbbad2041116,selection_conditional_full_development_oof_v2,dataset_dev/03_bubnivka_ceramics/b057.jpg,03_bubnivka_ceramics,03_bubnivka_ceramics,True,0.9531526273232732,03_bubnivka_ceramics,05_kosiv_ceramics,02_ornek,2,train,obj_single_f1f9bbbad2041116,,unreviewed,unreviewed,global_cls__c10__source0p5,pair_letterbox_cls_patch__c100__source0p5__blend0p25,pairwise_conditional_logit_blend,pair_letterbox_cls_patch,100.0,0.5,0.25,0.0037208609246200484,0.007533499835703385,0.9531526273232732,0.002682865517610958,0.03291014639879258
img_f218eb79dff41879,selection_conditional_full_development_oof_v2,dataset_dev/03_bubnivka_ceramics/b058.jpg,03_bubnivka_ceramics,03_bubnivka_ceramics,True,0.9980113264079769,03_bubnivka_ceramics,05_kosiv_ceramics,02_ornek,1,train,obj_single_f218eb79dff41879,,unreviewed,unreviewed,global_cls__c10__source0p5,pair_letterbox_cls_patch__c100__source0p5__blend0p25,pairwise_conditional_logit_blend,pair_letterbox_cls_patch,100.0,0.5,0.25,0.00013486747831560972,0.0003642532864245509,0.9980113264079769,0.0003514975609957378,0.0011380552662871165
img_ba4affc4e86593c1,selection_conditional_full_development_oof_v2,dataset_dev/03_bubnivka_ceramics/b059.jpg,03_bubnivka_ceramics,03_bubnivka_ceramics,True,0.9969637808948627,03_bubnivka_ceramics,02_ornek,05_kosiv_ceramics,1,train,obj_single_ba4affc4e86593c1,,unreviewed,unreviewed,global_cls__c10__source0p5,pair_letterbox_cls_patch__c100__source0p5__blend0p25,pairwise_conditional_logit_blend,pair_letterbox_cls_patch,100.0,0.5,0.25,0.0002011613108886834,0.0014717823049128487,0.9969637808948627,0.0002506874548010541,0.0011125880345346565
img_65a11280b0f13ed2,selection_conditional_full_development_oof_v2,dataset_dev/03_bubnivka_ceramics/b060.jpg,03_bubnivka_ceramics,03_bubnivka_ceramics,True,0.983669642492868,03_bubnivka_ceramics,01_opishnyan_ceramics,02_ornek,0,train,obj_single_65a11280b0f13ed2,,unreviewed,unreviewed,global_cls__c10__source0p5,pair_letterbox_cls_patch__c100__source0p5__blend0p25,pairwise_conditional_logit_blend,pair_letterbox_cls_patch,100.0,0.5,0.25,0.007822700493519555,0.00530701328749103,0.983669642492868,0.0005581621599090241,0.002642481566212363
img_16159f7b0c2839cc,selection_conditional_full_development_oof_v2,dataset_dev/03_bubnivka_ceramics/b061(=054).jpg,03_bubnivka_ceramics,03_bubnivka_ceramics,True,0.9575115477030035,03_bubnivka_ceramics,02_ornek,01_opishnyan_ceramics,0,train,obj_single_16159f7b0c2839cc,,unreviewed,unreviewed,global_cls__c10__source0p5,pair_letterbox_cls_patch__c100__source0p5__blend0p25,pairwise_conditional_logit_blend,pair_letterbox_cls_patch,100.0,0.5,0.25,0.01252455508212013,0.02446095580330834,0.9575115477030035,0.0029229130999462584,0.002580028311621522
img_069a90d4ee626244,selection_conditional_full_development_oof_v2,dataset_dev/03_bubnivka_ceramics/b062.jpg,03_bubnivka_ceramics,03_bubnivka_ceramics,True,0.9602969365329458,03_bubnivka_ceramics,02_ornek,01_opishnyan_ceramics,1,train,obj_single_069a90d4ee626244,,unreviewed,unreviewed,global_cls__c10__source0p5,pair_letterbox_cls_patch__c100__source0p5__blend0p25,pairwise_conditional_logit_blend,pair_letterbox_cls_patch,100.0,0.5,0.25,0.014103546937104543,0.014794219429674118,0.9602969365329458,0.005088455399758653,0.005716841700516878
img_1e5e57195a9d768c,selection_conditional_full_development_oof_v2,dataset_dev/03_bubnivka_ceramics/b063.jpg,03_bubnivka_ceramics,03_bubnivka_ceramics,True,0.9932692889147072,03_bubnivka_ceramics,02_ornek,05_kosiv_ceramics,0,train,obj_single_1e5e57195a9d768c,,unreviewed,unreviewed,global_cls__c10__source0p5,pair_letterbox_cls_patch__c100__source0p5__blend0p25,pairwise_conditional_logit_blend,pair_letterbox_cls_patch,100.0,0.5,0.25,0.0009138341093114101,0.004371073639341881,0.9932692889147072,0.0003264378416631837,0.0011193654949761492
img_7f731ddca4cec0c6,selection_conditional_full_development_oof_v2,dataset_dev/03_bubnivka_ceramics/b065.jpg,03_bubnivka_ceramics,03_bubnivka_ceramics,True,0.6226589639713004,03_bubnivka_ceramics,05_kosiv_ceramics,02_ornek,0,train,obj_single_7f731ddca4cec0c6,,unreviewed,unreviewed,global_cls__c10__source0p5,pair_letterbox_cls_patch__c100__source0p5__blend0p25,pairwise_conditional_logit_blend,pair_letterbox_cls_patch,100.0,0.5,0.25,0.008244881115100028,0.03324145491587739,0.6226589639713004,0.010426044957095832,0.3254286550406264
img_1487a58066643b85,selection_conditional_full_development_oof_v2,dataset_dev/03_bubnivka_ceramics/b066.jpg,03_bubnivka_ceramics,03_bubnivka_ceramics,True,0.7896935622622999,03_bubnivka_ceramics,01_opishnyan_ceramics,05_kosiv_ceramics,0,train,obj_single_1487a58066643b85,,unreviewed,unreviewed,global_cls__c10__source0p5,pair_letterbox_cls_patch__c100__source0p5__blend0p25,pairwise_conditional_logit_blend,pair_letterbox_cls_patch,100.0,0.5,0.25,0.14594919475130944,0.004695286087089203,0.7896935622622999,0.0049110292063331284,0.054750927692968195
img_2945d9fc487159c2,selection_conditional_full_development_oof_v2,dataset_dev/03_bubnivka_ceramics/b067.jpg,03_bubnivka_ceramics,03_bubnivka_ceramics,True,0.36242959410565645,03_bubnivka_ceramics,05_kosiv_ceramics,01_opishnyan_ceramics,0,train,obj_single_2945d9fc487159c2,,unreviewed,unreviewed,global_cls__c10__source0p5,pair_letterbox_cls_patch__c100__source0p5__blend0p25,pairwise_conditional_logit_blend,pair_letterbox_cls_patch,100.0,0.5,0.25,0.13192670307839405,0.07086477712820302,0.36242959410565645,0.07811811320225535,0.35666081248549103
img_d5d574bcc8d9dc0d,selection_conditional_full_development_oof_v2,dataset_dev/03_bubnivka_ceramics/b068.jpg,03_bubnivka_ceramics,03_bubnivka_ceramics,True,0.8164704514774428,03_bubnivka_ceramics,01_opishnyan_ceramics,02_ornek,0,train,obj_single_d5d574bcc8d9dc0d,,unreviewed,unreviewed,global_cls__c10__source0p5,pair_letterbox_cls_patch__c100__source0p5__blend0p25,pairwise_conditional_logit_blend,pair_letterbox_cls_patch,100.0,0.5,0.25,0.07724564706500237,0.0605590045993318,0.8164704514774428,0.0012891296058642112,0.04443576725235894
img_7fb6eccab3eedfb6,selection_conditional_full_development_oof_v2,dataset_dev/03_bubnivka_ceramics/b074.jpg,03_bubnivka_ceramics,01_opishnyan_ceramics,False,0.7947657024979027,01_opishnyan_ceramics,03_bubnivka_ceramics,05_kosiv_ceramics,2,train,obj_single_7fb6eccab3eedfb6,,unreviewed,unreviewed,global_cls__c10__source0p5,pair_letterbox_cls_patch__c100__source0p5__blend0p25,pairwise_conditional_logit_blend,pair_letterbox_cls_patch,100.0,0.5,0.25,0.7947657024979027,0.0010757715792888574,0.1935488515103018,0.0031230312388478092,0.0074866431736589295
img_ecf260246b630663,selection_conditional_full_development_oof_v2,dataset_dev/03_bubnivka_ceramics/b075.jpg,03_bubnivka_ceramics,01_opishnyan_ceramics,False,0.8063412195765643,01_opishnyan_ceramics,05_kosiv_ceramics,03_bubnivka_ceramics,2,train,obj_single_ecf260246b630663,,unreviewed,unreviewed,global_cls__c10__source0p5,pair_letterbox_cls_patch__c100__source0p5__blend0p25,pairwise_conditional_logit_blend,pair_letterbox_cls_patch,100.0,0.5,0.25,0.8063412195765643,0.03584090093379837,0.07542704389216101,0.006025055042586968,0.07636578055488918
img_7753c06072d61785,selection_conditional_full_development_oof_v2,dataset_dev/03_bubnivka_ceramics/b076.jpg,03_bubnivka_ceramics,03_bubnivka_ceramics,True,0.9658520431242259,03_bubnivka_ceramics,01_opishnyan_ceramics,02_ornek,1,train,obj_single_7753c06072d61785,,unreviewed,unreviewed,global_cls__c10__source0p5,pair_letterbox_cls_patch__c100__source0p5__blend0p25,pairwise_conditional_logit_blend,pair_letterbox_cls_patch,100.0,0.5,0.25,0.014858442516146354,0.009373111423298422,0.9658520431242259,0.0007251575763165735,0.009191245360012921
img_ebb0c2ccb7796103,selection_conditional_full_development_oof_v2,dataset_dev/03_bubnivka_ceramics/b081.jpg,03_bubnivka_ceramics,03_bubnivka_ceramics,True,0.99683052991472,03_bubnivka_ceramics,04_petrykivka_painting,02_ornek,0,train,obj_single_ebb0c2ccb7796103,,unreviewed,unreviewed,global_cls__c10__source0p5,pair_letterbox_cls_patch__c100__source0p5__blend0p25,pairwise_conditional_logit_blend,pair_letterbox_cls_patch,100.0,0.5,0.25,0.0007322244307864091,0.0008314034207290219,0.99683052991472,0.0011918929642294627,0.0004139492695352866
img_afac8a835b27496b,selection_conditional_full_development_oof_v2,dataset_dev/03_bubnivka_ceramics/b082.jpg,03_bubnivka_ceramics,03_bubnivka_ceramics,True,0.9933660573562942,03_bubnivka_ceramics,01_opishnyan_ceramics,02_ornek,2,train,obj_single_afac8a835b27496b,,unreviewed,unreviewed,global_cls__c10__source0p5,pair_letterbox_cls_patch__c100__source0p5__blend0p25,pairwise_conditional_logit_blend,pair_letterbox_cls_patch,100.0,0.5,0.25,0.0026614553939684135,0.0020884568414380814,0.9933660573562942,0.0007806499287183261,0.001103380479580801
img_2e94d54e2284b54d,selection_conditional_full_development_oof_v2,dataset_dev/03_bubnivka_ceramics/b084.jpg,03_bubnivka_ceramics,03_bubnivka_ceramics,True,0.9866873417275782,03_bubnivka_ceramics,02_ornek,01_opishnyan_ceramics,1,train,srcgrp_02dcb43a6e59f452,src_global_bub_fair_vendor_a,unreviewed,unreviewed,global_cls__c10__source0p5,pair_letterbox_cls_patch__c100__source0p5__blend0p25,pairwise_conditional_logit_blend,pair_letterbox_cls_patch,100.0,0.5,0.25,0.0011515083261309821,0.011365375845681588,0.9866873417275782,0.0005816366252984692,0.00021413747531084476
img_331b7f802dbc25f3,selection_conditional_full_development_oof_v2,dataset_dev/03_bubnivka_ceramics/b086.jpg,03_bubnivka_ceramics,03_bubnivka_ceramics,True,0.9299257535442979,03_bubnivka_ceramics,02_ornek,04_petrykivka_painting,1,train,srcgrp_02dcb43a6e59f452,src_global_bub_fair_vendor_a,unreviewed,unreviewed,global_cls__c10__source0p5,pair_letterbox_cls_patch__c100__source0p5__blend0p25,pairwise_conditional_logit_blend,pair_letterbox_cls_patch,100.0,0.5,0.25,0.003284634382405265,0.04945960137254326,0.9299257535442979,0.013997661628901956,0.003332349071851742
img_a8f1b10f599425ff,selection_conditional_full_development_oof_v2,dataset_dev/03_bubnivka_ceramics/b088.jpg,03_bubnivka_ceramics,03_bubnivka_ceramics,True,0.8657500463840178,03_bubnivka_ceramics,05_kosiv_ceramics,01_opishnyan_ceramics,1,train,srcgrp_02dcb43a6e59f452,src_global_bub_fair_vendor_a,unreviewed,unreviewed,global_cls__c10__source0p5,pair_letterbox_cls_patch__c100__source0p5__blend0p25,pairwise_conditional_logit_blend,pair_letterbox_cls_patch,100.0,0.5,0.25,0.05063705202063851,0.008221214903459936,0.8657500463840178,0.0008079248043319893,0.07458376188755185
img_31a22cf98af2fa6a,selection_conditional_full_development_oof_v2,dataset_dev/03_bubnivka_ceramics/b089.jpg,03_bubnivka_ceramics,03_bubnivka_ceramics,True,0.9870239413394875,03_bubnivka_ceramics,01_opishnyan_ceramics,05_kosiv_ceramics,1,train,srcgrp_02dcb43a6e59f452,src_global_bub_fair_vendor_a,unreviewed,unreviewed,global_cls__c10__source0p5,pair_letterbox_cls_patch__c100__source0p5__blend0p25,pairwise_conditional_logit_blend,pair_letterbox_cls_patch,100.0,0.5,0.25,0.006030677666033359,0.002418159445379768,0.9870239413394875,0.00034193731817925915,0.004185284230920084
img_5c22fb3bee8f2de6,selection_conditional_full_development_oof_v2,dataset_dev/03_bubnivka_ceramics/b090.jpg,03_bubnivka_ceramics,03_bubnivka_ceramics,True,0.967162563065626,03_bubnivka_ceramics,01_opishnyan_ceramics,02_ornek,1,train,srcgrp_02dcb43a6e59f452,src_global_bub_fair_vendor_a,unreviewed,unreviewed,global_cls__c10__source0p5,pair_letterbox_cls_patch__c100__source0p5__blend0p25,pairwise_conditional_logit_blend,pair_letterbox_cls_patch,100.0,0.5,0.25,0.01257372940934111,0.01050195083761396,0.967162563065626,0.00048387727337712943,0.00927787941404181
img_72d816de4a7b41f1,selection_conditional_full_development_oof_v2,dataset_dev/03_bubnivka_ceramics/b091.jpg,03_bubnivka_ceramics,03_bubnivka_ceramics,True,0.9855751190898179,03_bubnivka_ceramics,05_kosiv_ceramics,04_petrykivka_painting,1,train,srcgrp_02dcb43a6e59f452,src_global_bub_fair_vendor_a,unreviewed,unreviewed,global_cls__c10__source0p5,pair_letterbox_cls_patch__c100__source0p5__blend0p25,pairwise_conditional_logit_blend,pair_letterbox_cls_patch,100.0,0.5,0.25,0.0026858588167585264,0.0023625594543235113,0.9855751190898179,0.003992514740758924,0.00538394789834117
img_0caeb02ddec9bc03,selection_conditional_full_development_oof_v2,dataset_dev/03_bubnivka_ceramics/b092.jpg,03_bubnivka_ceramics,03_bubnivka_ceramics,True,0.9926165970189742,03_bubnivka_ceramics,05_kosiv_ceramics,01_opishnyan_ceramics,1,train,srcgrp_02dcb43a6e59f452,src_global_bub_fair_vendor_a,unreviewed,unreviewed,global_cls__c10__source0p5,pair_letterbox_cls_patch__c100__source0p5__blend0p25,pairwise_conditional_logit_blend,pair_letterbox_cls_patch,100.0,0.5,0.25,0.0019521765267327279,0.0018324905416763728,0.9926165970189742,0.0010810110695697647,0.0025177248430468305
img_b5f811837e2aca9c,selection_conditional_full_development_oof_v2,dataset_dev/03_bubnivka_ceramics/b095.jpg,03_bubnivka_ceramics,03_bubnivka_ceramics,True,0.994577037562386,03_bubnivka_ceramics,01_opishnyan_ceramics,04_petrykivka_painting,1,train,srcgrp_02dcb43a6e59f452,src_global_bub_fair_vendor_a,unreviewed,unreviewed,global_cls__c10__source0p5,pair_letterbox_cls_patch__c100__source0p5__blend0p25,pairwise_conditional_logit_blend,pair_letterbox_cls_patch,100.0,0.5,0.25,0.0030483767188528737,0.0003134915143266877,0.994577037562386,0.0013025612521213286,0.0007585329523131333
img_1a083fd5fe621820,selection_conditional_full_development_oof_v2,dataset_dev/03_bubnivka_ceramics/b097.jpg,03_bubnivka_ceramics,03_bubnivka_ceramics,True,0.9971394157871397,03_bubnivka_ceramics,05_kosiv_ceramics,01_opishnyan_ceramics,1,train,srcgrp_02dcb43a6e59f452,src_global_bub_fair_vendor_a,unreviewed,unreviewed,global_cls__c10__source0p5,pair_letterbox_cls_patch__c100__source0p5__blend0p25,pairwise_conditional_logit_blend,pair_letterbox_cls_patch,100.0,0.5,0.25,0.000835723950624138,6.180969066644864e-05,0.9971394157871397,0.00016357888681212436,0.001799471684757741
img_371059ea5c7cfe59,selection_conditional_full_development_oof_v2,dataset_dev/03_bubnivka_ceramics/b098.jpg,03_bubnivka_ceramics,03_bubnivka_ceramics,True,0.9876999136010478,03_bubnivka_ceramics,01_opishnyan_ceramics,05_kosiv_ceramics,1,train,srcgrp_02dcb43a6e59f452,src_global_bub_fair_vendor_a,unreviewed,unreviewed,global_cls__c10__source0p5,pair_letterbox_cls_patch__c100__source0p5__blend0p25,pairwise_conditional_logit_blend,pair_letterbox_cls_patch,100.0,0.5,0.25,0.007037912403480686,0.00034494783448071767,0.9876999136010478,0.002166236818352421,0.002750989342638563
img_18413752a4ee3955,selection_conditional_full_development_oof_v2,dataset_dev/03_bubnivka_ceramics/b099.jpg,03_bubnivka_ceramics,03_bubnivka_ceramics,True,0.9969088258385106,03_bubnivka_ceramics,01_opishnyan_ceramics,04_petrykivka_painting,1,train,srcgrp_02dcb43a6e59f452,src_global_bub_fair_vendor_a,unreviewed,unreviewed,global_cls__c10__source0p5,pair_letterbox_cls_patch__c100__source0p5__blend0p25,pairwise_conditional_logit_blend,pair_letterbox_cls_patch,100.0,0.5,0.25,0.0024154445809928685,9.412524797728572e-05,0.9969088258385106,0.00042479082615531406,0.00015681350636387605
img_f406f04f6a95961c,selection_conditional_full_development_oof_v2,dataset_dev/03_bubnivka_ceramics/b101.jpg,03_bubnivka_ceramics,03_bubnivka_ceramics,True,0.985203869953785,03_bubnivka_ceramics,01_opishnyan_ceramics,05_kosiv_ceramics,1,train,srcgrp_02dcb43a6e59f452,src_global_bub_fair_vendor_a,unreviewed,unreviewed,global_cls__c10__source0p5,pair_letterbox_cls_patch__c100__source0p5__blend0p25,pairwise_conditional_logit_blend,pair_letterbox_cls_patch,100.0,0.5,0.25,0.0077512081373287455,0.00015064351370773862,0.985203869953785,0.00038788920001051383,0.006506389195167943
img_9b6aabe685e12965,selection_conditional_full_development_oof_v2,dataset_dev/03_bubnivka_ceramics/b102.jpg,03_bubnivka_ceramics,03_bubnivka_ceramics,True,0.9542754679880776,03_bubnivka_ceramics,01_opishnyan_ceramics,05_kosiv_ceramics,1,train,srcgrp_02dcb43a6e59f452,src_global_bub_fair_vendor_a,unreviewed,unreviewed,global_cls__c10__source0p5,pair_letterbox_cls_patch__c100__source0p5__blend0p25,pairwise_conditional_logit_blend,pair_letterbox_cls_patch,100.0,0.5,0.25,0.043903406811684205,0.000198885632951562,0.9542754679880776,0.0003620202681297679,0.0012602192991569394
img_5c1413721788d8b4,selection_conditional_full_development_oof_v2,dataset_dev/03_bubnivka_ceramics/b103.jpg,03_bubnivka_ceramics,03_bubnivka_ceramics,True,0.9827946208765772,03_bubnivka_ceramics,01_opishnyan_ceramics,05_kosiv_ceramics,1,train,srcgrp_02dcb43a6e59f452,src_global_bub_fair_vendor_a,unreviewed,unreviewed,global_cls__c10__source0p5,pair_letterbox_cls_patch__c100__source0p5__blend0p25,pairwise_conditional_logit_blend,pair_letterbox_cls_patch,100.0,0.5,0.25,0.011244758076625599,0.0014419738824652673,0.9827946208765772,0.0018822491919411558,0.0026363979723907443
img_9a1562ecc3d8d28c,selection_conditional_full_development_oof_v2,dataset_dev/03_bubnivka_ceramics/b105.jpg,03_bubnivka_ceramics,03_bubnivka_ceramics,True,0.9969640282234461,03_bubnivka_ceramics,04_petrykivka_painting,01_opishnyan_ceramics,1,train,srcgrp_02dcb43a6e59f452,src_global_bub_fair_vendor_a,unreviewed,unreviewed,global_cls__c10__source0p5,pair_letterbox_cls_patch__c100__source0p5__blend0p25,pairwise_conditional_logit_blend,pair_letterbox_cls_patch,100.0,0.5,0.25,0.0011890191551918042,0.0003098876720517586,0.9969640282234461,0.0011947800114316715,0.0003422849378787146
img_60fbf5c6e880fe0a,selection_conditional_full_development_oof_v2,dataset_dev/03_bubnivka_ceramics/b106.jpg,03_bubnivka_ceramics,03_bubnivka_ceramics,True,0.9614898656268374,03_bubnivka_ceramics,01_opishnyan_ceramics,05_kosiv_ceramics,1,train,srcgrp_02dcb43a6e59f452,src_global_bub_fair_vendor_a,unreviewed,unreviewed,global_cls__c10__source0p5,pair_letterbox_cls_patch__c100__source0p5__blend0p25,pairwise_conditional_logit_blend,pair_letterbox_cls_patch,100.0,0.5,0.25,0.031732069114661615,0.000999830122119127,0.9614898656268374,0.0007326187882136687,0.005045616348168025
img_b4ccf1867a57adaa,selection_conditional_full_development_oof_v2,dataset_dev/03_bubnivka_ceramics/b109.jpg,03_bubnivka_ceramics,01_opishnyan_ceramics,False,0.5214179293842439,01_opishnyan_ceramics,02_ornek,03_bubnivka_ceramics,0,train,src_manual_072,,plate_or_bowl,clear,global_cls__c10__source0p5,pair_letterbox_cls_patch__c100__source0p5__blend0p25,pairwise_conditional_logit_blend,pair_letterbox_cls_patch,100.0,0.5,0.25,0.5214179293842439,0.33212058647697973,0.09279417084236911,0.045595507598113545,0.008071805698293761
img_4a584ba2ee926b0a,selection_conditional_full_development_oof_v2,dataset_dev/03_bubnivka_ceramics/b109_2.jpg,03_bubnivka_ceramics,03_bubnivka_ceramics,True,0.3601827083311833,03_bubnivka_ceramics,02_ornek,01_opishnyan_ceramics,0,train,src_manual_072,,plate_or_bowl,clear,global_cls__c10__source0p5,pair_letterbox_cls_patch__c100__source0p5__blend0p25,pairwise_conditional_logit_blend,pair_letterbox_cls_patch,100.0,0.5,0.25,0.28430508696029,0.30032493026566265,0.3601827083311833,0.04482289043558161,0.010364384007282517
img_514d9b1af98af92a,selection_conditional_full_development_oof_v2,dataset_dev/03_bubnivka_ceramics/b109_3.jpg,03_bubnivka_ceramics,03_bubnivka_ceramics,True,0.5687642491266865,03_bubnivka_ceramics,02_ornek,01_opishnyan_ceramics,0,train,src_manual_072,,plate_or_bowl,clear,global_cls__c10__source0p5,pair_letterbox_cls_patch__c100__source0p5__blend0p25,pairwise_conditional_logit_blend,pair_letterbox_cls_patch,100.0,0.5,0.25,0.16566267743572338,0.19393020656134757,0.5687642491266865,0.061047099274120185,0.010595767602122419
img_5caa8825b2a31776,selection_conditional_full_development_oof_v2,dataset_dev/03_bubnivka_ceramics/b109_4.jpg,03_bubnivka_ceramics,01_opishnyan_ceramics,False,0.5355339342149471,01_opishnyan_ceramics,02_ornek,03_bubnivka_ceramics,0,train,src_manual_072,,plate_or_bowl,clear,global_cls__c10__source0p5,pair_letterbox_cls_patch__c100__source0p5__blend0p25,pairwise_conditional_logit_blend,pair_letterbox_cls_patch,100.0,0.5,0.25,0.5355339342149471,0.28186176752076997,0.12419148777870097,0.0457133985927905,0.012699411892791583
img_be871d409981e3b4,selection_conditional_full_development_oof_v2,dataset_dev/03_bubnivka_ceramics/b110.jpg,03_bubnivka_ceramics,03_bubnivka_ceramics,True,0.990477778611459,03_bubnivka_ceramics,01_opishnyan_ceramics,02_ornek,4,train,srcgrp_c84a287f983aa7cd,src_global_bub_leaf_stump,unreviewed,unreviewed,global_cls__c10__source0p5,pair_letterbox_cls_patch__c100__source0p5__blend0p25,pairwise_conditional_logit_blend,pair_letterbox_cls_patch,100.0,0.5,0.25,0.006359109820800182,0.00212536512686331,0.990477778611459,0.0006384167479689251,0.00039932969290835534
img_a87a6e46ab0893b2,selection_conditional_full_development_oof_v2,dataset_dev/03_bubnivka_ceramics/b111.jpg,03_bubnivka_ceramics,03_bubnivka_ceramics,True,0.995965908510437,03_bubnivka_ceramics,01_opishnyan_ceramics,02_ornek,4,train,srcgrp_c84a287f983aa7cd,src_global_bub_leaf_stump,unreviewed,unreviewed,global_cls__c10__source0p5,pair_letterbox_cls_patch__c100__source0p5__blend0p25,pairwise_conditional_logit_blend,pair_letterbox_cls_patch,100.0,0.5,0.25,0.0033641928493671003,0.000366381381426672,0.995965908510437,0.00021950002873504074,8.401723003432822e-05
img_e4cff5be4f5face7,selection_conditional_full_development_oof_v2,dataset_dev/03_bubnivka_ceramics/b112.jpg,03_bubnivka_ceramics,03_bubnivka_ceramics,True,0.9816132803975329,03_bubnivka_ceramics,01_opishnyan_ceramics,02_ornek,4,train,srcgrp_c84a287f983aa7cd,src_global_bub_leaf_stump,unreviewed,unreviewed,global_cls__c10__source0p5,pair_letterbox_cls_patch__c100__source0p5__blend0p25,pairwise_conditional_logit_blend,pair_letterbox_cls_patch,100.0,0.5,0.25,0.00991439496441076,0.006146859933907789,0.9816132803975329,0.0008701984277922489,0.0014552662763562014
img_541bd47877da72c4,selection_conditional_full_development_oof_v2,dataset_dev/03_bubnivka_ceramics/b113.jpg,03_bubnivka_ceramics,03_bubnivka_ceramics,True,0.9968240786098302,03_bubnivka_ceramics,01_opishnyan_ceramics,02_ornek,4,train,srcgrp_c84a287f983aa7cd,src_global_bub_leaf_stump,unreviewed,unreviewed,global_cls__c10__source0p5,pair_letterbox_cls_patch__c100__source0p5__blend0p25,pairwise_conditional_logit_blend,pair_letterbox_cls_patch,100.0,0.5,0.25,0.0015214033603195814,0.001146790941994721,0.9968240786098302,0.00022481673545358087,0.00028291035240183914
img_7fb0d10d2640b88d,selection_conditional_full_development_oof_v2,dataset_dev/03_bubnivka_ceramics/b115.jpg,03_bubnivka_ceramics,03_bubnivka_ceramics,True,0.9974731244099525,03_bubnivka_ceramics,05_kosiv_ceramics,01_opishnyan_ceramics,4,train,srcgrp_c84a287f983aa7cd,src_global_bub_leaf_stump,unreviewed,unreviewed,global_cls__c10__source0p5,pair_letterbox_cls_patch__c100__source0p5__blend0p25,pairwise_conditional_logit_blend,pair_letterbox_cls_patch,100.0,0.5,0.25,0.0006245840763596816,0.0006155070666715457,0.9974731244099525,0.00016459989065985254,0.001122184556356363
img_e667888c4ed831a8,selection_conditional_full_development_oof_v2,dataset_dev/03_bubnivka_ceramics/b116.jpg,03_bubnivka_ceramics,03_bubnivka_ceramics,True,0.993837948118597,03_bubnivka_ceramics,05_kosiv_ceramics,01_opishnyan_ceramics,4,train,srcgrp_c84a287f983aa7cd,src_global_bub_leaf_stump,unreviewed,unreviewed,global_cls__c10__source0p5,pair_letterbox_cls_patch__c100__source0p5__blend0p25,pairwise_conditional_logit_blend,pair_letterbox_cls_patch,100.0,0.5,0.25,0.0019466920657939988,0.00023317162204849464,0.993837948118597,0.00019754214170241308,0.0037846460518580066
img_50a04827d56abd42,selection_conditional_full_development_oof_v2,dataset_dev/03_bubnivka_ceramics/b117.jpg,03_bubnivka_ceramics,03_bubnivka_ceramics,True,0.9967876666680001,03_bubnivka_ceramics,01_opishnyan_ceramics,02_ornek,1,train,obj_single_50a04827d56abd42,,unreviewed,unreviewed,global_cls__c10__source0p5,pair_letterbox_cls_patch__c100__source0p5__blend0p25,pairwise_conditional_logit_blend,pair_letterbox_cls_patch,100.0,0.5,0.25,0.0014262380521241132,0.0007722837156548236,0.9967876666680001,0.0003795595369168519,0.0006342520273039144
img_438a14d3163337b6,selection_conditional_full_development_oof_v2,dataset_dev/03_bubnivka_ceramics/b120.jpg,03_bubnivka_ceramics,03_bubnivka_ceramics,True,0.8496633112322793,03_bubnivka_ceramics,01_opishnyan_ceramics,02_ornek,2,train,obj_single_438a14d3163337b6,,unreviewed,unreviewed,global_cls__c10__source0p5,pair_letterbox_cls_patch__c100__source0p5__blend0p25,pairwise_conditional_logit_blend,pair_letterbox_cls_patch,100.0,0.5,0.25,0.12285100867445824,0.016191470597175024,0.8496633112322793,0.0026240152609638113,0.008670194235123654
img_bc3f255d0f8808f6,selection_conditional_full_development_oof_v2,dataset_dev/03_bubnivka_ceramics/b122.jpg,03_bubnivka_ceramics,03_bubnivka_ceramics,True,0.5677688116774254,03_bubnivka_ceramics,05_kosiv_ceramics,02_ornek,2,train,obj_single_bc3f255d0f8808f6,,unreviewed,unreviewed,global_cls__c10__source0p5,pair_letterbox_cls_patch__c100__source0p5__blend0p25,pairwise_conditional_logit_blend,pair_letterbox_cls_patch,100.0,0.5,0.25,0.008056848597333055,0.06342579375581434,0.5677688116774254,0.062499772776022144,0.298248773193405
img_0a3830439765bcf1,selection_conditional_full_development_oof_v2,dataset_dev/03_bubnivka_ceramics/b123.jpg,03_bubnivka_ceramics,03_bubnivka_ceramics,True,0.9912338528672636,03_bubnivka_ceramics,01_opishnyan_ceramics,05_kosiv_ceramics,1,train,src_manual_027,,mixed_display_or_collection,clear,global_cls__c10__source0p5,pair_letterbox_cls_patch__c100__source0p5__blend0p25,pairwise_conditional_logit_blend,pair_letterbox_cls_patch,100.0,0.5,0.25,0.003541992636254388,0.0010534930965782684,0.9912338528672636,0.0018650985277844153,0.002305562872119357
img_064d03bb46200c0b,selection_conditional_full_development_oof_v2,dataset_dev/03_bubnivka_ceramics/b125.jpg,03_bubnivka_ceramics,03_bubnivka_ceramics,True,0.9375457627867457,03_bubnivka_ceramics,01_opishnyan_ceramics,02_ornek,2,train,obj_single_064d03bb46200c0b,,unreviewed,unreviewed,global_cls__c10__source0p5,pair_letterbox_cls_patch__c100__source0p5__blend0p25,pairwise_conditional_logit_blend,pair_letterbox_cls_patch,100.0,0.5,0.25,0.05249271151138589,0.005899074182663537,0.9375457627867457,0.0016687242002086109,0.002393727318996193
img_db3fd2129b3a042d,selection_conditional_full_development_oof_v2,dataset_dev/03_bubnivka_ceramics/b126.jpg,03_bubnivka_ceramics,03_bubnivka_ceramics,True,0.9968571155655364,03_bubnivka_ceramics,05_kosiv_ceramics,01_opishnyan_ceramics,0,train,obj_single_db3fd2129b3a042d,,unreviewed,unreviewed,global_cls__c10__source0p5,pair_letterbox_cls_patch__c100__source0p5__blend0p25,pairwise_conditional_logit_blend,pair_letterbox_cls_patch,100.0,0.5,0.25,0.000991614233811938,0.00022868427919718444,0.9968571155655364,5.509299050553712e-05,0.0018674929309490777
img_08a71a3580503299,selection_conditional_full_development_oof_v2,dataset_dev/03_bubnivka_ceramics/b194.jpg,03_bubnivka_ceramics,03_bubnivka_ceramics,True,0.9723956168523403,03_bubnivka_ceramics,05_kosiv_ceramics,04_petrykivka_painting,2,train,obj_single_08a71a3580503299,,unreviewed,unreviewed,global_cls__c10__source0p5,pair_letterbox_cls_patch__c100__source0p5__blend0p25,pairwise_conditional_logit_blend,pair_letterbox_cls_patch,100.0,0.5,0.25,0.0004652859327687358,0.0013281791532941216,0.9723956168523403,0.0014678235795059465,0.024343094482090846
img_5b3054efa596c367,selection_conditional_full_development_oof_v2,dataset_dev/03_bubnivka_ceramics/b196.jpg,03_bubnivka_ceramics,03_bubnivka_ceramics,True,0.9948090343171571,03_bubnivka_ceramics,01_opishnyan_ceramics,02_ornek,0,train,obj_single_5b3054efa596c367,,unreviewed,unreviewed,global_cls__c10__source0p5,pair_letterbox_cls_patch__c100__source0p5__blend0p25,pairwise_conditional_logit_blend,pair_letterbox_cls_patch,100.0,0.5,0.25,0.0024685423274046036,0.0015777231977439291,0.9948090343171571,0.0005431522331309056,0.0006015479245633813
img_ca6997820626e903,selection_conditional_full_development_oof_v2,dataset_dev/03_bubnivka_ceramics/b197.jpg,03_bubnivka_ceramics,03_bubnivka_ceramics,True,0.9916051781727806,03_bubnivka_ceramics,01_opishnyan_ceramics,02_ornek,0,train,obj_single_ca6997820626e903,,unreviewed,unreviewed,global_cls__c10__source0p5,pair_letterbox_cls_patch__c100__source0p5__blend0p25,pairwise_conditional_logit_blend,pair_letterbox_cls_patch,100.0,0.5,0.25,0.005411362209801803,0.002287565707068301,0.9916051781727806,0.00018024620840140408,0.0005156477019480048
img_eb308e08bae7ce81,selection_conditional_full_development_oof_v2,dataset_dev/03_bubnivka_ceramics/b198.jpg,03_bubnivka_ceramics,03_bubnivka_ceramics,True,0.9717368299570853,03_bubnivka_ceramics,05_kosiv_ceramics,02_ornek,1,train,obj_single_eb308e08bae7ce81,,unreviewed,unreviewed,global_cls__c10__source0p5,pair_letterbox_cls_patch__c100__source0p5__blend0p25,pairwise_conditional_logit_blend,pair_letterbox_cls_patch,100.0,0.5,0.25,0.00044409821851736433,0.009249083190609027,0.9717368299570853,0.0030118649655663642,0.015558123668221836
img_3a8fefcb916a104a,selection_conditional_full_development_oof_v2,dataset_dev/03_bubnivka_ceramics/b199.jpg,03_bubnivka_ceramics,03_bubnivka_ceramics,True,0.9985135241552333,03_bubnivka_ceramics,01_opishnyan_ceramics,05_kosiv_ceramics,1,train,obj_single_3a8fefcb916a104a,,unreviewed,unreviewed,global_cls__c10__source0p5,pair_letterbox_cls_patch__c100__source0p5__blend0p25,pairwise_conditional_logit_blend,pair_letterbox_cls_patch,100.0,0.5,0.25,0.0006108960286575217,0.0002679185864568964,0.9985135241552333,0.0002791363924773747,0.00032852483717484406
img_f54218e34f9c427a,selection_conditional_full_development_oof_v2,dataset_dev/03_bubnivka_ceramics/b202.jpg,03_bubnivka_ceramics,03_bubnivka_ceramics,True,0.9869626988861342,03_bubnivka_ceramics,05_kosiv_ceramics,02_ornek,3,train,obj_single_f54218e34f9c427a,,unreviewed,unreviewed,global_cls__c10__source0p5,pair_letterbox_cls_patch__c100__source0p5__blend0p25,pairwise_conditional_logit_blend,pair_letterbox_cls_patch,100.0,0.5,0.25,0.0020034816064285407,0.0022972420803254665,0.9869626988861342,0.0002708025223733273,0.008465774904738507
img_02152c9b2ffcf6f8,selection_conditional_full_development_oof_v2,dataset_dev/03_bubnivka_ceramics/b203.jpg,03_bubnivka_ceramics,03_bubnivka_ceramics,True,0.7267687774003129,03_bubnivka_ceramics,05_kosiv_ceramics,02_ornek,0,train,obj_single_02152c9b2ffcf6f8,,unreviewed,unreviewed,global_cls__c10__source0p5,pair_letterbox_cls_patch__c100__source0p5__blend0p25,pairwise_conditional_logit_blend,pair_letterbox_cls_patch,100.0,0.5,0.25,0.021354561306246387,0.043106403562737206,0.7267687774003129,0.0015764989028539326,0.2071937588278496
img_fb2412bdcc177a82,selection_conditional_full_development_oof_v2,dataset_dev/03_bubnivka_ceramics/b204.jpg,03_bubnivka_ceramics,05_kosiv_ceramics,False,0.40906184026322717,05_kosiv_ceramics,02_ornek,03_bubnivka_ceramics,0,train,obj_single_fb2412bdcc177a82,,unreviewed,unreviewed,global_cls__c10__source0p5,pair_letterbox_cls_patch__c100__source0p5__blend0p25,pairwise_conditional_logit_blend,pair_letterbox_cls_patch,100.0,0.5,0.25,0.01068840158672601,0.4084427889989619,0.17060539545191128,0.0012015736991735336,0.40906184026322717
img_0bb359910fd11433,selection_conditional_full_development_oof_v2,dataset_dev/03_bubnivka_ceramics/b205.jpg,03_bubnivka_ceramics,01_opishnyan_ceramics,False,0.6327993694617299,01_opishnyan_ceramics,03_bubnivka_ceramics,05_kosiv_ceramics,3,train,srcgrp_32f746da59345286,src_global_bub_museum_interior,unreviewed,unreviewed,global_cls__c10__source0p5,pair_letterbox_cls_patch__c100__source0p5__blend0p25,pairwise_conditional_logit_blend,pair_letterbox_cls_patch,100.0,0.5,0.25,0.6327993694617299,0.00915761690428921,0.33625679128419655,0.0026757724438357636,0.019110449905948707
img_f9cc3aa9918ce171,selection_conditional_full_development_oof_v2,dataset_dev/03_bubnivka_ceramics/b206.jpg,03_bubnivka_ceramics,03_bubnivka_ceramics,True,0.7733951581841737,03_bubnivka_ceramics,05_kosiv_ceramics,01_opishnyan_ceramics,3,train,srcgrp_32f746da59345286,src_global_bub_museum_interior,mixed_display_or_collection,clear,global_cls__c10__source0p5,pair_letterbox_cls_patch__c100__source0p5__blend0p25,pairwise_conditional_logit_blend,pair_letterbox_cls_patch,100.0,0.5,0.25,0.0483027219273695,0.026757920148951574,0.7733951581841737,0.02119164227924401,0.13035255746026125
img_a7eb0297b535676e,selection_conditional_full_development_oof_v2,dataset_dev/03_bubnivka_ceramics/b206_2.jpg,03_bubnivka_ceramics,03_bubnivka_ceramics,True,0.7050375766921068,03_bubnivka_ceramics,01_opishnyan_ceramics,05_kosiv_ceramics,3,train,srcgrp_32f746da59345286,src_global_bub_museum_interior,mixed_display_or_collection,clear,global_cls__c10__source0p5,pair_letterbox_cls_patch__c100__source0p5__blend0p25,pairwise_conditional_logit_blend,pair_letterbox_cls_patch,100.0,0.5,0.25,0.11365572984651319,0.03753153472016235,0.7050375766921068,0.03259706593019109,0.11117809281102659
img_26b15cbbecf66be7,selection_conditional_full_development_oof_v2,dataset_dev/03_bubnivka_ceramics/b207.jpg,03_bubnivka_ceramics,03_bubnivka_ceramics,True,0.6077532410638778,03_bubnivka_ceramics,02_ornek,05_kosiv_ceramics,3,train,srcgrp_32f746da59345286,src_global_bub_museum_interior,unreviewed,unreviewed,global_cls__c10__source0p5,pair_letterbox_cls_patch__c100__source0p5__blend0p25,pairwise_conditional_logit_blend,pair_letterbox_cls_patch,100.0,0.5,0.25,0.005771247490624792,0.3031328461543941,0.6077532410638778,0.005374237086531084,0.0779684282045721
img_d099e2c33371f142,selection_conditional_full_development_oof_v2,dataset_dev/03_bubnivka_ceramics/b208.jpg,03_bubnivka_ceramics,03_bubnivka_ceramics,True,0.879840774672383,03_bubnivka_ceramics,02_ornek,01_opishnyan_ceramics,3,train,srcgrp_32f746da59345286,src_global_bub_museum_interior,unreviewed,unreviewed,global_cls__c10__source0p5,pair_letterbox_cls_patch__c100__source0p5__blend0p25,pairwise_conditional_logit_blend,pair_letterbox_cls_patch,100.0,0.5,0.25,0.01562998752988335,0.08683825482761592,0.879840774672383,0.005998841386343047,0.011692141583774657
img_9dc08ce1df8083fd,selection_conditional_full_development_oof_v2,dataset_dev/03_bubnivka_ceramics/b212.jpg,03_bubnivka_ceramics,03_bubnivka_ceramics,True,0.8840802416612911,03_bubnivka_ceramics,01_opishnyan_ceramics,05_kosiv_ceramics,3,train,srcgrp_32f746da59345286,src_global_bub_museum_interior,unreviewed,unreviewed,global_cls__c10__source0p5,pair_letterbox_cls_patch__c100__source0p5__blend0p25,pairwise_conditional_logit_blend,pair_letterbox_cls_patch,100.0,0.5,0.25,0.04537613474731669,0.03349496327240265,0.8840802416612911,0.0018939911045639717,0.03515466921442545
img_248093a764ffc019,selection_conditional_full_development_oof_v2,dataset_dev/03_bubnivka_ceramics/b213.jpg,03_bubnivka_ceramics,03_bubnivka_ceramics,True,0.9495520624895124,03_bubnivka_ceramics,01_opishnyan_ceramics,05_kosiv_ceramics,3,train,srcgrp_32f746da59345286,src_global_bub_museum_interior,unreviewed,unreviewed,global_cls__c10__source0p5,pair_letterbox_cls_patch__c100__source0p5__blend0p25,pairwise_conditional_logit_blend,pair_letterbox_cls_patch,100.0,0.5,0.25,0.031195300735456948,0.0012102109621571822,0.9495520624895124,0.0016482350266592471,0.016394190786214197
img_c991ba7c5d4afb71,selection_conditional_full_development_oof_v2,dataset_dev/03_bubnivka_ceramics/b214.jpg,03_bubnivka_ceramics,03_bubnivka_ceramics,True,0.8035349754997461,03_bubnivka_ceramics,01_opishnyan_ceramics,05_kosiv_ceramics,3,train,srcgrp_32f746da59345286,src_global_bub_museum_interior,unreviewed,unreviewed,global_cls__c10__source0p5,pair_letterbox_cls_patch__c100__source0p5__blend0p25,pairwise_conditional_logit_blend,pair_letterbox_cls_patch,100.0,0.5,0.25,0.12428104787072712,0.010950694454689533,0.8035349754997461,0.00433202159943212,0.056901260575405316
img_b0a24bedaa753e82,selection_conditional_full_development_oof_v2,dataset_dev/03_bubnivka_ceramics/b215.jpg,03_bubnivka_ceramics,03_bubnivka_ceramics,True,0.9296761368811695,03_bubnivka_ceramics,01_opishnyan_ceramics,05_kosiv_ceramics,3,train,srcgrp_32f746da59345286,src_global_bub_museum_interior,unreviewed,unreviewed,global_cls__c10__source0p5,pair_letterbox_cls_patch__c100__source0p5__blend0p25,pairwise_conditional_logit_blend,pair_letterbox_cls_patch,100.0,0.5,0.25,0.05263849969249071,0.0018640860402809583,0.9296761368811695,0.0011438227671168384,0.014677454618941913
img_a6e20a016cef411e,selection_conditional_full_development_oof_v2,dataset_dev/03_bubnivka_ceramics/b216.jpg,03_bubnivka_ceramics,01_opishnyan_ceramics,False,0.9534183755314509,01_opishnyan_ceramics,02_ornek,05_kosiv_ceramics,3,train,srcgrp_32f746da59345286,src_global_bub_museum_interior,unreviewed,unreviewed,global_cls__c10__source0p5,pair_letterbox_cls_patch__c100__source0p5__blend0p25,pairwise_conditional_logit_blend,pair_letterbox_cls_patch,100.0,0.5,0.25,0.9534183755314509,0.021594145779050156,0.0037647920505257033,0.0024544063349459765,0.018768280304027316
img_4519bdea3758eb44,selection_conditional_full_development_oof_v2,dataset_dev/03_bubnivka_ceramics/b220.jpg,03_bubnivka_ceramics,03_bubnivka_ceramics,True,0.7351753325251951,03_bubnivka_ceramics,01_opishnyan_ceramics,05_kosiv_ceramics,3,train,srcgrp_32f746da59345286,src_global_bub_museum_interior,unreviewed,unreviewed,global_cls__c10__source0p5,pair_letterbox_cls_patch__c100__source0p5__blend0p25,pairwise_conditional_logit_blend,pair_letterbox_cls_patch,100.0,0.5,0.25,0.25185920040600734,0.0008921768021033944,0.7351753325251951,0.0005054155443350607,0.011567874722359173
img_5fe43c8863280588,selection_conditional_full_development_oof_v2,dataset_dev/03_bubnivka_ceramics/b221.jpg,03_bubnivka_ceramics,03_bubnivka_ceramics,True,0.994989895021113,03_bubnivka_ceramics,01_opishnyan_ceramics,02_ornek,3,train,srcgrp_32f746da59345286,src_global_bub_museum_interior,unreviewed,unreviewed,global_cls__c10__source0p5,pair_letterbox_cls_patch__c100__source0p5__blend0p25,pairwise_conditional_logit_blend,pair_letterbox_cls_patch,100.0,0.5,0.25,0.003160131899515386,0.0009905026324823903,0.994989895021113,9.910189670135892e-05,0.0007603685501877441
img_cdc0f5d21f1e1a0f,selection_conditional_full_development_oof_v2,dataset_dev/03_bubnivka_ceramics/b222.jpg,03_bubnivka_ceramics,03_bubnivka_ceramics,True,0.9099534536420179,03_bubnivka_ceramics,01_opishnyan_ceramics,02_ornek,3,train,srcgrp_32f746da59345286,src_global_bub_museum_interior,unreviewed,unreviewed,global_cls__c10__source0p5,pair_letterbox_cls_patch__c100__source0p5__blend0p25,pairwise_conditional_logit_blend,pair_letterbox_cls_patch,100.0,0.5,0.25,0.08064683293997278,0.005715005599473273,0.9099534536420179,0.0007308247533755565,0.002953883065160656
img_660f93e8e100b9a7,selection_conditional_full_development_oof_v2,dataset_dev/03_bubnivka_ceramics/b223.jpg,03_bubnivka_ceramics,03_bubnivka_ceramics,True,0.914063921152039,03_bubnivka_ceramics,01_opishnyan_ceramics,05_kosiv_ceramics,3,train,srcgrp_32f746da59345286,src_global_bub_museum_interior,unreviewed,unreviewed,global_cls__c10__source0p5,pair_letterbox_cls_patch__c100__source0p5__blend0p25,pairwise_conditional_logit_blend,pair_letterbox_cls_patch,100.0,0.5,0.25,0.08125581781103006,0.0008839592260125119,0.914063921152039,0.0006270997812234762,0.0031692020296948576
img_69d61dad044c7abb,selection_conditional_full_development_oof_v2,dataset_dev/03_bubnivka_ceramics/b225.jpg,03_bubnivka_ceramics,03_bubnivka_ceramics,True,0.895374222960253,03_bubnivka_ceramics,01_opishnyan_ceramics,05_kosiv_ceramics,3,train,srcgrp_32f746da59345286,src_global_bub_museum_interior,unreviewed,unreviewed,global_cls__c10__source0p5,pair_letterbox_cls_patch__c100__source0p5__blend0p25,pairwise_conditional_logit_blend,pair_letterbox_cls_patch,100.0,0.5,0.25,0.10206326882042406,0.0007365049668716479,0.895374222960253,0.00016427030934769386,0.0016617329431035275
img_e9b4a87a18b8688a,selection_conditional_full_development_oof_v2,dataset_dev/03_bubnivka_ceramics/b226.jpg,03_bubnivka_ceramics,01_opishnyan_ceramics,False,0.6717943650635605,01_opishnyan_ceramics,03_bubnivka_ceramics,02_ornek,3,train,srcgrp_32f746da59345286,src_global_bub_museum_interior,unreviewed,unreviewed,global_cls__c10__source0p5,pair_letterbox_cls_patch__c100__source0p5__blend0p25,pairwise_conditional_logit_blend,pair_letterbox_cls_patch,100.0,0.5,0.25,0.6717943650635605,0.003436136694347609,0.32301230592011404,0.00020052799749441117,0.0015566643244834537
img_7daa936e79ea6da0,selection_conditional_full_development_oof_v2,dataset_dev/03_bubnivka_ceramics/b227.jpg,03_bubnivka_ceramics,03_bubnivka_ceramics,True,0.7120435916333193,03_bubnivka_ceramics,01_opishnyan_ceramics,05_kosiv_ceramics,3,train,srcgrp_32f746da59345286,src_global_bub_museum_interior,unreviewed,unreviewed,global_cls__c10__source0p5,pair_letterbox_cls_patch__c100__source0p5__blend0p25,pairwise_conditional_logit_blend,pair_letterbox_cls_patch,100.0,0.5,0.25,0.2729019234503562,0.0006358426315638782,0.7120435916333193,0.0008513599648519133,0.013567282319908796
img_6fd39037899a10db,selection_conditional_full_development_oof_v2,dataset_dev/03_bubnivka_ceramics/b228.jpg,03_bubnivka_ceramics,01_opishnyan_ceramics,False,0.5101361397409024,01_opishnyan_ceramics,03_bubnivka_ceramics,02_ornek,3,train,srcgrp_32f746da59345286,src_global_bub_museum_interior,unreviewed,unreviewed,global_cls__c10__source0p5,pair_letterbox_cls_patch__c100__source0p5__blend0p25,pairwise_conditional_logit_blend,pair_letterbox_cls_patch,100.0,0.5,0.25,0.5101361397409024,0.11781022503675899,0.29021938754368276,0.0018337659240128977,0.08000048175464292
img_a8e039e860a9d465,selection_conditional_full_development_oof_v2,dataset_dev/03_bubnivka_ceramics/b231.jpg,03_bubnivka_ceramics,01_opishnyan_ceramics,False,0.5340609271105473,01_opishnyan_ceramics,03_bubnivka_ceramics,02_ornek,3,train,srcgrp_32f746da59345286,src_global_bub_museum_interior,unreviewed,unreviewed,global_cls__c10__source0p5,pair_letterbox_cls_patch__c100__source0p5__blend0p25,pairwise_conditional_logit_blend,pair_letterbox_cls_patch,100.0,0.5,0.25,0.5340609271105473,0.05322168773025681,0.37323269132885095,0.007059754996364366,0.032424938833980566
img_bf1427a7e8fd57ac,selection_conditional_full_development_oof_v2,dataset_dev/03_bubnivka_ceramics/b234.jpg,03_bubnivka_ceramics,03_bubnivka_ceramics,True,0.9520928487277139,03_bubnivka_ceramics,01_opishnyan_ceramics,02_ornek,3,train,srcgrp_32f746da59345286,src_global_bub_museum_interior,unreviewed,unreviewed,global_cls__c10__source0p5,pair_letterbox_cls_patch__c100__source0p5__blend0p25,pairwise_conditional_logit_blend,pair_letterbox_cls_patch,100.0,0.5,0.25,0.02854675276514875,0.016606852149327087,0.9520928487277139,0.0002699669906350227,0.0024835793671753106
img_6406ebac3be8c7bc,selection_conditional_full_development_oof_v2,dataset_dev/03_bubnivka_ceramics/b235.jpg,03_bubnivka_ceramics,03_bubnivka_ceramics,True,0.8240080872896354,03_bubnivka_ceramics,01_opishnyan_ceramics,05_kosiv_ceramics,3,train,srcgrp_32f746da59345286,src_global_bub_museum_interior,unreviewed,unreviewed,global_cls__c10__source0p5,pair_letterbox_cls_patch__c100__source0p5__blend0p25,pairwise_conditional_logit_blend,pair_letterbox_cls_patch,100.0,0.5,0.25,0.1653931931025579,0.0038552670766393454,0.8240080872896354,0.0001938553187756432,0.006549597212391701
img_16626c6cdaf572ec,selection_conditional_full_development_oof_v2,dataset_dev/03_bubnivka_ceramics/b236.jpg,03_bubnivka_ceramics,03_bubnivka_ceramics,True,0.9855951173436907,03_bubnivka_ceramics,02_ornek,05_kosiv_ceramics,2,train,srcgrp_8f610c5515edc7b9,src_global_bub_mesh_plate_pairs,plate_or_bowl,clear,global_cls__c10__source0p5,pair_letterbox_cls_patch__c100__source0p5__blend0p25,pairwise_conditional_logit_blend,pair_letterbox_cls_patch,100.0,0.5,0.25,0.00032847426994587537,0.010623518103828215,0.9855951173436907,0.0006567128689898119,0.0027961774135456447
img_271ef815035ccb1e,selection_conditional_full_development_oof_v2,dataset_dev/03_bubnivka_ceramics/b236_2.jpg,03_bubnivka_ceramics,03_bubnivka_ceramics,True,0.6307347989549694,03_bubnivka_ceramics,01_opishnyan_ceramics,02_ornek,2,train,srcgrp_8f610c5515edc7b9,src_global_bub_mesh_plate_pairs,plate_or_bowl,partial,global_cls__c10__source0p5,pair_letterbox_cls_patch__c100__source0p5__blend0p25,pairwise_conditional_logit_blend,pair_letterbox_cls_patch,100.0,0.5,0.25,0.3576656078792628,0.007595939415988664,0.6307347989549694,0.002865421931580952,0.0011382318181980167
img_3a28fcd4939bea31,selection_conditional_full_development_oof_v2,dataset_dev/03_bubnivka_ceramics/b237.jpg,03_bubnivka_ceramics,03_bubnivka_ceramics,True,0.9909542653880733,03_bubnivka_ceramics,02_ornek,05_kosiv_ceramics,2,train,srcgrp_8f610c5515edc7b9,src_global_bub_mesh_plate_pairs,plate_or_bowl,clear,global_cls__c10__source0p5,pair_letterbox_cls_patch__c100__source0p5__blend0p25,pairwise_conditional_logit_blend,pair_letterbox_cls_patch,100.0,0.5,0.25,0.00208391161894772,0.004016578307397138,0.9909542653880733,0.0002953147661122552,0.002649929919469723
img_591815414d87bfcd,selection_conditional_full_development_oof_v2,dataset_dev/03_bubnivka_ceramics/b237_2.jpg,03_bubnivka_ceramics,01_opishnyan_ceramics,False,0.6640790238296652,01_opishnyan_ceramics,03_bubnivka_ceramics,02_ornek,2,train,srcgrp_8f610c5515edc7b9,src_global_bub_mesh_plate_pairs,plate_or_bowl,partial,global_cls__c10__source0p5,pair_letterbox_cls_patch__c100__source0p5__blend0p25,pairwise_conditional_logit_blend,pair_letterbox_cls_patch,100.0,0.5,0.25,0.6640790238296652,0.020678434673026824,0.3064710864455406,0.0029322817583675204,0.005839173293399961
img_f57d2a035e0e7e73,selection_conditional_full_development_oof_v2,dataset_dev/03_bubnivka_ceramics/b238.jpg,03_bubnivka_ceramics,03_bubnivka_ceramics,True,0.9922819777693043,03_bubnivka_ceramics,02_ornek,05_kosiv_ceramics,2,train,srcgrp_8f610c5515edc7b9,src_global_bub_mesh_plate_pairs,plate_or_bowl,clear,global_cls__c10__source0p5,pair_letterbox_cls_patch__c100__source0p5__blend0p25,pairwise_conditional_logit_blend,pair_letterbox_cls_patch,100.0,0.5,0.25,0.0009742563326626747,0.004609301583868808,0.9922819777693043,0.0003356389217685111,0.0017988253923957704
img_65847e8071f3f242,selection_conditional_full_development_oof_v2,dataset_dev/03_bubnivka_ceramics/b238_2.jpg,03_bubnivka_ceramics,01_opishnyan_ceramics,False,0.5066656201920638,01_opishnyan_ceramics,03_bubnivka_ceramics,02_ornek,2,train,srcgrp_8f610c5515edc7b9,src_global_bub_mesh_plate_pairs,plate_or_bowl,partial,global_cls__c10__source0p5,pair_letterbox_cls_patch__c100__source0p5__blend0p25,pairwise_conditional_logit_blend,pair_letterbox_cls_patch,100.0,0.5,0.25,0.5066656201920638,0.01836731936488461,0.4655499024603704,0.0022079943056196585,0.007209163677061607
img_a5a9d42159f19a42,selection_conditional_full_development_oof_v2,dataset_dev/03_bubnivka_ceramics/b239.jpg,03_bubnivka_ceramics,03_bubnivka_ceramics,True,0.9888152989361284,03_bubnivka_ceramics,05_kosiv_ceramics,02_ornek,2,train,srcgrp_8f610c5515edc7b9,src_global_bub_mesh_plate_pairs,plate_or_bowl,clear,global_cls__c10__source0p5,pair_letterbox_cls_patch__c100__source0p5__blend0p25,pairwise_conditional_logit_blend,pair_letterbox_cls_patch,100.0,0.5,0.25,0.0011219893785650561,0.004152740495094768,0.9888152989361284,0.0001094219073812976,0.005800549282830329
img_198c35968dd81cc2,selection_conditional_full_development_oof_v2,dataset_dev/03_bubnivka_ceramics/b239_2.jpg,03_bubnivka_ceramics,03_bubnivka_ceramics,True,0.8596611182030803,03_bubnivka_ceramics,01_opishnyan_ceramics,02_ornek,2,train,srcgrp_8f610c5515edc7b9,src_global_bub_mesh_plate_pairs,plate_or_bowl,partial,global_cls__c10__source0p5,pair_letterbox_cls_patch__c100__source0p5__blend0p25,pairwise_conditional_logit_blend,pair_letterbox_cls_patch,100.0,0.5,0.25,0.1256939381745691,0.007987420934834955,0.8596611182030803,0.004931764806914196,0.0017257578806012118
img_0c01474cb95ab6e5,selection_conditional_full_development_oof_v2,dataset_dev/03_bubnivka_ceramics/b240.jpg,03_bubnivka_ceramics,03_bubnivka_ceramics,True,0.9917148496951969,03_bubnivka_ceramics,02_ornek,05_kosiv_ceramics,2,train,srcgrp_8f610c5515edc7b9,src_global_bub_mesh_plate_pairs,plate_or_bowl,clear,global_cls__c10__source0p5,pair_letterbox_cls_patch__c100__source0p5__blend0p25,pairwise_conditional_logit_blend,pair_letterbox_cls_patch,100.0,0.5,0.25,0.0005390009176246349,0.005987624691510609,0.9917148496951969,0.0001522578691273428,0.0016062668265403798
img_f89b50d021c32e3f,selection_conditional_full_development_oof_v2,dataset_dev/03_bubnivka_ceramics/b240_2.jpg,03_bubnivka_ceramics,03_bubnivka_ceramics,True,0.5782139132723317,03_bubnivka_ceramics,01_opishnyan_ceramics,02_ornek,2,train,srcgrp_8f610c5515edc7b9,src_global_bub_mesh_plate_pairs,plate_or_bowl,partial,global_cls__c10__source0p5,pair_letterbox_cls_patch__c100__source0p5__blend0p25,pairwise_conditional_logit_blend,pair_letterbox_cls_patch,100.0,0.5,0.25,0.4062160605391226,0.009062460853296123,0.5782139132723317,0.001801869883532157,0.004705695451717433
img_c2b38ddaf202663e,selection_conditional_full_development_oof_v2,dataset_dev/03_bubnivka_ceramics/b244.jpg,03_bubnivka_ceramics,03_bubnivka_ceramics,True,0.7631211273207634,03_bubnivka_ceramics,01_opishnyan_ceramics,05_kosiv_ceramics,0,train,obj_single_c2b38ddaf202663e,,unreviewed,unreviewed,global_cls__c10__source0p5,pair_letterbox_cls_patch__c100__source0p5__blend0p25,pairwise_conditional_logit_blend,pair_letterbox_cls_patch,100.0,0.5,0.25,0.19011204916058355,0.0016754265936692358,0.7631211273207634,0.012838000766286493,0.032253396158697226
img_f77018162aedca35,selection_conditional_full_development_oof_v2,dataset_dev/03_bubnivka_ceramics/b245.jpg,03_bubnivka_ceramics,03_bubnivka_ceramics,True,0.4910048189791079,03_bubnivka_ceramics,05_kosiv_ceramics,02_ornek,2,train,obj_single_f77018162aedca35,,unreviewed,unreviewed,global_cls__c10__source0p5,pair_letterbox_cls_patch__c100__source0p5__blend0p25,pairwise_conditional_logit_blend,pair_letterbox_cls_patch,100.0,0.5,0.25,0.04743690521610317,0.1395341747627211,0.4910048189791079,0.05896480683388739,0.26305929420818025
img_1e4f0753856f0cba,selection_conditional_full_development_oof_v2,dataset_dev/03_bubnivka_ceramics/b246.jpg,03_bubnivka_ceramics,03_bubnivka_ceramics,True,0.9263581041577031,03_bubnivka_ceramics,02_ornek,04_petrykivka_painting,2,train,obj_single_1e4f0753856f0cba,,unreviewed,unreviewed,global_cls__c10__source0p5,pair_letterbox_cls_patch__c100__source0p5__blend0p25,pairwise_conditional_logit_blend,pair_letterbox_cls_patch,100.0,0.5,0.25,0.0053338216388508185,0.027375594483772744,0.9263581041577031,0.022195853515298375,0.018736626204375047
img_3210550318a9b87c,selection_conditional_full_development_oof_v2,dataset_dev/03_bubnivka_ceramics/b247.jpg,03_bubnivka_ceramics,03_bubnivka_ceramics,True,0.9780137319081054,03_bubnivka_ceramics,05_kosiv_ceramics,01_opishnyan_ceramics,1,train,obj_single_3210550318a9b87c,,unreviewed,unreviewed,global_cls__c10__source0p5,pair_letterbox_cls_patch__c100__source0p5__blend0p25,pairwise_conditional_logit_blend,pair_letterbox_cls_patch,100.0,0.5,0.25,0.008839609804892842,0.00044177175999066934,0.9780137319081054,0.0037099009301330703,0.008994985596878023
img_8fdf789d4ac7e3ce,selection_conditional_full_development_oof_v2,dataset_dev/03_bubnivka_ceramics/b248.jpg,03_bubnivka_ceramics,03_bubnivka_ceramics,True,0.9443318467926182,03_bubnivka_ceramics,02_ornek,01_opishnyan_ceramics,0,train,obj_single_8fdf789d4ac7e3ce,,unreviewed,unreviewed,global_cls__c10__source0p5,pair_letterbox_cls_patch__c100__source0p5__blend0p25,pairwise_conditional_logit_blend,pair_letterbox_cls_patch,100.0,0.5,0.25,0.009342970675079113,0.0406516427017767,0.9443318467926182,0.0005078713537794184,0.005165668476746655
img_2ff39e5c693c1e96,selection_conditional_full_development_oof_v2,dataset_dev/03_bubnivka_ceramics/b263.jpg,03_bubnivka_ceramics,03_bubnivka_ceramics,True,0.9909669874461611,03_bubnivka_ceramics,04_petrykivka_painting,01_opishnyan_ceramics,4,validation,srcgrp_6d5d4ba8acb3dedc,src_global_bub_vognik_watermark,unreviewed,unreviewed,global_cls__c10__source0p5,pair_letterbox_cls_patch__c100__source0p5__blend0p25,pairwise_conditional_logit_blend,pair_letterbox_cls_patch,100.0,0.5,0.25,0.002753875913190262,0.0013115827409003245,0.9909669874461611,0.0032612297777483454,0.001706324121999924
img_dcda2b8e285fae28,selection_conditional_full_development_oof_v2,dataset_dev/03_bubnivka_ceramics/b264.jpg,03_bubnivka_ceramics,03_bubnivka_ceramics,True,0.9900846842134032,03_bubnivka_ceramics,05_kosiv_ceramics,02_ornek,4,validation,srcgrp_6d5d4ba8acb3dedc,src_global_bub_vognik_watermark,unreviewed,unreviewed,global_cls__c10__source0p5,pair_letterbox_cls_patch__c100__source0p5__blend0p25,pairwise_conditional_logit_blend,pair_letterbox_cls_patch,100.0,0.5,0.25,0.0009347704495022486,0.003204665036981193,0.9900846842134032,0.0017860814830776494,0.003989798817035734
img_d54ed9bdedd5d00c,selection_conditional_full_development_oof_v2,dataset_dev/03_bubnivka_ceramics/b265.jpg,03_bubnivka_ceramics,03_bubnivka_ceramics,True,0.8591298706078355,03_bubnivka_ceramics,02_ornek,04_petrykivka_painting,4,validation,srcgrp_6d5d4ba8acb3dedc,src_global_bub_vognik_watermark,unreviewed,unreviewed,global_cls__c10__source0p5,pair_letterbox_cls_patch__c100__source0p5__blend0p25,pairwise_conditional_logit_blend,pair_letterbox_cls_patch,100.0,0.5,0.25,0.002155959139162223,0.13140993456887481,0.8591298706078355,0.004492472990779884,0.0028117626933475545
img_5eadfe43455ebf1f,selection_conditional_full_development_oof_v2,dataset_dev/03_bubnivka_ceramics/b266.jpg,03_bubnivka_ceramics,03_bubnivka_ceramics,True,0.7215846745983068,03_bubnivka_ceramics,05_kosiv_ceramics,01_opishnyan_ceramics,4,validation,srcgrp_6d5d4ba8acb3dedc,src_global_bub_vognik_watermark,unreviewed,unreviewed,global_cls__c10__source0p5,pair_letterbox_cls_patch__c100__source0p5__blend0p25,pairwise_conditional_logit_blend,pair_letterbox_cls_patch,100.0,0.5,0.25,0.07842825265522681,0.057981027699817014,0.7215846745983068,0.007685888170585196,0.1343201568760641
img_66ffbed5596b907d,selection_conditional_full_development_oof_v2,dataset_dev/03_bubnivka_ceramics/b267.jpg,03_bubnivka_ceramics,03_bubnivka_ceramics,True,0.9917706711063266,03_bubnivka_ceramics,05_kosiv_ceramics,01_opishnyan_ceramics,4,validation,srcgrp_6d5d4ba8acb3dedc,src_global_bub_vognik_watermark,unreviewed,unreviewed,global_cls__c10__source0p5,pair_letterbox_cls_patch__c100__source0p5__blend0p25,pairwise_conditional_logit_blend,pair_letterbox_cls_patch,100.0,0.5,0.25,0.0025005613977363062,0.001732976478403125,0.9917706711063266,0.0010328724133396748,0.0029629186041942976
img_f38edeebc519198c,selection_conditional_full_development_oof_v2,dataset_dev/03_bubnivka_ceramics/b268.jpg,03_bubnivka_ceramics,03_bubnivka_ceramics,True,0.8306617455533458,03_bubnivka_ceramics,05_kosiv_ceramics,02_ornek,4,validation,srcgrp_6d5d4ba8acb3dedc,src_global_bub_vognik_watermark,unreviewed,unreviewed,global_cls__c10__source0p5,pair_letterbox_cls_patch__c100__source0p5__blend0p25,pairwise_conditional_logit_blend,pair_letterbox_cls_patch,100.0,0.5,0.25,0.010369531746539247,0.05382871171302907,0.8306617455533458,0.0065723024810078875,0.09856770850607785
img_ec347acfebc1c534,selection_conditional_full_development_oof_v2,dataset_dev/03_bubnivka_ceramics/b275.jpg,03_bubnivka_ceramics,03_bubnivka_ceramics,True,0.9678376815017828,03_bubnivka_ceramics,02_ornek,01_opishnyan_ceramics,0,train,obj_single_ec347acfebc1c534,,unreviewed,unreviewed,global_cls__c10__source0p5,pair_letterbox_cls_patch__c100__source0p5__blend0p25,pairwise_conditional_logit_blend,pair_letterbox_cls_patch,100.0,0.5,0.25,0.007310723731685854,0.02217376876529179,0.9678376815017828,0.0007080120473638791,0.0019698139538755935
img_614141ec2451f82e,selection_conditional_full_development_oof_v2,dataset_dev/03_bubnivka_ceramics/b277.jpg,03_bubnivka_ceramics,03_bubnivka_ceramics,True,0.9966133362268652,03_bubnivka_ceramics,01_opishnyan_ceramics,02_ornek,1,train,obj_single_614141ec2451f82e,,unreviewed,unreviewed,global_cls__c10__source0p5,pair_letterbox_cls_patch__c100__source0p5__blend0p25,pairwise_conditional_logit_blend,pair_letterbox_cls_patch,100.0,0.5,0.25,0.0020038357424359767,0.000779299792332998,0.9966133362268652,0.00019943342478576304,0.0004040948135800771
img_d53f3ca5baf499a2,selection_conditional_full_development_oof_v2,dataset_dev/03_bubnivka_ceramics/b280.jpg,03_bubnivka_ceramics,03_bubnivka_ceramics,True,0.9918009120289246,03_bubnivka_ceramics,05_kosiv_ceramics,01_opishnyan_ceramics,0,train,obj_single_d53f3ca5baf499a2,,unreviewed,unreviewed,global_cls__c10__source0p5,pair_letterbox_cls_patch__c100__source0p5__blend0p25,pairwise_conditional_logit_blend,pair_letterbox_cls_patch,100.0,0.5,0.25,0.003369101278308555,0.0005271364533713137,0.9918009120289246,0.0002479356858613986,0.00405491455353376
img_79515fd601e6a6e2,selection_conditional_full_development_oof_v2,dataset_dev/03_bubnivka_ceramics/b284.jpg,03_bubnivka_ceramics,03_bubnivka_ceramics,True,0.9972684963742502,03_bubnivka_ceramics,02_ornek,05_kosiv_ceramics,1,train,obj_single_79515fd601e6a6e2,,unreviewed,unreviewed,global_cls__c10__source0p5,pair_letterbox_cls_patch__c100__source0p5__blend0p25,pairwise_conditional_logit_blend,pair_letterbox_cls_patch,100.0,0.5,0.25,0.0001759501591581064,0.0013387260632159277,0.9972684963742502,0.00036585875442960504,0.0008509686489460781
img_caf7900894d6afa2,selection_conditional_full_development_oof_v2,dataset_dev/03_bubnivka_ceramics/b286.jpg,03_bubnivka_ceramics,03_bubnivka_ceramics,True,0.9350709397685825,03_bubnivka_ceramics,05_kosiv_ceramics,01_opishnyan_ceramics,2,train,obj_single_caf7900894d6afa2,,unreviewed,unreviewed,global_cls__c10__source0p5,pair_letterbox_cls_patch__c100__source0p5__blend0p25,pairwise_conditional_logit_blend,pair_letterbox_cls_patch,100.0,0.5,0.25,0.012331227226884333,0.00447730080935318,0.9350709397685825,0.00042675795148495554,0.0476937742436951
img_dcbe7bb9a7faab56,selection_conditional_full_development_oof_v2,dataset_dev/03_bubnivka_ceramics/b288.jpg,03_bubnivka_ceramics,03_bubnivka_ceramics,True,0.9651156049363058,03_bubnivka_ceramics,01_opishnyan_ceramics,05_kosiv_ceramics,4,train,obj_single_dcbe7bb9a7faab56,,unreviewed,unreviewed,global_cls__c10__source0p5,pair_letterbox_cls_patch__c100__source0p5__blend0p25,pairwise_conditional_logit_blend,pair_letterbox_cls_patch,100.0,0.5,0.25,0.030857567682739045,0.00016080700423849856,0.9651156049363058,0.0003848589915959708,0.0034811613851207894
img_ac59e3e6d17d38f6,selection_conditional_full_development_oof_v2,dataset_dev/03_bubnivka_ceramics/b290.jpg,03_bubnivka_ceramics,02_ornek,False,0.34781977823725013,02_ornek,03_bubnivka_ceramics,01_opishnyan_ceramics,0,train,obj_single_ac59e3e6d17d38f6,,unreviewed,unreviewed,global_cls__c10__source0p5,pair_letterbox_cls_patch__c100__source0p5__blend0p25,pairwise_conditional_logit_blend,pair_letterbox_cls_patch,100.0,0.5,0.25,0.2824950100786619,0.34781977823725013,0.3069264188665503,0.011024762065710441,0.05173403075182709
img_d0bf1a42720f71fe,selection_conditional_full_development_oof_v2,dataset_dev/03_bubnivka_ceramics/b294.jpg,03_bubnivka_ceramics,03_bubnivka_ceramics,True,0.9944271661584749,03_bubnivka_ceramics,02_ornek,01_opishnyan_ceramics,2,validation,srcgrp_12bb6621dab44eb0,src_global_bub_dark_cloth_closeups,unreviewed,unreviewed,global_cls__c10__source0p5,pair_letterbox_cls_patch__c100__source0p5__blend0p25,pairwise_conditional_logit_blend,pair_letterbox_cls_patch,100.0,0.5,0.25,0.0009448140544592806,0.003369802115431489,0.9944271661584749,0.0009075328260222096,0.0003506848456117213
img_ee59c5d4382cc9a1,selection_conditional_full_development_oof_v2,dataset_dev/03_bubnivka_ceramics/b296.jpg,03_bubnivka_ceramics,03_bubnivka_ceramics,True,0.9958919682739255,03_bubnivka_ceramics,04_petrykivka_painting,02_ornek,2,validation,srcgrp_12bb6621dab44eb0,src_global_bub_dark_cloth_closeups,unreviewed,unreviewed,global_cls__c10__source0p5,pair_letterbox_cls_patch__c100__source0p5__blend0p25,pairwise_conditional_logit_blend,pair_letterbox_cls_patch,100.0,0.5,0.25,0.0006433523780948957,0.0007379878471078783,0.9958919682739255,0.0023260364428813202,0.00040065505799025933
img_0f314014e178659a,selection_conditional_full_development_oof_v2,dataset_dev/03_bubnivka_ceramics/b298.jpg,03_bubnivka_ceramics,03_bubnivka_ceramics,True,0.992474462762543,03_bubnivka_ceramics,02_ornek,04_petrykivka_painting,2,validation,srcgrp_12bb6621dab44eb0,src_global_bub_dark_cloth_closeups,unreviewed,unreviewed,global_cls__c10__source0p5,pair_letterbox_cls_patch__c100__source0p5__blend0p25,pairwise_conditional_logit_blend,pair_letterbox_cls_patch,100.0,0.5,0.25,0.0016154065701997702,0.0033131791359059617,0.992474462762543,0.002125574845845698,0.00047137668550533335
img_81bf7176fed4af37,selection_conditional_full_development_oof_v2,dataset_dev/03_bubnivka_ceramics/b300.jpg,03_bubnivka_ceramics,03_bubnivka_ceramics,True,0.9878282984016169,03_bubnivka_ceramics,01_opishnyan_ceramics,02_ornek,2,validation,srcgrp_12bb6621dab44eb0,src_global_bub_dark_cloth_closeups,unreviewed,unreviewed,global_cls__c10__source0p5,pair_letterbox_cls_patch__c100__source0p5__blend0p25,pairwise_conditional_logit_blend,pair_letterbox_cls_patch,100.0,0.5,0.25,0.0053366066591862375,0.004553049407590786,0.9878282984016169,0.0007954115386938015,0.001486633992912274
img_5aa3296bc5410d0f,selection_conditional_full_development_oof_v2,dataset_dev/03_bubnivka_ceramics/b302.jpg,03_bubnivka_ceramics,03_bubnivka_ceramics,True,0.9611246695359081,03_bubnivka_ceramics,05_kosiv_ceramics,02_ornek,2,validation,srcgrp_12bb6621dab44eb0,src_global_bub_dark_cloth_closeups,unreviewed,unreviewed,global_cls__c10__source0p5,pair_letterbox_cls_patch__c100__source0p5__blend0p25,pairwise_conditional_logit_blend,pair_letterbox_cls_patch,100.0,0.5,0.25,0.0061905748159384886,0.011627915258593968,0.9611246695359081,0.002658924556837885,0.01839791583272141
img_cf8f39fc8e4eb741,selection_conditional_full_development_oof_v2,dataset_dev/03_bubnivka_ceramics/b306.jpg,03_bubnivka_ceramics,03_bubnivka_ceramics,True,0.9854145742985454,03_bubnivka_ceramics,01_opishnyan_ceramics,02_ornek,2,validation,srcgrp_12bb6621dab44eb0,src_global_bub_dark_cloth_closeups,unreviewed,unreviewed,global_cls__c10__source0p5,pair_letterbox_cls_patch__c100__source0p5__blend0p25,pairwise_conditional_logit_blend,pair_letterbox_cls_patch,100.0,0.5,0.25,0.010125287115164732,0.0024326910022172683,0.9854145742985454,0.0008128156173687425,0.0012146319667038457
img_19ad82ae22d01c3b,selection_conditional_full_development_oof_v2,dataset_dev/03_bubnivka_ceramics/b307.jpg,03_bubnivka_ceramics,03_bubnivka_ceramics,True,0.9896413015105467,03_bubnivka_ceramics,02_ornek,05_kosiv_ceramics,2,validation,srcgrp_12bb6621dab44eb0,src_global_bub_dark_cloth_closeups,unreviewed,unreviewed,global_cls__c10__source0p5,pair_letterbox_cls_patch__c100__source0p5__blend0p25,pairwise_conditional_logit_blend,pair_letterbox_cls_patch,100.0,0.5,0.25,0.0023303872143780077,0.004764863048482169,0.9896413015105467,0.0005889437570189955,0.002674504469574396
img_475836cf0ae16d6a,selection_conditional_full_development_oof_v2,dataset_dev/03_bubnivka_ceramics/b308.jpg,03_bubnivka_ceramics,03_bubnivka_ceramics,True,0.9909994002992792,03_bubnivka_ceramics,01_opishnyan_ceramics,05_kosiv_ceramics,3,train,srcgrp_b5344db4840ccf55,src_global_bub_blue_fair_table,unreviewed,unreviewed,global_cls__c10__source0p5,pair_letterbox_cls_patch__c100__source0p5__blend0p25,pairwise_conditional_logit_blend,pair_letterbox_cls_patch,100.0,0.5,0.25,0.006364329407678624,0.00023762744486094134,0.9909994002992792,0.0002628400820501155,0.002135802766130991
img_bbb940ad1ce14fac,selection_conditional_full_development_oof_v2,dataset_dev/03_bubnivka_ceramics/b309.jpg,03_bubnivka_ceramics,03_bubnivka_ceramics,True,0.9826246950726114,03_bubnivka_ceramics,01_opishnyan_ceramics,05_kosiv_ceramics,3,train,srcgrp_b5344db4840ccf55,src_global_bub_blue_fair_table,unreviewed,unreviewed,global_cls__c10__source0p5,pair_letterbox_cls_patch__c100__source0p5__blend0p25,pairwise_conditional_logit_blend,pair_letterbox_cls_patch,100.0,0.5,0.25,0.012194945286432477,0.0003396716529445037,0.9826246950726114,0.0002575791229801314,0.0045831088650316225
img_d94a449e9900ca0b,selection_conditional_full_development_oof_v2,dataset_dev/03_bubnivka_ceramics/b311.jpg,03_bubnivka_ceramics,03_bubnivka_ceramics,True,0.9058519228132987,03_bubnivka_ceramics,01_opishnyan_ceramics,05_kosiv_ceramics,3,train,srcgrp_b5344db4840ccf55,src_global_bub_blue_fair_table,unreviewed,unreviewed,global_cls__c10__source0p5,pair_letterbox_cls_patch__c100__source0p5__blend0p25,pairwise_conditional_logit_blend,pair_letterbox_cls_patch,100.0,0.5,0.25,0.0882328536478235,0.0020573763292010792,0.9058519228132987,0.0016978647738613477,0.0021599824358151643
img_45d1de0d3a1dd253,selection_conditional_full_development_oof_v2,dataset_dev/03_bubnivka_ceramics/b312.jpg,03_bubnivka_ceramics,03_bubnivka_ceramics,True,0.9304801682001449,03_bubnivka_ceramics,01_opishnyan_ceramics,05_kosiv_ceramics,3,train,srcgrp_b5344db4840ccf55,src_global_bub_blue_fair_table,unreviewed,unreviewed,global_cls__c10__source0p5,pair_letterbox_cls_patch__c100__source0p5__blend0p25,pairwise_conditional_logit_blend,pair_letterbox_cls_patch,100.0,0.5,0.25,0.04708109065478573,0.0023763085177738686,0.9304801682001449,0.00039584854210785846,0.019666584085187552
img_8db25b7ad8735709,selection_conditional_full_development_oof_v2,dataset_dev/03_bubnivka_ceramics/b313.jpg,03_bubnivka_ceramics,03_bubnivka_ceramics,True,0.9126891472517962,03_bubnivka_ceramics,01_opishnyan_ceramics,05_kosiv_ceramics,3,train,srcgrp_b5344db4840ccf55,src_global_bub_blue_fair_table,unreviewed,unreviewed,global_cls__c10__source0p5,pair_letterbox_cls_patch__c100__source0p5__blend0p25,pairwise_conditional_logit_blend,pair_letterbox_cls_patch,100.0,0.5,0.25,0.0646598484996642,0.005214238035777115,0.9126891472517962,0.00040359513938450776,0.017033171073378216
img_0d4befbe46ae4b67,selection_conditional_full_development_oof_v2,dataset_dev/03_bubnivka_ceramics/b314.jpg,03_bubnivka_ceramics,03_bubnivka_ceramics,True,0.8835854111012891,03_bubnivka_ceramics,01_opishnyan_ceramics,02_ornek,3,train,srcgrp_b5344db4840ccf55,src_global_bub_blue_fair_table,unreviewed,unreviewed,global_cls__c10__source0p5,pair_letterbox_cls_patch__c100__source0p5__blend0p25,pairwise_conditional_logit_blend,pair_letterbox_cls_patch,100.0,0.5,0.25,0.10517337062201584,0.006904343052223505,0.8835854111012891,0.001095338430214696,0.003241536794256762
img_09d93f9a5484ef08,selection_conditional_full_development_oof_v2,dataset_dev/03_bubnivka_ceramics/b315.jpg,03_bubnivka_ceramics,03_bubnivka_ceramics,True,0.7268393180842514,03_bubnivka_ceramics,01_opishnyan_ceramics,02_ornek,3,train,srcgrp_b5344db4840ccf55,src_global_bub_blue_fair_table,unreviewed,unreviewed,global_cls__c10__source0p5,pair_letterbox_cls_patch__c100__source0p5__blend0p25,pairwise_conditional_logit_blend,pair_letterbox_cls_patch,100.0,0.5,0.25,0.25974209151954747,0.011472552456867582,0.7268393180842514,0.000733365605108705,0.0012126723342246746
img_37d37aabd7d1709f,selection_conditional_full_development_oof_v2,dataset_dev/03_bubnivka_ceramics/b316.jpg,03_bubnivka_ceramics,03_bubnivka_ceramics,True,0.9068891603815773,03_bubnivka_ceramics,01_opishnyan_ceramics,02_ornek,3,train,srcgrp_b5344db4840ccf55,src_global_bub_blue_fair_table,unreviewed,unreviewed,global_cls__c10__source0p5,pair_letterbox_cls_patch__c100__source0p5__blend0p25,pairwise_conditional_logit_blend,pair_letterbox_cls_patch,100.0,0.5,0.25,0.04773614367097093,0.04203069878361783,0.9068891603815773,0.0012477298286552752,0.002096267335178735
img_15d44c05af9c3818,selection_conditional_full_development_oof_v2,dataset_dev/03_bubnivka_ceramics/b317.jpg,03_bubnivka_ceramics,03_bubnivka_ceramics,True,0.9833607887428979,03_bubnivka_ceramics,01_opishnyan_ceramics,02_ornek,3,train,srcgrp_b5344db4840ccf55,src_global_bub_blue_fair_table,unreviewed,unreviewed,global_cls__c10__source0p5,pair_letterbox_cls_patch__c100__source0p5__blend0p25,pairwise_conditional_logit_blend,pair_letterbox_cls_patch,100.0,0.5,0.25,0.015895997590774074,0.0006682229854788504,0.9833607887428979,3.142488485656719e-05,4.356579599246939e-05
img_03ae66fe0dacfa51,selection_conditional_full_development_oof_v2,dataset_dev/03_bubnivka_ceramics/b321.jpg,03_bubnivka_ceramics,03_bubnivka_ceramics,True,0.8232903463624511,03_bubnivka_ceramics,01_opishnyan_ceramics,05_kosiv_ceramics,0,train,obj_single_03ae66fe0dacfa51,,unreviewed,unreviewed,global_cls__c10__source0p5,pair_letterbox_cls_patch__c100__source0p5__blend0p25,pairwise_conditional_logit_blend,pair_letterbox_cls_patch,100.0,0.5,0.25,0.15321547507551064,0.009972789463944996,0.8232903463624511,0.0009647641649310959,0.01255662493316227
img_eb3dd3b4c32ed418,selection_conditional_full_development_oof_v2,dataset_dev/03_bubnivka_ceramics/b325.jpeg,03_bubnivka_ceramics,03_bubnivka_ceramics,True,0.9860986133469338,03_bubnivka_ceramics,05_kosiv_ceramics,01_opishnyan_ceramics,0,train,obj_single_eb3dd3b4c32ed418,,unreviewed,unreviewed,global_cls__c10__source0p5,pair_letterbox_cls_patch__c100__source0p5__blend0p25,pairwise_conditional_logit_blend,pair_letterbox_cls_patch,100.0,0.5,0.25,0.003785033201788367,0.0012053397769416106,0.9860986133469338,0.0009481983180606417,0.00796281535627543
img_8cef85b35523c90d,selection_conditional_full_development_oof_v2,dataset_dev/03_bubnivka_ceramics/b326.jpg,03_bubnivka_ceramics,03_bubnivka_ceramics,True,0.7856746031018096,03_bubnivka_ceramics,01_opishnyan_ceramics,02_ornek,0,train,obj_single_8cef85b35523c90d,,unreviewed,unreviewed,global_cls__c10__source0p5,pair_letterbox_cls_patch__c100__source0p5__blend0p25,pairwise_conditional_logit_blend,pair_letterbox_cls_patch,100.0,0.5,0.25,0.13083750474405417,0.03356197511100162,0.7856746031018096,0.03235983043008797,0.017566086613046566
img_20d2e8f5d74407f5,selection_conditional_full_development_oof_v2,dataset_dev/03_bubnivka_ceramics/b327.jpg,03_bubnivka_ceramics,03_bubnivka_ceramics,True,0.8723429948060832,03_bubnivka_ceramics,01_opishnyan_ceramics,05_kosiv_ceramics,2,train,obj_single_20d2e8f5d74407f5,,unreviewed,unreviewed,global_cls__c10__source0p5,pair_letterbox_cls_patch__c100__source0p5__blend0p25,pairwise_conditional_logit_blend,pair_letterbox_cls_patch,100.0,0.5,0.25,0.08099509804240468,0.0044608910053080385,0.8723429948060832,0.002211406087581244,0.039989610058622775
img_dfd1573c8b816542,selection_conditional_full_development_oof_v2,dataset_dev/03_bubnivka_ceramics/b329.jpg,03_bubnivka_ceramics,03_bubnivka_ceramics,True,0.9671583904720437,03_bubnivka_ceramics,01_opishnyan_ceramics,02_ornek,0,train,obj_single_dfd1573c8b816542,,unreviewed,unreviewed,global_cls__c10__source0p5,pair_letterbox_cls_patch__c100__source0p5__blend0p25,pairwise_conditional_logit_blend,pair_letterbox_cls_patch,100.0,0.5,0.25,0.023430710703708734,0.008579406893575335,0.9671583904720437,0.0006581235573509603,0.00017336837332115112
img_271612f4b7263c51,selection_conditional_full_development_oof_v2,dataset_test/03_bubnivka_ceramics/b002.jpg,03_bubnivka_ceramics,03_bubnivka_ceramics,True,0.9861195481159339,03_bubnivka_ceramics,05_kosiv_ceramics,02_ornek,4,validation,srcgrp_6d5d4ba8acb3dedc,src_global_bub_vognik_watermark,unreviewed,unreviewed,global_cls__c10__source0p5,pair_letterbox_cls_patch__c100__source0p5__blend0p25,pairwise_conditional_logit_blend,pair_letterbox_cls_patch,100.0,0.5,0.25,0.0011901874623079923,0.002453148019678834,0.9861195481159339,0.0006389502579277373,0.009598166144151377
img_0edd2b9f2d573b54,selection_conditional_full_development_oof_v2,dataset_test/03_bubnivka_ceramics/b004.jpg,03_bubnivka_ceramics,03_bubnivka_ceramics,True,0.9794502412606995,03_bubnivka_ceramics,01_opishnyan_ceramics,02_ornek,4,validation,srcgrp_6d5d4ba8acb3dedc,src_global_bub_vognik_watermark,unreviewed,unreviewed,global_cls__c10__source0p5,pair_letterbox_cls_patch__c100__source0p5__blend0p25,pairwise_conditional_logit_blend,pair_letterbox_cls_patch,100.0,0.5,0.25,0.012860653873040744,0.0051620361018590065,0.9794502412606995,0.0008413938478927578,0.0016856749165079835
img_4a0ddc840c35265c,selection_conditional_full_development_oof_v2,dataset_test/03_bubnivka_ceramics/b006.jpg,03_bubnivka_ceramics,03_bubnivka_ceramics,True,0.8572102145144163,03_bubnivka_ceramics,05_kosiv_ceramics,02_ornek,4,validation,srcgrp_6d5d4ba8acb3dedc,src_global_bub_vognik_watermark,unreviewed,unreviewed,global_cls__c10__source0p5,pair_letterbox_cls_patch__c100__source0p5__blend0p25,pairwise_conditional_logit_blend,pair_letterbox_cls_patch,100.0,0.5,0.25,0.009545013656681103,0.04885988748992103,0.8572102145144163,0.012152449256462519,0.07223243508251909
img_6874c882f217410c,selection_conditional_full_development_oof_v2,dataset_test/03_bubnivka_ceramics/b009.jpg,03_bubnivka_ceramics,03_bubnivka_ceramics,True,0.9914334113648764,03_bubnivka_ceramics,02_ornek,05_kosiv_ceramics,4,validation,srcgrp_6d5d4ba8acb3dedc,src_global_bub_vognik_watermark,unreviewed,unreviewed,global_cls__c10__source0p5,pair_letterbox_cls_patch__c100__source0p5__blend0p25,pairwise_conditional_logit_blend,pair_letterbox_cls_patch,100.0,0.5,0.25,0.0010856412031948722,0.0035480093912236936,0.9914334113648764,0.0005197026439662751,0.003413235396738733
img_398152084381f72c,selection_conditional_full_development_oof_v2,dataset_test/03_bubnivka_ceramics/b011.jpg,03_bubnivka_ceramics,03_bubnivka_ceramics,True,0.98304818741703,03_bubnivka_ceramics,01_opishnyan_ceramics,02_ornek,4,validation,srcgrp_6d5d4ba8acb3dedc,src_global_bub_vognik_watermark,unreviewed,unreviewed,global_cls__c10__source0p5,pair_letterbox_cls_patch__c100__source0p5__blend0p25,pairwise_conditional_logit_blend,pair_letterbox_cls_patch,100.0,0.5,0.25,0.01327004490489232,0.0028580749962899875,0.98304818741703,0.00019486420511116554,0.0006288284766764831
img_c956fe56f2b2dbbc,selection_conditional_full_development_oof_v2,dataset_test/03_bubnivka_ceramics/b017.jpg,03_bubnivka_ceramics,03_bubnivka_ceramics,True,0.9497898320805239,03_bubnivka_ceramics,01_opishnyan_ceramics,05_kosiv_ceramics,4,validation,srcgrp_6d5d4ba8acb3dedc,src_global_bub_vognik_watermark,unreviewed,unreviewed,global_cls__c10__source0p5,pair_letterbox_cls_patch__c100__source0p5__blend0p25,pairwise_conditional_logit_blend,pair_letterbox_cls_patch,100.0,0.5,0.25,0.02634011118980278,0.007923469754050711,0.9497898320805239,0.00022444784876525162,0.015722139126857135
img_07218a591e02d3ca,selection_conditional_full_development_oof_v2,dataset_test/03_bubnivka_ceramics/b028.jpg,03_bubnivka_ceramics,03_bubnivka_ceramics,True,0.9968783819791389,03_bubnivka_ceramics,02_ornek,05_kosiv_ceramics,4,validation,srcgrp_6d5d4ba8acb3dedc,src_global_bub_vognik_watermark,unreviewed,unreviewed,global_cls__c10__source0p5,pair_letterbox_cls_patch__c100__source0p5__blend0p25,pairwise_conditional_logit_blend,pair_letterbox_cls_patch,100.0,0.5,0.25,0.00016894271899152858,0.00229184461990819,0.9968783819791389,0.00012168868551629857,0.0005391419964447931
img_c068b6adaf1acdd2,selection_conditional_full_development_oof_v2,dataset_test/03_bubnivka_ceramics/b030.jpg,03_bubnivka_ceramics,03_bubnivka_ceramics,True,0.9153098992220743,03_bubnivka_ceramics,02_ornek,01_opishnyan_ceramics,4,validation,srcgrp_6d5d4ba8acb3dedc,src_global_bub_vognik_watermark,unreviewed,unreviewed,global_cls__c10__source0p5,pair_letterbox_cls_patch__c100__source0p5__blend0p25,pairwise_conditional_logit_blend,pair_letterbox_cls_patch,100.0,0.5,0.25,0.03319917861295298,0.03818786565609693,0.9153098992220743,0.0010048206048185794,0.012298235904057294
img_b1ab8ca6ead0b14d,selection_conditional_full_development_oof_v2,dataset_test/03_bubnivka_ceramics/b033.jpg,03_bubnivka_ceramics,03_bubnivka_ceramics,True,0.9962474700821796,03_bubnivka_ceramics,05_kosiv_ceramics,02_ornek,4,validation,srcgrp_6d5d4ba8acb3dedc,src_global_bub_vognik_watermark,unreviewed,unreviewed,global_cls__c10__source0p5,pair_letterbox_cls_patch__c100__source0p5__blend0p25,pairwise_conditional_logit_blend,pair_letterbox_cls_patch,100.0,0.5,0.25,0.0008838135884078642,0.0009107698313234356,0.9962474700821796,0.00014564137938375625,0.0018123051187053294
img_38ff1e10118591dd,selection_conditional_full_development_oof_v2,dataset_test/03_bubnivka_ceramics/b037.jpg,03_bubnivka_ceramics,03_bubnivka_ceramics,True,0.8725100838054256,03_bubnivka_ceramics,01_opishnyan_ceramics,02_ornek,1,train,obj_single_38ff1e10118591dd,,unreviewed,unreviewed,global_cls__c10__source0p5,pair_letterbox_cls_patch__c100__source0p5__blend0p25,pairwise_conditional_logit_blend,pair_letterbox_cls_patch,100.0,0.5,0.25,0.11961767221515149,0.005581288611631495,0.8725100838054256,0.00035751515200761004,0.001933440215783882
img_23172f7819bdd1f1,selection_conditional_full_development_oof_v2,dataset_test/03_bubnivka_ceramics/b042.jpg,03_bubnivka_ceramics,03_bubnivka_ceramics,True,0.6872125113720922,03_bubnivka_ceramics,01_opishnyan_ceramics,02_ornek,0,train,obj_single_23172f7819bdd1f1,,unreviewed,unreviewed,global_cls__c10__source0p5,pair_letterbox_cls_patch__c100__source0p5__blend0p25,pairwise_conditional_logit_blend,pair_letterbox_cls_patch,100.0,0.5,0.25,0.18057050740749134,0.09381236424304772,0.6872125113720922,0.00228982590968588,0.036114791067683054
img_2e49a3a548ad7b93,selection_conditional_full_development_oof_v2,dataset_test/03_bubnivka_ceramics/b043.jpg,03_bubnivka_ceramics,03_bubnivka_ceramics,True,0.661001121297034,03_bubnivka_ceramics,01_opishnyan_ceramics,05_kosiv_ceramics,2,train,obj_single_2e49a3a548ad7b93,,unreviewed,unreviewed,global_cls__c10__source0p5,pair_letterbox_cls_patch__c100__source0p5__blend0p25,pairwise_conditional_logit_blend,pair_letterbox_cls_patch,100.0,0.5,0.25,0.3357792205527267,0.001179249892456775,0.661001121297034,0.00019816869032680617,0.00184223956745567
img_613071d744fd423b,selection_conditional_full_development_oof_v2,dataset_test/03_bubnivka_ceramics/b048.jpg,03_bubnivka_ceramics,03_bubnivka_ceramics,True,0.8174253684187534,03_bubnivka_ceramics,02_ornek,05_kosiv_ceramics,0,train,obj_single_613071d744fd423b,,unreviewed,unreviewed,global_cls__c10__source0p5,pair_letterbox_cls_patch__c100__source0p5__blend0p25,pairwise_conditional_logit_blend,pair_letterbox_cls_patch,100.0,0.5,0.25,0.04843357740917879,0.08119895313495862,0.8174253684187534,0.002914497679416042,0.05002760335769323
img_7137c88e9d4c893d,selection_conditional_full_development_oof_v2,dataset_test/03_bubnivka_ceramics/b050.jpg,03_bubnivka_ceramics,03_bubnivka_ceramics,True,0.9604856323756693,03_bubnivka_ceramics,01_opishnyan_ceramics,05_kosiv_ceramics,2,train,obj_single_7137c88e9d4c893d,,unreviewed,unreviewed,global_cls__c10__source0p5,pair_letterbox_cls_patch__c100__source0p5__blend0p25,pairwise_conditional_logit_blend,pair_letterbox_cls_patch,100.0,0.5,0.25,0.03623052045599302,0.0003306867336821211,0.9604856323756693,0.00017940974301531472,0.002773750691640259
img_fef1e812733aa7b4,selection_conditional_full_development_oof_v2,dataset_test/03_bubnivka_ceramics/b083.jpg,03_bubnivka_ceramics,03_bubnivka_ceramics,True,0.9913017780387934,03_bubnivka_ceramics,02_ornek,01_opishnyan_ceramics,1,train,srcgrp_02dcb43a6e59f452,src_global_bub_fair_vendor_a,unreviewed,unreviewed,global_cls__c10__source0p5,pair_letterbox_cls_patch__c100__source0p5__blend0p25,pairwise_conditional_logit_blend,pair_letterbox_cls_patch,100.0,0.5,0.25,0.0009342145840257849,0.007479263970137425,0.9913017780387934,6.426395908159126e-05,0.0002204794479616382
img_9730a0bef77209a2,selection_conditional_full_development_oof_v2,dataset_test/03_bubnivka_ceramics/b085.jpg,03_bubnivka_ceramics,03_bubnivka_ceramics,True,0.9318139264937647,03_bubnivka_ceramics,02_ornek,01_opishnyan_ceramics,1,train,srcgrp_02dcb43a6e59f452,src_global_bub_fair_vendor_a,unreviewed,unreviewed,global_cls__c10__source0p5,pair_letterbox_cls_patch__c100__source0p5__blend0p25,pairwise_conditional_logit_blend,pair_letterbox_cls_patch,100.0,0.5,0.25,0.001594258337612521,0.06550607598178461,0.9318139264937647,0.0005754322035757862,0.0005103069832621463
img_30e985fd97200ef9,selection_conditional_full_development_oof_v2,dataset_test/03_bubnivka_ceramics/b087.jpg,03_bubnivka_ceramics,03_bubnivka_ceramics,True,0.9230717750616845,03_bubnivka_ceramics,01_opishnyan_ceramics,02_ornek,1,train,srcgrp_02dcb43a6e59f452,src_global_bub_fair_vendor_a,unreviewed,unreviewed,global_cls__c10__source0p5,pair_letterbox_cls_patch__c100__source0p5__blend0p25,pairwise_conditional_logit_blend,pair_letterbox_cls_patch,100.0,0.5,0.25,0.04111001057325691,0.028027387204913448,0.9230717750616845,0.007369676672702174,0.000421150487442876
img_6ec380bf0d545b56,selection_conditional_full_development_oof_v2,dataset_test/03_bubnivka_ceramics/b094.jpg,03_bubnivka_ceramics,03_bubnivka_ceramics,True,0.9633751693760129,03_bubnivka_ceramics,01_opishnyan_ceramics,04_petrykivka_painting,1,train,srcgrp_02dcb43a6e59f452,src_global_bub_fair_vendor_a,unreviewed,unreviewed,global_cls__c10__source0p5,pair_letterbox_cls_patch__c100__source0p5__blend0p25,pairwise_conditional_logit_blend,pair_letterbox_cls_patch,100.0,0.5,0.25,0.024643645545829106,0.0008970620512146985,0.9633751693760129,0.010245580231140514,0.0008385427958027427
img_98808e79431a3d38,selection_conditional_full_development_oof_v2,dataset_test/03_bubnivka_ceramics/b096.jpg,03_bubnivka_ceramics,03_bubnivka_ceramics,True,0.9924096238002076,03_bubnivka_ceramics,01_opishnyan_ceramics,04_petrykivka_painting,1,train,srcgrp_02dcb43a6e59f452,src_global_bub_fair_vendor_a,unreviewed,unreviewed,global_cls__c10__source0p5,pair_letterbox_cls_patch__c100__source0p5__blend0p25,pairwise_conditional_logit_blend,pair_letterbox_cls_patch,100.0,0.5,0.25,0.0028939550143909586,0.0003466900121047906,0.9924096238002076,0.002493769596834475,0.0018559615764622722
img_2753b13ff9a67e2c,selection_conditional_full_development_oof_v2,dataset_test/03_bubnivka_ceramics/b100.jpg,03_bubnivka_ceramics,03_bubnivka_ceramics,True,0.9968365356816059,03_bubnivka_ceramics,01_opishnyan_ceramics,04_petrykivka_painting,1,train,srcgrp_02dcb43a6e59f452,src_global_bub_fair_vendor_a,unreviewed,unreviewed,global_cls__c10__source0p5,pair_letterbox_cls_patch__c100__source0p5__blend0p25,pairwise_conditional_logit_blend,pair_letterbox_cls_patch,100.0,0.5,0.25,0.0018661530434303719,0.00014821938132208445,0.9968365356816059,0.0006752085834592941,0.00047388331018234804
img_f3318553c1045820,selection_conditional_full_development_oof_v2,dataset_test/03_bubnivka_ceramics/b104.jpg,03_bubnivka_ceramics,03_bubnivka_ceramics,True,0.9849387637065953,03_bubnivka_ceramics,01_opishnyan_ceramics,05_kosiv_ceramics,1,train,srcgrp_02dcb43a6e59f452,src_global_bub_fair_vendor_a,unreviewed,unreviewed,global_cls__c10__source0p5,pair_letterbox_cls_patch__c100__source0p5__blend0p25,pairwise_conditional_logit_blend,pair_letterbox_cls_patch,100.0,0.5,0.25,0.009818903385221935,0.000460646225752398,0.9849387637065953,0.001671747910068953,0.003109938772361256
img_56d18554111a520a,selection_conditional_full_development_oof_v2,dataset_test/03_bubnivka_ceramics/b114.jpg,03_bubnivka_ceramics,03_bubnivka_ceramics,True,0.9893087752272897,03_bubnivka_ceramics,05_kosiv_ceramics,02_ornek,4,train,srcgrp_c84a287f983aa7cd,src_global_bub_leaf_stump,unreviewed,unreviewed,global_cls__c10__source0p5,pair_letterbox_cls_patch__c100__source0p5__blend0p25,pairwise_conditional_logit_blend,pair_letterbox_cls_patch,100.0,0.5,0.25,0.0016876691875267352,0.0028405116975067017,0.9893087752272897,0.000810963686587744,0.005352080201089235
img_de6df33704efe442,selection_conditional_full_development_oof_v2,dataset_test/03_bubnivka_ceramics/b118.jpg,03_bubnivka_ceramics,03_bubnivka_ceramics,True,0.9608016675250378,03_bubnivka_ceramics,01_opishnyan_ceramics,02_ornek,1,train,obj_single_de6df33704efe442,,unreviewed,unreviewed,global_cls__c10__source0p5,pair_letterbox_cls_patch__c100__source0p5__blend0p25,pairwise_conditional_logit_blend,pair_letterbox_cls_patch,100.0,0.5,0.25,0.02658824590018607,0.010419190065517184,0.9608016675250378,0.0010412542720997936,0.001149642237159201
img_969935f917bf018f,selection_conditional_full_development_oof_v2,dataset_test/03_bubnivka_ceramics/b119.jpg,03_bubnivka_ceramics,03_bubnivka_ceramics,True,0.9984486746302899,03_bubnivka_ceramics,01_opishnyan_ceramics,05_kosiv_ceramics,1,train,obj_single_969935f917bf018f,,unreviewed,unreviewed,global_cls__c10__source0p5,pair_letterbox_cls_patch__c100__source0p5__blend0p25,pairwise_conditional_logit_blend,pair_letterbox_cls_patch,100.0,0.5,0.25,0.0013197582124007748,1.8364266339579883e-05,0.9984486746302899,5.356695414817058e-05,0.0001596359368215833
img_cd8d687f52630531,selection_conditional_full_development_oof_v2,dataset_test/03_bubnivka_ceramics/b124.jpg,03_bubnivka_ceramics,03_bubnivka_ceramics,True,0.9494536899180853,03_bubnivka_ceramics,01_opishnyan_ceramics,05_kosiv_ceramics,1,train,obj_single_cd8d687f52630531,,unreviewed,unreviewed,global_cls__c10__source0p5,pair_letterbox_cls_patch__c100__source0p5__blend0p25,pairwise_conditional_logit_blend,pair_letterbox_cls_patch,100.0,0.5,0.25,0.045739595931945466,0.000678733678944114,0.9494536899180853,0.00134646811370813,0.002781512357317124
img_3b5a43fc056f82b1,selection_conditional_full_development_oof_v2,dataset_test/03_bubnivka_ceramics/b195.jpg,03_bubnivka_ceramics,03_bubnivka_ceramics,True,0.9852262821655194,03_bubnivka_ceramics,05_kosiv_ceramics,02_ornek,0,train,obj_single_3b5a43fc056f82b1,,unreviewed,unreviewed,global_cls__c10__source0p5,pair_letterbox_cls_patch__c100__source0p5__blend0p25,pairwise_conditional_logit_blend,pair_letterbox_cls_patch,100.0,0.5,0.25,0.0013494541607201923,0.004715074484443613,0.9852262821655194,0.0004908954717184292,0.0082182937175982
img_26328ff20ada7096,selection_conditional_full_development_oof_v2,dataset_test/03_bubnivka_ceramics/b200.jpg,03_bubnivka_ceramics,03_bubnivka_ceramics,True,0.9961891730742853,03_bubnivka_ceramics,01_opishnyan_ceramics,02_ornek,1,train,obj_single_26328ff20ada7096,,unreviewed,unreviewed,global_cls__c10__source0p5,pair_letterbox_cls_patch__c100__source0p5__blend0p25,pairwise_conditional_logit_blend,pair_letterbox_cls_patch,100.0,0.5,0.25,0.0014167927767342002,0.0011228523532564529,0.9961891730742853,0.00055979312504974,0.0007113886706741398
img_e2de58e72ef3c4ce,selection_conditional_full_development_oof_v2,dataset_test/03_bubnivka_ceramics/b209.jpg,03_bubnivka_ceramics,03_bubnivka_ceramics,True,0.9631529752714588,03_bubnivka_ceramics,05_kosiv_ceramics,02_ornek,3,train,srcgrp_32f746da59345286,src_global_bub_museum_interior,unreviewed,unreviewed,global_cls__c10__source0p5,pair_letterbox_cls_patch__c100__source0p5__blend0p25,pairwise_conditional_logit_blend,pair_letterbox_cls_patch,100.0,0.5,0.25,0.0001847939469144447,0.007899460078453416,0.9631529752714588,0.0008612827109851062,0.027901487992188154
img_473e3ac138961a4a,selection_conditional_full_development_oof_v2,dataset_test/03_bubnivka_ceramics/b210.jpg,03_bubnivka_ceramics,03_bubnivka_ceramics,True,0.49788130405009945,03_bubnivka_ceramics,01_opishnyan_ceramics,05_kosiv_ceramics,3,train,srcgrp_32f746da59345286,src_global_bub_museum_interior,unreviewed,unreviewed,global_cls__c10__source0p5,pair_letterbox_cls_patch__c100__source0p5__blend0p25,pairwise_conditional_logit_blend,pair_letterbox_cls_patch,100.0,0.5,0.25,0.49228282848501664,0.0020644070559719977,0.49788130405009945,0.00306914429494079,0.004702316113971183
img_9198927409806e22,selection_conditional_full_development_oof_v2,dataset_test/03_bubnivka_ceramics/b211.jpg,03_bubnivka_ceramics,01_opishnyan_ceramics,False,0.9598829077731562,01_opishnyan_ceramics,03_bubnivka_ceramics,02_ornek,3,train,srcgrp_32f746da59345286,src_global_bub_museum_interior,unreviewed,unreviewed,global_cls__c10__source0p5,pair_letterbox_cls_patch__c100__source0p5__blend0p25,pairwise_conditional_logit_blend,pair_letterbox_cls_patch,100.0,0.5,0.25,0.9598829077731562,0.008488191147374681,0.02444885039648729,0.002524497413856902,0.004655553269124903
img_e1e95533e8dd3a80,selection_conditional_full_development_oof_v2,dataset_test/03_bubnivka_ceramics/b217.jpg,03_bubnivka_ceramics,03_bubnivka_ceramics,True,0.9958502143154845,03_bubnivka_ceramics,05_kosiv_ceramics,02_ornek,3,train,srcgrp_32f746da59345286,src_global_bub_museum_interior,unreviewed,unreviewed,global_cls__c10__source0p5,pair_letterbox_cls_patch__c100__source0p5__blend0p25,pairwise_conditional_logit_blend,pair_letterbox_cls_patch,100.0,0.5,0.25,0.0006314561970116159,0.001112268165982997,0.9958502143154845,0.0004578480999548322,0.0019482132215660815
img_e13ba14d8e5683d3,selection_conditional_full_development_oof_v2,dataset_test/03_bubnivka_ceramics/b218.jpg,03_bubnivka_ceramics,01_opishnyan_ceramics,False,0.886776408204004,01_opishnyan_ceramics,03_bubnivka_ceramics,05_kosiv_ceramics,3,train,srcgrp_32f746da59345286,src_global_bub_museum_interior,unreviewed,unreviewed,global_cls__c10__source0p5,pair_letterbox_cls_patch__c100__source0p5__blend0p25,pairwise_conditional_logit_blend,pair_letterbox_cls_patch,100.0,0.5,0.25,0.886776408204004,0.002723877046893927,0.10255387169251219,0.0007973728086527975,0.007148470247937047
img_dcf9e3de59857391,selection_conditional_full_development_oof_v2,dataset_test/03_bubnivka_ceramics/b219.jpg,03_bubnivka_ceramics,01_opishnyan_ceramics,False,0.771570288239481,01_opishnyan_ceramics,03_bubnivka_ceramics,02_ornek,3,train,srcgrp_32f746da59345286,src_global_bub_museum_interior,unreviewed,unreviewed,global_cls__c10__source0p5,pair_letterbox_cls_patch__c100__source0p5__blend0p25,pairwise_conditional_logit_blend,pair_letterbox_cls_patch,100.0,0.5,0.25,0.771570288239481,0.010348711990572721,0.21010830249480536,0.000534021201660144,0.007438676073480489
img_9b4abbf3c6bc552b,selection_conditional_full_development_oof_v2,dataset_test/03_bubnivka_ceramics/b224.jpg,03_bubnivka_ceramics,03_bubnivka_ceramics,True,0.8683908376803882,03_bubnivka_ceramics,01_opishnyan_ceramics,02_ornek,3,train,srcgrp_32f746da59345286,src_global_bub_museum_interior,unreviewed,unreviewed,global_cls__c10__source0p5,pair_letterbox_cls_patch__c100__source0p5__blend0p25,pairwise_conditional_logit_blend,pair_letterbox_cls_patch,100.0,0.5,0.25,0.1239313807083668,0.005205954989812808,0.8683908376803882,0.0017617487744479871,0.0007100778469844197
img_0438561b7972dccf,selection_conditional_full_development_oof_v2,dataset_test/03_bubnivka_ceramics/b229.jpg,03_bubnivka_ceramics,03_bubnivka_ceramics,True,0.8289640282346509,03_bubnivka_ceramics,01_opishnyan_ceramics,05_kosiv_ceramics,3,train,srcgrp_32f746da59345286,src_global_bub_museum_interior,unreviewed,unreviewed,global_cls__c10__source0p5,pair_letterbox_cls_patch__c100__source0p5__blend0p25,pairwise_conditional_logit_blend,pair_letterbox_cls_patch,100.0,0.5,0.25,0.12551633659828954,0.016110739548109064,0.8289640282346509,0.0005624734197767424,0.02884642219917385
img_583efadb0d838488,selection_conditional_full_development_oof_v2,dataset_test/03_bubnivka_ceramics/b230.jpg,03_bubnivka_ceramics,01_opishnyan_ceramics,False,0.63552874052302,01_opishnyan_ceramics,03_bubnivka_ceramics,02_ornek,3,train,srcgrp_32f746da59345286,src_global_bub_museum_interior,unreviewed,unreviewed,global_cls__c10__source0p5,pair_letterbox_cls_patch__c100__source0p5__blend0p25,pairwise_conditional_logit_blend,pair_letterbox_cls_patch,100.0,0.5,0.25,0.63552874052302,0.015702326796553985,0.3451280190500593,0.0024732581308117,0.0011676554995549543
img_92bf3e9b6d82c988,selection_conditional_full_development_oof_v2,dataset_test/03_bubnivka_ceramics/b270.jpg,03_bubnivka_ceramics,03_bubnivka_ceramics,True,0.9914772859795501,03_bubnivka_ceramics,05_kosiv_ceramics,01_opishnyan_ceramics,4,validation,srcgrp_6d5d4ba8acb3dedc,src_global_bub_vognik_watermark,unreviewed,unreviewed,global_cls__c10__source0p5,pair_letterbox_cls_patch__c100__source0p5__blend0p25,pairwise_conditional_logit_blend,pair_letterbox_cls_patch,100.0,0.5,0.25,0.0021417784413534243,0.0014883767491667415,0.9914772859795501,0.0017042447420057612,0.0031883140879240685
img_41e335883d59e27a,selection_conditional_full_development_oof_v2,dataset_test/03_bubnivka_ceramics/b271.jpg,03_bubnivka_ceramics,03_bubnivka_ceramics,True,0.9823736902907763,03_bubnivka_ceramics,01_opishnyan_ceramics,05_kosiv_ceramics,0,train,obj_single_41e335883d59e27a,,unreviewed,unreviewed,global_cls__c10__source0p5,pair_letterbox_cls_patch__c100__source0p5__blend0p25,pairwise_conditional_logit_blend,pair_letterbox_cls_patch,100.0,0.5,0.25,0.011371048827491825,0.0008685497827734002,0.9823736902907763,0.00029462792643040857,0.005092083172528063
img_c6d933ed1ed489f0,selection_conditional_full_development_oof_v2,dataset_test/03_bubnivka_ceramics/b272.jpg,03_bubnivka_ceramics,03_bubnivka_ceramics,True,0.9583915091276733,03_bubnivka_ceramics,02_ornek,05_kosiv_ceramics,2,train,obj_single_c6d933ed1ed489f0,,unreviewed,unreviewed,global_cls__c10__source0p5,pair_letterbox_cls_patch__c100__source0p5__blend0p25,pairwise_conditional_logit_blend,pair_letterbox_cls_patch,100.0,0.5,0.25,0.001922514424007805,0.03366253072623683,0.9583915091276733,0.0012298309850615648,0.004793614737020284
img_123c787431cceb36,selection_conditional_full_development_oof_v2,dataset_test/03_bubnivka_ceramics/b273.jpg,03_bubnivka_ceramics,03_bubnivka_ceramics,True,0.9910862553761638,03_bubnivka_ceramics,02_ornek,05_kosiv_ceramics,2,train,obj_single_123c787431cceb36,,unreviewed,unreviewed,global_cls__c10__source0p5,pair_letterbox_cls_patch__c100__source0p5__blend0p25,pairwise_conditional_logit_blend,pair_letterbox_cls_patch,100.0,0.5,0.25,0.0006477225863340716,0.005957609712815244,0.9910862553761638,0.0006921159810156432,0.0016162963436713092
img_c3bebdc328ddc87e,selection_conditional_full_development_oof_v2,dataset_test/03_bubnivka_ceramics/b278.jpg,03_bubnivka_ceramics,02_ornek,False,0.3355467049840958,02_ornek,03_bubnivka_ceramics,01_opishnyan_ceramics,0,train,obj_single_c3bebdc328ddc87e,,unreviewed,unreviewed,global_cls__c10__source0p5,pair_letterbox_cls_patch__c100__source0p5__blend0p25,pairwise_conditional_logit_blend,pair_letterbox_cls_patch,100.0,0.5,0.25,0.24204173528167305,0.3355467049840958,0.32269154012586965,0.0015413274113549094,0.09817869219700663
img_65bbadfb71dacade,selection_conditional_full_development_oof_v2,dataset_test/03_bubnivka_ceramics/b287.jpg,03_bubnivka_ceramics,03_bubnivka_ceramics,True,0.6330244085544398,03_bubnivka_ceramics,01_opishnyan_ceramics,05_kosiv_ceramics,0,train,obj_single_65bbadfb71dacade,,unreviewed,unreviewed,global_cls__c10__source0p5,pair_letterbox_cls_patch__c100__source0p5__blend0p25,pairwise_conditional_logit_blend,pair_letterbox_cls_patch,100.0,0.5,0.25,0.35593058878014505,0.0011326804677263336,0.6330244085544398,0.0013233414662806406,0.008588980731408107
img_5c15b9d8cce94b8a,selection_conditional_full_development_oof_v2,dataset_test/03_bubnivka_ceramics/b289.jpg,03_bubnivka_ceramics,03_bubnivka_ceramics,True,0.652402205953663,03_bubnivka_ceramics,01_opishnyan_ceramics,05_kosiv_ceramics,0,train,obj_single_5c15b9d8cce94b8a,,unreviewed,unreviewed,global_cls__c10__source0p5,pair_letterbox_cls_patch__c100__source0p5__blend0p25,pairwise_conditional_logit_blend,pair_letterbox_cls_patch,100.0,0.5,0.25,0.22013185398914936,0.02812469321770682,0.652402205953663,0.0009081986256417795,0.09843304821383904
img_2950b4f304213f6b,selection_conditional_full_development_oof_v2,dataset_test/03_bubnivka_ceramics/b292.jpg,03_bubnivka_ceramics,03_bubnivka_ceramics,True,0.9856867405070578,03_bubnivka_ceramics,05_kosiv_ceramics,01_opishnyan_ceramics,1,train,obj_single_2950b4f304213f6b,,unreviewed,unreviewed,global_cls__c10__source0p5,pair_letterbox_cls_patch__c100__source0p5__blend0p25,pairwise_conditional_logit_blend,pair_letterbox_cls_patch,100.0,0.5,0.25,0.0048771177929080615,0.00019774138728735236,0.9856867405070578,0.0001606503988765641,0.009077749913869998
img_6e1d011f044980e9,selection_conditional_full_development_oof_v2,dataset_test/03_bubnivka_ceramics/b295.jpg,03_bubnivka_ceramics,03_bubnivka_ceramics,True,0.9921694576082459,03_bubnivka_ceramics,01_opishnyan_ceramics,04_petrykivka_painting,2,validation,srcgrp_12bb6621dab44eb0,src_global_bub_dark_cloth_closeups,unreviewed,unreviewed,global_cls__c10__source0p5,pair_letterbox_cls_patch__c100__source0p5__blend0p25,pairwise_conditional_logit_blend,pair_letterbox_cls_patch,100.0,0.5,0.25,0.005175531340542436,0.0007928789522549733,0.9921694576082459,0.0014601876974007792,0.0004019444015559446
img_be25fc833f4b7ebb,selection_conditional_full_development_oof_v2,dataset_test/03_bubnivka_ceramics/b297.jpg,03_bubnivka_ceramics,03_bubnivka_ceramics,True,0.9971644525766629,03_bubnivka_ceramics,01_opishnyan_ceramics,04_petrykivka_painting,2,validation,srcgrp_12bb6621dab44eb0,src_global_bub_dark_cloth_closeups,unreviewed,unreviewed,global_cls__c10__source0p5,pair_letterbox_cls_patch__c100__source0p5__blend0p25,pairwise_conditional_logit_blend,pair_letterbox_cls_patch,100.0,0.5,0.25,0.0020031239781505617,0.00032321625026836043,0.9971644525766629,0.000355580927850579,0.00015362626706770502
img_fdd1c79575243573,selection_conditional_full_development_oof_v2,dataset_test/03_bubnivka_ceramics/b299.jpg,03_bubnivka_ceramics,03_bubnivka_ceramics,True,0.9929305519438565,03_bubnivka_ceramics,02_ornek,05_kosiv_ceramics,2,validation,srcgrp_12bb6621dab44eb0,src_global_bub_dark_cloth_closeups,unreviewed,unreviewed,global_cls__c10__source0p5,pair_letterbox_cls_patch__c100__source0p5__blend0p25,pairwise_conditional_logit_blend,pair_letterbox_cls_patch,100.0,0.5,0.25,0.0017944278395163468,0.0025851916739232455,0.9929305519438565,0.0004538586254542433,0.002235969917249777
img_4caba2215c35da80,selection_conditional_full_development_oof_v2,dataset_test/03_bubnivka_ceramics/b301.jpg,03_bubnivka_ceramics,03_bubnivka_ceramics,True,0.9150101407407943,03_bubnivka_ceramics,05_kosiv_ceramics,02_ornek,2,validation,srcgrp_12bb6621dab44eb0,src_global_bub_dark_cloth_closeups,unreviewed,unreviewed,global_cls__c10__source0p5,pair_letterbox_cls_patch__c100__source0p5__blend0p25,pairwise_conditional_logit_blend,pair_letterbox_cls_patch,100.0,0.5,0.25,0.008847585640374689,0.015831985829087868,0.9150101407407943,0.0021611540608835107,0.05814913372885968
img_0095bea433d45455,selection_conditional_full_development_oof_v2,dataset_test/03_bubnivka_ceramics/b304.jpg,03_bubnivka_ceramics,03_bubnivka_ceramics,True,0.9967766304304059,03_bubnivka_ceramics,05_kosiv_ceramics,01_opishnyan_ceramics,2,validation,srcgrp_12bb6621dab44eb0,src_global_bub_dark_cloth_closeups,unreviewed,unreviewed,global_cls__c10__source0p5,pair_letterbox_cls_patch__c100__source0p5__blend0p25,pairwise_conditional_logit_blend,pair_letterbox_cls_patch,100.0,0.5,0.25,0.000797155955727127,0.000547869947816257,0.9967766304304059,8.989993939187183e-05,0.0017884437266590322
img_cd0419751b8992bc,selection_conditional_full_development_oof_v2,dataset_test/03_bubnivka_ceramics/b305.jpg,03_bubnivka_ceramics,03_bubnivka_ceramics,True,0.9856004892870385,03_bubnivka_ceramics,02_ornek,01_opishnyan_ceramics,2,validation,srcgrp_12bb6621dab44eb0,src_global_bub_dark_cloth_closeups,unreviewed,unreviewed,global_cls__c10__source0p5,pair_letterbox_cls_patch__c100__source0p5__blend0p25,pairwise_conditional_logit_blend,pair_letterbox_cls_patch,100.0,0.5,0.25,0.0035715021754450277,0.008507617473543096,0.9856004892870385,0.0003231233750606482,0.0019972676889126813
img_c7e32682d476e923,selection_conditional_full_development_oof_v2,dataset_test/03_bubnivka_ceramics/b310.jpg,03_bubnivka_ceramics,03_bubnivka_ceramics,True,0.9320810199401206,03_bubnivka_ceramics,01_opishnyan_ceramics,05_kosiv_ceramics,3,train,srcgrp_b5344db4840ccf55,src_global_bub_blue_fair_table,unreviewed,unreviewed,global_cls__c10__source0p5,pair_letterbox_cls_patch__c100__source0p5__blend0p25,pairwise_conditional_logit_blend,pair_letterbox_cls_patch,100.0,0.5,0.25,0.05684714185409516,0.0012668940482309457,0.9320810199401206,0.0005403531075303163,0.00926459105002311
img_07226e6e8e112cd9,selection_conditional_full_development_oof_v2,dataset_test/03_bubnivka_ceramics/b322.jpg,03_bubnivka_ceramics,03_bubnivka_ceramics,True,0.7935829604000019,03_bubnivka_ceramics,01_opishnyan_ceramics,02_ornek,0,train,obj_single_07226e6e8e112cd9,,unreviewed,unreviewed,global_cls__c10__source0p5,pair_letterbox_cls_patch__c100__source0p5__blend0p25,pairwise_conditional_logit_blend,pair_letterbox_cls_patch,100.0,0.5,0.25,0.1792069452010404,0.016496153139846172,0.7935829604000019,0.0035365275850158715,0.007177413674095792
img_ffda01d8ee04bbf2,selection_conditional_full_development_oof_v2,dataset_test/03_bubnivka_ceramics/b323.jpeg,03_bubnivka_ceramics,03_bubnivka_ceramics,True,0.9668739825470477,03_bubnivka_ceramics,01_opishnyan_ceramics,02_ornek,1,train,obj_single_ffda01d8ee04bbf2,,unreviewed,unreviewed,global_cls__c10__source0p5,pair_letterbox_cls_patch__c100__source0p5__blend0p25,pairwise_conditional_logit_blend,pair_letterbox_cls_patch,100.0,0.5,0.25,0.018079756970259365,0.009223633796212702,0.9668739825470477,0.0032363528999648267,0.0025862737865154097
img_4b8be63267d06224,selection_conditional_full_development_oof_v2,dataset_test/03_bubnivka_ceramics/b324.jpeg,03_bubnivka_ceramics,03_bubnivka_ceramics,True,0.9479501590772206,03_bubnivka_ceramics,05_kosiv_ceramics,01_opishnyan_ceramics,2,train,obj_single_4b8be63267d06224,,unreviewed,unreviewed,global_cls__c10__source0p5,pair_letterbox_cls_patch__c100__source0p5__blend0p25,pairwise_conditional_logit_blend,pair_letterbox_cls_patch,100.0,0.5,0.25,0.013177863915665639,0.009614046092705152,0.9479501590772206,0.0047527637206889696,0.024505167193719694
img_444562ef04ffe9b1,selection_conditional_full_development_oof_v2,dataset_test/03_bubnivka_ceramics/b328.jpg,03_bubnivka_ceramics,01_opishnyan_ceramics,False,0.3182415864844755,01_opishnyan_ceramics,02_ornek,03_bubnivka_ceramics,0,train,obj_single_444562ef04ffe9b1,,unreviewed,unreviewed,global_cls__c10__source0p5,pair_letterbox_cls_patch__c100__source0p5__blend0p25,pairwise_conditional_logit_blend,pair_letterbox_cls_patch,100.0,0.5,0.25,0.3182415864844755,0.3053757413985761,0.19277861558455517,0.015538839192125422,0.16806521734026791
img_f84dfd74441c7b25,selection_conditional_full_development_oof_v2,dataset_dev/04_petrykivka_painting/001.jpg,04_petrykivka_painting,04_petrykivka_painting,True,0.7770280555684659,04_petrykivka_painting,02_ornek,05_kosiv_ceramics,2,train,obj_single_f84dfd74441c7b25,,unreviewed,unreviewed,global_cls__c10__source0p5,pair_letterbox_cls_patch__c100__source0p5__blend0p25,pairwise_conditional_logit_blend,pair_letterbox_cls_patch,100.0,0.5,0.25,0.02237378163886108,0.11419261298310472,0.0033224418033293555,0.7770280555684659,0.08308310800623886
img_a94d0ae64a2dc81b,selection_conditional_full_development_oof_v2,dataset_dev/04_petrykivka_painting/002.jpg,04_petrykivka_painting,04_petrykivka_painting,True,0.9980312647967358,04_petrykivka_painting,02_ornek,03_bubnivka_ceramics,4,train,obj_single_a94d0ae64a2dc81b,,unreviewed,unreviewed,global_cls__c10__source0p5,pair_letterbox_cls_patch__c100__source0p5__blend0p25,pairwise_conditional_logit_blend,pair_letterbox_cls_patch,100.0,0.5,0.25,0.00032366427772380455,0.0009729967051885905,0.0005188339172006074,0.9980312647967358,0.00015324030315134492
img_fbbb4f5836074e3b,selection_conditional_full_development_oof_v2,dataset_dev/04_petrykivka_painting/003.jpg,04_petrykivka_painting,04_petrykivka_painting,True,0.8398450690018924,04_petrykivka_painting,03_bubnivka_ceramics,02_ornek,1,train,obj_single_fbbb4f5836074e3b,,unreviewed,unreviewed,global_cls__c10__source0p5,pair_letterbox_cls_patch__c100__source0p5__blend0p25,pairwise_conditional_logit_blend,pair_letterbox_cls_patch,100.0,0.5,0.25,0.0022370711157896194,0.02851915620131825,0.10122634768772802,0.8398450690018924,0.028172355993271628
img_df16aa0b9d2090c5,selection_conditional_full_development_oof_v2,dataset_dev/04_petrykivka_painting/004.jpg,04_petrykivka_painting,04_petrykivka_painting,True,0.6499902733256667,04_petrykivka_painting,05_kosiv_ceramics,02_ornek,1,validation,obj_single_df16aa0b9d2090c5,,unreviewed,unreviewed,global_cls__c10__source0p5,pair_letterbox_cls_patch__c100__source0p5__blend0p25,pairwise_conditional_logit_blend,pair_letterbox_cls_patch,100.0,0.5,0.25,0.0036891744142145124,0.12131460882326651,0.09339844819765368,0.6499902733256667,0.1316074952391985
img_15c4e71aba14f69b,selection_conditional_full_development_oof_v2,dataset_dev/04_petrykivka_painting/005.jpg,04_petrykivka_painting,04_petrykivka_painting,True,0.9994117721978268,04_petrykivka_painting,02_ornek,03_bubnivka_ceramics,2,train,obj_single_15c4e71aba14f69b,,unreviewed,unreviewed,global_cls__c10__source0p5,pair_letterbox_cls_patch__c100__source0p5__blend0p25,pairwise_conditional_logit_blend,pair_letterbox_cls_patch,100.0,0.5,0.25,1.986888365456909e-05,0.0004043502234845832,0.00010456548363235263,0.9994117721978268,5.9443211401473014e-05
img_6438078a8bf203b1,selection_conditional_full_development_oof_v2,dataset_dev/04_petrykivka_painting/006.jpg,04_petrykivka_painting,04_petrykivka_painting,True,0.888665858524251,04_petrykivka_painting,02_ornek,03_bubnivka_ceramics,1,train,obj_single_6438078a8bf203b1,,unreviewed,unreviewed,global_cls__c10__source0p5,pair_letterbox_cls_patch__c100__source0p5__blend0p25,pairwise_conditional_logit_blend,pair_letterbox_cls_patch,100.0,0.5,0.25,0.002305775428119044,0.09842985080445614,0.005667017578343682,0.888665858524251,0.004931497664830224
img_eec7a98c61173cf1,selection_conditional_full_development_oof_v2,dataset_dev/04_petrykivka_painting/007.jpg,04_petrykivka_painting,04_petrykivka_painting,True,0.9990427417727623,04_petrykivka_painting,05_kosiv_ceramics,03_bubnivka_ceramics,0,train,obj_single_eec7a98c61173cf1,,unreviewed,unreviewed,global_cls__c10__source0p5,pair_letterbox_cls_patch__c100__source0p5__blend0p25,pairwise_conditional_logit_blend,pair_letterbox_cls_patch,100.0,0.5,0.25,7.612460211594629e-05,8.798757209513072e-05,9.949266171962636e-05,0.9990427417727623,0.0006936533913070107
img_52c007c097a00227,selection_conditional_full_development_oof_v2,dataset_dev/04_petrykivka_painting/008.jpg,04_petrykivka_painting,04_petrykivka_painting,True,0.9970348586303573,04_petrykivka_painting,02_ornek,01_opishnyan_ceramics,0,train,obj_single_52c007c097a00227,,unreviewed,unreviewed,global_cls__c10__source0p5,pair_letterbox_cls_patch__c100__source0p5__blend0p25,pairwise_conditional_logit_blend,pair_letterbox_cls_patch,100.0,0.5,0.25,0.0013404472462150519,0.0014719789752689495,0.00011613212604083182,0.9970348586303573,3.658302211777739e-05
img_09acf7084d20134b,selection_conditional_full_development_oof_v2,dataset_dev/04_petrykivka_painting/009.jpg,04_petrykivka_painting,05_kosiv_ceramics,False,0.44198679115959155,05_kosiv_ceramics,04_petrykivka_painting,02_ornek,1,train,obj_single_09acf7084d20134b,,unreviewed,unreviewed,global_cls__c10__source0p5,pair_letterbox_cls_patch__c100__source0p5__blend0p25,pairwise_conditional_logit_blend,pair_letterbox_cls_patch,100.0,0.5,0.25,0.03450956673173845,0.18659474583599003,0.03375764952762218,0.3031512467450578,0.44198679115959155
img_b40c31eae4524eb5,selection_conditional_full_development_oof_v2,dataset_dev/04_petrykivka_painting/010.jpg,04_petrykivka_painting,04_petrykivka_painting,True,0.7177300459570027,04_petrykivka_painting,05_kosiv_ceramics,02_ornek,2,validation,obj_single_b40c31eae4524eb5,,unreviewed,unreviewed,global_cls__c10__source0p5,pair_letterbox_cls_patch__c100__source0p5__blend0p25,pairwise_conditional_logit_blend,pair_letterbox_cls_patch,100.0,0.5,0.25,0.010033667607329976,0.06770405821169197,0.015527110883474676,0.7177300459570027,0.1890051173405007
img_dbfee1a536d760f7,selection_conditional_full_development_oof_v2,dataset_dev/04_petrykivka_painting/012.jpg,04_petrykivka_painting,04_petrykivka_painting,True,0.9645781395308556,04_petrykivka_painting,01_opishnyan_ceramics,05_kosiv_ceramics,4,train,obj_single_dbfee1a536d760f7,,unreviewed,unreviewed,global_cls__c10__source0p5,pair_letterbox_cls_patch__c100__source0p5__blend0p25,pairwise_conditional_logit_blend,pair_letterbox_cls_patch,100.0,0.5,0.25,0.017356813875416228,0.005668929430292743,0.0020728764381199353,0.9645781395308556,0.010323240725315395
img_f713f0c412f0d674,selection_conditional_full_development_oof_v2,dataset_dev/04_petrykivka_painting/013.jpg,04_petrykivka_painting,04_petrykivka_painting,True,0.9905070791560908,04_petrykivka_painting,02_ornek,01_opishnyan_ceramics,0,train,obj_single_f713f0c412f0d674,,unreviewed,unreviewed,global_cls__c10__source0p5,pair_letterbox_cls_patch__c100__source0p5__blend0p25,pairwise_conditional_logit_blend,pair_letterbox_cls_patch,100.0,0.5,0.25,0.0025524555619783813,0.005474582030232591,0.0012300041776511699,0.9905070791560908,0.0002358790740471028
img_f9689d40bda2da3b,selection_conditional_full_development_oof_v2,dataset_dev/04_petrykivka_painting/014.jpg,04_petrykivka_painting,04_petrykivka_painting,True,0.7276798733739156,04_petrykivka_painting,05_kosiv_ceramics,02_ornek,3,train,obj_single_f9689d40bda2da3b,,unreviewed,unreviewed,global_cls__c10__source0p5,pair_letterbox_cls_patch__c100__source0p5__blend0p25,pairwise_conditional_logit_blend,pair_letterbox_cls_patch,100.0,0.5,0.25,0.012729424631057374,0.02486142639084964,0.000324572886508142,0.7276798733739156,0.23440470271766908
img_80595b0a2e4373c6,selection_conditional_full_development_oof_v2,dataset_dev/04_petrykivka_painting/015.jpg,04_petrykivka_painting,04_petrykivka_painting,True,0.996462421565811,04_petrykivka_painting,03_bubnivka_ceramics,01_opishnyan_ceramics,4,train,obj_single_80595b0a2e4373c6,,unreviewed,unreviewed,global_cls__c10__source0p5,pair_letterbox_cls_patch__c100__source0p5__blend0p25,pairwise_conditional_logit_blend,pair_letterbox_cls_patch,100.0,0.5,0.25,0.0004825110611103696,0.0004261186916453789,0.002570217717390391,0.996462421565811,5.873096404292891e-05
img_027b09c66eaf5805,selection_conditional_full_development_oof_v2,dataset_dev/04_petrykivka_painting/016.jpg,04_petrykivka_painting,04_petrykivka_painting,True,0.9858983767612807,04_petrykivka_painting,01_opishnyan_ceramics,02_ornek,1,train,obj_single_027b09c66eaf5805,,unreviewed,unreviewed,global_cls__c10__source0p5,pair_letterbox_cls_patch__c100__source0p5__blend0p25,pairwise_conditional_logit_blend,pair_letterbox_cls_patch,100.0,0.5,0.25,0.00919454353330733,0.004148601971092793,0.0007211978963929592,0.9858983767612807,3.72798379261689e-05
img_57e89cefd5e7f7cc,selection_conditional_full_development_oof_v2,dataset_dev/04_petrykivka_painting/018.jpg,04_petrykivka_painting,04_petrykivka_painting,True,0.9974134246492979,04_petrykivka_painting,03_bubnivka_ceramics,05_kosiv_ceramics,2,train,obj_single_57e89cefd5e7f7cc,,unreviewed,unreviewed,global_cls__c10__source0p5,pair_letterbox_cls_patch__c100__source0p5__blend0p25,pairwise_conditional_logit_blend,pair_letterbox_cls_patch,100.0,0.5,0.25,0.00033742465967053224,0.00029211757430059335,0.001005338149634027,0.9974134246492979,0.0009516949670969249
img_d552ba4b52b33c4b,selection_conditional_full_development_oof_v2,dataset_dev/04_petrykivka_painting/019.jpg,04_petrykivka_painting,04_petrykivka_painting,True,0.9794398305686333,04_petrykivka_painting,02_ornek,05_kosiv_ceramics,2,train,obj_single_d552ba4b52b33c4b,,unreviewed,unreviewed,global_cls__c10__source0p5,pair_letterbox_cls_patch__c100__source0p5__blend0p25,pairwise_conditional_logit_blend,pair_letterbox_cls_patch,100.0,0.5,0.25,0.0008073669518575112,0.013012430166965187,0.0019293442334308473,0.9794398305686333,0.00481102807911312
img_9ceed89265516a6c,selection_conditional_full_development_oof_v2,dataset_dev/04_petrykivka_painting/020.jpg,04_petrykivka_painting,04_petrykivka_painting,True,0.9954062179851073,04_petrykivka_painting,05_kosiv_ceramics,02_ornek,0,train,obj_single_9ceed89265516a6c,,unreviewed,unreviewed,global_cls__c10__source0p5,pair_letterbox_cls_patch__c100__source0p5__blend0p25,pairwise_conditional_logit_blend,pair_letterbox_cls_patch,100.0,0.5,0.25,0.00037480582122217124,0.0006519709769080754,0.0002456065606381667,0.9954062179851073,0.003321398656124324
img_f2640a03f7b4a8e9,selection_conditional_full_development_oof_v2,dataset_dev/04_petrykivka_painting/024.jpg,04_petrykivka_painting,04_petrykivka_painting,True,0.9981090517215835,04_petrykivka_painting,03_bubnivka_ceramics,02_ornek,1,train,obj_single_f2640a03f7b4a8e9,,unreviewed,unreviewed,global_cls__c10__source0p5,pair_letterbox_cls_patch__c100__source0p5__blend0p25,pairwise_conditional_logit_blend,pair_letterbox_cls_patch,100.0,0.5,0.25,0.00012040112006517612,0.00047806982113425035,0.0012087349338064071,0.9981090517215835,8.374240341055859e-05
img_a88a3c2d6225a331,selection_conditional_full_development_oof_v2,dataset_dev/04_petrykivka_painting/026.jpg,04_petrykivka_painting,04_petrykivka_painting,True,0.9244582537371323,04_petrykivka_painting,02_ornek,01_opishnyan_ceramics,3,train,obj_single_a88a3c2d6225a331,,unreviewed,unreviewed,global_cls__c10__source0p5,pair_letterbox_cls_patch__c100__source0p5__blend0p25,pairwise_conditional_logit_blend,pair_letterbox_cls_patch,100.0,0.5,0.25,0.01852710855795869,0.028633898543495413,0.01258880378960305,0.9244582537371323,0.01579193537181056
img_ab10f2f1f17975a5,selection_conditional_full_development_oof_v2,dataset_dev/04_petrykivka_painting/027.jpg,04_petrykivka_painting,04_petrykivka_painting,True,0.9878762638741762,04_petrykivka_painting,02_ornek,01_opishnyan_ceramics,0,validation,obj_single_ab10f2f1f17975a5,,unreviewed,unreviewed,global_cls__c10__source0p5,pair_letterbox_cls_patch__c100__source0p5__blend0p25,pairwise_conditional_logit_blend,pair_letterbox_cls_patch,100.0,0.5,0.25,0.0009387867475396931,0.010783387693523685,3.291314113356051e-05,0.9878762638741762,0.00036864854362678114
img_732aff65ab85aa99,selection_conditional_full_development_oof_v2,dataset_dev/04_petrykivka_painting/028.jpg,04_petrykivka_painting,04_petrykivka_painting,True,0.9927861562626229,04_petrykivka_painting,03_bubnivka_ceramics,01_opishnyan_ceramics,2,train,obj_single_732aff65ab85aa99,,unreviewed,unreviewed,global_cls__c10__source0p5,pair_letterbox_cls_patch__c100__source0p5__blend0p25,pairwise_conditional_logit_blend,pair_letterbox_cls_patch,100.0,0.5,0.25,0.0021083851094283903,0.0005657785334954581,0.0038898706132348784,0.9927861562626229,0.0006498094812184212
img_e4e3837b0fa065fa,selection_conditional_full_development_oof_v2,dataset_dev/04_petrykivka_painting/030.jpg,04_petrykivka_painting,04_petrykivka_painting,True,0.9990072314657802,04_petrykivka_painting,02_ornek,05_kosiv_ceramics,0,train,obj_single_e4e3837b0fa065fa,,unreviewed,unreviewed,global_cls__c10__source0p5,pair_letterbox_cls_patch__c100__source0p5__blend0p25,pairwise_conditional_logit_blend,pair_letterbox_cls_patch,100.0,0.5,0.25,5.819388037950925e-05,0.0006702963441525865,1.4826184876909026e-05,0.9990072314657802,0.00024945212481080844
img_af02056a277a36fe,selection_conditional_full_development_oof_v2,dataset_dev/04_petrykivka_painting/032.jpg,04_petrykivka_painting,04_petrykivka_painting,True,0.9991789075956704,04_petrykivka_painting,05_kosiv_ceramics,01_opishnyan_ceramics,3,train,obj_single_af02056a277a36fe,,unreviewed,unreviewed,global_cls__c10__source0p5,pair_letterbox_cls_patch__c100__source0p5__blend0p25,pairwise_conditional_logit_blend,pair_letterbox_cls_patch,100.0,0.5,0.25,0.0002473347205451827,9.621930681033256e-05,8.3982188656265e-05,0.9991789075956704,0.0003935561883178226
img_5d02b32a5f5baf05,selection_conditional_full_development_oof_v2,dataset_dev/04_petrykivka_painting/033.jpg,04_petrykivka_painting,04_petrykivka_painting,True,0.7514520828917379,04_petrykivka_painting,05_kosiv_ceramics,01_opishnyan_ceramics,0,train,obj_single_5d02b32a5f5baf05,,unreviewed,unreviewed,global_cls__c10__source0p5,pair_letterbox_cls_patch__c100__source0p5__blend0p25,pairwise_conditional_logit_blend,pair_letterbox_cls_patch,100.0,0.5,0.25,0.05660744315124062,0.012998015389759946,0.0002889326390783378,0.7514520828917379,0.17865352592818318
img_a5735a6f27d1bb0d,selection_conditional_full_development_oof_v2,dataset_dev/04_petrykivka_painting/036.jpg,04_petrykivka_painting,04_petrykivka_painting,True,0.974841042786428,04_petrykivka_painting,05_kosiv_ceramics,02_ornek,3,validation,obj_single_a5735a6f27d1bb0d,,unreviewed,unreviewed,global_cls__c10__source0p5,pair_letterbox_cls_patch__c100__source0p5__blend0p25,pairwise_conditional_logit_blend,pair_letterbox_cls_patch,100.0,0.5,0.25,0.0005310234807425643,0.010403164245473885,0.00021141346312361794,0.974841042786428,0.014013356024231927
img_43c5942414e024a1,selection_conditional_full_development_oof_v2,dataset_dev/04_petrykivka_painting/038.jpg,04_petrykivka_painting,04_petrykivka_painting,True,0.9434270575793905,04_petrykivka_painting,05_kosiv_ceramics,01_opishnyan_ceramics,3,train,obj_single_43c5942414e024a1,,unreviewed,unreviewed,global_cls__c10__source0p5,pair_letterbox_cls_patch__c100__source0p5__blend0p25,pairwise_conditional_logit_blend,pair_letterbox_cls_patch,100.0,0.5,0.25,0.018023195520099577,0.011422800086592313,0.0026462850124184516,0.9434270575793905,0.024480661801499277
img_36ab02a9caac73d5,selection_conditional_full_development_oof_v2,dataset_dev/04_petrykivka_painting/039.jpg,04_petrykivka_painting,04_petrykivka_painting,True,0.995168707469711,04_petrykivka_painting,02_ornek,05_kosiv_ceramics,2,validation,obj_single_36ab02a9caac73d5,,unreviewed,unreviewed,global_cls__c10__source0p5,pair_letterbox_cls_patch__c100__source0p5__blend0p25,pairwise_conditional_logit_blend,pair_letterbox_cls_patch,100.0,0.5,0.25,0.00011312765356572463,0.0030019779847638827,3.543090474781164e-05,0.995168707469711,0.001680755987211701
img_2c87b30dfc48468e,selection_conditional_full_development_oof_v2,dataset_dev/04_petrykivka_painting/040.jpg,04_petrykivka_painting,04_petrykivka_painting,True,0.9712974742414745,04_petrykivka_painting,01_opishnyan_ceramics,02_ornek,0,train,obj_single_2c87b30dfc48468e,,unreviewed,unreviewed,global_cls__c10__source0p5,pair_letterbox_cls_patch__c100__source0p5__blend0p25,pairwise_conditional_logit_blend,pair_letterbox_cls_patch,100.0,0.5,0.25,0.014831165353880736,0.012578035448050008,0.0002643478162287095,0.9712974742414745,0.0010289771403660033
img_0530c8356c564080,selection_conditional_full_development_oof_v2,dataset_dev/04_petrykivka_painting/042.jpg,04_petrykivka_painting,04_petrykivka_painting,True,0.9566730306562805,04_petrykivka_painting,02_ornek,05_kosiv_ceramics,0,train,obj_single_0530c8356c564080,,unreviewed,unreviewed,global_cls__c10__source0p5,pair_letterbox_cls_patch__c100__source0p5__blend0p25,pairwise_conditional_logit_blend,pair_letterbox_cls_patch,100.0,0.5,0.25,0.000937397913835123,0.03781787922208259,0.0003464745935157203,0.9566730306562805,0.004225217614286128
img_d4392c5474172f19,selection_conditional_full_development_oof_v2,dataset_dev/04_petrykivka_painting/043.jpg,04_petrykivka_painting,04_petrykivka_painting,True,0.9849803817128128,04_petrykivka_painting,02_ornek,03_bubnivka_ceramics,4,train,obj_single_d4392c5474172f19,,unreviewed,unreviewed,global_cls__c10__source0p5,pair_letterbox_cls_patch__c100__source0p5__blend0p25,pairwise_conditional_logit_blend,pair_letterbox_cls_patch,100.0,0.5,0.25,0.0009319447859721639,0.012373345760310045,0.0011472357510439997,0.9849803817128128,0.0005670919898609711
img_c1b80a9133e431a6,selection_conditional_full_development_oof_v2,dataset_dev/04_petrykivka_painting/044.jpg,04_petrykivka_painting,04_petrykivka_painting,True,0.4788727866178206,04_petrykivka_painting,05_kosiv_ceramics,01_opishnyan_ceramics,4,train,obj_single_c1b80a9133e431a6,,unreviewed,unreviewed,global_cls__c10__source0p5,pair_letterbox_cls_patch__c100__source0p5__blend0p25,pairwise_conditional_logit_blend,pair_letterbox_cls_patch,100.0,0.5,0.25,0.12579182855937446,0.02267073560517379,0.0014774252913977094,0.4788727866178206,0.37118722392623343
img_133b33f8cc03e008,selection_conditional_full_development_oof_v2,dataset_dev/04_petrykivka_painting/045.jpg,04_petrykivka_painting,04_petrykivka_painting,True,0.9980505355030476,04_petrykivka_painting,02_ornek,05_kosiv_ceramics,1,train,obj_single_133b33f8cc03e008,,unreviewed,unreviewed,global_cls__c10__source0p5,pair_letterbox_cls_patch__c100__source0p5__blend0p25,pairwise_conditional_logit_blend,pair_letterbox_cls_patch,100.0,0.5,0.25,2.7213452037031347e-05,0.0013842442721716689,4.5015842138464264e-05,0.9980505355030476,0.0004929909306053457
img_1db7bc3d501848e6,selection_conditional_full_development_oof_v2,dataset_dev/04_petrykivka_painting/046.jpg,04_petrykivka_painting,04_petrykivka_painting,True,0.9797868278961015,04_petrykivka_painting,02_ornek,05_kosiv_ceramics,2,train,obj_single_1db7bc3d501848e6,,unreviewed,unreviewed,global_cls__c10__source0p5,pair_letterbox_cls_patch__c100__source0p5__blend0p25,pairwise_conditional_logit_blend,pair_letterbox_cls_patch,100.0,0.5,0.25,0.00286391559802348,0.01208232980279682,0.0009143013415911839,0.9797868278961015,0.0043526253614871524
img_cae5aa889ed5df2c,selection_conditional_full_development_oof_v2,dataset_dev/04_petrykivka_painting/047.jpg,04_petrykivka_painting,04_petrykivka_painting,True,0.670959944769135,04_petrykivka_painting,01_opishnyan_ceramics,02_ornek,0,train,obj_single_cae5aa889ed5df2c,,unreviewed,unreviewed,global_cls__c10__source0p5,pair_letterbox_cls_patch__c100__source0p5__blend0p25,pairwise_conditional_logit_blend,pair_letterbox_cls_patch,100.0,0.5,0.25,0.1843966228412504,0.0864199436261292,0.013065831632907612,0.670959944769135,0.04515765713057782
img_f7454109f83b123c,selection_conditional_full_development_oof_v2,dataset_dev/04_petrykivka_painting/048.jpg,04_petrykivka_painting,04_petrykivka_painting,True,0.9927701975406831,04_petrykivka_painting,01_opishnyan_ceramics,05_kosiv_ceramics,0,validation,obj_single_f7454109f83b123c,,unreviewed,unreviewed,global_cls__c10__source0p5,pair_letterbox_cls_patch__c100__source0p5__blend0p25,pairwise_conditional_logit_blend,pair_letterbox_cls_patch,100.0,0.5,0.25,0.0036525480147993907,0.0009141103483026875,0.0004701914304347577,0.9927701975406831,0.002192952665780012
img_3ca3dd4e2fade24c,selection_conditional_full_development_oof_v2,dataset_dev/04_petrykivka_painting/049.jpg,04_petrykivka_painting,04_petrykivka_painting,True,0.9455955162168098,04_petrykivka_painting,02_ornek,05_kosiv_ceramics,0,train,obj_single_3ca3dd4e2fade24c,,unreviewed,unreviewed,global_cls__c10__source0p5,pair_letterbox_cls_patch__c100__source0p5__blend0p25,pairwise_conditional_logit_blend,pair_letterbox_cls_patch,100.0,0.5,0.25,0.004609847722348747,0.03411651399145616,0.0014785472364692725,0.9455955162168098,0.01419957483291598
img_0777664641c6dc62,selection_conditional_full_development_oof_v2,dataset_dev/04_petrykivka_painting/050.jpg,04_petrykivka_painting,04_petrykivka_painting,True,0.9935545443515512,04_petrykivka_painting,05_kosiv_ceramics,02_ornek,1,train,obj_single_0777664641c6dc62,,unreviewed,unreviewed,global_cls__c10__source0p5,pair_letterbox_cls_patch__c100__source0p5__blend0p25,pairwise_conditional_logit_blend,pair_letterbox_cls_patch,100.0,0.5,0.25,0.0002595469828661035,0.0004906742033155592,0.0004682583482493018,0.9935545443515512,0.005226976114017807
img_b0240d7f3e0a23ee,selection_conditional_full_development_oof_v2,dataset_dev/04_petrykivka_painting/058.jpg,04_petrykivka_painting,04_petrykivka_painting,True,0.9989254405277774,04_petrykivka_painting,02_ornek,03_bubnivka_ceramics,1,train,obj_single_b0240d7f3e0a23ee,,unreviewed,unreviewed,global_cls__c10__source0p5,pair_letterbox_cls_patch__c100__source0p5__blend0p25,pairwise_conditional_logit_blend,pair_letterbox_cls_patch,100.0,0.5,0.25,9.72762285954314e-05,0.0005703784680383033,0.00037982479951337035,0.9989254405277774,2.7079976075415134e-05
img_0e9427fb2f5b3eb1,selection_conditional_full_development_oof_v2,dataset_dev/04_petrykivka_painting/059.jpg,04_petrykivka_painting,04_petrykivka_painting,True,0.9991723933003973,04_petrykivka_painting,01_opishnyan_ceramics,03_bubnivka_ceramics,1,validation,obj_single_0e9427fb2f5b3eb1,,unreviewed,unreviewed,global_cls__c10__source0p5,pair_letterbox_cls_patch__c100__source0p5__blend0p25,pairwise_conditional_logit_blend,pair_letterbox_cls_patch,100.0,0.5,0.25,0.0003013040348101361,0.00013658914562018068,0.0002267175887019713,0.9991723933003973,0.00016299593047046067
img_fcd5fcdd19863f17,selection_conditional_full_development_oof_v2,dataset_dev/04_petrykivka_painting/060.jpg,04_petrykivka_painting,04_petrykivka_painting,True,0.9614692046530905,04_petrykivka_painting,02_ornek,05_kosiv_ceramics,4,train,obj_single_fcd5fcdd19863f17,,unreviewed,unreviewed,global_cls__c10__source0p5,pair_letterbox_cls_patch__c100__source0p5__blend0p25,pairwise_conditional_logit_blend,pair_letterbox_cls_patch,100.0,0.5,0.25,0.001423556641665952,0.03262766617654173,0.0010380836194024295,0.9614692046530905,0.0034414889092995084
img_ed1aff6fdb13513c,selection_conditional_full_development_oof_v2,dataset_dev/04_petrykivka_painting/062.jpg,04_petrykivka_painting,04_petrykivka_painting,True,0.8934882472219732,04_petrykivka_painting,05_kosiv_ceramics,02_ornek,1,train,obj_single_ed1aff6fdb13513c,,unreviewed,unreviewed,global_cls__c10__source0p5,pair_letterbox_cls_patch__c100__source0p5__blend0p25,pairwise_conditional_logit_blend,pair_letterbox_cls_patch,100.0,0.5,0.25,0.00113129176048173,0.02243711429670495,0.0018340119196981384,0.8934882472219732,0.08110933480114205
img_0196c54d4a02f395,selection_conditional_full_development_oof_v2,dataset_dev/04_petrykivka_painting/063.jpg,04_petrykivka_painting,04_petrykivka_painting,True,0.8834314283013252,04_petrykivka_painting,05_kosiv_ceramics,02_ornek,0,train,obj_single_0196c54d4a02f395,,unreviewed,unreviewed,global_cls__c10__source0p5,pair_letterbox_cls_patch__c100__source0p5__blend0p25,pairwise_conditional_logit_blend,pair_letterbox_cls_patch,100.0,0.5,0.25,0.01416501261957322,0.019308153896336205,0.007261583445121827,0.8834314283013252,0.0758338217376436
img_5459d64e8b768e79,selection_conditional_full_development_oof_v2,dataset_dev/04_petrykivka_painting/065.jpg,04_petrykivka_painting,04_petrykivka_painting,True,0.9062542075765765,04_petrykivka_painting,02_ornek,05_kosiv_ceramics,1,train,obj_single_5459d64e8b768e79,,unreviewed,unreviewed,global_cls__c10__source0p5,pair_letterbox_cls_patch__c100__source0p5__blend0p25,pairwise_conditional_logit_blend,pair_letterbox_cls_patch,100.0,0.5,0.25,0.00034667203123399533,0.052694994055582305,2.0894744856940423e-05,0.9062542075765765,0.04068323159175017
img_b181a6f3eee1e494,selection_conditional_full_development_oof_v2,dataset_dev/04_petrykivka_painting/066.jpg,04_petrykivka_painting,04_petrykivka_painting,True,0.9988324714701703,04_petrykivka_painting,02_ornek,05_kosiv_ceramics,0,train,obj_single_b181a6f3eee1e494,,unreviewed,unreviewed,global_cls__c10__source0p5,pair_letterbox_cls_patch__c100__source0p5__blend0p25,pairwise_conditional_logit_blend,pair_letterbox_cls_patch,100.0,0.5,0.25,2.9894742105084258e-05,0.0009015043070280632,2.4907273104321997e-06,0.9988324714701703,0.00023363875338609137
img_8a4a16b5a85db96a,selection_conditional_full_development_oof_v2,dataset_dev/04_petrykivka_painting/069.jpeg,04_petrykivka_painting,04_petrykivka_painting,True,0.9992068202855416,04_petrykivka_painting,05_kosiv_ceramics,02_ornek,0,train,obj_single_8a4a16b5a85db96a,,unreviewed,unreviewed,global_cls__c10__source0p5,pair_letterbox_cls_patch__c100__source0p5__blend0p25,pairwise_conditional_logit_blend,pair_letterbox_cls_patch,100.0,0.5,0.25,0.0001635958963497928,0.0002670235082248185,1.1318977575652065e-05,0.9992068202855416,0.00035124133230800524
img_baefda6839d777b7,selection_conditional_full_development_oof_v2,dataset_dev/04_petrykivka_painting/070.jpg,04_petrykivka_painting,04_petrykivka_painting,True,0.9912909307627968,04_petrykivka_painting,02_ornek,05_kosiv_ceramics,4,train,obj_single_baefda6839d777b7,,unreviewed,unreviewed,global_cls__c10__source0p5,pair_letterbox_cls_patch__c100__source0p5__blend0p25,pairwise_conditional_logit_blend,pair_letterbox_cls_patch,100.0,0.5,0.25,0.00033967446273478385,0.004491967001070601,9.286549185989976e-05,0.9912909307627968,0.0037845622815378043
img_de826787989f1d95,selection_conditional_full_development_oof_v2,dataset_dev/04_petrykivka_painting/072.jpg,04_petrykivka_painting,04_petrykivka_painting,True,0.9927955838020152,04_petrykivka_painting,05_kosiv_ceramics,02_ornek,3,train,obj_single_de826787989f1d95,,unreviewed,unreviewed,global_cls__c10__source0p5,pair_letterbox_cls_patch__c100__source0p5__blend0p25,pairwise_conditional_logit_blend,pair_letterbox_cls_patch,100.0,0.5,0.25,0.001259360250671499,0.001969197226263956,0.0002736281077068269,0.9927955838020152,0.0037022306133425017
img_f8403b014c2d4a47,selection_conditional_full_development_oof_v2,dataset_dev/04_petrykivka_painting/073.jpg,04_petrykivka_painting,04_petrykivka_painting,True,0.8950176819578046,04_petrykivka_painting,05_kosiv_ceramics,01_opishnyan_ceramics,1,validation,obj_single_f8403b014c2d4a47,,unreviewed,unreviewed,global_cls__c10__source0p5,pair_letterbox_cls_patch__c100__source0p5__blend0p25,pairwise_conditional_logit_blend,pair_letterbox_cls_patch,100.0,0.5,0.25,0.022813693530472537,0.0018755810764805167,0.0005399584864916876,0.8950176819578046,0.07975308494875069
img_a95ca63d0558f359,selection_conditional_full_development_oof_v2,dataset_dev/04_petrykivka_painting/074.jpg,04_petrykivka_painting,04_petrykivka_painting,True,0.9063835730529535,04_petrykivka_painting,02_ornek,05_kosiv_ceramics,2,train,obj_single_a95ca63d0558f359,,unreviewed,unreviewed,global_cls__c10__source0p5,pair_letterbox_cls_patch__c100__source0p5__blend0p25,pairwise_conditional_logit_blend,pair_letterbox_cls_patch,100.0,0.5,0.25,0.0008638393631473339,0.04848808857637351,0.0004061929169987265,0.9063835730529535,0.04385830609052695
img_f9a0f610437dbf4f,selection_conditional_full_development_oof_v2,dataset_dev/04_petrykivka_painting/076.jpg,04_petrykivka_painting,04_petrykivka_painting,True,0.9757787332495973,04_petrykivka_painting,05_kosiv_ceramics,02_ornek,0,train,obj_single_f9a0f610437dbf4f,,unreviewed,unreviewed,global_cls__c10__source0p5,pair_letterbox_cls_patch__c100__source0p5__blend0p25,pairwise_conditional_logit_blend,pair_letterbox_cls_patch,100.0,0.5,0.25,0.0005220538818906787,0.004725467060092743,6.146621415232192e-05,0.9757787332495973,0.018912279594267088
img_7b1d315fefcd5c33,selection_conditional_full_development_oof_v2,dataset_dev/04_petrykivka_painting/077.jpg,04_petrykivka_painting,04_petrykivka_painting,True,0.8508982690418969,04_petrykivka_painting,05_kosiv_ceramics,02_ornek,1,train,obj_single_7b1d315fefcd5c33,,unreviewed,unreviewed,global_cls__c10__source0p5,pair_letterbox_cls_patch__c100__source0p5__blend0p25,pairwise_conditional_logit_blend,pair_letterbox_cls_patch,100.0,0.5,0.25,0.0014082389326385116,0.004092247333170895,0.0012662623302670249,0.8508982690418969,0.14233498236202652
img_8ae7f340a9168a46,selection_conditional_full_development_oof_v2,dataset_dev/04_petrykivka_painting/078.jpg,04_petrykivka_painting,04_petrykivka_painting,True,0.9991106047982223,04_petrykivka_painting,05_kosiv_ceramics,02_ornek,2,train,obj_single_8ae7f340a9168a46,,unreviewed,unreviewed,global_cls__c10__source0p5,pair_letterbox_cls_patch__c100__source0p5__blend0p25,pairwise_conditional_logit_blend,pair_letterbox_cls_patch,100.0,0.5,0.25,8.664067314394036e-06,0.0003388079970005914,2.7467738567537663e-06,0.9991106047982223,0.0005391763636061065
img_cd93e8de1db9231b,selection_conditional_full_development_oof_v2,dataset_dev/04_petrykivka_painting/080.jpg,04_petrykivka_painting,04_petrykivka_painting,True,0.9993685330443617,04_petrykivka_painting,05_kosiv_ceramics,02_ornek,4,train,obj_single_cd93e8de1db9231b,,unreviewed,unreviewed,global_cls__c10__source0p5,pair_letterbox_cls_patch__c100__source0p5__blend0p25,pairwise_conditional_logit_blend,pair_letterbox_cls_patch,100.0,0.5,0.25,1.5445659737854552e-05,0.0002378276284245865,7.648958756417333e-06,0.9993685330443617,0.0003705447087195188
img_da3a5f18276183ff,selection_conditional_full_development_oof_v2,dataset_dev/04_petrykivka_painting/082.jpg,04_petrykivka_painting,04_petrykivka_painting,True,0.9562434857261746,04_petrykivka_painting,05_kosiv_ceramics,02_ornek,1,train,obj_single_da3a5f18276183ff,,unreviewed,unreviewed,global_cls__c10__source0p5,pair_letterbox_cls_patch__c100__source0p5__blend0p25,pairwise_conditional_logit_blend,pair_letterbox_cls_patch,100.0,0.5,0.25,0.0008750473793761422,0.013936602309185274,0.0034101121118448176,0.9562434857261746,0.025534752473419128
img_d7a6f433aa31daab,selection_conditional_full_development_oof_v2,dataset_dev/04_petrykivka_painting/083.jpg,04_petrykivka_painting,04_petrykivka_painting,True,0.9993940289824823,04_petrykivka_painting,02_ornek,05_kosiv_ceramics,4,train,obj_single_d7a6f433aa31daab,,unreviewed,unreviewed,global_cls__c10__source0p5,pair_letterbox_cls_patch__c100__source0p5__blend0p25,pairwise_conditional_logit_blend,pair_letterbox_cls_patch,100.0,0.5,0.25,0.00013624098347378007,0.0002480095253764499,1.0473985618089588e-05,0.9993940289824823,0.00021124652304940677
img_a98f48d0bb154ceb,selection_conditional_full_development_oof_v2,dataset_dev/04_petrykivka_painting/084.jpg,04_petrykivka_painting,04_petrykivka_painting,True,0.998744457140153,04_petrykivka_painting,05_kosiv_ceramics,02_ornek,2,train,obj_single_a98f48d0bb154ceb,,unreviewed,unreviewed,global_cls__c10__source0p5,pair_letterbox_cls_patch__c100__source0p5__blend0p25,pairwise_conditional_logit_blend,pair_letterbox_cls_patch,100.0,0.5,0.25,4.3554064933245694e-05,0.00048771210680111126,5.074218042365488e-05,0.998744457140153,0.0006735345076890561
img_35e93b64e5d04abf,selection_conditional_full_development_oof_v2,dataset_dev/04_petrykivka_painting/085.jpg,04_petrykivka_painting,04_petrykivka_painting,True,0.9692870408591775,04_petrykivka_painting,03_bubnivka_ceramics,02_ornek,1,train,obj_single_35e93b64e5d04abf,,unreviewed,unreviewed,global_cls__c10__source0p5,pair_letterbox_cls_patch__c100__source0p5__blend0p25,pairwise_conditional_logit_blend,pair_letterbox_cls_patch,100.0,0.5,0.25,0.0019610484421072995,0.005896810765371674,0.021675593126678213,0.9692870408591775,0.0011795068066652518
img_9bba7d6af47f4409,selection_conditional_full_development_oof_v2,dataset_dev/04_petrykivka_painting/086.jpg,04_petrykivka_painting,04_petrykivka_painting,True,0.9981442796584348,04_petrykivka_painting,05_kosiv_ceramics,02_ornek,2,train,obj_single_9bba7d6af47f4409,,unreviewed,unreviewed,global_cls__c10__source0p5,pair_letterbox_cls_patch__c100__source0p5__blend0p25,pairwise_conditional_logit_blend,pair_letterbox_cls_patch,100.0,0.5,0.25,6.9740114491440794e-06,0.0006983190620882732,0.00011110451749035749,0.9981442796584348,0.0010393227505373793
img_66309dc403ef43de,selection_conditional_full_development_oof_v2,dataset_dev/04_petrykivka_painting/087.jpg,04_petrykivka_painting,01_opishnyan_ceramics,False,0.8075583985045941,01_opishnyan_ceramics,04_petrykivka_painting,05_kosiv_ceramics,2,train,obj_single_66309dc403ef43de,,unreviewed,unreviewed,global_cls__c10__source0p5,pair_letterbox_cls_patch__c100__source0p5__blend0p25,pairwise_conditional_logit_blend,pair_letterbox_cls_patch,100.0,0.5,0.25,0.8075583985045941,0.00581905655615918,0.0032967519889132535,0.1562649440950477,0.027060848855285785
img_1e9af7972505fe8a,selection_conditional_full_development_oof_v2,dataset_dev/04_petrykivka_painting/088.jpg,04_petrykivka_painting,04_petrykivka_painting,True,0.9871238385660508,04_petrykivka_painting,05_kosiv_ceramics,02_ornek,4,train,obj_single_1e9af7972505fe8a,,unreviewed,unreviewed,global_cls__c10__source0p5,pair_letterbox_cls_patch__c100__source0p5__blend0p25,pairwise_conditional_logit_blend,pair_letterbox_cls_patch,100.0,0.5,0.25,0.0003390719712775049,0.000881575820452337,5.389056759548307e-05,0.9871238385660508,0.01160162307462378
img_0f404b2b781db4a2,selection_conditional_full_development_oof_v2,dataset_dev/04_petrykivka_painting/091.jpg,04_petrykivka_painting,04_petrykivka_painting,True,0.9177506024856783,04_petrykivka_painting,02_ornek,05_kosiv_ceramics,4,train,obj_single_0f404b2b781db4a2,,unreviewed,unreviewed,global_cls__c10__source0p5,pair_letterbox_cls_patch__c100__source0p5__blend0p25,pairwise_conditional_logit_blend,pair_letterbox_cls_patch,100.0,0.5,0.25,0.0030688889175981963,0.057549063322612136,0.00040383759673318727,0.9177506024856783,0.021227607677378267
img_54511c9a93b73f89,selection_conditional_full_development_oof_v2,dataset_dev/04_petrykivka_painting/092.jpg,04_petrykivka_painting,02_ornek,False,0.644894358596268,02_ornek,04_petrykivka_painting,05_kosiv_ceramics,0,train,obj_single_54511c9a93b73f89,,unreviewed,unreviewed,global_cls__c10__source0p5,pair_letterbox_cls_patch__c100__source0p5__blend0p25,pairwise_conditional_logit_blend,pair_letterbox_cls_patch,100.0,0.5,0.25,0.003683365613473494,0.644894358596268,0.0017241110134549697,0.26766962214876006,0.08202854262804342
img_3560308d213b15cf,selection_conditional_full_development_oof_v2,dataset_dev/04_petrykivka_painting/096.jpg,04_petrykivka_painting,04_petrykivka_painting,True,0.9927219833068817,04_petrykivka_painting,05_kosiv_ceramics,02_ornek,0,train,obj_single_3560308d213b15cf,,unreviewed,unreviewed,global_cls__c10__source0p5,pair_letterbox_cls_patch__c100__source0p5__blend0p25,pairwise_conditional_logit_blend,pair_letterbox_cls_patch,100.0,0.5,0.25,0.0005701655522325127,0.001098335360544731,0.00023966928846939903,0.9927219833068817,0.00536984649187172
img_1dc2ff34a8267c60,selection_conditional_full_development_oof_v2,dataset_dev/04_petrykivka_painting/098.jpg,04_petrykivka_painting,04_petrykivka_painting,True,0.9950914952168227,04_petrykivka_painting,01_opishnyan_ceramics,02_ornek,3,train,obj_single_1dc2ff34a8267c60,,unreviewed,unreviewed,global_cls__c10__source0p5,pair_letterbox_cls_patch__c100__source0p5__blend0p25,pairwise_conditional_logit_blend,pair_letterbox_cls_patch,100.0,0.5,0.25,0.0020544767459839052,0.0016746217846162206,0.0006599690135701409,0.9950914952168227,0.0005194372390071532
img_e1e3d7b3bb8e5b39,selection_conditional_full_development_oof_v2,dataset_dev/04_petrykivka_painting/099.jpg,04_petrykivka_painting,04_petrykivka_painting,True,0.9912233439609729,04_petrykivka_painting,02_ornek,05_kosiv_ceramics,2,train,obj_single_e1e3d7b3bb8e5b39,,unreviewed,unreviewed,global_cls__c10__source0p5,pair_letterbox_cls_patch__c100__source0p5__blend0p25,pairwise_conditional_logit_blend,pair_letterbox_cls_patch,100.0,0.5,0.25,0.00015261065222119867,0.006947591453908133,0.00043974981083102284,0.9912233439609729,0.001236704122066884
img_6156c690c8b9b514,selection_conditional_full_development_oof_v2,dataset_dev/04_petrykivka_painting/100.jpg,04_petrykivka_painting,04_petrykivka_painting,True,0.9977181569627595,04_petrykivka_painting,02_ornek,05_kosiv_ceramics,3,train,obj_single_6156c690c8b9b514,,unreviewed,unreviewed,global_cls__c10__source0p5,pair_letterbox_cls_patch__c100__source0p5__blend0p25,pairwise_conditional_logit_blend,pair_letterbox_cls_patch,100.0,0.5,0.25,0.00012405912213188077,0.0014700960934791493,0.00014999517143761033,0.9977181569627595,0.0005376926501919535
img_268f3c441a8cedc9,selection_conditional_full_development_oof_v2,dataset_dev/04_petrykivka_painting/102.jpg,04_petrykivka_painting,04_petrykivka_painting,True,0.9424036656612901,04_petrykivka_painting,02_ornek,01_opishnyan_ceramics,0,train,obj_single_268f3c441a8cedc9,,unreviewed,unreviewed,global_cls__c10__source0p5,pair_letterbox_cls_patch__c100__source0p5__blend0p25,pairwise_conditional_logit_blend,pair_letterbox_cls_patch,100.0,0.5,0.25,0.023218226854152455,0.024266882428751125,0.0016573700826632003,0.9424036656612901,0.00845385497314324
img_e9c5eaecab6d544f,selection_conditional_full_development_oof_v2,dataset_dev/04_petrykivka_painting/104.jpg,04_petrykivka_painting,04_petrykivka_painting,True,0.964447973620711,04_petrykivka_painting,05_kosiv_ceramics,02_ornek,3,train,obj_single_e9c5eaecab6d544f,,unreviewed,unreviewed,global_cls__c10__source0p5,pair_letterbox_cls_patch__c100__source0p5__blend0p25,pairwise_conditional_logit_blend,pair_letterbox_cls_patch,100.0,0.5,0.25,0.0017008504365417316,0.008632893508692082,0.004796432050717425,0.964447973620711,0.02042185038333776
img_e61af6c787277791,selection_conditional_full_development_oof_v2,dataset_dev/04_petrykivka_painting/105.jpg,04_petrykivka_painting,04_petrykivka_painting,True,0.7260761748655711,04_petrykivka_painting,05_kosiv_ceramics,02_ornek,1,train,obj_single_e61af6c787277791,,unreviewed,unreviewed,global_cls__c10__source0p5,pair_letterbox_cls_patch__c100__source0p5__blend0p25,pairwise_conditional_logit_blend,pair_letterbox_cls_patch,100.0,0.5,0.25,0.015441384113811142,0.03749117560761235,0.001519413014681747,0.7260761748655711,0.21947185239832362
img_ce312d5a463e89bf,selection_conditional_full_development_oof_v2,dataset_dev/04_petrykivka_painting/107.jpg,04_petrykivka_painting,04_petrykivka_painting,True,0.9960485698641187,04_petrykivka_painting,02_ornek,01_opishnyan_ceramics,4,train,obj_single_ce312d5a463e89bf,,unreviewed,unreviewed,global_cls__c10__source0p5,pair_letterbox_cls_patch__c100__source0p5__blend0p25,pairwise_conditional_logit_blend,pair_letterbox_cls_patch,100.0,0.5,0.25,0.0009925060386008662,0.002494938124191987,0.00022477120855479737,0.9960485698641187,0.00023921476453379474
img_db8925faac455979,selection_conditional_full_development_oof_v2,dataset_dev/04_petrykivka_painting/108.jpeg,04_petrykivka_painting,04_petrykivka_painting,True,0.9969056717478352,04_petrykivka_painting,01_opishnyan_ceramics,02_ornek,1,validation,obj_single_db8925faac455979,,unreviewed,unreviewed,global_cls__c10__source0p5,pair_letterbox_cls_patch__c100__source0p5__blend0p25,pairwise_conditional_logit_blend,pair_letterbox_cls_patch,100.0,0.5,0.25,0.001836815499098678,0.0009366938080129438,0.00010614124348452253,0.9969056717478352,0.00021467770156867133
img_bd600197ff11e8a9,selection_conditional_full_development_oof_v2,dataset_dev/04_petrykivka_painting/109.jpg,04_petrykivka_painting,04_petrykivka_painting,True,0.8430703644309508,04_petrykivka_painting,02_ornek,05_kosiv_ceramics,2,train,obj_single_bd600197ff11e8a9,,unreviewed,unreviewed,global_cls__c10__source0p5,pair_letterbox_cls_patch__c100__source0p5__blend0p25,pairwise_conditional_logit_blend,pair_letterbox_cls_patch,100.0,0.5,0.25,0.013154268221956074,0.12463196213475979,0.0005949396049820753,0.8430703644309508,0.018548465607351197
img_a14264c4383669aa,selection_conditional_full_development_oof_v2,dataset_dev/04_petrykivka_painting/110.jpg,04_petrykivka_painting,04_petrykivka_painting,True,0.9737759938107096,04_petrykivka_painting,01_opishnyan_ceramics,02_ornek,0,train,obj_single_a14264c4383669aa,,unreviewed,unreviewed,global_cls__c10__source0p5,pair_letterbox_cls_patch__c100__source0p5__blend0p25,pairwise_conditional_logit_blend,pair_letterbox_cls_patch,100.0,0.5,0.25,0.022718975643219185,0.0019911970520969467,0.0013416602850340866,0.9737759938107096,0.00017217320894025292
img_9879126054463474,selection_conditional_full_development_oof_v2,dataset_dev/04_petrykivka_painting/112.jpg,04_petrykivka_painting,04_petrykivka_painting,True,0.999341561984284,04_petrykivka_painting,01_opishnyan_ceramics,02_ornek,0,train,obj_single_9879126054463474,,unreviewed,unreviewed,global_cls__c10__source0p5,pair_letterbox_cls_patch__c100__source0p5__blend0p25,pairwise_conditional_logit_blend,pair_letterbox_cls_patch,100.0,0.5,0.25,0.0003375736926383339,0.00017437870160697026,1.0089801221803902e-05,0.999341561984284,0.00013639582024890573
img_ff16c37e95db5c34,selection_conditional_full_development_oof_v2,dataset_dev/04_petrykivka_painting/113.jpg,04_petrykivka_painting,04_petrykivka_painting,True,0.9979020101181815,04_petrykivka_painting,02_ornek,01_opishnyan_ceramics,2,train,obj_single_ff16c37e95db5c34,,unreviewed,unreviewed,global_cls__c10__source0p5,pair_letterbox_cls_patch__c100__source0p5__blend0p25,pairwise_conditional_logit_blend,pair_letterbox_cls_patch,100.0,0.5,0.25,0.0005960039675427173,0.000926140715028661,0.00021433603362332193,0.9979020101181815,0.0003615091656237868
img_be184d088ae6707e,selection_conditional_full_development_oof_v2,dataset_dev/04_petrykivka_painting/115.jpg,04_petrykivka_painting,04_petrykivka_painting,True,0.8762845719155345,04_petrykivka_painting,02_ornek,03_bubnivka_ceramics,1,train,obj_single_be184d088ae6707e,,unreviewed,unreviewed,global_cls__c10__source0p5,pair_letterbox_cls_patch__c100__source0p5__blend0p25,pairwise_conditional_logit_blend,pair_letterbox_cls_patch,100.0,0.5,0.25,0.0015342433539846676,0.07751871614136056,0.03644509267641356,0.8762845719155345,0.008217375912706843
img_3506f780e01ca0db,selection_conditional_full_development_oof_v2,dataset_dev/04_petrykivka_painting/116.jpg,04_petrykivka_painting,04_petrykivka_painting,True,0.7405518338459551,04_petrykivka_painting,02_ornek,03_bubnivka_ceramics,4,train,obj_single_3506f780e01ca0db,,unreviewed,unreviewed,global_cls__c10__source0p5,pair_letterbox_cls_patch__c100__source0p5__blend0p25,pairwise_conditional_logit_blend,pair_letterbox_cls_patch,100.0,0.5,0.25,0.007502500319033696,0.2152557720662059,0.023946843739493955,0.7405518338459551,0.012743050029311387
img_ddd0ac2058ad3bba,selection_conditional_full_development_oof_v2,dataset_dev/04_petrykivka_painting/118.jpeg,04_petrykivka_painting,04_petrykivka_painting,True,0.9994664948052978,04_petrykivka_painting,01_opishnyan_ceramics,02_ornek,2,train,obj_single_ddd0ac2058ad3bba,,unreviewed,unreviewed,global_cls__c10__source0p5,pair_letterbox_cls_patch__c100__source0p5__blend0p25,pairwise_conditional_logit_blend,pair_letterbox_cls_patch,100.0,0.5,0.25,0.0002273913844773154,0.00015794433401065925,2.3033661803301835e-05,0.9994664948052978,0.00012513581441096744
img_475d21bd7a757a7d,selection_conditional_full_development_oof_v2,dataset_dev/04_petrykivka_painting/119.jpg,04_petrykivka_painting,04_petrykivka_painting,True,0.9989948358243296,04_petrykivka_painting,03_bubnivka_ceramics,02_ornek,4,train,obj_single_475d21bd7a757a7d,,unreviewed,unreviewed,global_cls__c10__source0p5,pair_letterbox_cls_patch__c100__source0p5__blend0p25,pairwise_conditional_logit_blend,pair_letterbox_cls_patch,100.0,0.5,0.25,6.274102351736954e-05,0.0002318944647421582,0.0006982047896398092,0.9989948358243296,1.2323897771129323e-05
img_d4156d21ee2de221,selection_conditional_full_development_oof_v2,dataset_dev/04_petrykivka_painting/120.jpg,04_petrykivka_painting,04_petrykivka_painting,True,0.9995521956549247,04_petrykivka_painting,02_ornek,05_kosiv_ceramics,2,train,obj_single_d4156d21ee2de221,,unreviewed,unreviewed,global_cls__c10__source0p5,pair_letterbox_cls_patch__c100__source0p5__blend0p25,pairwise_conditional_logit_blend,pair_letterbox_cls_patch,100.0,0.5,0.25,7.441789912811425e-05,0.00020587558255526624,4.6933667896705504e-05,0.9995521956549247,0.00012057719549518595
img_b7b6d931bce5c4ea,selection_conditional_full_development_oof_v2,dataset_dev/04_petrykivka_painting/121.jpg,04_petrykivka_painting,04_petrykivka_painting,True,0.9987021958761381,04_petrykivka_painting,02_ornek,05_kosiv_ceramics,2,train,obj_single_b7b6d931bce5c4ea,,unreviewed,unreviewed,global_cls__c10__source0p5,pair_letterbox_cls_patch__c100__source0p5__blend0p25,pairwise_conditional_logit_blend,pair_letterbox_cls_patch,100.0,0.5,0.25,7.555030245493563e-05,0.001087989370467159,2.2086081282122812e-05,0.9987021958761381,0.00011217836965770724
img_b8d23af68d1c6955,selection_conditional_full_development_oof_v2,dataset_dev/04_petrykivka_painting/122.jpg,04_petrykivka_painting,04_petrykivka_painting,True,0.9989392757177639,04_petrykivka_painting,02_ornek,01_opishnyan_ceramics,0,train,obj_single_b8d23af68d1c6955,,unreviewed,unreviewed,global_cls__c10__source0p5,pair_letterbox_cls_patch__c100__source0p5__blend0p25,pairwise_conditional_logit_blend,pair_letterbox_cls_patch,100.0,0.5,0.25,0.0001182963355954864,0.0009006126227544156,9.367714700076089e-06,0.9989392757177639,3.244760918613316e-05
img_3ff986580ff73d63,selection_conditional_full_development_oof_v2,dataset_dev/04_petrykivka_painting/127.jpg,04_petrykivka_painting,04_petrykivka_painting,True,0.9369998196254262,04_petrykivka_painting,02_ornek,03_bubnivka_ceramics,1,train,obj_single_3ff986580ff73d63,,unreviewed,unreviewed,global_cls__c10__source0p5,pair_letterbox_cls_patch__c100__source0p5__blend0p25,pairwise_conditional_logit_blend,pair_letterbox_cls_patch,100.0,0.5,0.25,0.0008536450181460436,0.048979072069754145,0.008961320703539595,0.9369998196254262,0.004206142583134079
img_98c4360411412022,selection_conditional_full_development_oof_v2,dataset_dev/04_petrykivka_painting/129.jpg,04_petrykivka_painting,04_petrykivka_painting,True,0.9960773968405057,04_petrykivka_painting,02_ornek,05_kosiv_ceramics,1,train,obj_single_98c4360411412022,,unreviewed,unreviewed,global_cls__c10__source0p5,pair_letterbox_cls_patch__c100__source0p5__blend0p25,pairwise_conditional_logit_blend,pair_letterbox_cls_patch,100.0,0.5,0.25,0.0001621509932960652,0.0028765002830053363,0.00033816286082510275,0.9960773968405057,0.000545789022367756
img_f6f05b0ed68f6d0b,selection_conditional_full_development_oof_v2,dataset_dev/04_petrykivka_painting/130.jpg,04_petrykivka_painting,04_petrykivka_painting,True,0.9976498037127524,04_petrykivka_painting,02_ornek,01_opishnyan_ceramics,4,train,obj_single_f6f05b0ed68f6d0b,,unreviewed,unreviewed,global_cls__c10__source0p5,pair_letterbox_cls_patch__c100__source0p5__blend0p25,pairwise_conditional_logit_blend,pair_letterbox_cls_patch,100.0,0.5,0.25,0.0007436719739466719,0.0007462469026913082,0.00019911491968540419,0.9976498037127524,0.0006611624909242867
img_08cf2c1d68a5fa38,selection_conditional_full_development_oof_v2,dataset_dev/04_petrykivka_painting/131.jpg,04_petrykivka_painting,04_petrykivka_painting,True,0.9998676967773256,04_petrykivka_painting,02_ornek,03_bubnivka_ceramics,3,train,obj_single_08cf2c1d68a5fa38,,unreviewed,unreviewed,global_cls__c10__source0p5,pair_letterbox_cls_patch__c100__source0p5__blend0p25,pairwise_conditional_logit_blend,pair_letterbox_cls_patch,100.0,0.5,0.25,2.1293280595551474e-05,4.417278551490244e-05,4.169422364736145e-05,0.9998676967773256,2.5142932916614322e-05
img_c50e7a53213b153a,selection_conditional_full_development_oof_v2,dataset_dev/04_petrykivka_painting/134.jpg,04_petrykivka_painting,04_petrykivka_painting,True,0.9986993622673908,04_petrykivka_painting,01_opishnyan_ceramics,02_ornek,4,train,obj_single_c50e7a53213b153a,,unreviewed,unreviewed,global_cls__c10__source0p5,pair_letterbox_cls_patch__c100__source0p5__blend0p25,pairwise_conditional_logit_blend,pair_letterbox_cls_patch,100.0,0.5,0.25,0.0003934698174803659,0.00038903907545838286,0.0003822695013668686,0.9986993622673908,0.00013585933830367135
img_1cac6d0b7f1635af,selection_conditional_full_development_oof_v2,dataset_dev/04_petrykivka_painting/139.jpg,04_petrykivka_painting,04_petrykivka_painting,True,0.9891973151294916,04_petrykivka_painting,05_kosiv_ceramics,01_opishnyan_ceramics,0,train,obj_single_1cac6d0b7f1635af,,unreviewed,unreviewed,global_cls__c10__source0p5,pair_letterbox_cls_patch__c100__source0p5__blend0p25,pairwise_conditional_logit_blend,pair_letterbox_cls_patch,100.0,0.5,0.25,0.0018223548958724613,0.0017558923494454459,0.00046508075207963526,0.9891973151294916,0.0067593568731108816
img_7269b19a4562d582,selection_conditional_full_development_oof_v2,dataset_dev/04_petrykivka_painting/140.jpg,04_petrykivka_painting,04_petrykivka_painting,True,0.9976646407965705,04_petrykivka_painting,02_ornek,05_kosiv_ceramics,4,train,obj_single_7269b19a4562d582,,unreviewed,unreviewed,global_cls__c10__source0p5,pair_letterbox_cls_patch__c100__source0p5__blend0p25,pairwise_conditional_logit_blend,pair_letterbox_cls_patch,100.0,0.5,0.25,3.7268994536602266e-05,0.001810189087128984,0.0002414085688607294,0.9976646407965705,0.00024649255290323905
img_0a0049ddb1eb9549,selection_conditional_full_development_oof_v2,dataset_dev/04_petrykivka_painting/141.jpg,04_petrykivka_painting,04_petrykivka_painting,True,0.9953184768874788,04_petrykivka_painting,01_opishnyan_ceramics,02_ornek,2,validation,obj_single_0a0049ddb1eb9549,,unreviewed,unreviewed,global_cls__c10__source0p5,pair_letterbox_cls_patch__c100__source0p5__blend0p25,pairwise_conditional_logit_blend,pair_letterbox_cls_patch,100.0,0.5,0.25,0.002317486534840625,0.001071392766509106,0.00045164119416004744,0.9953184768874788,0.0008410026170116431
img_4dbca33c85bd3712,selection_conditional_full_development_oof_v2,dataset_dev/04_petrykivka_painting/142.jpg,04_petrykivka_painting,04_petrykivka_painting,True,0.9984828036503848,04_petrykivka_painting,02_ornek,05_kosiv_ceramics,4,train,obj_single_4dbca33c85bd3712,,unreviewed,unreviewed,global_cls__c10__source0p5,pair_letterbox_cls_patch__c100__source0p5__blend0p25,pairwise_conditional_logit_blend,pair_letterbox_cls_patch,100.0,0.5,0.25,9.08662488138046e-05,0.0008025210318282326,0.00022637317408997324,0.9984828036503848,0.00039743589488317843
img_98ef46c93a36af73,selection_conditional_full_development_oof_v2,dataset_dev/04_petrykivka_painting/145.jpg,04_petrykivka_painting,04_petrykivka_painting,True,0.9978899779678759,04_petrykivka_painting,02_ornek,05_kosiv_ceramics,1,train,obj_single_98ef46c93a36af73,,unreviewed,unreviewed,global_cls__c10__source0p5,pair_letterbox_cls_patch__c100__source0p5__blend0p25,pairwise_conditional_logit_blend,pair_letterbox_cls_patch,100.0,0.5,0.25,0.0003079744202011517,0.0008762756656598388,0.0003419916418383812,0.9978899779678759,0.0005837803044247118
img_6a1063cc7d802b43,selection_conditional_full_development_oof_v2,dataset_dev/04_petrykivka_painting/147.jpg,04_petrykivka_painting,04_petrykivka_painting,True,0.9755876316325813,04_petrykivka_painting,02_ornek,03_bubnivka_ceramics,2,train,obj_single_6a1063cc7d802b43,,unreviewed,unreviewed,global_cls__c10__source0p5,pair_letterbox_cls_patch__c100__source0p5__blend0p25,pairwise_conditional_logit_blend,pair_letterbox_cls_patch,100.0,0.5,0.25,0.0014711965356459017,0.01922129815707052,0.0031619726260464,0.9755876316325813,0.0005579010486557273
img_57231575effdb11e,selection_conditional_full_development_oof_v2,dataset_dev/04_petrykivka_painting/148.jpg,04_petrykivka_painting,04_petrykivka_painting,True,0.9984944564184116,04_petrykivka_painting,02_ornek,01_opishnyan_ceramics,3,train,obj_single_57231575effdb11e,,unreviewed,unreviewed,global_cls__c10__source0p5,pair_letterbox_cls_patch__c100__source0p5__blend0p25,pairwise_conditional_logit_blend,pair_letterbox_cls_patch,100.0,0.5,0.25,0.0003586578939366504,0.0010320950868123579,4.7836553842617487e-05,0.9984944564184116,6.69540469965789e-05
img_f553117c65359cdf,selection_conditional_full_development_oof_v2,dataset_dev/04_petrykivka_painting/150.png,04_petrykivka_painting,04_petrykivka_painting,True,0.9950957419008157,04_petrykivka_painting,02_ornek,05_kosiv_ceramics,1,train,obj_single_f553117c65359cdf,,unreviewed,unreviewed,global_cls__c10__source0p5,pair_letterbox_cls_patch__c100__source0p5__blend0p25,pairwise_conditional_logit_blend,pair_letterbox_cls_patch,100.0,0.5,0.25,9.130899197218523e-05,0.0038430024240551143,0.000145176159984329,0.9950957419008157,0.0008247705231726309
img_794dc757653cb287,selection_conditional_full_development_oof_v2,dataset_dev/04_petrykivka_painting/154.jpg,04_petrykivka_painting,04_petrykivka_painting,True,0.9924660385079779,04_petrykivka_painting,02_ornek,03_bubnivka_ceramics,0,train,obj_single_794dc757653cb287,,unreviewed,unreviewed,global_cls__c10__source0p5,pair_letterbox_cls_patch__c100__source0p5__blend0p25,pairwise_conditional_logit_blend,pair_letterbox_cls_patch,100.0,0.5,0.25,0.0008880380964518345,0.004613490871581286,0.0016906918473589849,0.9924660385079779,0.00034174067663010773
img_ac01772115fc308e,selection_conditional_full_development_oof_v2,dataset_dev/04_petrykivka_painting/155.jpg,04_petrykivka_painting,04_petrykivka_painting,True,0.9677447662015842,04_petrykivka_painting,01_opishnyan_ceramics,05_kosiv_ceramics,3,validation,obj_single_ac01772115fc308e,,unreviewed,unreviewed,global_cls__c10__source0p5,pair_letterbox_cls_patch__c100__source0p5__blend0p25,pairwise_conditional_logit_blend,pair_letterbox_cls_patch,100.0,0.5,0.25,0.011416028034523103,0.009316321303418527,0.0009127063839432778,0.9677447662015842,0.010610178076530924
img_59c3681633a3b582,selection_conditional_full_development_oof_v2,dataset_dev/04_petrykivka_painting/156.png,04_petrykivka_painting,04_petrykivka_painting,True,0.99797423586598,04_petrykivka_painting,05_kosiv_ceramics,02_ornek,0,validation,obj_single_59c3681633a3b582,,unreviewed,unreviewed,global_cls__c10__source0p5,pair_letterbox_cls_patch__c100__source0p5__blend0p25,pairwise_conditional_logit_blend,pair_letterbox_cls_patch,100.0,0.5,0.25,0.00036915913387560047,0.0004979246972090838,0.0003316763302251589,0.99797423586598,0.0008270039727101043
img_00780650deb32990,selection_conditional_full_development_oof_v2,dataset_dev/04_petrykivka_painting/158.jpg,04_petrykivka_painting,04_petrykivka_painting,True,0.9535144506126392,04_petrykivka_painting,02_ornek,01_opishnyan_ceramics,3,train,obj_single_00780650deb32990,,unreviewed,unreviewed,global_cls__c10__source0p5,pair_letterbox_cls_patch__c100__source0p5__blend0p25,pairwise_conditional_logit_blend,pair_letterbox_cls_patch,100.0,0.5,0.25,0.01403602104522058,0.021141435455779744,0.005134544229642028,0.9535144506126392,0.006173548656718341
img_f3a24a7834a8726f,selection_conditional_full_development_oof_v2,dataset_dev/04_petrykivka_painting/159.jpg,04_petrykivka_painting,04_petrykivka_painting,True,0.9936895045251388,04_petrykivka_painting,02_ornek,05_kosiv_ceramics,1,train,obj_single_f3a24a7834a8726f,,unreviewed,unreviewed,global_cls__c10__source0p5,pair_letterbox_cls_patch__c100__source0p5__blend0p25,pairwise_conditional_logit_blend,pair_letterbox_cls_patch,100.0,0.5,0.25,0.001409400972422175,0.00220355764279461,0.0009759839064977937,0.9936895045251388,0.0017215529531466904
img_1be2529bf4cec0cf,selection_conditional_full_development_oof_v2,dataset_dev/04_petrykivka_painting/160.jpg,04_petrykivka_painting,04_petrykivka_painting,True,0.9183160537578698,04_petrykivka_painting,02_ornek,05_kosiv_ceramics,2,train,obj_single_1be2529bf4cec0cf,,unreviewed,unreviewed,global_cls__c10__source0p5,pair_letterbox_cls_patch__c100__source0p5__blend0p25,pairwise_conditional_logit_blend,pair_letterbox_cls_patch,100.0,0.5,0.25,0.00286928350262703,0.07091305227910635,0.0030646149205128597,0.9183160537578698,0.004836995539884
img_cdd26535c06234c7,selection_conditional_full_development_oof_v2,dataset_dev/04_petrykivka_painting/161.png,04_petrykivka_painting,04_petrykivka_painting,True,0.9994902512236193,04_petrykivka_painting,02_ornek,05_kosiv_ceramics,3,train,obj_single_cdd26535c06234c7,,unreviewed,unreviewed,global_cls__c10__source0p5,pair_letterbox_cls_patch__c100__source0p5__blend0p25,pairwise_conditional_logit_blend,pair_letterbox_cls_patch,100.0,0.5,0.25,4.770650703486261e-05,0.00027152788738865066,9.203927641161932e-05,0.9994902512236193,9.847510554569624e-05
img_843c56645c71a1a2,selection_conditional_full_development_oof_v2,dataset_dev/04_petrykivka_painting/163.jpg,04_petrykivka_painting,04_petrykivka_painting,True,0.8175124930271627,04_petrykivka_painting,02_ornek,05_kosiv_ceramics,4,train,obj_single_843c56645c71a1a2,,unreviewed,unreviewed,global_cls__c10__source0p5,pair_letterbox_cls_patch__c100__source0p5__blend0p25,pairwise_conditional_logit_blend,pair_letterbox_cls_patch,100.0,0.5,0.25,0.0030934788801205006,0.09547603529014438,0.0029510652235482733,0.8175124930271627,0.08096692757902421
img_9c7fa97d1ea2b01b,selection_conditional_full_development_oof_v2,dataset_dev/04_petrykivka_painting/164.jpg,04_petrykivka_painting,04_petrykivka_painting,True,0.9977667188070524,04_petrykivka_painting,02_ornek,03_bubnivka_ceramics,0,train,obj_single_9c7fa97d1ea2b01b,,unreviewed,unreviewed,global_cls__c10__source0p5,pair_letterbox_cls_patch__c100__source0p5__blend0p25,pairwise_conditional_logit_blend,pair_letterbox_cls_patch,100.0,0.5,0.25,0.0001839607969989165,0.0017119361582055481,0.00018399779579280975,0.9977667188070524,0.00015338644195029237
img_efe7066bf9c759f0,selection_conditional_full_development_oof_v2,dataset_dev/04_petrykivka_painting/166.png,04_petrykivka_painting,04_petrykivka_painting,True,0.9944827400001016,04_petrykivka_painting,02_ornek,05_kosiv_ceramics,3,train,obj_single_efe7066bf9c759f0,,unreviewed,unreviewed,global_cls__c10__source0p5,pair_letterbox_cls_patch__c100__source0p5__blend0p25,pairwise_conditional_logit_blend,pair_letterbox_cls_patch,100.0,0.5,0.25,0.0006899960494825624,0.0025382524756917104,0.0007863032587656897,0.9944827400001016,0.001502708215958481
img_1f78d13464afd425,selection_conditional_full_development_oof_v2,dataset_dev/04_petrykivka_painting/167.png,04_petrykivka_painting,04_petrykivka_painting,True,0.9884464058787048,04_petrykivka_painting,02_ornek,05_kosiv_ceramics,1,train,obj_single_1f78d13464afd425,,unreviewed,unreviewed,global_cls__c10__source0p5,pair_letterbox_cls_patch__c100__source0p5__blend0p25,pairwise_conditional_logit_blend,pair_letterbox_cls_patch,100.0,0.5,0.25,0.0007567842870453162,0.008397534058389123,0.0011279999387596577,0.9884464058787048,0.0012712758371010574
img_2bd0240b52bb0f0f,selection_conditional_full_development_oof_v2,dataset_dev/04_petrykivka_painting/169.png,04_petrykivka_painting,04_petrykivka_painting,True,0.9971565423687724,04_petrykivka_painting,03_bubnivka_ceramics,02_ornek,1,train,obj_single_2bd0240b52bb0f0f,,unreviewed,unreviewed,global_cls__c10__source0p5,pair_letterbox_cls_patch__c100__source0p5__blend0p25,pairwise_conditional_logit_blend,pair_letterbox_cls_patch,100.0,0.5,0.25,2.3314729451955213e-05,0.0010403347764361577,0.0016870283342418177,0.9971565423687724,9.27797910976546e-05
img_8ec1fed358da90fc,selection_conditional_full_development_oof_v2,dataset_dev/04_petrykivka_painting/170.png,04_petrykivka_painting,04_petrykivka_painting,True,0.9983316082279429,04_petrykivka_painting,02_ornek,05_kosiv_ceramics,1,train,obj_single_8ec1fed358da90fc,,unreviewed,unreviewed,global_cls__c10__source0p5,pair_letterbox_cls_patch__c100__source0p5__blend0p25,pairwise_conditional_logit_blend,pair_letterbox_cls_patch,100.0,0.5,0.25,0.00011721934210749534,0.001202054261640501,0.00012384103086302676,0.9983316082279429,0.00022527713744615132
img_f5a874e81c2262a7,selection_conditional_full_development_oof_v2,dataset_dev/04_petrykivka_painting/171.jpg,04_petrykivka_painting,04_petrykivka_painting,True,0.9955431507221887,04_petrykivka_painting,02_ornek,03_bubnivka_ceramics,2,train,obj_single_f5a874e81c2262a7,,unreviewed,unreviewed,global_cls__c10__source0p5,pair_letterbox_cls_patch__c100__source0p5__blend0p25,pairwise_conditional_logit_blend,pair_letterbox_cls_patch,100.0,0.5,0.25,0.0007425427867484797,0.0021757045838159904,0.0014227450468418301,0.9955431507221887,0.00011585686040491622
img_40e8a4a0353fb1a8,selection_conditional_full_development_oof_v2,dataset_dev/04_petrykivka_painting/174.jpg,04_petrykivka_painting,04_petrykivka_painting,True,0.6245862983895226,04_petrykivka_painting,05_kosiv_ceramics,02_ornek,4,train,obj_single_40e8a4a0353fb1a8,,unreviewed,unreviewed,global_cls__c10__source0p5,pair_letterbox_cls_patch__c100__source0p5__blend0p25,pairwise_conditional_logit_blend,pair_letterbox_cls_patch,100.0,0.5,0.25,0.0465246088368304,0.08431793494610508,0.02425500945414966,0.6245862983895226,0.22031614837339222
img_a5d90d6c472ddcac,selection_conditional_full_development_oof_v2,dataset_dev/04_petrykivka_painting/175.jpg,04_petrykivka_painting,04_petrykivka_painting,True,0.9990544291145425,04_petrykivka_painting,02_ornek,01_opishnyan_ceramics,4,train,obj_single_a5d90d6c472ddcac,,unreviewed,unreviewed,global_cls__c10__source0p5,pair_letterbox_cls_patch__c100__source0p5__blend0p25,pairwise_conditional_logit_blend,pair_letterbox_cls_patch,100.0,0.5,0.25,0.000142159441707909,0.0006231680718379314,0.00011989202552500118,0.9990544291145425,6.0351346386668675e-05
img_520b84c00c3f2b00,selection_conditional_full_development_oof_v2,dataset_dev/04_petrykivka_painting/176.jpg,04_petrykivka_painting,04_petrykivka_painting,True,0.9995421567805514,04_petrykivka_painting,02_ornek,01_opishnyan_ceramics,2,train,obj_single_520b84c00c3f2b00,,unreviewed,unreviewed,global_cls__c10__source0p5,pair_letterbox_cls_patch__c100__source0p5__blend0p25,pairwise_conditional_logit_blend,pair_letterbox_cls_patch,100.0,0.5,0.25,0.00013414110036759987,0.00025574662409774885,1.2209905510972299e-05,0.9995421567805514,5.574558947229831e-05
img_741ed92d16e51792,selection_conditional_full_development_oof_v2,dataset_dev/04_petrykivka_painting/177.jpg,04_petrykivka_painting,04_petrykivka_painting,True,0.9937934897835773,04_petrykivka_painting,02_ornek,05_kosiv_ceramics,4,train,obj_single_741ed92d16e51792,,unreviewed,unreviewed,global_cls__c10__source0p5,pair_letterbox_cls_patch__c100__source0p5__blend0p25,pairwise_conditional_logit_blend,pair_letterbox_cls_patch,100.0,0.5,0.25,0.0004943580986189158,0.0035693201385419856,0.0005256712606623818,0.9937934897835773,0.001617160718599466
img_76b53f9227445531,selection_conditional_full_development_oof_v2,dataset_dev/04_petrykivka_painting/179.jpg,04_petrykivka_painting,04_petrykivka_painting,True,0.9435858522521732,04_petrykivka_painting,01_opishnyan_ceramics,03_bubnivka_ceramics,3,train,obj_single_76b53f9227445531,,unreviewed,unreviewed,global_cls__c10__source0p5,pair_letterbox_cls_patch__c100__source0p5__blend0p25,pairwise_conditional_logit_blend,pair_letterbox_cls_patch,100.0,0.5,0.25,0.03888514198746547,0.00500861315339879,0.008748809616413675,0.9435858522521732,0.0037715829905489067
img_438acd29e59b74b0,selection_conditional_full_development_oof_v2,dataset_dev/04_petrykivka_painting/181.jpg,04_petrykivka_painting,04_petrykivka_painting,True,0.988434776649422,04_petrykivka_painting,02_ornek,05_kosiv_ceramics,1,train,obj_single_438acd29e59b74b0,,unreviewed,unreviewed,global_cls__c10__source0p5,pair_letterbox_cls_patch__c100__source0p5__blend0p25,pairwise_conditional_logit_blend,pair_letterbox_cls_patch,100.0,0.5,0.25,0.0009991826207190898,0.0070568713480683555,0.0006461004642191183,0.988434776649422,0.0028630689175714852
img_65b809074578f318,selection_conditional_full_development_oof_v2,dataset_dev/04_petrykivka_painting/182.jpg,04_petrykivka_painting,04_petrykivka_painting,True,0.9976605057130086,04_petrykivka_painting,02_ornek,05_kosiv_ceramics,0,train,obj_single_65b809074578f318,,unreviewed,unreviewed,global_cls__c10__source0p5,pair_letterbox_cls_patch__c100__source0p5__blend0p25,pairwise_conditional_logit_blend,pair_letterbox_cls_patch,100.0,0.5,0.25,0.00036114901620996426,0.0012730996946612812,0.000254874778532949,0.9976605057130086,0.0004503707975871843
img_ce5c2baec4200a6f,selection_conditional_full_development_oof_v2,dataset_dev/04_petrykivka_painting/186.jpg,04_petrykivka_painting,04_petrykivka_painting,True,0.9982281749760535,04_petrykivka_painting,01_opishnyan_ceramics,02_ornek,0,train,obj_single_ce5c2baec4200a6f,,unreviewed,unreviewed,global_cls__c10__source0p5,pair_letterbox_cls_patch__c100__source0p5__blend0p25,pairwise_conditional_logit_blend,pair_letterbox_cls_patch,100.0,0.5,0.25,0.0006109954035830149,0.00040300278536425455,0.00039998346714147456,0.9982281749760535,0.00035784336785785415
img_f0f85d3604747bf7,selection_conditional_full_development_oof_v2,dataset_dev/04_petrykivka_painting/187.jpg,04_petrykivka_painting,04_petrykivka_painting,True,0.9968052333890006,04_petrykivka_painting,02_ornek,05_kosiv_ceramics,1,train,obj_single_f0f85d3604747bf7,,unreviewed,unreviewed,global_cls__c10__source0p5,pair_letterbox_cls_patch__c100__source0p5__blend0p25,pairwise_conditional_logit_blend,pair_letterbox_cls_patch,100.0,0.5,0.25,0.0004214868871429286,0.001852756100430143,0.00027355856257662913,0.9968052333890006,0.0006469650608495598
img_d1b29d5bb04a1bdf,selection_conditional_full_development_oof_v2,dataset_dev/04_petrykivka_painting/188.jpg,04_petrykivka_painting,04_petrykivka_painting,True,0.9982581110288665,04_petrykivka_painting,02_ornek,05_kosiv_ceramics,0,train,obj_single_d1b29d5bb04a1bdf,,unreviewed,unreviewed,global_cls__c10__source0p5,pair_letterbox_cls_patch__c100__source0p5__blend0p25,pairwise_conditional_logit_blend,pair_letterbox_cls_patch,100.0,0.5,0.25,5.6237994117417695e-05,0.0011863202135561223,0.0001938658126395838,0.9982581110288665,0.00030546495082043473
img_9e91104e632a46ed,selection_conditional_full_development_oof_v2,dataset_dev/04_petrykivka_painting/191.jpg,04_petrykivka_painting,04_petrykivka_painting,True,0.9974358547819576,04_petrykivka_painting,02_ornek,03_bubnivka_ceramics,4,validation,obj_single_9e91104e632a46ed,,unreviewed,unreviewed,global_cls__c10__source0p5,pair_letterbox_cls_patch__c100__source0p5__blend0p25,pairwise_conditional_logit_blend,pair_letterbox_cls_patch,100.0,0.5,0.25,5.526035444882495e-05,0.0015978933944737128,0.0005361149056889441,0.9974358547819576,0.00037487656343084913
img_cdc518ce074ec8c6,selection_conditional_full_development_oof_v2,dataset_dev/04_petrykivka_painting/193.jpg,04_petrykivka_painting,04_petrykivka_painting,True,0.9941470514620775,04_petrykivka_painting,02_ornek,05_kosiv_ceramics,1,train,obj_single_cdc518ce074ec8c6,,unreviewed,unreviewed,global_cls__c10__source0p5,pair_letterbox_cls_patch__c100__source0p5__blend0p25,pairwise_conditional_logit_blend,pair_letterbox_cls_patch,100.0,0.5,0.25,0.0012987208275847828,0.00166161670532246,0.0014220075259701497,0.9941470514620775,0.0014706034790452644
img_891d86a4dd3518cb,selection_conditional_full_development_oof_v2,dataset_dev/04_petrykivka_painting/194.png,04_petrykivka_painting,04_petrykivka_painting,True,0.9518136848057472,04_petrykivka_painting,02_ornek,05_kosiv_ceramics,0,train,obj_single_891d86a4dd3518cb,,unreviewed,unreviewed,global_cls__c10__source0p5,pair_letterbox_cls_patch__c100__source0p5__blend0p25,pairwise_conditional_logit_blend,pair_letterbox_cls_patch,100.0,0.5,0.25,0.0009833367646955966,0.040800458691790296,0.00037856561476180297,0.9518136848057472,0.006023954123005135
img_fe891fc1c905629b,selection_conditional_full_development_oof_v2,dataset_dev/04_petrykivka_painting/195.png,04_petrykivka_painting,04_petrykivka_painting,True,0.9859158795431606,04_petrykivka_painting,02_ornek,05_kosiv_ceramics,2,train,obj_single_fe891fc1c905629b,,unreviewed,unreviewed,global_cls__c10__source0p5,pair_letterbox_cls_patch__c100__source0p5__blend0p25,pairwise_conditional_logit_blend,pair_letterbox_cls_patch,100.0,0.5,0.25,0.00016035579792311928,0.011580036826749341,0.000367029411282345,0.9859158795431606,0.001976698420884611
img_35993783fd4cc510,selection_conditional_full_development_oof_v2,dataset_dev/04_petrykivka_painting/196.png,04_petrykivka_painting,04_petrykivka_painting,True,0.9975104748041187,04_petrykivka_painting,02_ornek,05_kosiv_ceramics,0,train,obj_single_35993783fd4cc510,,unreviewed,unreviewed,global_cls__c10__source0p5,pair_letterbox_cls_patch__c100__source0p5__blend0p25,pairwise_conditional_logit_blend,pair_letterbox_cls_patch,100.0,0.5,0.25,0.00021181870315507953,0.0015523639217381838,0.0001913804398246178,0.9975104748041187,0.0005339621311634214
img_bc94298c68793e44,selection_conditional_full_development_oof_v2,dataset_dev/04_petrykivka_painting/199.png,04_petrykivka_painting,04_petrykivka_painting,True,0.9943587250010159,04_petrykivka_painting,03_bubnivka_ceramics,02_ornek,2,train,obj_single_bc94298c68793e44,,unreviewed,unreviewed,global_cls__c10__source0p5,pair_letterbox_cls_patch__c100__source0p5__blend0p25,pairwise_conditional_logit_blend,pair_letterbox_cls_patch,100.0,0.5,0.25,8.656515449787765e-05,0.0007465110198363978,0.004566879763293606,0.9943587250010159,0.00024131906135643077
img_8515d4a87991c252,selection_conditional_full_development_oof_v2,dataset_dev/04_petrykivka_painting/201.png,04_petrykivka_painting,04_petrykivka_painting,True,0.958377782248616,04_petrykivka_painting,02_ornek,01_opishnyan_ceramics,3,validation,semgrp_297ad5d0229c75d3,,unreviewed,unreviewed,global_cls__c10__source0p5,pair_letterbox_cls_patch__c100__source0p5__blend0p25,pairwise_conditional_logit_blend,pair_letterbox_cls_patch,100.0,0.5,0.25,0.004753907140495742,0.035237768402372784,0.0007426800115385774,0.958377782248616,0.0008878621969768442
img_c57a475c774e5f2f,selection_conditional_full_development_oof_v2,dataset_dev/04_petrykivka_painting/203.png,04_petrykivka_painting,04_petrykivka_painting,True,0.932418555865856,04_petrykivka_painting,02_ornek,05_kosiv_ceramics,4,train,obj_single_c57a475c774e5f2f,,unreviewed,unreviewed,global_cls__c10__source0p5,pair_letterbox_cls_patch__c100__source0p5__blend0p25,pairwise_conditional_logit_blend,pair_letterbox_cls_patch,100.0,0.5,0.25,0.0011263470361740438,0.05928296325213644,0.0035741232288701613,0.932418555865856,0.0035980106169634218
img_a5ec0989f2ed54a7,selection_conditional_full_development_oof_v2,dataset_dev/04_petrykivka_painting/204.jpg,04_petrykivka_painting,04_petrykivka_painting,True,0.9101754752106939,04_petrykivka_painting,05_kosiv_ceramics,02_ornek,4,train,obj_single_a5ec0989f2ed54a7,,unreviewed,unreviewed,global_cls__c10__source0p5,pair_letterbox_cls_patch__c100__source0p5__blend0p25,pairwise_conditional_logit_blend,pair_letterbox_cls_patch,100.0,0.5,0.25,0.0007311681381210851,0.034846213868481406,0.001152809252657867,0.9101754752106939,0.053094333530045765
img_d84bd8c5022f368f,selection_conditional_full_development_oof_v2,dataset_dev/04_petrykivka_painting/207.jpg,04_petrykivka_painting,04_petrykivka_painting,True,0.9743004399356736,04_petrykivka_painting,02_ornek,01_opishnyan_ceramics,3,validation,semgrp_297ad5d0229c75d3,,unreviewed,unreviewed,global_cls__c10__source0p5,pair_letterbox_cls_patch__c100__source0p5__blend0p25,pairwise_conditional_logit_blend,pair_letterbox_cls_patch,100.0,0.5,0.25,0.0034297248127006593,0.019520978443891904,0.002151834386413642,0.9743004399356736,0.0005970224213202943
img_841a9b229266a530,selection_conditional_full_development_oof_v2,dataset_dev/04_petrykivka_painting/208.jpg,04_petrykivka_painting,04_petrykivka_painting,True,0.9908066995201454,04_petrykivka_painting,02_ornek,05_kosiv_ceramics,3,validation,semgrp_ec4c1e3160283890,,unreviewed,unreviewed,global_cls__c10__source0p5,pair_letterbox_cls_patch__c100__source0p5__blend0p25,pairwise_conditional_logit_blend,pair_letterbox_cls_patch,100.0,0.5,0.25,0.0002754380953274586,0.007011182825972436,0.00019966724780430238,0.9908066995201454,0.0017070123107503442
img_310ff1d6ef5cfacd,selection_conditional_full_development_oof_v2,dataset_dev/04_petrykivka_painting/209.jpg,04_petrykivka_painting,04_petrykivka_painting,True,0.9878739113768851,04_petrykivka_painting,02_ornek,05_kosiv_ceramics,1,train,obj_single_310ff1d6ef5cfacd,,unreviewed,unreviewed,global_cls__c10__source0p5,pair_letterbox_cls_patch__c100__source0p5__blend0p25,pairwise_conditional_logit_blend,pair_letterbox_cls_patch,100.0,0.5,0.25,0.00041640895267597343,0.009822981192248254,0.0007518353802437328,0.9878739113768851,0.0011348630979468686
img_460fb755e4108d39,selection_conditional_full_development_oof_v2,dataset_dev/04_petrykivka_painting/213.jpg,04_petrykivka_painting,04_petrykivka_painting,True,0.9976361925701478,04_petrykivka_painting,02_ornek,01_opishnyan_ceramics,4,train,obj_single_460fb755e4108d39,,unreviewed,unreviewed,global_cls__c10__source0p5,pair_letterbox_cls_patch__c100__source0p5__blend0p25,pairwise_conditional_logit_blend,pair_letterbox_cls_patch,100.0,0.5,0.25,0.0007164270602295489,0.0012628675360548723,0.0002276688739652361,0.9976361925701478,0.00015684395960263467
img_7cdd212cc04df9da,selection_conditional_full_development_oof_v2,dataset_dev/04_petrykivka_painting/214.jpg,04_petrykivka_painting,04_petrykivka_painting,True,0.9984152762441522,04_petrykivka_painting,01_opishnyan_ceramics,02_ornek,4,train,obj_single_7cdd212cc04df9da,,unreviewed,unreviewed,global_cls__c10__source0p5,pair_letterbox_cls_patch__c100__source0p5__blend0p25,pairwise_conditional_logit_blend,pair_letterbox_cls_patch,100.0,0.5,0.25,0.0008654133806405067,0.00034307432707325,0.00034110547425688357,0.9984152762441522,3.513057387722599e-05
img_9e4a5c341b2837d8,selection_conditional_full_development_oof_v2,dataset_dev/04_petrykivka_painting/215.jpg,04_petrykivka_painting,04_petrykivka_painting,True,0.9956428223727515,04_petrykivka_painting,02_ornek,01_opishnyan_ceramics,2,train,obj_single_9e4a5c341b2837d8,,unreviewed,unreviewed,global_cls__c10__source0p5,pair_letterbox_cls_patch__c100__source0p5__blend0p25,pairwise_conditional_logit_blend,pair_letterbox_cls_patch,100.0,0.5,0.25,0.0014832092158098172,0.0024692766007470006,0.0002044359694195553,0.9956428223727515,0.00020025584127215197
img_c738b266e51ead28,selection_conditional_full_development_oof_v2,dataset_dev/04_petrykivka_painting/216.jpg,04_petrykivka_painting,04_petrykivka_painting,True,0.9975631955868973,04_petrykivka_painting,05_kosiv_ceramics,01_opishnyan_ceramics,3,train,obj_single_c738b266e51ead28,,unreviewed,unreviewed,global_cls__c10__source0p5,pair_letterbox_cls_patch__c100__source0p5__blend0p25,pairwise_conditional_logit_blend,pair_letterbox_cls_patch,100.0,0.5,0.25,0.0006507624603447354,0.0002201368809613273,5.989364564705689e-05,0.9975631955868973,0.0015060114261495154
img_9cc907346274a418,selection_conditional_full_development_oof_v2,dataset_dev/04_petrykivka_painting/218.jpg,04_petrykivka_painting,04_petrykivka_painting,True,0.9989925031830446,04_petrykivka_painting,02_ornek,03_bubnivka_ceramics,2,train,obj_single_9cc907346274a418,,unreviewed,unreviewed,global_cls__c10__source0p5,pair_letterbox_cls_patch__c100__source0p5__blend0p25,pairwise_conditional_logit_blend,pair_letterbox_cls_patch,100.0,0.5,0.25,0.00016312401696015006,0.0006014028525315582,0.00019371851368015316,0.9989925031830446,4.925143378353552e-05
img_f9b735b50750a202,selection_conditional_full_development_oof_v2,dataset_dev/04_petrykivka_painting/219.jpg,04_petrykivka_painting,04_petrykivka_painting,True,0.9891236140067352,04_petrykivka_painting,02_ornek,01_opishnyan_ceramics,3,train,obj_single_f9b735b50750a202,,unreviewed,unreviewed,global_cls__c10__source0p5,pair_letterbox_cls_patch__c100__source0p5__blend0p25,pairwise_conditional_logit_blend,pair_letterbox_cls_patch,100.0,0.5,0.25,0.0007062410800448907,0.009880464495994693,5.5131832371779e-05,0.9891236140067352,0.00023454858485330715
img_2463b67feb19bb5f,selection_conditional_full_development_oof_v2,dataset_dev/04_petrykivka_painting/221.jpg,04_petrykivka_painting,04_petrykivka_painting,True,0.9987012390927819,04_petrykivka_painting,03_bubnivka_ceramics,02_ornek,1,train,obj_single_2463b67feb19bb5f,,unreviewed,unreviewed,global_cls__c10__source0p5,pair_letterbox_cls_patch__c100__source0p5__blend0p25,pairwise_conditional_logit_blend,pair_letterbox_cls_patch,100.0,0.5,0.25,8.02044518876496e-05,0.0003825418791037861,0.0006513521026998454,0.9987012390927819,0.00018466247352679228
img_643782600742890b,selection_conditional_full_development_oof_v2,dataset_dev/04_petrykivka_painting/222.jpg,04_petrykivka_painting,04_petrykivka_painting,True,0.9928019106769831,04_petrykivka_painting,03_bubnivka_ceramics,02_ornek,0,train,obj_single_643782600742890b,,unreviewed,unreviewed,global_cls__c10__source0p5,pair_letterbox_cls_patch__c100__source0p5__blend0p25,pairwise_conditional_logit_blend,pair_letterbox_cls_patch,100.0,0.5,0.25,0.00015198046929251204,0.0030044898467563447,0.003918202499156636,0.9928019106769831,0.00012341650781141092
img_01846c4485488e98,selection_conditional_full_development_oof_v2,dataset_dev/04_petrykivka_painting/224.jpg,04_petrykivka_painting,04_petrykivka_painting,True,0.9991927248749631,04_petrykivka_painting,01_opishnyan_ceramics,05_kosiv_ceramics,2,train,obj_single_01846c4485488e98,,unreviewed,unreviewed,global_cls__c10__source0p5,pair_letterbox_cls_patch__c100__source0p5__blend0p25,pairwise_conditional_logit_blend,pair_letterbox_cls_patch,100.0,0.5,0.25,0.00045528847778948336,9.618396543927321e-05,3.345368775637677e-05,0.9991927248749631,0.00022234899405169784
img_3649822e616075f3,selection_conditional_full_development_oof_v2,dataset_dev/04_petrykivka_painting/225.jpg,04_petrykivka_painting,04_petrykivka_painting,True,0.9695854638156507,04_petrykivka_painting,05_kosiv_ceramics,02_ornek,4,train,obj_single_3649822e616075f3,,unreviewed,unreviewed,global_cls__c10__source0p5,pair_letterbox_cls_patch__c100__source0p5__blend0p25,pairwise_conditional_logit_blend,pair_letterbox_cls_patch,100.0,0.5,0.25,0.006413711019127651,0.008191112857282112,0.0036775784728818725,0.9695854638156507,0.012132133835057648
img_23e846f6613d9a4a,selection_conditional_full_development_oof_v2,dataset_dev/04_petrykivka_painting/227.jpg,04_petrykivka_painting,04_petrykivka_painting,True,0.9902129767815159,04_petrykivka_painting,02_ornek,01_opishnyan_ceramics,1,train,obj_single_23e846f6613d9a4a,,unreviewed,unreviewed,global_cls__c10__source0p5,pair_letterbox_cls_patch__c100__source0p5__blend0p25,pairwise_conditional_logit_blend,pair_letterbox_cls_patch,100.0,0.5,0.25,0.001920590028058269,0.0074860994663520615,4.1347019362626596e-05,0.9902129767815159,0.0003389867047111902
img_c5d53d56f8ccc8c2,selection_conditional_full_development_oof_v2,dataset_dev/04_petrykivka_painting/228.jpg,04_petrykivka_painting,04_petrykivka_painting,True,0.9983592360237653,04_petrykivka_painting,02_ornek,03_bubnivka_ceramics,2,train,obj_single_c5d53d56f8ccc8c2,,unreviewed,unreviewed,global_cls__c10__source0p5,pair_letterbox_cls_patch__c100__source0p5__blend0p25,pairwise_conditional_logit_blend,pair_letterbox_cls_patch,100.0,0.5,0.25,9.316815240094499e-05,0.0013900924782924765,0.00010837977955785319,0.9983592360237653,4.912356598363181e-05
img_b59a02f8f01e38f9,selection_conditional_full_development_oof_v2,dataset_dev/04_petrykivka_painting/231.jpg,04_petrykivka_painting,04_petrykivka_painting,True,0.9965506146882409,04_petrykivka_painting,02_ornek,01_opishnyan_ceramics,3,train,obj_single_b59a02f8f01e38f9,,unreviewed,unreviewed,global_cls__c10__source0p5,pair_letterbox_cls_patch__c100__source0p5__blend0p25,pairwise_conditional_logit_blend,pair_letterbox_cls_patch,100.0,0.5,0.25,0.0006305533611269719,0.001718153312425683,0.0005687360037948791,0.9965506146882409,0.0005319426344115011
img_13b22c98275faa07,selection_conditional_full_development_oof_v2,dataset_dev/04_petrykivka_painting/234.jpg,04_petrykivka_painting,04_petrykivka_painting,True,0.9950737954732314,04_petrykivka_painting,02_ornek,01_opishnyan_ceramics,1,train,obj_single_13b22c98275faa07,,unreviewed,unreviewed,global_cls__c10__source0p5,pair_letterbox_cls_patch__c100__source0p5__blend0p25,pairwise_conditional_logit_blend,pair_letterbox_cls_patch,100.0,0.5,0.25,0.0005073163584336918,0.004208620083424933,9.271686122418802e-05,0.9950737954732314,0.00011755122368567347
img_cb5dbccb92c5d3e1,selection_conditional_full_development_oof_v2,dataset_dev/04_petrykivka_painting/236.jpg,04_petrykivka_painting,04_petrykivka_painting,True,0.9947909745868543,04_petrykivka_painting,02_ornek,01_opishnyan_ceramics,0,train,obj_single_cb5dbccb92c5d3e1,,unreviewed,unreviewed,global_cls__c10__source0p5,pair_letterbox_cls_patch__c100__source0p5__blend0p25,pairwise_conditional_logit_blend,pair_letterbox_cls_patch,100.0,0.5,0.25,0.001259485162506685,0.003405954312793307,0.00015739956616461138,0.9947909745868543,0.00038618637168101865
img_9c14b4dfa1d480a2,selection_conditional_full_development_oof_v2,dataset_dev/04_petrykivka_painting/238.jpg,04_petrykivka_painting,04_petrykivka_painting,True,0.8783430119687194,04_petrykivka_painting,02_ornek,01_opishnyan_ceramics,0,train,obj_single_9c14b4dfa1d480a2,,unreviewed,unreviewed,global_cls__c10__source0p5,pair_letterbox_cls_patch__c100__source0p5__blend0p25,pairwise_conditional_logit_blend,pair_letterbox_cls_patch,100.0,0.5,0.25,0.01576234478110037,0.08915332529558039,0.006534951321539891,0.8783430119687194,0.010206366633059832
img_b391139d74a29015,selection_conditional_full_development_oof_v2,dataset_dev/04_petrykivka_painting/239.jpg,04_petrykivka_painting,04_petrykivka_painting,True,0.9950839848221398,04_petrykivka_painting,02_ornek,03_bubnivka_ceramics,4,train,obj_single_b391139d74a29015,,unreviewed,unreviewed,global_cls__c10__source0p5,pair_letterbox_cls_patch__c100__source0p5__blend0p25,pairwise_conditional_logit_blend,pair_letterbox_cls_patch,100.0,0.5,0.25,0.00011119900268216821,0.0033706103091408553,0.001168833356622406,0.9950839848221398,0.00026537250941478514
img_1aceddceac2fc9a0,selection_conditional_full_development_oof_v2,dataset_dev/04_petrykivka_painting/240.jpg,04_petrykivka_painting,04_petrykivka_painting,True,0.9849162379746853,04_petrykivka_painting,02_ornek,01_opishnyan_ceramics,2,train,obj_single_1aceddceac2fc9a0,,unreviewed,unreviewed,global_cls__c10__source0p5,pair_letterbox_cls_patch__c100__source0p5__blend0p25,pairwise_conditional_logit_blend,pair_letterbox_cls_patch,100.0,0.5,0.25,0.0005369830860303881,0.013708246838432444,0.00042830457559893555,0.9849162379746853,0.00041022752525309963
img_99f7a8834fa81622,selection_conditional_full_development_oof_v2,dataset_dev/04_petrykivka_painting/241.jpg,04_petrykivka_painting,04_petrykivka_painting,True,0.9797724874999083,04_petrykivka_painting,02_ornek,01_opishnyan_ceramics,4,train,obj_single_99f7a8834fa81622,,unreviewed,unreviewed,global_cls__c10__source0p5,pair_letterbox_cls_patch__c100__source0p5__blend0p25,pairwise_conditional_logit_blend,pair_letterbox_cls_patch,100.0,0.5,0.25,0.00040251179232881896,0.019480027242697567,6.440714173497346e-05,0.9797724874999083,0.00028056632333044764
img_620c7356e590c7c3,selection_conditional_full_development_oof_v2,dataset_dev/04_petrykivka_painting/243.jpg,04_petrykivka_painting,04_petrykivka_painting,True,0.9539793155330885,04_petrykivka_painting,02_ornek,05_kosiv_ceramics,3,train,obj_single_620c7356e590c7c3,,unreviewed,unreviewed,global_cls__c10__source0p5,pair_letterbox_cls_patch__c100__source0p5__blend0p25,pairwise_conditional_logit_blend,pair_letterbox_cls_patch,100.0,0.5,0.25,0.0004182917842861294,0.0317861389967436,0.002401854462873208,0.9539793155330885,0.011414399223008688
img_91d080f3c42d3140,selection_conditional_full_development_oof_v2,dataset_dev/04_petrykivka_painting/244.jpg,04_petrykivka_painting,04_petrykivka_painting,True,0.9343330511661768,04_petrykivka_painting,02_ornek,01_opishnyan_ceramics,0,train,obj_single_91d080f3c42d3140,,unreviewed,unreviewed,global_cls__c10__source0p5,pair_letterbox_cls_patch__c100__source0p5__blend0p25,pairwise_conditional_logit_blend,pair_letterbox_cls_patch,100.0,0.5,0.25,0.0014466739788491331,0.06261422007242795,0.0006118375432277154,0.9343330511661768,0.000994217239318545
img_1e91bb7f2bf843d0,selection_conditional_full_development_oof_v2,dataset_dev/04_petrykivka_painting/245.jpg,04_petrykivka_painting,04_petrykivka_painting,True,0.9970701029831892,04_petrykivka_painting,02_ornek,03_bubnivka_ceramics,4,train,obj_single_1e91bb7f2bf843d0,,unreviewed,unreviewed,global_cls__c10__source0p5,pair_letterbox_cls_patch__c100__source0p5__blend0p25,pairwise_conditional_logit_blend,pair_letterbox_cls_patch,100.0,0.5,0.25,8.231556896823749e-05,0.0024140017940137595,0.0003248643179447099,0.9970701029831892,0.00010871533588405973
img_bde04633cd70eef5,selection_conditional_full_development_oof_v2,dataset_dev/04_petrykivka_painting/247.jpg,04_petrykivka_painting,04_petrykivka_painting,True,0.992957211220685,04_petrykivka_painting,02_ornek,03_bubnivka_ceramics,4,train,obj_single_bde04633cd70eef5,,unreviewed,unreviewed,global_cls__c10__source0p5,pair_letterbox_cls_patch__c100__source0p5__blend0p25,pairwise_conditional_logit_blend,pair_letterbox_cls_patch,100.0,0.5,0.25,0.0004141370939447994,0.005752092124118652,0.0006290920649484608,0.992957211220685,0.0002474674963029524
img_8b5b87d9267b4072,selection_conditional_full_development_oof_v2,dataset_dev/04_petrykivka_painting/248.jpg,04_petrykivka_painting,04_petrykivka_painting,True,0.9992208915733444,04_petrykivka_painting,02_ornek,05_kosiv_ceramics,0,train,obj_single_8b5b87d9267b4072,,unreviewed,unreviewed,global_cls__c10__source0p5,pair_letterbox_cls_patch__c100__source0p5__blend0p25,pairwise_conditional_logit_blend,pair_letterbox_cls_patch,100.0,0.5,0.25,0.00018323183500112988,0.0002999846909512872,1.3349756523808173e-05,0.9992208915733444,0.00028254214417936684
img_51d742815442bd6b,selection_conditional_full_development_oof_v2,dataset_dev/04_petrykivka_painting/250.jpg,04_petrykivka_painting,04_petrykivka_painting,True,0.9995393347695247,04_petrykivka_painting,02_ornek,05_kosiv_ceramics,4,train,obj_single_51d742815442bd6b,,unreviewed,unreviewed,global_cls__c10__source0p5,pair_letterbox_cls_patch__c100__source0p5__blend0p25,pairwise_conditional_logit_blend,pair_letterbox_cls_patch,100.0,0.5,0.25,0.00010436926628563725,0.00017057280743738572,3.8480631895490086e-05,0.9995393347695247,0.00014724252485677047
img_20e6d6b2c2774782,selection_conditional_full_development_oof_v2,dataset_dev/04_petrykivka_painting/252.jpg,04_petrykivka_painting,02_ornek,False,0.8375070298992233,02_ornek,04_petrykivka_painting,05_kosiv_ceramics,3,validation,srcgrp_64933052340ae2fe,src_global_pet_gold_x_watermark,unreviewed,unreviewed,global_cls__c10__source0p5,pair_letterbox_cls_patch__c100__source0p5__blend0p25,pairwise_conditional_logit_blend,pair_letterbox_cls_patch,100.0,0.5,0.25,0.007284967694281382,0.8375070298992233,0.0037396916006909864,0.14100339344718865,0.010464917358615478
img_011f7d62c38f4ff2,selection_conditional_full_development_oof_v2,dataset_dev/04_petrykivka_painting/253.jpg,04_petrykivka_painting,04_petrykivka_painting,True,0.7088779208412992,04_petrykivka_painting,02_ornek,05_kosiv_ceramics,3,validation,srcgrp_64933052340ae2fe,src_global_pet_gold_x_watermark,unreviewed,unreviewed,global_cls__c10__source0p5,pair_letterbox_cls_patch__c100__source0p5__blend0p25,pairwise_conditional_logit_blend,pair_letterbox_cls_patch,100.0,0.5,0.25,0.0014354228993679332,0.2336049036300524,0.012037038375576983,0.7088779208412992,0.04404471425370336
img_fef7160191e032d1,selection_conditional_full_development_oof_v2,dataset_dev/04_petrykivka_painting/254.jpg,04_petrykivka_painting,04_petrykivka_painting,True,0.8037660168967733,04_petrykivka_painting,02_ornek,05_kosiv_ceramics,3,validation,srcgrp_64933052340ae2fe,src_global_pet_gold_x_watermark,unreviewed,unreviewed,global_cls__c10__source0p5,pair_letterbox_cls_patch__c100__source0p5__blend0p25,pairwise_conditional_logit_blend,pair_letterbox_cls_patch,100.0,0.5,0.25,0.010055571731460034,0.1207614954377165,0.01992825332649793,0.8037660168967733,0.04548866260755221
img_b468235ba477a956,selection_conditional_full_development_oof_v2,dataset_dev/04_petrykivka_painting/256.jpg,04_petrykivka_painting,04_petrykivka_painting,True,0.5224747981574329,04_petrykivka_painting,05_kosiv_ceramics,02_ornek,3,validation,srcgrp_64933052340ae2fe,src_global_pet_gold_x_watermark,unreviewed,unreviewed,global_cls__c10__source0p5,pair_letterbox_cls_patch__c100__source0p5__blend0p25,pairwise_conditional_logit_blend,pair_letterbox_cls_patch,100.0,0.5,0.25,0.006756610258040853,0.013614337817331434,0.004876569629172703,0.5224747981574329,0.4522776841380221
img_6c8b37830476211a,selection_conditional_full_development_oof_v2,dataset_dev/04_petrykivka_painting/258.jpg,04_petrykivka_painting,04_petrykivka_painting,True,0.9889349792099479,04_petrykivka_painting,05_kosiv_ceramics,03_bubnivka_ceramics,3,validation,srcgrp_64933052340ae2fe,src_global_pet_gold_x_watermark,unreviewed,unreviewed,global_cls__c10__source0p5,pair_letterbox_cls_patch__c100__source0p5__blend0p25,pairwise_conditional_logit_blend,pair_letterbox_cls_patch,100.0,0.5,0.25,0.0012562861239180773,0.0015415745322193111,0.003123740762831248,0.9889349792099479,0.005143419371083602
img_3546c7f4ae9df4ed,selection_conditional_full_development_oof_v2,dataset_dev/04_petrykivka_painting/259.jpg,04_petrykivka_painting,04_petrykivka_painting,True,0.6060951630403189,04_petrykivka_painting,05_kosiv_ceramics,02_ornek,3,validation,srcgrp_64933052340ae2fe,src_global_pet_gold_x_watermark,unreviewed,unreviewed,global_cls__c10__source0p5,pair_letterbox_cls_patch__c100__source0p5__blend0p25,pairwise_conditional_logit_blend,pair_letterbox_cls_patch,100.0,0.5,0.25,0.013904902593337657,0.09723635007504006,0.0027860252310649533,0.6060951630403189,0.27997755906023847
img_bf12c71541a8c816,selection_conditional_full_development_oof_v2,dataset_dev/04_petrykivka_painting/262.jpg,04_petrykivka_painting,04_petrykivka_painting,True,0.9895661009990298,04_petrykivka_painting,05_kosiv_ceramics,02_ornek,3,validation,srcgrp_64933052340ae2fe,src_global_pet_gold_x_watermark,unreviewed,unreviewed,global_cls__c10__source0p5,pair_letterbox_cls_patch__c100__source0p5__blend0p25,pairwise_conditional_logit_blend,pair_letterbox_cls_patch,100.0,0.5,0.25,0.0005586076606873631,0.004402450232108175,0.00042251608316429533,0.9895661009990298,0.005050325025010388
img_89ba160cbfff60fa,selection_conditional_full_development_oof_v2,dataset_dev/04_petrykivka_painting/263.jpg,04_petrykivka_painting,02_ornek,False,0.622997823141323,02_ornek,04_petrykivka_painting,05_kosiv_ceramics,3,validation,srcgrp_64933052340ae2fe,src_global_pet_gold_x_watermark,unreviewed,unreviewed,global_cls__c10__source0p5,pair_letterbox_cls_patch__c100__source0p5__blend0p25,pairwise_conditional_logit_blend,pair_letterbox_cls_patch,100.0,0.5,0.25,0.012855018666653206,0.622997823141323,0.01936535633857836,0.20373767010295885,0.1410441317504866
img_be9774a16fd4ddb1,selection_conditional_full_development_oof_v2,dataset_dev/04_petrykivka_painting/265.jpg,04_petrykivka_painting,02_ornek,False,0.49190015774660073,02_ornek,04_petrykivka_painting,03_bubnivka_ceramics,3,validation,srcgrp_64933052340ae2fe,src_global_pet_gold_x_watermark,unreviewed,unreviewed,global_cls__c10__source0p5,pair_letterbox_cls_patch__c100__source0p5__blend0p25,pairwise_conditional_logit_blend,pair_letterbox_cls_patch,100.0,0.5,0.25,0.002928270170898715,0.49190015774660073,0.012200663240034899,0.4834250251452631,0.00954588369720281
img_7f57aba79b0fe226,selection_conditional_full_development_oof_v2,dataset_dev/04_petrykivka_painting/267.jpg,04_petrykivka_painting,04_petrykivka_painting,True,0.8604473343422595,04_petrykivka_painting,02_ornek,05_kosiv_ceramics,3,validation,srcgrp_64933052340ae2fe,src_global_pet_gold_x_watermark,unreviewed,unreviewed,global_cls__c10__source0p5,pair_letterbox_cls_patch__c100__source0p5__blend0p25,pairwise_conditional_logit_blend,pair_letterbox_cls_patch,100.0,0.5,0.25,0.008572883244332934,0.06729472904868625,0.004129629365797567,0.8604473343422595,0.05955542399892372
img_5299314629f95b4d,selection_conditional_full_development_oof_v2,dataset_dev/04_petrykivka_painting/268.jpg,04_petrykivka_painting,04_petrykivka_painting,True,0.9122893080576305,04_petrykivka_painting,05_kosiv_ceramics,02_ornek,3,validation,srcgrp_64933052340ae2fe,src_global_pet_gold_x_watermark,unreviewed,unreviewed,global_cls__c10__source0p5,pair_letterbox_cls_patch__c100__source0p5__blend0p25,pairwise_conditional_logit_blend,pair_letterbox_cls_patch,100.0,0.5,0.25,0.0016125584376722106,0.0077036546297855795,0.0015966658894306517,0.9122893080576305,0.07679781298548104
img_0675030f34272e1c,selection_conditional_full_development_oof_v2,dataset_dev/04_petrykivka_painting/313.png,04_petrykivka_painting,04_petrykivka_painting,True,0.9892491832793218,04_petrykivka_painting,02_ornek,01_opishnyan_ceramics,3,train,obj_single_0675030f34272e1c,,unreviewed,unreviewed,global_cls__c10__source0p5,pair_letterbox_cls_patch__c100__source0p5__blend0p25,pairwise_conditional_logit_blend,pair_letterbox_cls_patch,100.0,0.5,0.25,0.003472000141936261,0.003959038975845465,0.0016829243690544538,0.9892491832793218,0.0016368532338418308
img_8163df442a3fdbb4,selection_conditional_full_development_oof_v2,dataset_dev/04_petrykivka_painting/314.png,04_petrykivka_painting,04_petrykivka_painting,True,0.9993352256665538,04_petrykivka_painting,05_kosiv_ceramics,02_ornek,4,train,obj_single_8163df442a3fdbb4,,unreviewed,unreviewed,global_cls__c10__source0p5,pair_letterbox_cls_patch__c100__source0p5__blend0p25,pairwise_conditional_logit_blend,pair_letterbox_cls_patch,100.0,0.5,0.25,0.00010180203694360998,0.00019347457870403154,4.834168877871608e-05,0.9993352256665538,0.0003211560290200281
img_9e354c797023ffe0,selection_conditional_full_development_oof_v2,dataset_dev/04_petrykivka_painting/316.png,04_petrykivka_painting,04_petrykivka_painting,True,0.9979810164612071,04_petrykivka_painting,02_ornek,01_opishnyan_ceramics,0,train,obj_single_9e354c797023ffe0,,unreviewed,unreviewed,global_cls__c10__source0p5,pair_letterbox_cls_patch__c100__source0p5__blend0p25,pairwise_conditional_logit_blend,pair_letterbox_cls_patch,100.0,0.5,0.25,0.0005786886084216707,0.0007869784933677817,0.0002530419827711424,0.9979810164612071,0.00040027445423243183
img_3e046b6bd356ca42,selection_conditional_full_development_oof_v2,dataset_dev/04_petrykivka_painting/317.jpg,04_petrykivka_painting,04_petrykivka_painting,True,0.9892981199314194,04_petrykivka_painting,02_ornek,03_bubnivka_ceramics,1,train,obj_single_3e046b6bd356ca42,,unreviewed,unreviewed,global_cls__c10__source0p5,pair_letterbox_cls_patch__c100__source0p5__blend0p25,pairwise_conditional_logit_blend,pair_letterbox_cls_patch,100.0,0.5,0.25,0.00017121537310828017,0.0074585874285415295,0.0018521800440135343,0.9892981199314194,0.001219897222917326
img_5399d72a01569c4f,selection_conditional_full_development_oof_v2,dataset_dev/04_petrykivka_painting/319.jpg,04_petrykivka_painting,04_petrykivka_painting,True,0.7268589118456251,04_petrykivka_painting,05_kosiv_ceramics,02_ornek,1,train,obj_single_5399d72a01569c4f,,unreviewed,unreviewed,global_cls__c10__source0p5,pair_letterbox_cls_patch__c100__source0p5__blend0p25,pairwise_conditional_logit_blend,pair_letterbox_cls_patch,100.0,0.5,0.25,0.00027997221580249406,0.13102902440032768,0.007466932264599264,0.7268589118456251,0.1343651592736455
img_af9cc7745fa4fede,selection_conditional_full_development_oof_v2,dataset_test/04_petrykivka_painting/011.jpg,04_petrykivka_painting,04_petrykivka_painting,True,0.9890151706475403,04_petrykivka_painting,05_kosiv_ceramics,01_opishnyan_ceramics,4,train,obj_single_af9cc7745fa4fede,,unreviewed,unreviewed,global_cls__c10__source0p5,pair_letterbox_cls_patch__c100__source0p5__blend0p25,pairwise_conditional_logit_blend,pair_letterbox_cls_patch,100.0,0.5,0.25,0.0032762701770033004,0.0012191468633706967,0.0006485219479589093,0.9890151706475403,0.0058408903641268516
img_351efbc56785c78f,selection_conditional_full_development_oof_v2,dataset_test/04_petrykivka_painting/017.jpg,04_petrykivka_painting,04_petrykivka_painting,True,0.8980941651903184,04_petrykivka_painting,01_opishnyan_ceramics,02_ornek,0,train,obj_single_351efbc56785c78f,,unreviewed,unreviewed,global_cls__c10__source0p5,pair_letterbox_cls_patch__c100__source0p5__blend0p25,pairwise_conditional_logit_blend,pair_letterbox_cls_patch,100.0,0.5,0.25,0.053232845972104356,0.0464747198907527,0.0018883846028677827,0.8980941651903184,0.00030988434395684496
img_83563b693dbb1806,selection_conditional_full_development_oof_v2,dataset_test/04_petrykivka_painting/022.jpg,04_petrykivka_painting,04_petrykivka_painting,True,0.9984026227558283,04_petrykivka_painting,02_ornek,05_kosiv_ceramics,0,train,obj_single_83563b693dbb1806,,unreviewed,unreviewed,global_cls__c10__source0p5,pair_letterbox_cls_patch__c100__source0p5__blend0p25,pairwise_conditional_logit_blend,pair_letterbox_cls_patch,100.0,0.5,0.25,0.00038119705607399744,0.0005893407323173446,0.00022189895955680296,0.9984026227558283,0.00040494049622364546
img_bc83b64a2a99b846,selection_conditional_full_development_oof_v2,dataset_test/04_petrykivka_painting/025.jpg,04_petrykivka_painting,04_petrykivka_painting,True,0.9990200535510629,04_petrykivka_painting,02_ornek,01_opishnyan_ceramics,0,train,obj_single_bc83b64a2a99b846,,unreviewed,unreviewed,global_cls__c10__source0p5,pair_letterbox_cls_patch__c100__source0p5__blend0p25,pairwise_conditional_logit_blend,pair_letterbox_cls_patch,100.0,0.5,0.25,0.00022973280822283056,0.0003794538184488777,0.00014106193425871534,0.9990200535510629,0.00022969788800648018
img_4d21a696da1d6948,selection_conditional_full_development_oof_v2,dataset_test/04_petrykivka_painting/029.jpeg,04_petrykivka_painting,02_ornek,False,0.4634794345773028,02_ornek,04_petrykivka_painting,05_kosiv_ceramics,4,train,obj_single_4d21a696da1d6948,,unreviewed,unreviewed,global_cls__c10__source0p5,pair_letterbox_cls_patch__c100__source0p5__blend0p25,pairwise_conditional_logit_blend,pair_letterbox_cls_patch,100.0,0.5,0.25,0.003238780714005976,0.4634794345773028,0.011684488615727092,0.4256446059830725,0.09595269010989163
img_1165d3cb962c94b0,selection_conditional_full_development_oof_v2,dataset_test/04_petrykivka_painting/031.jpg,04_petrykivka_painting,04_petrykivka_painting,True,0.9982660644879712,04_petrykivka_painting,02_ornek,05_kosiv_ceramics,1,train,obj_single_1165d3cb962c94b0,,unreviewed,unreviewed,global_cls__c10__source0p5,pair_letterbox_cls_patch__c100__source0p5__blend0p25,pairwise_conditional_logit_blend,pair_letterbox_cls_patch,100.0,0.5,0.25,0.00021126425154768133,0.0007763928322844952,0.0002850189785981721,0.9982660644879712,0.0004612594495985436
img_4abf99329b12016d,selection_conditional_full_development_oof_v2,dataset_test/04_petrykivka_painting/034.jpg,04_petrykivka_painting,05_kosiv_ceramics,False,0.5144798185950978,05_kosiv_ceramics,04_petrykivka_painting,01_opishnyan_ceramics,4,train,obj_single_4abf99329b12016d,,unreviewed,unreviewed,global_cls__c10__source0p5,pair_letterbox_cls_patch__c100__source0p5__blend0p25,pairwise_conditional_logit_blend,pair_letterbox_cls_patch,100.0,0.5,0.25,0.020516156687221482,0.0044663975185200554,0.0008687968882852458,0.45966883031087535,0.5144798185950978
img_ba4003d3ce1e99f2,selection_conditional_full_development_oof_v2,dataset_test/04_petrykivka_painting/035.jpg,04_petrykivka_painting,04_petrykivka_painting,True,0.9849144952953457,04_petrykivka_painting,02_ornek,05_kosiv_ceramics,2,train,obj_single_ba4003d3ce1e99f2,,unreviewed,unreviewed,global_cls__c10__source0p5,pair_letterbox_cls_patch__c100__source0p5__blend0p25,pairwise_conditional_logit_blend,pair_letterbox_cls_patch,100.0,0.5,0.25,0.000496055337773082,0.012725032555457651,9.958612649090184e-05,0.9849144952953457,0.0017648306849327626
img_39e3ca4645ec31f8,selection_conditional_full_development_oof_v2,dataset_test/04_petrykivka_painting/037.jpg,04_petrykivka_painting,04_petrykivka_painting,True,0.9179820446289841,04_petrykivka_painting,05_kosiv_ceramics,03_bubnivka_ceramics,1,validation,obj_single_39e3ca4645ec31f8,,unreviewed,unreviewed,global_cls__c10__source0p5,pair_letterbox_cls_patch__c100__source0p5__blend0p25,pairwise_conditional_logit_blend,pair_letterbox_cls_patch,100.0,0.5,0.25,0.0019487747740214658,0.0020839603652978577,0.0035810568887976383,0.9179820446289841,0.07440416334289889
img_069c9c71b4433e55,selection_conditional_full_development_oof_v2,dataset_test/04_petrykivka_painting/041.jpg,04_petrykivka_painting,04_petrykivka_painting,True,0.9613479833233805,04_petrykivka_painting,02_ornek,03_bubnivka_ceramics,1,train,obj_single_069c9c71b4433e55,,unreviewed,unreviewed,global_cls__c10__source0p5,pair_letterbox_cls_patch__c100__source0p5__blend0p25,pairwise_conditional_logit_blend,pair_letterbox_cls_patch,100.0,0.5,0.25,0.00022170027107115475,0.03305723644961693,0.0040460597629466645,0.9613479833233805,0.001327020192984648
img_c412839081011455,selection_conditional_full_development_oof_v2,dataset_test/04_petrykivka_painting/051.jpg,04_petrykivka_painting,04_petrykivka_painting,True,0.9719350078292093,04_petrykivka_painting,02_ornek,01_opishnyan_ceramics,1,train,obj_single_c412839081011455,,unreviewed,unreviewed,global_cls__c10__source0p5,pair_letterbox_cls_patch__c100__source0p5__blend0p25,pairwise_conditional_logit_blend,pair_letterbox_cls_patch,100.0,0.5,0.25,0.005000182887876882,0.02029649735906163,0.0020663124815691754,0.9719350078292093,0.0007019994422830138
img_eb9eb41a5ae5e1fd,selection_conditional_full_development_oof_v2,dataset_test/04_petrykivka_painting/057.jpg,04_petrykivka_painting,04_petrykivka_painting,True,0.9936386447594943,04_petrykivka_painting,02_ornek,03_bubnivka_ceramics,0,train,obj_single_eb9eb41a5ae5e1fd,,unreviewed,unreviewed,global_cls__c10__source0p5,pair_letterbox_cls_patch__c100__source0p5__blend0p25,pairwise_conditional_logit_blend,pair_letterbox_cls_patch,100.0,0.5,0.25,0.0008777912359616457,0.0032424077074011542,0.001724882868257129,0.9936386447594943,0.0005162734288858632
img_17d31d8839bf9b7c,selection_conditional_full_development_oof_v2,dataset_test/04_petrykivka_painting/061.jpg,04_petrykivka_painting,04_petrykivka_painting,True,0.9898319085225242,04_petrykivka_painting,02_ornek,05_kosiv_ceramics,0,train,obj_single_17d31d8839bf9b7c,,unreviewed,unreviewed,global_cls__c10__source0p5,pair_letterbox_cls_patch__c100__source0p5__blend0p25,pairwise_conditional_logit_blend,pair_letterbox_cls_patch,100.0,0.5,0.25,0.0009615379654825528,0.007161929471428205,0.000491110525202174,0.9898319085225242,0.001553513515362841
img_6123652e968a36f1,selection_conditional_full_development_oof_v2,dataset_test/04_petrykivka_painting/064.jpg,04_petrykivka_painting,04_petrykivka_painting,True,0.985714656214111,04_petrykivka_painting,05_kosiv_ceramics,02_ornek,1,train,obj_single_6123652e968a36f1,,unreviewed,unreviewed,global_cls__c10__source0p5,pair_letterbox_cls_patch__c100__source0p5__blend0p25,pairwise_conditional_logit_blend,pair_letterbox_cls_patch,100.0,0.5,0.25,0.00014339705024365163,0.005223558752475661,0.0006129873935652703,0.985714656214111,0.008305400589604429
img_ea1685a1cc6b328c,selection_conditional_full_development_oof_v2,dataset_test/04_petrykivka_painting/067.jpg,04_petrykivka_painting,04_petrykivka_painting,True,0.9482476253080917,04_petrykivka_painting,02_ornek,05_kosiv_ceramics,4,train,obj_single_ea1685a1cc6b328c,,unreviewed,unreviewed,global_cls__c10__source0p5,pair_letterbox_cls_patch__c100__source0p5__blend0p25,pairwise_conditional_logit_blend,pair_letterbox_cls_patch,100.0,0.5,0.25,0.00010648002101877973,0.04774652464142013,5.431026640614184e-05,0.9482476253080917,0.0038450597630632992
img_e5833d6abd348b52,selection_conditional_full_development_oof_v2,dataset_test/04_petrykivka_painting/071.jpg,04_petrykivka_painting,04_petrykivka_painting,True,0.9262000616749769,04_petrykivka_painting,05_kosiv_ceramics,02_ornek,1,train,obj_single_e5833d6abd348b52,,unreviewed,unreviewed,global_cls__c10__source0p5,pair_letterbox_cls_patch__c100__source0p5__blend0p25,pairwise_conditional_logit_blend,pair_letterbox_cls_patch,100.0,0.5,0.25,0.003385970542939946,0.022758060241630938,0.002561614565831943,0.9262000616749769,0.04509429297462014
img_a0fcd0d5cf7644ea,selection_conditional_full_development_oof_v2,dataset_test/04_petrykivka_painting/075.jpg,04_petrykivka_painting,04_petrykivka_painting,True,0.9992494918567177,04_petrykivka_painting,05_kosiv_ceramics,02_ornek,2,validation,obj_single_a0fcd0d5cf7644ea,,unreviewed,unreviewed,global_cls__c10__source0p5,pair_letterbox_cls_patch__c100__source0p5__blend0p25,pairwise_conditional_logit_blend,pair_letterbox_cls_patch,100.0,0.5,0.25,3.602847367532709e-05,0.0002557242029786713,3.11556120859516e-05,0.9992494918567177,0.0004275998545424097
img_f58b5ff8a8a1ef77,selection_conditional_full_development_oof_v2,dataset_test/04_petrykivka_painting/079.jpg,04_petrykivka_painting,04_petrykivka_painting,True,0.9984438457203915,04_petrykivka_painting,05_kosiv_ceramics,02_ornek,2,train,obj_single_f58b5ff8a8a1ef77,,unreviewed,unreviewed,global_cls__c10__source0p5,pair_letterbox_cls_patch__c100__source0p5__blend0p25,pairwise_conditional_logit_blend,pair_letterbox_cls_patch,100.0,0.5,0.25,0.00010490983557758017,0.00031588054083487633,3.747174473730303e-06,0.9984438457203915,0.0011316167287222947
img_6c696e0769b90531,selection_conditional_full_development_oof_v2,dataset_test/04_petrykivka_painting/081.jpg,04_petrykivka_painting,04_petrykivka_painting,True,0.980553501701561,04_petrykivka_painting,02_ornek,05_kosiv_ceramics,2,train,obj_single_6c696e0769b90531,,unreviewed,unreviewed,global_cls__c10__source0p5,pair_letterbox_cls_patch__c100__source0p5__blend0p25,pairwise_conditional_logit_blend,pair_letterbox_cls_patch,100.0,0.5,0.25,0.00020514431974730013,0.014616929183046577,0.0007085306885090233,0.980553501701561,0.003915894107136221
img_688f768bd33cde11,selection_conditional_full_development_oof_v2,dataset_test/04_petrykivka_painting/089.jpg,04_petrykivka_painting,04_petrykivka_painting,True,0.99781334883041,04_petrykivka_painting,03_bubnivka_ceramics,02_ornek,1,train,obj_single_688f768bd33cde11,,unreviewed,unreviewed,global_cls__c10__source0p5,pair_letterbox_cls_patch__c100__source0p5__blend0p25,pairwise_conditional_logit_blend,pair_letterbox_cls_patch,100.0,0.5,0.25,0.00023953473168695496,0.0008220145091593105,0.0009204783613595703,0.99781334883041,0.00020462356738410695
img_c8e963e2a21f2e42,selection_conditional_full_development_oof_v2,dataset_test/04_petrykivka_painting/090.jpg,04_petrykivka_painting,04_petrykivka_painting,True,0.9984170312854753,04_petrykivka_painting,05_kosiv_ceramics,03_bubnivka_ceramics,2,validation,obj_single_c8e963e2a21f2e42,,unreviewed,unreviewed,global_cls__c10__source0p5,pair_letterbox_cls_patch__c100__source0p5__blend0p25,pairwise_conditional_logit_blend,pair_letterbox_cls_patch,100.0,0.5,0.25,5.0868137141511785e-05,0.00024633283685446196,0.0002967693231648382,0.9984170312854753,0.0009889984173637684
img_12c4e1f6e98f5dc3,selection_conditional_full_development_oof_v2,dataset_test/04_petrykivka_painting/094.jpg,04_petrykivka_painting,04_petrykivka_painting,True,0.9456551728539101,04_petrykivka_painting,02_ornek,05_kosiv_ceramics,3,train,obj_single_12c4e1f6e98f5dc3,,unreviewed,unreviewed,global_cls__c10__source0p5,pair_letterbox_cls_patch__c100__source0p5__blend0p25,pairwise_conditional_logit_blend,pair_letterbox_cls_patch,100.0,0.5,0.25,0.0017047646780287392,0.04103382228300505,0.002619542766195065,0.9456551728539101,0.008986697418861022
img_1d6fd062134716c3,selection_conditional_full_development_oof_v2,dataset_test/04_petrykivka_painting/097.jpg,04_petrykivka_painting,04_petrykivka_painting,True,0.9959134078482993,04_petrykivka_painting,03_bubnivka_ceramics,01_opishnyan_ceramics,4,train,obj_single_1d6fd062134716c3,,unreviewed,unreviewed,global_cls__c10__source0p5,pair_letterbox_cls_patch__c100__source0p5__blend0p25,pairwise_conditional_logit_blend,pair_letterbox_cls_patch,100.0,0.5,0.25,0.0012230796421932634,0.00042918461202534364,0.0020522120874653677,0.9959134078482993,0.0003821158100167644
img_f29d0c28eff9f389,selection_conditional_full_development_oof_v2,dataset_test/04_petrykivka_painting/101.jpg,04_petrykivka_painting,04_petrykivka_painting,True,0.9991425076396891,04_petrykivka_painting,02_ornek,05_kosiv_ceramics,3,train,obj_single_f29d0c28eff9f389,,unreviewed,unreviewed,global_cls__c10__source0p5,pair_letterbox_cls_patch__c100__source0p5__blend0p25,pairwise_conditional_logit_blend,pair_letterbox_cls_patch,100.0,0.5,0.25,4.592050128705171e-05,0.0006627153416419064,1.4682470599286283e-05,0.9991425076396891,0.00013417404678256248
img_a60f485440262983,selection_conditional_full_development_oof_v2,dataset_test/04_petrykivka_painting/103.jpg,04_petrykivka_painting,04_petrykivka_painting,True,0.9876453227081113,04_petrykivka_painting,05_kosiv_ceramics,02_ornek,1,validation,obj_single_a60f485440262983,,unreviewed,unreviewed,global_cls__c10__source0p5,pair_letterbox_cls_patch__c100__source0p5__blend0p25,pairwise_conditional_logit_blend,pair_letterbox_cls_patch,100.0,0.5,0.25,0.0021359816448422724,0.004120673031651524,0.001278719947143157,0.9876453227081113,0.00481930266825165
img_5d6d3749caad2a3c,selection_conditional_full_development_oof_v2,dataset_test/04_petrykivka_painting/106.jpg,04_petrykivka_painting,04_petrykivka_painting,True,0.9502190026261517,04_petrykivka_painting,05_kosiv_ceramics,02_ornek,4,train,obj_single_5d6d3749caad2a3c,,unreviewed,unreviewed,global_cls__c10__source0p5,pair_letterbox_cls_patch__c100__source0p5__blend0p25,pairwise_conditional_logit_blend,pair_letterbox_cls_patch,100.0,0.5,0.25,0.004598260350575484,0.0069550983545631105,0.0006389998231353729,0.9502190026261517,0.03758863884557426
img_c948aea5e7abcab5,selection_conditional_full_development_oof_v2,dataset_test/04_petrykivka_painting/111.jpg,04_petrykivka_painting,04_petrykivka_painting,True,0.9343246152802767,04_petrykivka_painting,05_kosiv_ceramics,03_bubnivka_ceramics,4,train,obj_single_c948aea5e7abcab5,,unreviewed,unreviewed,global_cls__c10__source0p5,pair_letterbox_cls_patch__c100__source0p5__blend0p25,pairwise_conditional_logit_blend,pair_letterbox_cls_patch,100.0,0.5,0.25,0.0031017610891690413,0.0017909019502437165,0.003374767825926913,0.9343246152802767,0.05740795385438345
img_07c4c1d68fe46011,selection_conditional_full_development_oof_v2,dataset_test/04_petrykivka_painting/114.jpg,04_petrykivka_painting,04_petrykivka_painting,True,0.8722126958926096,04_petrykivka_painting,05_kosiv_ceramics,03_bubnivka_ceramics,3,train,obj_single_07c4c1d68fe46011,,unreviewed,unreviewed,global_cls__c10__source0p5,pair_letterbox_cls_patch__c100__source0p5__blend0p25,pairwise_conditional_logit_blend,pair_letterbox_cls_patch,100.0,0.5,0.25,0.007465096059678013,0.013093580940386255,0.014036224577309736,0.8722126958926096,0.09319240253001647
img_5f7be5494fb162af,selection_conditional_full_development_oof_v2,dataset_test/04_petrykivka_painting/117.jpg,04_petrykivka_painting,04_petrykivka_painting,True,0.9624596934346091,04_petrykivka_painting,03_bubnivka_ceramics,02_ornek,2,validation,obj_single_5f7be5494fb162af,,unreviewed,unreviewed,global_cls__c10__source0p5,pair_letterbox_cls_patch__c100__source0p5__blend0p25,pairwise_conditional_logit_blend,pair_letterbox_cls_patch,100.0,0.5,0.25,0.0016851402394948418,0.011322964836806462,0.01884526611783848,0.9624596934346091,0.005686935371251149
img_effa9f74fe053594,selection_conditional_full_development_oof_v2,dataset_test/04_petrykivka_painting/123.jpg,04_petrykivka_painting,04_petrykivka_painting,True,0.9994223074735906,04_petrykivka_painting,02_ornek,05_kosiv_ceramics,2,validation,obj_single_effa9f74fe053594,,unreviewed,unreviewed,global_cls__c10__source0p5,pair_letterbox_cls_patch__c100__source0p5__blend0p25,pairwise_conditional_logit_blend,pair_letterbox_cls_patch,100.0,0.5,0.25,8.407636966466994e-05,0.00026833347804437583,5.204142710045742e-05,0.9994223074735906,0.00017324125159981247
img_1c25864b6ff0c620,selection_conditional_full_development_oof_v2,dataset_test/04_petrykivka_painting/125.jpg,04_petrykivka_painting,04_petrykivka_painting,True,0.9976142797278558,04_petrykivka_painting,02_ornek,05_kosiv_ceramics,2,train,obj_single_1c25864b6ff0c620,,unreviewed,unreviewed,global_cls__c10__source0p5,pair_letterbox_cls_patch__c100__source0p5__blend0p25,pairwise_conditional_logit_blend,pair_letterbox_cls_patch,100.0,0.5,0.25,0.0002876270345140984,0.0017891005103115724,1.213600156460286e-05,0.9976142797278558,0.00029685672575394605
img_2830092fe7571da9,selection_conditional_full_development_oof_v2,dataset_test/04_petrykivka_painting/126.jpg,04_petrykivka_painting,04_petrykivka_painting,True,0.9893744353646416,04_petrykivka_painting,01_opishnyan_ceramics,02_ornek,4,train,obj_single_2830092fe7571da9,,unreviewed,unreviewed,global_cls__c10__source0p5,pair_letterbox_cls_patch__c100__source0p5__blend0p25,pairwise_conditional_logit_blend,pair_letterbox_cls_patch,100.0,0.5,0.25,0.008764537315992506,0.0014115226895904658,0.0002065358766841511,0.9893744353646416,0.0002429687530913193
img_1b6bb7f1fdd6839c,selection_conditional_full_development_oof_v2,dataset_test/04_petrykivka_painting/128.jpg,04_petrykivka_painting,04_petrykivka_painting,True,0.9985978135106541,04_petrykivka_painting,01_opishnyan_ceramics,05_kosiv_ceramics,3,train,obj_single_1b6bb7f1fdd6839c,,unreviewed,unreviewed,global_cls__c10__source0p5,pair_letterbox_cls_patch__c100__source0p5__blend0p25,pairwise_conditional_logit_blend,pair_letterbox_cls_patch,100.0,0.5,0.25,0.0008713266588204142,0.00017909756480566683,1.929467689560606e-05,0.9985978135106541,0.00033246758882414333
img_fd01e33eeb79fd3e,selection_conditional_full_development_oof_v2,dataset_test/04_petrykivka_painting/132.jpg,04_petrykivka_painting,04_petrykivka_painting,True,0.9965351054513492,04_petrykivka_painting,05_kosiv_ceramics,01_opishnyan_ceramics,2,train,obj_single_fd01e33eeb79fd3e,,unreviewed,unreviewed,global_cls__c10__source0p5,pair_letterbox_cls_patch__c100__source0p5__blend0p25,pairwise_conditional_logit_blend,pair_letterbox_cls_patch,100.0,0.5,0.25,0.001028451120623334,0.0008867299473373407,8.249912900673089e-05,0.9965351054513492,0.0014672143516833284
img_6868aecc45cc1cb0,selection_conditional_full_development_oof_v2,dataset_test/04_petrykivka_painting/133.jpg,04_petrykivka_painting,04_petrykivka_painting,True,0.9995215536793909,04_petrykivka_painting,02_ornek,05_kosiv_ceramics,1,train,obj_single_6868aecc45cc1cb0,,unreviewed,unreviewed,global_cls__c10__source0p5,pair_letterbox_cls_patch__c100__source0p5__blend0p25,pairwise_conditional_logit_blend,pair_letterbox_cls_patch,100.0,0.5,0.25,0.00010859725784835328,0.00017598505411270854,6.125316559017034e-05,0.9995215536793909,0.00013261084305798613
img_20b3ddf70b4fc155,selection_conditional_full_development_oof_v2,dataset_test/04_petrykivka_painting/135.jpg,04_petrykivka_painting,04_petrykivka_painting,True,0.995033205716283,04_petrykivka_painting,02_ornek,03_bubnivka_ceramics,4,train,obj_single_20b3ddf70b4fc155,,unreviewed,unreviewed,global_cls__c10__source0p5,pair_letterbox_cls_patch__c100__source0p5__blend0p25,pairwise_conditional_logit_blend,pair_letterbox_cls_patch,100.0,0.5,0.25,0.0002568802926834723,0.0024272223395956282,0.0017636588389939548,0.995033205716283,0.0005190328124440213
img_2ee99576d34ec5b2,selection_conditional_full_development_oof_v2,dataset_test/04_petrykivka_painting/136.jpg,04_petrykivka_painting,04_petrykivka_painting,True,0.9899020915165662,04_petrykivka_painting,02_ornek,01_opishnyan_ceramics,1,train,obj_single_2ee99576d34ec5b2,,unreviewed,unreviewed,global_cls__c10__source0p5,pair_letterbox_cls_patch__c100__source0p5__blend0p25,pairwise_conditional_logit_blend,pair_letterbox_cls_patch,100.0,0.5,0.25,0.0004678612058584103,0.009281141462446489,0.00022703549900134756,0.9899020915165662,0.00012187031612734413
img_bc0a2c5eb1ca7c75,selection_conditional_full_development_oof_v2,dataset_test/04_petrykivka_painting/137.png,04_petrykivka_painting,04_petrykivka_painting,True,0.9921243602712166,04_petrykivka_painting,05_kosiv_ceramics,01_opishnyan_ceramics,4,train,obj_single_bc0a2c5eb1ca7c75,,unreviewed,unreviewed,global_cls__c10__source0p5,pair_letterbox_cls_patch__c100__source0p5__blend0p25,pairwise_conditional_logit_blend,pair_letterbox_cls_patch,100.0,0.5,0.25,0.002107547275871723,0.001807999059929627,0.0017058551886741055,0.9921243602712166,0.002254238204307778
img_fdc0218dd2da3ecb,selection_conditional_full_development_oof_v2,dataset_test/04_petrykivka_painting/138.jpg,04_petrykivka_painting,04_petrykivka_painting,True,0.9989828768010474,04_petrykivka_painting,05_kosiv_ceramics,02_ornek,4,train,obj_single_fdc0218dd2da3ecb,,unreviewed,unreviewed,global_cls__c10__source0p5,pair_letterbox_cls_patch__c100__source0p5__blend0p25,pairwise_conditional_logit_blend,pair_letterbox_cls_patch,100.0,0.5,0.25,0.00013214579040548706,0.00038033935382658315,0.00011708931268428201,0.9989828768010474,0.0003875487420362258
img_5bcfc8cb3d267bd9,selection_conditional_full_development_oof_v2,dataset_test/04_petrykivka_painting/143.jpg,04_petrykivka_painting,04_petrykivka_painting,True,0.9982113541744925,04_petrykivka_painting,02_ornek,03_bubnivka_ceramics,4,train,obj_single_5bcfc8cb3d267bd9,,unreviewed,unreviewed,global_cls__c10__source0p5,pair_letterbox_cls_patch__c100__source0p5__blend0p25,pairwise_conditional_logit_blend,pair_letterbox_cls_patch,100.0,0.5,0.25,0.00011752751784380384,0.0008163649612412299,0.000654658689296408,0.9982113541744925,0.00020009465712605114
img_215aa5d8c020e17d,selection_conditional_full_development_oof_v2,dataset_test/04_petrykivka_painting/146.jpg,04_petrykivka_painting,04_petrykivka_painting,True,0.9963883557965324,04_petrykivka_painting,05_kosiv_ceramics,02_ornek,2,train,obj_single_215aa5d8c020e17d,,unreviewed,unreviewed,global_cls__c10__source0p5,pair_letterbox_cls_patch__c100__source0p5__blend0p25,pairwise_conditional_logit_blend,pair_letterbox_cls_patch,100.0,0.5,0.25,0.00020092055886314093,0.001457733915674705,0.0002119147743316445,0.9963883557965324,0.0017410749545980822
img_75a861900e8039e5,selection_conditional_full_development_oof_v2,dataset_test/04_petrykivka_painting/149.jpg,04_petrykivka_painting,04_petrykivka_painting,True,0.9867876595292094,04_petrykivka_painting,01_opishnyan_ceramics,02_ornek,2,train,obj_single_75a861900e8039e5,,unreviewed,unreviewed,global_cls__c10__source0p5,pair_letterbox_cls_patch__c100__source0p5__blend0p25,pairwise_conditional_logit_blend,pair_letterbox_cls_patch,100.0,0.5,0.25,0.00616881111873548,0.004988435399735484,0.00015677576786625222,0.9867876595292094,0.0018983181844534033
img_d16db869194cb873,selection_conditional_full_development_oof_v2,dataset_test/04_petrykivka_painting/151.png,04_petrykivka_painting,04_petrykivka_painting,True,0.9779864740009976,04_petrykivka_painting,02_ornek,03_bubnivka_ceramics,0,validation,obj_single_d16db869194cb873,,unreviewed,unreviewed,global_cls__c10__source0p5,pair_letterbox_cls_patch__c100__source0p5__blend0p25,pairwise_conditional_logit_blend,pair_letterbox_cls_patch,100.0,0.5,0.25,0.0011326680359860183,0.013510554853183119,0.0049153025484617785,0.9779864740009976,0.0024550005613713666
img_7a5d96062e504da7,selection_conditional_full_development_oof_v2,dataset_test/04_petrykivka_painting/152.png,04_petrykivka_painting,04_petrykivka_painting,True,0.9967702208138433,04_petrykivka_painting,03_bubnivka_ceramics,02_ornek,0,train,obj_single_7a5d96062e504da7,,unreviewed,unreviewed,global_cls__c10__source0p5,pair_letterbox_cls_patch__c100__source0p5__blend0p25,pairwise_conditional_logit_blend,pair_letterbox_cls_patch,100.0,0.5,0.25,0.0001259909565964637,0.0008360595407491838,0.002244939703636021,0.9967702208138433,2.2788985175111286e-05
img_6ea4885417d3a0d1,selection_conditional_full_development_oof_v2,dataset_test/04_petrykivka_painting/157.png,04_petrykivka_painting,04_petrykivka_painting,True,0.999644476841004,04_petrykivka_painting,02_ornek,01_opishnyan_ceramics,2,train,obj_single_6ea4885417d3a0d1,,unreviewed,unreviewed,global_cls__c10__source0p5,pair_letterbox_cls_patch__c100__source0p5__blend0p25,pairwise_conditional_logit_blend,pair_letterbox_cls_patch,100.0,0.5,0.25,9.284063943129266e-05,0.0002287043692728951,6.999161193603854e-06,0.999644476841004,2.697898909826775e-05
img_3af37735eb6a4c86,selection_conditional_full_development_oof_v2,dataset_test/04_petrykivka_painting/162.png,04_petrykivka_painting,04_petrykivka_painting,True,0.9975472236899867,04_petrykivka_painting,01_opishnyan_ceramics,02_ornek,0,train,obj_single_3af37735eb6a4c86,,unreviewed,unreviewed,global_cls__c10__source0p5,pair_letterbox_cls_patch__c100__source0p5__blend0p25,pairwise_conditional_logit_blend,pair_letterbox_cls_patch,100.0,0.5,0.25,0.001605513625058874,0.00040635969027368887,0.0003015820107660214,0.9975472236899867,0.00013932098391491137
img_54777ada7befa2bc,selection_conditional_full_development_oof_v2,dataset_test/04_petrykivka_painting/165.jpg,04_petrykivka_painting,04_petrykivka_painting,True,0.9930500218208466,04_petrykivka_painting,02_ornek,01_opishnyan_ceramics,2,train,obj_single_54777ada7befa2bc,,unreviewed,unreviewed,global_cls__c10__source0p5,pair_letterbox_cls_patch__c100__source0p5__blend0p25,pairwise_conditional_logit_blend,pair_letterbox_cls_patch,100.0,0.5,0.25,0.0004971391743967163,0.006219114871418853,0.0001373781060756749,0.9930500218208466,9.634602726226741e-05
img_63890c3dea88656f,selection_conditional_full_development_oof_v2,dataset_test/04_petrykivka_painting/168.png,04_petrykivka_painting,04_petrykivka_painting,True,0.9853182376100413,04_petrykivka_painting,01_opishnyan_ceramics,02_ornek,0,train,obj_single_63890c3dea88656f,,unreviewed,unreviewed,global_cls__c10__source0p5,pair_letterbox_cls_patch__c100__source0p5__blend0p25,pairwise_conditional_logit_blend,pair_letterbox_cls_patch,100.0,0.5,0.25,0.007165940249248981,0.006025417574565143,0.0007392906045115339,0.9853182376100413,0.0007511139616329527
img_8ed82c4285e2a322,selection_conditional_full_development_oof_v2,dataset_test/04_petrykivka_painting/172.jpg,04_petrykivka_painting,04_petrykivka_painting,True,0.994640917735723,04_petrykivka_painting,02_ornek,05_kosiv_ceramics,3,train,obj_single_8ed82c4285e2a322,,unreviewed,unreviewed,global_cls__c10__source0p5,pair_letterbox_cls_patch__c100__source0p5__blend0p25,pairwise_conditional_logit_blend,pair_letterbox_cls_patch,100.0,0.5,0.25,0.00042686119499096587,0.00303774517269241,0.0002299177890818424,0.994640917735723,0.0016645581075118204
img_f7dbd5877a2bb7ba,selection_conditional_full_development_oof_v2,dataset_test/04_petrykivka_painting/173.jpg,04_petrykivka_painting,04_petrykivka_painting,True,0.9989378621451623,04_petrykivka_painting,02_ornek,03_bubnivka_ceramics,3,train,obj_single_f7dbd5877a2bb7ba,,unreviewed,unreviewed,global_cls__c10__source0p5,pair_letterbox_cls_patch__c100__source0p5__blend0p25,pairwise_conditional_logit_blend,pair_letterbox_cls_patch,100.0,0.5,0.25,0.00012169414052752663,0.0006809772635253747,0.0002511399796008773,0.9989378621451623,8.326471184031841e-06
img_b521c04dc05563cc,selection_conditional_full_development_oof_v2,dataset_test/04_petrykivka_painting/178.jpg,04_petrykivka_painting,04_petrykivka_painting,True,0.9971352880117621,04_petrykivka_painting,02_ornek,05_kosiv_ceramics,0,validation,obj_single_b521c04dc05563cc,,unreviewed,unreviewed,global_cls__c10__source0p5,pair_letterbox_cls_patch__c100__source0p5__blend0p25,pairwise_conditional_logit_blend,pair_letterbox_cls_patch,100.0,0.5,0.25,0.0002564558204882863,0.002102320035515163,0.00024335700661774656,0.9971352880117621,0.0002625791256165966
img_f9985b5aec883c44,selection_conditional_full_development_oof_v2,dataset_test/04_petrykivka_painting/180.jpg,04_petrykivka_painting,04_petrykivka_painting,True,0.9987737223139339,04_petrykivka_painting,01_opishnyan_ceramics,02_ornek,1,train,obj_single_f9985b5aec883c44,,unreviewed,unreviewed,global_cls__c10__source0p5,pair_letterbox_cls_patch__c100__source0p5__blend0p25,pairwise_conditional_logit_blend,pair_letterbox_cls_patch,100.0,0.5,0.25,0.0006204281710158699,0.00041974120806301593,0.00012762580081743916,0.9987737223139339,5.848250616979509e-05
img_494691b9e203d75f,selection_conditional_full_development_oof_v2,dataset_test/04_petrykivka_painting/183.jpg,04_petrykivka_painting,04_petrykivka_painting,True,0.9982532856226868,04_petrykivka_painting,01_opishnyan_ceramics,05_kosiv_ceramics,0,validation,obj_single_494691b9e203d75f,,unreviewed,unreviewed,global_cls__c10__source0p5,pair_letterbox_cls_patch__c100__source0p5__blend0p25,pairwise_conditional_logit_blend,pair_letterbox_cls_patch,100.0,0.5,0.25,0.0006903963060988886,0.00048766199865623406,6.929269304105198e-05,0.9982532856226868,0.0004993633795170379
img_f9a47b605f705137,selection_conditional_full_development_oof_v2,dataset_test/04_petrykivka_painting/184.jpg,04_petrykivka_painting,04_petrykivka_painting,True,0.9986201644793272,04_petrykivka_painting,01_opishnyan_ceramics,05_kosiv_ceramics,2,train,obj_single_f9a47b605f705137,,unreviewed,unreviewed,global_cls__c10__source0p5,pair_letterbox_cls_patch__c100__source0p5__blend0p25,pairwise_conditional_logit_blend,pair_letterbox_cls_patch,100.0,0.5,0.25,0.0009385942409466272,0.00017423886011922712,7.35099415144668e-05,0.9986201644793272,0.00019349247809247728
img_fe63c51d79ecde1d,selection_conditional_full_development_oof_v2,dataset_test/04_petrykivka_painting/185.jpg,04_petrykivka_painting,04_petrykivka_painting,True,0.9955135388667555,04_petrykivka_painting,05_kosiv_ceramics,01_opishnyan_ceramics,3,train,obj_single_fe63c51d79ecde1d,,unreviewed,unreviewed,global_cls__c10__source0p5,pair_letterbox_cls_patch__c100__source0p5__blend0p25,pairwise_conditional_logit_blend,pair_letterbox_cls_patch,100.0,0.5,0.25,0.0012983653078798623,0.00019058378444824895,8.123718676683943e-05,0.9955135388667555,0.002916274854149543
img_05beb6be6373a4d0,selection_conditional_full_development_oof_v2,dataset_test/04_petrykivka_painting/189.jpg,04_petrykivka_painting,04_petrykivka_painting,True,0.9873997485497917,04_petrykivka_painting,02_ornek,03_bubnivka_ceramics,4,train,obj_single_05beb6be6373a4d0,,unreviewed,unreviewed,global_cls__c10__source0p5,pair_letterbox_cls_patch__c100__source0p5__blend0p25,pairwise_conditional_logit_blend,pair_letterbox_cls_patch,100.0,0.5,0.25,0.002659236574783419,0.006199104211643466,0.002932927378339678,0.9873997485497917,0.0008089832854417431
img_e5504d419f4e25d0,selection_conditional_full_development_oof_v2,dataset_test/04_petrykivka_painting/190.jpg,04_petrykivka_painting,04_petrykivka_painting,True,0.9987394083667637,04_petrykivka_painting,05_kosiv_ceramics,03_bubnivka_ceramics,1,train,obj_single_e5504d419f4e25d0,,unreviewed,unreviewed,global_cls__c10__source0p5,pair_letterbox_cls_patch__c100__source0p5__blend0p25,pairwise_conditional_logit_blend,pair_letterbox_cls_patch,100.0,0.5,0.25,0.00021679711153419853,0.00023928408462629876,0.0002760477367359291,0.9987394083667637,0.000528462700339934
img_7e54054b596d69e5,selection_conditional_full_development_oof_v2,dataset_test/04_petrykivka_painting/192.jpg,04_petrykivka_painting,04_petrykivka_painting,True,0.9960261242011451,04_petrykivka_painting,02_ornek,05_kosiv_ceramics,3,train,obj_single_7e54054b596d69e5,,unreviewed,unreviewed,global_cls__c10__source0p5,pair_letterbox_cls_patch__c100__source0p5__blend0p25,pairwise_conditional_logit_blend,pair_letterbox_cls_patch,100.0,0.5,0.25,0.0003455290460042824,0.0022680964912923833,0.0005245829554119638,0.9960261242011451,0.0008356673061461379
img_660a77c3537ba19d,selection_conditional_full_development_oof_v2,dataset_test/04_petrykivka_painting/197.png,04_petrykivka_painting,04_petrykivka_painting,True,0.9587383574952061,04_petrykivka_painting,02_ornek,05_kosiv_ceramics,4,train,obj_single_660a77c3537ba19d,,unreviewed,unreviewed,global_cls__c10__source0p5,pair_letterbox_cls_patch__c100__source0p5__blend0p25,pairwise_conditional_logit_blend,pair_letterbox_cls_patch,100.0,0.5,0.25,5.2551371077293295e-05,0.025839840236743763,0.003772549127568833,0.9587383574952061,0.011596701769404088
img_2348efcac740ca91,selection_conditional_full_development_oof_v2,dataset_test/04_petrykivka_painting/198.png,04_petrykivka_painting,04_petrykivka_painting,True,0.9930032217616078,04_petrykivka_painting,02_ornek,05_kosiv_ceramics,3,validation,semgrp_ec4c1e3160283890,,unreviewed,unreviewed,global_cls__c10__source0p5,pair_letterbox_cls_patch__c100__source0p5__blend0p25,pairwise_conditional_logit_blend,pair_letterbox_cls_patch,100.0,0.5,0.25,0.00023560078588233017,0.0054256462560749,0.00018636901559478976,0.9930032217616078,0.0011491621808400368
img_00f952f73b595a4b,selection_conditional_full_development_oof_v2,dataset_test/04_petrykivka_painting/200.png,04_petrykivka_painting,04_petrykivka_painting,True,0.9982361220570982,04_petrykivka_painting,02_ornek,03_bubnivka_ceramics,2,train,obj_single_00f952f73b595a4b,,unreviewed,unreviewed,global_cls__c10__source0p5,pair_letterbox_cls_patch__c100__source0p5__blend0p25,pairwise_conditional_logit_blend,pair_letterbox_cls_patch,100.0,0.5,0.25,9.149414758374957e-05,0.0014689014840296567,0.00017521604632103065,0.9982361220570982,2.8266264967335982e-05
img_e9ed25dd56687923,selection_conditional_full_development_oof_v2,dataset_test/04_petrykivka_painting/206.jpg,04_petrykivka_painting,04_petrykivka_painting,True,0.8966306966851515,04_petrykivka_painting,02_ornek,03_bubnivka_ceramics,1,train,obj_single_e9ed25dd56687923,,unreviewed,unreviewed,global_cls__c10__source0p5,pair_letterbox_cls_patch__c100__source0p5__blend0p25,pairwise_conditional_logit_blend,pair_letterbox_cls_patch,100.0,0.5,0.25,0.0004493300106150689,0.05988960971938427,0.023952157424745112,0.8966306966851515,0.019078206160103937
img_24dc365698db735c,selection_conditional_full_development_oof_v2,dataset_test/04_petrykivka_painting/210.jpg,04_petrykivka_painting,04_petrykivka_painting,True,0.9483887944077974,04_petrykivka_painting,02_ornek,05_kosiv_ceramics,0,train,obj_single_24dc365698db735c,,unreviewed,unreviewed,global_cls__c10__source0p5,pair_letterbox_cls_patch__c100__source0p5__blend0p25,pairwise_conditional_logit_blend,pair_letterbox_cls_patch,100.0,0.5,0.25,0.0008053809307044218,0.03580196305362913,0.004611572759352219,0.9483887944077974,0.01039228884851665
img_f9c0c55ca811d6bb,selection_conditional_full_development_oof_v2,dataset_test/04_petrykivka_painting/211.jpg,04_petrykivka_painting,04_petrykivka_painting,True,0.9978144956082003,04_petrykivka_painting,02_ornek,05_kosiv_ceramics,2,train,obj_single_f9c0c55ca811d6bb,,unreviewed,unreviewed,global_cls__c10__source0p5,pair_letterbox_cls_patch__c100__source0p5__blend0p25,pairwise_conditional_logit_blend,pair_letterbox_cls_patch,100.0,0.5,0.25,0.00033173115200471777,0.000752502639343618,0.0004910108075197656,0.9978144956082003,0.0006102597929316479
img_5a283ec449fd5131,selection_conditional_full_development_oof_v2,dataset_test/04_petrykivka_painting/212.jpg,04_petrykivka_painting,04_petrykivka_painting,True,0.9968489919573149,04_petrykivka_painting,03_bubnivka_ceramics,02_ornek,4,train,obj_single_5a283ec449fd5131,,unreviewed,unreviewed,global_cls__c10__source0p5,pair_letterbox_cls_patch__c100__source0p5__blend0p25,pairwise_conditional_logit_blend,pair_letterbox_cls_patch,100.0,0.5,0.25,0.0006909578991840929,0.0007324114684930511,0.0014879269401532787,0.9968489919573149,0.00023971173485474843
img_714b00cfcd76dcfb,selection_conditional_full_development_oof_v2,dataset_test/04_petrykivka_painting/217.jpg,04_petrykivka_painting,04_petrykivka_painting,True,0.9994187143508885,04_petrykivka_painting,05_kosiv_ceramics,02_ornek,1,train,src_manual_040,,painting_print_or_panel,clear,global_cls__c10__source0p5,pair_letterbox_cls_patch__c100__source0p5__blend0p25,pairwise_conditional_logit_blend,pair_letterbox_cls_patch,100.0,0.5,0.25,0.00012241939424068997,0.0001271265009009926,9.58669123826875e-06,0.9994187143508885,0.00032215306273179094
img_bfa82f29305f6969,selection_conditional_full_development_oof_v2,dataset_test/04_petrykivka_painting/220.jpg,04_petrykivka_painting,04_petrykivka_painting,True,0.9969820952188626,04_petrykivka_painting,02_ornek,01_opishnyan_ceramics,2,train,obj_single_bfa82f29305f6969,,unreviewed,unreviewed,global_cls__c10__source0p5,pair_letterbox_cls_patch__c100__source0p5__blend0p25,pairwise_conditional_logit_blend,pair_letterbox_cls_patch,100.0,0.5,0.25,0.0009817522475667232,0.0013752703831900696,0.00032329816638092723,0.9969820952188626,0.0003375839839998594
img_9858fe78ef0be9d1,selection_conditional_full_development_oof_v2,dataset_test/04_petrykivka_painting/223.jpg,04_petrykivka_painting,04_petrykivka_painting,True,0.9970368965860941,04_petrykivka_painting,01_opishnyan_ceramics,05_kosiv_ceramics,2,train,obj_single_9858fe78ef0be9d1,,unreviewed,unreviewed,global_cls__c10__source0p5,pair_letterbox_cls_patch__c100__source0p5__blend0p25,pairwise_conditional_logit_blend,pair_letterbox_cls_patch,100.0,0.5,0.25,0.00204228970984638,0.0003007727509160726,0.00012408301627040688,0.9970368965860941,0.0004959579368732203
img_f924485ae98d3be4,selection_conditional_full_development_oof_v2,dataset_test/04_petrykivka_painting/226.jpg,04_petrykivka_painting,04_petrykivka_painting,True,0.998892590774392,04_petrykivka_painting,02_ornek,01_opishnyan_ceramics,2,train,obj_single_f924485ae98d3be4,,unreviewed,unreviewed,global_cls__c10__source0p5,pair_letterbox_cls_patch__c100__source0p5__blend0p25,pairwise_conditional_logit_blend,pair_letterbox_cls_patch,100.0,0.5,0.25,0.00018738677499028416,0.0007972104227331114,0.00010661195915760882,0.998892590774392,1.620006872694996e-05
img_4fcc810283228a7b,selection_conditional_full_development_oof_v2,dataset_test/04_petrykivka_painting/229.jpg,04_petrykivka_painting,04_petrykivka_painting,True,0.9477779881813595,04_petrykivka_painting,02_ornek,01_opishnyan_ceramics,2,train,obj_single_4fcc810283228a7b,,unreviewed,unreviewed,global_cls__c10__source0p5,pair_letterbox_cls_patch__c100__source0p5__blend0p25,pairwise_conditional_logit_blend,pair_letterbox_cls_patch,100.0,0.5,0.25,0.011179639586922537,0.04053055847753892,0.00041364121976250563,0.9477779881813595,9.817253441668957e-05
img_18c436a050172336,selection_conditional_full_development_oof_v2,dataset_test/04_petrykivka_painting/230.jpg,04_petrykivka_painting,04_petrykivka_painting,True,0.9914632362318297,04_petrykivka_painting,02_ornek,01_opishnyan_ceramics,2,validation,obj_single_18c436a050172336,,unreviewed,unreviewed,global_cls__c10__source0p5,pair_letterbox_cls_patch__c100__source0p5__blend0p25,pairwise_conditional_logit_blend,pair_letterbox_cls_patch,100.0,0.5,0.25,0.00028363549267262987,0.007860571771709145,0.0001554546143225818,0.9914632362318297,0.00023710188946573168
img_773f86423d4bba63,selection_conditional_full_development_oof_v2,dataset_test/04_petrykivka_painting/233.jpg,04_petrykivka_painting,04_petrykivka_painting,True,0.9784751167946186,04_petrykivka_painting,02_ornek,05_kosiv_ceramics,4,train,obj_single_773f86423d4bba63,,unreviewed,unreviewed,global_cls__c10__source0p5,pair_letterbox_cls_patch__c100__source0p5__blend0p25,pairwise_conditional_logit_blend,pair_letterbox_cls_patch,100.0,0.5,0.25,0.0002932766735723333,0.014762764750074707,0.00017018987413846168,0.9784751167946186,0.006298651907596004
img_85c12efa647f1278,selection_conditional_full_development_oof_v2,dataset_test/04_petrykivka_painting/235.jpg,04_petrykivka_painting,04_petrykivka_painting,True,0.9715906822997341,04_petrykivka_painting,02_ornek,01_opishnyan_ceramics,0,train,obj_single_85c12efa647f1278,,unreviewed,unreviewed,global_cls__c10__source0p5,pair_letterbox_cls_patch__c100__source0p5__blend0p25,pairwise_conditional_logit_blend,pair_letterbox_cls_patch,100.0,0.5,0.25,0.004759169192884287,0.01990227189119531,0.00041545700675818086,0.9715906822997341,0.003332419609428236
img_b0aeaadac56ba363,selection_conditional_full_development_oof_v2,dataset_test/04_petrykivka_painting/237.jpg,04_petrykivka_painting,04_petrykivka_painting,True,0.9312878818945965,04_petrykivka_painting,02_ornek,03_bubnivka_ceramics,3,train,obj_single_b0aeaadac56ba363,,unreviewed,unreviewed,global_cls__c10__source0p5,pair_letterbox_cls_patch__c100__source0p5__blend0p25,pairwise_conditional_logit_blend,pair_letterbox_cls_patch,100.0,0.5,0.25,0.0007504135240160576,0.06517000094778201,0.002623448672424653,0.9312878818945965,0.000168254961180692
img_c78092efbfb41d32,selection_conditional_full_development_oof_v2,dataset_test/04_petrykivka_painting/242.jpg,04_petrykivka_painting,04_petrykivka_painting,True,0.9981819797926766,04_petrykivka_painting,02_ornek,03_bubnivka_ceramics,1,validation,obj_single_c78092efbfb41d32,,unreviewed,unreviewed,global_cls__c10__source0p5,pair_letterbox_cls_patch__c100__source0p5__blend0p25,pairwise_conditional_logit_blend,pair_letterbox_cls_patch,100.0,0.5,0.25,0.0002593770873640156,0.0009050250011101942,0.00034807535896398304,0.9981819797926766,0.0003055427598850051
img_af7498d05384ca05,selection_conditional_full_development_oof_v2,dataset_test/04_petrykivka_painting/246.jpg,04_petrykivka_painting,04_petrykivka_painting,True,0.9820659169306791,04_petrykivka_painting,03_bubnivka_ceramics,02_ornek,4,train,obj_single_af7498d05384ca05,,unreviewed,unreviewed,global_cls__c10__source0p5,pair_letterbox_cls_patch__c100__source0p5__blend0p25,pairwise_conditional_logit_blend,pair_letterbox_cls_patch,100.0,0.5,0.25,0.0022621188626423595,0.007175504079409,0.008452676576768575,0.9820659169306791,4.3783550501065486e-05
img_46489ac39971a6f5,selection_conditional_full_development_oof_v2,dataset_test/04_petrykivka_painting/249.jpg,04_petrykivka_painting,04_petrykivka_painting,True,0.9966732928100259,04_petrykivka_painting,02_ornek,01_opishnyan_ceramics,0,train,obj_single_46489ac39971a6f5,,unreviewed,unreviewed,global_cls__c10__source0p5,pair_letterbox_cls_patch__c100__source0p5__blend0p25,pairwise_conditional_logit_blend,pair_letterbox_cls_patch,100.0,0.5,0.25,0.001163484966164875,0.001882918718715784,7.196057858662606e-05,0.9966732928100259,0.00020834292650685407
img_a89a7b220600a6d4,selection_conditional_full_development_oof_v2,dataset_test/04_petrykivka_painting/251.jpg,04_petrykivka_painting,04_petrykivka_painting,True,0.9979308367915992,04_petrykivka_painting,02_ornek,05_kosiv_ceramics,0,train,obj_single_a89a7b220600a6d4,,unreviewed,unreviewed,global_cls__c10__source0p5,pair_letterbox_cls_patch__c100__source0p5__blend0p25,pairwise_conditional_logit_blend,pair_letterbox_cls_patch,100.0,0.5,0.25,0.00011054359882333981,0.0016165562967027742,4.8026130243393826e-05,0.9979308367915992,0.0002940371826314421
img_5d5cc0bfe247fe19,selection_conditional_full_development_oof_v2,dataset_test/04_petrykivka_painting/255.jpg,04_petrykivka_painting,04_petrykivka_painting,True,0.9987076614068909,04_petrykivka_painting,05_kosiv_ceramics,02_ornek,3,validation,srcgrp_64933052340ae2fe,src_global_pet_gold_x_watermark,unreviewed,unreviewed,global_cls__c10__source0p5,pair_letterbox_cls_patch__c100__source0p5__blend0p25,pairwise_conditional_logit_blend,pair_letterbox_cls_patch,100.0,0.5,0.25,0.0002568446336257603,0.0004330166932162856,3.538183886007061e-05,0.9987076614068909,0.0005670954274067652
img_4735ad83cb189910,selection_conditional_full_development_oof_v2,dataset_test/04_petrykivka_painting/257.jpg,04_petrykivka_painting,04_petrykivka_painting,True,0.979964340981249,04_petrykivka_painting,05_kosiv_ceramics,01_opishnyan_ceramics,3,validation,srcgrp_64933052340ae2fe,src_global_pet_gold_x_watermark,unreviewed,unreviewed,global_cls__c10__source0p5,pair_letterbox_cls_patch__c100__source0p5__blend0p25,pairwise_conditional_logit_blend,pair_letterbox_cls_patch,100.0,0.5,0.25,0.0025071918839972658,0.0012499787704625543,0.0005664675806664538,0.979964340981249,0.015712020783624693
img_c6d1ef7bbc8a02a3,selection_conditional_full_development_oof_v2,dataset_test/04_petrykivka_painting/260.jpg,04_petrykivka_painting,04_petrykivka_painting,True,0.5950678065796332,04_petrykivka_painting,05_kosiv_ceramics,02_ornek,3,validation,srcgrp_64933052340ae2fe,src_global_pet_gold_x_watermark,unreviewed,unreviewed,global_cls__c10__source0p5,pair_letterbox_cls_patch__c100__source0p5__blend0p25,pairwise_conditional_logit_blend,pair_letterbox_cls_patch,100.0,0.5,0.25,0.016012165154646787,0.030047670278224598,0.029256540965744076,0.5950678065796332,0.3296158170217513
img_c87ce70390ffd789,selection_conditional_full_development_oof_v2,dataset_test/04_petrykivka_painting/261.jpg,04_petrykivka_painting,04_petrykivka_painting,True,0.8938165421112976,04_petrykivka_painting,05_kosiv_ceramics,02_ornek,3,validation,srcgrp_64933052340ae2fe,src_global_pet_gold_x_watermark,unreviewed,unreviewed,global_cls__c10__source0p5,pair_letterbox_cls_patch__c100__source0p5__blend0p25,pairwise_conditional_logit_blend,pair_letterbox_cls_patch,100.0,0.5,0.25,0.014362700618133217,0.034903252912897864,0.01528576149357589,0.8938165421112976,0.04163174286409545
img_2ac141168fc50677,selection_conditional_full_development_oof_v2,dataset_test/04_petrykivka_painting/264.jpg,04_petrykivka_painting,04_petrykivka_painting,True,0.8498272036105581,04_petrykivka_painting,05_kosiv_ceramics,02_ornek,3,validation,srcgrp_64933052340ae2fe,src_global_pet_gold_x_watermark,unreviewed,unreviewed,global_cls__c10__source0p5,pair_letterbox_cls_patch__c100__source0p5__blend0p25,pairwise_conditional_logit_blend,pair_letterbox_cls_patch,100.0,0.5,0.25,0.001879065041995046,0.05653444372796617,0.0020400138235986175,0.8498272036105581,0.08971927379588203
img_2c8eb41f970aba65,selection_conditional_full_development_oof_v2,dataset_test/04_petrykivka_painting/266.jpg,04_petrykivka_painting,04_petrykivka_painting,True,0.9896569289138633,04_petrykivka_painting,05_kosiv_ceramics,02_ornek,3,validation,srcgrp_64933052340ae2fe,src_global_pet_gold_x_watermark,unreviewed,unreviewed,global_cls__c10__source0p5,pair_letterbox_cls_patch__c100__source0p5__blend0p25,pairwise_conditional_logit_blend,pair_letterbox_cls_patch,100.0,0.5,0.25,0.00021666466037917185,0.0017324438569976928,0.00040411642557571306,0.9896569289138633,0.007989846143184116
img_6afdaea51458bb28,selection_conditional_full_development_oof_v2,dataset_test/04_petrykivka_painting/269.jpg,04_petrykivka_painting,04_petrykivka_painting,True,0.9912192285705965,04_petrykivka_painting,02_ornek,05_kosiv_ceramics,3,validation,srcgrp_64933052340ae2fe,src_global_pet_gold_x_watermark,unreviewed,unreviewed,global_cls__c10__source0p5,pair_letterbox_cls_patch__c100__source0p5__blend0p25,pairwise_conditional_logit_blend,pair_letterbox_cls_patch,100.0,0.5,0.25,0.0002416019126289309,0.006219841777661138,0.0002740750152401821,0.9912192285705965,0.002045252723873213
img_1978d3317988ce7f,selection_conditional_full_development_oof_v2,dataset_test/04_petrykivka_painting/315.png,04_petrykivka_painting,04_petrykivka_painting,True,0.998218402778585,04_petrykivka_painting,02_ornek,05_kosiv_ceramics,4,train,obj_single_1978d3317988ce7f,,unreviewed,unreviewed,global_cls__c10__source0p5,pair_letterbox_cls_patch__c100__source0p5__blend0p25,pairwise_conditional_logit_blend,pair_letterbox_cls_patch,100.0,0.5,0.25,4.02905501582215e-05,0.0014071754766241573,0.00012021370811044814,0.998218402778585,0.00021391748652199776
img_ae9a717e64772631,selection_conditional_full_development_oof_v2,dataset_test/04_petrykivka_painting/318.jpg,04_petrykivka_painting,04_petrykivka_painting,True,0.9966993480282434,04_petrykivka_painting,02_ornek,05_kosiv_ceramics,1,train,obj_single_ae9a717e64772631,,unreviewed,unreviewed,global_cls__c10__source0p5,pair_letterbox_cls_patch__c100__source0p5__blend0p25,pairwise_conditional_logit_blend,pair_letterbox_cls_patch,100.0,0.5,0.25,0.00010799420968252108,0.0015275379541663666,0.0002026451717079504,0.9966993480282434,0.001462474636199645
img_3ba9f191c0a489f7,selection_conditional_full_development_oof_v2,dataset_dev/05_kosiv_ceramics/k001.jpg,05_kosiv_ceramics,05_kosiv_ceramics,True,0.9266466140044846,05_kosiv_ceramics,03_bubnivka_ceramics,02_ornek,2,train,obj_single_3ba9f191c0a489f7,,unreviewed,unreviewed,global_cls__c10__source0p5,pair_letterbox_cls_patch__c100__source0p5__blend0p25,pairwise_conditional_logit_blend,pair_letterbox_cls_patch,100.0,0.5,0.25,0.010805585260172173,0.022981779542736197,0.03840831044292748,0.00115771074967973,0.9266466140044846
img_f0a4cb4a5e654295,selection_conditional_full_development_oof_v2,dataset_dev/05_kosiv_ceramics/k002.jpg,05_kosiv_ceramics,05_kosiv_ceramics,True,0.9594117554782333,05_kosiv_ceramics,03_bubnivka_ceramics,02_ornek,2,train,obj_single_f0a4cb4a5e654295,,unreviewed,unreviewed,global_cls__c10__source0p5,pair_letterbox_cls_patch__c100__source0p5__blend0p25,pairwise_conditional_logit_blend,pair_letterbox_cls_patch,100.0,0.5,0.25,0.0015228522959589831,0.006607064867472252,0.031698864991121206,0.0007594623672142929,0.9594117554782333
img_25ca69de6ceb0452,selection_conditional_full_development_oof_v2,dataset_dev/05_kosiv_ceramics/k003.jpg,05_kosiv_ceramics,03_bubnivka_ceramics,False,0.3239101671096119,03_bubnivka_ceramics,01_opishnyan_ceramics,05_kosiv_ceramics,0,train,obj_single_25ca69de6ceb0452,,unreviewed,unreviewed,global_cls__c10__source0p5,pair_letterbox_cls_patch__c100__source0p5__blend0p25,pairwise_conditional_logit_blend,pair_letterbox_cls_patch,100.0,0.5,0.25,0.2538555199171304,0.1387357840752767,0.3239101671096119,0.030676639366635478,0.25282188953134543
img_dccd1b71fd2c83bd,selection_conditional_full_development_oof_v2,dataset_dev/05_kosiv_ceramics/k004.jpg,05_kosiv_ceramics,05_kosiv_ceramics,True,0.9618155968529177,05_kosiv_ceramics,02_ornek,04_petrykivka_painting,0,train,obj_single_dccd1b71fd2c83bd,,unreviewed,unreviewed,global_cls__c10__source0p5,pair_letterbox_cls_patch__c100__source0p5__blend0p25,pairwise_conditional_logit_blend,pair_letterbox_cls_patch,100.0,0.5,0.25,0.0038192013661305746,0.02485234752865723,0.0033124455608329697,0.006200408691461465,0.9618155968529177
img_65c78018615433e7,selection_conditional_full_development_oof_v2,dataset_dev/05_kosiv_ceramics/k005.jpg,05_kosiv_ceramics,05_kosiv_ceramics,True,0.7130756932086312,05_kosiv_ceramics,02_ornek,01_opishnyan_ceramics,0,train,obj_single_65c78018615433e7,,unreviewed,unreviewed,global_cls__c10__source0p5,pair_letterbox_cls_patch__c100__source0p5__blend0p25,pairwise_conditional_logit_blend,pair_letterbox_cls_patch,100.0,0.5,0.25,0.13040112877464083,0.14398775445362835,0.004762830901922719,0.007772592661176967,0.7130756932086312
img_f5cb9d79c4ee108a,selection_conditional_full_development_oof_v2,dataset_dev/05_kosiv_ceramics/k006.jpg,05_kosiv_ceramics,05_kosiv_ceramics,True,0.8646990022609093,05_kosiv_ceramics,01_opishnyan_ceramics,02_ornek,2,train,obj_single_f5cb9d79c4ee108a,,unreviewed,unreviewed,global_cls__c10__source0p5,pair_letterbox_cls_patch__c100__source0p5__blend0p25,pairwise_conditional_logit_blend,pair_letterbox_cls_patch,100.0,0.5,0.25,0.11821472835682438,0.00937621787219216,0.0029064838041947517,0.004803567705879378,0.8646990022609093
img_c5332abf821190a5,selection_conditional_full_development_oof_v2,dataset_dev/05_kosiv_ceramics/k007.jpg,05_kosiv_ceramics,05_kosiv_ceramics,True,0.9771332144073615,05_kosiv_ceramics,02_ornek,03_bubnivka_ceramics,1,train,obj_single_c5332abf821190a5,,unreviewed,unreviewed,global_cls__c10__source0p5,pair_letterbox_cls_patch__c100__source0p5__blend0p25,pairwise_conditional_logit_blend,pair_letterbox_cls_patch,100.0,0.5,0.25,0.000858950658389816,0.01722879544283261,0.0035295431287567995,0.001249496362659383,0.9771332144073615
img_4cd76eb3362af207,selection_conditional_full_development_oof_v2,dataset_dev/05_kosiv_ceramics/k008.jpg,05_kosiv_ceramics,05_kosiv_ceramics,True,0.9267628007514578,05_kosiv_ceramics,01_opishnyan_ceramics,03_bubnivka_ceramics,2,train,obj_single_4cd76eb3362af207,,unreviewed,unreviewed,global_cls__c10__source0p5,pair_letterbox_cls_patch__c100__source0p5__blend0p25,pairwise_conditional_logit_blend,pair_letterbox_cls_patch,100.0,0.5,0.25,0.06749694689641438,0.0016680663299870433,0.002750569021307458,0.001321617000833285,0.9267628007514578
img_15e593138dec0051,selection_conditional_full_development_oof_v2,dataset_dev/05_kosiv_ceramics/k009.jpg,05_kosiv_ceramics,05_kosiv_ceramics,True,0.9933911195324707,05_kosiv_ceramics,01_opishnyan_ceramics,03_bubnivka_ceramics,1,train,obj_single_15e593138dec0051,,unreviewed,unreviewed,global_cls__c10__source0p5,pair_letterbox_cls_patch__c100__source0p5__blend0p25,pairwise_conditional_logit_blend,pair_letterbox_cls_patch,100.0,0.5,0.25,0.0032983289131402424,0.0009644344991483323,0.002216638892184037,0.00012947816305674907,0.9933911195324707
img_1182b8ad14328ce6,selection_conditional_full_development_oof_v2,dataset_dev/05_kosiv_ceramics/k010.jpg,05_kosiv_ceramics,05_kosiv_ceramics,True,0.8732218312383012,05_kosiv_ceramics,01_opishnyan_ceramics,02_ornek,0,train,obj_single_1182b8ad14328ce6,,unreviewed,unreviewed,global_cls__c10__source0p5,pair_letterbox_cls_patch__c100__source0p5__blend0p25,pairwise_conditional_logit_blend,pair_letterbox_cls_patch,100.0,0.5,0.25,0.08094165934860818,0.033722675670019235,0.007886064425279686,0.004227769317791753,0.8732218312383012
img_f8116bd0df381933,selection_conditional_full_development_oof_v2,dataset_dev/05_kosiv_ceramics/k011.png,05_kosiv_ceramics,05_kosiv_ceramics,True,0.8845755173178498,05_kosiv_ceramics,03_bubnivka_ceramics,02_ornek,1,train,obj_single_f8116bd0df381933,,unreviewed,unreviewed,global_cls__c10__source0p5,pair_letterbox_cls_patch__c100__source0p5__blend0p25,pairwise_conditional_logit_blend,pair_letterbox_cls_patch,100.0,0.5,0.25,0.013658306950418489,0.03844538760386446,0.053922023994403545,0.009398764133463737,0.8845755173178498
img_a783a7d439974891,selection_conditional_full_development_oof_v2,dataset_dev/05_kosiv_ceramics/k012.png,05_kosiv_ceramics,05_kosiv_ceramics,True,0.8554221824626073,05_kosiv_ceramics,01_opishnyan_ceramics,02_ornek,3,train,obj_single_a783a7d439974891,,unreviewed,unreviewed,global_cls__c10__source0p5,pair_letterbox_cls_patch__c100__source0p5__blend0p25,pairwise_conditional_logit_blend,pair_letterbox_cls_patch,100.0,0.5,0.25,0.05452147751549878,0.05208031416994302,0.029517977312847988,0.008458048539102904,0.8554221824626073
img_d99f73828e206680,selection_conditional_full_development_oof_v2,dataset_dev/05_kosiv_ceramics/k013.png,05_kosiv_ceramics,05_kosiv_ceramics,True,0.8336121628386878,05_kosiv_ceramics,02_ornek,01_opishnyan_ceramics,0,train,obj_single_d99f73828e206680,,unreviewed,unreviewed,global_cls__c10__source0p5,pair_letterbox_cls_patch__c100__source0p5__blend0p25,pairwise_conditional_logit_blend,pair_letterbox_cls_patch,100.0,0.5,0.25,0.0313577433124353,0.10911803564221999,0.01479653354112851,0.011115524665528396,0.8336121628386878
img_25047cdda55701cb,selection_conditional_full_development_oof_v2,dataset_dev/05_kosiv_ceramics/k014.jpg,05_kosiv_ceramics,05_kosiv_ceramics,True,0.9065022472632718,05_kosiv_ceramics,01_opishnyan_ceramics,03_bubnivka_ceramics,1,train,obj_single_25047cdda55701cb,,unreviewed,unreviewed,global_cls__c10__source0p5,pair_letterbox_cls_patch__c100__source0p5__blend0p25,pairwise_conditional_logit_blend,pair_letterbox_cls_patch,100.0,0.5,0.25,0.043668436591262315,0.015608736662050421,0.03035884804749988,0.003861731435915634,0.9065022472632718
img_a3854d88d2c1d05b,selection_conditional_full_development_oof_v2,dataset_dev/05_kosiv_ceramics/k024.jpg,05_kosiv_ceramics,05_kosiv_ceramics,True,0.9900291627317731,05_kosiv_ceramics,01_opishnyan_ceramics,03_bubnivka_ceramics,3,train,obj_single_a3854d88d2c1d05b,,unreviewed,unreviewed,global_cls__c10__source0p5,pair_letterbox_cls_patch__c100__source0p5__blend0p25,pairwise_conditional_logit_blend,pair_letterbox_cls_patch,100.0,0.5,0.25,0.005249237193742742,0.0005873842554302308,0.0029132284416899827,0.001220987377363958,0.9900291627317731
img_201ea327ecbda98b,selection_conditional_full_development_oof_v2,dataset_dev/05_kosiv_ceramics/k026.jpg,05_kosiv_ceramics,05_kosiv_ceramics,True,0.989812625760845,05_kosiv_ceramics,02_ornek,01_opishnyan_ceramics,3,train,src_manual_098,,vase_jug_or_vessel,clear,global_cls__c10__source0p5,pair_letterbox_cls_patch__c100__source0p5__blend0p25,pairwise_conditional_logit_blend,pair_letterbox_cls_patch,100.0,0.5,0.25,0.0031149860957638345,0.0051480119392927,0.0012800098313467394,0.0006443663727516944,0.989812625760845
img_d94560ac59a4f026,selection_conditional_full_development_oof_v2,dataset_dev/05_kosiv_ceramics/k028.jpg,05_kosiv_ceramics,05_kosiv_ceramics,True,0.9945707450305534,05_kosiv_ceramics,01_opishnyan_ceramics,03_bubnivka_ceramics,2,train,src_manual_134,,plate_or_bowl,clear,global_cls__c10__source0p5,pair_letterbox_cls_patch__c100__source0p5__blend0p25,pairwise_conditional_logit_blend,pair_letterbox_cls_patch,100.0,0.5,0.25,0.0038186443996735472,0.0006057620102976699,0.0007263704130309432,0.0002784781464444422,0.9945707450305534
img_712c1c98a143eb40,selection_conditional_full_development_oof_v2,dataset_dev/05_kosiv_ceramics/k029.jpg,05_kosiv_ceramics,05_kosiv_ceramics,True,0.9638973841808468,05_kosiv_ceramics,01_opishnyan_ceramics,02_ornek,2,train,src_manual_068,,vase_jug_or_vessel,clear,global_cls__c10__source0p5,pair_letterbox_cls_patch__c100__source0p5__blend0p25,pairwise_conditional_logit_blend,pair_letterbox_cls_patch,100.0,0.5,0.25,0.030371008984295025,0.0035709226467879654,0.0003081787189871276,0.0018525054690831065,0.9638973841808468
img_35a0eb48838172f1,selection_conditional_full_development_oof_v2,dataset_dev/05_kosiv_ceramics/k030.jpg,05_kosiv_ceramics,05_kosiv_ceramics,True,0.9810488498686084,05_kosiv_ceramics,02_ornek,03_bubnivka_ceramics,2,train,src_manual_063,,plate_or_bowl,clear,global_cls__c10__source0p5,pair_letterbox_cls_patch__c100__source0p5__blend0p25,pairwise_conditional_logit_blend,pair_letterbox_cls_patch,100.0,0.5,0.25,0.002350470318584269,0.00793655092606877,0.00788960936151126,0.0007745195252272536,0.9810488498686084
img_b6d4993a947d934b,selection_conditional_full_development_oof_v2,dataset_dev/05_kosiv_ceramics/k031.jpg,05_kosiv_ceramics,05_kosiv_ceramics,True,0.9941904653244206,05_kosiv_ceramics,03_bubnivka_ceramics,01_opishnyan_ceramics,1,train,src_manual_069,,plate_or_bowl,clear,global_cls__c10__source0p5,pair_letterbox_cls_patch__c100__source0p5__blend0p25,pairwise_conditional_logit_blend,pair_letterbox_cls_patch,100.0,0.5,0.25,0.001191895029119064,0.0011062703333106013,0.0024929063436177146,0.0010184629695320164,0.9941904653244206
img_ddc67032f41ea357,selection_conditional_full_development_oof_v2,dataset_dev/05_kosiv_ceramics/k032.jpg,05_kosiv_ceramics,05_kosiv_ceramics,True,0.9498141890260905,05_kosiv_ceramics,01_opishnyan_ceramics,02_ornek,0,train,src_manual_022,,box_or_container,clear,global_cls__c10__source0p5,pair_letterbox_cls_patch__c100__source0p5__blend0p25,pairwise_conditional_logit_blend,pair_letterbox_cls_patch,100.0,0.5,0.25,0.025578634529435422,0.019618813452253404,0.001238902636685939,0.0037494603555348113,0.9498141890260905
img_ff407e2cdad41c6e,selection_conditional_full_development_oof_v2,dataset_dev/05_kosiv_ceramics/k033.jpg,05_kosiv_ceramics,05_kosiv_ceramics,True,0.9578539850402195,05_kosiv_ceramics,02_ornek,03_bubnivka_ceramics,3,train,src_manual_129,,vase_jug_or_vessel,clear,global_cls__c10__source0p5,pair_letterbox_cls_patch__c100__source0p5__blend0p25,pairwise_conditional_logit_blend,pair_letterbox_cls_patch,100.0,0.5,0.25,0.004566321579891273,0.02532371865063849,0.007723247006430041,0.00453272772282079,0.9578539850402195
img_7194ca574b05eba0,selection_conditional_full_development_oof_v2,dataset_dev/05_kosiv_ceramics/k034.jpg,05_kosiv_ceramics,05_kosiv_ceramics,True,0.9869144583898656,05_kosiv_ceramics,01_opishnyan_ceramics,03_bubnivka_ceramics,1,train,src_manual_029,,figurine_or_sculpture,clear,global_cls__c10__source0p5,pair_letterbox_cls_patch__c100__source0p5__blend0p25,pairwise_conditional_logit_blend,pair_letterbox_cls_patch,100.0,0.5,0.25,0.005387763937042035,0.0004849166091203298,0.003976579601438042,0.0032362814625340013,0.9869144583898656
img_1518da0810767353,selection_conditional_full_development_oof_v2,dataset_dev/05_kosiv_ceramics/k035.jpg,05_kosiv_ceramics,05_kosiv_ceramics,True,0.9879369219479942,05_kosiv_ceramics,01_opishnyan_ceramics,04_petrykivka_painting,0,train,obj_single_1518da0810767353,,unreviewed,unreviewed,global_cls__c10__source0p5,pair_letterbox_cls_patch__c100__source0p5__blend0p25,pairwise_conditional_logit_blend,pair_letterbox_cls_patch,100.0,0.5,0.25,0.009151059354958151,0.000906618125226952,0.0006386036116191752,0.0013667969602015866,0.9879369219479942
img_2f9cbeaa6d4a81f6,selection_conditional_full_development_oof_v2,dataset_dev/05_kosiv_ceramics/k036.jpg,05_kosiv_ceramics,05_kosiv_ceramics,True,0.9976590109276581,05_kosiv_ceramics,01_opishnyan_ceramics,03_bubnivka_ceramics,0,train,obj_single_2f9cbeaa6d4a81f6,,unreviewed,unreviewed,global_cls__c10__source0p5,pair_letterbox_cls_patch__c100__source0p5__blend0p25,pairwise_conditional_logit_blend,pair_letterbox_cls_patch,100.0,0.5,0.25,0.0018779387870793175,8.585308346099886e-05,0.00028097752032102104,9.621968148050839e-05,0.9976590109276581
img_e6c533d7bbda4934,selection_conditional_full_development_oof_v2,dataset_dev/05_kosiv_ceramics/k037.jpg,05_kosiv_ceramics,05_kosiv_ceramics,True,0.9102866419516779,05_kosiv_ceramics,04_petrykivka_painting,03_bubnivka_ceramics,3,train,obj_single_e6c533d7bbda4934,,unreviewed,unreviewed,global_cls__c10__source0p5,pair_letterbox_cls_patch__c100__source0p5__blend0p25,pairwise_conditional_logit_blend,pair_letterbox_cls_patch,100.0,0.5,0.25,0.011343151085146696,0.01363064974454959,0.019165209752867337,0.04557434746575854,0.9102866419516779
img_becb79f335935ecc,selection_conditional_full_development_oof_v2,dataset_dev/05_kosiv_ceramics/k038.jpg,05_kosiv_ceramics,05_kosiv_ceramics,True,0.972459875272643,05_kosiv_ceramics,01_opishnyan_ceramics,04_petrykivka_painting,2,train,obj_single_becb79f335935ecc,,unreviewed,unreviewed,global_cls__c10__source0p5,pair_letterbox_cls_patch__c100__source0p5__blend0p25,pairwise_conditional_logit_blend,pair_letterbox_cls_patch,100.0,0.5,0.25,0.02360402212897604,0.0016808241179838692,7.21648708558321e-05,0.00218311360954118,0.972459875272643
img_b690731c3aab9dd8,selection_conditional_full_development_oof_v2,dataset_dev/05_kosiv_ceramics/k039.jpg,05_kosiv_ceramics,05_kosiv_ceramics,True,0.9751984952069418,05_kosiv_ceramics,01_opishnyan_ceramics,03_bubnivka_ceramics,0,train,obj_single_b690731c3aab9dd8,,unreviewed,unreviewed,global_cls__c10__source0p5,pair_letterbox_cls_patch__c100__source0p5__blend0p25,pairwise_conditional_logit_blend,pair_letterbox_cls_patch,100.0,0.5,0.25,0.017102118913433578,0.002482469542356659,0.004354225995616843,0.0008626903416510187,0.9751984952069418
img_c6505bfe6d1989e8,selection_conditional_full_development_oof_v2,dataset_dev/05_kosiv_ceramics/k041.jpg,05_kosiv_ceramics,05_kosiv_ceramics,True,0.861302844339307,05_kosiv_ceramics,01_opishnyan_ceramics,04_petrykivka_painting,1,train,obj_single_c6505bfe6d1989e8,,unreviewed,unreviewed,global_cls__c10__source0p5,pair_letterbox_cls_patch__c100__source0p5__blend0p25,pairwise_conditional_logit_blend,pair_letterbox_cls_patch,100.0,0.5,0.25,0.13367453386765926,0.0007082942074606648,0.001081966118431461,0.0032323614671414384,0.861302844339307
img_9bd1d97ab04116be,selection_conditional_full_development_oof_v2,dataset_dev/05_kosiv_ceramics/k042.jpg,05_kosiv_ceramics,05_kosiv_ceramics,True,0.8401050512433722,05_kosiv_ceramics,01_opishnyan_ceramics,03_bubnivka_ceramics,2,validation,obj_single_9bd1d97ab04116be,,unreviewed,unreviewed,global_cls__c10__source0p5,pair_letterbox_cls_patch__c100__source0p5__blend0p25,pairwise_conditional_logit_blend,pair_letterbox_cls_patch,100.0,0.5,0.25,0.11924974365220074,0.01107372267915059,0.022321844656313525,0.007249637768963062,0.8401050512433722
img_cc4b1e0db0ffa59d,selection_conditional_full_development_oof_v2,dataset_dev/05_kosiv_ceramics/k044.jpg,05_kosiv_ceramics,05_kosiv_ceramics,True,0.9319858930869206,05_kosiv_ceramics,02_ornek,03_bubnivka_ceramics,1,train,obj_single_cc4b1e0db0ffa59d,,unreviewed,unreviewed,global_cls__c10__source0p5,pair_letterbox_cls_patch__c100__source0p5__blend0p25,pairwise_conditional_logit_blend,pair_letterbox_cls_patch,100.0,0.5,0.25,0.002136197364003569,0.03049355773960035,0.020367088912548154,0.015017262896927315,0.9319858930869206
img_c004baa4587ad0c8,selection_conditional_full_development_oof_v2,dataset_dev/05_kosiv_ceramics/k045.jpg,05_kosiv_ceramics,05_kosiv_ceramics,True,0.4831295153701827,05_kosiv_ceramics,02_ornek,01_opishnyan_ceramics,4,validation,srcgrp_48f4ed28de700f87,src_global_kos_textile_archive,unreviewed,unreviewed,global_cls__c10__source0p5,pair_letterbox_cls_patch__c100__source0p5__blend0p25,pairwise_conditional_logit_blend,pair_letterbox_cls_patch,100.0,0.5,0.25,0.06868192791574593,0.340892727904169,0.06562076819424045,0.041675060615661765,0.4831295153701827
img_bdd5e1662abead18,selection_conditional_full_development_oof_v2,dataset_dev/05_kosiv_ceramics/k046.jpg,05_kosiv_ceramics,05_kosiv_ceramics,True,0.8578554721283593,05_kosiv_ceramics,02_ornek,03_bubnivka_ceramics,4,validation,srcgrp_48f4ed28de700f87,src_global_kos_textile_archive,unreviewed,unreviewed,global_cls__c10__source0p5,pair_letterbox_cls_patch__c100__source0p5__blend0p25,pairwise_conditional_logit_blend,pair_letterbox_cls_patch,100.0,0.5,0.25,0.002496267794041825,0.0772616543668823,0.03306623584091138,0.029320369869805196,0.8578554721283593
img_6c2fde452821d3e3,selection_conditional_full_development_oof_v2,dataset_dev/05_kosiv_ceramics/k048.jpg,05_kosiv_ceramics,05_kosiv_ceramics,True,0.9004491459309548,05_kosiv_ceramics,04_petrykivka_painting,02_ornek,4,validation,srcgrp_48f4ed28de700f87,src_global_kos_textile_archive,unreviewed,unreviewed,global_cls__c10__source0p5,pair_letterbox_cls_patch__c100__source0p5__blend0p25,pairwise_conditional_logit_blend,pair_letterbox_cls_patch,100.0,0.5,0.25,0.016577416401655512,0.03048743775179516,0.021166432823638812,0.03131956709195575,0.9004491459309548
img_030a712144a55558,selection_conditional_full_development_oof_v2,dataset_dev/05_kosiv_ceramics/k049.jpg,05_kosiv_ceramics,05_kosiv_ceramics,True,0.8906964837354671,05_kosiv_ceramics,04_petrykivka_painting,03_bubnivka_ceramics,4,validation,srcgrp_48f4ed28de700f87,src_global_kos_textile_archive,unreviewed,unreviewed,global_cls__c10__source0p5,pair_letterbox_cls_patch__c100__source0p5__blend0p25,pairwise_conditional_logit_blend,pair_letterbox_cls_patch,100.0,0.5,0.25,0.0014753797849354163,0.008397592789892782,0.04946051395383803,0.04997002973586663,0.8906964837354671
img_ade5e7554a95ab06,selection_conditional_full_development_oof_v2,dataset_dev/05_kosiv_ceramics/k051.jpg,05_kosiv_ceramics,05_kosiv_ceramics,True,0.9461937298752895,05_kosiv_ceramics,02_ornek,03_bubnivka_ceramics,4,validation,srcgrp_48f4ed28de700f87,src_global_kos_textile_archive,unreviewed,unreviewed,global_cls__c10__source0p5,pair_letterbox_cls_patch__c100__source0p5__blend0p25,pairwise_conditional_logit_blend,pair_letterbox_cls_patch,100.0,0.5,0.25,0.0024118724158301683,0.03321915789716062,0.00948317497203079,0.008692064839688901,0.9461937298752895
img_eb6257d176b13255,selection_conditional_full_development_oof_v2,dataset_dev/05_kosiv_ceramics/k052.jpg,05_kosiv_ceramics,05_kosiv_ceramics,True,0.9952028260609029,05_kosiv_ceramics,02_ornek,04_petrykivka_painting,4,validation,srcgrp_48f4ed28de700f87,src_global_kos_textile_archive,unreviewed,unreviewed,global_cls__c10__source0p5,pair_letterbox_cls_patch__c100__source0p5__blend0p25,pairwise_conditional_logit_blend,pair_letterbox_cls_patch,100.0,0.5,0.25,0.0008062357324319049,0.0017453971096519371,0.001046998876178515,0.0011985422208347731,0.9952028260609029
img_5d3835d8e6b384be,selection_conditional_full_development_oof_v2,dataset_dev/05_kosiv_ceramics/k054.jpg,05_kosiv_ceramics,05_kosiv_ceramics,True,0.9664826978051495,05_kosiv_ceramics,04_petrykivka_painting,03_bubnivka_ceramics,4,validation,srcgrp_48f4ed28de700f87,src_global_kos_textile_archive,unreviewed,unreviewed,global_cls__c10__source0p5,pair_letterbox_cls_patch__c100__source0p5__blend0p25,pairwise_conditional_logit_blend,pair_letterbox_cls_patch,100.0,0.5,0.25,0.0011978392072530776,0.0006432619478335384,0.015286626234688513,0.016389574805075403,0.9664826978051495
img_bbb6f7d136e62076,selection_conditional_full_development_oof_v2,dataset_dev/05_kosiv_ceramics/k055.jpg,05_kosiv_ceramics,05_kosiv_ceramics,True,0.9229261633478694,05_kosiv_ceramics,03_bubnivka_ceramics,04_petrykivka_painting,4,validation,srcgrp_48f4ed28de700f87,src_global_kos_textile_archive,unreviewed,unreviewed,global_cls__c10__source0p5,pair_letterbox_cls_patch__c100__source0p5__blend0p25,pairwise_conditional_logit_blend,pair_letterbox_cls_patch,100.0,0.5,0.25,0.006897938627869461,0.017239731851723096,0.03469053652786657,0.018245629644671576,0.9229261633478694
img_c9c6ead5cd42b9db,selection_conditional_full_development_oof_v2,dataset_dev/05_kosiv_ceramics/k057.jpg,05_kosiv_ceramics,05_kosiv_ceramics,True,0.8199823171948261,05_kosiv_ceramics,01_opishnyan_ceramics,03_bubnivka_ceramics,4,validation,srcgrp_48f4ed28de700f87,src_global_kos_textile_archive,unreviewed,unreviewed,global_cls__c10__source0p5,pair_letterbox_cls_patch__c100__source0p5__blend0p25,pairwise_conditional_logit_blend,pair_letterbox_cls_patch,100.0,0.5,0.25,0.06520513506268369,0.05139384132833773,0.06052980641470265,0.002888899999449766,0.8199823171948261
img_f89f265604241cc8,selection_conditional_full_development_oof_v2,dataset_dev/05_kosiv_ceramics/k059.jpg,05_kosiv_ceramics,05_kosiv_ceramics,True,0.8574222977126534,05_kosiv_ceramics,03_bubnivka_ceramics,01_opishnyan_ceramics,4,validation,srcgrp_48f4ed28de700f87,src_global_kos_textile_archive,unreviewed,unreviewed,global_cls__c10__source0p5,pair_letterbox_cls_patch__c100__source0p5__blend0p25,pairwise_conditional_logit_blend,pair_letterbox_cls_patch,100.0,0.5,0.25,0.062332312988726865,0.014146733697460613,0.06379846537219513,0.002300190228963914,0.8574222977126534
img_7baaf5490cab4294,selection_conditional_full_development_oof_v2,dataset_dev/05_kosiv_ceramics/k061.jpg,05_kosiv_ceramics,05_kosiv_ceramics,True,0.8436783991423645,05_kosiv_ceramics,02_ornek,03_bubnivka_ceramics,4,validation,srcgrp_48f4ed28de700f87,src_global_kos_textile_archive,unreviewed,unreviewed,global_cls__c10__source0p5,pair_letterbox_cls_patch__c100__source0p5__blend0p25,pairwise_conditional_logit_blend,pair_letterbox_cls_patch,100.0,0.5,0.25,0.0023055610818519968,0.11015186082077304,0.04296403506034032,0.0009001438946701719,0.8436783991423645
img_0dbe5daebf3b6fb6,selection_conditional_full_development_oof_v2,dataset_dev/05_kosiv_ceramics/k062.jpg,05_kosiv_ceramics,05_kosiv_ceramics,True,0.8713397821992412,05_kosiv_ceramics,03_bubnivka_ceramics,02_ornek,4,validation,srcgrp_48f4ed28de700f87,src_global_kos_textile_archive,unreviewed,unreviewed,global_cls__c10__source0p5,pair_letterbox_cls_patch__c100__source0p5__blend0p25,pairwise_conditional_logit_blend,pair_letterbox_cls_patch,100.0,0.5,0.25,0.003929871628740235,0.04822192909542663,0.07263778715994104,0.003870629916650797,0.8713397821992412
img_8dd60cd715905ae6,selection_conditional_full_development_oof_v2,dataset_dev/05_kosiv_ceramics/k063.jpg,05_kosiv_ceramics,05_kosiv_ceramics,True,0.8117909174548836,05_kosiv_ceramics,04_petrykivka_painting,01_opishnyan_ceramics,4,validation,srcgrp_48f4ed28de700f87,src_global_kos_textile_archive,unreviewed,unreviewed,global_cls__c10__source0p5,pair_letterbox_cls_patch__c100__source0p5__blend0p25,pairwise_conditional_logit_blend,pair_letterbox_cls_patch,100.0,0.5,0.25,0.06433000201190803,0.03932450369096854,0.01430377920292497,0.07025079763931479,0.8117909174548836
img_bf0d88285b74f318,selection_conditional_full_development_oof_v2,dataset_dev/05_kosiv_ceramics/k065.jpg,05_kosiv_ceramics,05_kosiv_ceramics,True,0.8026250655224754,05_kosiv_ceramics,03_bubnivka_ceramics,02_ornek,4,validation,srcgrp_48f4ed28de700f87,src_global_kos_textile_archive,unreviewed,unreviewed,global_cls__c10__source0p5,pair_letterbox_cls_patch__c100__source0p5__blend0p25,pairwise_conditional_logit_blend,pair_letterbox_cls_patch,100.0,0.5,0.25,0.012283692825792981,0.08399938193043781,0.09974745211855496,0.001344407602738954,0.8026250655224754
img_b801da16b6f9b3ff,selection_conditional_full_development_oof_v2,dataset_dev/05_kosiv_ceramics/k066.jpg,05_kosiv_ceramics,05_kosiv_ceramics,True,0.9626633491691168,05_kosiv_ceramics,03_bubnivka_ceramics,02_ornek,4,validation,srcgrp_48f4ed28de700f87,src_global_kos_textile_archive,unreviewed,unreviewed,global_cls__c10__source0p5,pair_letterbox_cls_patch__c100__source0p5__blend0p25,pairwise_conditional_logit_blend,pair_letterbox_cls_patch,100.0,0.5,0.25,0.001988626482086122,0.014984450226203583,0.015867754458002137,0.004495819664591288,0.9626633491691168
img_64a263961626438d,selection_conditional_full_development_oof_v2,dataset_dev/05_kosiv_ceramics/k067.jpg,05_kosiv_ceramics,05_kosiv_ceramics,True,0.8371679679336792,05_kosiv_ceramics,02_ornek,03_bubnivka_ceramics,4,validation,srcgrp_48f4ed28de700f87,src_global_kos_textile_archive,unreviewed,unreviewed,global_cls__c10__source0p5,pair_letterbox_cls_patch__c100__source0p5__blend0p25,pairwise_conditional_logit_blend,pair_letterbox_cls_patch,100.0,0.5,0.25,0.005567432402496694,0.0768664940390608,0.0560465163974727,0.02435158922729066,0.8371679679336792
img_58771329921d7c49,selection_conditional_full_development_oof_v2,dataset_dev/05_kosiv_ceramics/k068.jpg,05_kosiv_ceramics,05_kosiv_ceramics,True,0.8927681842935421,05_kosiv_ceramics,04_petrykivka_painting,03_bubnivka_ceramics,4,validation,srcgrp_48f4ed28de700f87,src_global_kos_textile_archive,plate_or_bowl,clear,global_cls__c10__source0p5,pair_letterbox_cls_patch__c100__source0p5__blend0p25,pairwise_conditional_logit_blend,pair_letterbox_cls_patch,100.0,0.5,0.25,0.008568393311109616,0.010187488488753784,0.04356567030963612,0.04491026359695836,0.8927681842935421
img_76e52093d5bb6492,selection_conditional_full_development_oof_v2,dataset_dev/05_kosiv_ceramics/k069.jpg,05_kosiv_ceramics,05_kosiv_ceramics,True,0.9629227474724718,05_kosiv_ceramics,02_ornek,03_bubnivka_ceramics,4,validation,srcgrp_48f4ed28de700f87,src_global_kos_textile_archive,unreviewed,unreviewed,global_cls__c10__source0p5,pair_letterbox_cls_patch__c100__source0p5__blend0p25,pairwise_conditional_logit_blend,pair_letterbox_cls_patch,100.0,0.5,0.25,0.0008722895711453869,0.02692034519339347,0.006928824773947323,0.002355792989042056,0.9629227474724718
img_10d55a4ef345f5b5,selection_conditional_full_development_oof_v2,dataset_dev/05_kosiv_ceramics/k070.jpg,05_kosiv_ceramics,05_kosiv_ceramics,True,0.8465632298344112,05_kosiv_ceramics,02_ornek,03_bubnivka_ceramics,4,validation,srcgrp_48f4ed28de700f87,src_global_kos_textile_archive,unreviewed,unreviewed,global_cls__c10__source0p5,pair_letterbox_cls_patch__c100__source0p5__blend0p25,pairwise_conditional_logit_blend,pair_letterbox_cls_patch,100.0,0.5,0.25,0.008178483632682776,0.1227406179657113,0.011381889907280727,0.011135778659913931,0.8465632298344112
img_c3d8db03fbdff2c8,selection_conditional_full_development_oof_v2,dataset_dev/05_kosiv_ceramics/k084.jpg,05_kosiv_ceramics,05_kosiv_ceramics,True,0.9940047360234417,05_kosiv_ceramics,01_opishnyan_ceramics,04_petrykivka_painting,1,train,obj_single_c3d8db03fbdff2c8,,unreviewed,unreviewed,global_cls__c10__source0p5,pair_letterbox_cls_patch__c100__source0p5__blend0p25,pairwise_conditional_logit_blend,pair_letterbox_cls_patch,100.0,0.5,0.25,0.0036131876515217553,4.067288813698325e-05,0.0006693637170306391,0.0016720397198689422,0.9940047360234417
img_db0937e23c4251b5,selection_conditional_full_development_oof_v2,dataset_dev/05_kosiv_ceramics/k085.jpg,05_kosiv_ceramics,05_kosiv_ceramics,True,0.8807790648295772,05_kosiv_ceramics,01_opishnyan_ceramics,03_bubnivka_ceramics,2,train,obj_single_db0937e23c4251b5,,unreviewed,unreviewed,global_cls__c10__source0p5,pair_letterbox_cls_patch__c100__source0p5__blend0p25,pairwise_conditional_logit_blend,pair_letterbox_cls_patch,100.0,0.5,0.25,0.06420587758092716,0.001007417894851705,0.030456519451243752,0.02355112024340014,0.8807790648295772
img_3ebaec761a87f9c3,selection_conditional_full_development_oof_v2,dataset_dev/05_kosiv_ceramics/k086.jpg,05_kosiv_ceramics,05_kosiv_ceramics,True,0.8973086119169287,05_kosiv_ceramics,02_ornek,03_bubnivka_ceramics,1,train,obj_single_3ebaec761a87f9c3,,unreviewed,unreviewed,global_cls__c10__source0p5,pair_letterbox_cls_patch__c100__source0p5__blend0p25,pairwise_conditional_logit_blend,pair_letterbox_cls_patch,100.0,0.5,0.25,0.004516910544915287,0.053501999442460084,0.036364208702933866,0.008308269392762113,0.8973086119169287
img_014efdd9052641f0,selection_conditional_full_development_oof_v2,dataset_dev/05_kosiv_ceramics/k088.jpg,05_kosiv_ceramics,05_kosiv_ceramics,True,0.8387578205013452,05_kosiv_ceramics,03_bubnivka_ceramics,02_ornek,3,train,obj_single_014efdd9052641f0,,unreviewed,unreviewed,global_cls__c10__source0p5,pair_letterbox_cls_patch__c100__source0p5__blend0p25,pairwise_conditional_logit_blend,pair_letterbox_cls_patch,100.0,0.5,0.25,0.003359482689976531,0.024205381332551273,0.11554274878200911,0.018134566694117827,0.8387578205013452
img_22ae978e6f6a2683,selection_conditional_full_development_oof_v2,dataset_dev/05_kosiv_ceramics/k089.png,05_kosiv_ceramics,05_kosiv_ceramics,True,0.9621770400678438,05_kosiv_ceramics,02_ornek,04_petrykivka_painting,1,train,obj_single_22ae978e6f6a2683,,unreviewed,unreviewed,global_cls__c10__source0p5,pair_letterbox_cls_patch__c100__source0p5__blend0p25,pairwise_conditional_logit_blend,pair_letterbox_cls_patch,100.0,0.5,0.25,0.0015524915303753069,0.03144937227740707,0.0020151594785188477,0.0028059366458549795,0.9621770400678438
img_cc1f2de5d73e4197,selection_conditional_full_development_oof_v2,dataset_dev/05_kosiv_ceramics/k090.png,05_kosiv_ceramics,05_kosiv_ceramics,True,0.8820663817085822,05_kosiv_ceramics,01_opishnyan_ceramics,03_bubnivka_ceramics,1,train,obj_single_cc1f2de5d73e4197,,unreviewed,unreviewed,global_cls__c10__source0p5,pair_letterbox_cls_patch__c100__source0p5__blend0p25,pairwise_conditional_logit_blend,pair_letterbox_cls_patch,100.0,0.5,0.25,0.1144082853041481,0.0002644755044717196,0.0021234378892735677,0.0011374195935244119,0.8820663817085822
img_fc43a814cf287259,selection_conditional_full_development_oof_v2,dataset_dev/05_kosiv_ceramics/k091.png,05_kosiv_ceramics,05_kosiv_ceramics,True,0.9778446494878306,05_kosiv_ceramics,01_opishnyan_ceramics,03_bubnivka_ceramics,2,train,obj_single_fc43a814cf287259,,unreviewed,unreviewed,global_cls__c10__source0p5,pair_letterbox_cls_patch__c100__source0p5__blend0p25,pairwise_conditional_logit_blend,pair_letterbox_cls_patch,100.0,0.5,0.25,0.011498097452346317,0.0017817803104729591,0.008475835263563413,0.0003996374857868543,0.9778446494878306
img_cbf142756cb28968,selection_conditional_full_development_oof_v2,dataset_dev/05_kosiv_ceramics/k094.jpg,05_kosiv_ceramics,05_kosiv_ceramics,True,0.9198419583449817,05_kosiv_ceramics,04_petrykivka_painting,03_bubnivka_ceramics,1,train,src_manual_067,,painting_print_or_panel,clear,global_cls__c10__source0p5,pair_letterbox_cls_patch__c100__source0p5__blend0p25,pairwise_conditional_logit_blend,pair_letterbox_cls_patch,100.0,0.5,0.25,0.0010698391473292707,0.02118851796541411,0.02438176524513817,0.03351791929713679,0.9198419583449817
img_4e3bcfc77c226c11,selection_conditional_full_development_oof_v2,dataset_dev/05_kosiv_ceramics/k097.jpg,05_kosiv_ceramics,05_kosiv_ceramics,True,0.9313513691611257,05_kosiv_ceramics,01_opishnyan_ceramics,02_ornek,2,train,obj_single_4e3bcfc77c226c11,,unreviewed,unreviewed,global_cls__c10__source0p5,pair_letterbox_cls_patch__c100__source0p5__blend0p25,pairwise_conditional_logit_blend,pair_letterbox_cls_patch,100.0,0.5,0.25,0.06186039719671443,0.002838639877344301,0.0016704140767021475,0.0022791796881135224,0.9313513691611257
img_48a2f48d83afa129,selection_conditional_full_development_oof_v2,dataset_dev/05_kosiv_ceramics/k098.jpg,05_kosiv_ceramics,05_kosiv_ceramics,True,0.9532237537402279,05_kosiv_ceramics,04_petrykivka_painting,02_ornek,2,train,obj_single_48a2f48d83afa129,,unreviewed,unreviewed,global_cls__c10__source0p5,pair_letterbox_cls_patch__c100__source0p5__blend0p25,pairwise_conditional_logit_blend,pair_letterbox_cls_patch,100.0,0.5,0.25,0.0002096918457036105,0.01875253933059148,0.0028402974472585586,0.02497371763621845,0.9532237537402279
img_741a34a61772d185,selection_conditional_full_development_oof_v2,dataset_dev/05_kosiv_ceramics/k100.jpg,05_kosiv_ceramics,05_kosiv_ceramics,True,0.9952211682853266,05_kosiv_ceramics,03_bubnivka_ceramics,02_ornek,2,train,obj_single_741a34a61772d185,,unreviewed,unreviewed,global_cls__c10__source0p5,pair_letterbox_cls_patch__c100__source0p5__blend0p25,pairwise_conditional_logit_blend,pair_letterbox_cls_patch,100.0,0.5,0.25,0.00042446061940076184,0.0015985505538653247,0.0017901470298505476,0.0009656735115568347,0.9952211682853266
img_294d3fb6f88c009d,selection_conditional_full_development_oof_v2,dataset_dev/05_kosiv_ceramics/k102.jpg,05_kosiv_ceramics,05_kosiv_ceramics,True,0.9890181898651399,05_kosiv_ceramics,01_opishnyan_ceramics,02_ornek,2,train,obj_single_294d3fb6f88c009d,,unreviewed,unreviewed,global_cls__c10__source0p5,pair_letterbox_cls_patch__c100__source0p5__blend0p25,pairwise_conditional_logit_blend,pair_letterbox_cls_patch,100.0,0.5,0.25,0.004931146366406348,0.003591320965838401,0.00146106992636492,0.0009982728762503584,0.9890181898651399
img_e75fa1156a79bd07,selection_conditional_full_development_oof_v2,dataset_dev/05_kosiv_ceramics/k103.jpg,05_kosiv_ceramics,05_kosiv_ceramics,True,0.9851607287301024,05_kosiv_ceramics,03_bubnivka_ceramics,02_ornek,3,train,obj_single_e75fa1156a79bd07,,unreviewed,unreviewed,global_cls__c10__source0p5,pair_letterbox_cls_patch__c100__source0p5__blend0p25,pairwise_conditional_logit_blend,pair_letterbox_cls_patch,100.0,0.5,0.25,0.0021460164812304285,0.004051440316402344,0.00805494473813332,0.000586869734131478,0.9851607287301024
img_be4fd1192f54884e,selection_conditional_full_development_oof_v2,dataset_dev/05_kosiv_ceramics/k105.jpg,05_kosiv_ceramics,05_kosiv_ceramics,True,0.988766139851819,05_kosiv_ceramics,02_ornek,04_petrykivka_painting,1,train,obj_single_be4fd1192f54884e,,unreviewed,unreviewed,global_cls__c10__source0p5,pair_letterbox_cls_patch__c100__source0p5__blend0p25,pairwise_conditional_logit_blend,pair_letterbox_cls_patch,100.0,0.5,0.25,0.00075821718453713,0.006127797439443038,0.0019947739685630523,0.0023530715556378027,0.988766139851819
img_bb771794a10153ae,selection_conditional_full_development_oof_v2,dataset_dev/05_kosiv_ceramics/k107.jpg,05_kosiv_ceramics,05_kosiv_ceramics,True,0.9834404205659437,05_kosiv_ceramics,04_petrykivka_painting,02_ornek,2,train,obj_single_bb771794a10153ae,,unreviewed,unreviewed,global_cls__c10__source0p5,pair_letterbox_cls_patch__c100__source0p5__blend0p25,pairwise_conditional_logit_blend,pair_letterbox_cls_patch,100.0,0.5,0.25,0.001949949157835675,0.0022939094452986137,0.0018076008300943014,0.010508120000827625,0.9834404205659437
img_0244da99143c60bb,selection_conditional_full_development_oof_v2,dataset_dev/05_kosiv_ceramics/k108.jpg,05_kosiv_ceramics,05_kosiv_ceramics,True,0.9686258925497181,05_kosiv_ceramics,04_petrykivka_painting,02_ornek,0,train,obj_single_0244da99143c60bb,,unreviewed,unreviewed,global_cls__c10__source0p5,pair_letterbox_cls_patch__c100__source0p5__blend0p25,pairwise_conditional_logit_blend,pair_letterbox_cls_patch,100.0,0.5,0.25,0.00036543064178452974,0.008188278637349942,0.0006139925851878582,0.02220640558595964,0.9686258925497181
img_0641acb2063ab1be,selection_conditional_full_development_oof_v2,dataset_dev/05_kosiv_ceramics/k109.jpg,05_kosiv_ceramics,05_kosiv_ceramics,True,0.9512519967299723,05_kosiv_ceramics,01_opishnyan_ceramics,03_bubnivka_ceramics,0,train,obj_single_0641acb2063ab1be,,unreviewed,unreviewed,global_cls__c10__source0p5,pair_letterbox_cls_patch__c100__source0p5__blend0p25,pairwise_conditional_logit_blend,pair_letterbox_cls_patch,100.0,0.5,0.25,0.03425437279767619,0.0018527865697483465,0.009913174562800919,0.0027276693398023857,0.9512519967299723
img_b80d25f3a9995232,selection_conditional_full_development_oof_v2,dataset_dev/05_kosiv_ceramics/k110.jpg,05_kosiv_ceramics,05_kosiv_ceramics,True,0.6144086788143087,05_kosiv_ceramics,02_ornek,01_opishnyan_ceramics,3,train,obj_single_b80d25f3a9995232,,unreviewed,unreviewed,global_cls__c10__source0p5,pair_letterbox_cls_patch__c100__source0p5__blend0p25,pairwise_conditional_logit_blend,pair_letterbox_cls_patch,100.0,0.5,0.25,0.1644208871882662,0.18287731242401156,0.030397425827265727,0.007895695746147794,0.6144086788143087
img_90fdcf6bf065b1a9,selection_conditional_full_development_oof_v2,dataset_dev/05_kosiv_ceramics/k111.jpg,05_kosiv_ceramics,02_ornek,False,0.7159644854598142,02_ornek,05_kosiv_ceramics,03_bubnivka_ceramics,3,train,obj_single_90fdcf6bf065b1a9,,unreviewed,unreviewed,global_cls__c10__source0p5,pair_letterbox_cls_patch__c100__source0p5__blend0p25,pairwise_conditional_logit_blend,pair_letterbox_cls_patch,100.0,0.5,0.25,0.013559015061118238,0.7159644854598142,0.01834284140671159,0.002171567119759691,0.24996209095259628
img_3a2e716dba0ac3ae,selection_conditional_full_development_oof_v2,dataset_dev/05_kosiv_ceramics/k149.jpg,05_kosiv_ceramics,05_kosiv_ceramics,True,0.9828976787448777,05_kosiv_ceramics,01_opishnyan_ceramics,02_ornek,4,validation,srcgrp_12d0f482c0fc3b5c,src_global_kos_shop_camera_series,unreviewed,unreviewed,global_cls__c10__source0p5,pair_letterbox_cls_patch__c100__source0p5__blend0p25,pairwise_conditional_logit_blend,pair_letterbox_cls_patch,100.0,0.5,0.25,0.010636055903059521,0.004588410484356179,0.0008819114966082648,0.0009959433710984011,0.9828976787448777
img_eb8b8171b06e7991,selection_conditional_full_development_oof_v2,dataset_dev/05_kosiv_ceramics/k158.jpg,05_kosiv_ceramics,05_kosiv_ceramics,True,0.9967483952802921,05_kosiv_ceramics,04_petrykivka_painting,03_bubnivka_ceramics,4,validation,srcgrp_12d0f482c0fc3b5c,src_global_kos_shop_camera_series,unreviewed,unreviewed,global_cls__c10__source0p5,pair_letterbox_cls_patch__c100__source0p5__blend0p25,pairwise_conditional_logit_blend,pair_letterbox_cls_patch,100.0,0.5,0.25,0.00015069366637934423,0.0007050985560242703,0.0009257524247789722,0.0014700600725253354,0.9967483952802921
img_86185bda3778c7a5,selection_conditional_full_development_oof_v2,dataset_dev/05_kosiv_ceramics/k165.jpg,05_kosiv_ceramics,05_kosiv_ceramics,True,0.8545289856109578,05_kosiv_ceramics,02_ornek,04_petrykivka_painting,4,validation,srcgrp_12d0f482c0fc3b5c,src_global_kos_shop_camera_series,unreviewed,unreviewed,global_cls__c10__source0p5,pair_letterbox_cls_patch__c100__source0p5__blend0p25,pairwise_conditional_logit_blend,pair_letterbox_cls_patch,100.0,0.5,0.25,0.00033102145811764183,0.12346652551792535,0.007183748779759592,0.0144897186332397,0.8545289856109578
img_d186c5b4e3d5f8a1,selection_conditional_full_development_oof_v2,dataset_dev/05_kosiv_ceramics/k170.jpg,05_kosiv_ceramics,05_kosiv_ceramics,True,0.9806040873557891,05_kosiv_ceramics,03_bubnivka_ceramics,02_ornek,4,validation,srcgrp_12d0f482c0fc3b5c,src_global_kos_shop_camera_series,unreviewed,unreviewed,global_cls__c10__source0p5,pair_letterbox_cls_patch__c100__source0p5__blend0p25,pairwise_conditional_logit_blend,pair_letterbox_cls_patch,100.0,0.5,0.25,0.0009867125660147056,0.004532818725180044,0.00981028211227101,0.0040660992407451964,0.9806040873557891
img_7856824919164370,selection_conditional_full_development_oof_v2,dataset_dev/05_kosiv_ceramics/k171.jpg,05_kosiv_ceramics,05_kosiv_ceramics,True,0.9915823696010276,05_kosiv_ceramics,02_ornek,01_opishnyan_ceramics,0,train,obj_single_7856824919164370,,unreviewed,unreviewed,global_cls__c10__source0p5,pair_letterbox_cls_patch__c100__source0p5__blend0p25,pairwise_conditional_logit_blend,pair_letterbox_cls_patch,100.0,0.5,0.25,0.0022660195521293064,0.0036117764804698914,0.0012069258026875303,0.0013329085636856815,0.9915823696010276
img_4a8c05837f8ce520,selection_conditional_full_development_oof_v2,dataset_dev/05_kosiv_ceramics/k172.jpg,05_kosiv_ceramics,05_kosiv_ceramics,True,0.9741636864195695,05_kosiv_ceramics,03_bubnivka_ceramics,02_ornek,0,train,src_manual_132,,plate_or_bowl,clear,global_cls__c10__source0p5,pair_letterbox_cls_patch__c100__source0p5__blend0p25,pairwise_conditional_logit_blend,pair_letterbox_cls_patch,100.0,0.5,0.25,0.004388204788870626,0.005331584287216656,0.01372689695254354,0.002389627551799749,0.9741636864195695
img_0127c4ff1f3b2432,selection_conditional_full_development_oof_v2,dataset_dev/05_kosiv_ceramics/k173.jpg,05_kosiv_ceramics,05_kosiv_ceramics,True,0.9866676681459348,05_kosiv_ceramics,02_ornek,03_bubnivka_ceramics,3,train,src_manual_052,,painting_print_or_panel,clear,global_cls__c10__source0p5,pair_letterbox_cls_patch__c100__source0p5__blend0p25,pairwise_conditional_logit_blend,pair_letterbox_cls_patch,100.0,0.5,0.25,9.626176591002291e-05,0.006076040486120838,0.004080560190627156,0.0030794694114070808,0.9866676681459348
img_cf878b0e509dea78,selection_conditional_full_development_oof_v2,dataset_dev/05_kosiv_ceramics/k176.jpg,05_kosiv_ceramics,05_kosiv_ceramics,True,0.9865016171290868,05_kosiv_ceramics,01_opishnyan_ceramics,02_ornek,0,train,obj_single_cf878b0e509dea78,,unreviewed,unreviewed,global_cls__c10__source0p5,pair_letterbox_cls_patch__c100__source0p5__blend0p25,pairwise_conditional_logit_blend,pair_letterbox_cls_patch,100.0,0.5,0.25,0.0055011288815310505,0.005493866257318472,0.0012278240035084964,0.001275563728555165,0.9865016171290868
img_6b50317e8ce4f75a,selection_conditional_full_development_oof_v2,dataset_dev/05_kosiv_ceramics/k177.jpg,05_kosiv_ceramics,05_kosiv_ceramics,True,0.9289657191505747,05_kosiv_ceramics,02_ornek,04_petrykivka_painting,0,train,obj_single_6b50317e8ce4f75a,,unreviewed,unreviewed,global_cls__c10__source0p5,pair_letterbox_cls_patch__c100__source0p5__blend0p25,pairwise_conditional_logit_blend,pair_letterbox_cls_patch,100.0,0.5,0.25,0.0017249057678299844,0.05950289932215667,0.004385096863048486,0.005421378896390191,0.9289657191505747
img_da4fdd82af7784ac,selection_conditional_full_development_oof_v2,dataset_dev/05_kosiv_ceramics/k180.jpg,05_kosiv_ceramics,05_kosiv_ceramics,True,0.913259336980854,05_kosiv_ceramics,02_ornek,03_bubnivka_ceramics,2,train,obj_single_da4fdd82af7784ac,,unreviewed,unreviewed,global_cls__c10__source0p5,pair_letterbox_cls_patch__c100__source0p5__blend0p25,pairwise_conditional_logit_blend,pair_letterbox_cls_patch,100.0,0.5,0.25,0.004583378831469818,0.06206598932763561,0.012251257080527395,0.007840037779513193,0.913259336980854
img_a418648f2c5e4d1b,selection_conditional_full_development_oof_v2,dataset_dev/05_kosiv_ceramics/k187.jpg,05_kosiv_ceramics,04_petrykivka_painting,False,0.7091448117345199,04_petrykivka_painting,05_kosiv_ceramics,02_ornek,3,train,obj_single_a418648f2c5e4d1b,,unreviewed,unreviewed,global_cls__c10__source0p5,pair_letterbox_cls_patch__c100__source0p5__blend0p25,pairwise_conditional_logit_blend,pair_letterbox_cls_patch,100.0,0.5,0.25,0.021188459231727252,0.10508158821824813,0.01962685121739616,0.7091448117345199,0.1449582895981086
img_b73aedff8069b9d5,selection_conditional_full_development_oof_v2,dataset_dev/05_kosiv_ceramics/k189.jpg,05_kosiv_ceramics,05_kosiv_ceramics,True,0.965895266514793,05_kosiv_ceramics,01_opishnyan_ceramics,02_ornek,2,train,obj_single_b73aedff8069b9d5,,unreviewed,unreviewed,global_cls__c10__source0p5,pair_letterbox_cls_patch__c100__source0p5__blend0p25,pairwise_conditional_logit_blend,pair_letterbox_cls_patch,100.0,0.5,0.25,0.02435082851495725,0.005081973665153788,0.0015402722332204179,0.003131659071875535,0.965895266514793
img_6a4ff3216ea6a4e7,selection_conditional_full_development_oof_v2,dataset_dev/05_kosiv_ceramics/k190.jpg,05_kosiv_ceramics,05_kosiv_ceramics,True,0.8908037241329874,05_kosiv_ceramics,02_ornek,04_petrykivka_painting,0,train,obj_single_6a4ff3216ea6a4e7,,unreviewed,unreviewed,global_cls__c10__source0p5,pair_letterbox_cls_patch__c100__source0p5__blend0p25,pairwise_conditional_logit_blend,pair_letterbox_cls_patch,100.0,0.5,0.25,0.006327783338279152,0.05600677117662466,0.008982365750820375,0.03787935560128846,0.8908037241329874
img_15270ac7cdf1890e,selection_conditional_full_development_oof_v2,dataset_dev/05_kosiv_ceramics/k191.jpg,05_kosiv_ceramics,05_kosiv_ceramics,True,0.7270117974836753,05_kosiv_ceramics,02_ornek,04_petrykivka_painting,3,train,obj_single_15270ac7cdf1890e,,unreviewed,unreviewed,global_cls__c10__source0p5,pair_letterbox_cls_patch__c100__source0p5__blend0p25,pairwise_conditional_logit_blend,pair_letterbox_cls_patch,100.0,0.5,0.25,0.04505173843136054,0.14431744885101933,0.022683401080421304,0.060935614153523575,0.7270117974836753
img_a431e7a829f5b2ff,selection_conditional_full_development_oof_v2,dataset_dev/05_kosiv_ceramics/k195.jpg,05_kosiv_ceramics,05_kosiv_ceramics,True,0.9442517778069306,05_kosiv_ceramics,02_ornek,03_bubnivka_ceramics,3,train,obj_single_a431e7a829f5b2ff,,unreviewed,unreviewed,global_cls__c10__source0p5,pair_letterbox_cls_patch__c100__source0p5__blend0p25,pairwise_conditional_logit_blend,pair_letterbox_cls_patch,100.0,0.5,0.25,0.0019401339239640918,0.03462851770760722,0.011609829496363215,0.0075697410651349405,0.9442517778069306
img_a7fa4c0ba64e19b3,selection_conditional_full_development_oof_v2,dataset_dev/05_kosiv_ceramics/k197.jpg,05_kosiv_ceramics,05_kosiv_ceramics,True,0.5357014296906373,05_kosiv_ceramics,01_opishnyan_ceramics,02_ornek,3,train,obj_single_a7fa4c0ba64e19b3,,unreviewed,unreviewed,global_cls__c10__source0p5,pair_letterbox_cls_patch__c100__source0p5__blend0p25,pairwise_conditional_logit_blend,pair_letterbox_cls_patch,100.0,0.5,0.25,0.3446978531625644,0.09745716670869291,0.018098284644697062,0.004045265793408345,0.5357014296906373
img_44edc2fb53ced032,selection_conditional_full_development_oof_v2,dataset_dev/05_kosiv_ceramics/k198.jpg,05_kosiv_ceramics,05_kosiv_ceramics,True,0.8635194267225463,05_kosiv_ceramics,02_ornek,04_petrykivka_painting,3,train,obj_single_44edc2fb53ced032,,unreviewed,unreviewed,global_cls__c10__source0p5,pair_letterbox_cls_patch__c100__source0p5__blend0p25,pairwise_conditional_logit_blend,pair_letterbox_cls_patch,100.0,0.5,0.25,0.001204024754714647,0.08327851483979373,0.024679934912948755,0.027318098769996572,0.8635194267225463
img_8b4d52277a4f6784,selection_conditional_full_development_oof_v2,dataset_dev/05_kosiv_ceramics/k202.jpg,05_kosiv_ceramics,05_kosiv_ceramics,True,0.960167216758603,05_kosiv_ceramics,01_opishnyan_ceramics,04_petrykivka_painting,3,train,obj_single_8b4d52277a4f6784,,unreviewed,unreviewed,global_cls__c10__source0p5,pair_letterbox_cls_patch__c100__source0p5__blend0p25,pairwise_conditional_logit_blend,pair_letterbox_cls_patch,100.0,0.5,0.25,0.02310829345077083,0.005836212265486331,0.003174812897003992,0.0077134646281358755,0.960167216758603
img_d91e2808078cb270,selection_conditional_full_development_oof_v2,dataset_dev/05_kosiv_ceramics/k203.jpg,05_kosiv_ceramics,05_kosiv_ceramics,True,0.9868861535703913,05_kosiv_ceramics,04_petrykivka_painting,01_opishnyan_ceramics,1,train,obj_single_d91e2808078cb270,,unreviewed,unreviewed,global_cls__c10__source0p5,pair_letterbox_cls_patch__c100__source0p5__blend0p25,pairwise_conditional_logit_blend,pair_letterbox_cls_patch,100.0,0.5,0.25,0.004739361357971162,0.0021237899436498775,0.001095554949856489,0.005155140178131142,0.9868861535703913
img_0ac2aec1a477479e,selection_conditional_full_development_oof_v2,dataset_dev/05_kosiv_ceramics/k204.jpg,05_kosiv_ceramics,05_kosiv_ceramics,True,0.9879820306213855,05_kosiv_ceramics,04_petrykivka_painting,02_ornek,1,train,src_manual_089,,vase_jug_or_vessel,clear,global_cls__c10__source0p5,pair_letterbox_cls_patch__c100__source0p5__blend0p25,pairwise_conditional_logit_blend,pair_letterbox_cls_patch,100.0,0.5,0.25,0.001187750378618779,0.0020403533162616006,0.0017262566590149843,0.007063609024719083,0.9879820306213855
img_6a787c43754347fd,selection_conditional_full_development_oof_v2,dataset_dev/05_kosiv_ceramics/k205.jpg,05_kosiv_ceramics,05_kosiv_ceramics,True,0.8031234319677126,05_kosiv_ceramics,02_ornek,04_petrykivka_painting,1,train,obj_single_6a787c43754347fd,,unreviewed,unreviewed,global_cls__c10__source0p5,pair_letterbox_cls_patch__c100__source0p5__blend0p25,pairwise_conditional_logit_blend,pair_letterbox_cls_patch,100.0,0.5,0.25,0.002224732527744524,0.1760452637642836,0.008645740533326875,0.009960831206932396,0.8031234319677126
img_0afcd1fec3a5538a,selection_conditional_full_development_oof_v2,dataset_dev/05_kosiv_ceramics/k206.jpg,05_kosiv_ceramics,05_kosiv_ceramics,True,0.9924836320856407,05_kosiv_ceramics,02_ornek,03_bubnivka_ceramics,2,train,obj_single_0afcd1fec3a5538a,,unreviewed,unreviewed,global_cls__c10__source0p5,pair_letterbox_cls_patch__c100__source0p5__blend0p25,pairwise_conditional_logit_blend,pair_letterbox_cls_patch,100.0,0.5,0.25,0.0001851111308746633,0.003171802557280476,0.0026202656850892775,0.0015391885411148686,0.9924836320856407
img_d49437ee72e9b67c,selection_conditional_full_development_oof_v2,dataset_dev/05_kosiv_ceramics/k207.jpg,05_kosiv_ceramics,05_kosiv_ceramics,True,0.9659440947006861,05_kosiv_ceramics,02_ornek,01_opishnyan_ceramics,1,train,obj_single_d49437ee72e9b67c,,unreviewed,unreviewed,global_cls__c10__source0p5,pair_letterbox_cls_patch__c100__source0p5__blend0p25,pairwise_conditional_logit_blend,pair_letterbox_cls_patch,100.0,0.5,0.25,0.009367784591299182,0.011943861673129448,0.004998300815084815,0.007745958219800499,0.9659440947006861
img_0bf4f8a6950fff03,selection_conditional_full_development_oof_v2,dataset_dev/05_kosiv_ceramics/k212.jpg,05_kosiv_ceramics,05_kosiv_ceramics,True,0.8733846996049116,05_kosiv_ceramics,02_ornek,03_bubnivka_ceramics,4,train,obj_single_0bf4f8a6950fff03,,unreviewed,unreviewed,global_cls__c10__source0p5,pair_letterbox_cls_patch__c100__source0p5__blend0p25,pairwise_conditional_logit_blend,pair_letterbox_cls_patch,100.0,0.5,0.25,0.03255978816341283,0.05353420654596828,0.03880033791685354,0.0017209677688536148,0.8733846996049116
img_dc9024342557ab45,selection_conditional_full_development_oof_v2,dataset_dev/05_kosiv_ceramics/k214.jpg,05_kosiv_ceramics,05_kosiv_ceramics,True,0.9636604628939326,05_kosiv_ceramics,04_petrykivka_painting,03_bubnivka_ceramics,2,train,obj_single_dc9024342557ab45,,unreviewed,unreviewed,global_cls__c10__source0p5,pair_letterbox_cls_patch__c100__source0p5__blend0p25,pairwise_conditional_logit_blend,pair_letterbox_cls_patch,100.0,0.5,0.25,0.0002631664489323356,0.0018330004484605742,0.011588308084101197,0.022655062124573203,0.9636604628939326
img_606ca58fdaa0ab3d,selection_conditional_full_development_oof_v2,dataset_dev/05_kosiv_ceramics/k215.jpg,05_kosiv_ceramics,05_kosiv_ceramics,True,0.9960908287764364,05_kosiv_ceramics,04_petrykivka_painting,03_bubnivka_ceramics,3,train,obj_single_606ca58fdaa0ab3d,,unreviewed,unreviewed,global_cls__c10__source0p5,pair_letterbox_cls_patch__c100__source0p5__blend0p25,pairwise_conditional_logit_blend,pair_letterbox_cls_patch,100.0,0.5,0.25,0.0008763396003821,0.000832333892328628,0.0010908262412155912,0.0011096714896371774,0.9960908287764364
img_1f57bf54655f2a1e,selection_conditional_full_development_oof_v2,dataset_dev/05_kosiv_ceramics/k217.jpg,05_kosiv_ceramics,05_kosiv_ceramics,True,0.9561715985618758,05_kosiv_ceramics,03_bubnivka_ceramics,04_petrykivka_painting,1,train,obj_single_1f57bf54655f2a1e,,unreviewed,unreviewed,global_cls__c10__source0p5,pair_letterbox_cls_patch__c100__source0p5__blend0p25,pairwise_conditional_logit_blend,pair_letterbox_cls_patch,100.0,0.5,0.25,0.000930981003384549,0.006067929220227252,0.018930277267886614,0.0178992139466258,0.9561715985618758
img_5c7b162384be51cd,selection_conditional_full_development_oof_v2,dataset_dev/05_kosiv_ceramics/k219.jpg,05_kosiv_ceramics,05_kosiv_ceramics,True,0.9764470468920651,05_kosiv_ceramics,04_petrykivka_painting,03_bubnivka_ceramics,1,train,obj_single_5c7b162384be51cd,,unreviewed,unreviewed,global_cls__c10__source0p5,pair_letterbox_cls_patch__c100__source0p5__blend0p25,pairwise_conditional_logit_blend,pair_letterbox_cls_patch,100.0,0.5,0.25,0.0005577680830856184,0.003180472285561361,0.005771376792917209,0.01404333594637072,0.9764470468920651
img_8937a240a4b03368,selection_conditional_full_development_oof_v2,dataset_dev/05_kosiv_ceramics/k221.jpg,05_kosiv_ceramics,05_kosiv_ceramics,True,0.9789842078555815,05_kosiv_ceramics,01_opishnyan_ceramics,03_bubnivka_ceramics,1,train,obj_single_8937a240a4b03368,,unreviewed,unreviewed,global_cls__c10__source0p5,pair_letterbox_cls_patch__c100__source0p5__blend0p25,pairwise_conditional_logit_blend,pair_letterbox_cls_patch,100.0,0.5,0.25,0.01341802862839587,0.0006021776371334982,0.004507075687010488,0.002488510191878782,0.9789842078555815
img_5bc033de55b6eeea,selection_conditional_full_development_oof_v2,dataset_dev/05_kosiv_ceramics/k222.jpg,05_kosiv_ceramics,05_kosiv_ceramics,True,0.9594286387306696,05_kosiv_ceramics,01_opishnyan_ceramics,04_petrykivka_painting,1,train,obj_single_5bc033de55b6eeea,,unreviewed,unreviewed,global_cls__c10__source0p5,pair_letterbox_cls_patch__c100__source0p5__blend0p25,pairwise_conditional_logit_blend,pair_letterbox_cls_patch,100.0,0.5,0.25,0.03893843073143779,0.0004502166567565205,0.00045664922448663647,0.0007260646566495095,0.9594286387306696
img_7457902db88a9b35,selection_conditional_full_development_oof_v2,dataset_dev/05_kosiv_ceramics/k223.jpg,05_kosiv_ceramics,05_kosiv_ceramics,True,0.9509038828909496,05_kosiv_ceramics,03_bubnivka_ceramics,02_ornek,1,train,obj_single_7457902db88a9b35,,unreviewed,unreviewed,global_cls__c10__source0p5,pair_letterbox_cls_patch__c100__source0p5__blend0p25,pairwise_conditional_logit_blend,pair_letterbox_cls_patch,100.0,0.5,0.25,0.009404620963196757,0.011055342878427693,0.025282350230188037,0.003353803037237866,0.9509038828909496
img_dc0d6d38453e97d7,selection_conditional_full_development_oof_v2,dataset_dev/05_kosiv_ceramics/k224.jpg,05_kosiv_ceramics,05_kosiv_ceramics,True,0.9805757002381142,05_kosiv_ceramics,03_bubnivka_ceramics,04_petrykivka_painting,1,train,obj_single_dc0d6d38453e97d7,,unreviewed,unreviewed,global_cls__c10__source0p5,pair_letterbox_cls_patch__c100__source0p5__blend0p25,pairwise_conditional_logit_blend,pair_letterbox_cls_patch,100.0,0.5,0.25,0.002195719196431476,0.0008070225564601914,0.010640177832018783,0.005781380176975327,0.9805757002381142
img_b066df9a9c17ee0a,selection_conditional_full_development_oof_v2,dataset_dev/05_kosiv_ceramics/k225.jpg,05_kosiv_ceramics,05_kosiv_ceramics,True,0.8789910253698107,05_kosiv_ceramics,02_ornek,04_petrykivka_painting,0,train,obj_single_b066df9a9c17ee0a,,unreviewed,unreviewed,global_cls__c10__source0p5,pair_letterbox_cls_patch__c100__source0p5__blend0p25,pairwise_conditional_logit_blend,pair_letterbox_cls_patch,100.0,0.5,0.25,0.003270156410575542,0.04339462404724608,0.036354788605966665,0.03798940556640098,0.8789910253698107
img_5b5d0065a3f3f5a0,selection_conditional_full_development_oof_v2,dataset_dev/05_kosiv_ceramics/k228.jpg,05_kosiv_ceramics,05_kosiv_ceramics,True,0.8772697366871335,05_kosiv_ceramics,03_bubnivka_ceramics,04_petrykivka_painting,2,train,obj_single_5b5d0065a3f3f5a0,,unreviewed,unreviewed,global_cls__c10__source0p5,pair_letterbox_cls_patch__c100__source0p5__blend0p25,pairwise_conditional_logit_blend,pair_letterbox_cls_patch,100.0,0.5,0.25,0.0051542136334056235,0.004260198262794005,0.08551382677417795,0.027802024642488935,0.8772697366871335
img_1008a3d9ba9d6f25,selection_conditional_full_development_oof_v2,dataset_dev/05_kosiv_ceramics/k229.jpg,05_kosiv_ceramics,05_kosiv_ceramics,True,0.9063976577074553,05_kosiv_ceramics,04_petrykivka_painting,03_bubnivka_ceramics,3,train,obj_single_1008a3d9ba9d6f25,,unreviewed,unreviewed,global_cls__c10__source0p5,pair_letterbox_cls_patch__c100__source0p5__blend0p25,pairwise_conditional_logit_blend,pair_letterbox_cls_patch,100.0,0.5,0.25,0.0006610367540682656,0.0026089338105504904,0.02947017720588025,0.06086219452204566,0.9063976577074553
img_f9936e631b5bf44e,selection_conditional_full_development_oof_v2,dataset_dev/05_kosiv_ceramics/k230.jpg,05_kosiv_ceramics,05_kosiv_ceramics,True,0.9887816492674337,05_kosiv_ceramics,03_bubnivka_ceramics,02_ornek,1,train,obj_single_f9936e631b5bf44e,,unreviewed,unreviewed,global_cls__c10__source0p5,pair_letterbox_cls_patch__c100__source0p5__blend0p25,pairwise_conditional_logit_blend,pair_letterbox_cls_patch,100.0,0.5,0.25,0.001538432294974657,0.0037181655151898216,0.00468946729679811,0.0012722856256035804,0.9887816492674337
img_7b628da131174a9e,selection_conditional_full_development_oof_v2,dataset_dev/05_kosiv_ceramics/k231.jpg,05_kosiv_ceramics,05_kosiv_ceramics,True,0.9249997855775746,05_kosiv_ceramics,03_bubnivka_ceramics,02_ornek,3,train,obj_single_7b628da131174a9e,,unreviewed,unreviewed,global_cls__c10__source0p5,pair_letterbox_cls_patch__c100__source0p5__blend0p25,pairwise_conditional_logit_blend,pair_letterbox_cls_patch,100.0,0.5,0.25,0.006170635741037045,0.008456100307562006,0.053962884915659225,0.006410593458167215,0.9249997855775746
img_c4cf869ffabebb42,selection_conditional_full_development_oof_v2,dataset_dev/05_kosiv_ceramics/k232.jpg,05_kosiv_ceramics,05_kosiv_ceramics,True,0.9390030842397604,05_kosiv_ceramics,02_ornek,03_bubnivka_ceramics,3,train,obj_single_c4cf869ffabebb42,,unreviewed,unreviewed,global_cls__c10__source0p5,pair_letterbox_cls_patch__c100__source0p5__blend0p25,pairwise_conditional_logit_blend,pair_letterbox_cls_patch,100.0,0.5,0.25,0.002300953665653461,0.032358700805803456,0.020202333647344518,0.006134927641438081,0.9390030842397604
img_2c53f34dd94cbe3f,selection_conditional_full_development_oof_v2,dataset_dev/05_kosiv_ceramics/k233.jpg,05_kosiv_ceramics,05_kosiv_ceramics,True,0.9152661394102715,05_kosiv_ceramics,03_bubnivka_ceramics,02_ornek,2,train,obj_single_2c53f34dd94cbe3f,,unreviewed,unreviewed,global_cls__c10__source0p5,pair_letterbox_cls_patch__c100__source0p5__blend0p25,pairwise_conditional_logit_blend,pair_letterbox_cls_patch,100.0,0.5,0.25,0.012390195277597977,0.02474523495439572,0.04360849861154073,0.003989931746194077,0.9152661394102715
img_1f749a38353f380c,selection_conditional_full_development_oof_v2,dataset_dev/05_kosiv_ceramics/k236.jpg,05_kosiv_ceramics,05_kosiv_ceramics,True,0.7718484336218946,05_kosiv_ceramics,03_bubnivka_ceramics,01_opishnyan_ceramics,2,train,obj_single_1f749a38353f380c,,unreviewed,unreviewed,global_cls__c10__source0p5,pair_letterbox_cls_patch__c100__source0p5__blend0p25,pairwise_conditional_logit_blend,pair_letterbox_cls_patch,100.0,0.5,0.25,0.042480524977833556,0.03780529190000386,0.145105479349193,0.00276027015107505,0.7718484336218946
img_26f956c1716c8b44,selection_conditional_full_development_oof_v2,dataset_dev/05_kosiv_ceramics/k237.jpg,05_kosiv_ceramics,05_kosiv_ceramics,True,0.9606094583340379,05_kosiv_ceramics,04_petrykivka_painting,01_opishnyan_ceramics,1,train,obj_single_26f956c1716c8b44,,unreviewed,unreviewed,global_cls__c10__source0p5,pair_letterbox_cls_patch__c100__source0p5__blend0p25,pairwise_conditional_logit_blend,pair_letterbox_cls_patch,100.0,0.5,0.25,0.007080262565053629,0.006054045162536509,0.0013169285837234099,0.024939305354648507,0.9606094583340379
img_668aa36c79d85d89,selection_conditional_full_development_oof_v2,dataset_dev/05_kosiv_ceramics/k238.jpg,05_kosiv_ceramics,05_kosiv_ceramics,True,0.987165082010402,05_kosiv_ceramics,03_bubnivka_ceramics,02_ornek,3,train,obj_single_668aa36c79d85d89,,unreviewed,unreviewed,global_cls__c10__source0p5,pair_letterbox_cls_patch__c100__source0p5__blend0p25,pairwise_conditional_logit_blend,pair_letterbox_cls_patch,100.0,0.5,0.25,0.0020075918676951267,0.0030012525713467254,0.007002510440790057,0.0008235631097661506,0.987165082010402
img_78feab9317cea470,selection_conditional_full_development_oof_v2,dataset_dev/05_kosiv_ceramics/k240.jpg,05_kosiv_ceramics,05_kosiv_ceramics,True,0.999191490802252,05_kosiv_ceramics,04_petrykivka_painting,02_ornek,2,train,obj_single_78feab9317cea470,,unreviewed,unreviewed,global_cls__c10__source0p5,pair_letterbox_cls_patch__c100__source0p5__blend0p25,pairwise_conditional_logit_blend,pair_letterbox_cls_patch,100.0,0.5,0.25,0.0001466784950578059,0.0002687881665418955,6.378450973592744e-05,0.0003292580264124285,0.999191490802252
img_dadad62fe6e0ee96,selection_conditional_full_development_oof_v2,dataset_dev/05_kosiv_ceramics/k241.jpg,05_kosiv_ceramics,05_kosiv_ceramics,True,0.9904330343694446,05_kosiv_ceramics,04_petrykivka_painting,01_opishnyan_ceramics,2,train,obj_single_dadad62fe6e0ee96,,unreviewed,unreviewed,global_cls__c10__source0p5,pair_letterbox_cls_patch__c100__source0p5__blend0p25,pairwise_conditional_logit_blend,pair_letterbox_cls_patch,100.0,0.5,0.25,0.0020528132128406484,0.0009204398840911472,0.0012452036539783889,0.005348508879645189,0.9904330343694446
img_c3f1abcc33f8720c,selection_conditional_full_development_oof_v2,dataset_dev/05_kosiv_ceramics/k243.jpg,05_kosiv_ceramics,05_kosiv_ceramics,True,0.7633006858874172,05_kosiv_ceramics,02_ornek,04_petrykivka_painting,1,train,obj_single_c3f1abcc33f8720c,,unreviewed,unreviewed,global_cls__c10__source0p5,pair_letterbox_cls_patch__c100__source0p5__blend0p25,pairwise_conditional_logit_blend,pair_letterbox_cls_patch,100.0,0.5,0.25,0.0048075935307101475,0.1371521425212545,0.0022535677685111026,0.09248601029210707,0.7633006858874172
img_f189802edd349754,selection_conditional_full_development_oof_v2,dataset_dev/05_kosiv_ceramics/k244.jpg,05_kosiv_ceramics,05_kosiv_ceramics,True,0.9549712981971245,05_kosiv_ceramics,03_bubnivka_ceramics,02_ornek,3,train,semgrp_c1a847c5b2e39e33,,unreviewed,unreviewed,global_cls__c10__source0p5,pair_letterbox_cls_patch__c100__source0p5__blend0p25,pairwise_conditional_logit_blend,pair_letterbox_cls_patch,100.0,0.5,0.25,0.0018895583021298504,0.01389224191477457,0.026969495768262457,0.002277405817708731,0.9549712981971245
img_02ac6c4e11d08064,selection_conditional_full_development_oof_v2,dataset_dev/05_kosiv_ceramics/k245.jpg,05_kosiv_ceramics,05_kosiv_ceramics,True,0.9267968384130617,05_kosiv_ceramics,03_bubnivka_ceramics,02_ornek,3,train,semgrp_c1a847c5b2e39e33,,unreviewed,unreviewed,global_cls__c10__source0p5,pair_letterbox_cls_patch__c100__source0p5__blend0p25,pairwise_conditional_logit_blend,pair_letterbox_cls_patch,100.0,0.5,0.25,0.008462993215336894,0.014752049100309304,0.0473190644164703,0.002669054854821812,0.9267968384130617
img_d5edf9ccf62f1742,selection_conditional_full_development_oof_v2,dataset_dev/05_kosiv_ceramics/k246.jpg,05_kosiv_ceramics,05_kosiv_ceramics,True,0.957160755593352,05_kosiv_ceramics,04_petrykivka_painting,01_opishnyan_ceramics,0,train,obj_single_d5edf9ccf62f1742,,unreviewed,unreviewed,global_cls__c10__source0p5,pair_letterbox_cls_patch__c100__source0p5__blend0p25,pairwise_conditional_logit_blend,pair_letterbox_cls_patch,100.0,0.5,0.25,0.014501575968856971,0.00621132918621075,0.00015737076366949558,0.021968968487910814,0.957160755593352
img_db8efc68c3dc3cf0,selection_conditional_full_development_oof_v2,dataset_dev/05_kosiv_ceramics/k247.jpg,05_kosiv_ceramics,05_kosiv_ceramics,True,0.6569304435310536,05_kosiv_ceramics,03_bubnivka_ceramics,01_opishnyan_ceramics,3,train,obj_single_db8efc68c3dc3cf0,,unreviewed,unreviewed,global_cls__c10__source0p5,pair_letterbox_cls_patch__c100__source0p5__blend0p25,pairwise_conditional_logit_blend,pair_letterbox_cls_patch,100.0,0.5,0.25,0.12007520137019137,0.009861423188948303,0.20622490312791933,0.0069080287818873995,0.6569304435310536
img_9c48805942346051,selection_conditional_full_development_oof_v2,dataset_dev/05_kosiv_ceramics/k249.jpg,05_kosiv_ceramics,05_kosiv_ceramics,True,0.9894594596147037,05_kosiv_ceramics,02_ornek,04_petrykivka_painting,3,train,obj_single_9c48805942346051,,unreviewed,unreviewed,global_cls__c10__source0p5,pair_letterbox_cls_patch__c100__source0p5__blend0p25,pairwise_conditional_logit_blend,pair_letterbox_cls_patch,100.0,0.5,0.25,0.0016553008893044762,0.005109891263175269,0.0007032350481311895,0.0030721131846854566,0.9894594596147037
img_15d419d94956b417,selection_conditional_full_development_oof_v2,dataset_dev/05_kosiv_ceramics/k250.jpg,05_kosiv_ceramics,05_kosiv_ceramics,True,0.9840614801775066,05_kosiv_ceramics,01_opishnyan_ceramics,03_bubnivka_ceramics,2,train,obj_single_15d419d94956b417,,unreviewed,unreviewed,global_cls__c10__source0p5,pair_letterbox_cls_patch__c100__source0p5__blend0p25,pairwise_conditional_logit_blend,pair_letterbox_cls_patch,100.0,0.5,0.25,0.010760457856704026,0.0007444124975567221,0.0024366078571168787,0.0019970416111158343,0.9840614801775066
img_ec3bd868e9f56114,selection_conditional_full_development_oof_v2,dataset_dev/05_kosiv_ceramics/k252.jpg,05_kosiv_ceramics,05_kosiv_ceramics,True,0.9677426012663388,05_kosiv_ceramics,01_opishnyan_ceramics,04_petrykivka_painting,1,train,obj_single_ec3bd868e9f56114,,unreviewed,unreviewed,global_cls__c10__source0p5,pair_letterbox_cls_patch__c100__source0p5__blend0p25,pairwise_conditional_logit_blend,pair_letterbox_cls_patch,100.0,0.5,0.25,0.022699659424416627,0.0038898455194190064,0.0017757687403214088,0.0038921250495039996,0.9677426012663388
img_5d05cf65895524eb,selection_conditional_full_development_oof_v2,dataset_dev/05_kosiv_ceramics/k253.jpg,05_kosiv_ceramics,05_kosiv_ceramics,True,0.8784180765023502,05_kosiv_ceramics,02_ornek,03_bubnivka_ceramics,1,train,obj_single_5d05cf65895524eb,,unreviewed,unreviewed,global_cls__c10__source0p5,pair_letterbox_cls_patch__c100__source0p5__blend0p25,pairwise_conditional_logit_blend,pair_letterbox_cls_patch,100.0,0.5,0.25,0.0005633327030398641,0.09097940588626936,0.025516140022897774,0.004523044885442823,0.8784180765023502
img_af5e4874eb5e3817,selection_conditional_full_development_oof_v2,dataset_dev/05_kosiv_ceramics/k254.jpg,05_kosiv_ceramics,05_kosiv_ceramics,True,0.9939731986042047,05_kosiv_ceramics,01_opishnyan_ceramics,03_bubnivka_ceramics,2,train,obj_single_af5e4874eb5e3817,,unreviewed,unreviewed,global_cls__c10__source0p5,pair_letterbox_cls_patch__c100__source0p5__blend0p25,pairwise_conditional_logit_blend,pair_letterbox_cls_patch,100.0,0.5,0.25,0.002355520799769813,0.0007086111687910917,0.0022771013823504496,0.0006855680448838086,0.9939731986042047
img_c4844df4470f86d6,selection_conditional_full_development_oof_v2,dataset_dev/05_kosiv_ceramics/k255.jpg,05_kosiv_ceramics,05_kosiv_ceramics,True,0.9444729379939245,05_kosiv_ceramics,03_bubnivka_ceramics,02_ornek,2,train,obj_single_c4844df4470f86d6,,unreviewed,unreviewed,global_cls__c10__source0p5,pair_letterbox_cls_patch__c100__source0p5__blend0p25,pairwise_conditional_logit_blend,pair_letterbox_cls_patch,100.0,0.5,0.25,0.000738811480719749,0.009383388280919447,0.037719386697318925,0.0076854755471173165,0.9444729379939245
img_fef5d1b52736814f,selection_conditional_full_development_oof_v2,dataset_dev/05_kosiv_ceramics/k256.jpg,05_kosiv_ceramics,05_kosiv_ceramics,True,0.998582736279712,05_kosiv_ceramics,01_opishnyan_ceramics,03_bubnivka_ceramics,1,train,obj_single_fef5d1b52736814f,,unreviewed,unreviewed,global_cls__c10__source0p5,pair_letterbox_cls_patch__c100__source0p5__blend0p25,pairwise_conditional_logit_blend,pair_letterbox_cls_patch,100.0,0.5,0.25,0.0010273564453403261,1.2815489255336565e-05,0.0002732308180968055,0.00010386096759547408,0.998582736279712
img_4c2a1c06f92c1913,selection_conditional_full_development_oof_v2,dataset_dev/05_kosiv_ceramics/k258.jpg,05_kosiv_ceramics,05_kosiv_ceramics,True,0.9745480817352633,05_kosiv_ceramics,02_ornek,03_bubnivka_ceramics,3,train,obj_single_4c2a1c06f92c1913,,unreviewed,unreviewed,global_cls__c10__source0p5,pair_letterbox_cls_patch__c100__source0p5__blend0p25,pairwise_conditional_logit_blend,pair_letterbox_cls_patch,100.0,0.5,0.25,0.0031184340986774076,0.012172227939181213,0.0063103983750901526,0.003850857851787885,0.9745480817352633
img_1d9538a873f6dd8f,selection_conditional_full_development_oof_v2,dataset_dev/05_kosiv_ceramics/k259.jpg,05_kosiv_ceramics,05_kosiv_ceramics,True,0.924926935378088,05_kosiv_ceramics,04_petrykivka_painting,02_ornek,0,train,obj_single_1d9538a873f6dd8f,,unreviewed,unreviewed,global_cls__c10__source0p5,pair_letterbox_cls_patch__c100__source0p5__blend0p25,pairwise_conditional_logit_blend,pair_letterbox_cls_patch,100.0,0.5,0.25,0.018207197397782475,0.02108839948510784,0.003736467632535754,0.03204100010648585,0.924926935378088
img_27c5e7fca0c7a59a,selection_conditional_full_development_oof_v2,dataset_dev/05_kosiv_ceramics/k260.jpg,05_kosiv_ceramics,05_kosiv_ceramics,True,0.717753256957846,05_kosiv_ceramics,02_ornek,04_petrykivka_painting,2,train,obj_single_27c5e7fca0c7a59a,,unreviewed,unreviewed,global_cls__c10__source0p5,pair_letterbox_cls_patch__c100__source0p5__blend0p25,pairwise_conditional_logit_blend,pair_letterbox_cls_patch,100.0,0.5,0.25,0.003039266562335953,0.2627207804729776,0.0019864756126249613,0.014500220394215545,0.717753256957846
img_8c62747ccd0c0e63,selection_conditional_full_development_oof_v2,dataset_dev/05_kosiv_ceramics/k261.jpg,05_kosiv_ceramics,05_kosiv_ceramics,True,0.9868233243040792,05_kosiv_ceramics,02_ornek,01_opishnyan_ceramics,0,train,obj_single_8c62747ccd0c0e63,,unreviewed,unreviewed,global_cls__c10__source0p5,pair_letterbox_cls_patch__c100__source0p5__blend0p25,pairwise_conditional_logit_blend,pair_letterbox_cls_patch,100.0,0.5,0.25,0.003090116472307866,0.0065616139992732995,0.00206629167881601,0.0014586535455235992,0.9868233243040792
img_e0b4cb352ba67882,selection_conditional_full_development_oof_v2,dataset_dev/05_kosiv_ceramics/k262.jpg,05_kosiv_ceramics,05_kosiv_ceramics,True,0.9584548161179282,05_kosiv_ceramics,02_ornek,04_petrykivka_painting,0,train,obj_single_e0b4cb352ba67882,,unreviewed,unreviewed,global_cls__c10__source0p5,pair_letterbox_cls_patch__c100__source0p5__blend0p25,pairwise_conditional_logit_blend,pair_letterbox_cls_patch,100.0,0.5,0.25,0.0013707049690694663,0.03465287677123616,0.0007262446037570091,0.00479535753800933,0.9584548161179282
img_6acdb026c125cf27,selection_conditional_full_development_oof_v2,dataset_dev/05_kosiv_ceramics/k263.jpg,05_kosiv_ceramics,05_kosiv_ceramics,True,0.9761166581971048,05_kosiv_ceramics,02_ornek,01_opishnyan_ceramics,3,train,obj_single_6acdb026c125cf27,,unreviewed,unreviewed,global_cls__c10__source0p5,pair_letterbox_cls_patch__c100__source0p5__blend0p25,pairwise_conditional_logit_blend,pair_letterbox_cls_patch,100.0,0.5,0.25,0.003979823753833859,0.015715320581527647,0.0016835420308145596,0.0025046554367191467,0.9761166581971048
img_fb72c2e1309d8a91,selection_conditional_full_development_oof_v2,dataset_dev/05_kosiv_ceramics/k264.jpg,05_kosiv_ceramics,05_kosiv_ceramics,True,0.9910655346804358,05_kosiv_ceramics,01_opishnyan_ceramics,04_petrykivka_painting,1,train,obj_single_fb72c2e1309d8a91,,unreviewed,unreviewed,global_cls__c10__source0p5,pair_letterbox_cls_patch__c100__source0p5__blend0p25,pairwise_conditional_logit_blend,pair_letterbox_cls_patch,100.0,0.5,0.25,0.005839754938565855,0.0013657624429000588,9.29439898944026e-05,0.0016360039482038059,0.9910655346804358
img_1384cf7d9abca7ab,selection_conditional_full_development_oof_v2,dataset_dev/05_kosiv_ceramics/k268.jpg,05_kosiv_ceramics,05_kosiv_ceramics,True,0.9384958849489872,05_kosiv_ceramics,02_ornek,03_bubnivka_ceramics,1,train,obj_single_1384cf7d9abca7ab,,unreviewed,unreviewed,global_cls__c10__source0p5,pair_letterbox_cls_patch__c100__source0p5__blend0p25,pairwise_conditional_logit_blend,pair_letterbox_cls_patch,100.0,0.5,0.25,0.0010404403222058877,0.05439916398992185,0.004616075391589937,0.0014484353472952046,0.9384958849489872
img_42212af9b25cba1f,selection_conditional_full_development_oof_v2,dataset_dev/05_kosiv_ceramics/k269.jpg,05_kosiv_ceramics,05_kosiv_ceramics,True,0.8429345341121178,05_kosiv_ceramics,01_opishnyan_ceramics,03_bubnivka_ceramics,3,train,srcgrp_5f9e5027d6137bf2,src_global_kos_museum_emblem,unreviewed,unreviewed,global_cls__c10__source0p5,pair_letterbox_cls_patch__c100__source0p5__blend0p25,pairwise_conditional_logit_blend,pair_letterbox_cls_patch,100.0,0.5,0.25,0.06306839924518451,0.02499713240829758,0.05512003347414797,0.013879900760252152,0.8429345341121178
img_2d495cb1f213684b,selection_conditional_full_development_oof_v2,dataset_dev/05_kosiv_ceramics/k270.jpg,05_kosiv_ceramics,05_kosiv_ceramics,True,0.9537148534308487,05_kosiv_ceramics,03_bubnivka_ceramics,01_opishnyan_ceramics,3,train,srcgrp_5f9e5027d6137bf2,src_global_kos_museum_emblem,unreviewed,unreviewed,global_cls__c10__source0p5,pair_letterbox_cls_patch__c100__source0p5__blend0p25,pairwise_conditional_logit_blend,pair_letterbox_cls_patch,100.0,0.5,0.25,0.00451128561207219,0.0039053102545516783,0.034177337395913165,0.0036912133066142284,0.9537148534308487
img_4f1e5d684d9e7cdd,selection_conditional_full_development_oof_v2,dataset_dev/05_kosiv_ceramics/k273.jpg,05_kosiv_ceramics,05_kosiv_ceramics,True,0.9452659584280753,05_kosiv_ceramics,02_ornek,04_petrykivka_painting,3,train,srcgrp_5f9e5027d6137bf2,src_global_kos_museum_emblem,unreviewed,unreviewed,global_cls__c10__source0p5,pair_letterbox_cls_patch__c100__source0p5__blend0p25,pairwise_conditional_logit_blend,pair_letterbox_cls_patch,100.0,0.5,0.25,0.0003280120266348067,0.023100473956825875,0.012147620328220853,0.019157935260243127,0.9452659584280753
img_502c4e1635f141bc,selection_conditional_full_development_oof_v2,dataset_dev/05_kosiv_ceramics/k274.jpg,05_kosiv_ceramics,05_kosiv_ceramics,True,0.988200271212586,05_kosiv_ceramics,04_petrykivka_painting,03_bubnivka_ceramics,3,train,srcgrp_5f9e5027d6137bf2,src_global_kos_museum_emblem,unreviewed,unreviewed,global_cls__c10__source0p5,pair_letterbox_cls_patch__c100__source0p5__blend0p25,pairwise_conditional_logit_blend,pair_letterbox_cls_patch,100.0,0.5,0.25,0.0009644175373243554,0.0009954776048551356,0.0017516302093109502,0.00808820343592357,0.988200271212586
img_7f86d7deee44bbcb,selection_conditional_full_development_oof_v2,dataset_dev/05_kosiv_ceramics/k275.jpg,05_kosiv_ceramics,05_kosiv_ceramics,True,0.9154954538387365,05_kosiv_ceramics,02_ornek,04_petrykivka_painting,3,train,srcgrp_5f9e5027d6137bf2,src_global_kos_museum_emblem,unreviewed,unreviewed,global_cls__c10__source0p5,pair_letterbox_cls_patch__c100__source0p5__blend0p25,pairwise_conditional_logit_blend,pair_letterbox_cls_patch,100.0,0.5,0.25,0.012020671109580371,0.05201683463272025,0.005691249425371298,0.014775790993591569,0.9154954538387365
img_d5c3eae7cb8b84b0,selection_conditional_full_development_oof_v2,dataset_dev/05_kosiv_ceramics/k279.jpg,05_kosiv_ceramics,05_kosiv_ceramics,True,0.9622219028244727,05_kosiv_ceramics,01_opishnyan_ceramics,02_ornek,2,train,src_manual_002,,vase_jug_or_vessel,clear,global_cls__c10__source0p5,pair_letterbox_cls_patch__c100__source0p5__blend0p25,pairwise_conditional_logit_blend,pair_letterbox_cls_patch,100.0,0.5,0.25,0.025912102995285093,0.00820724123526451,0.001728928772761539,0.0019298241722161822,0.9622219028244727
img_e71d1bf708b2d758,selection_conditional_full_development_oof_v2,dataset_dev/05_kosiv_ceramics/k286.jpg,05_kosiv_ceramics,05_kosiv_ceramics,True,0.5448451031701638,05_kosiv_ceramics,01_opishnyan_ceramics,03_bubnivka_ceramics,2,train,obj_single_e71d1bf708b2d758,,unreviewed,unreviewed,global_cls__c10__source0p5,pair_letterbox_cls_patch__c100__source0p5__blend0p25,pairwise_conditional_logit_blend,pair_letterbox_cls_patch,100.0,0.5,0.25,0.4193831643742517,0.000276607769423004,0.023390995530374662,0.012104129155786902,0.5448451031701638
img_3dfcaa2711ede055,selection_conditional_full_development_oof_v2,dataset_dev/05_kosiv_ceramics/k290.jpg,05_kosiv_ceramics,05_kosiv_ceramics,True,0.6196266912827375,05_kosiv_ceramics,02_ornek,04_petrykivka_painting,0,train,obj_single_3dfcaa2711ede055,,unreviewed,unreviewed,global_cls__c10__source0p5,pair_letterbox_cls_patch__c100__source0p5__blend0p25,pairwise_conditional_logit_blend,pair_letterbox_cls_patch,100.0,0.5,0.25,0.012444795807034134,0.3396209063732262,0.004901022228851628,0.023406584308150433,0.6196266912827375
img_6912368ebd993bc7,selection_conditional_full_development_oof_v2,dataset_dev/05_kosiv_ceramics/k291.png,05_kosiv_ceramics,05_kosiv_ceramics,True,0.9339436397470783,05_kosiv_ceramics,01_opishnyan_ceramics,03_bubnivka_ceramics,0,train,obj_single_6912368ebd993bc7,,unreviewed,unreviewed,global_cls__c10__source0p5,pair_letterbox_cls_patch__c100__source0p5__blend0p25,pairwise_conditional_logit_blend,pair_letterbox_cls_patch,100.0,0.5,0.25,0.051499426722319955,0.003952720244702504,0.009500711753591282,0.001103501532307909,0.9339436397470783
img_cea0df8455934a11,selection_conditional_full_development_oof_v2,dataset_dev/05_kosiv_ceramics/k292.png,05_kosiv_ceramics,05_kosiv_ceramics,True,0.8846746773595355,05_kosiv_ceramics,01_opishnyan_ceramics,04_petrykivka_painting,4,train,obj_single_cea0df8455934a11,,unreviewed,unreviewed,global_cls__c10__source0p5,pair_letterbox_cls_patch__c100__source0p5__blend0p25,pairwise_conditional_logit_blend,pair_letterbox_cls_patch,100.0,0.5,0.25,0.09393458272294845,0.006676383800492246,0.0046389765001842945,0.010075379616839453,0.8846746773595355
img_781393bf7e36572f,selection_conditional_full_development_oof_v2,dataset_dev/05_kosiv_ceramics/k295.jpg,05_kosiv_ceramics,05_kosiv_ceramics,True,0.9424054946422031,05_kosiv_ceramics,01_opishnyan_ceramics,02_ornek,1,train,obj_single_781393bf7e36572f,,unreviewed,unreviewed,global_cls__c10__source0p5,pair_letterbox_cls_patch__c100__source0p5__blend0p25,pairwise_conditional_logit_blend,pair_letterbox_cls_patch,100.0,0.5,0.25,0.04343675242400618,0.011662501772852106,0.00193836850217094,0.0005568826587676892,0.9424054946422031
img_af5700c9217cfb08,selection_conditional_full_development_oof_v2,dataset_dev/05_kosiv_ceramics/k296.jpg,05_kosiv_ceramics,05_kosiv_ceramics,True,0.9882208916508576,05_kosiv_ceramics,02_ornek,03_bubnivka_ceramics,1,train,obj_single_af5700c9217cfb08,,unreviewed,unreviewed,global_cls__c10__source0p5,pair_letterbox_cls_patch__c100__source0p5__blend0p25,pairwise_conditional_logit_blend,pair_letterbox_cls_patch,100.0,0.5,0.25,0.000304337458994169,0.004467668042403577,0.003588797657176595,0.003418305190568112,0.9882208916508576
img_d9e288438aab63ab,selection_conditional_full_development_oof_v2,dataset_dev/05_kosiv_ceramics/k298.jpg,05_kosiv_ceramics,05_kosiv_ceramics,True,0.9519730328063998,05_kosiv_ceramics,02_ornek,04_petrykivka_painting,3,train,obj_single_d9e288438aab63ab,,unreviewed,unreviewed,global_cls__c10__source0p5,pair_letterbox_cls_patch__c100__source0p5__blend0p25,pairwise_conditional_logit_blend,pair_letterbox_cls_patch,100.0,0.5,0.25,0.0004919684628604581,0.03941240433685495,0.0008516758734732477,0.0072709185204116525,0.9519730328063998
img_dc539dd59ad47e1b,selection_conditional_full_development_oof_v2,dataset_dev/05_kosiv_ceramics/k299.jpg,05_kosiv_ceramics,05_kosiv_ceramics,True,0.9862953374759575,05_kosiv_ceramics,02_ornek,03_bubnivka_ceramics,0,train,obj_single_dc539dd59ad47e1b,,unreviewed,unreviewed,global_cls__c10__source0p5,pair_letterbox_cls_patch__c100__source0p5__blend0p25,pairwise_conditional_logit_blend,pair_letterbox_cls_patch,100.0,0.5,0.25,0.00021693439422440177,0.010558157003241175,0.0017345904511376989,0.0011949806754392796,0.9862953374759575
img_579c8a9db7382be9,selection_conditional_full_development_oof_v2,dataset_dev/05_kosiv_ceramics/k301.jpg,05_kosiv_ceramics,05_kosiv_ceramics,True,0.9444455454162496,05_kosiv_ceramics,04_petrykivka_painting,02_ornek,3,train,obj_single_579c8a9db7382be9,,unreviewed,unreviewed,global_cls__c10__source0p5,pair_letterbox_cls_patch__c100__source0p5__blend0p25,pairwise_conditional_logit_blend,pair_letterbox_cls_patch,100.0,0.5,0.25,0.011677796784563462,0.016749752736144288,0.005463534697107306,0.021663370365935276,0.9444455454162496
img_5fe0f1020d1444ac,selection_conditional_full_development_oof_v2,dataset_dev/05_kosiv_ceramics/k302.jpg,05_kosiv_ceramics,05_kosiv_ceramics,True,0.9978288761001638,05_kosiv_ceramics,01_opishnyan_ceramics,02_ornek,4,train,obj_single_5fe0f1020d1444ac,,unreviewed,unreviewed,global_cls__c10__source0p5,pair_letterbox_cls_patch__c100__source0p5__blend0p25,pairwise_conditional_logit_blend,pair_letterbox_cls_patch,100.0,0.5,0.25,0.0012743755590432602,0.00044734523000321096,0.00029933756352570266,0.00015006554726408359,0.9978288761001638
img_cb9d4b5389eabb81,selection_conditional_full_development_oof_v2,dataset_dev/05_kosiv_ceramics/k303.jpg,05_kosiv_ceramics,05_kosiv_ceramics,True,0.9865793540516715,05_kosiv_ceramics,01_opishnyan_ceramics,02_ornek,0,train,obj_single_cb9d4b5389eabb81,,unreviewed,unreviewed,global_cls__c10__source0p5,pair_letterbox_cls_patch__c100__source0p5__blend0p25,pairwise_conditional_logit_blend,pair_letterbox_cls_patch,100.0,0.5,0.25,0.010715270425597048,0.001018519109090451,0.0009222077961244812,0.0007646486175165205,0.9865793540516715
img_22279edee2597813,selection_conditional_full_development_oof_v2,dataset_dev/05_kosiv_ceramics/k305.jpg,05_kosiv_ceramics,05_kosiv_ceramics,True,0.6139553330457761,05_kosiv_ceramics,04_petrykivka_painting,02_ornek,0,train,obj_single_22279edee2597813,,unreviewed,unreviewed,global_cls__c10__source0p5,pair_letterbox_cls_patch__c100__source0p5__blend0p25,pairwise_conditional_logit_blend,pair_letterbox_cls_patch,100.0,0.5,0.25,0.02835271595275026,0.04485880121400295,0.009933016174718137,0.30290013361275253,0.6139553330457761
img_51095312f9abcda1,selection_conditional_full_development_oof_v2,dataset_dev/05_kosiv_ceramics/k306.jpg,05_kosiv_ceramics,05_kosiv_ceramics,True,0.9735361177562538,05_kosiv_ceramics,04_petrykivka_painting,02_ornek,0,train,obj_single_51095312f9abcda1,,unreviewed,unreviewed,global_cls__c10__source0p5,pair_letterbox_cls_patch__c100__source0p5__blend0p25,pairwise_conditional_logit_blend,pair_letterbox_cls_patch,100.0,0.5,0.25,0.0034183372749217156,0.005128684138617368,0.003991639959244737,0.013925220870962433,0.9735361177562538
img_9312bb6c9a4b2ce3,selection_conditional_full_development_oof_v2,dataset_dev/05_kosiv_ceramics/k307.jpg,05_kosiv_ceramics,05_kosiv_ceramics,True,0.9563957721794853,05_kosiv_ceramics,02_ornek,03_bubnivka_ceramics,1,train,obj_single_9312bb6c9a4b2ce3,,unreviewed,unreviewed,global_cls__c10__source0p5,pair_letterbox_cls_patch__c100__source0p5__blend0p25,pairwise_conditional_logit_blend,pair_letterbox_cls_patch,100.0,0.5,0.25,2.1133996101510214e-05,0.024120231643524552,0.01887382280476331,0.0005890393761251475,0.9563957721794853
img_f39a910c0fcd90e1,selection_conditional_full_development_oof_v2,dataset_dev/05_kosiv_ceramics/k308.jpg,05_kosiv_ceramics,05_kosiv_ceramics,True,0.9810652811398596,05_kosiv_ceramics,01_opishnyan_ceramics,02_ornek,0,train,obj_single_f39a910c0fcd90e1,,unreviewed,unreviewed,global_cls__c10__source0p5,pair_letterbox_cls_patch__c100__source0p5__blend0p25,pairwise_conditional_logit_blend,pair_letterbox_cls_patch,100.0,0.5,0.25,0.009694990464034502,0.006404551242623732,0.002227369771254629,0.0006078073822274471,0.9810652811398596
img_ca01e6152b1b4c30,selection_conditional_full_development_oof_v2,dataset_dev/05_kosiv_ceramics/k309.jpg,05_kosiv_ceramics,05_kosiv_ceramics,True,0.9918497530181953,05_kosiv_ceramics,03_bubnivka_ceramics,04_petrykivka_painting,0,train,obj_single_ca01e6152b1b4c30,,unreviewed,unreviewed,global_cls__c10__source0p5,pair_letterbox_cls_patch__c100__source0p5__blend0p25,pairwise_conditional_logit_blend,pair_letterbox_cls_patch,100.0,0.5,0.25,0.00025879541721259653,0.00098445205879959,0.005309626819974617,0.0015973726858177514,0.9918497530181953
img_00d692746dabf607,selection_conditional_full_development_oof_v2,dataset_dev/05_kosiv_ceramics/k311.jpg,05_kosiv_ceramics,05_kosiv_ceramics,True,0.9813210970035894,05_kosiv_ceramics,04_petrykivka_painting,03_bubnivka_ceramics,3,train,obj_single_00d692746dabf607,,unreviewed,unreviewed,global_cls__c10__source0p5,pair_letterbox_cls_patch__c100__source0p5__blend0p25,pairwise_conditional_logit_blend,pair_letterbox_cls_patch,100.0,0.5,0.25,0.000313955259052648,0.00219232217027313,0.002818058437953702,0.013354567129131132,0.9813210970035894
img_4a2f6b05f6d235f6,selection_conditional_full_development_oof_v2,dataset_dev/05_kosiv_ceramics/k317.jpg,05_kosiv_ceramics,05_kosiv_ceramics,True,0.9904467200838235,05_kosiv_ceramics,02_ornek,03_bubnivka_ceramics,1,train,obj_single_4a2f6b05f6d235f6,,unreviewed,unreviewed,global_cls__c10__source0p5,pair_letterbox_cls_patch__c100__source0p5__blend0p25,pairwise_conditional_logit_blend,pair_letterbox_cls_patch,100.0,0.5,0.25,0.00013885793076242364,0.005017607258299743,0.0035434408252383305,0.0008533739018759956,0.9904467200838235
img_fb3fa70803128156,selection_conditional_full_development_oof_v2,dataset_dev/05_kosiv_ceramics/k318.jpg,05_kosiv_ceramics,05_kosiv_ceramics,True,0.7001312682610452,05_kosiv_ceramics,04_petrykivka_painting,02_ornek,2,train,obj_single_fb3fa70803128156,,unreviewed,unreviewed,global_cls__c10__source0p5,pair_letterbox_cls_patch__c100__source0p5__blend0p25,pairwise_conditional_logit_blend,pair_letterbox_cls_patch,100.0,0.5,0.25,0.007221564340812542,0.012624626659783908,0.0030118974667027033,0.27701064327165564,0.7001312682610452
img_a6dac0f3142eb559,selection_conditional_full_development_oof_v2,dataset_dev/05_kosiv_ceramics/k319.jpg,05_kosiv_ceramics,05_kosiv_ceramics,True,0.8164593829401836,05_kosiv_ceramics,02_ornek,03_bubnivka_ceramics,0,train,obj_single_a6dac0f3142eb559,,unreviewed,unreviewed,global_cls__c10__source0p5,pair_letterbox_cls_patch__c100__source0p5__blend0p25,pairwise_conditional_logit_blend,pair_letterbox_cls_patch,100.0,0.5,0.25,0.0033626310680741245,0.1231065417099418,0.052331865907122736,0.004739578374677821,0.8164593829401836
img_3373bcc06c400630,selection_conditional_full_development_oof_v2,dataset_dev/05_kosiv_ceramics/k320.jpg,05_kosiv_ceramics,05_kosiv_ceramics,True,0.8040924464391075,05_kosiv_ceramics,01_opishnyan_ceramics,03_bubnivka_ceramics,0,train,obj_single_3373bcc06c400630,,unreviewed,unreviewed,global_cls__c10__source0p5,pair_letterbox_cls_patch__c100__source0p5__blend0p25,pairwise_conditional_logit_blend,pair_letterbox_cls_patch,100.0,0.5,0.25,0.18695255919460113,0.0008062820996184925,0.006390562856394031,0.0017581494102788123,0.8040924464391075
img_5b7303bca41ad0a4,selection_conditional_full_development_oof_v2,dataset_dev/05_kosiv_ceramics/k321.jpg,05_kosiv_ceramics,05_kosiv_ceramics,True,0.6803358257685761,05_kosiv_ceramics,01_opishnyan_ceramics,03_bubnivka_ceramics,2,train,obj_single_5b7303bca41ad0a4,,unreviewed,unreviewed,global_cls__c10__source0p5,pair_letterbox_cls_patch__c100__source0p5__blend0p25,pairwise_conditional_logit_blend,pair_letterbox_cls_patch,100.0,0.5,0.25,0.288816311515842,0.004282409681639418,0.0249893986915088,0.001576054342433786,0.6803358257685761
img_a2d515bfed5d2f01,selection_conditional_full_development_oof_v2,dataset_dev/05_kosiv_ceramics/k322.jpg,05_kosiv_ceramics,05_kosiv_ceramics,True,0.9858880263769849,05_kosiv_ceramics,03_bubnivka_ceramics,02_ornek,1,train,obj_single_a2d515bfed5d2f01,,unreviewed,unreviewed,global_cls__c10__source0p5,pair_letterbox_cls_patch__c100__source0p5__blend0p25,pairwise_conditional_logit_blend,pair_letterbox_cls_patch,100.0,0.5,0.25,0.0015592324621700093,0.0035566360623301304,0.008598211774383344,0.0003978933241314907,0.9858880263769849
img_c12d141e5485f800,selection_conditional_full_development_oof_v2,dataset_dev/05_kosiv_ceramics/k323.jpg,05_kosiv_ceramics,05_kosiv_ceramics,True,0.8320845064880069,05_kosiv_ceramics,02_ornek,01_opishnyan_ceramics,3,train,obj_single_c12d141e5485f800,,unreviewed,unreviewed,global_cls__c10__source0p5,pair_letterbox_cls_patch__c100__source0p5__blend0p25,pairwise_conditional_logit_blend,pair_letterbox_cls_patch,100.0,0.5,0.25,0.008061133923581477,0.15460477446022297,0.0019522936209944864,0.0032972915071940658,0.8320845064880069
img_15efd77de90f2732,selection_conditional_full_development_oof_v2,dataset_dev/05_kosiv_ceramics/k324.jpg,05_kosiv_ceramics,05_kosiv_ceramics,True,0.8359654715697181,05_kosiv_ceramics,02_ornek,04_petrykivka_painting,1,train,obj_single_15efd77de90f2732,,unreviewed,unreviewed,global_cls__c10__source0p5,pair_letterbox_cls_patch__c100__source0p5__blend0p25,pairwise_conditional_logit_blend,pair_letterbox_cls_patch,100.0,0.5,0.25,0.011166782297102381,0.06066660302936039,0.031543135749227555,0.060658007354591516,0.8359654715697181
img_18e9da9232e95c91,selection_conditional_full_development_oof_v2,dataset_dev/05_kosiv_ceramics/k325.jpg,05_kosiv_ceramics,05_kosiv_ceramics,True,0.8605173717188391,05_kosiv_ceramics,04_petrykivka_painting,02_ornek,0,train,obj_single_18e9da9232e95c91,,unreviewed,unreviewed,global_cls__c10__source0p5,pair_letterbox_cls_patch__c100__source0p5__blend0p25,pairwise_conditional_logit_blend,pair_letterbox_cls_patch,100.0,0.5,0.25,0.009569791857487589,0.057215827354009215,0.014593386644430339,0.058103622425233724,0.8605173717188391
img_a10839705ffd64e9,selection_conditional_full_development_oof_v2,dataset_dev/05_kosiv_ceramics/k326.jpg,05_kosiv_ceramics,05_kosiv_ceramics,True,0.7862024488280852,05_kosiv_ceramics,02_ornek,03_bubnivka_ceramics,0,train,obj_single_a10839705ffd64e9,,unreviewed,unreviewed,global_cls__c10__source0p5,pair_letterbox_cls_patch__c100__source0p5__blend0p25,pairwise_conditional_logit_blend,pair_letterbox_cls_patch,100.0,0.5,0.25,0.002847746639926371,0.1728772898047673,0.03483201953506327,0.0032404951921577514,0.7862024488280852
img_921cab19ed105147,selection_conditional_full_development_oof_v2,dataset_dev/05_kosiv_ceramics/k327.jpg,05_kosiv_ceramics,02_ornek,False,0.5548228134383789,02_ornek,05_kosiv_ceramics,03_bubnivka_ceramics,2,train,obj_single_921cab19ed105147,,unreviewed,unreviewed,global_cls__c10__source0p5,pair_letterbox_cls_patch__c100__source0p5__blend0p25,pairwise_conditional_logit_blend,pair_letterbox_cls_patch,100.0,0.5,0.25,0.004142958663909456,0.5548228134383789,0.020621103839212666,0.005169743400419376,0.41524338065807964
img_c210ae77ea963969,selection_conditional_full_development_oof_v2,dataset_dev/05_kosiv_ceramics/k328.jpg,05_kosiv_ceramics,05_kosiv_ceramics,True,0.9102819553376837,05_kosiv_ceramics,03_bubnivka_ceramics,02_ornek,1,train,obj_single_c210ae77ea963969,,unreviewed,unreviewed,global_cls__c10__source0p5,pair_letterbox_cls_patch__c100__source0p5__blend0p25,pairwise_conditional_logit_blend,pair_letterbox_cls_patch,100.0,0.5,0.25,0.0013050198210535166,0.018282271213603197,0.06867630543666638,0.0014544481909931968,0.9102819553376837
img_8f34e2a754b3e26d,selection_conditional_full_development_oof_v2,dataset_dev/05_kosiv_ceramics/k330.jpg,05_kosiv_ceramics,05_kosiv_ceramics,True,0.9731214256884115,05_kosiv_ceramics,01_opishnyan_ceramics,03_bubnivka_ceramics,3,train,obj_single_8f34e2a754b3e26d,,unreviewed,unreviewed,global_cls__c10__source0p5,pair_letterbox_cls_patch__c100__source0p5__blend0p25,pairwise_conditional_logit_blend,pair_letterbox_cls_patch,100.0,0.5,0.25,0.019664687353280277,0.000342353691745991,0.004104614903533061,0.0027669183630290527,0.9731214256884115
img_0be10f50431fb9ac,selection_conditional_full_development_oof_v2,dataset_dev/05_kosiv_ceramics/k331.jpg,05_kosiv_ceramics,05_kosiv_ceramics,True,0.9113386768559744,05_kosiv_ceramics,02_ornek,01_opishnyan_ceramics,2,train,obj_single_0be10f50431fb9ac,,unreviewed,unreviewed,global_cls__c10__source0p5,pair_letterbox_cls_patch__c100__source0p5__blend0p25,pairwise_conditional_logit_blend,pair_letterbox_cls_patch,100.0,0.5,0.25,0.009226529840676418,0.07235882347903679,0.0053435256985205825,0.0017324441257919238,0.9113386768559744
img_a6d6c6d6bbec743d,selection_conditional_full_development_oof_v2,dataset_dev/05_kosiv_ceramics/k332.jpg,05_kosiv_ceramics,05_kosiv_ceramics,True,0.9851714400237822,05_kosiv_ceramics,01_opishnyan_ceramics,02_ornek,2,train,obj_single_a6d6c6d6bbec743d,,unreviewed,unreviewed,global_cls__c10__source0p5,pair_letterbox_cls_patch__c100__source0p5__blend0p25,pairwise_conditional_logit_blend,pair_letterbox_cls_patch,100.0,0.5,0.25,0.0052153870389580834,0.005010643872006592,0.004459063265744597,0.00014346579950856754,0.9851714400237822
img_01a5cbc2b8962f3f,selection_conditional_full_development_oof_v2,dataset_dev/05_kosiv_ceramics/k333.jpg,05_kosiv_ceramics,05_kosiv_ceramics,True,0.9456567694075673,05_kosiv_ceramics,01_opishnyan_ceramics,02_ornek,0,train,obj_single_01a5cbc2b8962f3f,,unreviewed,unreviewed,global_cls__c10__source0p5,pair_letterbox_cls_patch__c100__source0p5__blend0p25,pairwise_conditional_logit_blend,pair_letterbox_cls_patch,100.0,0.5,0.25,0.022415616573911307,0.02083244373801011,0.009412278027741845,0.0016828922527694372,0.9456567694075673
img_de21505ba41a5488,selection_conditional_full_development_oof_v2,dataset_dev/05_kosiv_ceramics/k335.jpg,05_kosiv_ceramics,05_kosiv_ceramics,True,0.8351753745650172,05_kosiv_ceramics,01_opishnyan_ceramics,02_ornek,3,train,obj_single_de21505ba41a5488,,unreviewed,unreviewed,global_cls__c10__source0p5,pair_letterbox_cls_patch__c100__source0p5__blend0p25,pairwise_conditional_logit_blend,pair_letterbox_cls_patch,100.0,0.5,0.25,0.13419078321604755,0.017501462496632612,0.010177039042872094,0.0029553406794304827,0.8351753745650172
img_421ad8aaddaa695f,selection_conditional_full_development_oof_v2,dataset_dev/05_kosiv_ceramics/k336.jpg,05_kosiv_ceramics,05_kosiv_ceramics,True,0.9879500601103837,05_kosiv_ceramics,01_opishnyan_ceramics,02_ornek,2,train,obj_single_421ad8aaddaa695f,,unreviewed,unreviewed,global_cls__c10__source0p5,pair_letterbox_cls_patch__c100__source0p5__blend0p25,pairwise_conditional_logit_blend,pair_letterbox_cls_patch,100.0,0.5,0.25,0.009054354305279557,0.0015233429701187813,0.0012279156265839171,0.00024432698763397407,0.9879500601103837
img_fbbdc1cea19664d0,selection_conditional_full_development_oof_v2,dataset_dev/05_kosiv_ceramics/k338.jpg,05_kosiv_ceramics,05_kosiv_ceramics,True,0.9685060674203465,05_kosiv_ceramics,02_ornek,03_bubnivka_ceramics,1,train,obj_single_fbbdc1cea19664d0,,unreviewed,unreviewed,global_cls__c10__source0p5,pair_letterbox_cls_patch__c100__source0p5__blend0p25,pairwise_conditional_logit_blend,pair_letterbox_cls_patch,100.0,0.5,0.25,0.0018672336208496263,0.013166000297995115,0.012743485363569009,0.003717213297239727,0.9685060674203465
img_bf69f51456873da4,selection_conditional_full_development_oof_v2,dataset_dev/05_kosiv_ceramics/k340.jpg,05_kosiv_ceramics,05_kosiv_ceramics,True,0.9768876042808816,05_kosiv_ceramics,04_petrykivka_painting,02_ornek,2,train,obj_single_bf69f51456873da4,,unreviewed,unreviewed,global_cls__c10__source0p5,pair_letterbox_cls_patch__c100__source0p5__blend0p25,pairwise_conditional_logit_blend,pair_letterbox_cls_patch,100.0,0.5,0.25,0.0022542604955034695,0.0031740585289729826,0.002176611149647591,0.015507465544994216,0.9768876042808816
img_f6af8ddd164fe54e,selection_conditional_full_development_oof_v2,dataset_dev/05_kosiv_ceramics/k342.jpg,05_kosiv_ceramics,05_kosiv_ceramics,True,0.9433256220599747,05_kosiv_ceramics,02_ornek,01_opishnyan_ceramics,0,train,obj_single_f6af8ddd164fe54e,,unreviewed,unreviewed,global_cls__c10__source0p5,pair_letterbox_cls_patch__c100__source0p5__blend0p25,pairwise_conditional_logit_blend,pair_letterbox_cls_patch,100.0,0.5,0.25,0.017042448777660178,0.032610405759226475,0.0007230381097436228,0.006298485293394936,0.9433256220599747
img_81e4ef6ec5339de5,selection_conditional_full_development_oof_v2,dataset_dev/05_kosiv_ceramics/k343.jpg,05_kosiv_ceramics,05_kosiv_ceramics,True,0.9651833939500664,05_kosiv_ceramics,02_ornek,01_opishnyan_ceramics,0,train,obj_single_81e4ef6ec5339de5,,unreviewed,unreviewed,global_cls__c10__source0p5,pair_letterbox_cls_patch__c100__source0p5__blend0p25,pairwise_conditional_logit_blend,pair_letterbox_cls_patch,100.0,0.5,0.25,0.005311952660011347,0.023876319542164074,0.000913956775232804,0.00471437707252556,0.9651833939500664
img_24b9801c86d566a1,selection_conditional_full_development_oof_v2,dataset_dev/05_kosiv_ceramics/k344.jpg,05_kosiv_ceramics,05_kosiv_ceramics,True,0.9129135020677959,05_kosiv_ceramics,01_opishnyan_ceramics,04_petrykivka_painting,2,train,obj_single_24b9801c86d566a1,,unreviewed,unreviewed,global_cls__c10__source0p5,pair_letterbox_cls_patch__c100__source0p5__blend0p25,pairwise_conditional_logit_blend,pair_letterbox_cls_patch,100.0,0.5,0.25,0.07474673920530567,0.002760706727464827,0.0010547471536328078,0.008524304845800891,0.9129135020677959
img_fb1e1cd2b047e251,selection_conditional_full_development_oof_v2,dataset_dev/05_kosiv_ceramics/k345.jpg,05_kosiv_ceramics,05_kosiv_ceramics,True,0.9512725577053408,05_kosiv_ceramics,04_petrykivka_painting,02_ornek,2,train,obj_single_fb1e1cd2b047e251,,unreviewed,unreviewed,global_cls__c10__source0p5,pair_letterbox_cls_patch__c100__source0p5__blend0p25,pairwise_conditional_logit_blend,pair_letterbox_cls_patch,100.0,0.5,0.25,0.005572012208448488,0.011262556425934352,0.005677584623839345,0.02621528903643698,0.9512725577053408
img_217bcdfb3dca7589,selection_conditional_full_development_oof_v2,dataset_dev/05_kosiv_ceramics/k346.jpg,05_kosiv_ceramics,05_kosiv_ceramics,True,0.9830030702746724,05_kosiv_ceramics,04_petrykivka_painting,03_bubnivka_ceramics,1,train,obj_single_217bcdfb3dca7589,,unreviewed,unreviewed,global_cls__c10__source0p5,pair_letterbox_cls_patch__c100__source0p5__blend0p25,pairwise_conditional_logit_blend,pair_letterbox_cls_patch,100.0,0.5,0.25,0.00015669574538184968,0.002415313067461544,0.004705245541686853,0.009719675370797412,0.9830030702746724
img_f8eb5d4616be79f0,selection_conditional_full_development_oof_v2,dataset_dev/05_kosiv_ceramics/k348.jpg,05_kosiv_ceramics,05_kosiv_ceramics,True,0.9339807881703914,05_kosiv_ceramics,01_opishnyan_ceramics,04_petrykivka_painting,0,train,obj_single_f8eb5d4616be79f0,,unreviewed,unreviewed,global_cls__c10__source0p5,pair_letterbox_cls_patch__c100__source0p5__blend0p25,pairwise_conditional_logit_blend,pair_letterbox_cls_patch,100.0,0.5,0.25,0.04409727292466654,0.00140093009759048,0.002832535803385456,0.017688473003966042,0.9339807881703914
img_5bcbd48076d05a46,selection_conditional_full_development_oof_v2,dataset_dev/05_kosiv_ceramics/k349.jpg,05_kosiv_ceramics,05_kosiv_ceramics,True,0.9902327341743006,05_kosiv_ceramics,02_ornek,04_petrykivka_painting,2,train,obj_single_5bcbd48076d05a46,,unreviewed,unreviewed,global_cls__c10__source0p5,pair_letterbox_cls_patch__c100__source0p5__blend0p25,pairwise_conditional_logit_blend,pair_letterbox_cls_patch,100.0,0.5,0.25,6.782291665947878e-05,0.005349942205428017,0.001815868573413265,0.0025336321301986505,0.9902327341743006
img_87728b397f2091f6,selection_conditional_full_development_oof_v2,dataset_dev/05_kosiv_ceramics/k351.jpg,05_kosiv_ceramics,05_kosiv_ceramics,True,0.9971225470871293,05_kosiv_ceramics,04_petrykivka_painting,01_opishnyan_ceramics,2,train,obj_single_87728b397f2091f6,,unreviewed,unreviewed,global_cls__c10__source0p5,pair_letterbox_cls_patch__c100__source0p5__blend0p25,pairwise_conditional_logit_blend,pair_letterbox_cls_patch,100.0,0.5,0.25,0.0006848580522010434,0.0006518975864464403,0.00023907179895846616,0.0013016254752646634,0.9971225470871293
img_5d977d2ec0fa2a1c,selection_conditional_full_development_oof_v2,dataset_dev/05_kosiv_ceramics/k353.jpg,05_kosiv_ceramics,05_kosiv_ceramics,True,0.9852174636670207,05_kosiv_ceramics,01_opishnyan_ceramics,02_ornek,1,train,obj_single_5d977d2ec0fa2a1c,,unreviewed,unreviewed,global_cls__c10__source0p5,pair_letterbox_cls_patch__c100__source0p5__blend0p25,pairwise_conditional_logit_blend,pair_letterbox_cls_patch,100.0,0.5,0.25,0.005550348173001682,0.005408191258031033,0.0012901093271923305,0.0025338875747543833,0.9852174636670207
img_e06c9dcb9bfdf427,selection_conditional_full_development_oof_v2,dataset_dev/05_kosiv_ceramics/k354.jpg,05_kosiv_ceramics,05_kosiv_ceramics,True,0.7614418311926281,05_kosiv_ceramics,03_bubnivka_ceramics,01_opishnyan_ceramics,3,train,srcgrp_fde3339b0158efdf,src_global_kos_huclia_watermark,unreviewed,unreviewed,global_cls__c10__source0p5,pair_letterbox_cls_patch__c100__source0p5__blend0p25,pairwise_conditional_logit_blend,pair_letterbox_cls_patch,100.0,0.5,0.25,0.0854698510999818,0.04378596256135266,0.09649841032106925,0.012803944824968242,0.7614418311926281
img_a07ac3c295ebf731,selection_conditional_full_development_oof_v2,dataset_dev/05_kosiv_ceramics/k355.jpg,05_kosiv_ceramics,05_kosiv_ceramics,True,0.8480193816023566,05_kosiv_ceramics,01_opishnyan_ceramics,03_bubnivka_ceramics,3,train,srcgrp_fde3339b0158efdf,src_global_kos_huclia_watermark,unreviewed,unreviewed,global_cls__c10__source0p5,pair_letterbox_cls_patch__c100__source0p5__blend0p25,pairwise_conditional_logit_blend,pair_letterbox_cls_patch,100.0,0.5,0.25,0.13368639217680758,0.002025391366278551,0.01372643108691473,0.002542403767642548,0.8480193816023566
img_27e5a8e5c679e3e8,selection_conditional_full_development_oof_v2,dataset_dev/05_kosiv_ceramics/k356.jpg,05_kosiv_ceramics,05_kosiv_ceramics,True,0.7329936912468524,05_kosiv_ceramics,02_ornek,03_bubnivka_ceramics,3,train,srcgrp_fde3339b0158efdf,src_global_kos_huclia_watermark,unreviewed,unreviewed,global_cls__c10__source0p5,pair_letterbox_cls_patch__c100__source0p5__blend0p25,pairwise_conditional_logit_blend,pair_letterbox_cls_patch,100.0,0.5,0.25,0.002307480634001052,0.20256610526550056,0.055171008677723246,0.006961714175922696,0.7329936912468524
img_72082c222c67ebf1,selection_conditional_full_development_oof_v2,dataset_test/05_kosiv_ceramics/k027.jpg,05_kosiv_ceramics,05_kosiv_ceramics,True,0.9739683330747905,05_kosiv_ceramics,02_ornek,01_opishnyan_ceramics,1,train,obj_single_72082c222c67ebf1,,unreviewed,unreviewed,global_cls__c10__source0p5,pair_letterbox_cls_patch__c100__source0p5__blend0p25,pairwise_conditional_logit_blend,pair_letterbox_cls_patch,100.0,0.5,0.25,0.009067902762542443,0.014203678861589058,0.0017428271306652976,0.0010172581704126155,0.9739683330747905
img_89144b17bc916ae6,selection_conditional_full_development_oof_v2,dataset_test/05_kosiv_ceramics/k040.jpg,05_kosiv_ceramics,05_kosiv_ceramics,True,0.8589679797920016,05_kosiv_ceramics,02_ornek,01_opishnyan_ceramics,3,train,obj_single_89144b17bc916ae6,,unreviewed,unreviewed,global_cls__c10__source0p5,pair_letterbox_cls_patch__c100__source0p5__blend0p25,pairwise_conditional_logit_blend,pair_letterbox_cls_patch,100.0,0.5,0.25,0.05463927834138822,0.06793865826251604,0.015619842085494785,0.002834241518599374,0.8589679797920016
img_c0b455399eb23f25,selection_conditional_full_development_oof_v2,dataset_test/05_kosiv_ceramics/k043.jpg,05_kosiv_ceramics,05_kosiv_ceramics,True,0.9066389186178302,05_kosiv_ceramics,03_bubnivka_ceramics,01_opishnyan_ceramics,0,train,obj_single_c0b455399eb23f25,,unreviewed,unreviewed,global_cls__c10__source0p5,pair_letterbox_cls_patch__c100__source0p5__blend0p25,pairwise_conditional_logit_blend,pair_letterbox_cls_patch,100.0,0.5,0.25,0.03048090527932675,0.013865248973109208,0.04195631813044458,0.0070586089992891975,0.9066389186178302
img_158fb7a42031f244,selection_conditional_full_development_oof_v2,dataset_test/05_kosiv_ceramics/k047.jpg,05_kosiv_ceramics,05_kosiv_ceramics,True,0.9082268344963852,05_kosiv_ceramics,04_petrykivka_painting,02_ornek,4,validation,srcgrp_48f4ed28de700f87,src_global_kos_textile_archive,unreviewed,unreviewed,global_cls__c10__source0p5,pair_letterbox_cls_patch__c100__source0p5__blend0p25,pairwise_conditional_logit_blend,pair_letterbox_cls_patch,100.0,0.5,0.25,0.012135010684655835,0.027289618513929966,0.02214359338886306,0.030204942916165985,0.9082268344963852
img_e3f2f852fc35c1cb,selection_conditional_full_development_oof_v2,dataset_test/05_kosiv_ceramics/k050.jpg,05_kosiv_ceramics,05_kosiv_ceramics,True,0.9632552734564634,05_kosiv_ceramics,03_bubnivka_ceramics,04_petrykivka_painting,4,validation,srcgrp_48f4ed28de700f87,src_global_kos_textile_archive,unreviewed,unreviewed,global_cls__c10__source0p5,pair_letterbox_cls_patch__c100__source0p5__blend0p25,pairwise_conditional_logit_blend,pair_letterbox_cls_patch,100.0,0.5,0.25,0.004251843149416562,0.006324699395124924,0.01861637983946658,0.007551804159528407,0.9632552734564634
img_2cc414501e658a97,selection_conditional_full_development_oof_v2,dataset_test/05_kosiv_ceramics/k053.jpg,05_kosiv_ceramics,05_kosiv_ceramics,True,0.9167307780735888,05_kosiv_ceramics,03_bubnivka_ceramics,04_petrykivka_painting,4,validation,srcgrp_48f4ed28de700f87,src_global_kos_textile_archive,unreviewed,unreviewed,global_cls__c10__source0p5,pair_letterbox_cls_patch__c100__source0p5__blend0p25,pairwise_conditional_logit_blend,pair_letterbox_cls_patch,100.0,0.5,0.25,0.0024128975252977573,0.009090233937607476,0.051265264153840986,0.02050082630966503,0.9167307780735888
img_4c16cda8808d74c9,selection_conditional_full_development_oof_v2,dataset_test/05_kosiv_ceramics/k056.jpg,05_kosiv_ceramics,05_kosiv_ceramics,True,0.8027585875787767,05_kosiv_ceramics,04_petrykivka_painting,03_bubnivka_ceramics,4,validation,srcgrp_48f4ed28de700f87,src_global_kos_textile_archive,unreviewed,unreviewed,global_cls__c10__source0p5,pair_letterbox_cls_patch__c100__source0p5__blend0p25,pairwise_conditional_logit_blend,pair_letterbox_cls_patch,100.0,0.5,0.25,0.0038965015130912337,0.01850365268691842,0.03884541031732628,0.1359958479038874,0.8027585875787767
img_7a4dcae3b0eee6a7,selection_conditional_full_development_oof_v2,dataset_test/05_kosiv_ceramics/k058.jpg,05_kosiv_ceramics,05_kosiv_ceramics,True,0.9270156616878653,05_kosiv_ceramics,01_opishnyan_ceramics,02_ornek,4,validation,srcgrp_48f4ed28de700f87,src_global_kos_textile_archive,unreviewed,unreviewed,global_cls__c10__source0p5,pair_letterbox_cls_patch__c100__source0p5__blend0p25,pairwise_conditional_logit_blend,pair_letterbox_cls_patch,100.0,0.5,0.25,0.053763464381045914,0.009199482765731081,0.007783181893869535,0.0022382092714881958,0.9270156616878653
img_09cfabacf9980d12,selection_conditional_full_development_oof_v2,dataset_test/05_kosiv_ceramics/k060.jpg,05_kosiv_ceramics,05_kosiv_ceramics,True,0.9868539738017447,05_kosiv_ceramics,01_opishnyan_ceramics,02_ornek,4,validation,srcgrp_48f4ed28de700f87,src_global_kos_textile_archive,unreviewed,unreviewed,global_cls__c10__source0p5,pair_letterbox_cls_patch__c100__source0p5__blend0p25,pairwise_conditional_logit_blend,pair_letterbox_cls_patch,100.0,0.5,0.25,0.008250815967663062,0.00273822465326072,0.00018150147643615028,0.0019754841008954717,0.9868539738017447
img_2652b703562fab1a,selection_conditional_full_development_oof_v2,dataset_test/05_kosiv_ceramics/k064.jpg,05_kosiv_ceramics,05_kosiv_ceramics,True,0.946481495313873,05_kosiv_ceramics,04_petrykivka_painting,03_bubnivka_ceramics,4,validation,srcgrp_48f4ed28de700f87,src_global_kos_textile_archive,unreviewed,unreviewed,global_cls__c10__source0p5,pair_letterbox_cls_patch__c100__source0p5__blend0p25,pairwise_conditional_logit_blend,pair_letterbox_cls_patch,100.0,0.5,0.25,0.0024159966745329452,0.012342143470725821,0.013127663517467214,0.02563270102340092,0.946481495313873
img_cefe8d0773792e2d,selection_conditional_full_development_oof_v2,dataset_test/05_kosiv_ceramics/k071.jpg,05_kosiv_ceramics,05_kosiv_ceramics,True,0.9952805314045486,05_kosiv_ceramics,02_ornek,04_petrykivka_painting,0,train,obj_single_cefe8d0773792e2d,,unreviewed,unreviewed,global_cls__c10__source0p5,pair_letterbox_cls_patch__c100__source0p5__blend0p25,pairwise_conditional_logit_blend,pair_letterbox_cls_patch,100.0,0.5,0.25,0.001071965110333301,0.0020593226059602656,0.0003673817909084857,0.0012207990882493525,0.9952805314045486
img_86f63a8da35ed635,selection_conditional_full_development_oof_v2,dataset_test/05_kosiv_ceramics/k087.jpg,05_kosiv_ceramics,05_kosiv_ceramics,True,0.6761491948603677,05_kosiv_ceramics,01_opishnyan_ceramics,03_bubnivka_ceramics,3,train,obj_single_86f63a8da35ed635,,unreviewed,unreviewed,global_cls__c10__source0p5,pair_letterbox_cls_patch__c100__source0p5__blend0p25,pairwise_conditional_logit_blend,pair_letterbox_cls_patch,100.0,0.5,0.25,0.2889422819651446,0.00032822668210486823,0.022897163484400428,0.011683133007982429,0.6761491948603677
img_1cfec80078d31420,selection_conditional_full_development_oof_v2,dataset_test/05_kosiv_ceramics/k099.jpg,05_kosiv_ceramics,05_kosiv_ceramics,True,0.8896123169055858,05_kosiv_ceramics,04_petrykivka_painting,03_bubnivka_ceramics,1,train,obj_single_1cfec80078d31420,,unreviewed,unreviewed,global_cls__c10__source0p5,pair_letterbox_cls_patch__c100__source0p5__blend0p25,pairwise_conditional_logit_blend,pair_letterbox_cls_patch,100.0,0.5,0.25,0.00047159756933551523,0.025106039899753168,0.03283654957475342,0.0519734960505721,0.8896123169055858
img_99f1e661ab23999b,selection_conditional_full_development_oof_v2,dataset_test/05_kosiv_ceramics/k101.jpg,05_kosiv_ceramics,05_kosiv_ceramics,True,0.9431339392214783,05_kosiv_ceramics,02_ornek,01_opishnyan_ceramics,0,train,obj_single_99f1e661ab23999b,,unreviewed,unreviewed,global_cls__c10__source0p5,pair_letterbox_cls_patch__c100__source0p5__blend0p25,pairwise_conditional_logit_blend,pair_letterbox_cls_patch,100.0,0.5,0.25,0.01882679271330486,0.028280496837606292,0.005142001430548659,0.004616769797061847,0.9431339392214783
img_f829c54a8d6fa33b,selection_conditional_full_development_oof_v2,dataset_test/05_kosiv_ceramics/k104.jpg,05_kosiv_ceramics,05_kosiv_ceramics,True,0.8751412150522003,05_kosiv_ceramics,01_opishnyan_ceramics,04_petrykivka_painting,3,train,obj_single_f829c54a8d6fa33b,,unreviewed,unreviewed,global_cls__c10__source0p5,pair_letterbox_cls_patch__c100__source0p5__blend0p25,pairwise_conditional_logit_blend,pair_letterbox_cls_patch,100.0,0.5,0.25,0.10849323927092318,0.006225210890040909,0.0020891538784556687,0.008051180908379989,0.8751412150522003
img_129d3629c4da0654,selection_conditional_full_development_oof_v2,dataset_test/05_kosiv_ceramics/k106.jpg,05_kosiv_ceramics,05_kosiv_ceramics,True,0.9467273793652029,05_kosiv_ceramics,02_ornek,01_opishnyan_ceramics,0,train,obj_single_129d3629c4da0654,,unreviewed,unreviewed,global_cls__c10__source0p5,pair_letterbox_cls_patch__c100__source0p5__blend0p25,pairwise_conditional_logit_blend,pair_letterbox_cls_patch,100.0,0.5,0.25,0.01522471005729327,0.026502294597137398,0.0031361057246659936,0.008409510255700433,0.9467273793652029
img_5d6c87612fcb3062,selection_conditional_full_development_oof_v2,dataset_test/05_kosiv_ceramics/k148.jpg,05_kosiv_ceramics,01_opishnyan_ceramics,False,0.5099219915990598,01_opishnyan_ceramics,03_bubnivka_ceramics,02_ornek,4,validation,srcgrp_12d0f482c0fc3b5c,src_global_kos_shop_camera_series,unreviewed,unreviewed,global_cls__c10__source0p5,pair_letterbox_cls_patch__c100__source0p5__blend0p25,pairwise_conditional_logit_blend,pair_letterbox_cls_patch,100.0,0.5,0.25,0.5099219915990598,0.17120087535214432,0.2723645728145226,0.024850785753774144,0.021661774480499354
img_e6d4b3a26d3f9243,selection_conditional_full_development_oof_v2,dataset_test/05_kosiv_ceramics/k150.jpg,05_kosiv_ceramics,05_kosiv_ceramics,True,0.9184053690013215,05_kosiv_ceramics,01_opishnyan_ceramics,03_bubnivka_ceramics,4,validation,srcgrp_12d0f482c0fc3b5c,src_global_kos_shop_camera_series,unreviewed,unreviewed,global_cls__c10__source0p5,pair_letterbox_cls_patch__c100__source0p5__blend0p25,pairwise_conditional_logit_blend,pair_letterbox_cls_patch,100.0,0.5,0.25,0.02916106293398033,0.02049580295846556,0.02732484761821836,0.0046129174880141805,0.9184053690013215
img_d5e8754e07c1a3fa,selection_conditional_full_development_oof_v2,dataset_test/05_kosiv_ceramics/k151.jpg,05_kosiv_ceramics,05_kosiv_ceramics,True,0.8243704445242529,05_kosiv_ceramics,02_ornek,03_bubnivka_ceramics,4,validation,srcgrp_12d0f482c0fc3b5c,src_global_kos_shop_camera_series,unreviewed,unreviewed,global_cls__c10__source0p5,pair_letterbox_cls_patch__c100__source0p5__blend0p25,pairwise_conditional_logit_blend,pair_letterbox_cls_patch,100.0,0.5,0.25,0.023338065217490475,0.11790014041429821,0.025841770099840983,0.008549579744117315,0.8243704445242529
img_aae41be814cbb150,selection_conditional_full_development_oof_v2,dataset_test/05_kosiv_ceramics/k152.jpg,05_kosiv_ceramics,05_kosiv_ceramics,True,0.9242062954563133,05_kosiv_ceramics,01_opishnyan_ceramics,03_bubnivka_ceramics,4,validation,srcgrp_12d0f482c0fc3b5c,src_global_kos_shop_camera_series,unreviewed,unreviewed,global_cls__c10__source0p5,pair_letterbox_cls_patch__c100__source0p5__blend0p25,pairwise_conditional_logit_blend,pair_letterbox_cls_patch,100.0,0.5,0.25,0.02982066943299073,0.017455173354305135,0.022264338963935332,0.006253522792455459,0.9242062954563133
img_7f8a922470a69e7e,selection_conditional_full_development_oof_v2,dataset_test/05_kosiv_ceramics/k153.jpg,05_kosiv_ceramics,05_kosiv_ceramics,True,0.914954480486313,05_kosiv_ceramics,03_bubnivka_ceramics,02_ornek,4,validation,srcgrp_12d0f482c0fc3b5c,src_global_kos_shop_camera_series,unreviewed,unreviewed,global_cls__c10__source0p5,pair_letterbox_cls_patch__c100__source0p5__blend0p25,pairwise_conditional_logit_blend,pair_letterbox_cls_patch,100.0,0.5,0.25,0.019680826936924294,0.023170239587478852,0.023439201632470028,0.01875525135681375,0.914954480486313
img_20dcec7f5102c585,selection_conditional_full_development_oof_v2,dataset_test/05_kosiv_ceramics/k154.jpg,05_kosiv_ceramics,05_kosiv_ceramics,True,0.9251445427996491,05_kosiv_ceramics,03_bubnivka_ceramics,02_ornek,4,validation,srcgrp_12d0f482c0fc3b5c,src_global_kos_shop_camera_series,unreviewed,unreviewed,global_cls__c10__source0p5,pair_letterbox_cls_patch__c100__source0p5__blend0p25,pairwise_conditional_logit_blend,pair_letterbox_cls_patch,100.0,0.5,0.25,0.0031438476068815454,0.010271473177199317,0.05435067301071558,0.007089463405554509,0.9251445427996491
img_4e3a243306ff927f,selection_conditional_full_development_oof_v2,dataset_test/05_kosiv_ceramics/k155.jpg,05_kosiv_ceramics,05_kosiv_ceramics,True,0.9800354306205175,05_kosiv_ceramics,03_bubnivka_ceramics,01_opishnyan_ceramics,4,validation,srcgrp_12d0f482c0fc3b5c,src_global_kos_shop_camera_series,unreviewed,unreviewed,global_cls__c10__source0p5,pair_letterbox_cls_patch__c100__source0p5__blend0p25,pairwise_conditional_logit_blend,pair_letterbox_cls_patch,100.0,0.5,0.25,0.003971375935142292,0.0026314486300566832,0.010865517731445527,0.0024962270828380474,0.9800354306205175
img_3a265a633dc99ef7,selection_conditional_full_development_oof_v2,dataset_test/05_kosiv_ceramics/k156.jpg,05_kosiv_ceramics,05_kosiv_ceramics,True,0.9669109340671247,05_kosiv_ceramics,04_petrykivka_painting,03_bubnivka_ceramics,4,validation,srcgrp_12d0f482c0fc3b5c,src_global_kos_shop_camera_series,unreviewed,unreviewed,global_cls__c10__source0p5,pair_letterbox_cls_patch__c100__source0p5__blend0p25,pairwise_conditional_logit_blend,pair_letterbox_cls_patch,100.0,0.5,0.25,0.0004343746633027961,0.002629612684875065,0.005675878004178889,0.02434920058051845,0.9669109340671247
img_dab3277408ff152d,selection_conditional_full_development_oof_v2,dataset_test/05_kosiv_ceramics/k157.jpg,05_kosiv_ceramics,05_kosiv_ceramics,True,0.8418443521665255,05_kosiv_ceramics,03_bubnivka_ceramics,01_opishnyan_ceramics,4,validation,srcgrp_12d0f482c0fc3b5c,src_global_kos_shop_camera_series,unreviewed,unreviewed,global_cls__c10__source0p5,pair_letterbox_cls_patch__c100__source0p5__blend0p25,pairwise_conditional_logit_blend,pair_letterbox_cls_patch,100.0,0.5,0.25,0.0315009128719604,0.028827870489887816,0.08294640647273947,0.014880457998886909,0.8418443521665255
img_dbd965cbdc9dfc00,selection_conditional_full_development_oof_v2,dataset_test/05_kosiv_ceramics/k159.jpg,05_kosiv_ceramics,05_kosiv_ceramics,True,0.9977579931327101,05_kosiv_ceramics,02_ornek,03_bubnivka_ceramics,4,validation,srcgrp_12d0f482c0fc3b5c,src_global_kos_shop_camera_series,unreviewed,unreviewed,global_cls__c10__source0p5,pair_letterbox_cls_patch__c100__source0p5__blend0p25,pairwise_conditional_logit_blend,pair_letterbox_cls_patch,100.0,0.5,0.25,0.0004767656712506204,0.0007190876222838195,0.0005322917876573309,0.0005138617860981256,0.9977579931327101
img_9bddb217195e1edd,selection_conditional_full_development_oof_v2,dataset_test/05_kosiv_ceramics/k160.jpg,05_kosiv_ceramics,05_kosiv_ceramics,True,0.9960253006494304,05_kosiv_ceramics,01_opishnyan_ceramics,03_bubnivka_ceramics,4,validation,srcgrp_12d0f482c0fc3b5c,src_global_kos_shop_camera_series,unreviewed,unreviewed,global_cls__c10__source0p5,pair_letterbox_cls_patch__c100__source0p5__blend0p25,pairwise_conditional_logit_blend,pair_letterbox_cls_patch,100.0,0.5,0.25,0.001974440056342803,0.0003152157555698583,0.0013121918499015034,0.0003728516887553526,0.9960253006494304
img_e12e95b8fd287161,selection_conditional_full_development_oof_v2,dataset_test/05_kosiv_ceramics/k161.jpg,05_kosiv_ceramics,05_kosiv_ceramics,True,0.9735156869271574,05_kosiv_ceramics,03_bubnivka_ceramics,01_opishnyan_ceramics,4,validation,srcgrp_12d0f482c0fc3b5c,src_global_kos_shop_camera_series,unreviewed,unreviewed,global_cls__c10__source0p5,pair_letterbox_cls_patch__c100__source0p5__blend0p25,pairwise_conditional_logit_blend,pair_letterbox_cls_patch,100.0,0.5,0.25,0.009797987256124414,0.0028369726341901627,0.01243989688361708,0.0014094562989108775,0.9735156869271574
img_f6d1b745bd681e96,selection_conditional_full_development_oof_v2,dataset_test/05_kosiv_ceramics/k162.jpg,05_kosiv_ceramics,05_kosiv_ceramics,True,0.9940440878267685,05_kosiv_ceramics,03_bubnivka_ceramics,02_ornek,4,validation,srcgrp_12d0f482c0fc3b5c,src_global_kos_shop_camera_series,unreviewed,unreviewed,global_cls__c10__source0p5,pair_letterbox_cls_patch__c100__source0p5__blend0p25,pairwise_conditional_logit_blend,pair_letterbox_cls_patch,100.0,0.5,0.25,9.614852000738421e-05,0.002603471201244605,0.0026273886423858832,0.0006289038095936032,0.9940440878267685
img_5dcd9a0e95cf7c89,selection_conditional_full_development_oof_v2,dataset_test/05_kosiv_ceramics/k163.jpg,05_kosiv_ceramics,05_kosiv_ceramics,True,0.8818426522331683,05_kosiv_ceramics,02_ornek,03_bubnivka_ceramics,4,validation,srcgrp_12d0f482c0fc3b5c,src_global_kos_shop_camera_series,unreviewed,unreviewed,global_cls__c10__source0p5,pair_letterbox_cls_patch__c100__source0p5__blend0p25,pairwise_conditional_logit_blend,pair_letterbox_cls_patch,100.0,0.5,0.25,0.017150058933356808,0.04722714732997754,0.03902653968433891,0.014753601819158503,0.8818426522331683
img_d57ea5189e712ada,selection_conditional_full_development_oof_v2,dataset_test/05_kosiv_ceramics/k164.jpg,05_kosiv_ceramics,05_kosiv_ceramics,True,0.4759060249183311,05_kosiv_ceramics,01_opishnyan_ceramics,03_bubnivka_ceramics,4,validation,srcgrp_12d0f482c0fc3b5c,src_global_kos_shop_camera_series,unreviewed,unreviewed,global_cls__c10__source0p5,pair_letterbox_cls_patch__c100__source0p5__blend0p25,pairwise_conditional_logit_blend,pair_letterbox_cls_patch,100.0,0.5,0.25,0.4665397312737032,0.008120708253555426,0.0449501161869571,0.004483419367453056,0.4759060249183311
img_1f3486ba26633e08,selection_conditional_full_development_oof_v2,dataset_test/05_kosiv_ceramics/k166.jpg,05_kosiv_ceramics,05_kosiv_ceramics,True,0.7755970565717298,05_kosiv_ceramics,02_ornek,03_bubnivka_ceramics,4,validation,srcgrp_12d0f482c0fc3b5c,src_global_kos_shop_camera_series,unreviewed,unreviewed,global_cls__c10__source0p5,pair_letterbox_cls_patch__c100__source0p5__blend0p25,pairwise_conditional_logit_blend,pair_letterbox_cls_patch,100.0,0.5,0.25,0.0017380854178780688,0.1581733571290212,0.06095942296707449,0.003532077914296335,0.7755970565717298
img_3d892fc243d7f9f8,selection_conditional_full_development_oof_v2,dataset_test/05_kosiv_ceramics/k167.jpg,05_kosiv_ceramics,05_kosiv_ceramics,True,0.9721326123148135,05_kosiv_ceramics,04_petrykivka_painting,03_bubnivka_ceramics,4,validation,srcgrp_12d0f482c0fc3b5c,src_global_kos_shop_camera_series,unreviewed,unreviewed,global_cls__c10__source0p5,pair_letterbox_cls_patch__c100__source0p5__blend0p25,pairwise_conditional_logit_blend,pair_letterbox_cls_patch,100.0,0.5,0.25,0.00024731141318013085,0.001901141722753862,0.0071372909958343144,0.018581643553418178,0.9721326123148135
img_3c2c657b67cd141e,selection_conditional_full_development_oof_v2,dataset_test/05_kosiv_ceramics/k168.jpg,05_kosiv_ceramics,05_kosiv_ceramics,True,0.9975979774958483,05_kosiv_ceramics,03_bubnivka_ceramics,01_opishnyan_ceramics,4,validation,srcgrp_12d0f482c0fc3b5c,src_global_kos_shop_camera_series,unreviewed,unreviewed,global_cls__c10__source0p5,pair_letterbox_cls_patch__c100__source0p5__blend0p25,pairwise_conditional_logit_blend,pair_letterbox_cls_patch,100.0,0.5,0.25,0.0006461575309464271,0.000350014776542637,0.0011654368037376669,0.0002404133929247862,0.9975979774958483
img_269d00339df856ae,selection_conditional_full_development_oof_v2,dataset_test/05_kosiv_ceramics/k169.jpg,05_kosiv_ceramics,05_kosiv_ceramics,True,0.9895420683778272,05_kosiv_ceramics,03_bubnivka_ceramics,01_opishnyan_ceramics,4,validation,srcgrp_12d0f482c0fc3b5c,src_global_kos_shop_camera_series,unreviewed,unreviewed,global_cls__c10__source0p5,pair_letterbox_cls_patch__c100__source0p5__blend0p25,pairwise_conditional_logit_blend,pair_letterbox_cls_patch,100.0,0.5,0.25,0.003498801237017516,0.001332436533888586,0.004824309478298119,0.0008023843729685072,0.9895420683778272
img_1ad2f7efb115b706,selection_conditional_full_development_oof_v2,dataset_test/05_kosiv_ceramics/k174.jpg,05_kosiv_ceramics,05_kosiv_ceramics,True,0.5670069821414531,05_kosiv_ceramics,03_bubnivka_ceramics,01_opishnyan_ceramics,2,train,obj_single_1ad2f7efb115b706,,unreviewed,unreviewed,global_cls__c10__source0p5,pair_letterbox_cls_patch__c100__source0p5__blend0p25,pairwise_conditional_logit_blend,pair_letterbox_cls_patch,100.0,0.5,0.25,0.11396981945648456,0.011356379075497856,0.23928110553509022,0.06838571379147425,0.5670069821414531
img_a9d5594ccb55fd31,selection_conditional_full_development_oof_v2,dataset_test/05_kosiv_ceramics/k175.jpg,05_kosiv_ceramics,05_kosiv_ceramics,True,0.9089376922320794,05_kosiv_ceramics,02_ornek,04_petrykivka_painting,2,train,obj_single_a9d5594ccb55fd31,,unreviewed,unreviewed,global_cls__c10__source0p5,pair_letterbox_cls_patch__c100__source0p5__blend0p25,pairwise_conditional_logit_blend,pair_letterbox_cls_patch,100.0,0.5,0.25,0.0011979445166352472,0.05239190220942668,0.004140124865823291,0.03333233617603529,0.9089376922320794
img_053aad3cf470da05,selection_conditional_full_development_oof_v2,dataset_test/05_kosiv_ceramics/k178.jpg,05_kosiv_ceramics,05_kosiv_ceramics,True,0.9709009999302928,05_kosiv_ceramics,01_opishnyan_ceramics,02_ornek,2,train,obj_single_053aad3cf470da05,,unreviewed,unreviewed,global_cls__c10__source0p5,pair_letterbox_cls_patch__c100__source0p5__blend0p25,pairwise_conditional_logit_blend,pair_letterbox_cls_patch,100.0,0.5,0.25,0.018642579833284156,0.006880835187211226,0.0017967450123955492,0.001778840036816224,0.9709009999302928
img_1cc5a27ab305ce25,selection_conditional_full_development_oof_v2,dataset_test/05_kosiv_ceramics/k179.jpg,05_kosiv_ceramics,05_kosiv_ceramics,True,0.9644327817099096,05_kosiv_ceramics,04_petrykivka_painting,02_ornek,0,train,obj_single_1cc5a27ab305ce25,,unreviewed,unreviewed,global_cls__c10__source0p5,pair_letterbox_cls_patch__c100__source0p5__blend0p25,pairwise_conditional_logit_blend,pair_letterbox_cls_patch,100.0,0.5,0.25,0.005984584294551057,0.008817837020625071,0.00410473980476495,0.016660057170149328,0.9644327817099096
img_f6fbde5afe4d384b,selection_conditional_full_development_oof_v2,dataset_test/05_kosiv_ceramics/k181.jpg,05_kosiv_ceramics,05_kosiv_ceramics,True,0.8803735454215771,05_kosiv_ceramics,01_opishnyan_ceramics,03_bubnivka_ceramics,0,train,obj_single_f6fbde5afe4d384b,,unreviewed,unreviewed,global_cls__c10__source0p5,pair_letterbox_cls_patch__c100__source0p5__blend0p25,pairwise_conditional_logit_blend,pair_letterbox_cls_patch,100.0,0.5,0.25,0.10216358395828125,0.005028771491399551,0.007267311065536567,0.005166788063205619,0.8803735454215771
img_e394401ef1f7be81,selection_conditional_full_development_oof_v2,dataset_test/05_kosiv_ceramics/k183.jpg,05_kosiv_ceramics,05_kosiv_ceramics,True,0.9832078122828184,05_kosiv_ceramics,03_bubnivka_ceramics,01_opishnyan_ceramics,2,train,obj_single_e394401ef1f7be81,,unreviewed,unreviewed,global_cls__c10__source0p5,pair_letterbox_cls_patch__c100__source0p5__blend0p25,pairwise_conditional_logit_blend,pair_letterbox_cls_patch,100.0,0.5,0.25,0.0029597418061273937,0.0008605783062618948,0.010032702949720475,0.0029391646550719712,0.9832078122828184
img_11777d2610a65ccb,selection_conditional_full_development_oof_v2,dataset_test/05_kosiv_ceramics/k184.jpg,05_kosiv_ceramics,05_kosiv_ceramics,True,0.8657156727310104,05_kosiv_ceramics,02_ornek,04_petrykivka_painting,1,train,obj_single_11777d2610a65ccb,,unreviewed,unreviewed,global_cls__c10__source0p5,pair_letterbox_cls_patch__c100__source0p5__blend0p25,pairwise_conditional_logit_blend,pair_letterbox_cls_patch,100.0,0.5,0.25,0.012694994242056577,0.05493989470930479,0.012364867310976978,0.05428457100665115,0.8657156727310104
img_4f45f36d5c7bbbce,selection_conditional_full_development_oof_v2,dataset_test/05_kosiv_ceramics/k185.jpg,05_kosiv_ceramics,05_kosiv_ceramics,True,0.9834231703203565,05_kosiv_ceramics,01_opishnyan_ceramics,03_bubnivka_ceramics,1,train,obj_single_4f45f36d5c7bbbce,,unreviewed,unreviewed,global_cls__c10__source0p5,pair_letterbox_cls_patch__c100__source0p5__blend0p25,pairwise_conditional_logit_blend,pair_letterbox_cls_patch,100.0,0.5,0.25,0.007656264315696053,0.0035816505874711655,0.005002595286107052,0.00033631949036934806,0.9834231703203565
img_2ff6b3f71fde67c8,selection_conditional_full_development_oof_v2,dataset_test/05_kosiv_ceramics/k186.jpg,05_kosiv_ceramics,05_kosiv_ceramics,True,0.9029333135736669,05_kosiv_ceramics,01_opishnyan_ceramics,02_ornek,3,train,obj_single_2ff6b3f71fde67c8,,unreviewed,unreviewed,global_cls__c10__source0p5,pair_letterbox_cls_patch__c100__source0p5__blend0p25,pairwise_conditional_logit_blend,pair_letterbox_cls_patch,100.0,0.5,0.25,0.06774663633701859,0.018611810481502702,0.004412086650795919,0.00629615295701585,0.9029333135736669
img_fc60b69e36143a46,selection_conditional_full_development_oof_v2,dataset_test/05_kosiv_ceramics/k188.jpg,05_kosiv_ceramics,05_kosiv_ceramics,True,0.7188068344926337,05_kosiv_ceramics,02_ornek,01_opishnyan_ceramics,0,train,obj_single_fc60b69e36143a46,,unreviewed,unreviewed,global_cls__c10__source0p5,pair_letterbox_cls_patch__c100__source0p5__blend0p25,pairwise_conditional_logit_blend,pair_letterbox_cls_patch,100.0,0.5,0.25,0.06961000656516554,0.1943660505284225,0.008267491739157693,0.00894961667462054,0.7188068344926337
img_b5851be025112e53,selection_conditional_full_development_oof_v2,dataset_test/05_kosiv_ceramics/k192.jpg,05_kosiv_ceramics,05_kosiv_ceramics,True,0.8677504239778498,05_kosiv_ceramics,01_opishnyan_ceramics,03_bubnivka_ceramics,0,train,obj_single_b5851be025112e53,,unreviewed,unreviewed,global_cls__c10__source0p5,pair_letterbox_cls_patch__c100__source0p5__blend0p25,pairwise_conditional_logit_blend,pair_letterbox_cls_patch,100.0,0.5,0.25,0.10157391538453697,0.009376146358208527,0.01716444489811417,0.004135069381290415,0.8677504239778498
img_33ac2374afd538f7,selection_conditional_full_development_oof_v2,dataset_test/05_kosiv_ceramics/k193.jpg,05_kosiv_ceramics,05_kosiv_ceramics,True,0.8973333176793149,05_kosiv_ceramics,04_petrykivka_painting,03_bubnivka_ceramics,3,train,obj_single_33ac2374afd538f7,,unreviewed,unreviewed,global_cls__c10__source0p5,pair_letterbox_cls_patch__c100__source0p5__blend0p25,pairwise_conditional_logit_blend,pair_letterbox_cls_patch,100.0,0.5,0.25,0.026467227125137473,0.016352025450106188,0.02884042734986426,0.031007002395577177,0.8973333176793149
img_623af1a2af0e4c6b,selection_conditional_full_development_oof_v2,dataset_test/05_kosiv_ceramics/k194.jpg,05_kosiv_ceramics,05_kosiv_ceramics,True,0.9347522548594683,05_kosiv_ceramics,01_opishnyan_ceramics,02_ornek,4,train,obj_single_623af1a2af0e4c6b,,unreviewed,unreviewed,global_cls__c10__source0p5,pair_letterbox_cls_patch__c100__source0p5__blend0p25,pairwise_conditional_logit_blend,pair_letterbox_cls_patch,100.0,0.5,0.25,0.022611172406608357,0.019548414460024588,0.014841039709633262,0.008247118564265464,0.9347522548594683
img_a4bad939a8fd5f87,selection_conditional_full_development_oof_v2,dataset_test/05_kosiv_ceramics/k196.jpg,05_kosiv_ceramics,05_kosiv_ceramics,True,0.9383751176556336,05_kosiv_ceramics,02_ornek,04_petrykivka_painting,2,train,obj_single_a4bad939a8fd5f87,,unreviewed,unreviewed,global_cls__c10__source0p5,pair_letterbox_cls_patch__c100__source0p5__blend0p25,pairwise_conditional_logit_blend,pair_letterbox_cls_patch,100.0,0.5,0.25,0.009412749611458437,0.02811445604845513,0.0042931924489253755,0.019804484235527275,0.9383751176556336
img_9762e3d047d12218,selection_conditional_full_development_oof_v2,dataset_test/05_kosiv_ceramics/k199.jpg,05_kosiv_ceramics,05_kosiv_ceramics,True,0.5190943237992678,05_kosiv_ceramics,01_opishnyan_ceramics,02_ornek,2,train,obj_single_9762e3d047d12218,,unreviewed,unreviewed,global_cls__c10__source0p5,pair_letterbox_cls_patch__c100__source0p5__blend0p25,pairwise_conditional_logit_blend,pair_letterbox_cls_patch,100.0,0.5,0.25,0.31787254728375414,0.10415103987470369,0.03150696869746129,0.02737512034481313,0.5190943237992678
img_70af808a4ce4079e,selection_conditional_full_development_oof_v2,dataset_test/05_kosiv_ceramics/k200.jpg,05_kosiv_ceramics,05_kosiv_ceramics,True,0.8311901623205038,05_kosiv_ceramics,01_opishnyan_ceramics,03_bubnivka_ceramics,3,train,obj_single_70af808a4ce4079e,,unreviewed,unreviewed,global_cls__c10__source0p5,pair_letterbox_cls_patch__c100__source0p5__blend0p25,pairwise_conditional_logit_blend,pair_letterbox_cls_patch,100.0,0.5,0.25,0.12364169517754751,0.005765710734221803,0.030066932843882028,0.009335498923844734,0.8311901623205038
img_9da79d107c989b7f,selection_conditional_full_development_oof_v2,dataset_test/05_kosiv_ceramics/k201.jpg,05_kosiv_ceramics,05_kosiv_ceramics,True,0.9547323834306777,05_kosiv_ceramics,02_ornek,04_petrykivka_painting,1,train,obj_single_9da79d107c989b7f,,unreviewed,unreviewed,global_cls__c10__source0p5,pair_letterbox_cls_patch__c100__source0p5__blend0p25,pairwise_conditional_logit_blend,pair_letterbox_cls_patch,100.0,0.5,0.25,0.0016987138267010682,0.03658647139219312,0.002865844415913794,0.004116586934514325,0.9547323834306777
img_02d87e9553342db8,selection_conditional_full_development_oof_v2,dataset_test/05_kosiv_ceramics/k208.jpg,05_kosiv_ceramics,05_kosiv_ceramics,True,0.9907244935357999,05_kosiv_ceramics,02_ornek,03_bubnivka_ceramics,4,train,obj_single_02d87e9553342db8,,unreviewed,unreviewed,global_cls__c10__source0p5,pair_letterbox_cls_patch__c100__source0p5__blend0p25,pairwise_conditional_logit_blend,pair_letterbox_cls_patch,100.0,0.5,0.25,0.0012463461532583183,0.005153768360242588,0.0021732037531019366,0.0007021881975972598,0.9907244935357999
img_a8b877aea7d82313,selection_conditional_full_development_oof_v2,dataset_test/05_kosiv_ceramics/k209.jpg,05_kosiv_ceramics,05_kosiv_ceramics,True,0.9939116730959583,05_kosiv_ceramics,01_opishnyan_ceramics,03_bubnivka_ceramics,2,train,obj_single_a8b877aea7d82313,,unreviewed,unreviewed,global_cls__c10__source0p5,pair_letterbox_cls_patch__c100__source0p5__blend0p25,pairwise_conditional_logit_blend,pair_letterbox_cls_patch,100.0,0.5,0.25,0.0035191205980142476,0.0008550549518382376,0.0012823007224061164,0.00043185063178324655,0.9939116730959583
img_d2c343f68ab9fc15,selection_conditional_full_development_oof_v2,dataset_test/05_kosiv_ceramics/k213.jpg,05_kosiv_ceramics,05_kosiv_ceramics,True,0.9769450050470552,05_kosiv_ceramics,02_ornek,04_petrykivka_painting,3,train,obj_single_d2c343f68ab9fc15,,unreviewed,unreviewed,global_cls__c10__source0p5,pair_letterbox_cls_patch__c100__source0p5__blend0p25,pairwise_conditional_logit_blend,pair_letterbox_cls_patch,100.0,0.5,0.25,0.0001371246979708204,0.011601502427857905,0.00158511105793664,0.009731256769179419,0.9769450050470552
img_73cbf55283e55981,selection_conditional_full_development_oof_v2,dataset_test/05_kosiv_ceramics/k216.jpg,05_kosiv_ceramics,05_kosiv_ceramics,True,0.9691181803088453,05_kosiv_ceramics,04_petrykivka_painting,02_ornek,0,train,obj_single_73cbf55283e55981,,unreviewed,unreviewed,global_cls__c10__source0p5,pair_letterbox_cls_patch__c100__source0p5__blend0p25,pairwise_conditional_logit_blend,pair_letterbox_cls_patch,100.0,0.5,0.25,0.006047272225933933,0.0070157318654400615,0.00347151534302976,0.014347300256751011,0.9691181803088453
img_a6e559fe1ad4f2b9,selection_conditional_full_development_oof_v2,dataset_test/05_kosiv_ceramics/k218.jpg,05_kosiv_ceramics,05_kosiv_ceramics,True,0.5837380262852692,05_kosiv_ceramics,04_petrykivka_painting,02_ornek,2,train,obj_single_a6e559fe1ad4f2b9,,unreviewed,unreviewed,global_cls__c10__source0p5,pair_letterbox_cls_patch__c100__source0p5__blend0p25,pairwise_conditional_logit_blend,pair_letterbox_cls_patch,100.0,0.5,0.25,0.0381487264937097,0.1071740559038349,0.08045896249472932,0.19048022882245685,0.5837380262852692
img_3b4225477cb8df9b,selection_conditional_full_development_oof_v2,dataset_test/05_kosiv_ceramics/k220.jpg,05_kosiv_ceramics,05_kosiv_ceramics,True,0.8005624367322141,05_kosiv_ceramics,03_bubnivka_ceramics,04_petrykivka_painting,3,train,obj_single_3b4225477cb8df9b,,unreviewed,unreviewed,global_cls__c10__source0p5,pair_letterbox_cls_patch__c100__source0p5__blend0p25,pairwise_conditional_logit_blend,pair_letterbox_cls_patch,100.0,0.5,0.25,0.018081541085402452,0.006095836267690659,0.11491851149953909,0.060341674415153757,0.8005624367322141
img_cae64157ffb161c9,selection_conditional_full_development_oof_v2,dataset_test/05_kosiv_ceramics/k226.jpg,05_kosiv_ceramics,05_kosiv_ceramics,True,0.9734389052507079,05_kosiv_ceramics,03_bubnivka_ceramics,04_petrykivka_painting,2,train,obj_single_cae64157ffb161c9,,unreviewed,unreviewed,global_cls__c10__source0p5,pair_letterbox_cls_patch__c100__source0p5__blend0p25,pairwise_conditional_logit_blend,pair_letterbox_cls_patch,100.0,0.5,0.25,0.0032099368419065744,0.005086403750747545,0.012014930892593235,0.006249823264044818,0.9734389052507079
img_580e7a490e020633,selection_conditional_full_development_oof_v2,dataset_test/05_kosiv_ceramics/k227.jpg,05_kosiv_ceramics,05_kosiv_ceramics,True,0.9794498575514038,05_kosiv_ceramics,03_bubnivka_ceramics,04_petrykivka_painting,4,train,obj_single_580e7a490e020633,,unreviewed,unreviewed,global_cls__c10__source0p5,pair_letterbox_cls_patch__c100__source0p5__blend0p25,pairwise_conditional_logit_blend,pair_letterbox_cls_patch,100.0,0.5,0.25,0.0001303519353084028,0.002560577508279227,0.012592573145233975,0.005266639859774623,0.9794498575514038
img_35d4c855ea6cdc48,selection_conditional_full_development_oof_v2,dataset_test/05_kosiv_ceramics/k234.jpg,05_kosiv_ceramics,05_kosiv_ceramics,True,0.9555874050815975,05_kosiv_ceramics,01_opishnyan_ceramics,03_bubnivka_ceramics,2,train,obj_single_35d4c855ea6cdc48,,unreviewed,unreviewed,global_cls__c10__source0p5,pair_letterbox_cls_patch__c100__source0p5__blend0p25,pairwise_conditional_logit_blend,pair_letterbox_cls_patch,100.0,0.5,0.25,0.03645077969459851,0.001599643652525425,0.005130751118595687,0.0012314204526830386,0.9555874050815975
img_3298c8064efe8a1a,selection_conditional_full_development_oof_v2,dataset_test/05_kosiv_ceramics/k235.jpg,05_kosiv_ceramics,05_kosiv_ceramics,True,0.9568446120892773,05_kosiv_ceramics,01_opishnyan_ceramics,03_bubnivka_ceramics,0,train,obj_single_3298c8064efe8a1a,,unreviewed,unreviewed,global_cls__c10__source0p5,pair_letterbox_cls_patch__c100__source0p5__blend0p25,pairwise_conditional_logit_blend,pair_letterbox_cls_patch,100.0,0.5,0.25,0.020406737696358326,0.008471589515499365,0.012147202514764066,0.002129858184101058,0.9568446120892773
img_200288969134e2f6,selection_conditional_full_development_oof_v2,dataset_test/05_kosiv_ceramics/k239.jpg,05_kosiv_ceramics,05_kosiv_ceramics,True,0.9966988598669729,05_kosiv_ceramics,04_petrykivka_painting,01_opishnyan_ceramics,1,train,obj_single_200288969134e2f6,,unreviewed,unreviewed,global_cls__c10__source0p5,pair_letterbox_cls_patch__c100__source0p5__blend0p25,pairwise_conditional_logit_blend,pair_letterbox_cls_patch,100.0,0.5,0.25,0.0005126951500876237,0.0004858053177537453,7.12549364514215e-05,0.0022313847287343145,0.9966988598669729
img_5c51690a99ef9e12,selection_conditional_full_development_oof_v2,dataset_test/05_kosiv_ceramics/k242.jpg,05_kosiv_ceramics,05_kosiv_ceramics,True,0.6645354700202286,05_kosiv_ceramics,02_ornek,04_petrykivka_painting,1,train,obj_single_5c51690a99ef9e12,,unreviewed,unreviewed,global_cls__c10__source0p5,pair_letterbox_cls_patch__c100__source0p5__blend0p25,pairwise_conditional_logit_blend,pair_letterbox_cls_patch,100.0,0.5,0.25,0.015233991638547497,0.2078240132971843,0.03061883139705754,0.08178769364698213,0.6645354700202286
img_dbea5716fa572e6b,selection_conditional_full_development_oof_v2,dataset_test/05_kosiv_ceramics/k248.jpg,05_kosiv_ceramics,05_kosiv_ceramics,True,0.9254414369543184,05_kosiv_ceramics,01_opishnyan_ceramics,02_ornek,1,train,obj_single_dbea5716fa572e6b,,unreviewed,unreviewed,global_cls__c10__source0p5,pair_letterbox_cls_patch__c100__source0p5__blend0p25,pairwise_conditional_logit_blend,pair_letterbox_cls_patch,100.0,0.5,0.25,0.047120971664379264,0.01986064020707263,0.006144411574299905,0.001432539599929811,0.9254414369543184
img_b440bf29adbcd007,selection_conditional_full_development_oof_v2,dataset_test/05_kosiv_ceramics/k251.jpg,05_kosiv_ceramics,05_kosiv_ceramics,True,0.7484889122396187,05_kosiv_ceramics,01_opishnyan_ceramics,04_petrykivka_painting,2,train,obj_single_b440bf29adbcd007,,unreviewed,unreviewed,global_cls__c10__source0p5,pair_letterbox_cls_patch__c100__source0p5__blend0p25,pairwise_conditional_logit_blend,pair_letterbox_cls_patch,100.0,0.5,0.25,0.24477063198710822,0.0010341080922306456,0.0012546232793500972,0.004451724401692354,0.7484889122396187
img_55041a435915ac3a,selection_conditional_full_development_oof_v2,dataset_test/05_kosiv_ceramics/k257.jpg,05_kosiv_ceramics,05_kosiv_ceramics,True,0.9537303451861846,05_kosiv_ceramics,03_bubnivka_ceramics,04_petrykivka_painting,0,train,obj_single_55041a435915ac3a,,unreviewed,unreviewed,global_cls__c10__source0p5,pair_letterbox_cls_patch__c100__source0p5__blend0p25,pairwise_conditional_logit_blend,pair_letterbox_cls_patch,100.0,0.5,0.25,0.0041661820402392824,0.005025884366749312,0.022574223340734403,0.014503365066092419,0.9537303451861846
img_30cdee5e9354ba6b,selection_conditional_full_development_oof_v2,dataset_test/05_kosiv_ceramics/k265.jpg,05_kosiv_ceramics,05_kosiv_ceramics,True,0.9221480056848119,05_kosiv_ceramics,01_opishnyan_ceramics,03_bubnivka_ceramics,3,train,obj_single_30cdee5e9354ba6b,,unreviewed,unreviewed,global_cls__c10__source0p5,pair_letterbox_cls_patch__c100__source0p5__blend0p25,pairwise_conditional_logit_blend,pair_letterbox_cls_patch,100.0,0.5,0.25,0.06419624825168216,0.002076620132114324,0.0059496945177689945,0.005629431413622467,0.9221480056848119
img_015c8244bc7ef19f,selection_conditional_full_development_oof_v2,dataset_test/05_kosiv_ceramics/k266.jpg,05_kosiv_ceramics,05_kosiv_ceramics,True,0.9882733478484982,05_kosiv_ceramics,04_petrykivka_painting,02_ornek,1,train,obj_single_015c8244bc7ef19f,,unreviewed,unreviewed,global_cls__c10__source0p5,pair_letterbox_cls_patch__c100__source0p5__blend0p25,pairwise_conditional_logit_blend,pair_letterbox_cls_patch,100.0,0.5,0.25,0.0022306984492804745,0.0027722323637147136,0.002146765914466015,0.004576955424040662,0.9882733478484982
img_d16c62829ff8b96e,selection_conditional_full_development_oof_v2,dataset_test/05_kosiv_ceramics/k267.jpg,05_kosiv_ceramics,05_kosiv_ceramics,True,0.9070514371333119,05_kosiv_ceramics,02_ornek,04_petrykivka_painting,0,train,obj_single_d16c62829ff8b96e,,unreviewed,unreviewed,global_cls__c10__source0p5,pair_letterbox_cls_patch__c100__source0p5__blend0p25,pairwise_conditional_logit_blend,pair_letterbox_cls_patch,100.0,0.5,0.25,0.009844582448270656,0.06533917677453023,0.0038403144580956153,0.013924489185791485,0.9070514371333119
img_b90a1cc9c970f1d7,selection_conditional_full_development_oof_v2,dataset_test/05_kosiv_ceramics/k276.jpg,05_kosiv_ceramics,05_kosiv_ceramics,True,0.9726122420048744,05_kosiv_ceramics,03_bubnivka_ceramics,01_opishnyan_ceramics,1,train,obj_single_b90a1cc9c970f1d7,,unreviewed,unreviewed,global_cls__c10__source0p5,pair_letterbox_cls_patch__c100__source0p5__blend0p25,pairwise_conditional_logit_blend,pair_letterbox_cls_patch,100.0,0.5,0.25,0.0076342282597214334,0.007113492237472894,0.012152814180251627,0.0004872233176797032,0.9726122420048744
img_1ab7b1da4253dfa0,selection_conditional_full_development_oof_v2,dataset_test/05_kosiv_ceramics/k283.jpg,05_kosiv_ceramics,05_kosiv_ceramics,True,0.9801551680833391,05_kosiv_ceramics,01_opishnyan_ceramics,04_petrykivka_painting,3,train,obj_single_1ab7b1da4253dfa0,,unreviewed,unreviewed,global_cls__c10__source0p5,pair_letterbox_cls_patch__c100__source0p5__blend0p25,pairwise_conditional_logit_blend,pair_letterbox_cls_patch,100.0,0.5,0.25,0.007120171825272731,0.002742422856704561,0.003204410398881475,0.0067778268358019925,0.9801551680833391
img_fcbbd76cd2c09a70,selection_conditional_full_development_oof_v2,dataset_test/05_kosiv_ceramics/k293.jpg,05_kosiv_ceramics,05_kosiv_ceramics,True,0.9704516719866322,05_kosiv_ceramics,01_opishnyan_ceramics,02_ornek,2,train,obj_single_fcbbd76cd2c09a70,,unreviewed,unreviewed,global_cls__c10__source0p5,pair_letterbox_cls_patch__c100__source0p5__blend0p25,pairwise_conditional_logit_blend,pair_letterbox_cls_patch,100.0,0.5,0.25,0.009468120770902526,0.008590644939238784,0.0042520292401292585,0.007237533063097325,0.9704516719866322
img_44c3ee7526aca5c7,selection_conditional_full_development_oof_v2,dataset_test/05_kosiv_ceramics/k297.jpg,05_kosiv_ceramics,05_kosiv_ceramics,True,0.8878080254225721,05_kosiv_ceramics,01_opishnyan_ceramics,03_bubnivka_ceramics,4,train,obj_single_44c3ee7526aca5c7,,unreviewed,unreviewed,global_cls__c10__source0p5,pair_letterbox_cls_patch__c100__source0p5__blend0p25,pairwise_conditional_logit_blend,pair_letterbox_cls_patch,100.0,0.5,0.25,0.07982139558553095,0.0029009510395157072,0.021936487136500253,0.0075331408158809555,0.8878080254225721
img_8a25312d7b11aeaa,selection_conditional_full_development_oof_v2,dataset_test/05_kosiv_ceramics/k300.jpg,05_kosiv_ceramics,05_kosiv_ceramics,True,0.989420482322224,05_kosiv_ceramics,01_opishnyan_ceramics,03_bubnivka_ceramics,0,train,obj_single_8a25312d7b11aeaa,,unreviewed,unreviewed,global_cls__c10__source0p5,pair_letterbox_cls_patch__c100__source0p5__blend0p25,pairwise_conditional_logit_blend,pair_letterbox_cls_patch,100.0,0.5,0.25,0.006347555821906971,0.0010303332293727845,0.002417997216025692,0.0007836314104706285,0.989420482322224
img_fe68871f75add030,selection_conditional_full_development_oof_v2,dataset_test/05_kosiv_ceramics/k304.jpg,05_kosiv_ceramics,05_kosiv_ceramics,True,0.9594999585425081,05_kosiv_ceramics,04_petrykivka_painting,03_bubnivka_ceramics,0,train,obj_single_fe68871f75add030,,unreviewed,unreviewed,global_cls__c10__source0p5,pair_letterbox_cls_patch__c100__source0p5__blend0p25,pairwise_conditional_logit_blend,pair_letterbox_cls_patch,100.0,0.5,0.25,0.0007881487727078304,0.0059981955356060365,0.012100679816618174,0.021613017332559756,0.9594999585425081
img_6cdeef4c30dac3d6,selection_conditional_full_development_oof_v2,dataset_test/05_kosiv_ceramics/k310.jpg,05_kosiv_ceramics,05_kosiv_ceramics,True,0.9763479220722797,05_kosiv_ceramics,04_petrykivka_painting,01_opishnyan_ceramics,1,train,obj_single_6cdeef4c30dac3d6,,unreviewed,unreviewed,global_cls__c10__source0p5,pair_letterbox_cls_patch__c100__source0p5__blend0p25,pairwise_conditional_logit_blend,pair_letterbox_cls_patch,100.0,0.5,0.25,0.008695634585244971,0.002386002373275629,0.0015668792032261939,0.011003561765973497,0.9763479220722797
img_1a7e1856ba5f6c0c,selection_conditional_full_development_oof_v2,dataset_test/05_kosiv_ceramics/k312.jpg,05_kosiv_ceramics,05_kosiv_ceramics,True,0.9205635380414109,05_kosiv_ceramics,02_ornek,04_petrykivka_painting,0,train,obj_single_1a7e1856ba5f6c0c,,unreviewed,unreviewed,global_cls__c10__source0p5,pair_letterbox_cls_patch__c100__source0p5__blend0p25,pairwise_conditional_logit_blend,pair_letterbox_cls_patch,100.0,0.5,0.25,0.000680670840658002,0.046332607088205476,0.004851937004891121,0.027571247024834492,0.9205635380414109
img_87e0555e321a5c0a,selection_conditional_full_development_oof_v2,dataset_test/05_kosiv_ceramics/k313.jpg,05_kosiv_ceramics,05_kosiv_ceramics,True,0.982769146883811,05_kosiv_ceramics,01_opishnyan_ceramics,04_petrykivka_painting,1,train,obj_single_87e0555e321a5c0a,,unreviewed,unreviewed,global_cls__c10__source0p5,pair_letterbox_cls_patch__c100__source0p5__blend0p25,pairwise_conditional_logit_blend,pair_letterbox_cls_patch,100.0,0.5,0.25,0.011591980327246834,0.0006506308037442915,0.0023636404375975114,0.002624601547600484,0.982769146883811
img_fcd495fa73e5847a,selection_conditional_full_development_oof_v2,dataset_test/05_kosiv_ceramics/k314.jpg,05_kosiv_ceramics,05_kosiv_ceramics,True,0.9927959809256701,05_kosiv_ceramics,01_opishnyan_ceramics,03_bubnivka_ceramics,2,train,obj_single_fcd495fa73e5847a,,unreviewed,unreviewed,global_cls__c10__source0p5,pair_letterbox_cls_patch__c100__source0p5__blend0p25,pairwise_conditional_logit_blend,pair_letterbox_cls_patch,100.0,0.5,0.25,0.003912001101339038,0.0013021981757124269,0.001640172583173154,0.0003496472141053578,0.9927959809256701
img_fea70f7921e640e4,selection_conditional_full_development_oof_v2,dataset_test/05_kosiv_ceramics/k329.jpg,05_kosiv_ceramics,05_kosiv_ceramics,True,0.9222747038496079,05_kosiv_ceramics,01_opishnyan_ceramics,03_bubnivka_ceramics,1,train,obj_single_fea70f7921e640e4,,unreviewed,unreviewed,global_cls__c10__source0p5,pair_letterbox_cls_patch__c100__source0p5__blend0p25,pairwise_conditional_logit_blend,pair_letterbox_cls_patch,100.0,0.5,0.25,0.07063499325992965,0.00173513406029117,0.002867286104219474,0.0024878827259518584,0.9222747038496079
img_04f86fb60aac54a1,selection_conditional_full_development_oof_v2,dataset_test/05_kosiv_ceramics/k334.jpg,05_kosiv_ceramics,05_kosiv_ceramics,True,0.8094980884679214,05_kosiv_ceramics,03_bubnivka_ceramics,02_ornek,2,train,obj_single_04f86fb60aac54a1,,unreviewed,unreviewed,global_cls__c10__source0p5,pair_letterbox_cls_patch__c100__source0p5__blend0p25,pairwise_conditional_logit_blend,pair_letterbox_cls_patch,100.0,0.5,0.25,0.04901484440843914,0.06801178001297065,0.06888083775241322,0.004594449358255639,0.8094980884679214
img_fba17471d011b288,selection_conditional_full_development_oof_v2,dataset_test/05_kosiv_ceramics/k337.jpg,05_kosiv_ceramics,05_kosiv_ceramics,True,0.9339077615469313,05_kosiv_ceramics,01_opishnyan_ceramics,02_ornek,0,train,obj_single_fba17471d011b288,,unreviewed,unreviewed,global_cls__c10__source0p5,pair_letterbox_cls_patch__c100__source0p5__blend0p25,pairwise_conditional_logit_blend,pair_letterbox_cls_patch,100.0,0.5,0.25,0.0270702715955381,0.02062931906058143,0.017593920427103418,0.0007987273698457634,0.9339077615469313
img_665e1d08c64ac662,selection_conditional_full_development_oof_v2,dataset_test/05_kosiv_ceramics/k339.jpg,05_kosiv_ceramics,05_kosiv_ceramics,True,0.9884003133382963,05_kosiv_ceramics,04_petrykivka_painting,03_bubnivka_ceramics,1,train,obj_single_665e1d08c64ac662,,unreviewed,unreviewed,global_cls__c10__source0p5,pair_letterbox_cls_patch__c100__source0p5__blend0p25,pairwise_conditional_logit_blend,pair_letterbox_cls_patch,100.0,0.5,0.25,0.0007307282407933775,0.00039234541090076366,0.0019774759057915197,0.008499137104218093,0.9884003133382963
img_6dec71e49cf7af63,selection_conditional_full_development_oof_v2,dataset_test/05_kosiv_ceramics/k341.jpg,05_kosiv_ceramics,05_kosiv_ceramics,True,0.9850281708550155,05_kosiv_ceramics,03_bubnivka_ceramics,02_ornek,3,train,obj_single_6dec71e49cf7af63,,unreviewed,unreviewed,global_cls__c10__source0p5,pair_letterbox_cls_patch__c100__source0p5__blend0p25,pairwise_conditional_logit_blend,pair_letterbox_cls_patch,100.0,0.5,0.25,0.0024638491948445933,0.004248225583475426,0.007435368701555998,0.0008243856651084474,0.9850281708550155
img_b359a31c0f32b18c,selection_conditional_full_development_oof_v2,dataset_test/05_kosiv_ceramics/k347.jpg,05_kosiv_ceramics,05_kosiv_ceramics,True,0.9565984099914286,05_kosiv_ceramics,01_opishnyan_ceramics,04_petrykivka_painting,0,train,obj_single_b359a31c0f32b18c,,unreviewed,unreviewed,global_cls__c10__source0p5,pair_letterbox_cls_patch__c100__source0p5__blend0p25,pairwise_conditional_logit_blend,pair_letterbox_cls_patch,100.0,0.5,0.25,0.03759540348576184,0.0001719334995668581,0.0025040117903280903,0.003130241232914473,0.9565984099914286
img_18cc2797f6a63030,selection_conditional_full_development_oof_v2,dataset_test/05_kosiv_ceramics/k350.jpg,05_kosiv_ceramics,05_kosiv_ceramics,True,0.9816471726980316,05_kosiv_ceramics,02_ornek,03_bubnivka_ceramics,3,train,obj_single_18cc2797f6a63030,,unreviewed,unreviewed,global_cls__c10__source0p5,pair_letterbox_cls_patch__c100__source0p5__blend0p25,pairwise_conditional_logit_blend,pair_letterbox_cls_patch,100.0,0.5,0.25,0.004396592572736706,0.006845429722503587,0.006199952458817181,0.0009108525479108866,0.9816471726980316
img_9158bbc730443cd0,selection_conditional_full_development_oof_v2,dataset_test/05_kosiv_ceramics/k352.jpg,05_kosiv_ceramics,05_kosiv_ceramics,True,0.7603468967525236,05_kosiv_ceramics,02_ornek,03_bubnivka_ceramics,0,train,obj_single_9158bbc730443cd0,,unreviewed,unreviewed,global_cls__c10__source0p5,pair_letterbox_cls_patch__c100__source0p5__blend0p25,pairwise_conditional_logit_blend,pair_letterbox_cls_patch,100.0,0.5,0.25,0.0048076801339220375,0.18783246809023962,0.029201908222054342,0.01781104680126024,0.7603468967525236
img_03b5715718c2c557,selection_conditional_full_development_oof_v2,dataset_test/05_kosiv_ceramics/k357.jpg,05_kosiv_ceramics,05_kosiv_ceramics,True,0.95857860696289,05_kosiv_ceramics,01_opishnyan_ceramics,03_bubnivka_ceramics,3,train,srcgrp_fde3339b0158efdf,src_global_kos_huclia_watermark,unreviewed,unreviewed,global_cls__c10__source0p5,pair_letterbox_cls_patch__c100__source0p5__blend0p25,pairwise_conditional_logit_blend,pair_letterbox_cls_patch,100.0,0.5,0.25,0.03277856643854708,0.00380246365037431,0.004304362160531839,0.000536000787656805,0.95857860696289
img_c0afa7e699efe4d2,selection_conditional_full_development_oof_v2,dataset_test/05_kosiv_ceramics/k358.jpg,05_kosiv_ceramics,05_kosiv_ceramics,True,0.46080708325417047,05_kosiv_ceramics,02_ornek,01_opishnyan_ceramics,3,train,srcgrp_fde3339b0158efdf,src_global_kos_huclia_watermark,unreviewed,unreviewed,global_cls__c10__source0p5,pair_letterbox_cls_patch__c100__source0p5__blend0p25,pairwise_conditional_logit_blend,pair_letterbox_cls_patch,100.0,0.5,0.25,0.07261894090615736,0.42447730910616627,0.006624792262486541,0.03547187447101939,0.46080708325417047
img_d37a4c5484b60c3b,selection_conditional_full_development_oof_v2,dataset_test/05_kosiv_ceramics/k359.jpg,05_kosiv_ceramics,05_kosiv_ceramics,True,0.9079360779476695,05_kosiv_ceramics,01_opishnyan_ceramics,03_bubnivka_ceramics,3,train,srcgrp_fde3339b0158efdf,src_global_kos_huclia_watermark,unreviewed,unreviewed,global_cls__c10__source0p5,pair_letterbox_cls_patch__c100__source0p5__blend0p25,pairwise_conditional_logit_blend,pair_letterbox_cls_patch,100.0,0.5,0.25,0.06200129194062752,0.008150342868051844,0.01999204001799365,0.0019202472256574733,0.9079360779476695
img_509f9404953676b3,selection_conditional_full_development_oof_v2,dataset_test/05_kosiv_ceramics/k360.jpg,05_kosiv_ceramics,05_kosiv_ceramics,True,0.9552927350827123,05_kosiv_ceramics,03_bubnivka_ceramics,01_opishnyan_ceramics,0,train,obj_single_509f9404953676b3,,unreviewed,unreviewed,global_cls__c10__source0p5,pair_letterbox_cls_patch__c100__source0p5__blend0p25,pairwise_conditional_logit_blend,pair_letterbox_cls_patch,100.0,0.5,0.25,0.010723046372100885,0.0019617371425890064,0.030415529859205058,0.001606951543392805,0.9552927350827123
