image_id,evaluation_status,relative_path,true_class,predicted_class,is_correct,uncalibrated_max_probability,top_1_class,top_2_class,top_3_class,cv_fold,production_split,source_atomic_split_group_id,source_atomic_cohort_ids,object_type,motif_visibility,selected_base_configuration_id,selected_motif_configuration_id,motif_descriptor,motif_c_value,motif_applied,probability_01_opishnyan_ceramics,probability_02_ornek,probability_03_bubnivka_ceramics,probability_04_petrykivka_painting,probability_05_kosiv_ceramics
img_db1291f981873646,selection_conditional_full_development_oof_v4,dataset_dev/01_opishnyan_ceramics/o065.jpg,01_opishnyan_ceramics,01_opishnyan_ceramics,True,0.4207155582430455,01_opishnyan_ceramics,05_kosiv_ceramics,03_bubnivka_ceramics,4,train,obj_single_db1291f981873646,,unreviewed,unreviewed,global_cls__c10__source0p5,motif_texture_weighted_mean__c10__source0p5,texture_weighted_mean,10.0,True,0.4207155582430455,0.10682938793708105,0.16217833105567858,0.004534335236360102,0.3057423875278346
img_27a4af8334229eeb,selection_conditional_full_development_oof_v4,dataset_dev/01_opishnyan_ceramics/o066.jpg,01_opishnyan_ceramics,01_opishnyan_ceramics,True,0.6408514110147601,01_opishnyan_ceramics,05_kosiv_ceramics,02_ornek,1,train,obj_single_27a4af8334229eeb,,unreviewed,unreviewed,global_cls__c10__source0p5,motif_texture_weighted_mean__c10__source0p5,texture_weighted_mean,10.0,True,0.6408514110147601,0.054179252485861425,0.04744479528540172,0.01291624720974111,0.24460829400423564
img_79fd0a23766a0896,selection_conditional_full_development_oof_v4,dataset_dev/01_opishnyan_ceramics/o067.jpg,01_opishnyan_ceramics,02_ornek,False,0.8497314715582356,02_ornek,01_opishnyan_ceramics,03_bubnivka_ceramics,4,train,obj_single_79fd0a23766a0896,,unreviewed,unreviewed,global_cls__c10__source0p5,motif_texture_weighted_mean__c10__source0p5,texture_weighted_mean,10.0,True,0.09226260459393783,0.8497314715582356,0.04417132137707213,0.010311710512132928,0.003522891958621593
img_cf3ec0065848b378,selection_conditional_full_development_oof_v4,dataset_dev/01_opishnyan_ceramics/o070.jpg,01_opishnyan_ceramics,01_opishnyan_ceramics,True,0.6443307534982836,01_opishnyan_ceramics,03_bubnivka_ceramics,02_ornek,4,train,obj_single_cf3ec0065848b378,,unreviewed,unreviewed,global_cls__c10__source0p5,motif_texture_weighted_mean__c10__source0p5,texture_weighted_mean,10.0,True,0.6443307534982836,0.1345620502638431,0.21215780725410002,0.005043199985495114,0.0039061889982783377
img_3f867edb13f6d9e7,selection_conditional_full_development_oof_v4,dataset_dev/01_opishnyan_ceramics/o072.jpg,01_opishnyan_ceramics,03_bubnivka_ceramics,False,0.5772693262733571,03_bubnivka_ceramics,01_opishnyan_ceramics,02_ornek,4,train,obj_single_3f867edb13f6d9e7,,unreviewed,unreviewed,global_cls__c10__source0p5,motif_texture_weighted_mean__c10__source0p5,texture_weighted_mean,10.0,True,0.27850894770383255,0.10830424482932736,0.5772693262733571,0.014375646152178442,0.021541835041304535
img_e42e9a248f42aeff,selection_conditional_full_development_oof_v4,dataset_dev/01_opishnyan_ceramics/o076.jpg,01_opishnyan_ceramics,01_opishnyan_ceramics,True,0.7215722158264642,01_opishnyan_ceramics,02_ornek,05_kosiv_ceramics,4,train,obj_single_e42e9a248f42aeff,,unreviewed,unreviewed,global_cls__c10__source0p5,motif_texture_weighted_mean__c10__source0p5,texture_weighted_mean,10.0,True,0.7215722158264642,0.2293643900148099,0.022399301680777098,0.0007411206098484207,0.02592297186810047
img_20daf377d66f3fa1,selection_conditional_full_development_oof_v4,dataset_dev/01_opishnyan_ceramics/o077.jpg,01_opishnyan_ceramics,01_opishnyan_ceramics,True,0.9821590568162877,01_opishnyan_ceramics,03_bubnivka_ceramics,05_kosiv_ceramics,4,train,obj_single_20daf377d66f3fa1,,unreviewed,unreviewed,global_cls__c10__source0p5,motif_texture_weighted_mean__c10__source0p5,texture_weighted_mean,10.0,True,0.9821590568162877,3.2440768820840346e-05,0.011239331907902666,0.00010731849714277389,0.006461852009846103
img_55d9ff12510acae5,selection_conditional_full_development_oof_v4,dataset_dev/01_opishnyan_ceramics/o079.jpg,01_opishnyan_ceramics,01_opishnyan_ceramics,True,0.9860477588410118,01_opishnyan_ceramics,05_kosiv_ceramics,03_bubnivka_ceramics,1,train,obj_single_55d9ff12510acae5,,unreviewed,unreviewed,global_cls__c10__source0p5,motif_texture_weighted_mean__c10__source0p5,texture_weighted_mean,10.0,True,0.9860477588410118,2.7033328410116152e-05,0.0015922213047593423,0.0005865414817257679,0.011746445044092748
img_9f4dd9669496c0fc,selection_conditional_full_development_oof_v4,dataset_dev/01_opishnyan_ceramics/o080.jpg,01_opishnyan_ceramics,01_opishnyan_ceramics,True,0.9984398007388818,01_opishnyan_ceramics,03_bubnivka_ceramics,05_kosiv_ceramics,4,train,src_manual_037,,figurine_or_sculpture,clear,global_cls__c10__source0p5,motif_texture_weighted_mean__c10__source0p5,texture_weighted_mean,10.0,True,0.9984398007388818,0.00010783460118179243,0.0007756343434155032,6.400529811462597e-05,0.0006127250184061487
img_bc67051e8211bbac,selection_conditional_full_development_oof_v4,dataset_dev/01_opishnyan_ceramics/o094.jpg,01_opishnyan_ceramics,01_opishnyan_ceramics,True,0.9946895940032145,01_opishnyan_ceramics,05_kosiv_ceramics,02_ornek,2,train,srcgrp_4816dd56c8688495,src_global_opn_museum_display_logo,unreviewed,unreviewed,global_cls__c10__source0p5,motif_texture_weighted_mean__c10__source0p5,texture_weighted_mean,10.0,True,0.9946895940032145,0.0013645983760873582,0.0003923652372688625,0.00022167199676877255,0.00333177038666044
img_83d7d22b0e1eb6eb,selection_conditional_full_development_oof_v4,dataset_dev/01_opishnyan_ceramics/o097.jpg,01_opishnyan_ceramics,01_opishnyan_ceramics,True,0.9503348158217301,01_opishnyan_ceramics,05_kosiv_ceramics,02_ornek,2,train,srcgrp_4816dd56c8688495,src_global_opn_museum_display_logo,unreviewed,unreviewed,global_cls__c10__source0p5,motif_texture_weighted_mean__c10__source0p5,texture_weighted_mean,10.0,True,0.9503348158217301,0.006196907698121,0.003115341680394059,0.0009116119218460103,0.03944132287790892
img_66293d24535400e3,selection_conditional_full_development_oof_v4,dataset_dev/01_opishnyan_ceramics/o100.jpg,01_opishnyan_ceramics,01_opishnyan_ceramics,True,0.951241629896091,01_opishnyan_ceramics,02_ornek,05_kosiv_ceramics,2,train,srcgrp_4816dd56c8688495,src_global_opn_museum_display_logo,unreviewed,unreviewed,global_cls__c10__source0p5,motif_texture_weighted_mean__c10__source0p5,texture_weighted_mean,10.0,True,0.951241629896091,0.02630036681621611,0.0007648014992600698,0.0006930054319735994,0.02100019635645922
img_065dff950ae8b9dc,selection_conditional_full_development_oof_v4,dataset_dev/01_opishnyan_ceramics/o101.jpg,01_opishnyan_ceramics,01_opishnyan_ceramics,True,0.9723144512780122,01_opishnyan_ceramics,03_bubnivka_ceramics,05_kosiv_ceramics,2,train,srcgrp_4816dd56c8688495,src_global_opn_museum_display_logo,unreviewed,unreviewed,global_cls__c10__source0p5,motif_texture_weighted_mean__c10__source0p5,texture_weighted_mean,10.0,True,0.9723144512780122,0.00010421180256059477,0.0127732150320939,0.0021405127533651648,0.01266760913396803
img_a7f9c61d19edc296,selection_conditional_full_development_oof_v4,dataset_dev/01_opishnyan_ceramics/o102.jpg,01_opishnyan_ceramics,01_opishnyan_ceramics,True,0.9697683584488753,01_opishnyan_ceramics,03_bubnivka_ceramics,05_kosiv_ceramics,2,train,srcgrp_4816dd56c8688495,src_global_opn_museum_display_logo,unreviewed,unreviewed,global_cls__c10__source0p5,motif_texture_weighted_mean__c10__source0p5,texture_weighted_mean,10.0,True,0.9697683584488753,0.0013088378313495185,0.018181313535943187,0.0021175541175065993,0.008623936066325428
img_1460ba9736792769,selection_conditional_full_development_oof_v4,dataset_dev/01_opishnyan_ceramics/o103.jpg,01_opishnyan_ceramics,01_opishnyan_ceramics,True,0.9867064154639719,01_opishnyan_ceramics,02_ornek,03_bubnivka_ceramics,2,train,srcgrp_4816dd56c8688495,src_global_opn_museum_display_logo,unreviewed,unreviewed,global_cls__c10__source0p5,motif_texture_weighted_mean__c10__source0p5,texture_weighted_mean,10.0,True,0.9867064154639719,0.006876739002141067,0.003745944379165672,0.000910399646038423,0.0017605015086830593
img_9ff629926d00c926,selection_conditional_full_development_oof_v4,dataset_dev/01_opishnyan_ceramics/o117.jpg,01_opishnyan_ceramics,03_bubnivka_ceramics,False,0.37111492102396165,03_bubnivka_ceramics,02_ornek,01_opishnyan_ceramics,3,validation,srcgrp_b6dba6413920e1cb,src_global_opn_gray_catalog_b,unreviewed,unreviewed,global_cls__c10__source0p5,motif_texture_weighted_mean__c10__source0p5,texture_weighted_mean,10.0,True,0.15884237471070764,0.30416821236927727,0.37111492102396165,0.09523648159357889,0.07063801030247446
img_f217d73709a40bba,selection_conditional_full_development_oof_v4,dataset_dev/01_opishnyan_ceramics/o119.jpg,01_opishnyan_ceramics,01_opishnyan_ceramics,True,0.9401689334853145,01_opishnyan_ceramics,03_bubnivka_ceramics,05_kosiv_ceramics,3,validation,srcgrp_b6dba6413920e1cb,src_global_opn_gray_catalog_b,unreviewed,unreviewed,global_cls__c10__source0p5,motif_texture_weighted_mean__c10__source0p5,texture_weighted_mean,10.0,True,0.9401689334853145,0.0023040747473622074,0.041530838993296036,0.00047371992469829666,0.015522432849329103
img_56fe26ce51147522,selection_conditional_full_development_oof_v4,dataset_dev/01_opishnyan_ceramics/o122.jpg,01_opishnyan_ceramics,03_bubnivka_ceramics,False,0.7406061346744433,03_bubnivka_ceramics,01_opishnyan_ceramics,05_kosiv_ceramics,3,validation,srcgrp_b6dba6413920e1cb,src_global_opn_gray_catalog_b,unreviewed,unreviewed,global_cls__c10__source0p5,motif_texture_weighted_mean__c10__source0p5,texture_weighted_mean,10.0,True,0.24352251551026496,0.003489666802576806,0.7406061346744433,0.0007568054284582197,0.011624877584256864
img_bb478a6a9ea96f01,selection_conditional_full_development_oof_v4,dataset_dev/01_opishnyan_ceramics/o124.jpg,01_opishnyan_ceramics,03_bubnivka_ceramics,False,0.7991574671568804,03_bubnivka_ceramics,01_opishnyan_ceramics,05_kosiv_ceramics,3,validation,srcgrp_b6dba6413920e1cb,src_global_opn_gray_catalog_b,unreviewed,unreviewed,global_cls__c10__source0p5,motif_texture_weighted_mean__c10__source0p5,texture_weighted_mean,10.0,True,0.1804736504044593,0.0016890033635010343,0.7991574671568804,0.0012571556027486622,0.017422723472410608
img_4c7d5a51f9d49830,selection_conditional_full_development_oof_v4,dataset_dev/01_opishnyan_ceramics/o126.jpg,01_opishnyan_ceramics,01_opishnyan_ceramics,True,0.8794459622291682,01_opishnyan_ceramics,03_bubnivka_ceramics,05_kosiv_ceramics,3,validation,srcgrp_b6dba6413920e1cb,src_global_opn_gray_catalog_b,vase_jug_or_vessel,clear,global_cls__c10__source0p5,motif_texture_weighted_mean__c10__source0p5,texture_weighted_mean,10.0,True,0.8794459622291682,0.0022041804526149,0.08046928914841871,0.0011531128987442947,0.03672745527105403
img_390d919059572a43,selection_conditional_full_development_oof_v4,dataset_dev/01_opishnyan_ceramics/o127.jpg,01_opishnyan_ceramics,05_kosiv_ceramics,False,0.6498128790361553,05_kosiv_ceramics,02_ornek,03_bubnivka_ceramics,3,validation,srcgrp_b6dba6413920e1cb,src_global_opn_gray_catalog_b,unreviewed,unreviewed,global_cls__c10__source0p5,motif_texture_weighted_mean__c10__source0p5,texture_weighted_mean,10.0,True,0.06706973272424377,0.14215104708413973,0.13289141084729428,0.008074930308167054,0.6498128790361553
img_183cedcef8321e71,selection_conditional_full_development_oof_v4,dataset_dev/01_opishnyan_ceramics/o128.jpg,01_opishnyan_ceramics,01_opishnyan_ceramics,True,0.47141920078437405,01_opishnyan_ceramics,05_kosiv_ceramics,03_bubnivka_ceramics,3,validation,srcgrp_b6dba6413920e1cb,src_global_opn_gray_catalog_b,unreviewed,unreviewed,global_cls__c10__source0p5,motif_texture_weighted_mean__c10__source0p5,texture_weighted_mean,10.0,True,0.47141920078437405,0.013158042099084269,0.1015400668355334,0.041478891293841455,0.37240379898716686
img_8ac7c7cfa2046468,selection_conditional_full_development_oof_v4,dataset_dev/01_opishnyan_ceramics/o131.jpg,01_opishnyan_ceramics,05_kosiv_ceramics,False,0.6040465626550445,05_kosiv_ceramics,01_opishnyan_ceramics,02_ornek,3,validation,srcgrp_b6dba6413920e1cb,src_global_opn_gray_catalog_b,unreviewed,unreviewed,global_cls__c10__source0p5,motif_texture_weighted_mean__c10__source0p5,texture_weighted_mean,10.0,True,0.28674073654996024,0.07166951245203536,0.03267636957714929,0.0048668187658106,0.6040465626550445
img_98cf909cf2c2c26e,selection_conditional_full_development_oof_v4,dataset_dev/01_opishnyan_ceramics/o132.jpg,01_opishnyan_ceramics,01_opishnyan_ceramics,True,0.536445773262482,01_opishnyan_ceramics,05_kosiv_ceramics,02_ornek,3,validation,srcgrp_b6dba6413920e1cb,src_global_opn_gray_catalog_b,unreviewed,unreviewed,global_cls__c10__source0p5,motif_texture_weighted_mean__c10__source0p5,texture_weighted_mean,10.0,True,0.536445773262482,0.03177252610093008,0.013058590712114794,0.001297392151910514,0.41742571777256254
img_965b324ff3a43ff9,selection_conditional_full_development_oof_v4,dataset_dev/01_opishnyan_ceramics/o134.jpg,01_opishnyan_ceramics,01_opishnyan_ceramics,True,0.8747980842982931,01_opishnyan_ceramics,03_bubnivka_ceramics,05_kosiv_ceramics,3,validation,srcgrp_b6dba6413920e1cb,src_global_opn_gray_catalog_b,unreviewed,unreviewed,global_cls__c10__source0p5,motif_texture_weighted_mean__c10__source0p5,texture_weighted_mean,10.0,True,0.8747980842982931,0.0011030835817840891,0.07075789833769089,0.002504818941660388,0.050836114840571746
img_dd456711a8868062,selection_conditional_full_development_oof_v4,dataset_dev/01_opishnyan_ceramics/o135.jpg,01_opishnyan_ceramics,01_opishnyan_ceramics,True,0.47132435117750704,01_opishnyan_ceramics,05_kosiv_ceramics,03_bubnivka_ceramics,3,validation,srcgrp_b6dba6413920e1cb,src_global_opn_gray_catalog_b,unreviewed,unreviewed,global_cls__c10__source0p5,motif_texture_weighted_mean__c10__source0p5,texture_weighted_mean,10.0,True,0.47132435117750704,0.0010164067966651016,0.12172432323253447,0.007478237773229024,0.3984566810200643
img_14bbcde62d473908,selection_conditional_full_development_oof_v4,dataset_dev/01_opishnyan_ceramics/o136.jpg,01_opishnyan_ceramics,05_kosiv_ceramics,False,0.35306127054880093,05_kosiv_ceramics,01_opishnyan_ceramics,03_bubnivka_ceramics,3,validation,srcgrp_b6dba6413920e1cb,src_global_opn_gray_catalog_b,plate_or_bowl,clear,global_cls__c10__source0p5,motif_texture_weighted_mean__c10__source0p5,texture_weighted_mean,10.0,True,0.3033093698951033,0.05860462873569902,0.27236576474286156,0.012658966077535133,0.35306127054880093
img_fa9396bae33d6dd0,selection_conditional_full_development_oof_v4,dataset_dev/01_opishnyan_ceramics/o137.jpg,01_opishnyan_ceramics,01_opishnyan_ceramics,True,0.8560784565309941,01_opishnyan_ceramics,03_bubnivka_ceramics,05_kosiv_ceramics,3,validation,srcgrp_b6dba6413920e1cb,src_global_opn_gray_catalog_b,unreviewed,unreviewed,global_cls__c10__source0p5,motif_texture_weighted_mean__c10__source0p5,texture_weighted_mean,10.0,True,0.8560784565309941,0.0019389832203029968,0.07233915716495734,0.002260487197829228,0.06738291588591637
img_f83d5e93773dd9a0,selection_conditional_full_development_oof_v4,dataset_dev/01_opishnyan_ceramics/o139.jpg,01_opishnyan_ceramics,01_opishnyan_ceramics,True,0.5798274016688465,01_opishnyan_ceramics,05_kosiv_ceramics,03_bubnivka_ceramics,3,validation,srcgrp_b6dba6413920e1cb,src_global_opn_gray_catalog_b,unreviewed,unreviewed,global_cls__c10__source0p5,motif_texture_weighted_mean__c10__source0p5,texture_weighted_mean,10.0,True,0.5798274016688465,0.001611838472815636,0.00705713523992601,0.001694459672052477,0.4098091649463593
img_f4ef1443f234b845,selection_conditional_full_development_oof_v4,dataset_dev/01_opishnyan_ceramics/o140.jpg,01_opishnyan_ceramics,03_bubnivka_ceramics,False,0.6858620145471869,03_bubnivka_ceramics,01_opishnyan_ceramics,05_kosiv_ceramics,3,validation,srcgrp_b6dba6413920e1cb,src_global_opn_gray_catalog_b,unreviewed,unreviewed,global_cls__c10__source0p5,motif_texture_weighted_mean__c10__source0p5,texture_weighted_mean,10.0,True,0.2986486675828203,0.0014038593780814565,0.6858620145471869,0.0006750642931120402,0.013410394198799235
img_bdeb80622d1df61f,selection_conditional_full_development_oof_v4,dataset_dev/01_opishnyan_ceramics/o141.jpg,01_opishnyan_ceramics,01_opishnyan_ceramics,True,0.952212790722909,01_opishnyan_ceramics,05_kosiv_ceramics,03_bubnivka_ceramics,3,validation,srcgrp_b6dba6413920e1cb,src_global_opn_gray_catalog_b,unreviewed,unreviewed,global_cls__c10__source0p5,motif_texture_weighted_mean__c10__source0p5,texture_weighted_mean,10.0,True,0.952212790722909,0.003394089681448531,0.0058613591221120505,0.0008744918289336675,0.037657268644596904
img_7feb2e1954f4a350,selection_conditional_full_development_oof_v4,dataset_dev/01_opishnyan_ceramics/o143.jpg,01_opishnyan_ceramics,01_opishnyan_ceramics,True,0.7412288599313518,01_opishnyan_ceramics,05_kosiv_ceramics,03_bubnivka_ceramics,3,validation,srcgrp_b6dba6413920e1cb,src_global_opn_gray_catalog_b,unreviewed,unreviewed,global_cls__c10__source0p5,motif_texture_weighted_mean__c10__source0p5,texture_weighted_mean,10.0,True,0.7412288599313518,0.008176347903945964,0.015666370691369527,0.0009760426819973811,0.23395237879133532
img_0f4c7e86e25b879b,selection_conditional_full_development_oof_v4,dataset_dev/01_opishnyan_ceramics/o144.jpg,01_opishnyan_ceramics,01_opishnyan_ceramics,True,0.8044122917791995,01_opishnyan_ceramics,03_bubnivka_ceramics,05_kosiv_ceramics,3,validation,srcgrp_b6dba6413920e1cb,src_global_opn_gray_catalog_b,unreviewed,unreviewed,global_cls__c10__source0p5,motif_texture_weighted_mean__c10__source0p5,texture_weighted_mean,10.0,True,0.8044122917791995,0.0011308220998899532,0.15173056627197057,0.0011715417873696687,0.04155477806157043
img_51b9ac2eeb3d7f1f,selection_conditional_full_development_oof_v4,dataset_dev/01_opishnyan_ceramics/o145.jpg,01_opishnyan_ceramics,03_bubnivka_ceramics,False,0.6608049112234118,03_bubnivka_ceramics,05_kosiv_ceramics,02_ornek,3,validation,srcgrp_b6dba6413920e1cb,src_global_opn_gray_catalog_b,unreviewed,unreviewed,global_cls__c10__source0p5,motif_texture_weighted_mean__c10__source0p5,texture_weighted_mean,10.0,True,0.04199729981271171,0.05427364374568675,0.6608049112234118,0.019227451682605593,0.22369669353558405
img_c0405690e861dcd2,selection_conditional_full_development_oof_v4,dataset_dev/01_opishnyan_ceramics/o146.jpg,01_opishnyan_ceramics,01_opishnyan_ceramics,True,0.5170894716180552,01_opishnyan_ceramics,05_kosiv_ceramics,04_petrykivka_painting,3,validation,srcgrp_b6dba6413920e1cb,src_global_opn_gray_catalog_b,unreviewed,unreviewed,global_cls__c10__source0p5,motif_texture_weighted_mean__c10__source0p5,texture_weighted_mean,10.0,True,0.5170894716180552,0.002156661496866753,0.03488186515712693,0.04194255498694671,0.40392944674100445
img_ee6f0b38ad82c8bd,selection_conditional_full_development_oof_v4,dataset_dev/01_opishnyan_ceramics/o147.jpg,01_opishnyan_ceramics,01_opishnyan_ceramics,True,0.9878133883760446,01_opishnyan_ceramics,03_bubnivka_ceramics,05_kosiv_ceramics,3,validation,srcgrp_b6dba6413920e1cb,src_global_opn_gray_catalog_b,unreviewed,unreviewed,global_cls__c10__source0p5,motif_texture_weighted_mean__c10__source0p5,texture_weighted_mean,10.0,True,0.9878133883760446,0.00047358486402116477,0.008337818601007815,0.0002668079336995025,0.0031084002252267616
img_52b17ecb09f74f50,selection_conditional_full_development_oof_v4,dataset_dev/01_opishnyan_ceramics/o148.jpg,01_opishnyan_ceramics,01_opishnyan_ceramics,True,0.922397573557616,01_opishnyan_ceramics,05_kosiv_ceramics,03_bubnivka_ceramics,3,validation,srcgrp_b6dba6413920e1cb,src_global_opn_gray_catalog_b,unreviewed,unreviewed,global_cls__c10__source0p5,motif_texture_weighted_mean__c10__source0p5,texture_weighted_mean,10.0,True,0.922397573557616,0.009621628378524932,0.012122809091386133,0.0005477786533836556,0.055310210319089094
img_79b2bc31bf22c1ea,selection_conditional_full_development_oof_v4,dataset_dev/01_opishnyan_ceramics/o149.jpg,01_opishnyan_ceramics,01_opishnyan_ceramics,True,0.565201586031127,01_opishnyan_ceramics,03_bubnivka_ceramics,05_kosiv_ceramics,3,validation,srcgrp_b6dba6413920e1cb,src_global_opn_gray_catalog_b,unreviewed,unreviewed,global_cls__c10__source0p5,motif_texture_weighted_mean__c10__source0p5,texture_weighted_mean,10.0,True,0.565201586031127,0.005858847361099719,0.24598582759572774,0.007874771802985264,0.1750789672090603
img_dd6fd1f4a679e67d,selection_conditional_full_development_oof_v4,dataset_dev/01_opishnyan_ceramics/o151.jpg,01_opishnyan_ceramics,01_opishnyan_ceramics,True,0.7779605470962468,01_opishnyan_ceramics,03_bubnivka_ceramics,05_kosiv_ceramics,3,validation,srcgrp_b6dba6413920e1cb,src_global_opn_gray_catalog_b,unreviewed,unreviewed,global_cls__c10__source0p5,motif_texture_weighted_mean__c10__source0p5,texture_weighted_mean,10.0,True,0.7779605470962468,0.0015939111862258257,0.21127445042221701,0.0005752609623949406,0.008595830332915388
img_a33d94149fab6ea0,selection_conditional_full_development_oof_v4,dataset_dev/01_opishnyan_ceramics/o152.jpg,01_opishnyan_ceramics,01_opishnyan_ceramics,True,0.81782670767651,01_opishnyan_ceramics,03_bubnivka_ceramics,05_kosiv_ceramics,3,validation,srcgrp_b6dba6413920e1cb,src_global_opn_gray_catalog_b,unreviewed,unreviewed,global_cls__c10__source0p5,motif_texture_weighted_mean__c10__source0p5,texture_weighted_mean,10.0,True,0.81782670767651,0.0018344560557239994,0.1517821959307598,0.0027532040134478457,0.025803436323558346
img_62156143d7280c45,selection_conditional_full_development_oof_v4,dataset_dev/01_opishnyan_ceramics/o154.jpg,01_opishnyan_ceramics,01_opishnyan_ceramics,True,0.9902758449023911,01_opishnyan_ceramics,05_kosiv_ceramics,03_bubnivka_ceramics,3,validation,srcgrp_b6dba6413920e1cb,src_global_opn_gray_catalog_b,unreviewed,unreviewed,global_cls__c10__source0p5,motif_texture_weighted_mean__c10__source0p5,texture_weighted_mean,10.0,True,0.9902758449023911,0.00018085439195082012,0.0004937234574640764,0.0001239205287285731,0.00892565671946568
img_efa59e5c3378c310,selection_conditional_full_development_oof_v4,dataset_dev/01_opishnyan_ceramics/o155.jpg,01_opishnyan_ceramics,01_opishnyan_ceramics,True,0.788137874653167,01_opishnyan_ceramics,02_ornek,05_kosiv_ceramics,3,validation,srcgrp_b6dba6413920e1cb,src_global_opn_gray_catalog_b,unreviewed,unreviewed,global_cls__c10__source0p5,motif_texture_weighted_mean__c10__source0p5,texture_weighted_mean,10.0,True,0.788137874653167,0.1116905749862946,0.002423777337494905,0.007947876902302763,0.08979989612074082
img_10e68b42ffd61bab,selection_conditional_full_development_oof_v4,dataset_dev/01_opishnyan_ceramics/o157.jpg,01_opishnyan_ceramics,01_opishnyan_ceramics,True,0.9869793783874685,01_opishnyan_ceramics,05_kosiv_ceramics,02_ornek,3,validation,srcgrp_b6dba6413920e1cb,src_global_opn_gray_catalog_b,unreviewed,unreviewed,global_cls__c10__source0p5,motif_texture_weighted_mean__c10__source0p5,texture_weighted_mean,10.0,True,0.9869793783874685,0.004450963339560584,0.00033106305430896784,0.0008985047774145731,0.0073400904412475034
img_b4695e4f1b7b0d1f,selection_conditional_full_development_oof_v4,dataset_dev/01_opishnyan_ceramics/o158.jpg,01_opishnyan_ceramics,01_opishnyan_ceramics,True,0.8678648183854302,01_opishnyan_ceramics,05_kosiv_ceramics,03_bubnivka_ceramics,3,validation,srcgrp_b6dba6413920e1cb,src_global_opn_gray_catalog_b,unreviewed,unreviewed,global_cls__c10__source0p5,motif_texture_weighted_mean__c10__source0p5,texture_weighted_mean,10.0,True,0.8678648183854302,0.017138803576556415,0.047508660802649066,0.001239529623736854,0.06624818761162742
img_68603f417f96ad22,selection_conditional_full_development_oof_v4,dataset_dev/01_opishnyan_ceramics/o160.jpg,01_opishnyan_ceramics,01_opishnyan_ceramics,True,0.5919428140180556,01_opishnyan_ceramics,05_kosiv_ceramics,03_bubnivka_ceramics,3,validation,srcgrp_b6dba6413920e1cb,src_global_opn_gray_catalog_b,unreviewed,unreviewed,global_cls__c10__source0p5,motif_texture_weighted_mean__c10__source0p5,texture_weighted_mean,10.0,True,0.5919428140180556,0.06769481489220448,0.07222419458758761,0.002075647138538165,0.2660625293636142
img_ddfec16b11e92dff,selection_conditional_full_development_oof_v4,dataset_dev/01_opishnyan_ceramics/o162.jpg,01_opishnyan_ceramics,01_opishnyan_ceramics,True,0.4615605323043199,01_opishnyan_ceramics,03_bubnivka_ceramics,04_petrykivka_painting,3,validation,srcgrp_b6dba6413920e1cb,src_global_opn_gray_catalog_b,unreviewed,unreviewed,global_cls__c10__source0p5,motif_texture_weighted_mean__c10__source0p5,texture_weighted_mean,10.0,True,0.4615605323043199,0.02978134913129951,0.43188368675480876,0.03850940836158049,0.03826502344799132
img_91bc335b06563471,selection_conditional_full_development_oof_v4,dataset_dev/01_opishnyan_ceramics/o163.jpg,01_opishnyan_ceramics,01_opishnyan_ceramics,True,0.7938636356101276,01_opishnyan_ceramics,03_bubnivka_ceramics,05_kosiv_ceramics,3,validation,srcgrp_b6dba6413920e1cb,src_global_opn_gray_catalog_b,unreviewed,unreviewed,global_cls__c10__source0p5,motif_texture_weighted_mean__c10__source0p5,texture_weighted_mean,10.0,True,0.7938636356101276,0.017667422086617663,0.11724782624689223,0.017755132930442324,0.053465983125920234
img_c3061194d858329c,selection_conditional_full_development_oof_v4,dataset_dev/01_opishnyan_ceramics/o165.jpg,01_opishnyan_ceramics,01_opishnyan_ceramics,True,0.4959082181652768,01_opishnyan_ceramics,03_bubnivka_ceramics,05_kosiv_ceramics,3,validation,srcgrp_b6dba6413920e1cb,src_global_opn_gray_catalog_b,unreviewed,unreviewed,global_cls__c10__source0p5,motif_texture_weighted_mean__c10__source0p5,texture_weighted_mean,10.0,True,0.4959082181652768,0.0014300289256597507,0.3725348074391582,0.00149515156368858,0.12863179390621665
img_a46bbe0e36046839,selection_conditional_full_development_oof_v4,dataset_dev/01_opishnyan_ceramics/o166.jpg,01_opishnyan_ceramics,01_opishnyan_ceramics,True,0.7976300019108087,01_opishnyan_ceramics,03_bubnivka_ceramics,05_kosiv_ceramics,3,validation,srcgrp_b6dba6413920e1cb,src_global_opn_gray_catalog_b,unreviewed,unreviewed,global_cls__c10__source0p5,motif_texture_weighted_mean__c10__source0p5,texture_weighted_mean,10.0,True,0.7976300019108087,0.0004390979833858834,0.1041801127736415,0.0007134371762263814,0.09703735015593758
img_e228a82b01727a0f,selection_conditional_full_development_oof_v4,dataset_dev/01_opishnyan_ceramics/o168_1.jpg,01_opishnyan_ceramics,01_opishnyan_ceramics,True,0.6735200104139858,01_opishnyan_ceramics,03_bubnivka_ceramics,05_kosiv_ceramics,3,validation,srcgrp_b6dba6413920e1cb,src_global_opn_gray_catalog_b,figurine_or_sculpture,clear,global_cls__c10__source0p5,motif_texture_weighted_mean__c10__source0p5,texture_weighted_mean,10.0,True,0.6735200104139858,0.1018872173214894,0.11685945732003664,0.002554276519504991,0.10517903842498319
img_2960b120c1061863,selection_conditional_full_development_oof_v4,dataset_dev/01_opishnyan_ceramics/o168_2.jpg,01_opishnyan_ceramics,01_opishnyan_ceramics,True,0.8826539587108826,01_opishnyan_ceramics,03_bubnivka_ceramics,05_kosiv_ceramics,3,validation,srcgrp_b6dba6413920e1cb,src_global_opn_gray_catalog_b,figurine_or_sculpture,clear,global_cls__c10__source0p5,motif_texture_weighted_mean__c10__source0p5,texture_weighted_mean,10.0,True,0.8826539587108826,0.004989197608071869,0.10431618796048658,0.0005559408336899704,0.007484714886868999
img_0106a0208a392c88,selection_conditional_full_development_oof_v4,dataset_dev/01_opishnyan_ceramics/o169.jpg,01_opishnyan_ceramics,01_opishnyan_ceramics,True,0.45991230624654605,01_opishnyan_ceramics,05_kosiv_ceramics,03_bubnivka_ceramics,3,validation,srcgrp_b6dba6413920e1cb,src_global_opn_gray_catalog_b,unreviewed,unreviewed,global_cls__c10__source0p5,motif_texture_weighted_mean__c10__source0p5,texture_weighted_mean,10.0,True,0.45991230624654605,0.013607224208182053,0.19294308272588728,0.05004465272251953,0.2834927340968651
img_7ce2e17f00e3d009,selection_conditional_full_development_oof_v4,dataset_dev/01_opishnyan_ceramics/o170.jpg,01_opishnyan_ceramics,03_bubnivka_ceramics,False,0.7483372025845594,03_bubnivka_ceramics,01_opishnyan_ceramics,05_kosiv_ceramics,3,validation,srcgrp_b6dba6413920e1cb,src_global_opn_gray_catalog_b,unreviewed,unreviewed,global_cls__c10__source0p5,motif_texture_weighted_mean__c10__source0p5,texture_weighted_mean,10.0,True,0.21472753308492887,0.013606739198240493,0.7483372025845594,0.00804121263091624,0.015287312501355066
img_6ad0e77397b14f05,selection_conditional_full_development_oof_v4,dataset_dev/01_opishnyan_ceramics/o171.jpg,01_opishnyan_ceramics,01_opishnyan_ceramics,True,0.301477320389447,01_opishnyan_ceramics,05_kosiv_ceramics,03_bubnivka_ceramics,3,validation,srcgrp_b6dba6413920e1cb,src_global_opn_gray_catalog_b,unreviewed,unreviewed,global_cls__c10__source0p5,motif_texture_weighted_mean__c10__source0p5,texture_weighted_mean,10.0,True,0.301477320389447,0.07016115415403,0.2294750408681833,0.11495071298105039,0.2839357716072894
img_132ac06c4185d62b,selection_conditional_full_development_oof_v4,dataset_dev/01_opishnyan_ceramics/o177.jpg,01_opishnyan_ceramics,03_bubnivka_ceramics,False,0.7829567752631522,03_bubnivka_ceramics,01_opishnyan_ceramics,05_kosiv_ceramics,3,validation,srcgrp_b6dba6413920e1cb,src_global_opn_gray_catalog_b,plate_or_bowl,clear,global_cls__c10__source0p5,motif_texture_weighted_mean__c10__source0p5,texture_weighted_mean,10.0,True,0.2008657718405685,0.0027451728747619913,0.7829567752631522,0.004578441447890418,0.008853838573626944
img_f6a4f6a87c2eeaca,selection_conditional_full_development_oof_v4,dataset_dev/01_opishnyan_ceramics/o178.jpg,01_opishnyan_ceramics,01_opishnyan_ceramics,True,0.415844975926211,01_opishnyan_ceramics,03_bubnivka_ceramics,05_kosiv_ceramics,3,validation,srcgrp_b6dba6413920e1cb,src_global_opn_gray_catalog_b,unreviewed,unreviewed,global_cls__c10__source0p5,motif_texture_weighted_mean__c10__source0p5,texture_weighted_mean,10.0,True,0.415844975926211,0.007390540955990595,0.30088754918844135,0.010633175388437366,0.26524375854091964
img_18dff748fa839596,selection_conditional_full_development_oof_v4,dataset_dev/01_opishnyan_ceramics/o179.jpg,01_opishnyan_ceramics,01_opishnyan_ceramics,True,0.544764066128588,01_opishnyan_ceramics,03_bubnivka_ceramics,02_ornek,3,validation,srcgrp_b6dba6413920e1cb,src_global_opn_gray_catalog_b,plate_or_bowl,clear,global_cls__c10__source0p5,motif_texture_weighted_mean__c10__source0p5,texture_weighted_mean,10.0,True,0.544764066128588,0.0051193360492813155,0.44726470266059226,0.0011294974915898978,0.0017223976699485856
img_5282803ad6d9e796,selection_conditional_full_development_oof_v4,dataset_dev/01_opishnyan_ceramics/o181.jpg,01_opishnyan_ceramics,03_bubnivka_ceramics,False,0.8126810894190502,03_bubnivka_ceramics,05_kosiv_ceramics,01_opishnyan_ceramics,3,validation,srcgrp_b6dba6413920e1cb,src_global_opn_gray_catalog_b,unreviewed,unreviewed,global_cls__c10__source0p5,motif_texture_weighted_mean__c10__source0p5,texture_weighted_mean,10.0,True,0.06537901740188688,0.00889243121516929,0.8126810894190502,0.01487524421630266,0.09817221774759093
img_4d03e2dc0a7fc2c9,selection_conditional_full_development_oof_v4,dataset_dev/01_opishnyan_ceramics/o182.jpg,01_opishnyan_ceramics,03_bubnivka_ceramics,False,0.43209850820200213,03_bubnivka_ceramics,01_opishnyan_ceramics,05_kosiv_ceramics,3,validation,srcgrp_b6dba6413920e1cb,src_global_opn_gray_catalog_b,unreviewed,unreviewed,global_cls__c10__source0p5,motif_texture_weighted_mean__c10__source0p5,texture_weighted_mean,10.0,True,0.2952136156688184,0.0168000251180821,0.43209850820200213,0.03321474363913328,0.22267310737196408
img_7ba07728403feda9,selection_conditional_full_development_oof_v4,dataset_dev/01_opishnyan_ceramics/o184.jpg,01_opishnyan_ceramics,03_bubnivka_ceramics,False,0.9121874700993979,03_bubnivka_ceramics,01_opishnyan_ceramics,04_petrykivka_painting,3,validation,srcgrp_b6dba6413920e1cb,src_global_opn_gray_catalog_b,unreviewed,unreviewed,global_cls__c10__source0p5,motif_texture_weighted_mean__c10__source0p5,texture_weighted_mean,10.0,True,0.049990962309871795,0.0034248115309100445,0.9121874700993979,0.02391132181088334,0.010485434248936939
img_f1dd5107cc8c72d3,selection_conditional_full_development_oof_v4,dataset_dev/01_opishnyan_ceramics/o187.jpg,01_opishnyan_ceramics,01_opishnyan_ceramics,True,0.8656942318785456,01_opishnyan_ceramics,03_bubnivka_ceramics,04_petrykivka_painting,3,validation,srcgrp_b6dba6413920e1cb,src_global_opn_gray_catalog_b,unreviewed,unreviewed,global_cls__c10__source0p5,motif_texture_weighted_mean__c10__source0p5,texture_weighted_mean,10.0,True,0.8656942318785456,0.014082394735979206,0.06039202316747603,0.03930993212118269,0.020521418096816613
img_5cefdfbc50a45519,selection_conditional_full_development_oof_v4,dataset_dev/01_opishnyan_ceramics/o189.jpg,01_opishnyan_ceramics,01_opishnyan_ceramics,True,0.764652610442739,01_opishnyan_ceramics,05_kosiv_ceramics,03_bubnivka_ceramics,3,validation,srcgrp_b6dba6413920e1cb,src_global_opn_gray_catalog_b,unreviewed,unreviewed,global_cls__c10__source0p5,motif_texture_weighted_mean__c10__source0p5,texture_weighted_mean,10.0,True,0.764652610442739,0.02327815835349083,0.07753155293742313,0.00616507170725649,0.12837260655909058
img_f2f49e4157ba1250,selection_conditional_full_development_oof_v4,dataset_dev/01_opishnyan_ceramics/o191.jpg,01_opishnyan_ceramics,03_bubnivka_ceramics,False,0.9679746064647187,03_bubnivka_ceramics,01_opishnyan_ceramics,02_ornek,3,validation,srcgrp_b6dba6413920e1cb,src_global_opn_gray_catalog_b,unreviewed,unreviewed,global_cls__c10__source0p5,motif_texture_weighted_mean__c10__source0p5,texture_weighted_mean,10.0,True,0.025005881072642334,0.002941112901560097,0.9679746064647187,0.0019518634735416788,0.002126536087537125
img_d814076f3330edcc,selection_conditional_full_development_oof_v4,dataset_dev/01_opishnyan_ceramics/o192.jpg,01_opishnyan_ceramics,03_bubnivka_ceramics,False,0.8653881583717888,03_bubnivka_ceramics,01_opishnyan_ceramics,04_petrykivka_painting,3,validation,srcgrp_b6dba6413920e1cb,src_global_opn_gray_catalog_b,unreviewed,unreviewed,global_cls__c10__source0p5,motif_texture_weighted_mean__c10__source0p5,texture_weighted_mean,10.0,True,0.07944459192488774,0.005273696003148697,0.8653881583717888,0.043555906938178825,0.006337646761995917
img_a7711e8b6b0d58bd,selection_conditional_full_development_oof_v4,dataset_dev/01_opishnyan_ceramics/o194.jpg,01_opishnyan_ceramics,01_opishnyan_ceramics,True,0.953940153775501,01_opishnyan_ceramics,03_bubnivka_ceramics,05_kosiv_ceramics,3,validation,srcgrp_b6dba6413920e1cb,src_global_opn_gray_catalog_b,unreviewed,unreviewed,global_cls__c10__source0p5,motif_texture_weighted_mean__c10__source0p5,texture_weighted_mean,10.0,True,0.953940153775501,0.0005307428604787584,0.026352255460556067,0.00019707909718591563,0.01897976880627814
img_db3971b3b7077c75,selection_conditional_full_development_oof_v4,dataset_dev/01_opishnyan_ceramics/o195.jpg,01_opishnyan_ceramics,01_opishnyan_ceramics,True,0.9196658350638629,01_opishnyan_ceramics,03_bubnivka_ceramics,05_kosiv_ceramics,3,validation,srcgrp_b6dba6413920e1cb,src_global_opn_gray_catalog_b,unreviewed,unreviewed,global_cls__c10__source0p5,motif_texture_weighted_mean__c10__source0p5,texture_weighted_mean,10.0,True,0.9196658350638629,0.0004581747598491304,0.06873187879148954,0.0017257224881077964,0.00941838889669067
img_45212bb24a5937ea,selection_conditional_full_development_oof_v4,dataset_dev/01_opishnyan_ceramics/o196.jpg,01_opishnyan_ceramics,01_opishnyan_ceramics,True,0.9335560839002907,01_opishnyan_ceramics,03_bubnivka_ceramics,05_kosiv_ceramics,3,validation,srcgrp_b6dba6413920e1cb,src_global_opn_gray_catalog_b,unreviewed,unreviewed,global_cls__c10__source0p5,motif_texture_weighted_mean__c10__source0p5,texture_weighted_mean,10.0,True,0.9335560839002907,0.0009170665576531507,0.04373456517633586,0.003133447692796345,0.018658836672923805
img_fa3023f4e270d501,selection_conditional_full_development_oof_v4,dataset_dev/01_opishnyan_ceramics/o198.jpg,01_opishnyan_ceramics,01_opishnyan_ceramics,True,0.9194814433523542,01_opishnyan_ceramics,03_bubnivka_ceramics,05_kosiv_ceramics,3,validation,srcgrp_b6dba6413920e1cb,src_global_opn_gray_catalog_b,unreviewed,unreviewed,global_cls__c10__source0p5,motif_texture_weighted_mean__c10__source0p5,texture_weighted_mean,10.0,True,0.9194814433523542,0.0007284120639482875,0.07640545937506965,0.00018759662515058234,0.0031970885834775
img_f02cd861d0146ccd,selection_conditional_full_development_oof_v4,dataset_dev/01_opishnyan_ceramics/o199.jpg,01_opishnyan_ceramics,01_opishnyan_ceramics,True,0.8972748391069844,01_opishnyan_ceramics,03_bubnivka_ceramics,05_kosiv_ceramics,3,validation,srcgrp_b6dba6413920e1cb,src_global_opn_gray_catalog_b,unreviewed,unreviewed,global_cls__c10__source0p5,motif_texture_weighted_mean__c10__source0p5,texture_weighted_mean,10.0,True,0.8972748391069844,0.0011026761367572285,0.07065797382423968,0.0007301067021547867,0.03023440422986397
img_46a488f3567c723d,selection_conditional_full_development_oof_v4,dataset_dev/01_opishnyan_ceramics/o200.jpg,01_opishnyan_ceramics,01_opishnyan_ceramics,True,0.9148521676606806,01_opishnyan_ceramics,05_kosiv_ceramics,02_ornek,3,validation,srcgrp_b6dba6413920e1cb,src_global_opn_gray_catalog_b,unreviewed,unreviewed,global_cls__c10__source0p5,motif_texture_weighted_mean__c10__source0p5,texture_weighted_mean,10.0,True,0.9148521676606806,0.013384825308675852,0.010333473386493226,0.0007901203442689526,0.060639413299881574
img_47422c3678da647b,selection_conditional_full_development_oof_v4,dataset_dev/01_opishnyan_ceramics/o203.jpg,01_opishnyan_ceramics,01_opishnyan_ceramics,True,0.9500580904117131,01_opishnyan_ceramics,05_kosiv_ceramics,02_ornek,3,validation,srcgrp_b6dba6413920e1cb,src_global_opn_gray_catalog_b,unreviewed,unreviewed,global_cls__c10__source0p5,motif_texture_weighted_mean__c10__source0p5,texture_weighted_mean,10.0,True,0.9500580904117131,0.014017730198227978,0.01011271739019938,0.0004414600164789386,0.0253700019833808
img_6c4db1cbe35c3817,selection_conditional_full_development_oof_v4,dataset_dev/01_opishnyan_ceramics/o204.jpg,01_opishnyan_ceramics,01_opishnyan_ceramics,True,0.8893891533713891,01_opishnyan_ceramics,03_bubnivka_ceramics,05_kosiv_ceramics,3,validation,srcgrp_b6dba6413920e1cb,src_global_opn_gray_catalog_b,unreviewed,unreviewed,global_cls__c10__source0p5,motif_texture_weighted_mean__c10__source0p5,texture_weighted_mean,10.0,True,0.8893891533713891,0.0208494907211045,0.04547713705579775,0.0005020154127367339,0.043782203438971726
img_877e77aaa9e945c3,selection_conditional_full_development_oof_v4,dataset_dev/01_opishnyan_ceramics/o205.jpg,01_opishnyan_ceramics,01_opishnyan_ceramics,True,0.8996538338218062,01_opishnyan_ceramics,02_ornek,05_kosiv_ceramics,3,validation,srcgrp_b6dba6413920e1cb,src_global_opn_gray_catalog_b,unreviewed,unreviewed,global_cls__c10__source0p5,motif_texture_weighted_mean__c10__source0p5,texture_weighted_mean,10.0,True,0.8996538338218062,0.08921321991774213,0.0011312644899275283,0.0004859418137955189,0.009515739956728579
img_24b75f3a6cd0c7ee,selection_conditional_full_development_oof_v4,dataset_dev/01_opishnyan_ceramics/o207.jpg,01_opishnyan_ceramics,01_opishnyan_ceramics,True,0.9407312332867015,01_opishnyan_ceramics,03_bubnivka_ceramics,05_kosiv_ceramics,3,validation,srcgrp_b6dba6413920e1cb,src_global_opn_gray_catalog_b,unreviewed,unreviewed,global_cls__c10__source0p5,motif_texture_weighted_mean__c10__source0p5,texture_weighted_mean,10.0,True,0.9407312332867015,0.002685860815050769,0.0474038554638134,0.001595630267817359,0.007583420166616633
img_b866957ff1f5b755,selection_conditional_full_development_oof_v4,dataset_dev/01_opishnyan_ceramics/o208_1.jpg,01_opishnyan_ceramics,01_opishnyan_ceramics,True,0.9456789749845159,01_opishnyan_ceramics,05_kosiv_ceramics,02_ornek,3,validation,srcgrp_b6dba6413920e1cb,src_global_opn_gray_catalog_b,figurine_or_sculpture,clear,global_cls__c10__source0p5,motif_texture_weighted_mean__c10__source0p5,texture_weighted_mean,10.0,True,0.9456789749845159,0.013070412337216428,0.0041897801936499925,0.008464430736297976,0.028596401748319688
img_9bc51236e8fc9ed7,selection_conditional_full_development_oof_v4,dataset_dev/01_opishnyan_ceramics/o208_2.jpg,01_opishnyan_ceramics,01_opishnyan_ceramics,True,0.8593178486730929,01_opishnyan_ceramics,05_kosiv_ceramics,04_petrykivka_painting,3,validation,srcgrp_b6dba6413920e1cb,src_global_opn_gray_catalog_b,figurine_or_sculpture,clear,global_cls__c10__source0p5,motif_texture_weighted_mean__c10__source0p5,texture_weighted_mean,10.0,True,0.8593178486730929,0.0056862954049352096,0.013567935962303733,0.017601908628732826,0.10382601133093529
img_4ae8e743ce6add41,selection_conditional_full_development_oof_v4,dataset_dev/01_opishnyan_ceramics/o208_3.jpg,01_opishnyan_ceramics,01_opishnyan_ceramics,True,0.9340942016071259,01_opishnyan_ceramics,05_kosiv_ceramics,02_ornek,3,validation,srcgrp_b6dba6413920e1cb,src_global_opn_gray_catalog_b,figurine_or_sculpture,clear,global_cls__c10__source0p5,motif_texture_weighted_mean__c10__source0p5,texture_weighted_mean,10.0,True,0.9340942016071259,0.02207371000413432,0.0009694097748697729,0.0039978798678325985,0.03886479874603764
img_a6d08ac9cc301204,selection_conditional_full_development_oof_v4,dataset_dev/01_opishnyan_ceramics/o208_4.jpg,01_opishnyan_ceramics,01_opishnyan_ceramics,True,0.7503447782218329,01_opishnyan_ceramics,05_kosiv_ceramics,02_ornek,3,validation,srcgrp_b6dba6413920e1cb,src_global_opn_gray_catalog_b,figurine_or_sculpture,clear,global_cls__c10__source0p5,motif_texture_weighted_mean__c10__source0p5,texture_weighted_mean,10.0,True,0.7503447782218329,0.09274619951601873,0.04518238852089445,0.008217544260523797,0.10350908948072995
img_c32e4f8ca6f6afd3,selection_conditional_full_development_oof_v4,dataset_dev/01_opishnyan_ceramics/o208_5.jpg,01_opishnyan_ceramics,01_opishnyan_ceramics,True,0.8965103966661315,01_opishnyan_ceramics,05_kosiv_ceramics,03_bubnivka_ceramics,3,validation,srcgrp_b6dba6413920e1cb,src_global_opn_gray_catalog_b,figurine_or_sculpture,clear,global_cls__c10__source0p5,motif_texture_weighted_mean__c10__source0p5,texture_weighted_mean,10.0,True,0.8965103966661315,0.018773780652838204,0.028416793265123114,0.0021839899366578697,0.054115039479249116
img_0f008d0311b688b7,selection_conditional_full_development_oof_v4,dataset_dev/01_opishnyan_ceramics/o209.jpg,01_opishnyan_ceramics,01_opishnyan_ceramics,True,0.8506210210973068,01_opishnyan_ceramics,05_kosiv_ceramics,04_petrykivka_painting,3,validation,srcgrp_b6dba6413920e1cb,src_global_opn_gray_catalog_b,unreviewed,unreviewed,global_cls__c10__source0p5,motif_texture_weighted_mean__c10__source0p5,texture_weighted_mean,10.0,True,0.8506210210973068,0.0075632724371146355,0.005320619862536637,0.04882680952102118,0.08766827708202075
img_ae20e7c38c7b4220,selection_conditional_full_development_oof_v4,dataset_dev/01_opishnyan_ceramics/o210.jpg,01_opishnyan_ceramics,03_bubnivka_ceramics,False,0.9590053575065386,03_bubnivka_ceramics,05_kosiv_ceramics,04_petrykivka_painting,3,validation,srcgrp_b6dba6413920e1cb,src_global_opn_gray_catalog_b,unreviewed,unreviewed,global_cls__c10__source0p5,motif_texture_weighted_mean__c10__source0p5,texture_weighted_mean,10.0,True,0.012438446327694272,0.0009607922253480143,0.9590053575065386,0.013618732789492294,0.013976671150926944
img_80aaefa627be58f6,selection_conditional_full_development_oof_v4,dataset_dev/01_opishnyan_ceramics/o211.jpg,01_opishnyan_ceramics,03_bubnivka_ceramics,False,0.9175542642696437,03_bubnivka_ceramics,01_opishnyan_ceramics,05_kosiv_ceramics,3,validation,srcgrp_b6dba6413920e1cb,src_global_opn_gray_catalog_b,unreviewed,unreviewed,global_cls__c10__source0p5,motif_texture_weighted_mean__c10__source0p5,texture_weighted_mean,10.0,True,0.05486093522821252,0.0017489887263846687,0.9175542642696437,0.012471579811533504,0.013364231964225507
img_3a7d5fff3ea44b25,selection_conditional_full_development_oof_v4,dataset_dev/01_opishnyan_ceramics/o212.jpg,01_opishnyan_ceramics,03_bubnivka_ceramics,False,0.8860666943054035,03_bubnivka_ceramics,01_opishnyan_ceramics,05_kosiv_ceramics,3,validation,srcgrp_b6dba6413920e1cb,src_global_opn_gray_catalog_b,unreviewed,unreviewed,global_cls__c10__source0p5,motif_texture_weighted_mean__c10__source0p5,texture_weighted_mean,10.0,True,0.10545862313475392,0.0008944393217363717,0.8860666943054035,0.0033802428866779215,0.004200000351428159
img_34dac5a2a5a65f9f,selection_conditional_full_development_oof_v4,dataset_dev/01_opishnyan_ceramics/o213.jpg,01_opishnyan_ceramics,01_opishnyan_ceramics,True,0.8478737304003074,01_opishnyan_ceramics,03_bubnivka_ceramics,02_ornek,3,validation,srcgrp_b6dba6413920e1cb,src_global_opn_gray_catalog_b,unreviewed,unreviewed,global_cls__c10__source0p5,motif_texture_weighted_mean__c10__source0p5,texture_weighted_mean,10.0,True,0.8478737304003074,0.04463884544100066,0.10697889767795456,0.0004603025017471017,4.822397899006435e-05
img_fa392882545f41ef,selection_conditional_full_development_oof_v4,dataset_dev/01_opishnyan_ceramics/o215.jpg,01_opishnyan_ceramics,01_opishnyan_ceramics,True,0.6173448403943369,01_opishnyan_ceramics,03_bubnivka_ceramics,05_kosiv_ceramics,3,validation,srcgrp_b6dba6413920e1cb,src_global_opn_gray_catalog_b,unreviewed,unreviewed,global_cls__c10__source0p5,motif_texture_weighted_mean__c10__source0p5,texture_weighted_mean,10.0,True,0.6173448403943369,0.004022334459668603,0.18827517847233657,0.031807000268462206,0.15855064640519576
img_4778c3013cc66028,selection_conditional_full_development_oof_v4,dataset_dev/01_opishnyan_ceramics/o216.jpg,01_opishnyan_ceramics,01_opishnyan_ceramics,True,0.5427836384054925,01_opishnyan_ceramics,03_bubnivka_ceramics,05_kosiv_ceramics,3,validation,srcgrp_b6dba6413920e1cb,src_global_opn_gray_catalog_b,unreviewed,unreviewed,global_cls__c10__source0p5,motif_texture_weighted_mean__c10__source0p5,texture_weighted_mean,10.0,True,0.5427836384054925,0.004703649468098284,0.38995901507600067,0.0034876638061309643,0.05906603324427754
img_a97e2b5e87d217b0,selection_conditional_full_development_oof_v4,dataset_dev/01_opishnyan_ceramics/o217.jpg,01_opishnyan_ceramics,05_kosiv_ceramics,False,0.8904108457765285,05_kosiv_ceramics,01_opishnyan_ceramics,04_petrykivka_painting,3,validation,srcgrp_b6dba6413920e1cb,src_global_opn_gray_catalog_b,unreviewed,unreviewed,global_cls__c10__source0p5,motif_texture_weighted_mean__c10__source0p5,texture_weighted_mean,10.0,True,0.05429889148134248,0.010219226175211338,0.019324474521430393,0.02574656204548717,0.8904108457765285
img_bc01118a96391b76,selection_conditional_full_development_oof_v4,dataset_dev/01_opishnyan_ceramics/o218.jpg,01_opishnyan_ceramics,03_bubnivka_ceramics,False,0.5826884567915727,03_bubnivka_ceramics,01_opishnyan_ceramics,05_kosiv_ceramics,3,validation,srcgrp_b6dba6413920e1cb,src_global_opn_gray_catalog_b,unreviewed,unreviewed,global_cls__c10__source0p5,motif_texture_weighted_mean__c10__source0p5,texture_weighted_mean,10.0,True,0.3991479854138189,0.0037436891970817985,0.5826884567915727,0.003727889777278905,0.010691978820247626
img_12b6905240f8ed85,selection_conditional_full_development_oof_v4,dataset_dev/01_opishnyan_ceramics/o219.jpg,01_opishnyan_ceramics,03_bubnivka_ceramics,False,0.8032560712426252,03_bubnivka_ceramics,01_opishnyan_ceramics,04_petrykivka_painting,3,validation,srcgrp_b6dba6413920e1cb,src_global_opn_gray_catalog_b,unreviewed,unreviewed,global_cls__c10__source0p5,motif_texture_weighted_mean__c10__source0p5,texture_weighted_mean,10.0,True,0.18078547410937504,0.0006406683561964886,0.8032560712426252,0.012822241324639296,0.0024955449671638986
img_7fd1166a6959bcd3,selection_conditional_full_development_oof_v4,dataset_dev/01_opishnyan_ceramics/o220.jpg,01_opishnyan_ceramics,03_bubnivka_ceramics,False,0.9486367488199673,03_bubnivka_ceramics,01_opishnyan_ceramics,04_petrykivka_painting,3,validation,srcgrp_b6dba6413920e1cb,src_global_opn_gray_catalog_b,unreviewed,unreviewed,global_cls__c10__source0p5,motif_texture_weighted_mean__c10__source0p5,texture_weighted_mean,10.0,True,0.04084943430463634,0.0008076375421138704,0.9486367488199673,0.006484955775348423,0.0032212235579339764
img_07ac62fe1cb3b346,selection_conditional_full_development_oof_v4,dataset_dev/01_opishnyan_ceramics/o221.jpg,01_opishnyan_ceramics,03_bubnivka_ceramics,False,0.6252951492412071,03_bubnivka_ceramics,01_opishnyan_ceramics,04_petrykivka_painting,3,validation,srcgrp_b6dba6413920e1cb,src_global_opn_gray_catalog_b,unreviewed,unreviewed,global_cls__c10__source0p5,motif_texture_weighted_mean__c10__source0p5,texture_weighted_mean,10.0,True,0.33747940918183883,0.010284141817233357,0.6252951492412071,0.014452629674202749,0.012488670085517926
img_62961795d242ea26,selection_conditional_full_development_oof_v4,dataset_dev/01_opishnyan_ceramics/o222.jpg,01_opishnyan_ceramics,01_opishnyan_ceramics,True,0.8559383528712773,01_opishnyan_ceramics,05_kosiv_ceramics,02_ornek,3,validation,srcgrp_b6dba6413920e1cb,src_global_opn_gray_catalog_b,unreviewed,unreviewed,global_cls__c10__source0p5,motif_texture_weighted_mean__c10__source0p5,texture_weighted_mean,10.0,True,0.8559383528712773,0.03931409337319384,0.020797118722855706,0.023921336934136665,0.060029098098536654
img_b3bc50db9ce68bc1,selection_conditional_full_development_oof_v4,dataset_dev/01_opishnyan_ceramics/o224.jpg,01_opishnyan_ceramics,03_bubnivka_ceramics,False,0.7780778089742424,03_bubnivka_ceramics,01_opishnyan_ceramics,02_ornek,3,validation,srcgrp_b6dba6413920e1cb,src_global_opn_gray_catalog_b,unreviewed,unreviewed,global_cls__c10__source0p5,motif_texture_weighted_mean__c10__source0p5,texture_weighted_mean,10.0,True,0.21593312021597025,0.0026379263927652206,0.7780778089742424,0.0011178136393410723,0.0022333307776809985
img_baedaa0c71e3b7ab,selection_conditional_full_development_oof_v4,dataset_dev/01_opishnyan_ceramics/o227.jpg,01_opishnyan_ceramics,02_ornek,False,0.9520604218491081,02_ornek,01_opishnyan_ceramics,03_bubnivka_ceramics,4,train,obj_single_baedaa0c71e3b7ab,,unreviewed,unreviewed,global_cls__c10__source0p5,motif_texture_weighted_mean__c10__source0p5,texture_weighted_mean,10.0,True,0.022092126753348696,0.9520604218491081,0.01817651964839161,0.006725142279745157,0.0009457894694064827
img_cb94defd98ea0ecf,selection_conditional_full_development_oof_v4,dataset_dev/01_opishnyan_ceramics/o238_1.jpg,01_opishnyan_ceramics,02_ornek,False,0.45072681436401835,02_ornek,01_opishnyan_ceramics,03_bubnivka_ceramics,4,train,srcgrp_2f3fc2708dc7b50c,src_global_opn_shelf_figurines,figurine_or_sculpture,clear,global_cls__c10__source0p5,motif_texture_weighted_mean__c10__source0p5,texture_weighted_mean,10.0,True,0.3745575007596198,0.45072681436401835,0.16158114570375035,0.002174543973583196,0.010959995199028249
img_b6c8a1f25fcff781,selection_conditional_full_development_oof_v4,dataset_dev/01_opishnyan_ceramics/o238_2.jpg,01_opishnyan_ceramics,01_opishnyan_ceramics,True,0.9491879436166716,01_opishnyan_ceramics,03_bubnivka_ceramics,02_ornek,4,train,srcgrp_2f3fc2708dc7b50c,src_global_opn_shelf_figurines,figurine_or_sculpture,clear,global_cls__c10__source0p5,motif_texture_weighted_mean__c10__source0p5,texture_weighted_mean,10.0,True,0.9491879436166716,0.00775812295741843,0.04064618647422708,0.0006722935070650848,0.001735453444617823
img_2b60864c8acbd2ed,selection_conditional_full_development_oof_v4,dataset_dev/01_opishnyan_ceramics/o238_3.jpg,01_opishnyan_ceramics,02_ornek,False,0.5299781544421028,02_ornek,01_opishnyan_ceramics,03_bubnivka_ceramics,4,train,srcgrp_2f3fc2708dc7b50c,src_global_opn_shelf_figurines,figurine_or_sculpture,clear,global_cls__c10__source0p5,motif_texture_weighted_mean__c10__source0p5,texture_weighted_mean,10.0,True,0.4291284592616253,0.5299781544421028,0.03672927698572552,0.0025887229080558366,0.0015753864024904327
img_126cf508ef443a2e,selection_conditional_full_development_oof_v4,dataset_dev/01_opishnyan_ceramics/o238_4.jpg,01_opishnyan_ceramics,01_opishnyan_ceramics,True,0.722520441036381,01_opishnyan_ceramics,03_bubnivka_ceramics,02_ornek,4,train,srcgrp_2f3fc2708dc7b50c,src_global_opn_shelf_figurines,figurine_or_sculpture,clear,global_cls__c10__source0p5,motif_texture_weighted_mean__c10__source0p5,texture_weighted_mean,10.0,True,0.722520441036381,0.11690095572273118,0.14900022586688694,0.0028320960605483624,0.008746281313452467
img_3ee3eeef60f72437,selection_conditional_full_development_oof_v4,dataset_dev/01_opishnyan_ceramics/o238_5.jpg,01_opishnyan_ceramics,01_opishnyan_ceramics,True,0.620653881016753,01_opishnyan_ceramics,02_ornek,03_bubnivka_ceramics,4,train,srcgrp_2f3fc2708dc7b50c,src_global_opn_shelf_figurines,figurine_or_sculpture,clear,global_cls__c10__source0p5,motif_texture_weighted_mean__c10__source0p5,texture_weighted_mean,10.0,True,0.620653881016753,0.22601052246781744,0.13299209703164827,0.004622074096317034,0.01572142538746415
img_48c3e0ac7ac459c8,selection_conditional_full_development_oof_v4,dataset_dev/01_opishnyan_ceramics/o239_1.jpg,01_opishnyan_ceramics,01_opishnyan_ceramics,True,0.8571131132431479,01_opishnyan_ceramics,02_ornek,03_bubnivka_ceramics,4,train,srcgrp_2f3fc2708dc7b50c,src_global_opn_shelf_figurines,figurine_or_sculpture,clear,global_cls__c10__source0p5,motif_texture_weighted_mean__c10__source0p5,texture_weighted_mean,10.0,True,0.8571131132431479,0.04923355203530652,0.04880661343289084,0.0018363971928762066,0.04301032409577869
img_e74ffa08e7ae375a,selection_conditional_full_development_oof_v4,dataset_dev/01_opishnyan_ceramics/o239_2.jpg,01_opishnyan_ceramics,01_opishnyan_ceramics,True,0.916528424605913,01_opishnyan_ceramics,05_kosiv_ceramics,03_bubnivka_ceramics,4,train,srcgrp_2f3fc2708dc7b50c,src_global_opn_shelf_figurines,figurine_or_sculpture,clear,global_cls__c10__source0p5,motif_texture_weighted_mean__c10__source0p5,texture_weighted_mean,10.0,True,0.916528424605913,0.004743983266296222,0.03508745008117039,0.0004210341326875634,0.04321910791393279
img_d1fc44e2cf491131,selection_conditional_full_development_oof_v4,dataset_dev/01_opishnyan_ceramics/o239_3.jpg,01_opishnyan_ceramics,01_opishnyan_ceramics,True,0.770419804755102,01_opishnyan_ceramics,05_kosiv_ceramics,02_ornek,4,train,srcgrp_2f3fc2708dc7b50c,src_global_opn_shelf_figurines,figurine_or_sculpture,clear,global_cls__c10__source0p5,motif_texture_weighted_mean__c10__source0p5,texture_weighted_mean,10.0,True,0.770419804755102,0.03093155411991263,0.015225600757103445,0.0035071655078002897,0.17991587486008173
img_c8ef2eb10beb8067,selection_conditional_full_development_oof_v4,dataset_dev/01_opishnyan_ceramics/o239_4.jpg,01_opishnyan_ceramics,01_opishnyan_ceramics,True,0.8597248802326939,01_opishnyan_ceramics,05_kosiv_ceramics,03_bubnivka_ceramics,4,train,srcgrp_2f3fc2708dc7b50c,src_global_opn_shelf_figurines,figurine_or_sculpture,clear,global_cls__c10__source0p5,motif_texture_weighted_mean__c10__source0p5,texture_weighted_mean,10.0,True,0.8597248802326939,0.01684864169966298,0.054594497806106,0.0013658839845176133,0.06746609627701954
img_8236436c367459ed,selection_conditional_full_development_oof_v4,dataset_dev/01_opishnyan_ceramics/o239_5.jpg,01_opishnyan_ceramics,01_opishnyan_ceramics,True,0.5346003303623139,01_opishnyan_ceramics,05_kosiv_ceramics,03_bubnivka_ceramics,4,train,srcgrp_2f3fc2708dc7b50c,src_global_opn_shelf_figurines,figurine_or_sculpture,clear,global_cls__c10__source0p5,motif_texture_weighted_mean__c10__source0p5,texture_weighted_mean,10.0,True,0.5346003303623139,0.022407772233560403,0.17262015338588635,0.004130171884749775,0.2662415721334896
img_9dcae94b7c028b48,selection_conditional_full_development_oof_v4,dataset_dev/01_opishnyan_ceramics/o239_6.jpg,01_opishnyan_ceramics,01_opishnyan_ceramics,True,0.7654278975115056,01_opishnyan_ceramics,05_kosiv_ceramics,03_bubnivka_ceramics,4,train,srcgrp_2f3fc2708dc7b50c,src_global_opn_shelf_figurines,mixed_display_or_collection,small,global_cls__c10__source0p5,motif_texture_weighted_mean__c10__source0p5,texture_weighted_mean,10.0,True,0.7654278975115056,0.010992686243815306,0.031318882928426675,0.0036458141153818987,0.18861471920087036
img_93b2789a31126f29,selection_conditional_full_development_oof_v4,dataset_dev/01_opishnyan_ceramics/o240_1.jpg,01_opishnyan_ceramics,01_opishnyan_ceramics,True,0.6394668479240628,01_opishnyan_ceramics,05_kosiv_ceramics,03_bubnivka_ceramics,4,train,srcgrp_2f3fc2708dc7b50c,src_global_opn_shelf_figurines,figurine_or_sculpture,clear,global_cls__c10__source0p5,motif_texture_weighted_mean__c10__source0p5,texture_weighted_mean,10.0,True,0.6394668479240628,0.008707700915543341,0.05865407680707589,0.01003791409624024,0.2831334602570778
img_0d7ce2666d11bb48,selection_conditional_full_development_oof_v4,dataset_dev/01_opishnyan_ceramics/o240_2.jpg,01_opishnyan_ceramics,01_opishnyan_ceramics,True,0.6367526419841578,01_opishnyan_ceramics,05_kosiv_ceramics,02_ornek,4,train,srcgrp_2f3fc2708dc7b50c,src_global_opn_shelf_figurines,figurine_or_sculpture,clear,global_cls__c10__source0p5,motif_texture_weighted_mean__c10__source0p5,texture_weighted_mean,10.0,True,0.6367526419841578,0.037484469057833134,0.021033117798923515,0.0023541427901103574,0.3023756283689751
img_501e17ee4507ae59,selection_conditional_full_development_oof_v4,dataset_dev/01_opishnyan_ceramics/o240_3.jpg,01_opishnyan_ceramics,01_opishnyan_ceramics,True,0.8452897344332273,01_opishnyan_ceramics,05_kosiv_ceramics,02_ornek,4,train,srcgrp_2f3fc2708dc7b50c,src_global_opn_shelf_figurines,figurine_or_sculpture,clear,global_cls__c10__source0p5,motif_texture_weighted_mean__c10__source0p5,texture_weighted_mean,10.0,True,0.8452897344332273,0.04023293632166372,0.015739137254096026,0.0025164526430876406,0.09622173934792515
img_6f8c7cbb1fa03243,selection_conditional_full_development_oof_v4,dataset_dev/01_opishnyan_ceramics/o240_4.jpg,01_opishnyan_ceramics,01_opishnyan_ceramics,True,0.7257687246419312,01_opishnyan_ceramics,05_kosiv_ceramics,03_bubnivka_ceramics,4,train,srcgrp_2f3fc2708dc7b50c,src_global_opn_shelf_figurines,figurine_or_sculpture,clear,global_cls__c10__source0p5,motif_texture_weighted_mean__c10__source0p5,texture_weighted_mean,10.0,True,0.7257687246419312,0.012040954850612247,0.023081852653792537,0.007505040351577957,0.231603427502086
img_a86a1b6053becbfa,selection_conditional_full_development_oof_v4,dataset_dev/01_opishnyan_ceramics/o241_1.jpg,01_opishnyan_ceramics,01_opishnyan_ceramics,True,0.7177500303331164,01_opishnyan_ceramics,05_kosiv_ceramics,03_bubnivka_ceramics,4,train,srcgrp_2f3fc2708dc7b50c,src_global_opn_shelf_figurines,figurine_or_sculpture,clear,global_cls__c10__source0p5,motif_texture_weighted_mean__c10__source0p5,texture_weighted_mean,10.0,True,0.7177500303331164,0.02186020382602944,0.10969137762963962,0.002561945966539686,0.148136442244675
img_ffa7ba15d83ebe0b,selection_conditional_full_development_oof_v4,dataset_dev/01_opishnyan_ceramics/o241_2.jpg,01_opishnyan_ceramics,01_opishnyan_ceramics,True,0.8096349157905935,01_opishnyan_ceramics,05_kosiv_ceramics,03_bubnivka_ceramics,4,train,srcgrp_2f3fc2708dc7b50c,src_global_opn_shelf_figurines,figurine_or_sculpture,clear,global_cls__c10__source0p5,motif_texture_weighted_mean__c10__source0p5,texture_weighted_mean,10.0,True,0.8096349157905935,0.008992989473039774,0.06508281245981312,0.0027516335029305512,0.11353764877362313
img_54d25170201fb5ca,selection_conditional_full_development_oof_v4,dataset_dev/01_opishnyan_ceramics/o241_3.jpg,01_opishnyan_ceramics,05_kosiv_ceramics,False,0.3996102962101192,05_kosiv_ceramics,01_opishnyan_ceramics,03_bubnivka_ceramics,4,train,srcgrp_2f3fc2708dc7b50c,src_global_opn_shelf_figurines,figurine_or_sculpture,clear,global_cls__c10__source0p5,motif_texture_weighted_mean__c10__source0p5,texture_weighted_mean,10.0,True,0.39126744406437886,0.04090341189027015,0.1662382365413506,0.0019806112938812554,0.3996102962101192
img_7acc158d3d0724b0,selection_conditional_full_development_oof_v4,dataset_dev/01_opishnyan_ceramics/o241_4.jpg,01_opishnyan_ceramics,05_kosiv_ceramics,False,0.36419024273345213,05_kosiv_ceramics,01_opishnyan_ceramics,03_bubnivka_ceramics,4,train,srcgrp_2f3fc2708dc7b50c,src_global_opn_shelf_figurines,mixed_display_or_collection,partial,global_cls__c10__source0p5,motif_texture_weighted_mean__c10__source0p5,texture_weighted_mean,10.0,True,0.3310700463649498,0.029294778998422637,0.2681932554547661,0.0072516764484092874,0.36419024273345213
img_b8e4297448c9e0dc,selection_conditional_full_development_oof_v4,dataset_dev/01_opishnyan_ceramics/o242_1.jpg,01_opishnyan_ceramics,01_opishnyan_ceramics,True,0.5228235540044365,01_opishnyan_ceramics,02_ornek,03_bubnivka_ceramics,4,train,srcgrp_2f3fc2708dc7b50c,src_global_opn_shelf_figurines,figurine_or_sculpture,clear,global_cls__c10__source0p5,motif_texture_weighted_mean__c10__source0p5,texture_weighted_mean,10.0,True,0.5228235540044365,0.23185670557022212,0.13647923579158602,0.007853811879220166,0.10098669275453531
img_52eca838bac851ab,selection_conditional_full_development_oof_v4,dataset_dev/01_opishnyan_ceramics/o242_2.jpg,01_opishnyan_ceramics,01_opishnyan_ceramics,True,0.8955250485774474,01_opishnyan_ceramics,03_bubnivka_ceramics,05_kosiv_ceramics,4,train,srcgrp_2f3fc2708dc7b50c,src_global_opn_shelf_figurines,figurine_or_sculpture,clear,global_cls__c10__source0p5,motif_texture_weighted_mean__c10__source0p5,texture_weighted_mean,10.0,True,0.8955250485774474,0.023582471391476446,0.05128154841543683,0.0012112853743932262,0.028399646241246086
img_9f7b8342b05305bd,selection_conditional_full_development_oof_v4,dataset_dev/01_opishnyan_ceramics/o242_3.jpg,01_opishnyan_ceramics,01_opishnyan_ceramics,True,0.40800107978944644,01_opishnyan_ceramics,05_kosiv_ceramics,03_bubnivka_ceramics,4,train,srcgrp_2f3fc2708dc7b50c,src_global_opn_shelf_figurines,figurine_or_sculpture,clear,global_cls__c10__source0p5,motif_texture_weighted_mean__c10__source0p5,texture_weighted_mean,10.0,True,0.40800107978944644,0.15209116871472342,0.17443311397610436,0.011221415235299133,0.25425322228442676
img_7e2ec2a69156e43e,selection_conditional_full_development_oof_v4,dataset_dev/01_opishnyan_ceramics/o242_4.jpg,01_opishnyan_ceramics,01_opishnyan_ceramics,True,0.8910456936401633,01_opishnyan_ceramics,02_ornek,05_kosiv_ceramics,4,train,srcgrp_2f3fc2708dc7b50c,src_global_opn_shelf_figurines,figurine_or_sculpture,clear,global_cls__c10__source0p5,motif_texture_weighted_mean__c10__source0p5,texture_weighted_mean,10.0,True,0.8910456936401633,0.05508544027998647,0.0050647501610389094,0.0006561692144900887,0.048147946704321355
img_ce99660dc3c55c07,selection_conditional_full_development_oof_v4,dataset_dev/01_opishnyan_ceramics/o242_5.jpg,01_opishnyan_ceramics,01_opishnyan_ceramics,True,0.6523523934334399,01_opishnyan_ceramics,05_kosiv_ceramics,03_bubnivka_ceramics,4,train,srcgrp_2f3fc2708dc7b50c,src_global_opn_shelf_figurines,figurine_or_sculpture,clear,global_cls__c10__source0p5,motif_texture_weighted_mean__c10__source0p5,texture_weighted_mean,10.0,True,0.6523523934334399,0.08718934648836316,0.09827673203643353,0.00466033441624081,0.15752119362552267
img_8089ced9edc75267,selection_conditional_full_development_oof_v4,dataset_dev/01_opishnyan_ceramics/o243_1.jpg,01_opishnyan_ceramics,03_bubnivka_ceramics,False,0.6668279445992185,03_bubnivka_ceramics,01_opishnyan_ceramics,02_ornek,4,train,srcgrp_2f3fc2708dc7b50c,src_global_opn_shelf_figurines,figurine_or_sculpture,clear,global_cls__c10__source0p5,motif_texture_weighted_mean__c10__source0p5,texture_weighted_mean,10.0,True,0.2928185512871807,0.031243522711622868,0.6668279445992185,0.0045604698135313,0.004549511588446655
img_bd929df3fe7d5fbd,selection_conditional_full_development_oof_v4,dataset_dev/01_opishnyan_ceramics/o243_2.jpg,01_opishnyan_ceramics,03_bubnivka_ceramics,False,0.7659793859186963,03_bubnivka_ceramics,01_opishnyan_ceramics,02_ornek,4,train,srcgrp_2f3fc2708dc7b50c,src_global_opn_shelf_figurines,figurine_or_sculpture,clear,global_cls__c10__source0p5,motif_texture_weighted_mean__c10__source0p5,texture_weighted_mean,10.0,True,0.16982563736640843,0.035238038146329864,0.7659793859186963,0.007390236899630392,0.02156670166893508
img_b084220fc3fbdd26,selection_conditional_full_development_oof_v4,dataset_dev/01_opishnyan_ceramics/o243_3.jpg,01_opishnyan_ceramics,01_opishnyan_ceramics,True,0.852920528740035,01_opishnyan_ceramics,03_bubnivka_ceramics,02_ornek,4,train,srcgrp_2f3fc2708dc7b50c,src_global_opn_shelf_figurines,figurine_or_sculpture,clear,global_cls__c10__source0p5,motif_texture_weighted_mean__c10__source0p5,texture_weighted_mean,10.0,True,0.852920528740035,0.012934115305064128,0.12773791410886995,0.004738692965343056,0.0016687488806879113
img_d382e6f75f0a4dd9,selection_conditional_full_development_oof_v4,dataset_dev/01_opishnyan_ceramics/o243_4.jpg,01_opishnyan_ceramics,03_bubnivka_ceramics,False,0.6970979165258971,03_bubnivka_ceramics,01_opishnyan_ceramics,02_ornek,4,train,srcgrp_2f3fc2708dc7b50c,src_global_opn_shelf_figurines,figurine_or_sculpture,clear,global_cls__c10__source0p5,motif_texture_weighted_mean__c10__source0p5,texture_weighted_mean,10.0,True,0.24306625657657024,0.028504156749980306,0.6970979165258971,0.02336184377130624,0.007969826376246257
img_663ec2166ae0dfba,selection_conditional_full_development_oof_v4,dataset_dev/01_opishnyan_ceramics/o243_5.jpg,01_opishnyan_ceramics,03_bubnivka_ceramics,False,0.4939104631001195,03_bubnivka_ceramics,01_opishnyan_ceramics,02_ornek,4,train,srcgrp_2f3fc2708dc7b50c,src_global_opn_shelf_figurines,figurine_or_sculpture,clear,global_cls__c10__source0p5,motif_texture_weighted_mean__c10__source0p5,texture_weighted_mean,10.0,True,0.3345619534195208,0.1331007957118243,0.4939104631001195,0.036381842080637904,0.0020449456878976133
img_da84406d4e652347,selection_conditional_full_development_oof_v4,dataset_dev/01_opishnyan_ceramics/o243_6.jpg,01_opishnyan_ceramics,03_bubnivka_ceramics,False,0.5843540216299482,03_bubnivka_ceramics,01_opishnyan_ceramics,02_ornek,4,train,srcgrp_2f3fc2708dc7b50c,src_global_opn_shelf_figurines,figurine_or_sculpture,clear,global_cls__c10__source0p5,motif_texture_weighted_mean__c10__source0p5,texture_weighted_mean,10.0,True,0.39238541163763335,0.010479563620357705,0.5843540216299482,0.005367315733438111,0.007413687378622521
img_184565012f5c7981,selection_conditional_full_development_oof_v4,dataset_dev/01_opishnyan_ceramics/o243_7.jpg,01_opishnyan_ceramics,01_opishnyan_ceramics,True,0.8050955706509928,01_opishnyan_ceramics,03_bubnivka_ceramics,02_ornek,4,train,srcgrp_2f3fc2708dc7b50c,src_global_opn_shelf_figurines,figurine_or_sculpture,clear,global_cls__c10__source0p5,motif_texture_weighted_mean__c10__source0p5,texture_weighted_mean,10.0,True,0.8050955706509928,0.019329742229340786,0.17019256304826264,0.004152155999173839,0.0012299680722298522
img_0108d3ca73ddaba5,selection_conditional_full_development_oof_v4,dataset_dev/01_opishnyan_ceramics/o243_8.jpg,01_opishnyan_ceramics,03_bubnivka_ceramics,False,0.47898670947859906,03_bubnivka_ceramics,01_opishnyan_ceramics,02_ornek,4,train,srcgrp_2f3fc2708dc7b50c,src_global_opn_shelf_figurines,figurine_or_sculpture,clear,global_cls__c10__source0p5,motif_texture_weighted_mean__c10__source0p5,texture_weighted_mean,10.0,True,0.4750909902470041,0.026185819393761668,0.47898670947859906,0.010591882107913576,0.009144598772721698
img_2ec1a27617fae637,selection_conditional_full_development_oof_v4,dataset_dev/01_opishnyan_ceramics/o243_9.jpg,01_opishnyan_ceramics,03_bubnivka_ceramics,False,0.5895437263225511,03_bubnivka_ceramics,01_opishnyan_ceramics,05_kosiv_ceramics,4,train,srcgrp_2f3fc2708dc7b50c,src_global_opn_shelf_figurines,figurine_or_sculpture,small,global_cls__c10__source0p5,motif_texture_weighted_mean__c10__source0p5,texture_weighted_mean,10.0,True,0.3776871764233276,0.012797060646017044,0.5895437263225511,0.004081153104258812,0.015890883503845342
img_9a02fc391b896773,selection_conditional_full_development_oof_v4,dataset_dev/01_opishnyan_ceramics/o244_1.jpg,01_opishnyan_ceramics,01_opishnyan_ceramics,True,0.9951989429729138,01_opishnyan_ceramics,02_ornek,05_kosiv_ceramics,4,train,src_manual_071,,figurine_or_sculpture,clear,global_cls__c10__source0p5,motif_texture_weighted_mean__c10__source0p5,texture_weighted_mean,10.0,True,0.9951989429729138,0.0032151746555734067,9.73219772626036e-05,0.0002125809862314175,0.0012759794080187564
img_a19029b6ba3454ff,selection_conditional_full_development_oof_v4,dataset_dev/01_opishnyan_ceramics/o244_2.jpg,01_opishnyan_ceramics,01_opishnyan_ceramics,True,0.9894246997722178,01_opishnyan_ceramics,02_ornek,05_kosiv_ceramics,4,train,src_manual_071,,figurine_or_sculpture,clear,global_cls__c10__source0p5,motif_texture_weighted_mean__c10__source0p5,texture_weighted_mean,10.0,True,0.9894246997722178,0.008462902700112752,3.2932175050398245e-05,0.0004043708796806718,0.0016750944729383552
img_c72a524e4f88102a,selection_conditional_full_development_oof_v4,dataset_dev/01_opishnyan_ceramics/o245_1.jpg,01_opishnyan_ceramics,01_opishnyan_ceramics,True,0.9730510811885678,01_opishnyan_ceramics,03_bubnivka_ceramics,05_kosiv_ceramics,0,train,srcgrp_b30951e6e0850d05,src_global_opn_roundmark_catalog,figurine_or_sculpture,clear,global_cls__c10__source0p5,motif_texture_weighted_mean__c10__source0p5,texture_weighted_mean,10.0,True,0.9730510811885678,0.0004534239048403279,0.022672127955809803,0.0009062617598105059,0.0029171051909716414
img_0b3c4da4af95de05,selection_conditional_full_development_oof_v4,dataset_dev/01_opishnyan_ceramics/o245_2.jpg,01_opishnyan_ceramics,01_opishnyan_ceramics,True,0.9726606280500442,01_opishnyan_ceramics,03_bubnivka_ceramics,05_kosiv_ceramics,0,train,srcgrp_b30951e6e0850d05,src_global_opn_roundmark_catalog,figurine_or_sculpture,clear,global_cls__c10__source0p5,motif_texture_weighted_mean__c10__source0p5,texture_weighted_mean,10.0,True,0.9726606280500442,0.0011037881339842853,0.022292316047229643,0.0004369708742346969,0.0035062968945072334
img_c056a9378073298e,selection_conditional_full_development_oof_v4,dataset_dev/01_opishnyan_ceramics/o245_3.jpg,01_opishnyan_ceramics,01_opishnyan_ceramics,True,0.7929485709096621,01_opishnyan_ceramics,03_bubnivka_ceramics,05_kosiv_ceramics,0,train,srcgrp_b30951e6e0850d05,src_global_opn_roundmark_catalog,figurine_or_sculpture,clear,global_cls__c10__source0p5,motif_texture_weighted_mean__c10__source0p5,texture_weighted_mean,10.0,True,0.7929485709096621,0.0003725485460010886,0.19484884456185433,0.0006360418768943656,0.011193994105588044
img_f220c911b9f11601,selection_conditional_full_development_oof_v4,dataset_dev/01_opishnyan_ceramics/o245_4.jpg,01_opishnyan_ceramics,01_opishnyan_ceramics,True,0.8644600376047241,01_opishnyan_ceramics,03_bubnivka_ceramics,05_kosiv_ceramics,0,train,srcgrp_b30951e6e0850d05,src_global_opn_roundmark_catalog,figurine_or_sculpture,clear,global_cls__c10__source0p5,motif_texture_weighted_mean__c10__source0p5,texture_weighted_mean,10.0,True,0.8644600376047241,0.0012675430223420745,0.1103781991896905,0.0010567744598404263,0.02283744572340261
img_6f10c82d793e0751,selection_conditional_full_development_oof_v4,dataset_dev/01_opishnyan_ceramics/o245_5.jpg,01_opishnyan_ceramics,01_opishnyan_ceramics,True,0.995443603559209,01_opishnyan_ceramics,03_bubnivka_ceramics,05_kosiv_ceramics,0,train,srcgrp_b30951e6e0850d05,src_global_opn_roundmark_catalog,figurine_or_sculpture,clear,global_cls__c10__source0p5,motif_texture_weighted_mean__c10__source0p5,texture_weighted_mean,10.0,True,0.995443603559209,4.898686058537897e-05,0.0023377675196487287,0.00021571371364039583,0.001953928346916465
img_737bac91f3ea8376,selection_conditional_full_development_oof_v4,dataset_dev/01_opishnyan_ceramics/o245_6.jpg,01_opishnyan_ceramics,01_opishnyan_ceramics,True,0.995145923162717,01_opishnyan_ceramics,03_bubnivka_ceramics,05_kosiv_ceramics,0,train,srcgrp_b30951e6e0850d05,src_global_opn_roundmark_catalog,figurine_or_sculpture,clear,global_cls__c10__source0p5,motif_texture_weighted_mean__c10__source0p5,texture_weighted_mean,10.0,True,0.995145923162717,0.00011976936229483088,0.002239466829317998,0.0005958812407793837,0.0018989594048908693
img_bcf6de6e11703b1b,selection_conditional_full_development_oof_v4,dataset_dev/01_opishnyan_ceramics/o246_1.jpg,01_opishnyan_ceramics,02_ornek,False,0.6468801117307754,02_ornek,01_opishnyan_ceramics,05_kosiv_ceramics,0,train,srcgrp_b30951e6e0850d05,src_global_opn_roundmark_catalog,other,clear,global_cls__c10__source0p5,motif_texture_weighted_mean__c10__source0p5,texture_weighted_mean,10.0,True,0.3222860677932419,0.6468801117307754,0.01278503359970932,0.0011283207389546262,0.016920466137318655
img_735a80bba5ea6d78,selection_conditional_full_development_oof_v4,dataset_dev/01_opishnyan_ceramics/o246_2.jpg,01_opishnyan_ceramics,01_opishnyan_ceramics,True,0.9347375747214144,01_opishnyan_ceramics,02_ornek,05_kosiv_ceramics,0,train,srcgrp_b30951e6e0850d05,src_global_opn_roundmark_catalog,other,partial,global_cls__c10__source0p5,motif_texture_weighted_mean__c10__source0p5,texture_weighted_mean,10.0,True,0.9347375747214144,0.0627640990216016,0.0008033696246742252,0.000825366383223767,0.0008695902490861408
img_e9951e34c7533236,selection_conditional_full_development_oof_v4,dataset_dev/01_opishnyan_ceramics/o247_1.jpg,01_opishnyan_ceramics,01_opishnyan_ceramics,True,0.7037561160205509,01_opishnyan_ceramics,02_ornek,03_bubnivka_ceramics,0,train,srcgrp_b30951e6e0850d05,src_global_opn_roundmark_catalog,other,clear,global_cls__c10__source0p5,motif_texture_weighted_mean__c10__source0p5,texture_weighted_mean,10.0,True,0.7037561160205509,0.28681688241153896,0.005344888502664485,0.0014148025878652178,0.0026673104773805565
img_f54470248126f85e,selection_conditional_full_development_oof_v4,dataset_dev/01_opishnyan_ceramics/o247_2.jpg,01_opishnyan_ceramics,01_opishnyan_ceramics,True,0.990563520171692,01_opishnyan_ceramics,02_ornek,03_bubnivka_ceramics,0,train,srcgrp_b30951e6e0850d05,src_global_opn_roundmark_catalog,other,partial,global_cls__c10__source0p5,motif_texture_weighted_mean__c10__source0p5,texture_weighted_mean,10.0,True,0.990563520171692,0.007260587918444329,0.0010376029974172682,0.0007672811687379949,0.0003710077437082378
img_07d5477cf8f2a365,selection_conditional_full_development_oof_v4,dataset_dev/01_opishnyan_ceramics/o249_1.jpg,01_opishnyan_ceramics,01_opishnyan_ceramics,True,0.6850642526290857,01_opishnyan_ceramics,02_ornek,05_kosiv_ceramics,0,train,srcgrp_b30951e6e0850d05,src_global_opn_roundmark_catalog,other,clear,global_cls__c10__source0p5,motif_texture_weighted_mean__c10__source0p5,texture_weighted_mean,10.0,True,0.6850642526290857,0.2904033418940398,0.0024829113028036033,0.0004129575362727462,0.021636536637798194
img_d02dc6995ca23ff9,selection_conditional_full_development_oof_v4,dataset_dev/01_opishnyan_ceramics/o249_2.jpg,01_opishnyan_ceramics,01_opishnyan_ceramics,True,0.993818756014955,01_opishnyan_ceramics,02_ornek,03_bubnivka_ceramics,0,train,srcgrp_b30951e6e0850d05,src_global_opn_roundmark_catalog,other,partial,global_cls__c10__source0p5,motif_texture_weighted_mean__c10__source0p5,texture_weighted_mean,10.0,True,0.993818756014955,0.0054710376726203125,0.0003368438267788603,0.00012818023262434135,0.00024518225302139494
img_a200973fcd06472b,selection_conditional_full_development_oof_v4,dataset_dev/01_opishnyan_ceramics/o250_1.jpeg,01_opishnyan_ceramics,01_opishnyan_ceramics,True,0.9819608818822079,01_opishnyan_ceramics,05_kosiv_ceramics,03_bubnivka_ceramics,0,train,srcgrp_b30951e6e0850d05,src_global_opn_roundmark_catalog,figurine_or_sculpture,clear,global_cls__c10__source0p5,motif_texture_weighted_mean__c10__source0p5,texture_weighted_mean,10.0,True,0.9819608818822079,0.000627313971278915,0.0010885609562727978,0.0007137777206859424,0.01560946546955467
img_e7105b4870c7826c,selection_conditional_full_development_oof_v4,dataset_dev/01_opishnyan_ceramics/o250_2.jpeg,01_opishnyan_ceramics,01_opishnyan_ceramics,True,0.9574818327350187,01_opishnyan_ceramics,05_kosiv_ceramics,03_bubnivka_ceramics,0,train,srcgrp_b30951e6e0850d05,src_global_opn_roundmark_catalog,figurine_or_sculpture,clear,global_cls__c10__source0p5,motif_texture_weighted_mean__c10__source0p5,texture_weighted_mean,10.0,True,0.9574818327350187,0.00035250700740541743,0.006458716378410185,0.00044070502870810724,0.035266238850457626
img_7b9a7fe90a891e34,selection_conditional_full_development_oof_v4,dataset_dev/01_opishnyan_ceramics/o250_3.jpeg,01_opishnyan_ceramics,01_opishnyan_ceramics,True,0.9912569595087735,01_opishnyan_ceramics,05_kosiv_ceramics,03_bubnivka_ceramics,0,train,srcgrp_b30951e6e0850d05,src_global_opn_roundmark_catalog,figurine_or_sculpture,clear,global_cls__c10__source0p5,motif_texture_weighted_mean__c10__source0p5,texture_weighted_mean,10.0,True,0.9912569595087735,0.0004537521055820497,0.0009481248947596062,0.00024368238975289858,0.00709748110113217
img_2d6d81449e0fe606,selection_conditional_full_development_oof_v4,dataset_dev/01_opishnyan_ceramics/o250_4.jpeg,01_opishnyan_ceramics,01_opishnyan_ceramics,True,0.9609961172465158,01_opishnyan_ceramics,05_kosiv_ceramics,03_bubnivka_ceramics,0,train,srcgrp_b30951e6e0850d05,src_global_opn_roundmark_catalog,mixed_display_or_collection,small,global_cls__c10__source0p5,motif_texture_weighted_mean__c10__source0p5,texture_weighted_mean,10.0,True,0.9609961172465158,0.001995944368853257,0.0033237990524206,0.0006926044422708126,0.03299153488993956
img_113c5648b2a7208f,selection_conditional_full_development_oof_v4,dataset_dev/01_opishnyan_ceramics/o250_5.jpeg,01_opishnyan_ceramics,01_opishnyan_ceramics,True,0.994628929890059,01_opishnyan_ceramics,05_kosiv_ceramics,03_bubnivka_ceramics,0,train,srcgrp_b30951e6e0850d05,src_global_opn_roundmark_catalog,figurine_or_sculpture,clear,global_cls__c10__source0p5,motif_texture_weighted_mean__c10__source0p5,texture_weighted_mean,10.0,True,0.994628929890059,0.0008532909964243451,0.0019272090199587539,0.0003248614499756468,0.002265708643582077
img_a72f997d7f89b7c6,selection_conditional_full_development_oof_v4,dataset_dev/01_opishnyan_ceramics/o250_6.jpeg,01_opishnyan_ceramics,01_opishnyan_ceramics,True,0.9987384234584626,01_opishnyan_ceramics,03_bubnivka_ceramics,05_kosiv_ceramics,0,train,srcgrp_b30951e6e0850d05,src_global_opn_roundmark_catalog,mixed_display_or_collection,partial,global_cls__c10__source0p5,motif_texture_weighted_mean__c10__source0p5,texture_weighted_mean,10.0,True,0.9987384234584626,3.959922767318045e-05,0.0005465510134300752,0.00013349016273539945,0.0005419361376987495
img_2d252c9c994054a0,selection_conditional_full_development_oof_v4,dataset_dev/01_opishnyan_ceramics/o251_1.jpg,01_opishnyan_ceramics,01_opishnyan_ceramics,True,0.9865242811966484,01_opishnyan_ceramics,03_bubnivka_ceramics,02_ornek,0,train,srcgrp_b30951e6e0850d05,src_global_opn_roundmark_catalog,figurine_or_sculpture,clear,global_cls__c10__source0p5,motif_texture_weighted_mean__c10__source0p5,texture_weighted_mean,10.0,True,0.9865242811966484,0.0064382176451223995,0.006718029778589469,0.00011798764026551763,0.00020148373937430668
img_ca32b20a9cb88bbd,selection_conditional_full_development_oof_v4,dataset_dev/01_opishnyan_ceramics/o251_2.jpg,01_opishnyan_ceramics,01_opishnyan_ceramics,True,0.9229403684614896,01_opishnyan_ceramics,02_ornek,03_bubnivka_ceramics,0,train,srcgrp_b30951e6e0850d05,src_global_opn_roundmark_catalog,figurine_or_sculpture,clear,global_cls__c10__source0p5,motif_texture_weighted_mean__c10__source0p5,texture_weighted_mean,10.0,True,0.9229403684614896,0.04001508658253162,0.0353940845347447,0.00032043480912727216,0.0013300256121066458
img_067d2760a1a04dc0,selection_conditional_full_development_oof_v4,dataset_dev/01_opishnyan_ceramics/o251_3.jpg,01_opishnyan_ceramics,01_opishnyan_ceramics,True,0.9896201188372871,01_opishnyan_ceramics,03_bubnivka_ceramics,02_ornek,0,train,srcgrp_b30951e6e0850d05,src_global_opn_roundmark_catalog,figurine_or_sculpture,clear,global_cls__c10__source0p5,motif_texture_weighted_mean__c10__source0p5,texture_weighted_mean,10.0,True,0.9896201188372871,0.001592573455349319,0.00829245343168783,5.882184524843234e-05,0.0004360324304271461
img_110c9fea10138e38,selection_conditional_full_development_oof_v4,dataset_dev/01_opishnyan_ceramics/o253.jpg,01_opishnyan_ceramics,01_opishnyan_ceramics,True,0.8479045464022877,01_opishnyan_ceramics,02_ornek,05_kosiv_ceramics,0,train,srcgrp_b30951e6e0850d05,src_global_opn_roundmark_catalog,unreviewed,unreviewed,global_cls__c10__source0p5,motif_texture_weighted_mean__c10__source0p5,texture_weighted_mean,10.0,True,0.8479045464022877,0.1453600043600805,0.0015207569296594797,0.0024049648333291647,0.0028097274746433313
img_de1095350dc23f20,selection_conditional_full_development_oof_v4,dataset_dev/01_opishnyan_ceramics/o255.jpg,01_opishnyan_ceramics,01_opishnyan_ceramics,True,0.671465759490274,01_opishnyan_ceramics,02_ornek,04_petrykivka_painting,0,train,srcgrp_b30951e6e0850d05,src_global_opn_roundmark_catalog,unreviewed,unreviewed,global_cls__c10__source0p5,motif_texture_weighted_mean__c10__source0p5,texture_weighted_mean,10.0,True,0.671465759490274,0.32469930809849795,0.001518081893055001,0.0017273870154171029,0.0005894635027558498
img_4563d33a9083e4ad,selection_conditional_full_development_oof_v4,dataset_dev/01_opishnyan_ceramics/o256.jpg,01_opishnyan_ceramics,01_opishnyan_ceramics,True,0.9644734184755197,01_opishnyan_ceramics,02_ornek,05_kosiv_ceramics,0,train,srcgrp_b30951e6e0850d05,src_global_opn_roundmark_catalog,unreviewed,unreviewed,global_cls__c10__source0p5,motif_texture_weighted_mean__c10__source0p5,texture_weighted_mean,10.0,True,0.9644734184755197,0.023496181019891323,0.0003722452278200301,0.0005604224629340781,0.011097732813835073
img_c9e617c6a91eec3a,selection_conditional_full_development_oof_v4,dataset_dev/01_opishnyan_ceramics/o258.jpg,01_opishnyan_ceramics,01_opishnyan_ceramics,True,0.7764814297644325,01_opishnyan_ceramics,02_ornek,03_bubnivka_ceramics,0,train,srcgrp_b30951e6e0850d05,src_global_opn_roundmark_catalog,unreviewed,unreviewed,global_cls__c10__source0p5,motif_texture_weighted_mean__c10__source0p5,texture_weighted_mean,10.0,True,0.7764814297644325,0.22030974801633035,0.0022260762482889935,0.0001841345338970723,0.0007986114370509805
img_aeb8046d8de64911,selection_conditional_full_development_oof_v4,dataset_dev/01_opishnyan_ceramics/o259_1.jpg,01_opishnyan_ceramics,01_opishnyan_ceramics,True,0.9967096939746295,01_opishnyan_ceramics,02_ornek,05_kosiv_ceramics,0,train,srcgrp_b30951e6e0850d05,src_global_opn_roundmark_catalog,figurine_or_sculpture,clear,global_cls__c10__source0p5,motif_texture_weighted_mean__c10__source0p5,texture_weighted_mean,10.0,True,0.9967096939746295,0.0023612125544013036,0.00017334548688521825,0.00012550081127313124,0.0006302471728109386
img_6c5876976b4e9f46,selection_conditional_full_development_oof_v4,dataset_dev/01_opishnyan_ceramics/o259_2.jpg,01_opishnyan_ceramics,01_opishnyan_ceramics,True,0.9948574482919719,01_opishnyan_ceramics,02_ornek,05_kosiv_ceramics,0,train,srcgrp_b30951e6e0850d05,src_global_opn_roundmark_catalog,figurine_or_sculpture,clear,global_cls__c10__source0p5,motif_texture_weighted_mean__c10__source0p5,texture_weighted_mean,10.0,True,0.9948574482919719,0.0035824725950722677,0.00014542706561030127,0.00015728829108382117,0.0012573637562617146
img_834e92172ea5c178,selection_conditional_full_development_oof_v4,dataset_dev/01_opishnyan_ceramics/o260_1.jpg,01_opishnyan_ceramics,01_opishnyan_ceramics,True,0.9475920773098611,01_opishnyan_ceramics,05_kosiv_ceramics,03_bubnivka_ceramics,0,train,srcgrp_b30951e6e0850d05,src_global_opn_roundmark_catalog,figurine_or_sculpture,clear,global_cls__c10__source0p5,motif_texture_weighted_mean__c10__source0p5,texture_weighted_mean,10.0,True,0.9475920773098611,0.004834993003464494,0.01031612531421804,0.0021707592988905247,0.035086045073566
img_54aae79e4b5022fd,selection_conditional_full_development_oof_v4,dataset_dev/01_opishnyan_ceramics/o260_2.jpg,01_opishnyan_ceramics,01_opishnyan_ceramics,True,0.9826377191007286,01_opishnyan_ceramics,05_kosiv_ceramics,03_bubnivka_ceramics,0,train,srcgrp_b30951e6e0850d05,src_global_opn_roundmark_catalog,figurine_or_sculpture,clear,global_cls__c10__source0p5,motif_texture_weighted_mean__c10__source0p5,texture_weighted_mean,10.0,True,0.9826377191007286,0.0015315869529898471,0.004219706538665331,0.0006733384315092478,0.010937648976107104
img_a9c59628cbf6adbe,selection_conditional_full_development_oof_v4,dataset_dev/01_opishnyan_ceramics/o261_1.jpg,01_opishnyan_ceramics,01_opishnyan_ceramics,True,0.9221728015030085,01_opishnyan_ceramics,05_kosiv_ceramics,03_bubnivka_ceramics,0,train,srcgrp_b30951e6e0850d05,src_global_opn_roundmark_catalog,figurine_or_sculpture,clear,global_cls__c10__source0p5,motif_texture_weighted_mean__c10__source0p5,texture_weighted_mean,10.0,True,0.9221728015030085,0.004158835010050696,0.024388207479031858,0.0018288866641123346,0.04745126934379657
img_362230d5f73b992b,selection_conditional_full_development_oof_v4,dataset_dev/01_opishnyan_ceramics/o261_2.jpg,01_opishnyan_ceramics,01_opishnyan_ceramics,True,0.9539458996979809,01_opishnyan_ceramics,05_kosiv_ceramics,03_bubnivka_ceramics,0,train,srcgrp_b30951e6e0850d05,src_global_opn_roundmark_catalog,figurine_or_sculpture,clear,global_cls__c10__source0p5,motif_texture_weighted_mean__c10__source0p5,texture_weighted_mean,10.0,True,0.9539458996979809,0.0010412292477457957,0.018436081608984117,0.0012871576636655103,0.025289631781623443
img_c1b5cceac248bfed,selection_conditional_full_development_oof_v4,dataset_dev/01_opishnyan_ceramics/o262_1.jpg,01_opishnyan_ceramics,01_opishnyan_ceramics,True,0.9562958469871696,01_opishnyan_ceramics,05_kosiv_ceramics,03_bubnivka_ceramics,0,train,srcgrp_b30951e6e0850d05,src_global_opn_roundmark_catalog,figurine_or_sculpture,clear,global_cls__c10__source0p5,motif_texture_weighted_mean__c10__source0p5,texture_weighted_mean,10.0,True,0.9562958469871696,0.0062439014798946,0.017082941773294637,0.0012304391939502498,0.019146870565690945
img_c419c65b051ca923,selection_conditional_full_development_oof_v4,dataset_dev/01_opishnyan_ceramics/o262_2.jpg,01_opishnyan_ceramics,01_opishnyan_ceramics,True,0.9845111578376494,01_opishnyan_ceramics,03_bubnivka_ceramics,05_kosiv_ceramics,0,train,srcgrp_b30951e6e0850d05,src_global_opn_roundmark_catalog,figurine_or_sculpture,clear,global_cls__c10__source0p5,motif_texture_weighted_mean__c10__source0p5,texture_weighted_mean,10.0,True,0.9845111578376494,0.002299601205399758,0.006897571588375105,0.0005413960599595809,0.005750273308616186
img_c228fc750f00f843,selection_conditional_full_development_oof_v4,dataset_dev/01_opishnyan_ceramics/o262_3.jpg,01_opishnyan_ceramics,01_opishnyan_ceramics,True,0.9664632088368119,01_opishnyan_ceramics,03_bubnivka_ceramics,05_kosiv_ceramics,0,train,srcgrp_b30951e6e0850d05,src_global_opn_roundmark_catalog,figurine_or_sculpture,clear,global_cls__c10__source0p5,motif_texture_weighted_mean__c10__source0p5,texture_weighted_mean,10.0,True,0.9664632088368119,0.0012551153138342034,0.017180410166190433,0.0003928501028849018,0.014708415580278512
img_4e624a80186723dd,selection_conditional_full_development_oof_v4,dataset_dev/01_opishnyan_ceramics/o263_1.jpg,01_opishnyan_ceramics,01_opishnyan_ceramics,True,0.8173865436104542,01_opishnyan_ceramics,03_bubnivka_ceramics,05_kosiv_ceramics,0,train,srcgrp_b30951e6e0850d05,src_global_opn_roundmark_catalog,figurine_or_sculpture,clear,global_cls__c10__source0p5,motif_texture_weighted_mean__c10__source0p5,texture_weighted_mean,10.0,True,0.8173865436104542,0.006658184016341591,0.11655747238075602,0.005773747631583219,0.05362405236086491
img_9ef03e8749bf03cf,selection_conditional_full_development_oof_v4,dataset_dev/01_opishnyan_ceramics/o263_2.jpg,01_opishnyan_ceramics,01_opishnyan_ceramics,True,0.8974626130750964,01_opishnyan_ceramics,03_bubnivka_ceramics,02_ornek,0,train,srcgrp_b30951e6e0850d05,src_global_opn_roundmark_catalog,figurine_or_sculpture,clear,global_cls__c10__source0p5,motif_texture_weighted_mean__c10__source0p5,texture_weighted_mean,10.0,True,0.8974626130750964,0.017648643886309698,0.0715142318747948,0.0026607247757186618,0.010713786388080442
img_009dc1f3ecc3edce,selection_conditional_full_development_oof_v4,dataset_dev/01_opishnyan_ceramics/o263_3.jpg,01_opishnyan_ceramics,01_opishnyan_ceramics,True,0.812924945165607,01_opishnyan_ceramics,03_bubnivka_ceramics,05_kosiv_ceramics,0,train,srcgrp_b30951e6e0850d05,src_global_opn_roundmark_catalog,figurine_or_sculpture,clear,global_cls__c10__source0p5,motif_texture_weighted_mean__c10__source0p5,texture_weighted_mean,10.0,True,0.812924945165607,0.012810609293881852,0.10197058195240913,0.003211980527770016,0.06908188306033224
img_0241575b9e86ac6c,selection_conditional_full_development_oof_v4,dataset_dev/01_opishnyan_ceramics/o265_1.jpg,01_opishnyan_ceramics,01_opishnyan_ceramics,True,0.9027348075477427,01_opishnyan_ceramics,03_bubnivka_ceramics,05_kosiv_ceramics,0,train,srcgrp_b30951e6e0850d05,src_global_opn_roundmark_catalog,figurine_or_sculpture,clear,global_cls__c10__source0p5,motif_texture_weighted_mean__c10__source0p5,texture_weighted_mean,10.0,True,0.9027348075477427,0.00181305583324711,0.04738805243412614,0.0019659743483199056,0.04609810983656405
img_a68d6d2809aa979a,selection_conditional_full_development_oof_v4,dataset_dev/01_opishnyan_ceramics/o265_2.jpg,01_opishnyan_ceramics,01_opishnyan_ceramics,True,0.9389171163800833,01_opishnyan_ceramics,05_kosiv_ceramics,03_bubnivka_ceramics,0,train,srcgrp_b30951e6e0850d05,src_global_opn_roundmark_catalog,figurine_or_sculpture,clear,global_cls__c10__source0p5,motif_texture_weighted_mean__c10__source0p5,texture_weighted_mean,10.0,True,0.9389171163800833,0.0031802053821017484,0.024886278109594383,0.0010699782528060683,0.03194642187541438
img_b76567c1882f8024,selection_conditional_full_development_oof_v4,dataset_dev/01_opishnyan_ceramics/o266_1.jpg,01_opishnyan_ceramics,01_opishnyan_ceramics,True,0.9798839960000948,01_opishnyan_ceramics,02_ornek,03_bubnivka_ceramics,0,train,srcgrp_b30951e6e0850d05,src_global_opn_roundmark_catalog,figurine_or_sculpture,clear,global_cls__c10__source0p5,motif_texture_weighted_mean__c10__source0p5,texture_weighted_mean,10.0,True,0.9798839960000948,0.018589191205054856,0.0007350497916047834,0.00044383477541658315,0.00034792822782886814
img_b138be2de96df993,selection_conditional_full_development_oof_v4,dataset_dev/01_opishnyan_ceramics/o266_2.jpg,01_opishnyan_ceramics,01_opishnyan_ceramics,True,0.8817262567148176,01_opishnyan_ceramics,02_ornek,04_petrykivka_painting,0,train,srcgrp_b30951e6e0850d05,src_global_opn_roundmark_catalog,figurine_or_sculpture,clear,global_cls__c10__source0p5,motif_texture_weighted_mean__c10__source0p5,texture_weighted_mean,10.0,True,0.8817262567148176,0.11734016881527257,0.00028184813125361037,0.000343062183370823,0.0003086641552853099
img_585714093b7c5de4,selection_conditional_full_development_oof_v4,dataset_dev/01_opishnyan_ceramics/o267.jpg,01_opishnyan_ceramics,01_opishnyan_ceramics,True,0.9911965554201307,01_opishnyan_ceramics,03_bubnivka_ceramics,02_ornek,0,train,srcgrp_b30951e6e0850d05,src_global_opn_roundmark_catalog,figurine_or_sculpture,clear,global_cls__c10__source0p5,motif_texture_weighted_mean__c10__source0p5,texture_weighted_mean,10.0,True,0.9911965554201307,0.0035770674899549305,0.0051052917102742375,6.941560717768985e-05,5.166977246229836e-05
img_4acec48e98c96b9d,selection_conditional_full_development_oof_v4,dataset_dev/01_opishnyan_ceramics/o267_2.jpg,01_opishnyan_ceramics,01_opishnyan_ceramics,True,0.9780380074129711,01_opishnyan_ceramics,02_ornek,03_bubnivka_ceramics,0,train,srcgrp_b30951e6e0850d05,src_global_opn_roundmark_catalog,figurine_or_sculpture,clear,global_cls__c10__source0p5,motif_texture_weighted_mean__c10__source0p5,texture_weighted_mean,10.0,True,0.9780380074129711,0.02007275426014085,0.0017529488213852695,8.158084586943587e-05,5.470865963332224e-05
img_69ce860e75bebdfa,selection_conditional_full_development_oof_v4,dataset_dev/01_opishnyan_ceramics/o268_1.jpg,01_opishnyan_ceramics,01_opishnyan_ceramics,True,0.9953412033345395,01_opishnyan_ceramics,03_bubnivka_ceramics,02_ornek,0,train,srcgrp_b30951e6e0850d05,src_global_opn_roundmark_catalog,figurine_or_sculpture,clear,global_cls__c10__source0p5,motif_texture_weighted_mean__c10__source0p5,texture_weighted_mean,10.0,True,0.9953412033345395,0.0011568712340078785,0.00338712518743408,4.988797953583574e-05,6.491226448258628e-05
img_6e605b49f3c48ced,selection_conditional_full_development_oof_v4,dataset_dev/01_opishnyan_ceramics/o268_2.jpg,01_opishnyan_ceramics,01_opishnyan_ceramics,True,0.9793972214071652,01_opishnyan_ceramics,03_bubnivka_ceramics,02_ornek,0,train,srcgrp_b30951e6e0850d05,src_global_opn_roundmark_catalog,figurine_or_sculpture,clear,global_cls__c10__source0p5,motif_texture_weighted_mean__c10__source0p5,texture_weighted_mean,10.0,True,0.9793972214071652,0.005189955984889804,0.01482913878888881,9.133317210763006e-05,0.0004923506469484202
img_1a0d183cb8c5aded,selection_conditional_full_development_oof_v4,dataset_dev/01_opishnyan_ceramics/o269_1.jpg,01_opishnyan_ceramics,01_opishnyan_ceramics,True,0.9867276844536778,01_opishnyan_ceramics,03_bubnivka_ceramics,02_ornek,0,train,srcgrp_b30951e6e0850d05,src_global_opn_roundmark_catalog,figurine_or_sculpture,clear,global_cls__c10__source0p5,motif_texture_weighted_mean__c10__source0p5,texture_weighted_mean,10.0,True,0.9867276844536778,0.006072616815435163,0.006731529291499811,0.00021479601332483742,0.00025337342606259914
img_7c2c910fab25cee0,selection_conditional_full_development_oof_v4,dataset_dev/01_opishnyan_ceramics/o269_2.jpg,01_opishnyan_ceramics,01_opishnyan_ceramics,True,0.9748532698944972,01_opishnyan_ceramics,02_ornek,03_bubnivka_ceramics,0,train,srcgrp_b30951e6e0850d05,src_global_opn_roundmark_catalog,figurine_or_sculpture,clear,global_cls__c10__source0p5,motif_texture_weighted_mean__c10__source0p5,texture_weighted_mean,10.0,True,0.9748532698944972,0.015366823434740752,0.009533376330955435,0.00016070377000624046,8.582656980051721e-05
img_ec1906b378d9dd37,selection_conditional_full_development_oof_v4,dataset_dev/01_opishnyan_ceramics/o270_1.jpg,01_opishnyan_ceramics,01_opishnyan_ceramics,True,0.9575780138028835,01_opishnyan_ceramics,03_bubnivka_ceramics,02_ornek,0,train,srcgrp_b30951e6e0850d05,src_global_opn_roundmark_catalog,figurine_or_sculpture,clear,global_cls__c10__source0p5,motif_texture_weighted_mean__c10__source0p5,texture_weighted_mean,10.0,True,0.9575780138028835,0.009926531762415826,0.026872183632514417,0.0007212398903603161,0.004902030911825873
img_8c888f2bdb442f31,selection_conditional_full_development_oof_v4,dataset_dev/01_opishnyan_ceramics/o270_2.jpg,01_opishnyan_ceramics,01_opishnyan_ceramics,True,0.9699365020293699,01_opishnyan_ceramics,03_bubnivka_ceramics,02_ornek,0,train,srcgrp_b30951e6e0850d05,src_global_opn_roundmark_catalog,figurine_or_sculpture,clear,global_cls__c10__source0p5,motif_texture_weighted_mean__c10__source0p5,texture_weighted_mean,10.0,True,0.9699365020293699,0.003746333963843386,0.022789917719632593,0.00043960169898404905,0.0030876445881700093
img_06c5563fba349e83,selection_conditional_full_development_oof_v4,dataset_dev/01_opishnyan_ceramics/o270_3.jpg,01_opishnyan_ceramics,01_opishnyan_ceramics,True,0.8928811681036253,01_opishnyan_ceramics,03_bubnivka_ceramics,02_ornek,0,train,srcgrp_b30951e6e0850d05,src_global_opn_roundmark_catalog,figurine_or_sculpture,clear,global_cls__c10__source0p5,motif_texture_weighted_mean__c10__source0p5,texture_weighted_mean,10.0,True,0.8928811681036253,0.019325010350788846,0.08511319938116191,0.0004302787661954198,0.0022503433982284655
img_5e07f8c226080cb2,selection_conditional_full_development_oof_v4,dataset_dev/01_opishnyan_ceramics/o271_1.jpg,01_opishnyan_ceramics,01_opishnyan_ceramics,True,0.9598089327250365,01_opishnyan_ceramics,03_bubnivka_ceramics,05_kosiv_ceramics,0,train,srcgrp_b30951e6e0850d05,src_global_opn_roundmark_catalog,figurine_or_sculpture,clear,global_cls__c10__source0p5,motif_texture_weighted_mean__c10__source0p5,texture_weighted_mean,10.0,True,0.9598089327250365,0.00026767474740120985,0.03852478896604259,0.0006047138755644178,0.0007938896859551384
img_c00eab243e48431e,selection_conditional_full_development_oof_v4,dataset_dev/01_opishnyan_ceramics/o271_2.jpg,01_opishnyan_ceramics,01_opishnyan_ceramics,True,0.892288110051876,01_opishnyan_ceramics,03_bubnivka_ceramics,05_kosiv_ceramics,0,train,srcgrp_b30951e6e0850d05,src_global_opn_roundmark_catalog,figurine_or_sculpture,clear,global_cls__c10__source0p5,motif_texture_weighted_mean__c10__source0p5,texture_weighted_mean,10.0,True,0.892288110051876,0.0005030254641656064,0.10531380466300766,0.0007855266099359691,0.001109533211014959
img_380bccfc3701715d,selection_conditional_full_development_oof_v4,dataset_dev/01_opishnyan_ceramics/o272.jpg,01_opishnyan_ceramics,01_opishnyan_ceramics,True,0.9777635989862262,01_opishnyan_ceramics,03_bubnivka_ceramics,05_kosiv_ceramics,0,train,srcgrp_b30951e6e0850d05,src_global_opn_roundmark_catalog,cup_or_mug,clear,global_cls__c10__source0p5,motif_texture_weighted_mean__c10__source0p5,texture_weighted_mean,10.0,True,0.9777635989862262,0.0056552718681127335,0.007612733741241359,0.0017074628801832434,0.007260932524236515
img_ac33dd3db98a540d,selection_conditional_full_development_oof_v4,dataset_dev/01_opishnyan_ceramics/o273.jpg,01_opishnyan_ceramics,01_opishnyan_ceramics,True,0.9847311268390172,01_opishnyan_ceramics,02_ornek,05_kosiv_ceramics,0,train,srcgrp_b30951e6e0850d05,src_global_opn_roundmark_catalog,cup_or_mug,clear,global_cls__c10__source0p5,motif_texture_weighted_mean__c10__source0p5,texture_weighted_mean,10.0,True,0.9847311268390172,0.008146726275012707,0.0010753593717617636,0.0005248800989450567,0.005521907415263461
img_6cb591ecd70a8a1a,selection_conditional_full_development_oof_v4,dataset_dev/01_opishnyan_ceramics/o275_1.jpg,01_opishnyan_ceramics,01_opishnyan_ceramics,True,0.9830674163156266,01_opishnyan_ceramics,03_bubnivka_ceramics,02_ornek,0,train,srcgrp_b30951e6e0850d05,src_global_opn_roundmark_catalog,figurine_or_sculpture,clear,global_cls__c10__source0p5,motif_texture_weighted_mean__c10__source0p5,texture_weighted_mean,10.0,True,0.9830674163156266,0.0045683449366305156,0.009827118911700966,0.00018011996779153952,0.002356999868250563
img_6c5d025af71a5b4a,selection_conditional_full_development_oof_v4,dataset_dev/01_opishnyan_ceramics/o275_2.jpg,01_opishnyan_ceramics,01_opishnyan_ceramics,True,0.9851399782350293,01_opishnyan_ceramics,03_bubnivka_ceramics,02_ornek,0,train,srcgrp_b30951e6e0850d05,src_global_opn_roundmark_catalog,figurine_or_sculpture,clear,global_cls__c10__source0p5,motif_texture_weighted_mean__c10__source0p5,texture_weighted_mean,10.0,True,0.9851399782350293,0.003806351604350599,0.00891256617444404,0.00042842541041510475,0.001712678575760847
img_70ace851c0eea7de,selection_conditional_full_development_oof_v4,dataset_dev/01_opishnyan_ceramics/o277_1.jpg,01_opishnyan_ceramics,01_opishnyan_ceramics,True,0.9672992523280803,01_opishnyan_ceramics,05_kosiv_ceramics,02_ornek,0,train,srcgrp_b30951e6e0850d05,src_global_opn_roundmark_catalog,vase_jug_or_vessel,clear,global_cls__c10__source0p5,motif_texture_weighted_mean__c10__source0p5,texture_weighted_mean,10.0,True,0.9672992523280803,0.0071226976367612434,0.002145347112572465,0.0027219646724245586,0.020710738250161394
img_4501eafafbe8ace5,selection_conditional_full_development_oof_v4,dataset_dev/01_opishnyan_ceramics/o277_2.jpg,01_opishnyan_ceramics,01_opishnyan_ceramics,True,0.9496164562303857,01_opishnyan_ceramics,05_kosiv_ceramics,02_ornek,0,train,srcgrp_b30951e6e0850d05,src_global_opn_roundmark_catalog,vase_jug_or_vessel,clear,global_cls__c10__source0p5,motif_texture_weighted_mean__c10__source0p5,texture_weighted_mean,10.0,True,0.9496164562303857,0.022264349778833865,0.0033040916143054406,0.0023229175142390163,0.0224921848622359
img_e7fbbd29e7795674,selection_conditional_full_development_oof_v4,dataset_dev/01_opishnyan_ceramics/o278.jpg,01_opishnyan_ceramics,01_opishnyan_ceramics,True,0.979019026581063,01_opishnyan_ceramics,02_ornek,03_bubnivka_ceramics,0,train,srcgrp_b30951e6e0850d05,src_global_opn_roundmark_catalog,plate_or_bowl,clear,global_cls__c10__source0p5,motif_texture_weighted_mean__c10__source0p5,texture_weighted_mean,10.0,True,0.979019026581063,0.010098658772407197,0.007396434462245062,0.00046324937695926897,0.0030226308073254826
img_572c2f01a7795729,selection_conditional_full_development_oof_v4,dataset_dev/01_opishnyan_ceramics/o279.jpg,01_opishnyan_ceramics,01_opishnyan_ceramics,True,0.9650627171780892,01_opishnyan_ceramics,02_ornek,05_kosiv_ceramics,0,train,srcgrp_b30951e6e0850d05,src_global_opn_roundmark_catalog,plate_or_bowl,clear,global_cls__c10__source0p5,motif_texture_weighted_mean__c10__source0p5,texture_weighted_mean,10.0,True,0.9650627171780892,0.024078813513752666,0.004639462751394664,0.0002624835395057493,0.005956523017257804
img_c1b2a52932d538fe,selection_conditional_full_development_oof_v4,dataset_dev/01_opishnyan_ceramics/o281.jpg,01_opishnyan_ceramics,01_opishnyan_ceramics,True,0.8023050900585389,01_opishnyan_ceramics,03_bubnivka_ceramics,05_kosiv_ceramics,0,train,srcgrp_b30951e6e0850d05,src_global_opn_roundmark_catalog,plate_or_bowl,clear,global_cls__c10__source0p5,motif_texture_weighted_mean__c10__source0p5,texture_weighted_mean,10.0,True,0.8023050900585389,0.022685324267005518,0.12907215491559576,0.016406296982425725,0.029531133776434036
img_4b4819eb3477e515,selection_conditional_full_development_oof_v4,dataset_dev/01_opishnyan_ceramics/o282_1.jpg,01_opishnyan_ceramics,01_opishnyan_ceramics,True,0.7493255653693748,01_opishnyan_ceramics,05_kosiv_ceramics,02_ornek,0,train,srcgrp_b30951e6e0850d05,src_global_opn_roundmark_catalog,other,clear,global_cls__c10__source0p5,motif_texture_weighted_mean__c10__source0p5,texture_weighted_mean,10.0,True,0.7493255653693748,0.08768956872988604,0.00409949645695928,0.004516749862972041,0.15436861958080775
img_1bda9aa0c6417235,selection_conditional_full_development_oof_v4,dataset_dev/01_opishnyan_ceramics/o282_2.jpg,01_opishnyan_ceramics,01_opishnyan_ceramics,True,0.8453583833391701,01_opishnyan_ceramics,05_kosiv_ceramics,02_ornek,0,train,srcgrp_b30951e6e0850d05,src_global_opn_roundmark_catalog,other,clear,global_cls__c10__source0p5,motif_texture_weighted_mean__c10__source0p5,texture_weighted_mean,10.0,True,0.8453583833391701,0.04562159609780205,0.0031559788167797795,0.0031725841592602556,0.10269145758698761
img_aa242586187f5fbe,selection_conditional_full_development_oof_v4,dataset_dev/01_opishnyan_ceramics/o285.jpeg,01_opishnyan_ceramics,01_opishnyan_ceramics,True,0.5579118720527428,01_opishnyan_ceramics,02_ornek,05_kosiv_ceramics,0,train,srcgrp_b30951e6e0850d05,src_global_opn_roundmark_catalog,other,clear,global_cls__c10__source0p5,motif_texture_weighted_mean__c10__source0p5,texture_weighted_mean,10.0,True,0.5579118720527428,0.374388989248126,0.005933895804568037,0.017036815938171856,0.04472842695639125
img_31e421669e3f6a58,selection_conditional_full_development_oof_v4,dataset_dev/01_opishnyan_ceramics/o287_1.jpg,01_opishnyan_ceramics,01_opishnyan_ceramics,True,0.9811019315375007,01_opishnyan_ceramics,03_bubnivka_ceramics,05_kosiv_ceramics,0,train,srcgrp_b30951e6e0850d05,src_global_opn_roundmark_catalog,figurine_or_sculpture,clear,global_cls__c10__source0p5,motif_texture_weighted_mean__c10__source0p5,texture_weighted_mean,10.0,True,0.9811019315375007,0.0005231192656226379,0.010542851418570733,0.0004409799884362783,0.007391117789869669
img_40c84d6d2bdeeb14,selection_conditional_full_development_oof_v4,dataset_dev/01_opishnyan_ceramics/o287_2.jpg,01_opishnyan_ceramics,01_opishnyan_ceramics,True,0.9711306123129744,01_opishnyan_ceramics,05_kosiv_ceramics,03_bubnivka_ceramics,0,train,srcgrp_b30951e6e0850d05,src_global_opn_roundmark_catalog,figurine_or_sculpture,clear,global_cls__c10__source0p5,motif_texture_weighted_mean__c10__source0p5,texture_weighted_mean,10.0,True,0.9711306123129744,0.0021455344101298547,0.009576120192980247,0.0003274936174141639,0.01682023946650141
img_e132ab402eaccd43,selection_conditional_full_development_oof_v4,dataset_dev/01_opishnyan_ceramics/o287_3.jpg,01_opishnyan_ceramics,01_opishnyan_ceramics,True,0.9613681455372163,01_opishnyan_ceramics,03_bubnivka_ceramics,05_kosiv_ceramics,0,train,srcgrp_b30951e6e0850d05,src_global_opn_roundmark_catalog,figurine_or_sculpture,clear,global_cls__c10__source0p5,motif_texture_weighted_mean__c10__source0p5,texture_weighted_mean,10.0,True,0.9613681455372163,0.0009404336011637427,0.02281226681219825,0.0007312979597537254,0.014147856089668027
img_f542281929b8c4b2,selection_conditional_full_development_oof_v4,dataset_dev/01_opishnyan_ceramics/o288_1.jpg,01_opishnyan_ceramics,01_opishnyan_ceramics,True,0.9881151706806969,01_opishnyan_ceramics,05_kosiv_ceramics,03_bubnivka_ceramics,0,train,srcgrp_b30951e6e0850d05,src_global_opn_roundmark_catalog,figurine_or_sculpture,clear,global_cls__c10__source0p5,motif_texture_weighted_mean__c10__source0p5,texture_weighted_mean,10.0,True,0.9881151706806969,0.0009005775152420905,0.005106194758173803,0.00046037090346321937,0.005417686142424194
img_0be04087eef43e7c,selection_conditional_full_development_oof_v4,dataset_dev/01_opishnyan_ceramics/o288_2.jpg,01_opishnyan_ceramics,01_opishnyan_ceramics,True,0.9600719577926281,01_opishnyan_ceramics,05_kosiv_ceramics,02_ornek,0,train,srcgrp_b30951e6e0850d05,src_global_opn_roundmark_catalog,figurine_or_sculpture,clear,global_cls__c10__source0p5,motif_texture_weighted_mean__c10__source0p5,texture_weighted_mean,10.0,True,0.9600719577926281,0.0029641011149631677,0.002641439503459515,0.0010984981229234972,0.033224003466025775
img_d899a331cd4090b7,selection_conditional_full_development_oof_v4,dataset_dev/01_opishnyan_ceramics/o288_3.jpg,01_opishnyan_ceramics,01_opishnyan_ceramics,True,0.9798263207469788,01_opishnyan_ceramics,05_kosiv_ceramics,03_bubnivka_ceramics,0,train,srcgrp_b30951e6e0850d05,src_global_opn_roundmark_catalog,figurine_or_sculpture,clear,global_cls__c10__source0p5,motif_texture_weighted_mean__c10__source0p5,texture_weighted_mean,10.0,True,0.9798263207469788,0.0010650611021625121,0.0063960870812935465,0.0007862238747008622,0.011926307194864295
img_709522d78bd07f33,selection_conditional_full_development_oof_v4,dataset_dev/01_opishnyan_ceramics/o288_4.jpg,01_opishnyan_ceramics,01_opishnyan_ceramics,True,0.9768535933936201,01_opishnyan_ceramics,05_kosiv_ceramics,02_ornek,0,train,srcgrp_b30951e6e0850d05,src_global_opn_roundmark_catalog,figurine_or_sculpture,clear,global_cls__c10__source0p5,motif_texture_weighted_mean__c10__source0p5,texture_weighted_mean,10.0,True,0.9768535933936201,0.0031115357861342097,0.0030778649426067292,0.0013692569211056164,0.01558774895653318
img_1ca800c5dd944f9c,selection_conditional_full_development_oof_v4,dataset_dev/01_opishnyan_ceramics/o288_5.jpg,01_opishnyan_ceramics,01_opishnyan_ceramics,True,0.958222124094771,01_opishnyan_ceramics,05_kosiv_ceramics,03_bubnivka_ceramics,0,train,srcgrp_b30951e6e0850d05,src_global_opn_roundmark_catalog,figurine_or_sculpture,clear,global_cls__c10__source0p5,motif_texture_weighted_mean__c10__source0p5,texture_weighted_mean,10.0,True,0.958222124094771,0.0009905963695730445,0.007258379644171813,0.0006162050618916943,0.03291269482959227
img_e831a02d41831a36,selection_conditional_full_development_oof_v4,dataset_dev/01_opishnyan_ceramics/o288_6.jpg,01_opishnyan_ceramics,01_opishnyan_ceramics,True,0.9742501054392652,01_opishnyan_ceramics,05_kosiv_ceramics,03_bubnivka_ceramics,0,train,srcgrp_b30951e6e0850d05,src_global_opn_roundmark_catalog,figurine_or_sculpture,clear,global_cls__c10__source0p5,motif_texture_weighted_mean__c10__source0p5,texture_weighted_mean,10.0,True,0.9742501054392652,0.00030190397858242377,0.002163036012187812,0.0008000618788050402,0.022484892691159483
img_b4304d10ee5692ca,selection_conditional_full_development_oof_v4,dataset_dev/01_opishnyan_ceramics/o288_7.jpg,01_opishnyan_ceramics,01_opishnyan_ceramics,True,0.9108851909109478,01_opishnyan_ceramics,05_kosiv_ceramics,03_bubnivka_ceramics,0,train,srcgrp_b30951e6e0850d05,src_global_opn_roundmark_catalog,figurine_or_sculpture,clear,global_cls__c10__source0p5,motif_texture_weighted_mean__c10__source0p5,texture_weighted_mean,10.0,True,0.9108851909109478,0.0027603874986305483,0.004995590182947477,0.003803106060848044,0.07755572534662604
img_5936f11d50e9aac2,selection_conditional_full_development_oof_v4,dataset_dev/01_opishnyan_ceramics/o289_1.jpg,01_opishnyan_ceramics,01_opishnyan_ceramics,True,0.9891837951827316,01_opishnyan_ceramics,05_kosiv_ceramics,03_bubnivka_ceramics,0,train,srcgrp_b30951e6e0850d05,src_global_opn_roundmark_catalog,figurine_or_sculpture,clear,global_cls__c10__source0p5,motif_texture_weighted_mean__c10__source0p5,texture_weighted_mean,10.0,True,0.9891837951827316,0.0018783270038855626,0.0026496883902078347,0.0006982473282736256,0.0055899420949013035
img_ee4758e644bde976,selection_conditional_full_development_oof_v4,dataset_dev/01_opishnyan_ceramics/o289_3.jpg,01_opishnyan_ceramics,01_opishnyan_ceramics,True,0.9961639754286965,01_opishnyan_ceramics,05_kosiv_ceramics,03_bubnivka_ceramics,0,train,srcgrp_b30951e6e0850d05,src_global_opn_roundmark_catalog,figurine_or_sculpture,clear,global_cls__c10__source0p5,motif_texture_weighted_mean__c10__source0p5,texture_weighted_mean,10.0,True,0.9961639754286965,0.0010437052993337978,0.0010945042077127136,0.00019511649700300462,0.0015026985672540916
img_f03bd7d1ba3e578d,selection_conditional_full_development_oof_v4,dataset_dev/01_opishnyan_ceramics/o289_4.jpg,01_opishnyan_ceramics,01_opishnyan_ceramics,True,0.9958913262037813,01_opishnyan_ceramics,05_kosiv_ceramics,02_ornek,0,train,srcgrp_b30951e6e0850d05,src_global_opn_roundmark_catalog,figurine_or_sculpture,clear,global_cls__c10__source0p5,motif_texture_weighted_mean__c10__source0p5,texture_weighted_mean,10.0,True,0.9958913262037813,0.0012580084893143739,0.0009359124012522649,0.00041081301627356214,0.0015039398893782938
img_30123fdbed6354ef,selection_conditional_full_development_oof_v4,dataset_dev/01_opishnyan_ceramics/o289_5.jpg,01_opishnyan_ceramics,01_opishnyan_ceramics,True,0.982879784266293,01_opishnyan_ceramics,02_ornek,05_kosiv_ceramics,0,train,srcgrp_b30951e6e0850d05,src_global_opn_roundmark_catalog,figurine_or_sculpture,clear,global_cls__c10__source0p5,motif_texture_weighted_mean__c10__source0p5,texture_weighted_mean,10.0,True,0.982879784266293,0.007480700147517253,0.002091166573013879,0.000827770503669878,0.006720578509505981
img_eb9d16ea4f9cb241,selection_conditional_full_development_oof_v4,dataset_dev/01_opishnyan_ceramics/o290.jpg,01_opishnyan_ceramics,01_opishnyan_ceramics,True,0.9913502655130955,01_opishnyan_ceramics,02_ornek,05_kosiv_ceramics,0,train,srcgrp_b30951e6e0850d05,src_global_opn_roundmark_catalog,vase_jug_or_vessel,clear,global_cls__c10__source0p5,motif_texture_weighted_mean__c10__source0p5,texture_weighted_mean,10.0,True,0.9913502655130955,0.0038835265451400316,0.0013904656298033215,0.0004323765790799813,0.002943365732881045
img_0a15df43c98e6bd1,selection_conditional_full_development_oof_v4,dataset_dev/01_opishnyan_ceramics/o291.jpg,01_opishnyan_ceramics,01_opishnyan_ceramics,True,0.9944481385145009,01_opishnyan_ceramics,05_kosiv_ceramics,02_ornek,0,train,srcgrp_b30951e6e0850d05,src_global_opn_roundmark_catalog,other,small,global_cls__c10__source0p5,motif_texture_weighted_mean__c10__source0p5,texture_weighted_mean,10.0,True,0.9944481385145009,0.0017285226592501477,0.0008123758416579983,0.0003132449239115132,0.0026977180606795837
img_daca2b48c06b7ec7,selection_conditional_full_development_oof_v4,dataset_dev/01_opishnyan_ceramics/o291_2.jpg,01_opishnyan_ceramics,01_opishnyan_ceramics,True,0.995278575801309,01_opishnyan_ceramics,05_kosiv_ceramics,03_bubnivka_ceramics,0,train,srcgrp_b30951e6e0850d05,src_global_opn_roundmark_catalog,other,small,global_cls__c10__source0p5,motif_texture_weighted_mean__c10__source0p5,texture_weighted_mean,10.0,True,0.995278575801309,0.0007864163061362157,0.001750011265434648,0.00025248026123167683,0.0019325163658884133
img_3a71e2a9eb06c963,selection_conditional_full_development_oof_v4,dataset_dev/01_opishnyan_ceramics/o293.jpg,01_opishnyan_ceramics,01_opishnyan_ceramics,True,0.9921019994487003,01_opishnyan_ceramics,05_kosiv_ceramics,02_ornek,0,train,srcgrp_b30951e6e0850d05,src_global_opn_roundmark_catalog,unreviewed,unreviewed,global_cls__c10__source0p5,motif_texture_weighted_mean__c10__source0p5,texture_weighted_mean,10.0,True,0.9921019994487003,0.002208194509455697,0.002043211210136565,0.00013084959297920919,0.0035157452387285064
img_ab31ebe0c4fe0d31,selection_conditional_full_development_oof_v4,dataset_dev/01_opishnyan_ceramics/o294.jpg,01_opishnyan_ceramics,01_opishnyan_ceramics,True,0.9942338670099891,01_opishnyan_ceramics,02_ornek,05_kosiv_ceramics,0,train,srcgrp_b30951e6e0850d05,src_global_opn_roundmark_catalog,vase_jug_or_vessel,clear,global_cls__c10__source0p5,motif_texture_weighted_mean__c10__source0p5,texture_weighted_mean,10.0,True,0.9942338670099891,0.002775523544276113,0.0009091027496813348,0.00020406231234372705,0.0018774443837096541
img_b348e210a79049cc,selection_conditional_full_development_oof_v4,dataset_dev/01_opishnyan_ceramics/o296_1.jpg,01_opishnyan_ceramics,01_opishnyan_ceramics,True,0.9500096446959626,01_opishnyan_ceramics,02_ornek,05_kosiv_ceramics,0,train,srcgrp_b30951e6e0850d05,src_global_opn_roundmark_catalog,vase_jug_or_vessel,clear,global_cls__c10__source0p5,motif_texture_weighted_mean__c10__source0p5,texture_weighted_mean,10.0,True,0.9500096446959626,0.04411103127369086,0.0007078511123597439,0.0009569817160799361,0.004214491201906995
img_47392343e388ef86,selection_conditional_full_development_oof_v4,dataset_dev/01_opishnyan_ceramics/o296_2.jpg,01_opishnyan_ceramics,01_opishnyan_ceramics,True,0.9839700270744146,01_opishnyan_ceramics,02_ornek,05_kosiv_ceramics,0,train,srcgrp_b30951e6e0850d05,src_global_opn_roundmark_catalog,vase_jug_or_vessel,clear,global_cls__c10__source0p5,motif_texture_weighted_mean__c10__source0p5,texture_weighted_mean,10.0,True,0.9839700270744146,0.01240320565523521,0.000795103860498164,0.0003809212417453705,0.0024507421681066715
img_50ec9888cac14aab,selection_conditional_full_development_oof_v4,dataset_dev/01_opishnyan_ceramics/o297.jpeg,01_opishnyan_ceramics,01_opishnyan_ceramics,True,0.9763412573349587,01_opishnyan_ceramics,02_ornek,05_kosiv_ceramics,0,train,srcgrp_b30951e6e0850d05,src_global_opn_roundmark_catalog,unreviewed,unreviewed,global_cls__c10__source0p5,motif_texture_weighted_mean__c10__source0p5,texture_weighted_mean,10.0,True,0.9763412573349587,0.012081380808791908,0.003095047841439556,0.0006617947195717438,0.007820519295238025
img_6b7a0e9ba0a4aee2,selection_conditional_full_development_oof_v4,dataset_dev/01_opishnyan_ceramics/o298.jpeg,01_opishnyan_ceramics,01_opishnyan_ceramics,True,0.9685901200520066,01_opishnyan_ceramics,05_kosiv_ceramics,03_bubnivka_ceramics,0,train,srcgrp_b30951e6e0850d05,src_global_opn_roundmark_catalog,unreviewed,unreviewed,global_cls__c10__source0p5,motif_texture_weighted_mean__c10__source0p5,texture_weighted_mean,10.0,True,0.9685901200520066,0.0025457050775622293,0.004181451992378708,0.00028422891640327935,0.0243984939616491
img_9a0c0533930e168b,selection_conditional_full_development_oof_v4,dataset_dev/01_opishnyan_ceramics/o300.jpeg,01_opishnyan_ceramics,01_opishnyan_ceramics,True,0.9781958747913576,01_opishnyan_ceramics,02_ornek,05_kosiv_ceramics,0,train,srcgrp_b30951e6e0850d05,src_global_opn_roundmark_catalog,unreviewed,unreviewed,global_cls__c10__source0p5,motif_texture_weighted_mean__c10__source0p5,texture_weighted_mean,10.0,True,0.9781958747913576,0.01419911138700856,0.003357108314043862,0.00014784102051845215,0.004100064487071455
img_314a681c3dad20b8,selection_conditional_full_development_oof_v4,dataset_dev/01_opishnyan_ceramics/o301.jpeg,01_opishnyan_ceramics,04_petrykivka_painting,False,0.31451985576504826,04_petrykivka_painting,01_opishnyan_ceramics,03_bubnivka_ceramics,0,train,srcgrp_b30951e6e0850d05,src_global_opn_roundmark_catalog,unreviewed,unreviewed,global_cls__c10__source0p5,motif_texture_weighted_mean__c10__source0p5,texture_weighted_mean,10.0,True,0.2621884377569492,0.1593823136894317,0.19310166085162755,0.31451985576504826,0.07080773193694319
img_f8f0dfe77fb006b5,selection_conditional_full_development_oof_v4,dataset_dev/01_opishnyan_ceramics/o302.jpeg,01_opishnyan_ceramics,01_opishnyan_ceramics,True,0.4913024921071268,01_opishnyan_ceramics,02_ornek,05_kosiv_ceramics,0,train,srcgrp_b30951e6e0850d05,src_global_opn_roundmark_catalog,unreviewed,unreviewed,global_cls__c10__source0p5,motif_texture_weighted_mean__c10__source0p5,texture_weighted_mean,10.0,True,0.4913024921071268,0.3995686970870801,0.0222068262851662,0.03760460998059827,0.04931737454002878
img_38eb396320760219,selection_conditional_full_development_oof_v4,dataset_dev/01_opishnyan_ceramics/o304.jpeg,01_opishnyan_ceramics,01_opishnyan_ceramics,True,0.5220132294342726,01_opishnyan_ceramics,02_ornek,04_petrykivka_painting,0,train,srcgrp_b30951e6e0850d05,src_global_opn_roundmark_catalog,unreviewed,unreviewed,global_cls__c10__source0p5,motif_texture_weighted_mean__c10__source0p5,texture_weighted_mean,10.0,True,0.5220132294342726,0.32666729710905135,0.02900910357885008,0.09250628528706499,0.02980408459076111
img_8aa892afda1b357d,selection_conditional_full_development_oof_v4,dataset_dev/01_opishnyan_ceramics/o305_1.jpg,01_opishnyan_ceramics,01_opishnyan_ceramics,True,0.8531749310109434,01_opishnyan_ceramics,05_kosiv_ceramics,02_ornek,0,train,srcgrp_b30951e6e0850d05,src_global_opn_roundmark_catalog,box_or_container,clear,global_cls__c10__source0p5,motif_texture_weighted_mean__c10__source0p5,texture_weighted_mean,10.0,True,0.8531749310109434,0.04376805195305523,0.01878080563224014,0.007885279958866185,0.07639093144489477
img_cd5089cc37f81ddf,selection_conditional_full_development_oof_v4,dataset_dev/01_opishnyan_ceramics/o305_2.jpg,01_opishnyan_ceramics,01_opishnyan_ceramics,True,0.9092644295327448,01_opishnyan_ceramics,05_kosiv_ceramics,02_ornek,0,train,srcgrp_b30951e6e0850d05,src_global_opn_roundmark_catalog,box_or_container,clear,global_cls__c10__source0p5,motif_texture_weighted_mean__c10__source0p5,texture_weighted_mean,10.0,True,0.9092644295327448,0.019642695534321068,0.0092215878327278,0.006913695888584032,0.05495759121162236
img_9a06dc174b02c1bf,selection_conditional_full_development_oof_v4,dataset_dev/01_opishnyan_ceramics/o305_3.jpg,01_opishnyan_ceramics,01_opishnyan_ceramics,True,0.9945434560695987,01_opishnyan_ceramics,05_kosiv_ceramics,03_bubnivka_ceramics,0,train,srcgrp_b30951e6e0850d05,src_global_opn_roundmark_catalog,box_or_container,clear,global_cls__c10__source0p5,motif_texture_weighted_mean__c10__source0p5,texture_weighted_mean,10.0,True,0.9945434560695987,0.0006441788261265511,0.0013763032837791416,0.0006726504697907137,0.002763411350704921
img_ad2f0b536922b793,selection_conditional_full_development_oof_v4,dataset_dev/01_opishnyan_ceramics/o306_1.jpg,01_opishnyan_ceramics,01_opishnyan_ceramics,True,0.8931857219024433,01_opishnyan_ceramics,05_kosiv_ceramics,03_bubnivka_ceramics,0,train,srcgrp_b30951e6e0850d05,src_global_opn_roundmark_catalog,box_or_container,clear,global_cls__c10__source0p5,motif_texture_weighted_mean__c10__source0p5,texture_weighted_mean,10.0,True,0.8931857219024433,0.01862799177918845,0.027635423641479275,0.0044884943811023615,0.056062368295786556
img_20f4288c86570678,selection_conditional_full_development_oof_v4,dataset_dev/01_opishnyan_ceramics/o306_2.jpg,01_opishnyan_ceramics,01_opishnyan_ceramics,True,0.733574906119363,01_opishnyan_ceramics,05_kosiv_ceramics,03_bubnivka_ceramics,0,train,srcgrp_b30951e6e0850d05,src_global_opn_roundmark_catalog,box_or_container,clear,global_cls__c10__source0p5,motif_texture_weighted_mean__c10__source0p5,texture_weighted_mean,10.0,True,0.733574906119363,0.04898741520590831,0.055310420472879165,0.011739728805327325,0.1503875293965221
img_a353587fd41ba094,selection_conditional_full_development_oof_v4,dataset_dev/01_opishnyan_ceramics/o306_3.jpg,01_opishnyan_ceramics,01_opishnyan_ceramics,True,0.9727796611752306,01_opishnyan_ceramics,05_kosiv_ceramics,03_bubnivka_ceramics,0,train,srcgrp_b30951e6e0850d05,src_global_opn_roundmark_catalog,box_or_container,clear,global_cls__c10__source0p5,motif_texture_weighted_mean__c10__source0p5,texture_weighted_mean,10.0,True,0.9727796611752306,0.0022845190320107726,0.01158432167998555,0.0016354221193955365,0.011716075993377494
img_c0432f28604ad8dd,selection_conditional_full_development_oof_v4,dataset_dev/01_opishnyan_ceramics/o307_1.jpg,01_opishnyan_ceramics,01_opishnyan_ceramics,True,0.9403230007263944,01_opishnyan_ceramics,05_kosiv_ceramics,02_ornek,0,train,srcgrp_b30951e6e0850d05,src_global_opn_roundmark_catalog,vase_jug_or_vessel,clear,global_cls__c10__source0p5,motif_texture_weighted_mean__c10__source0p5,texture_weighted_mean,10.0,True,0.9403230007263944,0.024839075349862606,0.002789154258017551,0.004185573486713872,0.027863196179011653
img_0ffb2074bf5da653,selection_conditional_full_development_oof_v4,dataset_dev/01_opishnyan_ceramics/o307_2.jpg,01_opishnyan_ceramics,02_ornek,False,0.5536572127580593,02_ornek,01_opishnyan_ceramics,05_kosiv_ceramics,0,train,srcgrp_b30951e6e0850d05,src_global_opn_roundmark_catalog,vase_jug_or_vessel,clear,global_cls__c10__source0p5,motif_texture_weighted_mean__c10__source0p5,texture_weighted_mean,10.0,True,0.31214416906919856,0.5536572127580593,0.015680355637421782,0.008488228379861469,0.11003003415545881
img_a08581a23ff2f19f,selection_conditional_full_development_oof_v4,dataset_dev/01_opishnyan_ceramics/o307_3.jpg,01_opishnyan_ceramics,01_opishnyan_ceramics,True,0.8262945008131956,01_opishnyan_ceramics,02_ornek,05_kosiv_ceramics,0,train,srcgrp_b30951e6e0850d05,src_global_opn_roundmark_catalog,vase_jug_or_vessel,clear,global_cls__c10__source0p5,motif_texture_weighted_mean__c10__source0p5,texture_weighted_mean,10.0,True,0.8262945008131956,0.11103352100430425,0.026286205454635267,0.007204881533804582,0.029180891194060317
img_9f4215ca7e0de3c4,selection_conditional_full_development_oof_v4,dataset_dev/01_opishnyan_ceramics/o309_1.jpg,01_opishnyan_ceramics,01_opishnyan_ceramics,True,0.8347753685703954,01_opishnyan_ceramics,02_ornek,05_kosiv_ceramics,0,train,srcgrp_b30951e6e0850d05,src_global_opn_roundmark_catalog,vase_jug_or_vessel,clear,global_cls__c10__source0p5,motif_texture_weighted_mean__c10__source0p5,texture_weighted_mean,10.0,True,0.8347753685703954,0.08969902266514992,0.01240758683662687,0.008273660127537259,0.054844361800290724
img_80a623ff0df8dc73,selection_conditional_full_development_oof_v4,dataset_dev/01_opishnyan_ceramics/o309_2.jpg,01_opishnyan_ceramics,01_opishnyan_ceramics,True,0.9078210565857223,01_opishnyan_ceramics,02_ornek,05_kosiv_ceramics,0,train,srcgrp_b30951e6e0850d05,src_global_opn_roundmark_catalog,vase_jug_or_vessel,clear,global_cls__c10__source0p5,motif_texture_weighted_mean__c10__source0p5,texture_weighted_mean,10.0,True,0.9078210565857223,0.05014851827085907,0.007534421438452694,0.0024909002372634163,0.03200510346770258
img_35ee4fc7cced07a4,selection_conditional_full_development_oof_v4,dataset_dev/01_opishnyan_ceramics/o310_1.jpg,01_opishnyan_ceramics,01_opishnyan_ceramics,True,0.9857164642494329,01_opishnyan_ceramics,02_ornek,05_kosiv_ceramics,0,train,srcgrp_b30951e6e0850d05,src_global_opn_roundmark_catalog,vase_jug_or_vessel,clear,global_cls__c10__source0p5,motif_texture_weighted_mean__c10__source0p5,texture_weighted_mean,10.0,True,0.9857164642494329,0.006528204688277317,0.001034841990891775,0.0007516088022214644,0.005968880269176292
img_2854c2b617caa23e,selection_conditional_full_development_oof_v4,dataset_dev/01_opishnyan_ceramics/o310_2.jpg,01_opishnyan_ceramics,01_opishnyan_ceramics,True,0.996505670213151,01_opishnyan_ceramics,02_ornek,05_kosiv_ceramics,0,train,srcgrp_b30951e6e0850d05,src_global_opn_roundmark_catalog,vase_jug_or_vessel,clear,global_cls__c10__source0p5,motif_texture_weighted_mean__c10__source0p5,texture_weighted_mean,10.0,True,0.996505670213151,0.002679302366216446,0.00023552506708040456,5.585666967923753e-05,0.0005236456838727436
img_fab7c6ba4cfc65fe,selection_conditional_full_development_oof_v4,dataset_dev/01_opishnyan_ceramics/o311_1.jpg,01_opishnyan_ceramics,01_opishnyan_ceramics,True,0.9684218077622723,01_opishnyan_ceramics,02_ornek,05_kosiv_ceramics,0,train,srcgrp_b30951e6e0850d05,src_global_opn_roundmark_catalog,vase_jug_or_vessel,clear,global_cls__c10__source0p5,motif_texture_weighted_mean__c10__source0p5,texture_weighted_mean,10.0,True,0.9684218077622723,0.025131722793817524,0.002449359417342839,0.0009484979069948402,0.0030486121195723226
img_83c576f625712640,selection_conditional_full_development_oof_v4,dataset_dev/01_opishnyan_ceramics/o311_2.jpg,01_opishnyan_ceramics,01_opishnyan_ceramics,True,0.9179804943295704,01_opishnyan_ceramics,02_ornek,05_kosiv_ceramics,0,train,srcgrp_b30951e6e0850d05,src_global_opn_roundmark_catalog,vase_jug_or_vessel,clear,global_cls__c10__source0p5,motif_texture_weighted_mean__c10__source0p5,texture_weighted_mean,10.0,True,0.9179804943295704,0.04795279670724692,0.007072435939317295,0.0024589008967729016,0.0245353721270926
img_565148ab9811f6d8,selection_conditional_full_development_oof_v4,dataset_dev/01_opishnyan_ceramics/o313_1.jpg,01_opishnyan_ceramics,01_opishnyan_ceramics,True,0.8733359637661943,01_opishnyan_ceramics,02_ornek,03_bubnivka_ceramics,0,train,srcgrp_b30951e6e0850d05,src_global_opn_roundmark_catalog,plate_or_bowl,clear,global_cls__c10__source0p5,motif_texture_weighted_mean__c10__source0p5,texture_weighted_mean,10.0,True,0.8733359637661943,0.10542296853472778,0.009652782304001059,0.005445987889656054,0.006142297505420952
img_c2318eaf44bf63c8,selection_conditional_full_development_oof_v4,dataset_dev/01_opishnyan_ceramics/o313_2.jpg,01_opishnyan_ceramics,01_opishnyan_ceramics,True,0.9733284471175393,01_opishnyan_ceramics,05_kosiv_ceramics,02_ornek,0,train,srcgrp_b30951e6e0850d05,src_global_opn_roundmark_catalog,plate_or_bowl,small,global_cls__c10__source0p5,motif_texture_weighted_mean__c10__source0p5,texture_weighted_mean,10.0,True,0.9733284471175393,0.004555744666222867,0.002662902796866854,0.0009508079684327125,0.018502097450938403
img_f41001fee9cdd02b,selection_conditional_full_development_oof_v4,dataset_dev/01_opishnyan_ceramics/o314_1.jpg,01_opishnyan_ceramics,01_opishnyan_ceramics,True,0.9943625822870846,01_opishnyan_ceramics,05_kosiv_ceramics,02_ornek,0,train,srcgrp_b30951e6e0850d05,src_global_opn_roundmark_catalog,box_or_container,clear,global_cls__c10__source0p5,motif_texture_weighted_mean__c10__source0p5,texture_weighted_mean,10.0,True,0.9943625822870846,0.0016510265664955487,0.0013783480290629614,0.0005447391754170623,0.0020633039419395253
img_d68d7bb3a9de6907,selection_conditional_full_development_oof_v4,dataset_dev/01_opishnyan_ceramics/o314_2.jpg,01_opishnyan_ceramics,01_opishnyan_ceramics,True,0.956308616857994,01_opishnyan_ceramics,05_kosiv_ceramics,02_ornek,0,train,srcgrp_b30951e6e0850d05,src_global_opn_roundmark_catalog,box_or_container,clear,global_cls__c10__source0p5,motif_texture_weighted_mean__c10__source0p5,texture_weighted_mean,10.0,True,0.956308616857994,0.014437501910215275,0.005548509841747547,0.001581934704394257,0.022123436685648777
img_4138ddd251940fe0,selection_conditional_full_development_oof_v4,dataset_dev/01_opishnyan_ceramics/o315_1.jpg,01_opishnyan_ceramics,01_opishnyan_ceramics,True,0.9238565685878938,01_opishnyan_ceramics,05_kosiv_ceramics,02_ornek,0,train,srcgrp_b30951e6e0850d05,src_global_opn_roundmark_catalog,box_or_container,clear,global_cls__c10__source0p5,motif_texture_weighted_mean__c10__source0p5,texture_weighted_mean,10.0,True,0.9238565685878938,0.012979374390126626,0.012526099594810531,0.0035268411301222413,0.04711111629704681
img_1832eab2ee2f6890,selection_conditional_full_development_oof_v4,dataset_dev/01_opishnyan_ceramics/o315_2.jpg,01_opishnyan_ceramics,01_opishnyan_ceramics,True,0.957682901435181,01_opishnyan_ceramics,05_kosiv_ceramics,02_ornek,0,train,srcgrp_b30951e6e0850d05,src_global_opn_roundmark_catalog,box_or_container,clear,global_cls__c10__source0p5,motif_texture_weighted_mean__c10__source0p5,texture_weighted_mean,10.0,True,0.957682901435181,0.0062781712503667065,0.003943506167277509,0.0018088033873315883,0.030286617759843287
img_677eaa2cb3288f4e,selection_conditional_full_development_oof_v4,dataset_dev/01_opishnyan_ceramics/o316_1.jpeg,01_opishnyan_ceramics,01_opishnyan_ceramics,True,0.9646933774546131,01_opishnyan_ceramics,05_kosiv_ceramics,03_bubnivka_ceramics,0,train,srcgrp_b30951e6e0850d05,src_global_opn_roundmark_catalog,box_or_container,clear,global_cls__c10__source0p5,motif_texture_weighted_mean__c10__source0p5,texture_weighted_mean,10.0,True,0.9646933774546131,0.005397085553980127,0.006902548379804569,0.004124868767817806,0.01888211984378431
img_4af5d3b94ef5f165,selection_conditional_full_development_oof_v4,dataset_dev/01_opishnyan_ceramics/o316_2.jpeg,01_opishnyan_ceramics,01_opishnyan_ceramics,True,0.8724476096894285,01_opishnyan_ceramics,05_kosiv_ceramics,02_ornek,0,train,srcgrp_b30951e6e0850d05,src_global_opn_roundmark_catalog,box_or_container,clear,global_cls__c10__source0p5,motif_texture_weighted_mean__c10__source0p5,texture_weighted_mean,10.0,True,0.8724476096894285,0.02823430780260951,0.014489254239611386,0.005757661889716718,0.07907116637863396
img_f65c2215486d520a,selection_conditional_full_development_oof_v4,dataset_dev/01_opishnyan_ceramics/o316_3.jpeg,01_opishnyan_ceramics,01_opishnyan_ceramics,True,0.9702159058441487,01_opishnyan_ceramics,05_kosiv_ceramics,03_bubnivka_ceramics,0,train,srcgrp_b30951e6e0850d05,src_global_opn_roundmark_catalog,box_or_container,clear,global_cls__c10__source0p5,motif_texture_weighted_mean__c10__source0p5,texture_weighted_mean,10.0,True,0.9702159058441487,0.003016381776267379,0.006365212728552449,0.0015350079759286928,0.018867491675102706
img_077a2c1326256b70,selection_conditional_full_development_oof_v4,dataset_dev/01_opishnyan_ceramics/o317_1.jpeg,01_opishnyan_ceramics,01_opishnyan_ceramics,True,0.9937088117879226,01_opishnyan_ceramics,03_bubnivka_ceramics,05_kosiv_ceramics,0,train,srcgrp_b30951e6e0850d05,src_global_opn_roundmark_catalog,box_or_container,clear,global_cls__c10__source0p5,motif_texture_weighted_mean__c10__source0p5,texture_weighted_mean,10.0,True,0.9937088117879226,0.0012338516485010255,0.003051603553050303,0.0005723602500275483,0.0014333727604985487
img_f630af4581e58bf2,selection_conditional_full_development_oof_v4,dataset_dev/01_opishnyan_ceramics/o317_2.jpeg,01_opishnyan_ceramics,01_opishnyan_ceramics,True,0.9820019522832603,01_opishnyan_ceramics,03_bubnivka_ceramics,05_kosiv_ceramics,0,train,srcgrp_b30951e6e0850d05,src_global_opn_roundmark_catalog,box_or_container,clear,global_cls__c10__source0p5,motif_texture_weighted_mean__c10__source0p5,texture_weighted_mean,10.0,True,0.9820019522832603,0.0026241699408207555,0.007512186719311715,0.0016753996496930604,0.0061862914069143625
img_2c6cbb40945726fc,selection_conditional_full_development_oof_v4,dataset_dev/01_opishnyan_ceramics/o318.jpeg,01_opishnyan_ceramics,01_opishnyan_ceramics,True,0.9431456522122852,01_opishnyan_ceramics,05_kosiv_ceramics,04_petrykivka_painting,0,train,srcgrp_b30951e6e0850d05,src_global_opn_roundmark_catalog,unreviewed,unreviewed,global_cls__c10__source0p5,motif_texture_weighted_mean__c10__source0p5,texture_weighted_mean,10.0,True,0.9431456522122852,0.005923257508672618,0.006759439394682394,0.007514407723968452,0.03665724316039139
img_0c210b69b82f1fd8,selection_conditional_full_development_oof_v4,dataset_dev/01_opishnyan_ceramics/o320_1.jpg,01_opishnyan_ceramics,01_opishnyan_ceramics,True,0.7272201124204583,01_opishnyan_ceramics,02_ornek,05_kosiv_ceramics,0,train,srcgrp_b30951e6e0850d05,src_global_opn_roundmark_catalog,box_or_container,clear,global_cls__c10__source0p5,motif_texture_weighted_mean__c10__source0p5,texture_weighted_mean,10.0,True,0.7272201124204583,0.23542339361915646,0.007331682276274651,0.00310729667762866,0.02691751500648205
img_614966b2cd9afe27,selection_conditional_full_development_oof_v4,dataset_dev/01_opishnyan_ceramics/o320_2.jpg,01_opishnyan_ceramics,01_opishnyan_ceramics,True,0.9338903886761268,01_opishnyan_ceramics,02_ornek,03_bubnivka_ceramics,0,train,srcgrp_b30951e6e0850d05,src_global_opn_roundmark_catalog,box_or_container,clear,global_cls__c10__source0p5,motif_texture_weighted_mean__c10__source0p5,texture_weighted_mean,10.0,True,0.9338903886761268,0.04683986558213049,0.012937191074502342,0.001788967584299448,0.004543587082941025
img_e3fe3fcda804d096,selection_conditional_full_development_oof_v4,dataset_dev/01_opishnyan_ceramics/o322.jpg,01_opishnyan_ceramics,01_opishnyan_ceramics,True,0.9477888888580024,01_opishnyan_ceramics,05_kosiv_ceramics,04_petrykivka_painting,0,train,srcgrp_b30951e6e0850d05,src_global_opn_roundmark_catalog,unreviewed,unreviewed,global_cls__c10__source0p5,motif_texture_weighted_mean__c10__source0p5,texture_weighted_mean,10.0,True,0.9477888888580024,0.0048049786899597244,0.001534965362195158,0.01198441661525005,0.033886750474592844
img_08e120dbada66fdc,selection_conditional_full_development_oof_v4,dataset_dev/01_opishnyan_ceramics/o324_1.jpg,01_opishnyan_ceramics,01_opishnyan_ceramics,True,0.9604405109678209,01_opishnyan_ceramics,05_kosiv_ceramics,03_bubnivka_ceramics,0,train,srcgrp_b30951e6e0850d05,src_global_opn_roundmark_catalog,plate_or_bowl,clear,global_cls__c10__source0p5,motif_texture_weighted_mean__c10__source0p5,texture_weighted_mean,10.0,True,0.9604405109678209,0.005628609539683627,0.0059151290221377,0.0013483554437482151,0.02666739502660959
img_8f1e7b19c76c5cb3,selection_conditional_full_development_oof_v4,dataset_dev/01_opishnyan_ceramics/o324_2.jpg,01_opishnyan_ceramics,01_opishnyan_ceramics,True,0.9440682452370613,01_opishnyan_ceramics,05_kosiv_ceramics,03_bubnivka_ceramics,0,train,srcgrp_b30951e6e0850d05,src_global_opn_roundmark_catalog,plate_or_bowl,clear,global_cls__c10__source0p5,motif_texture_weighted_mean__c10__source0p5,texture_weighted_mean,10.0,True,0.9440682452370613,0.009841296960096906,0.01626854262246693,0.0012361031076562883,0.028585812072718545
img_3e79062327dc866e,selection_conditional_full_development_oof_v4,dataset_dev/01_opishnyan_ceramics/o324_3.jpg,01_opishnyan_ceramics,01_opishnyan_ceramics,True,0.9747390409755442,01_opishnyan_ceramics,03_bubnivka_ceramics,05_kosiv_ceramics,0,train,srcgrp_b30951e6e0850d05,src_global_opn_roundmark_catalog,plate_or_bowl,clear,global_cls__c10__source0p5,motif_texture_weighted_mean__c10__source0p5,texture_weighted_mean,10.0,True,0.9747390409755442,0.004876098234533514,0.01035963032404264,0.0006215388774378533,0.009403691588441445
img_cb6ba7acdad6258b,selection_conditional_full_development_oof_v4,dataset_dev/01_opishnyan_ceramics/o324_4.jpg,01_opishnyan_ceramics,01_opishnyan_ceramics,True,0.9392193397388675,01_opishnyan_ceramics,05_kosiv_ceramics,03_bubnivka_ceramics,0,train,srcgrp_b30951e6e0850d05,src_global_opn_roundmark_catalog,plate_or_bowl,clear,global_cls__c10__source0p5,motif_texture_weighted_mean__c10__source0p5,texture_weighted_mean,10.0,True,0.9392193397388675,0.012390086875084734,0.023088568138464122,0.0009988553905249723,0.024303149857058642
img_5e34c644a6d18511,selection_conditional_full_development_oof_v4,dataset_dev/01_opishnyan_ceramics/o325_1.jpeg,01_opishnyan_ceramics,01_opishnyan_ceramics,True,0.9771975708754191,01_opishnyan_ceramics,05_kosiv_ceramics,02_ornek,0,train,srcgrp_b30951e6e0850d05,src_global_opn_roundmark_catalog,cup_or_mug,clear,global_cls__c10__source0p5,motif_texture_weighted_mean__c10__source0p5,texture_weighted_mean,10.0,True,0.9771975708754191,0.008510136340500959,0.0029701679096190937,0.0012045582218023964,0.010117566652658437
img_0fcb49fb14f121b2,selection_conditional_full_development_oof_v4,dataset_dev/01_opishnyan_ceramics/o325_2.jpeg,01_opishnyan_ceramics,01_opishnyan_ceramics,True,0.9723883161434405,01_opishnyan_ceramics,02_ornek,05_kosiv_ceramics,0,train,srcgrp_b30951e6e0850d05,src_global_opn_roundmark_catalog,cup_or_mug,clear,global_cls__c10__source0p5,motif_texture_weighted_mean__c10__source0p5,texture_weighted_mean,10.0,True,0.9723883161434405,0.01261148782110761,0.00594113547564142,0.0011582622730376085,0.00790079828677296
img_e3a01b7dc3e2ae25,selection_conditional_full_development_oof_v4,dataset_dev/01_opishnyan_ceramics/o325_3.jpeg,01_opishnyan_ceramics,01_opishnyan_ceramics,True,0.9880791778651834,01_opishnyan_ceramics,03_bubnivka_ceramics,02_ornek,0,train,srcgrp_b30951e6e0850d05,src_global_opn_roundmark_catalog,cup_or_mug,clear,global_cls__c10__source0p5,motif_texture_weighted_mean__c10__source0p5,texture_weighted_mean,10.0,True,0.9880791778651834,0.004004462766540382,0.007356958212711286,0.0002968926028232301,0.0002625085527417129
img_b40d7077a7e1b17e,selection_conditional_full_development_oof_v4,dataset_dev/01_opishnyan_ceramics/o326.jpg,01_opishnyan_ceramics,01_opishnyan_ceramics,True,0.9894658407373177,01_opishnyan_ceramics,02_ornek,05_kosiv_ceramics,0,train,srcgrp_b30951e6e0850d05,src_global_opn_roundmark_catalog,cup_or_mug,clear,global_cls__c10__source0p5,motif_texture_weighted_mean__c10__source0p5,texture_weighted_mean,10.0,True,0.9894658407373177,0.007042323092277934,0.0002890885820238179,0.00042523883970353125,0.002777508748676936
img_8b0729441c7ed0a4,selection_conditional_full_development_oof_v4,dataset_dev/01_opishnyan_ceramics/o327.jpg,01_opishnyan_ceramics,01_opishnyan_ceramics,True,0.976062823018987,01_opishnyan_ceramics,02_ornek,05_kosiv_ceramics,0,train,srcgrp_b30951e6e0850d05,src_global_opn_roundmark_catalog,unreviewed,unreviewed,global_cls__c10__source0p5,motif_texture_weighted_mean__c10__source0p5,texture_weighted_mean,10.0,True,0.976062823018987,0.01564709734308374,0.00023826908306897858,0.0008276501764506779,0.007224160378409805
img_53f678d9d61f5682,selection_conditional_full_development_oof_v4,dataset_dev/01_opishnyan_ceramics/o328_1.jpeg,01_opishnyan_ceramics,01_opishnyan_ceramics,True,0.9806803189753185,01_opishnyan_ceramics,02_ornek,03_bubnivka_ceramics,0,train,srcgrp_b30951e6e0850d05,src_global_opn_roundmark_catalog,box_or_container,clear,global_cls__c10__source0p5,motif_texture_weighted_mean__c10__source0p5,texture_weighted_mean,10.0,True,0.9806803189753185,0.00804936604454612,0.004956847055789214,0.0015402775905874837,0.0047731903337586805
img_315438724c75aa3f,selection_conditional_full_development_oof_v4,dataset_dev/01_opishnyan_ceramics/o328_2.jpeg,01_opishnyan_ceramics,01_opishnyan_ceramics,True,0.868175214239993,01_opishnyan_ceramics,02_ornek,05_kosiv_ceramics,0,train,srcgrp_b30951e6e0850d05,src_global_opn_roundmark_catalog,box_or_container,clear,global_cls__c10__source0p5,motif_texture_weighted_mean__c10__source0p5,texture_weighted_mean,10.0,True,0.868175214239993,0.08718584901688906,0.014142088792409512,0.0019779847728806613,0.028518863177827848
img_e62d404032d49e1f,selection_conditional_full_development_oof_v4,dataset_dev/01_opishnyan_ceramics/o329_1.jpeg,01_opishnyan_ceramics,01_opishnyan_ceramics,True,0.960599631178989,01_opishnyan_ceramics,03_bubnivka_ceramics,05_kosiv_ceramics,0,train,srcgrp_b30951e6e0850d05,src_global_opn_roundmark_catalog,box_or_container,clear,global_cls__c10__source0p5,motif_texture_weighted_mean__c10__source0p5,texture_weighted_mean,10.0,True,0.960599631178989,0.004334145644247649,0.02668702923624797,0.0006894036017872095,0.007689790338728294
img_e2d91c0c40f13953,selection_conditional_full_development_oof_v4,dataset_dev/01_opishnyan_ceramics/o329_2.jpeg,01_opishnyan_ceramics,01_opishnyan_ceramics,True,0.8853811025821636,01_opishnyan_ceramics,02_ornek,03_bubnivka_ceramics,0,train,srcgrp_b30951e6e0850d05,src_global_opn_roundmark_catalog,box_or_container,clear,global_cls__c10__source0p5,motif_texture_weighted_mean__c10__source0p5,texture_weighted_mean,10.0,True,0.8853811025821636,0.044153526488624646,0.035416544508946546,0.0024861201711088173,0.032562706249156276
img_2a0b3912d3767f56,selection_conditional_full_development_oof_v4,dataset_dev/01_opishnyan_ceramics/o331_1.jpeg,01_opishnyan_ceramics,01_opishnyan_ceramics,True,0.8966795584219723,01_opishnyan_ceramics,02_ornek,05_kosiv_ceramics,0,train,srcgrp_b30951e6e0850d05,src_global_opn_roundmark_catalog,box_or_container,clear,global_cls__c10__source0p5,motif_texture_weighted_mean__c10__source0p5,texture_weighted_mean,10.0,True,0.8966795584219723,0.04165705484461868,0.025349945457512776,0.0016104368448762209,0.03470300443102
img_97a348c31caf8582,selection_conditional_full_development_oof_v4,dataset_dev/01_opishnyan_ceramics/o331_2.jpeg,01_opishnyan_ceramics,01_opishnyan_ceramics,True,0.6985295289684481,01_opishnyan_ceramics,02_ornek,05_kosiv_ceramics,0,train,srcgrp_b30951e6e0850d05,src_global_opn_roundmark_catalog,box_or_container,clear,global_cls__c10__source0p5,motif_texture_weighted_mean__c10__source0p5,texture_weighted_mean,10.0,True,0.6985295289684481,0.13151761126303715,0.06659588147347872,0.003274521409391067,0.1000824568856449
img_32a7f6a06ea40101,selection_conditional_full_development_oof_v4,dataset_dev/01_opishnyan_ceramics/o332_1.jpeg,01_opishnyan_ceramics,01_opishnyan_ceramics,True,0.9151933370089216,01_opishnyan_ceramics,03_bubnivka_ceramics,05_kosiv_ceramics,0,train,srcgrp_b30951e6e0850d05,src_global_opn_roundmark_catalog,box_or_container,clear,global_cls__c10__source0p5,motif_texture_weighted_mean__c10__source0p5,texture_weighted_mean,10.0,True,0.9151933370089216,0.004184622012032792,0.05238437260944843,0.00035499019888701175,0.027882678170710183
img_05f20236656b6a2b,selection_conditional_full_development_oof_v4,dataset_dev/01_opishnyan_ceramics/o332_2.jpeg,01_opishnyan_ceramics,01_opishnyan_ceramics,True,0.8066221323403561,01_opishnyan_ceramics,05_kosiv_ceramics,03_bubnivka_ceramics,0,train,srcgrp_b30951e6e0850d05,src_global_opn_roundmark_catalog,box_or_container,clear,global_cls__c10__source0p5,motif_texture_weighted_mean__c10__source0p5,texture_weighted_mean,10.0,True,0.8066221323403561,0.02952016031154957,0.039352145623484894,0.0016296231230166546,0.12287593860159271
img_790386d594946b5a,selection_conditional_full_development_oof_v4,dataset_dev/01_opishnyan_ceramics/o333_1.jpeg,01_opishnyan_ceramics,01_opishnyan_ceramics,True,0.9528310257205799,01_opishnyan_ceramics,02_ornek,03_bubnivka_ceramics,0,train,srcgrp_b30951e6e0850d05,src_global_opn_roundmark_catalog,box_or_container,clear,global_cls__c10__source0p5,motif_texture_weighted_mean__c10__source0p5,texture_weighted_mean,10.0,True,0.9528310257205799,0.024280499253361676,0.015603368239326173,0.0004934693238517944,0.006791637462880456
img_7cd57aa849bbb3da,selection_conditional_full_development_oof_v4,dataset_dev/01_opishnyan_ceramics/o333_2.jpeg,01_opishnyan_ceramics,01_opishnyan_ceramics,True,0.8523307952870683,01_opishnyan_ceramics,02_ornek,03_bubnivka_ceramics,0,train,srcgrp_b30951e6e0850d05,src_global_opn_roundmark_catalog,box_or_container,clear,global_cls__c10__source0p5,motif_texture_weighted_mean__c10__source0p5,texture_weighted_mean,10.0,True,0.8523307952870683,0.1077008891852334,0.023189849522865687,0.0015154566550395357,0.015263009349793046
img_fca1d6ea80d23fa0,selection_conditional_full_development_oof_v4,dataset_dev/01_opishnyan_ceramics/o334_1.jpg,01_opishnyan_ceramics,01_opishnyan_ceramics,True,0.42581700229922137,01_opishnyan_ceramics,05_kosiv_ceramics,02_ornek,0,train,srcgrp_b30951e6e0850d05,src_global_opn_roundmark_catalog,vase_jug_or_vessel,clear,global_cls__c10__source0p5,motif_texture_weighted_mean__c10__source0p5,texture_weighted_mean,10.0,True,0.42581700229922137,0.17271654384302623,0.024636490480940385,0.011268597005709539,0.36556136637110254
img_8e3b178b67906f98,selection_conditional_full_development_oof_v4,dataset_dev/01_opishnyan_ceramics/o334_2.jpg,01_opishnyan_ceramics,01_opishnyan_ceramics,True,0.6853177136838389,01_opishnyan_ceramics,05_kosiv_ceramics,02_ornek,0,train,srcgrp_b30951e6e0850d05,src_global_opn_roundmark_catalog,vase_jug_or_vessel,clear,global_cls__c10__source0p5,motif_texture_weighted_mean__c10__source0p5,texture_weighted_mean,10.0,True,0.6853177136838389,0.13865477631383308,0.003396564238774334,0.008222582597677611,0.16440836316587612
img_7e73f14dc8971bfb,selection_conditional_full_development_oof_v4,dataset_dev/01_opishnyan_ceramics/o335_1.jpg,01_opishnyan_ceramics,01_opishnyan_ceramics,True,0.984512215357114,01_opishnyan_ceramics,02_ornek,03_bubnivka_ceramics,0,train,srcgrp_b30951e6e0850d05,src_global_opn_roundmark_catalog,vase_jug_or_vessel,clear,global_cls__c10__source0p5,motif_texture_weighted_mean__c10__source0p5,texture_weighted_mean,10.0,True,0.984512215357114,0.007055955569932729,0.0039847290449484,0.0011233173961045571,0.003323782631900502
img_a3e70b0efa051ed1,selection_conditional_full_development_oof_v4,dataset_dev/01_opishnyan_ceramics/o335_2.jpg,01_opishnyan_ceramics,01_opishnyan_ceramics,True,0.9699688189407093,01_opishnyan_ceramics,02_ornek,05_kosiv_ceramics,0,train,srcgrp_b30951e6e0850d05,src_global_opn_roundmark_catalog,vase_jug_or_vessel,clear,global_cls__c10__source0p5,motif_texture_weighted_mean__c10__source0p5,texture_weighted_mean,10.0,True,0.9699688189407093,0.014211985391882283,0.0055431149670025085,0.00419695535222882,0.006079125348177138
img_b1c9e3efc02d1fda,selection_conditional_full_development_oof_v4,dataset_dev/01_opishnyan_ceramics/o335_3.jpg,01_opishnyan_ceramics,01_opishnyan_ceramics,True,0.8519668008034137,01_opishnyan_ceramics,03_bubnivka_ceramics,02_ornek,0,train,srcgrp_b30951e6e0850d05,src_global_opn_roundmark_catalog,vase_jug_or_vessel,clear,global_cls__c10__source0p5,motif_texture_weighted_mean__c10__source0p5,texture_weighted_mean,10.0,True,0.8519668008034137,0.021554205178916205,0.11996377823544375,0.0020835264390550966,0.004431689343171215
img_ce66ac894919a50f,selection_conditional_full_development_oof_v4,dataset_dev/01_opishnyan_ceramics/o338_1.jpg,01_opishnyan_ceramics,01_opishnyan_ceramics,True,0.9244588916913845,01_opishnyan_ceramics,02_ornek,05_kosiv_ceramics,0,train,srcgrp_b30951e6e0850d05,src_global_opn_roundmark_catalog,vase_jug_or_vessel,clear,global_cls__c10__source0p5,motif_texture_weighted_mean__c10__source0p5,texture_weighted_mean,10.0,True,0.9244588916913845,0.06207262372575213,0.002300325211006494,0.0032872751762586467,0.007880884195598148
img_443d3b32d2d20e34,selection_conditional_full_development_oof_v4,dataset_dev/01_opishnyan_ceramics/o338_2.jpg,01_opishnyan_ceramics,01_opishnyan_ceramics,True,0.9369940220465071,01_opishnyan_ceramics,02_ornek,05_kosiv_ceramics,0,train,srcgrp_b30951e6e0850d05,src_global_opn_roundmark_catalog,vase_jug_or_vessel,clear,global_cls__c10__source0p5,motif_texture_weighted_mean__c10__source0p5,texture_weighted_mean,10.0,True,0.9369940220465071,0.05052631211355995,0.0018623242315920193,0.003784003615796716,0.006833337992544295
img_7a47efcf3f4baa30,selection_conditional_full_development_oof_v4,dataset_dev/01_opishnyan_ceramics/o338_3.jpg,01_opishnyan_ceramics,01_opishnyan_ceramics,True,0.9880453140961564,01_opishnyan_ceramics,02_ornek,05_kosiv_ceramics,0,train,srcgrp_b30951e6e0850d05,src_global_opn_roundmark_catalog,vase_jug_or_vessel,clear,global_cls__c10__source0p5,motif_texture_weighted_mean__c10__source0p5,texture_weighted_mean,10.0,True,0.9880453140961564,0.006698888849158372,0.0018736944798970784,0.0010008079945763965,0.002381294580211853
img_f8ff5a7156b4ebfa,selection_conditional_full_development_oof_v4,dataset_dev/01_opishnyan_ceramics/o338_4.jpg,01_opishnyan_ceramics,01_opishnyan_ceramics,True,0.9637074926757166,01_opishnyan_ceramics,02_ornek,03_bubnivka_ceramics,0,train,srcgrp_b30951e6e0850d05,src_global_opn_roundmark_catalog,vase_jug_or_vessel,clear,global_cls__c10__source0p5,motif_texture_weighted_mean__c10__source0p5,texture_weighted_mean,10.0,True,0.9637074926757166,0.018210811829069876,0.00989744049459856,0.002520007763934807,0.0056642472366802005
img_167353db1dfd711a,selection_conditional_full_development_oof_v4,dataset_dev/01_opishnyan_ceramics/o339_1.jpeg,01_opishnyan_ceramics,01_opishnyan_ceramics,True,0.9697116801602685,01_opishnyan_ceramics,05_kosiv_ceramics,02_ornek,0,train,srcgrp_b30951e6e0850d05,src_global_opn_roundmark_catalog,vase_jug_or_vessel,clear,global_cls__c10__source0p5,motif_texture_weighted_mean__c10__source0p5,texture_weighted_mean,10.0,True,0.9697116801602685,0.008211533556896227,0.0024875816508587666,0.0017900089215406516,0.017799195710435776
img_a6b47b9dcf170bdb,selection_conditional_full_development_oof_v4,dataset_dev/01_opishnyan_ceramics/o339_2.jpeg,01_opishnyan_ceramics,01_opishnyan_ceramics,True,0.9026898559279752,01_opishnyan_ceramics,05_kosiv_ceramics,03_bubnivka_ceramics,0,train,srcgrp_b30951e6e0850d05,src_global_opn_roundmark_catalog,vase_jug_or_vessel,clear,global_cls__c10__source0p5,motif_texture_weighted_mean__c10__source0p5,texture_weighted_mean,10.0,True,0.9026898559279752,0.014351905580530172,0.03398226497449394,0.004219598528802116,0.044756374988198386
img_55bef1527e3da779,selection_conditional_full_development_oof_v4,dataset_dev/01_opishnyan_ceramics/o339_3.jpeg,01_opishnyan_ceramics,01_opishnyan_ceramics,True,0.9657702144988424,01_opishnyan_ceramics,05_kosiv_ceramics,02_ornek,0,train,srcgrp_b30951e6e0850d05,src_global_opn_roundmark_catalog,vase_jug_or_vessel,clear,global_cls__c10__source0p5,motif_texture_weighted_mean__c10__source0p5,texture_weighted_mean,10.0,True,0.9657702144988424,0.012236827796491111,0.002628727996027224,0.001742650296066326,0.017621579412573033
img_d5cd60cf5a4d78cb,selection_conditional_full_development_oof_v4,dataset_dev/01_opishnyan_ceramics/o340.jpg,01_opishnyan_ceramics,01_opishnyan_ceramics,True,0.9919304954434429,01_opishnyan_ceramics,02_ornek,04_petrykivka_painting,0,train,srcgrp_b30951e6e0850d05,src_global_opn_roundmark_catalog,unreviewed,unreviewed,global_cls__c10__source0p5,motif_texture_weighted_mean__c10__source0p5,texture_weighted_mean,10.0,True,0.9919304954434429,0.003694290134745141,0.001420478981386606,0.0022805094087011138,0.0006742260317239835
img_687dd299f91f92e1,selection_conditional_full_development_oof_v4,dataset_dev/01_opishnyan_ceramics/o341.jpg,01_opishnyan_ceramics,01_opishnyan_ceramics,True,0.9526528024157377,01_opishnyan_ceramics,04_petrykivka_painting,02_ornek,0,train,srcgrp_b30951e6e0850d05,src_global_opn_roundmark_catalog,plate_or_bowl,clear,global_cls__c10__source0p5,motif_texture_weighted_mean__c10__source0p5,texture_weighted_mean,10.0,True,0.9526528024157377,0.013181802069914133,0.010537247393396322,0.016286532494961013,0.0073416156259908626
img_a0bfebe1febaa18c,selection_conditional_full_development_oof_v4,dataset_dev/01_opishnyan_ceramics/o343_1.jpeg,01_opishnyan_ceramics,01_opishnyan_ceramics,True,0.9091015017371068,01_opishnyan_ceramics,02_ornek,05_kosiv_ceramics,0,train,srcgrp_b30951e6e0850d05,src_global_opn_roundmark_catalog,cup_or_mug,clear,global_cls__c10__source0p5,motif_texture_weighted_mean__c10__source0p5,texture_weighted_mean,10.0,True,0.9091015017371068,0.07070600948050325,0.0025611938397855317,0.001938862529803586,0.015692432412800994
img_5c99b427186b7fac,selection_conditional_full_development_oof_v4,dataset_dev/01_opishnyan_ceramics/o343_2.jpeg,01_opishnyan_ceramics,01_opishnyan_ceramics,True,0.9906299583304933,01_opishnyan_ceramics,02_ornek,05_kosiv_ceramics,0,train,srcgrp_b30951e6e0850d05,src_global_opn_roundmark_catalog,cup_or_mug,clear,global_cls__c10__source0p5,motif_texture_weighted_mean__c10__source0p5,texture_weighted_mean,10.0,True,0.9906299583304933,0.0035911858790496935,0.0018677855756823686,0.0007822799322630258,0.003128790282511496
img_263680a271f45ab6,selection_conditional_full_development_oof_v4,dataset_dev/01_opishnyan_ceramics/o344.jpeg,01_opishnyan_ceramics,01_opishnyan_ceramics,True,0.9907873588316874,01_opishnyan_ceramics,02_ornek,05_kosiv_ceramics,0,train,srcgrp_b30951e6e0850d05,src_global_opn_roundmark_catalog,unreviewed,unreviewed,global_cls__c10__source0p5,motif_texture_weighted_mean__c10__source0p5,texture_weighted_mean,10.0,True,0.9907873588316874,0.007617652597654536,0.00039489460242596286,0.00018767408772120327,0.0010124198805109242
img_a0bd2f3d47df28bc,selection_conditional_full_development_oof_v4,dataset_dev/01_opishnyan_ceramics/o346.jpeg,01_opishnyan_ceramics,01_opishnyan_ceramics,True,0.9866342505738843,01_opishnyan_ceramics,02_ornek,05_kosiv_ceramics,0,train,srcgrp_b30951e6e0850d05,src_global_opn_roundmark_catalog,unreviewed,unreviewed,global_cls__c10__source0p5,motif_texture_weighted_mean__c10__source0p5,texture_weighted_mean,10.0,True,0.9866342505738843,0.010673414243123926,0.00035801743072616873,0.00037976085054644494,0.0019545569017191764
img_99359bac945a2097,selection_conditional_full_development_oof_v4,dataset_dev/01_opishnyan_ceramics/o347.jpg,01_opishnyan_ceramics,01_opishnyan_ceramics,True,0.9435748643981215,01_opishnyan_ceramics,02_ornek,05_kosiv_ceramics,0,train,srcgrp_b30951e6e0850d05,src_global_opn_roundmark_catalog,unreviewed,unreviewed,global_cls__c10__source0p5,motif_texture_weighted_mean__c10__source0p5,texture_weighted_mean,10.0,True,0.9435748643981215,0.04684538941187208,0.0034034885243635926,0.0025353768005903377,0.003640880865052345
img_ae3d0934052191a8,selection_conditional_full_development_oof_v4,dataset_dev/01_opishnyan_ceramics/o348.jpg,01_opishnyan_ceramics,01_opishnyan_ceramics,True,0.9697705511810392,01_opishnyan_ceramics,02_ornek,03_bubnivka_ceramics,0,train,srcgrp_b30951e6e0850d05,src_global_opn_roundmark_catalog,unreviewed,unreviewed,global_cls__c10__source0p5,motif_texture_weighted_mean__c10__source0p5,texture_weighted_mean,10.0,True,0.9697705511810392,0.02895356719595291,0.0008001456141714826,7.423478425246635e-05,0.0004015012245841881
img_80f19b72cbeb44b8,selection_conditional_full_development_oof_v4,dataset_dev/01_opishnyan_ceramics/o350.jpg,01_opishnyan_ceramics,01_opishnyan_ceramics,True,0.9643102685596685,01_opishnyan_ceramics,02_ornek,03_bubnivka_ceramics,0,train,srcgrp_b30951e6e0850d05,src_global_opn_roundmark_catalog,unreviewed,unreviewed,global_cls__c10__source0p5,motif_texture_weighted_mean__c10__source0p5,texture_weighted_mean,10.0,True,0.9643102685596685,0.03294312737737239,0.0016299878809753025,0.00019864065656628084,0.0009179755254172598
img_27c93e1ae7c3947f,selection_conditional_full_development_oof_v4,dataset_dev/01_opishnyan_ceramics/o351.jpg,01_opishnyan_ceramics,01_opishnyan_ceramics,True,0.9598038299792099,01_opishnyan_ceramics,02_ornek,05_kosiv_ceramics,0,train,srcgrp_b30951e6e0850d05,src_global_opn_roundmark_catalog,unreviewed,unreviewed,global_cls__c10__source0p5,motif_texture_weighted_mean__c10__source0p5,texture_weighted_mean,10.0,True,0.9598038299792099,0.02134874705179078,0.006854193977340223,0.004430028747256044,0.0075632002444032025
img_b2d5dabab3b5ce24,selection_conditional_full_development_oof_v4,dataset_dev/01_opishnyan_ceramics/o354.jpg,01_opishnyan_ceramics,01_opishnyan_ceramics,True,0.9552824116268775,01_opishnyan_ceramics,02_ornek,05_kosiv_ceramics,0,train,srcgrp_b30951e6e0850d05,src_global_opn_roundmark_catalog,unreviewed,unreviewed,global_cls__c10__source0p5,motif_texture_weighted_mean__c10__source0p5,texture_weighted_mean,10.0,True,0.9552824116268775,0.014930791341374951,0.010522042405580608,0.004549489341738298,0.014715265284428512
img_48910c8c60c106b1,selection_conditional_full_development_oof_v4,dataset_dev/01_opishnyan_ceramics/o356.jpeg,01_opishnyan_ceramics,01_opishnyan_ceramics,True,0.45337142275348646,01_opishnyan_ceramics,05_kosiv_ceramics,04_petrykivka_painting,0,train,srcgrp_b30951e6e0850d05,src_global_opn_roundmark_catalog,unreviewed,unreviewed,global_cls__c10__source0p5,motif_texture_weighted_mean__c10__source0p5,texture_weighted_mean,10.0,True,0.45337142275348646,0.08991800262876291,0.014725141929765163,0.18137659181369128,0.26060884087429426
img_c1a10ea4766e4ce5,selection_conditional_full_development_oof_v4,dataset_dev/01_opishnyan_ceramics/o357.jpg,01_opishnyan_ceramics,01_opishnyan_ceramics,True,0.957688784070872,01_opishnyan_ceramics,04_petrykivka_painting,05_kosiv_ceramics,0,train,srcgrp_b30951e6e0850d05,src_global_opn_roundmark_catalog,unreviewed,unreviewed,global_cls__c10__source0p5,motif_texture_weighted_mean__c10__source0p5,texture_weighted_mean,10.0,True,0.957688784070872,0.007941520746814106,0.008513178080756427,0.015044767902597326,0.010811749198960068
img_1ed1ecb994848b59,selection_conditional_full_development_oof_v4,dataset_dev/01_opishnyan_ceramics/o359.jpg,01_opishnyan_ceramics,01_opishnyan_ceramics,True,0.9629062750685436,01_opishnyan_ceramics,02_ornek,03_bubnivka_ceramics,0,train,srcgrp_b30951e6e0850d05,src_global_opn_roundmark_catalog,unreviewed,unreviewed,global_cls__c10__source0p5,motif_texture_weighted_mean__c10__source0p5,texture_weighted_mean,10.0,True,0.9629062750685436,0.014336164936810725,0.008840018741880607,0.007160797324853998,0.006756743927911042
img_8d2701f4edef4fb2,selection_conditional_full_development_oof_v4,dataset_dev/01_opishnyan_ceramics/o361_1.jpg,01_opishnyan_ceramics,01_opishnyan_ceramics,True,0.9890554951282811,01_opishnyan_ceramics,02_ornek,03_bubnivka_ceramics,0,train,srcgrp_b30951e6e0850d05,src_global_opn_roundmark_catalog,cup_or_mug,clear,global_cls__c10__source0p5,motif_texture_weighted_mean__c10__source0p5,texture_weighted_mean,10.0,True,0.9890554951282811,0.006810552212611524,0.003020003938309367,0.0004119827395391351,0.0007019659812590664
img_615af16eb000a274,selection_conditional_full_development_oof_v4,dataset_dev/01_opishnyan_ceramics/o361_2.jpg,01_opishnyan_ceramics,01_opishnyan_ceramics,True,0.9925193149675616,01_opishnyan_ceramics,03_bubnivka_ceramics,02_ornek,0,train,srcgrp_b30951e6e0850d05,src_global_opn_roundmark_catalog,cup_or_mug,clear,global_cls__c10__source0p5,motif_texture_weighted_mean__c10__source0p5,texture_weighted_mean,10.0,True,0.9925193149675616,0.0017396561092561955,0.005339175267682385,0.00015356293749416513,0.00024829071800565875
img_8bd9151b5deddd16,selection_conditional_full_development_oof_v4,dataset_dev/01_opishnyan_ceramics/o363.png,01_opishnyan_ceramics,01_opishnyan_ceramics,True,0.9497002282598741,01_opishnyan_ceramics,02_ornek,04_petrykivka_painting,0,train,srcgrp_b30951e6e0850d05,src_global_opn_roundmark_catalog,unreviewed,unreviewed,global_cls__c10__source0p5,motif_texture_weighted_mean__c10__source0p5,texture_weighted_mean,10.0,True,0.9497002282598741,0.042610773405726214,0.00044323418062343904,0.003952648536149626,0.003293115617626518
img_3d5a083a410bb93f,selection_conditional_full_development_oof_v4,dataset_dev/01_opishnyan_ceramics/o364_1.jpg,01_opishnyan_ceramics,01_opishnyan_ceramics,True,0.9603557788142965,01_opishnyan_ceramics,02_ornek,05_kosiv_ceramics,0,train,srcgrp_b30951e6e0850d05,src_global_opn_roundmark_catalog,cup_or_mug,clear,global_cls__c10__source0p5,motif_texture_weighted_mean__c10__source0p5,texture_weighted_mean,10.0,True,0.9603557788142965,0.035000990108428685,0.0007537666752276219,0.00035796283779658403,0.0035315015642506543
img_e19d78d4fc7d3ac9,selection_conditional_full_development_oof_v4,dataset_dev/01_opishnyan_ceramics/o364_2.jpg,01_opishnyan_ceramics,01_opishnyan_ceramics,True,0.9810136307307471,01_opishnyan_ceramics,02_ornek,05_kosiv_ceramics,0,train,srcgrp_b30951e6e0850d05,src_global_opn_roundmark_catalog,cup_or_mug,clear,global_cls__c10__source0p5,motif_texture_weighted_mean__c10__source0p5,texture_weighted_mean,10.0,True,0.9810136307307471,0.01286242680138903,0.001059995617247842,0.00054940847362038,0.004514538376995667
img_21ca6d7a68406cca,selection_conditional_full_development_oof_v4,dataset_dev/01_opishnyan_ceramics/o366_1.jpg,01_opishnyan_ceramics,01_opishnyan_ceramics,True,0.9855055444208876,01_opishnyan_ceramics,02_ornek,03_bubnivka_ceramics,0,train,srcgrp_b30951e6e0850d05,src_global_opn_roundmark_catalog,cup_or_mug,clear,global_cls__c10__source0p5,motif_texture_weighted_mean__c10__source0p5,texture_weighted_mean,10.0,True,0.9855055444208876,0.009559975572134229,0.0039308039315631305,0.0002414755296116718,0.000762200545803518
img_dff895e8b381565c,selection_conditional_full_development_oof_v4,dataset_dev/01_opishnyan_ceramics/o366_2.jpg,01_opishnyan_ceramics,01_opishnyan_ceramics,True,0.9921520042014682,01_opishnyan_ceramics,03_bubnivka_ceramics,02_ornek,0,train,srcgrp_b30951e6e0850d05,src_global_opn_roundmark_catalog,cup_or_mug,clear,global_cls__c10__source0p5,motif_texture_weighted_mean__c10__source0p5,texture_weighted_mean,10.0,True,0.9921520042014682,0.0007987333302164117,0.006813284980521811,0.00015394325247962637,8.203423531385969e-05
img_83e46fcfccac2ad7,selection_conditional_full_development_oof_v4,dataset_dev/01_opishnyan_ceramics/o367_1.jpg,01_opishnyan_ceramics,01_opishnyan_ceramics,True,0.9902550325696907,01_opishnyan_ceramics,03_bubnivka_ceramics,02_ornek,0,train,srcgrp_b30951e6e0850d05,src_global_opn_roundmark_catalog,cup_or_mug,clear,global_cls__c10__source0p5,motif_texture_weighted_mean__c10__source0p5,texture_weighted_mean,10.0,True,0.9902550325696907,0.00045224226030615033,0.008991178673615806,9.597440588568249e-05,0.00020557209050140238
img_be90b72e2adebfe6,selection_conditional_full_development_oof_v4,dataset_dev/01_opishnyan_ceramics/o367_2.jpg,01_opishnyan_ceramics,01_opishnyan_ceramics,True,0.9888928733275271,01_opishnyan_ceramics,03_bubnivka_ceramics,02_ornek,0,train,srcgrp_b30951e6e0850d05,src_global_opn_roundmark_catalog,cup_or_mug,clear,global_cls__c10__source0p5,motif_texture_weighted_mean__c10__source0p5,texture_weighted_mean,10.0,True,0.9888928733275271,0.00277445069040111,0.006917885518261856,0.0001472862574169449,0.001267504206392853
img_d9911c963744d26e,selection_conditional_full_development_oof_v4,dataset_dev/01_opishnyan_ceramics/o368_1.jpg,01_opishnyan_ceramics,01_opishnyan_ceramics,True,0.9833956074731689,01_opishnyan_ceramics,03_bubnivka_ceramics,02_ornek,0,train,srcgrp_b30951e6e0850d05,src_global_opn_roundmark_catalog,cup_or_mug,clear,global_cls__c10__source0p5,motif_texture_weighted_mean__c10__source0p5,texture_weighted_mean,10.0,True,0.9833956074731689,0.006934683938205637,0.008295268110789643,0.0005171004649403779,0.0008573400128952664
img_b900b1b12072cd15,selection_conditional_full_development_oof_v4,dataset_dev/01_opishnyan_ceramics/o368_2.jpg,01_opishnyan_ceramics,01_opishnyan_ceramics,True,0.9729434367044381,01_opishnyan_ceramics,03_bubnivka_ceramics,02_ornek,0,train,srcgrp_b30951e6e0850d05,src_global_opn_roundmark_catalog,cup_or_mug,clear,global_cls__c10__source0p5,motif_texture_weighted_mean__c10__source0p5,texture_weighted_mean,10.0,True,0.9729434367044381,0.011566440660238118,0.014008515744049366,0.0005056945046130732,0.0009759123866613309
img_f8226a72a14f37e4,selection_conditional_full_development_oof_v4,dataset_dev/01_opishnyan_ceramics/o370_1.jpg,01_opishnyan_ceramics,01_opishnyan_ceramics,True,0.9759585725799033,01_opishnyan_ceramics,05_kosiv_ceramics,02_ornek,0,train,srcgrp_b30951e6e0850d05,src_global_opn_roundmark_catalog,cup_or_mug,clear,global_cls__c10__source0p5,motif_texture_weighted_mean__c10__source0p5,texture_weighted_mean,10.0,True,0.9759585725799033,0.004495275256436585,0.00207596421788707,0.0022865478039464926,0.01518364014182648
img_af7a366bb7455028,selection_conditional_full_development_oof_v4,dataset_dev/01_opishnyan_ceramics/o370_2.jpg,01_opishnyan_ceramics,01_opishnyan_ceramics,True,0.971833004243643,01_opishnyan_ceramics,05_kosiv_ceramics,02_ornek,0,train,srcgrp_b30951e6e0850d05,src_global_opn_roundmark_catalog,cup_or_mug,clear,global_cls__c10__source0p5,motif_texture_weighted_mean__c10__source0p5,texture_weighted_mean,10.0,True,0.971833004243643,0.007977541249356332,0.0035561807111894766,0.000818086241280375,0.015815187554530683
img_c91f0cc2cfb74ca9,selection_conditional_full_development_oof_v4,dataset_dev/01_opishnyan_ceramics/o372_1.jpg,01_opishnyan_ceramics,01_opishnyan_ceramics,True,0.9518833283671371,01_opishnyan_ceramics,05_kosiv_ceramics,02_ornek,0,train,srcgrp_b30951e6e0850d05,src_global_opn_roundmark_catalog,cup_or_mug,clear,global_cls__c10__source0p5,motif_texture_weighted_mean__c10__source0p5,texture_weighted_mean,10.0,True,0.9518833283671371,0.003960250088322664,0.0022460244702515136,0.0027498261359257866,0.03916057093836304
img_11f38fd40ee8fe25,selection_conditional_full_development_oof_v4,dataset_dev/01_opishnyan_ceramics/o372_2.jpg,01_opishnyan_ceramics,01_opishnyan_ceramics,True,0.9048488286815163,01_opishnyan_ceramics,05_kosiv_ceramics,02_ornek,0,train,srcgrp_b30951e6e0850d05,src_global_opn_roundmark_catalog,cup_or_mug,clear,global_cls__c10__source0p5,motif_texture_weighted_mean__c10__source0p5,texture_weighted_mean,10.0,True,0.9048488286815163,0.005969834430723224,0.005777206781236168,0.003693594325472906,0.07971053578105115
img_55c53c30cba8dc01,selection_conditional_full_development_oof_v4,dataset_dev/01_opishnyan_ceramics/o373_1.jpg,01_opishnyan_ceramics,01_opishnyan_ceramics,True,0.9971383012904192,01_opishnyan_ceramics,02_ornek,05_kosiv_ceramics,0,train,srcgrp_b30951e6e0850d05,src_global_opn_roundmark_catalog,cup_or_mug,clear,global_cls__c10__source0p5,motif_texture_weighted_mean__c10__source0p5,texture_weighted_mean,10.0,True,0.9971383012904192,0.0016240594391977747,0.0003181452392499801,0.00023216159940999236,0.0006873324317231505
img_93707dbebb89ab73,selection_conditional_full_development_oof_v4,dataset_dev/01_opishnyan_ceramics/o373_2.jpg,01_opishnyan_ceramics,01_opishnyan_ceramics,True,0.9497305628505057,01_opishnyan_ceramics,05_kosiv_ceramics,02_ornek,0,train,srcgrp_b30951e6e0850d05,src_global_opn_roundmark_catalog,cup_or_mug,clear,global_cls__c10__source0p5,motif_texture_weighted_mean__c10__source0p5,texture_weighted_mean,10.0,True,0.9497305628505057,0.017613462081744528,0.004702806745370696,0.002563714249878967,0.025389454072500064
img_67bfaf6e55a963f4,selection_conditional_full_development_oof_v4,dataset_dev/01_opishnyan_ceramics/o374_1.jpg,01_opishnyan_ceramics,01_opishnyan_ceramics,True,0.987679553294979,01_opishnyan_ceramics,05_kosiv_ceramics,02_ornek,0,train,srcgrp_b30951e6e0850d05,src_global_opn_roundmark_catalog,cup_or_mug,clear,global_cls__c10__source0p5,motif_texture_weighted_mean__c10__source0p5,texture_weighted_mean,10.0,True,0.987679553294979,0.0041058699068715855,0.0006599835047824909,0.0004022406784064548,0.0071523526149602865
img_eb2fce7549669d76,selection_conditional_full_development_oof_v4,dataset_dev/01_opishnyan_ceramics/o374_2.jpg,01_opishnyan_ceramics,01_opishnyan_ceramics,True,0.9920459286450869,01_opishnyan_ceramics,05_kosiv_ceramics,02_ornek,0,train,srcgrp_b30951e6e0850d05,src_global_opn_roundmark_catalog,cup_or_mug,clear,global_cls__c10__source0p5,motif_texture_weighted_mean__c10__source0p5,texture_weighted_mean,10.0,True,0.9920459286450869,0.0023687450941983932,0.001830327797727097,0.0010966399090839554,0.002658358553903687
img_2b9ab68e2321d4eb,selection_conditional_full_development_oof_v4,dataset_dev/01_opishnyan_ceramics/o375_2.jpg,01_opishnyan_ceramics,01_opishnyan_ceramics,True,0.9784489844872424,01_opishnyan_ceramics,05_kosiv_ceramics,03_bubnivka_ceramics,0,train,srcgrp_b30951e6e0850d05,src_global_opn_roundmark_catalog,cup_or_mug,clear,global_cls__c10__source0p5,motif_texture_weighted_mean__c10__source0p5,texture_weighted_mean,10.0,True,0.9784489844872424,0.0032262065253839305,0.004171289051446211,0.0009719329792522622,0.01318158695667496
img_75759a575b270237,selection_conditional_full_development_oof_v4,dataset_dev/01_opishnyan_ceramics/o376_1.jpg,01_opishnyan_ceramics,01_opishnyan_ceramics,True,0.9381637126584834,01_opishnyan_ceramics,05_kosiv_ceramics,02_ornek,0,train,srcgrp_b30951e6e0850d05,src_global_opn_roundmark_catalog,cup_or_mug,clear,global_cls__c10__source0p5,motif_texture_weighted_mean__c10__source0p5,texture_weighted_mean,10.0,True,0.9381637126584834,0.013627255831105122,0.010839179927779753,0.001361575571565409,0.036008276011066515
img_a49cd2b6f6992399,selection_conditional_full_development_oof_v4,dataset_dev/01_opishnyan_ceramics/o376_2.jpg,01_opishnyan_ceramics,01_opishnyan_ceramics,True,0.948540019561158,01_opishnyan_ceramics,05_kosiv_ceramics,03_bubnivka_ceramics,0,train,srcgrp_b30951e6e0850d05,src_global_opn_roundmark_catalog,cup_or_mug,clear,global_cls__c10__source0p5,motif_texture_weighted_mean__c10__source0p5,texture_weighted_mean,10.0,True,0.948540019561158,0.008516759761794503,0.01562667457743518,0.0017828313024117607,0.02553371479720066
img_9799c7b44a442e8b,selection_conditional_full_development_oof_v4,dataset_dev/01_opishnyan_ceramics/o376_3.jpg,01_opishnyan_ceramics,01_opishnyan_ceramics,True,0.9639124003974108,01_opishnyan_ceramics,05_kosiv_ceramics,02_ornek,0,train,srcgrp_b30951e6e0850d05,src_global_opn_roundmark_catalog,cup_or_mug,clear,global_cls__c10__source0p5,motif_texture_weighted_mean__c10__source0p5,texture_weighted_mean,10.0,True,0.9639124003974108,0.005913445764419177,0.004442871595407866,0.0016488286808981297,0.024082453561863754
img_bbd236a1de7ff5f0,selection_conditional_full_development_oof_v4,dataset_dev/01_opishnyan_ceramics/o376_4.jpg,01_opishnyan_ceramics,01_opishnyan_ceramics,True,0.987400711525987,01_opishnyan_ceramics,05_kosiv_ceramics,03_bubnivka_ceramics,0,train,srcgrp_b30951e6e0850d05,src_global_opn_roundmark_catalog,cup_or_mug,clear,global_cls__c10__source0p5,motif_texture_weighted_mean__c10__source0p5,texture_weighted_mean,10.0,True,0.987400711525987,0.001381972245414078,0.0019291485980698245,0.0012749299424132518,0.008013237688115814
img_e0d78cc1dc305af8,selection_conditional_full_development_oof_v4,dataset_dev/01_opishnyan_ceramics/o376_5.jpg,01_opishnyan_ceramics,01_opishnyan_ceramics,True,0.9707326317292835,01_opishnyan_ceramics,02_ornek,05_kosiv_ceramics,0,train,srcgrp_b30951e6e0850d05,src_global_opn_roundmark_catalog,plate_or_bowl,clear,global_cls__c10__source0p5,motif_texture_weighted_mean__c10__source0p5,texture_weighted_mean,10.0,True,0.9707326317292835,0.012535729974686778,0.00211037787461378,0.002702483341804794,0.011918777079611136
img_16cd80834f899481,selection_conditional_full_development_oof_v4,dataset_dev/01_opishnyan_ceramics/o377_1.jpg,01_opishnyan_ceramics,01_opishnyan_ceramics,True,0.9614693572520294,01_opishnyan_ceramics,05_kosiv_ceramics,03_bubnivka_ceramics,0,train,srcgrp_b30951e6e0850d05,src_global_opn_roundmark_catalog,cup_or_mug,clear,global_cls__c10__source0p5,motif_texture_weighted_mean__c10__source0p5,texture_weighted_mean,10.0,True,0.9614693572520294,0.003673782418499495,0.008971637238017787,0.00039496295119081367,0.0254902601402623
img_0defb60f9d94bcce,selection_conditional_full_development_oof_v4,dataset_dev/01_opishnyan_ceramics/o377_2.jpg,01_opishnyan_ceramics,01_opishnyan_ceramics,True,0.9631873524756898,01_opishnyan_ceramics,03_bubnivka_ceramics,05_kosiv_ceramics,0,train,srcgrp_b30951e6e0850d05,src_global_opn_roundmark_catalog,cup_or_mug,clear,global_cls__c10__source0p5,motif_texture_weighted_mean__c10__source0p5,texture_weighted_mean,10.0,True,0.9631873524756898,0.00390859351864865,0.02319454447234531,0.00042438400692288504,0.009285125526393323
img_75f90ed598c0000c,selection_conditional_full_development_oof_v4,dataset_dev/01_opishnyan_ceramics/o378_1.jpg,01_opishnyan_ceramics,01_opishnyan_ceramics,True,0.9462127539189858,01_opishnyan_ceramics,03_bubnivka_ceramics,05_kosiv_ceramics,0,train,srcgrp_b30951e6e0850d05,src_global_opn_roundmark_catalog,cup_or_mug,clear,global_cls__c10__source0p5,motif_texture_weighted_mean__c10__source0p5,texture_weighted_mean,10.0,True,0.9462127539189858,0.0029144882971478404,0.028174684763652133,0.00034928100542732954,0.022348792014786636
img_e115d071d69dceb4,selection_conditional_full_development_oof_v4,dataset_dev/01_opishnyan_ceramics/o378_2.jpg,01_opishnyan_ceramics,01_opishnyan_ceramics,True,0.9960833156352916,01_opishnyan_ceramics,03_bubnivka_ceramics,02_ornek,0,train,srcgrp_b30951e6e0850d05,src_global_opn_roundmark_catalog,cup_or_mug,clear,global_cls__c10__source0p5,motif_texture_weighted_mean__c10__source0p5,texture_weighted_mean,10.0,True,0.9960833156352916,0.00045834543972437164,0.002956128186901315,5.844984857857885e-05,0.00044376088950398134
img_fd4693a6cc75206d,selection_conditional_full_development_oof_v4,dataset_dev/01_opishnyan_ceramics/o380_1.jpg,01_opishnyan_ceramics,01_opishnyan_ceramics,True,0.9965669571477167,01_opishnyan_ceramics,02_ornek,03_bubnivka_ceramics,0,train,srcgrp_b30951e6e0850d05,src_global_opn_roundmark_catalog,figurine_or_sculpture,clear,global_cls__c10__source0p5,motif_texture_weighted_mean__c10__source0p5,texture_weighted_mean,10.0,True,0.9965669571477167,0.0016530451204284054,0.0011881094129412247,0.00039226202535316444,0.00019962629356065165
img_e377cd845bc8f23b,selection_conditional_full_development_oof_v4,dataset_dev/01_opishnyan_ceramics/o380_2.jpg,01_opishnyan_ceramics,01_opishnyan_ceramics,True,0.9957176796083366,01_opishnyan_ceramics,03_bubnivka_ceramics,04_petrykivka_painting,0,train,srcgrp_b30951e6e0850d05,src_global_opn_roundmark_catalog,figurine_or_sculpture,clear,global_cls__c10__source0p5,motif_texture_weighted_mean__c10__source0p5,texture_weighted_mean,10.0,True,0.9957176796083366,0.00061565892775685,0.00267935877532331,0.000839781412925388,0.0001475212756578057
img_667d2e7447b2e402,selection_conditional_full_development_oof_v4,dataset_dev/01_opishnyan_ceramics/o381_1.jpg,01_opishnyan_ceramics,01_opishnyan_ceramics,True,0.9816660318389581,01_opishnyan_ceramics,03_bubnivka_ceramics,05_kosiv_ceramics,0,train,srcgrp_b30951e6e0850d05,src_global_opn_roundmark_catalog,figurine_or_sculpture,clear,global_cls__c10__source0p5,motif_texture_weighted_mean__c10__source0p5,texture_weighted_mean,10.0,True,0.9816660318389581,0.00025388897737137884,0.01422403353485584,0.00070740369706854,0.003148641951746322
img_e460b3015c946bc3,selection_conditional_full_development_oof_v4,dataset_dev/01_opishnyan_ceramics/o381_2.jpg,01_opishnyan_ceramics,01_opishnyan_ceramics,True,0.9594305744733002,01_opishnyan_ceramics,03_bubnivka_ceramics,05_kosiv_ceramics,0,train,srcgrp_b30951e6e0850d05,src_global_opn_roundmark_catalog,figurine_or_sculpture,clear,global_cls__c10__source0p5,motif_texture_weighted_mean__c10__source0p5,texture_weighted_mean,10.0,True,0.9594305744733002,0.0008439757623891144,0.025308891158174942,0.0010132997450777689,0.013403258861058103
img_cbce41440de0a309,selection_conditional_full_development_oof_v4,dataset_dev/01_opishnyan_ceramics/o381_3.jpg,01_opishnyan_ceramics,01_opishnyan_ceramics,True,0.9631861728029113,01_opishnyan_ceramics,03_bubnivka_ceramics,05_kosiv_ceramics,0,train,srcgrp_b30951e6e0850d05,src_global_opn_roundmark_catalog,figurine_or_sculpture,clear,global_cls__c10__source0p5,motif_texture_weighted_mean__c10__source0p5,texture_weighted_mean,10.0,True,0.9631861728029113,0.0006488802177597798,0.025181670527573634,0.0007867789218534209,0.010196497529901751
img_7f5a3ceccb0977e0,selection_conditional_full_development_oof_v4,dataset_dev/01_opishnyan_ceramics/o382_1.jpg,01_opishnyan_ceramics,01_opishnyan_ceramics,True,0.9917074818325082,01_opishnyan_ceramics,02_ornek,05_kosiv_ceramics,0,train,srcgrp_b30951e6e0850d05,src_global_opn_roundmark_catalog,figurine_or_sculpture,clear,global_cls__c10__source0p5,motif_texture_weighted_mean__c10__source0p5,texture_weighted_mean,10.0,True,0.9917074818325082,0.00619089308360661,0.0007865042787484944,0.0002860925759801176,0.0010290282291568
img_ff3d5e30507ccdd3,selection_conditional_full_development_oof_v4,dataset_dev/01_opishnyan_ceramics/o382_2.jpg,01_opishnyan_ceramics,01_opishnyan_ceramics,True,0.9969550892249456,01_opishnyan_ceramics,02_ornek,05_kosiv_ceramics,0,train,srcgrp_b30951e6e0850d05,src_global_opn_roundmark_catalog,figurine_or_sculpture,clear,global_cls__c10__source0p5,motif_texture_weighted_mean__c10__source0p5,texture_weighted_mean,10.0,True,0.9969550892249456,0.002029600739851796,0.0003804419257890191,0.00018099182245032684,0.0004538762869631742
img_c994b5180889800d,selection_conditional_full_development_oof_v4,dataset_dev/01_opishnyan_ceramics/o382_3.jpg,01_opishnyan_ceramics,01_opishnyan_ceramics,True,0.9971284375859775,01_opishnyan_ceramics,02_ornek,03_bubnivka_ceramics,0,train,srcgrp_b30951e6e0850d05,src_global_opn_roundmark_catalog,figurine_or_sculpture,clear,global_cls__c10__source0p5,motif_texture_weighted_mean__c10__source0p5,texture_weighted_mean,10.0,True,0.9971284375859775,0.0016261574181412536,0.0005809829800888698,0.00024610631295422054,0.0004183157028379589
img_6fddc613fdeb9269,selection_conditional_full_development_oof_v4,dataset_dev/01_opishnyan_ceramics/o383_1.jpg,01_opishnyan_ceramics,01_opishnyan_ceramics,True,0.9622394961977002,01_opishnyan_ceramics,05_kosiv_ceramics,02_ornek,0,train,srcgrp_b30951e6e0850d05,src_global_opn_roundmark_catalog,vase_jug_or_vessel,clear,global_cls__c10__source0p5,motif_texture_weighted_mean__c10__source0p5,texture_weighted_mean,10.0,True,0.9622394961977002,0.014704551254363653,0.0037408570583117294,0.0023339746289984587,0.016981120860625754
img_0cdd398c23cc0673,selection_conditional_full_development_oof_v4,dataset_dev/01_opishnyan_ceramics/o383_2.jpg,01_opishnyan_ceramics,01_opishnyan_ceramics,True,0.9603354665213237,01_opishnyan_ceramics,05_kosiv_ceramics,02_ornek,0,train,srcgrp_b30951e6e0850d05,src_global_opn_roundmark_catalog,vase_jug_or_vessel,clear,global_cls__c10__source0p5,motif_texture_weighted_mean__c10__source0p5,texture_weighted_mean,10.0,True,0.9603354665213237,0.00802048187653782,0.0024886417174136326,0.005610428929485126,0.023544980955239683
img_d264fd627ee86532,selection_conditional_full_development_oof_v4,dataset_test/01_opishnyan_ceramics/o063.jpg,01_opishnyan_ceramics,01_opishnyan_ceramics,True,0.8130975492221157,01_opishnyan_ceramics,03_bubnivka_ceramics,05_kosiv_ceramics,4,train,obj_single_d264fd627ee86532,,unreviewed,unreviewed,global_cls__c10__source0p5,motif_texture_weighted_mean__c10__source0p5,texture_weighted_mean,10.0,True,0.8130975492221157,0.005355346241646231,0.16313128659449017,0.0028712164864665365,0.015544601455281377
img_061fe0488f99ea72,selection_conditional_full_development_oof_v4,dataset_test/01_opishnyan_ceramics/o064.jpg,01_opishnyan_ceramics,01_opishnyan_ceramics,True,0.5419016706358455,01_opishnyan_ceramics,03_bubnivka_ceramics,02_ornek,4,train,obj_single_061fe0488f99ea72,,unreviewed,unreviewed,global_cls__c10__source0p5,motif_texture_weighted_mean__c10__source0p5,texture_weighted_mean,10.0,True,0.5419016706358455,0.0074723286107997245,0.4478711205635526,0.0012125083845078621,0.0015423718052944295
img_a0eda321a1f3bc6e,selection_conditional_full_development_oof_v4,dataset_test/01_opishnyan_ceramics/o068.jpeg,01_opishnyan_ceramics,01_opishnyan_ceramics,True,0.7915455956058396,01_opishnyan_ceramics,03_bubnivka_ceramics,02_ornek,1,train,obj_single_a0eda321a1f3bc6e,,unreviewed,unreviewed,global_cls__c10__source0p5,motif_texture_weighted_mean__c10__source0p5,texture_weighted_mean,10.0,True,0.7915455956058396,0.04049967669281422,0.13934471987248387,0.02214327700764164,0.006466730821220851
img_c1e6c88153f13fb6,selection_conditional_full_development_oof_v4,dataset_test/01_opishnyan_ceramics/o069.jpeg,01_opishnyan_ceramics,01_opishnyan_ceramics,True,0.9844721064048793,01_opishnyan_ceramics,05_kosiv_ceramics,03_bubnivka_ceramics,1,train,obj_single_c1e6c88153f13fb6,,unreviewed,unreviewed,global_cls__c10__source0p5,motif_texture_weighted_mean__c10__source0p5,texture_weighted_mean,10.0,True,0.9844721064048793,0.0011344663437476696,0.00272271383802106,0.0006747311334659768,0.010995982279886119
img_8caef1f8888b9e34,selection_conditional_full_development_oof_v4,dataset_test/01_opishnyan_ceramics/o071.jpg,01_opishnyan_ceramics,03_bubnivka_ceramics,False,0.5866745753850502,03_bubnivka_ceramics,01_opishnyan_ceramics,04_petrykivka_painting,4,train,obj_single_8caef1f8888b9e34,,unreviewed,unreviewed,global_cls__c10__source0p5,motif_texture_weighted_mean__c10__source0p5,texture_weighted_mean,10.0,True,0.2314979335371232,0.050994847875986904,0.5866745753850502,0.11641247350156458,0.01442016970027522
img_9f99e3d62c5be863,selection_conditional_full_development_oof_v4,dataset_test/01_opishnyan_ceramics/o073.jpg,01_opishnyan_ceramics,03_bubnivka_ceramics,False,0.801602145477644,03_bubnivka_ceramics,05_kosiv_ceramics,02_ornek,4,train,obj_single_9f99e3d62c5be863,,unreviewed,unreviewed,global_cls__c10__source0p5,motif_texture_weighted_mean__c10__source0p5,texture_weighted_mean,10.0,True,0.015541124121802174,0.024725236704344063,0.801602145477644,0.015796850582962044,0.14233464311324753
img_028cc73cac919d86,selection_conditional_full_development_oof_v4,dataset_test/01_opishnyan_ceramics/o074.jpg,01_opishnyan_ceramics,01_opishnyan_ceramics,True,0.8102097596154175,01_opishnyan_ceramics,02_ornek,03_bubnivka_ceramics,4,train,obj_single_028cc73cac919d86,,unreviewed,unreviewed,global_cls__c10__source0p5,motif_texture_weighted_mean__c10__source0p5,texture_weighted_mean,10.0,True,0.8102097596154175,0.07824863711534516,0.07427322450949729,0.0018954898337614793,0.03537288892597854
img_5f8af8acc3f92fdb,selection_conditional_full_development_oof_v4,dataset_test/01_opishnyan_ceramics/o075.jpg,01_opishnyan_ceramics,03_bubnivka_ceramics,False,0.8225804055849701,03_bubnivka_ceramics,02_ornek,01_opishnyan_ceramics,4,train,obj_single_5f8af8acc3f92fdb,,unreviewed,unreviewed,global_cls__c10__source0p5,motif_texture_weighted_mean__c10__source0p5,texture_weighted_mean,10.0,True,0.03396896004590491,0.13179432111235553,0.8225804055849701,0.0023219015352767586,0.009334411721492485
img_014f671a94192289,selection_conditional_full_development_oof_v4,dataset_test/01_opishnyan_ceramics/o078.jpg,01_opishnyan_ceramics,01_opishnyan_ceramics,True,0.951766951128307,01_opishnyan_ceramics,05_kosiv_ceramics,03_bubnivka_ceramics,4,train,src_manual_076,,figurine_or_sculpture,clear,global_cls__c10__source0p5,motif_texture_weighted_mean__c10__source0p5,texture_weighted_mean,10.0,True,0.951766951128307,0.0009101135254361429,0.004593353726684309,0.0014348452213306091,0.04129473639824187
img_808d9e1809e6fdda,selection_conditional_full_development_oof_v4,dataset_test/01_opishnyan_ceramics/o081.jpg,01_opishnyan_ceramics,03_bubnivka_ceramics,False,0.7316591952439123,03_bubnivka_ceramics,01_opishnyan_ceramics,02_ornek,1,train,obj_single_808d9e1809e6fdda,,unreviewed,unreviewed,global_cls__c10__source0p5,motif_texture_weighted_mean__c10__source0p5,texture_weighted_mean,10.0,True,0.2553398290158768,0.009511488312396609,0.7316591952439123,0.0006416011752013556,0.002847886252612802
img_524f04addec14305,selection_conditional_full_development_oof_v4,dataset_test/01_opishnyan_ceramics/o082.jpg,01_opishnyan_ceramics,01_opishnyan_ceramics,True,0.8021425133627481,01_opishnyan_ceramics,03_bubnivka_ceramics,02_ornek,4,train,obj_single_524f04addec14305,,unreviewed,unreviewed,global_cls__c10__source0p5,motif_texture_weighted_mean__c10__source0p5,texture_weighted_mean,10.0,True,0.8021425133627481,0.0515338995902393,0.12549333215075634,0.0040341655953221416,0.01679608930093394
img_ebd722710dc86130,selection_conditional_full_development_oof_v4,dataset_test/01_opishnyan_ceramics/o083.jpg,01_opishnyan_ceramics,03_bubnivka_ceramics,False,0.5646477184729549,03_bubnivka_ceramics,04_petrykivka_painting,02_ornek,4,train,obj_single_ebd722710dc86130,,unreviewed,unreviewed,global_cls__c10__source0p5,motif_texture_weighted_mean__c10__source0p5,texture_weighted_mean,10.0,True,0.046777266246079946,0.15016619911874252,0.5646477184729549,0.21058335206628123,0.02782546409594141
img_296fc5933b2e9ad7,selection_conditional_full_development_oof_v4,dataset_test/01_opishnyan_ceramics/o084.jpg,01_opishnyan_ceramics,03_bubnivka_ceramics,False,0.8982985389113883,03_bubnivka_ceramics,01_opishnyan_ceramics,05_kosiv_ceramics,4,train,obj_single_296fc5933b2e9ad7,,unreviewed,unreviewed,global_cls__c10__source0p5,motif_texture_weighted_mean__c10__source0p5,texture_weighted_mean,10.0,True,0.07463300699981429,0.008323845614503406,0.8982985389113883,0.0028312831795807448,0.015913325294713426
img_8c89f52d4cd2d9e9,selection_conditional_full_development_oof_v4,dataset_test/01_opishnyan_ceramics/o085.jpg,01_opishnyan_ceramics,01_opishnyan_ceramics,True,0.8200053943107314,01_opishnyan_ceramics,03_bubnivka_ceramics,05_kosiv_ceramics,2,train,srcgrp_4816dd56c8688495,src_global_opn_museum_display_logo,unreviewed,unreviewed,global_cls__c10__source0p5,motif_texture_weighted_mean__c10__source0p5,texture_weighted_mean,10.0,True,0.8200053943107314,0.0033599168143227534,0.15738246952912557,0.0010722223989769715,0.018179996946843288
img_e3dc9280b439e054,selection_conditional_full_development_oof_v4,dataset_test/01_opishnyan_ceramics/o086.jpg,01_opishnyan_ceramics,01_opishnyan_ceramics,True,0.7864125190268071,01_opishnyan_ceramics,03_bubnivka_ceramics,05_kosiv_ceramics,2,train,srcgrp_4816dd56c8688495,src_global_opn_museum_display_logo,unreviewed,unreviewed,global_cls__c10__source0p5,motif_texture_weighted_mean__c10__source0p5,texture_weighted_mean,10.0,True,0.7864125190268071,0.007007698403888999,0.17863513812525766,0.0008486144733221694,0.027096029970724113
img_33f2b9609d8f9b35,selection_conditional_full_development_oof_v4,dataset_test/01_opishnyan_ceramics/o087.jpg,01_opishnyan_ceramics,01_opishnyan_ceramics,True,0.9982981702326562,01_opishnyan_ceramics,03_bubnivka_ceramics,02_ornek,2,train,srcgrp_4816dd56c8688495,src_global_opn_museum_display_logo,unreviewed,unreviewed,global_cls__c10__source0p5,motif_texture_weighted_mean__c10__source0p5,texture_weighted_mean,10.0,True,0.9982981702326562,0.000539271668170555,0.0010035945978311062,2.3655246090308755e-05,0.00013530825525193512
img_2f51825850666e39,selection_conditional_full_development_oof_v4,dataset_test/01_opishnyan_ceramics/o088.jpg,01_opishnyan_ceramics,01_opishnyan_ceramics,True,0.9904261300388936,01_opishnyan_ceramics,03_bubnivka_ceramics,05_kosiv_ceramics,2,train,srcgrp_4816dd56c8688495,src_global_opn_museum_display_logo,unreviewed,unreviewed,global_cls__c10__source0p5,motif_texture_weighted_mean__c10__source0p5,texture_weighted_mean,10.0,True,0.9904261300388936,0.0008822421397266727,0.00707872035189354,0.0002796265480181238,0.0013332809214681074
img_d7f521f324d95cf8,selection_conditional_full_development_oof_v4,dataset_test/01_opishnyan_ceramics/o089.jpg,01_opishnyan_ceramics,01_opishnyan_ceramics,True,0.7910915311591965,01_opishnyan_ceramics,05_kosiv_ceramics,02_ornek,2,train,srcgrp_4816dd56c8688495,src_global_opn_museum_display_logo,unreviewed,unreviewed,global_cls__c10__source0p5,motif_texture_weighted_mean__c10__source0p5,texture_weighted_mean,10.0,True,0.7910915311591965,0.06506058744209231,0.016418369703861645,0.0027859690049704382,0.12464354268987932
img_e4c1ef826f8ac577,selection_conditional_full_development_oof_v4,dataset_test/01_opishnyan_ceramics/o090.jpg,01_opishnyan_ceramics,01_opishnyan_ceramics,True,0.9673098443932899,01_opishnyan_ceramics,03_bubnivka_ceramics,05_kosiv_ceramics,2,train,srcgrp_4816dd56c8688495,src_global_opn_museum_display_logo,unreviewed,unreviewed,global_cls__c10__source0p5,motif_texture_weighted_mean__c10__source0p5,texture_weighted_mean,10.0,True,0.9673098443932899,0.002982435024474096,0.024716351507697444,0.00039472049365841004,0.004596648580880075
img_cf83c0cd58243ec7,selection_conditional_full_development_oof_v4,dataset_test/01_opishnyan_ceramics/o091.jpg,01_opishnyan_ceramics,01_opishnyan_ceramics,True,0.8620687923924129,01_opishnyan_ceramics,02_ornek,03_bubnivka_ceramics,2,train,srcgrp_4816dd56c8688495,src_global_opn_museum_display_logo,unreviewed,unreviewed,global_cls__c10__source0p5,motif_texture_weighted_mean__c10__source0p5,texture_weighted_mean,10.0,True,0.8620687923924129,0.08622221063942379,0.040196713724634375,0.0010067317276760644,0.010505551515852977
img_13d03e8dbd584dc2,selection_conditional_full_development_oof_v4,dataset_test/01_opishnyan_ceramics/o092.jpg,01_opishnyan_ceramics,01_opishnyan_ceramics,True,0.9888171701980946,01_opishnyan_ceramics,05_kosiv_ceramics,03_bubnivka_ceramics,2,train,srcgrp_4816dd56c8688495,src_global_opn_museum_display_logo,unreviewed,unreviewed,global_cls__c10__source0p5,motif_texture_weighted_mean__c10__source0p5,texture_weighted_mean,10.0,True,0.9888171701980946,6.822889691420141e-05,0.001650244432059514,5.7038232091775505e-05,0.009407318240840007
img_1fa235c0f0c9b41a,selection_conditional_full_development_oof_v4,dataset_test/01_opishnyan_ceramics/o093.jpg,01_opishnyan_ceramics,01_opishnyan_ceramics,True,0.9010013734710164,01_opishnyan_ceramics,05_kosiv_ceramics,03_bubnivka_ceramics,2,train,srcgrp_4816dd56c8688495,src_global_opn_museum_display_logo,unreviewed,unreviewed,global_cls__c10__source0p5,motif_texture_weighted_mean__c10__source0p5,texture_weighted_mean,10.0,True,0.9010013734710164,0.006826192367503469,0.03313795316076062,0.011974482074522648,0.047059998926196854
img_ab63166b65665a7c,selection_conditional_full_development_oof_v4,dataset_test/01_opishnyan_ceramics/o095.jpg,01_opishnyan_ceramics,01_opishnyan_ceramics,True,0.9911220243255077,01_opishnyan_ceramics,05_kosiv_ceramics,02_ornek,2,train,srcgrp_4816dd56c8688495,src_global_opn_museum_display_logo,unreviewed,unreviewed,global_cls__c10__source0p5,motif_texture_weighted_mean__c10__source0p5,texture_weighted_mean,10.0,True,0.9911220243255077,0.0035766803548821407,0.0012671274920401762,0.00023592236163564646,0.003798245465934352
img_109761f0027c4b2c,selection_conditional_full_development_oof_v4,dataset_test/01_opishnyan_ceramics/o096.jpg,01_opishnyan_ceramics,01_opishnyan_ceramics,True,0.9792334192529848,01_opishnyan_ceramics,02_ornek,05_kosiv_ceramics,2,train,srcgrp_4816dd56c8688495,src_global_opn_museum_display_logo,unreviewed,unreviewed,global_cls__c10__source0p5,motif_texture_weighted_mean__c10__source0p5,texture_weighted_mean,10.0,True,0.9792334192529848,0.00839979504616122,0.0058254978191566,0.0006232397251903129,0.005918048156506999
img_e7f044337956aa91,selection_conditional_full_development_oof_v4,dataset_test/01_opishnyan_ceramics/o098.jpg,01_opishnyan_ceramics,01_opishnyan_ceramics,True,0.89446622331301,01_opishnyan_ceramics,03_bubnivka_ceramics,05_kosiv_ceramics,2,train,srcgrp_4816dd56c8688495,src_global_opn_museum_display_logo,unreviewed,unreviewed,global_cls__c10__source0p5,motif_texture_weighted_mean__c10__source0p5,texture_weighted_mean,10.0,True,0.89446622331301,0.0014352963505081353,0.09054199589982416,0.00039729154918536453,0.0131591928874725
img_25d05e8760253590,selection_conditional_full_development_oof_v4,dataset_test/01_opishnyan_ceramics/o099.jpg,01_opishnyan_ceramics,01_opishnyan_ceramics,True,0.9895586298548045,01_opishnyan_ceramics,02_ornek,05_kosiv_ceramics,2,train,srcgrp_4816dd56c8688495,src_global_opn_museum_display_logo,unreviewed,unreviewed,global_cls__c10__source0p5,motif_texture_weighted_mean__c10__source0p5,texture_weighted_mean,10.0,True,0.9895586298548045,0.004494533218512366,0.0011154401624144928,0.0005775729553398041,0.004253823808929062
img_8902392409bb3a70,selection_conditional_full_development_oof_v4,dataset_test/01_opishnyan_ceramics/o104.jpg,01_opishnyan_ceramics,01_opishnyan_ceramics,True,0.9864715838585826,01_opishnyan_ceramics,03_bubnivka_ceramics,05_kosiv_ceramics,2,train,srcgrp_4816dd56c8688495,src_global_opn_museum_display_logo,unreviewed,unreviewed,global_cls__c10__source0p5,motif_texture_weighted_mean__c10__source0p5,texture_weighted_mean,10.0,True,0.9864715838585826,0.00020798617238668553,0.010995429692522807,0.0006972740477434572,0.0016277262287646187
img_d02bdb53fd9e91a3,selection_conditional_full_development_oof_v4,dataset_test/01_opishnyan_ceramics/o105.jpg,01_opishnyan_ceramics,01_opishnyan_ceramics,True,0.9802920605310564,01_opishnyan_ceramics,03_bubnivka_ceramics,05_kosiv_ceramics,2,train,srcgrp_4816dd56c8688495,src_global_opn_museum_display_logo,unreviewed,unreviewed,global_cls__c10__source0p5,motif_texture_weighted_mean__c10__source0p5,texture_weighted_mean,10.0,True,0.9802920605310564,0.0006162712987115369,0.011838632443554748,0.0003233823226104328,0.006929653404066804
img_2521aad37ecbe1d0,selection_conditional_full_development_oof_v4,dataset_test/01_opishnyan_ceramics/o106.jpg,01_opishnyan_ceramics,01_opishnyan_ceramics,True,0.9839076725557074,01_opishnyan_ceramics,03_bubnivka_ceramics,02_ornek,2,train,srcgrp_4816dd56c8688495,src_global_opn_museum_display_logo,unreviewed,unreviewed,global_cls__c10__source0p5,motif_texture_weighted_mean__c10__source0p5,texture_weighted_mean,10.0,True,0.9839076725557074,0.0035395655622826334,0.010438434155449266,0.0009523439189985179,0.0011619838075622034
img_4564db1dbe16c66e,selection_conditional_full_development_oof_v4,dataset_test/01_opishnyan_ceramics/o107.jpg,01_opishnyan_ceramics,01_opishnyan_ceramics,True,0.9434974145466439,01_opishnyan_ceramics,05_kosiv_ceramics,03_bubnivka_ceramics,2,train,srcgrp_4816dd56c8688495,src_global_opn_museum_display_logo,unreviewed,unreviewed,global_cls__c10__source0p5,motif_texture_weighted_mean__c10__source0p5,texture_weighted_mean,10.0,True,0.9434974145466439,0.0019847159184177214,0.02387646836953566,0.006699343234274585,0.02394205793112796
img_399a7cf11615b6a8,selection_conditional_full_development_oof_v4,dataset_test/01_opishnyan_ceramics/o108.jpg,01_opishnyan_ceramics,01_opishnyan_ceramics,True,0.9512034385821163,01_opishnyan_ceramics,03_bubnivka_ceramics,05_kosiv_ceramics,2,train,srcgrp_4816dd56c8688495,src_global_opn_museum_display_logo,unreviewed,unreviewed,global_cls__c10__source0p5,motif_texture_weighted_mean__c10__source0p5,texture_weighted_mean,10.0,True,0.9512034385821163,0.001372914730723666,0.042357740858537926,0.0009111297609930797,0.004154776067628956
img_d7ca34acd9b2d022,selection_conditional_full_development_oof_v4,dataset_test/01_opishnyan_ceramics/o109.jpg,01_opishnyan_ceramics,01_opishnyan_ceramics,True,0.9918119176878265,01_opishnyan_ceramics,02_ornek,05_kosiv_ceramics,2,train,srcgrp_4816dd56c8688495,src_global_opn_museum_display_logo,unreviewed,unreviewed,global_cls__c10__source0p5,motif_texture_weighted_mean__c10__source0p5,texture_weighted_mean,10.0,True,0.9918119176878265,0.0038147049079727945,0.001902380038992729,7.854289544574122e-05,0.002392454469762456
img_49ca6e98d1bc9f0f,selection_conditional_full_development_oof_v4,dataset_test/01_opishnyan_ceramics/o110.jpg,01_opishnyan_ceramics,01_opishnyan_ceramics,True,0.9808444317799803,01_opishnyan_ceramics,03_bubnivka_ceramics,05_kosiv_ceramics,2,train,srcgrp_4816dd56c8688495,src_global_opn_museum_display_logo,unreviewed,unreviewed,global_cls__c10__source0p5,motif_texture_weighted_mean__c10__source0p5,texture_weighted_mean,10.0,True,0.9808444317799803,0.0001800555443402377,0.01110817224554473,0.000549901934264331,0.007317438495870553
img_41e45a3de579c0f2,selection_conditional_full_development_oof_v4,dataset_test/01_opishnyan_ceramics/o111.jpg,01_opishnyan_ceramics,01_opishnyan_ceramics,True,0.9418288965046397,01_opishnyan_ceramics,03_bubnivka_ceramics,05_kosiv_ceramics,2,train,srcgrp_4816dd56c8688495,src_global_opn_museum_display_logo,unreviewed,unreviewed,global_cls__c10__source0p5,motif_texture_weighted_mean__c10__source0p5,texture_weighted_mean,10.0,True,0.9418288965046397,0.003226280414975171,0.047554650628584,0.0018516565170606386,0.005538515934740488
img_303522182f90eb7c,selection_conditional_full_development_oof_v4,dataset_test/01_opishnyan_ceramics/o112.jpg,01_opishnyan_ceramics,01_opishnyan_ceramics,True,0.8528258411406474,01_opishnyan_ceramics,03_bubnivka_ceramics,05_kosiv_ceramics,2,train,srcgrp_4816dd56c8688495,src_global_opn_museum_display_logo,unreviewed,unreviewed,global_cls__c10__source0p5,motif_texture_weighted_mean__c10__source0p5,texture_weighted_mean,10.0,True,0.8528258411406474,0.0024338557480397148,0.09628001052466721,0.0025703062635380847,0.04588998632310763
img_9eb84d612d82ba16,selection_conditional_full_development_oof_v4,dataset_test/01_opishnyan_ceramics/o113.jpg,01_opishnyan_ceramics,01_opishnyan_ceramics,True,0.9471683975785447,01_opishnyan_ceramics,03_bubnivka_ceramics,05_kosiv_ceramics,2,train,srcgrp_4816dd56c8688495,src_global_opn_museum_display_logo,unreviewed,unreviewed,global_cls__c10__source0p5,motif_texture_weighted_mean__c10__source0p5,texture_weighted_mean,10.0,True,0.9471683975785447,0.00201674321602861,0.04423370667167544,0.0007220253155778358,0.005859127218173596
img_8772e76cd8093891,selection_conditional_full_development_oof_v4,dataset_test/01_opishnyan_ceramics/o114.jpg,01_opishnyan_ceramics,01_opishnyan_ceramics,True,0.7598156069296439,01_opishnyan_ceramics,03_bubnivka_ceramics,05_kosiv_ceramics,2,train,srcgrp_4816dd56c8688495,src_global_opn_museum_display_logo,unreviewed,unreviewed,global_cls__c10__source0p5,motif_texture_weighted_mean__c10__source0p5,texture_weighted_mean,10.0,True,0.7598156069296439,0.0046313043697477525,0.1824908052545449,0.006506954969223004,0.04655532847684039
img_0f3cf4af9fc81631,selection_conditional_full_development_oof_v4,dataset_test/01_opishnyan_ceramics/o115.jpg,01_opishnyan_ceramics,01_opishnyan_ceramics,True,0.970246990803724,01_opishnyan_ceramics,02_ornek,03_bubnivka_ceramics,2,train,srcgrp_4816dd56c8688495,src_global_opn_museum_display_logo,unreviewed,unreviewed,global_cls__c10__source0p5,motif_texture_weighted_mean__c10__source0p5,texture_weighted_mean,10.0,True,0.970246990803724,0.023946331276003627,0.004205528926349235,0.0010216365735969738,0.0005795124203260347
img_a22297630fd54d70,selection_conditional_full_development_oof_v4,dataset_test/01_opishnyan_ceramics/o116.jpg,01_opishnyan_ceramics,03_bubnivka_ceramics,False,0.704820108063124,03_bubnivka_ceramics,01_opishnyan_ceramics,02_ornek,3,validation,srcgrp_b6dba6413920e1cb,src_global_opn_gray_catalog_b,unreviewed,unreviewed,global_cls__c10__source0p5,motif_texture_weighted_mean__c10__source0p5,texture_weighted_mean,10.0,True,0.16507625095796563,0.054899064527597935,0.704820108063124,0.03481070347551713,0.04039387297579527
img_7d7ec2c65f70b81a,selection_conditional_full_development_oof_v4,dataset_test/01_opishnyan_ceramics/o118.jpg,01_opishnyan_ceramics,03_bubnivka_ceramics,False,0.7131299836316378,03_bubnivka_ceramics,01_opishnyan_ceramics,05_kosiv_ceramics,3,validation,srcgrp_b6dba6413920e1cb,src_global_opn_gray_catalog_b,unreviewed,unreviewed,global_cls__c10__source0p5,motif_texture_weighted_mean__c10__source0p5,texture_weighted_mean,10.0,True,0.13961895367208327,0.03007044265656476,0.7131299836316378,0.019480452360456674,0.09770016767925747
img_3e5ef4e0dc6ad2c0,selection_conditional_full_development_oof_v4,dataset_test/01_opishnyan_ceramics/o120.jpg,01_opishnyan_ceramics,01_opishnyan_ceramics,True,0.7918702524975603,01_opishnyan_ceramics,03_bubnivka_ceramics,05_kosiv_ceramics,3,validation,srcgrp_b6dba6413920e1cb,src_global_opn_gray_catalog_b,unreviewed,unreviewed,global_cls__c10__source0p5,motif_texture_weighted_mean__c10__source0p5,texture_weighted_mean,10.0,True,0.7918702524975603,0.0017296945432022234,0.16422183630281434,0.0030610240501994044,0.03911719260622387
img_bf6cebfbe75230df,selection_conditional_full_development_oof_v4,dataset_test/01_opishnyan_ceramics/o121.jpg,01_opishnyan_ceramics,01_opishnyan_ceramics,True,0.7414848048145939,01_opishnyan_ceramics,03_bubnivka_ceramics,05_kosiv_ceramics,3,validation,srcgrp_b6dba6413920e1cb,src_global_opn_gray_catalog_b,unreviewed,unreviewed,global_cls__c10__source0p5,motif_texture_weighted_mean__c10__source0p5,texture_weighted_mean,10.0,True,0.7414848048145939,0.008743683506876125,0.23474231401626547,0.0011146193002324286,0.013914578362031955
img_902a5698c9e96ccb,selection_conditional_full_development_oof_v4,dataset_test/01_opishnyan_ceramics/o123.jpg,01_opishnyan_ceramics,01_opishnyan_ceramics,True,0.877360316042052,01_opishnyan_ceramics,05_kosiv_ceramics,04_petrykivka_painting,3,validation,srcgrp_b6dba6413920e1cb,src_global_opn_gray_catalog_b,unreviewed,unreviewed,global_cls__c10__source0p5,motif_texture_weighted_mean__c10__source0p5,texture_weighted_mean,10.0,True,0.877360316042052,0.02677260676914032,0.02077155695772379,0.03136005750676202,0.04373546272432193
img_dd2ea8672497a153,selection_conditional_full_development_oof_v4,dataset_test/01_opishnyan_ceramics/o125.jpg,01_opishnyan_ceramics,01_opishnyan_ceramics,True,0.5215097060666669,01_opishnyan_ceramics,05_kosiv_ceramics,03_bubnivka_ceramics,3,validation,srcgrp_b6dba6413920e1cb,src_global_opn_gray_catalog_b,unreviewed,unreviewed,global_cls__c10__source0p5,motif_texture_weighted_mean__c10__source0p5,texture_weighted_mean,10.0,True,0.5215097060666669,0.0026283796729963294,0.012208573542465288,0.0010463730685698772,0.46260696764930165
img_71c97bf7e3b3d77d,selection_conditional_full_development_oof_v4,dataset_test/01_opishnyan_ceramics/o129.jpg,01_opishnyan_ceramics,01_opishnyan_ceramics,True,0.6722015960438797,01_opishnyan_ceramics,03_bubnivka_ceramics,05_kosiv_ceramics,3,validation,srcgrp_b6dba6413920e1cb,src_global_opn_gray_catalog_b,unreviewed,unreviewed,global_cls__c10__source0p5,motif_texture_weighted_mean__c10__source0p5,texture_weighted_mean,10.0,True,0.6722015960438797,0.03425380143772938,0.21687465430596545,0.01668710672879668,0.05998284148362873
img_dbf0dac759e6f66f,selection_conditional_full_development_oof_v4,dataset_test/01_opishnyan_ceramics/o130.jpg,01_opishnyan_ceramics,01_opishnyan_ceramics,True,0.7800720846679274,01_opishnyan_ceramics,03_bubnivka_ceramics,05_kosiv_ceramics,3,validation,srcgrp_b6dba6413920e1cb,src_global_opn_gray_catalog_b,unreviewed,unreviewed,global_cls__c10__source0p5,motif_texture_weighted_mean__c10__source0p5,texture_weighted_mean,10.0,True,0.7800720846679274,0.026065292115672684,0.1166660668054478,0.020160351886736948,0.0570362045242151
img_0f55ab3a69d12133,selection_conditional_full_development_oof_v4,dataset_test/01_opishnyan_ceramics/o133.jpg,01_opishnyan_ceramics,01_opishnyan_ceramics,True,0.7537857695130226,01_opishnyan_ceramics,02_ornek,05_kosiv_ceramics,3,validation,srcgrp_b6dba6413920e1cb,src_global_opn_gray_catalog_b,unreviewed,unreviewed,global_cls__c10__source0p5,motif_texture_weighted_mean__c10__source0p5,texture_weighted_mean,10.0,True,0.7537857695130226,0.11759001866233414,0.04957899270958396,0.006124827241615959,0.07292039187344346
img_316dcb65985f5c7d,selection_conditional_full_development_oof_v4,dataset_test/01_opishnyan_ceramics/o142.jpg,01_opishnyan_ceramics,03_bubnivka_ceramics,False,0.6794815644473995,03_bubnivka_ceramics,01_opishnyan_ceramics,05_kosiv_ceramics,3,validation,srcgrp_b6dba6413920e1cb,src_global_opn_gray_catalog_b,unreviewed,unreviewed,global_cls__c10__source0p5,motif_texture_weighted_mean__c10__source0p5,texture_weighted_mean,10.0,True,0.31136342047248805,0.000272568639917218,0.6794815644473995,0.0006182752842210294,0.008264171155974151
img_20860c291da90e73,selection_conditional_full_development_oof_v4,dataset_test/01_opishnyan_ceramics/o150.jpg,01_opishnyan_ceramics,01_opishnyan_ceramics,True,0.780547857580438,01_opishnyan_ceramics,03_bubnivka_ceramics,05_kosiv_ceramics,3,validation,srcgrp_b6dba6413920e1cb,src_global_opn_gray_catalog_b,unreviewed,unreviewed,global_cls__c10__source0p5,motif_texture_weighted_mean__c10__source0p5,texture_weighted_mean,10.0,True,0.780547857580438,0.0027415887523096066,0.16795538255696937,0.0011337316712715154,0.04762143943901144
img_78a165e15fbfc7b1,selection_conditional_full_development_oof_v4,dataset_test/01_opishnyan_ceramics/o153.jpg,01_opishnyan_ceramics,01_opishnyan_ceramics,True,0.9100712055157508,01_opishnyan_ceramics,03_bubnivka_ceramics,05_kosiv_ceramics,3,validation,srcgrp_b6dba6413920e1cb,src_global_opn_gray_catalog_b,unreviewed,unreviewed,global_cls__c10__source0p5,motif_texture_weighted_mean__c10__source0p5,texture_weighted_mean,10.0,True,0.9100712055157508,0.003853842743208808,0.05229766758385894,0.0013909647241034434,0.03238631943307787
img_d2f520a7e3bac646,selection_conditional_full_development_oof_v4,dataset_test/01_opishnyan_ceramics/o156.jpg,01_opishnyan_ceramics,01_opishnyan_ceramics,True,0.8838824363691283,01_opishnyan_ceramics,05_kosiv_ceramics,02_ornek,3,validation,srcgrp_b6dba6413920e1cb,src_global_opn_gray_catalog_b,unreviewed,unreviewed,global_cls__c10__source0p5,motif_texture_weighted_mean__c10__source0p5,texture_weighted_mean,10.0,True,0.8838824363691283,0.016204911511043002,0.005343540431164837,0.001366288664821524,0.09320282302384239
img_f8f0bb43d11ae168,selection_conditional_full_development_oof_v4,dataset_test/01_opishnyan_ceramics/o159.jpg,01_opishnyan_ceramics,01_opishnyan_ceramics,True,0.8651965175068935,01_opishnyan_ceramics,05_kosiv_ceramics,03_bubnivka_ceramics,3,validation,srcgrp_b6dba6413920e1cb,src_global_opn_gray_catalog_b,unreviewed,unreviewed,global_cls__c10__source0p5,motif_texture_weighted_mean__c10__source0p5,texture_weighted_mean,10.0,True,0.8651965175068935,0.007614646513320427,0.01611060307549712,0.0008741320465230862,0.11020410085776586
img_e560167233db6370,selection_conditional_full_development_oof_v4,dataset_test/01_opishnyan_ceramics/o161.jpg,01_opishnyan_ceramics,01_opishnyan_ceramics,True,0.9051306717241999,01_opishnyan_ceramics,05_kosiv_ceramics,02_ornek,3,validation,srcgrp_b6dba6413920e1cb,src_global_opn_gray_catalog_b,unreviewed,unreviewed,global_cls__c10__source0p5,motif_texture_weighted_mean__c10__source0p5,texture_weighted_mean,10.0,True,0.9051306717241999,0.007455713649051359,0.006544784306689411,0.0008165310606677873,0.08005229925939146
img_784b95e76dcd8f94,selection_conditional_full_development_oof_v4,dataset_test/01_opishnyan_ceramics/o164.jpg,01_opishnyan_ceramics,01_opishnyan_ceramics,True,0.9858412774180432,01_opishnyan_ceramics,03_bubnivka_ceramics,02_ornek,3,validation,srcgrp_b6dba6413920e1cb,src_global_opn_gray_catalog_b,unreviewed,unreviewed,global_cls__c10__source0p5,motif_texture_weighted_mean__c10__source0p5,texture_weighted_mean,10.0,True,0.9858412774180432,0.0011792627502975684,0.012227691949663961,0.0005954360081805998,0.0001563318738147522
img_e1c9a03904e1d51f,selection_conditional_full_development_oof_v4,dataset_test/01_opishnyan_ceramics/o167.jpg,01_opishnyan_ceramics,01_opishnyan_ceramics,True,0.791344413913706,01_opishnyan_ceramics,03_bubnivka_ceramics,05_kosiv_ceramics,3,validation,srcgrp_b6dba6413920e1cb,src_global_opn_gray_catalog_b,unreviewed,unreviewed,global_cls__c10__source0p5,motif_texture_weighted_mean__c10__source0p5,texture_weighted_mean,10.0,True,0.791344413913706,0.0006886173637952827,0.18716393393762082,0.0037133461273563045,0.017089688657521647
img_1b1a0e5da874ce41,selection_conditional_full_development_oof_v4,dataset_test/01_opishnyan_ceramics/o172.jpg,01_opishnyan_ceramics,03_bubnivka_ceramics,False,0.919145782395562,03_bubnivka_ceramics,01_opishnyan_ceramics,02_ornek,3,validation,srcgrp_b6dba6413920e1cb,src_global_opn_gray_catalog_b,unreviewed,unreviewed,global_cls__c10__source0p5,motif_texture_weighted_mean__c10__source0p5,texture_weighted_mean,10.0,True,0.07347180005591736,0.003485517283317979,0.919145782395562,0.0018642628837987785,0.0020326373814038333
img_f9db09ea170f8f29,selection_conditional_full_development_oof_v4,dataset_test/01_opishnyan_ceramics/o173.jpg,01_opishnyan_ceramics,03_bubnivka_ceramics,False,0.9149936864311923,03_bubnivka_ceramics,01_opishnyan_ceramics,05_kosiv_ceramics,3,validation,srcgrp_b6dba6413920e1cb,src_global_opn_gray_catalog_b,unreviewed,unreviewed,global_cls__c10__source0p5,motif_texture_weighted_mean__c10__source0p5,texture_weighted_mean,10.0,True,0.038167642361450614,0.01808048953538993,0.9149936864311923,0.0038600380591165564,0.024898143612850615
img_b19b2df240e73108,selection_conditional_full_development_oof_v4,dataset_test/01_opishnyan_ceramics/o180.jpg,01_opishnyan_ceramics,03_bubnivka_ceramics,False,0.6307280995496234,03_bubnivka_ceramics,01_opishnyan_ceramics,04_petrykivka_painting,3,validation,srcgrp_b6dba6413920e1cb,src_global_opn_gray_catalog_b,unreviewed,unreviewed,global_cls__c10__source0p5,motif_texture_weighted_mean__c10__source0p5,texture_weighted_mean,10.0,True,0.3599912435036972,0.00046244062216412203,0.6307280995496234,0.006341807453278741,0.0024764088712365792
img_3668c2c126d3312b,selection_conditional_full_development_oof_v4,dataset_test/01_opishnyan_ceramics/o183.jpg,01_opishnyan_ceramics,03_bubnivka_ceramics,False,0.8703353024917222,03_bubnivka_ceramics,01_opishnyan_ceramics,05_kosiv_ceramics,3,validation,srcgrp_b6dba6413920e1cb,src_global_opn_gray_catalog_b,unreviewed,unreviewed,global_cls__c10__source0p5,motif_texture_weighted_mean__c10__source0p5,texture_weighted_mean,10.0,True,0.09653101894382717,0.003905566569922036,0.8703353024917222,0.00479439853928721,0.02443371345524157
img_f5d7780f6f9df16f,selection_conditional_full_development_oof_v4,dataset_test/01_opishnyan_ceramics/o188.jpg,01_opishnyan_ceramics,01_opishnyan_ceramics,True,0.8111997353844678,01_opishnyan_ceramics,03_bubnivka_ceramics,02_ornek,3,validation,srcgrp_b6dba6413920e1cb,src_global_opn_gray_catalog_b,unreviewed,unreviewed,global_cls__c10__source0p5,motif_texture_weighted_mean__c10__source0p5,texture_weighted_mean,10.0,True,0.8111997353844678,0.043126457917420924,0.1251065990112272,0.009779149330651672,0.010788058356232576
img_23f2dcad4191d7d2,selection_conditional_full_development_oof_v4,dataset_test/01_opishnyan_ceramics/o190.jpg,01_opishnyan_ceramics,01_opishnyan_ceramics,True,0.8399982776275037,01_opishnyan_ceramics,03_bubnivka_ceramics,02_ornek,3,validation,srcgrp_b6dba6413920e1cb,src_global_opn_gray_catalog_b,unreviewed,unreviewed,global_cls__c10__source0p5,motif_texture_weighted_mean__c10__source0p5,texture_weighted_mean,10.0,True,0.8399982776275037,0.02756868258054694,0.12054717504440335,0.0010710494700707487,0.010814815277475244
img_cf2e0711e7803def,selection_conditional_full_development_oof_v4,dataset_test/01_opishnyan_ceramics/o197.jpg,01_opishnyan_ceramics,01_opishnyan_ceramics,True,0.942192076364929,01_opishnyan_ceramics,05_kosiv_ceramics,03_bubnivka_ceramics,3,validation,srcgrp_b6dba6413920e1cb,src_global_opn_gray_catalog_b,unreviewed,unreviewed,global_cls__c10__source0p5,motif_texture_weighted_mean__c10__source0p5,texture_weighted_mean,10.0,True,0.942192076364929,0.003864165679310248,0.02574096964723585,0.0012364555682798813,0.026966332740245076
img_b2a4a82e259bcb84,selection_conditional_full_development_oof_v4,dataset_test/01_opishnyan_ceramics/o206.jpg,01_opishnyan_ceramics,01_opishnyan_ceramics,True,0.9842438072782104,01_opishnyan_ceramics,03_bubnivka_ceramics,02_ornek,3,validation,srcgrp_b6dba6413920e1cb,src_global_opn_gray_catalog_b,unreviewed,unreviewed,global_cls__c10__source0p5,motif_texture_weighted_mean__c10__source0p5,texture_weighted_mean,10.0,True,0.9842438072782104,0.006558040764228594,0.008635092951690949,0.00012024204766771346,0.000442816958202343
img_8fb7cc8f1301ace2,selection_conditional_full_development_oof_v4,dataset_test/01_opishnyan_ceramics/o223.jpg,01_opishnyan_ceramics,03_bubnivka_ceramics,False,0.8599497251955311,03_bubnivka_ceramics,01_opishnyan_ceramics,04_petrykivka_painting,3,validation,srcgrp_b6dba6413920e1cb,src_global_opn_gray_catalog_b,unreviewed,unreviewed,global_cls__c10__source0p5,motif_texture_weighted_mean__c10__source0p5,texture_weighted_mean,10.0,True,0.12086878689592759,0.00509007715944035,0.8599497251955311,0.008851313959660616,0.005240096789440483
img_85311ecf06eb0949,selection_conditional_full_development_oof_v4,dataset_test/01_opishnyan_ceramics/o228_1.jpg,01_opishnyan_ceramics,01_opishnyan_ceramics,True,0.7802598396490642,01_opishnyan_ceramics,05_kosiv_ceramics,03_bubnivka_ceramics,4,train,srcgrp_fa2263c27d459924,src_global_opn_shop_cubbies,mixed_display_or_collection,clear,global_cls__c10__source0p5,motif_texture_weighted_mean__c10__source0p5,texture_weighted_mean,10.0,True,0.7802598396490642,0.05247616440523295,0.053312676973076824,0.0047494350776070135,0.10920188389501893
img_60fff2740afd3bb5,selection_conditional_full_development_oof_v4,dataset_test/01_opishnyan_ceramics/o228_2.jpg,01_opishnyan_ceramics,01_opishnyan_ceramics,True,0.9086578309550085,01_opishnyan_ceramics,03_bubnivka_ceramics,02_ornek,4,train,srcgrp_fa2263c27d459924,src_global_opn_shop_cubbies,mixed_display_or_collection,clear,global_cls__c10__source0p5,motif_texture_weighted_mean__c10__source0p5,texture_weighted_mean,10.0,True,0.9086578309550085,0.017418634418481602,0.06732609004734218,0.00634583064003627,0.0002516139391316459
img_fbb86b48bfc1cd62,selection_conditional_full_development_oof_v4,dataset_test/01_opishnyan_ceramics/o228_3.jpg,01_opishnyan_ceramics,01_opishnyan_ceramics,True,0.7303606075506041,01_opishnyan_ceramics,02_ornek,03_bubnivka_ceramics,4,train,srcgrp_fa2263c27d459924,src_global_opn_shop_cubbies,mixed_display_or_collection,clear,global_cls__c10__source0p5,motif_texture_weighted_mean__c10__source0p5,texture_weighted_mean,10.0,True,0.7303606075506041,0.1279593661777476,0.07128976613769522,0.0076337716532669415,0.062756488480686
img_82018e81a9aa850d,selection_conditional_full_development_oof_v4,dataset_test/01_opishnyan_ceramics/o228_4.jpg,01_opishnyan_ceramics,01_opishnyan_ceramics,True,0.934844716009665,01_opishnyan_ceramics,03_bubnivka_ceramics,02_ornek,4,train,srcgrp_fa2263c27d459924,src_global_opn_shop_cubbies,mixed_display_or_collection,clear,global_cls__c10__source0p5,motif_texture_weighted_mean__c10__source0p5,texture_weighted_mean,10.0,True,0.934844716009665,0.0071930873147648105,0.051177828598236046,0.003337835379243113,0.0034465326980910186
img_fb98c98a8ff5ff97,selection_conditional_full_development_oof_v4,dataset_test/01_opishnyan_ceramics/o229_1.jpg,01_opishnyan_ceramics,01_opishnyan_ceramics,True,0.648012535885296,01_opishnyan_ceramics,03_bubnivka_ceramics,02_ornek,4,train,srcgrp_fa2263c27d459924,src_global_opn_shop_cubbies,mixed_display_or_collection,clear,global_cls__c10__source0p5,motif_texture_weighted_mean__c10__source0p5,texture_weighted_mean,10.0,True,0.648012535885296,0.0846537349060274,0.21179004372337235,0.0065270573173826,0.04901662816792164
img_c3416c4b518d2bce,selection_conditional_full_development_oof_v4,dataset_test/01_opishnyan_ceramics/o229_2.jpg,01_opishnyan_ceramics,01_opishnyan_ceramics,True,0.8792304122904847,01_opishnyan_ceramics,03_bubnivka_ceramics,02_ornek,4,train,srcgrp_fa2263c27d459924,src_global_opn_shop_cubbies,mixed_display_or_collection,clear,global_cls__c10__source0p5,motif_texture_weighted_mean__c10__source0p5,texture_weighted_mean,10.0,True,0.8792304122904847,0.038896349810228305,0.06433519509198095,0.00239301438197046,0.015145028425335496
img_866211f3cf80f5d0,selection_conditional_full_development_oof_v4,dataset_test/01_opishnyan_ceramics/o229_3.jpg,01_opishnyan_ceramics,01_opishnyan_ceramics,True,0.5889840300585978,01_opishnyan_ceramics,03_bubnivka_ceramics,05_kosiv_ceramics,4,train,srcgrp_fa2263c27d459924,src_global_opn_shop_cubbies,mixed_display_or_collection,clear,global_cls__c10__source0p5,motif_texture_weighted_mean__c10__source0p5,texture_weighted_mean,10.0,True,0.5889840300585978,0.04122481812888175,0.28469620540599805,0.0024830485614113613,0.08261189784511118
img_2d02a902971b8400,selection_conditional_full_development_oof_v4,dataset_test/01_opishnyan_ceramics/o229_4.jpg,01_opishnyan_ceramics,01_opishnyan_ceramics,True,0.8265198607301812,01_opishnyan_ceramics,03_bubnivka_ceramics,05_kosiv_ceramics,4,train,srcgrp_fa2263c27d459924,src_global_opn_shop_cubbies,mixed_display_or_collection,clear,global_cls__c10__source0p5,motif_texture_weighted_mean__c10__source0p5,texture_weighted_mean,10.0,True,0.8265198607301812,0.0371442390617058,0.07814079442528986,0.008598984151768994,0.04959612163105411
img_a8e8398b8c9d0bf4,selection_conditional_full_development_oof_v4,dataset_test/01_opishnyan_ceramics/o229_5.jpg,01_opishnyan_ceramics,01_opishnyan_ceramics,True,0.7503917005882512,01_opishnyan_ceramics,05_kosiv_ceramics,02_ornek,4,train,srcgrp_fa2263c27d459924,src_global_opn_shop_cubbies,cup_or_mug,clear,global_cls__c10__source0p5,motif_texture_weighted_mean__c10__source0p5,texture_weighted_mean,10.0,True,0.7503917005882512,0.07992761579940062,0.07162679453096589,0.0009771333134687534,0.09707675576791344
img_f756d5e1935a5a56,selection_conditional_full_development_oof_v4,dataset_test/01_opishnyan_ceramics/o230_1.jpg,01_opishnyan_ceramics,01_opishnyan_ceramics,True,0.5185229991443089,01_opishnyan_ceramics,02_ornek,03_bubnivka_ceramics,4,train,srcgrp_fa2263c27d459924,src_global_opn_shop_cubbies,mixed_display_or_collection,clear,global_cls__c10__source0p5,motif_texture_weighted_mean__c10__source0p5,texture_weighted_mean,10.0,True,0.5185229991443089,0.2970333453782893,0.11867553752878665,0.028691145505588857,0.03707697244302632
img_424b0689aefbf984,selection_conditional_full_development_oof_v4,dataset_test/01_opishnyan_ceramics/o230_2.jpg,01_opishnyan_ceramics,01_opishnyan_ceramics,True,0.6887658476612495,01_opishnyan_ceramics,02_ornek,05_kosiv_ceramics,4,train,srcgrp_fa2263c27d459924,src_global_opn_shop_cubbies,vase_jug_or_vessel,clear,global_cls__c10__source0p5,motif_texture_weighted_mean__c10__source0p5,texture_weighted_mean,10.0,True,0.6887658476612495,0.17902772955166663,0.05696883685830156,0.003104073195439901,0.07213351273334256
img_15ee71cdaf6cbba8,selection_conditional_full_development_oof_v4,dataset_test/01_opishnyan_ceramics/o230_3.jpg,01_opishnyan_ceramics,01_opishnyan_ceramics,True,0.5552836953183822,01_opishnyan_ceramics,02_ornek,03_bubnivka_ceramics,4,train,srcgrp_fa2263c27d459924,src_global_opn_shop_cubbies,box_or_container,clear,global_cls__c10__source0p5,motif_texture_weighted_mean__c10__source0p5,texture_weighted_mean,10.0,True,0.5552836953183822,0.22048217521837024,0.1212522568737049,0.01551018960118762,0.087471682988355
img_b855be323173bbf6,selection_conditional_full_development_oof_v4,dataset_test/01_opishnyan_ceramics/o230_4.jpg,01_opishnyan_ceramics,01_opishnyan_ceramics,True,0.5448625413561671,01_opishnyan_ceramics,02_ornek,03_bubnivka_ceramics,4,train,srcgrp_fa2263c27d459924,src_global_opn_shop_cubbies,mixed_display_or_collection,clear,global_cls__c10__source0p5,motif_texture_weighted_mean__c10__source0p5,texture_weighted_mean,10.0,True,0.5448625413561671,0.36591702430196604,0.03898391544564291,0.030681551299839103,0.019554967596384868
img_78030108dba3b7fd,selection_conditional_full_development_oof_v4,dataset_test/01_opishnyan_ceramics/o231_1.jpg,01_opishnyan_ceramics,03_bubnivka_ceramics,False,0.6109240726033199,03_bubnivka_ceramics,05_kosiv_ceramics,01_opishnyan_ceramics,4,train,srcgrp_fa2263c27d459924,src_global_opn_shop_cubbies,mixed_display_or_collection,clear,global_cls__c10__source0p5,motif_texture_weighted_mean__c10__source0p5,texture_weighted_mean,10.0,True,0.16801449741750332,0.03707509721386044,0.6109240726033199,0.0010572785402490942,0.1829290542250673
img_6a9adccdcaa22262,selection_conditional_full_development_oof_v4,dataset_test/01_opishnyan_ceramics/o231_2.jpg,01_opishnyan_ceramics,01_opishnyan_ceramics,True,0.7303801508125344,01_opishnyan_ceramics,05_kosiv_ceramics,03_bubnivka_ceramics,4,train,srcgrp_fa2263c27d459924,src_global_opn_shop_cubbies,vase_jug_or_vessel,clear,global_cls__c10__source0p5,motif_texture_weighted_mean__c10__source0p5,texture_weighted_mean,10.0,True,0.7303801508125344,0.006559303083888287,0.09285316992446027,0.0004056565796349902,0.16980171959948206
img_1543c27459671cfe,selection_conditional_full_development_oof_v4,dataset_test/01_opishnyan_ceramics/o231_3.jpg,01_opishnyan_ceramics,01_opishnyan_ceramics,True,0.6048445394258888,01_opishnyan_ceramics,05_kosiv_ceramics,03_bubnivka_ceramics,4,train,srcgrp_fa2263c27d459924,src_global_opn_shop_cubbies,cup_or_mug,clear,global_cls__c10__source0p5,motif_texture_weighted_mean__c10__source0p5,texture_weighted_mean,10.0,True,0.6048445394258888,0.04877124360035948,0.13633381794966984,0.0006763993410010385,0.20937399968308099
img_97fb0ef67c57b8e0,selection_conditional_full_development_oof_v4,dataset_test/01_opishnyan_ceramics/o231_4.jpg,01_opishnyan_ceramics,01_opishnyan_ceramics,True,0.505876033137691,01_opishnyan_ceramics,03_bubnivka_ceramics,05_kosiv_ceramics,4,train,srcgrp_fa2263c27d459924,src_global_opn_shop_cubbies,box_or_container,clear,global_cls__c10__source0p5,motif_texture_weighted_mean__c10__source0p5,texture_weighted_mean,10.0,True,0.505876033137691,0.02286689286782057,0.31656738697076964,0.0011496595131985751,0.15354002751052012
img_dd0828da8ee534b7,selection_conditional_full_development_oof_v4,dataset_test/01_opishnyan_ceramics/o231_5.jpg,01_opishnyan_ceramics,01_opishnyan_ceramics,True,0.4739953230631005,01_opishnyan_ceramics,03_bubnivka_ceramics,05_kosiv_ceramics,4,train,srcgrp_fa2263c27d459924,src_global_opn_shop_cubbies,plate_or_bowl,clear,global_cls__c10__source0p5,motif_texture_weighted_mean__c10__source0p5,texture_weighted_mean,10.0,True,0.4739953230631005,0.0371208146966738,0.2868398228710653,0.0015258155346963048,0.20051822383446405
img_50a396d22d841b8d,selection_conditional_full_development_oof_v4,dataset_test/01_opishnyan_ceramics/o231_6.jpg,01_opishnyan_ceramics,01_opishnyan_ceramics,True,0.5734606390150189,01_opishnyan_ceramics,03_bubnivka_ceramics,02_ornek,4,train,srcgrp_fa2263c27d459924,src_global_opn_shop_cubbies,cup_or_mug,clear,global_cls__c10__source0p5,motif_texture_weighted_mean__c10__source0p5,texture_weighted_mean,10.0,True,0.5734606390150189,0.09672124996947605,0.23557961011454104,0.003206441395892793,0.09103205950507118
img_33d6949a32dce1ef,selection_conditional_full_development_oof_v4,dataset_test/01_opishnyan_ceramics/o231_7.jpg,01_opishnyan_ceramics,05_kosiv_ceramics,False,0.4446744625527065,05_kosiv_ceramics,01_opishnyan_ceramics,03_bubnivka_ceramics,4,train,srcgrp_fa2263c27d459924,src_global_opn_shop_cubbies,mixed_display_or_collection,clear,global_cls__c10__source0p5,motif_texture_weighted_mean__c10__source0p5,texture_weighted_mean,10.0,True,0.2904549451561278,0.04770174210367727,0.21243609086347798,0.004732759324010581,0.4446744625527065
img_4783f39952692d0e,selection_conditional_full_development_oof_v4,dataset_test/01_opishnyan_ceramics/o232_1.jpg,01_opishnyan_ceramics,01_opishnyan_ceramics,True,0.5631863697528443,01_opishnyan_ceramics,03_bubnivka_ceramics,02_ornek,4,train,srcgrp_fa2263c27d459924,src_global_opn_shop_cubbies,mixed_display_or_collection,clear,global_cls__c10__source0p5,motif_texture_weighted_mean__c10__source0p5,texture_weighted_mean,10.0,True,0.5631863697528443,0.07611076879161943,0.34987072685777804,0.0060349887921160965,0.004797145805642184
img_f8a3ae5f1450dece,selection_conditional_full_development_oof_v4,dataset_test/01_opishnyan_ceramics/o232_2.jpg,01_opishnyan_ceramics,03_bubnivka_ceramics,False,0.6645281142404861,03_bubnivka_ceramics,01_opishnyan_ceramics,02_ornek,4,train,srcgrp_fa2263c27d459924,src_global_opn_shop_cubbies,box_or_container,clear,global_cls__c10__source0p5,motif_texture_weighted_mean__c10__source0p5,texture_weighted_mean,10.0,True,0.29890570728196714,0.019216256283267404,0.6645281142404861,0.0011485223097586485,0.016201399884520667
img_cc126686ffc3fe4a,selection_conditional_full_development_oof_v4,dataset_test/01_opishnyan_ceramics/o232_3.jpg,01_opishnyan_ceramics,01_opishnyan_ceramics,True,0.5682576152395836,01_opishnyan_ceramics,03_bubnivka_ceramics,02_ornek,4,train,srcgrp_fa2263c27d459924,src_global_opn_shop_cubbies,mixed_display_or_collection,clear,global_cls__c10__source0p5,motif_texture_weighted_mean__c10__source0p5,texture_weighted_mean,10.0,True,0.5682576152395836,0.07850774963829533,0.34481245894531626,0.0026432207958998395,0.005778955380905041
img_fc53f3ee5d6198d7,selection_conditional_full_development_oof_v4,dataset_test/01_opishnyan_ceramics/o232_4.jpg,01_opishnyan_ceramics,03_bubnivka_ceramics,False,0.504342975005425,03_bubnivka_ceramics,01_opishnyan_ceramics,02_ornek,4,train,srcgrp_fa2263c27d459924,src_global_opn_shop_cubbies,box_or_container,clear,global_cls__c10__source0p5,motif_texture_weighted_mean__c10__source0p5,texture_weighted_mean,10.0,True,0.43278065544640154,0.04689352136779589,0.504342975005425,0.0015664856908392446,0.01441636248953829
img_eadfcf530bf760fc,selection_conditional_full_development_oof_v4,dataset_test/01_opishnyan_ceramics/o232_5.jpg,01_opishnyan_ceramics,03_bubnivka_ceramics,False,0.7104961897741241,03_bubnivka_ceramics,02_ornek,01_opishnyan_ceramics,4,train,srcgrp_fa2263c27d459924,src_global_opn_shop_cubbies,mixed_display_or_collection,clear,global_cls__c10__source0p5,motif_texture_weighted_mean__c10__source0p5,texture_weighted_mean,10.0,True,0.09433365441836793,0.18038324803686842,0.7104961897741241,0.0033237773712442493,0.011463130399395487
img_f137ca4dbe240c72,selection_conditional_full_development_oof_v4,dataset_test/01_opishnyan_ceramics/o232_6.jpg,01_opishnyan_ceramics,03_bubnivka_ceramics,False,0.5029255738336847,03_bubnivka_ceramics,01_opishnyan_ceramics,02_ornek,4,train,srcgrp_fa2263c27d459924,src_global_opn_shop_cubbies,cup_or_mug,clear,global_cls__c10__source0p5,motif_texture_weighted_mean__c10__source0p5,texture_weighted_mean,10.0,True,0.37142317085674176,0.07794050655825165,0.5029255738336847,0.0021955241654281225,0.04551522458589369
img_d991ce9ab914e668,selection_conditional_full_development_oof_v4,dataset_test/01_opishnyan_ceramics/o232_7.jpg,01_opishnyan_ceramics,01_opishnyan_ceramics,True,0.6920436093477375,01_opishnyan_ceramics,03_bubnivka_ceramics,02_ornek,4,train,srcgrp_fa2263c27d459924,src_global_opn_shop_cubbies,cup_or_mug,clear,global_cls__c10__source0p5,motif_texture_weighted_mean__c10__source0p5,texture_weighted_mean,10.0,True,0.6920436093477375,0.02703515359481527,0.26915900137767074,0.001172294421206335,0.010589941258570325
img_546eb3ea49467690,selection_conditional_full_development_oof_v4,dataset_test/01_opishnyan_ceramics/o232_8.jpg,01_opishnyan_ceramics,01_opishnyan_ceramics,True,0.6086309437348301,01_opishnyan_ceramics,03_bubnivka_ceramics,02_ornek,4,train,srcgrp_fa2263c27d459924,src_global_opn_shop_cubbies,vase_jug_or_vessel,clear,global_cls__c10__source0p5,motif_texture_weighted_mean__c10__source0p5,texture_weighted_mean,10.0,True,0.6086309437348301,0.05100673266143811,0.33512152298556724,0.001142178718668897,0.004098621899495861
img_e230a92e1c340786,selection_conditional_full_development_oof_v4,dataset_test/01_opishnyan_ceramics/o233_1.jpg,01_opishnyan_ceramics,01_opishnyan_ceramics,True,0.7254886585127256,01_opishnyan_ceramics,02_ornek,03_bubnivka_ceramics,4,train,srcgrp_fa2263c27d459924,src_global_opn_shop_cubbies,mixed_display_or_collection,clear,global_cls__c10__source0p5,motif_texture_weighted_mean__c10__source0p5,texture_weighted_mean,10.0,True,0.7254886585127256,0.11068181984221481,0.08248328465552106,0.009194996014756832,0.07215124097478182
img_bf2568cb2be8d7de,selection_conditional_full_development_oof_v4,dataset_test/01_opishnyan_ceramics/o233_2.jpg,01_opishnyan_ceramics,01_opishnyan_ceramics,True,0.9550671944436832,01_opishnyan_ceramics,02_ornek,03_bubnivka_ceramics,4,train,srcgrp_fa2263c27d459924,src_global_opn_shop_cubbies,vase_jug_or_vessel,clear,global_cls__c10__source0p5,motif_texture_weighted_mean__c10__source0p5,texture_weighted_mean,10.0,True,0.9550671944436832,0.01603481897859696,0.015495817590244364,0.001301902011595995,0.012100266975879523
img_e8127fb81bd27fec,selection_conditional_full_development_oof_v4,dataset_test/01_opishnyan_ceramics/o233_3.jpg,01_opishnyan_ceramics,01_opishnyan_ceramics,True,0.9217937113505221,01_opishnyan_ceramics,03_bubnivka_ceramics,05_kosiv_ceramics,4,train,srcgrp_fa2263c27d459924,src_global_opn_shop_cubbies,cup_or_mug,clear,global_cls__c10__source0p5,motif_texture_weighted_mean__c10__source0p5,texture_weighted_mean,10.0,True,0.9217937113505221,0.022351143860437517,0.029233503931605318,0.0010020602387693903,0.02561958061866573
img_2f3ed4137c861ee2,selection_conditional_full_development_oof_v4,dataset_test/01_opishnyan_ceramics/o234.jpg,01_opishnyan_ceramics,03_bubnivka_ceramics,False,0.736152633115111,03_bubnivka_ceramics,02_ornek,01_opishnyan_ceramics,4,train,srcgrp_fa2263c27d459924,src_global_opn_shop_cubbies,unreviewed,unreviewed,global_cls__c10__source0p5,motif_texture_weighted_mean__c10__source0p5,texture_weighted_mean,10.0,True,0.10309629452877911,0.1530033653399036,0.736152633115111,0.0027247724827727435,0.005022934533433325
img_b7e0b2ede17d36e7,selection_conditional_full_development_oof_v4,dataset_test/01_opishnyan_ceramics/o235_1.jpg,01_opishnyan_ceramics,05_kosiv_ceramics,False,0.6248078495446985,05_kosiv_ceramics,01_opishnyan_ceramics,03_bubnivka_ceramics,4,train,srcgrp_fa2263c27d459924,src_global_opn_shop_cubbies,mixed_display_or_collection,clear,global_cls__c10__source0p5,motif_texture_weighted_mean__c10__source0p5,texture_weighted_mean,10.0,True,0.2521129027937012,0.020336134423054108,0.09944713758438269,0.0032959756541634674,0.6248078495446985
img_0073e7843cacc5ea,selection_conditional_full_development_oof_v4,dataset_test/01_opishnyan_ceramics/o235_2.jpg,01_opishnyan_ceramics,05_kosiv_ceramics,False,0.6537371869571814,05_kosiv_ceramics,01_opishnyan_ceramics,03_bubnivka_ceramics,4,train,srcgrp_fa2263c27d459924,src_global_opn_shop_cubbies,mixed_display_or_collection,clear,global_cls__c10__source0p5,motif_texture_weighted_mean__c10__source0p5,texture_weighted_mean,10.0,True,0.22868076569113413,0.03747977836716925,0.06982123298475926,0.010281035999755973,0.6537371869571814
img_32a414b9e34e09e4,selection_conditional_full_development_oof_v4,dataset_test/01_opishnyan_ceramics/o235_3.jpg,01_opishnyan_ceramics,01_opishnyan_ceramics,True,0.900412639701461,01_opishnyan_ceramics,03_bubnivka_ceramics,05_kosiv_ceramics,4,train,srcgrp_fa2263c27d459924,src_global_opn_shop_cubbies,vase_jug_or_vessel,clear,global_cls__c10__source0p5,motif_texture_weighted_mean__c10__source0p5,texture_weighted_mean,10.0,True,0.900412639701461,0.007040859270593437,0.055794711571203255,0.0013007572781636176,0.03545103217857863
img_28c1918ca97d1115,selection_conditional_full_development_oof_v4,dataset_test/01_opishnyan_ceramics/o235_4.jpg,01_opishnyan_ceramics,01_opishnyan_ceramics,True,0.716798677077683,01_opishnyan_ceramics,03_bubnivka_ceramics,02_ornek,4,train,srcgrp_fa2263c27d459924,src_global_opn_shop_cubbies,plate_or_bowl,clear,global_cls__c10__source0p5,motif_texture_weighted_mean__c10__source0p5,texture_weighted_mean,10.0,True,0.716798677077683,0.08986311640979724,0.09189596444741135,0.017145025141569604,0.08429721692353884
img_caa40d4251d63e80,selection_conditional_full_development_oof_v4,dataset_test/01_opishnyan_ceramics/o235_5.jpg,01_opishnyan_ceramics,01_opishnyan_ceramics,True,0.46817596119891136,01_opishnyan_ceramics,05_kosiv_ceramics,03_bubnivka_ceramics,4,train,srcgrp_fa2263c27d459924,src_global_opn_shop_cubbies,cup_or_mug,clear,global_cls__c10__source0p5,motif_texture_weighted_mean__c10__source0p5,texture_weighted_mean,10.0,True,0.46817596119891136,0.057643118795138754,0.08727918519750055,0.002224567952920294,0.3846771668555289
img_536eca24f8d35a34,selection_conditional_full_development_oof_v4,dataset_test/01_opishnyan_ceramics/o236_1.jpg,01_opishnyan_ceramics,01_opishnyan_ceramics,True,0.544905224037962,01_opishnyan_ceramics,05_kosiv_ceramics,03_bubnivka_ceramics,4,train,srcgrp_fa2263c27d459924,src_global_opn_shop_cubbies,mixed_display_or_collection,clear,global_cls__c10__source0p5,motif_texture_weighted_mean__c10__source0p5,texture_weighted_mean,10.0,True,0.544905224037962,0.012139681767412485,0.08651337321468339,0.010559583557044908,0.3458821374228972
img_8ef8f15220cb71f2,selection_conditional_full_development_oof_v4,dataset_test/01_opishnyan_ceramics/o236_2.jpg,01_opishnyan_ceramics,01_opishnyan_ceramics,True,0.44934352758828044,01_opishnyan_ceramics,05_kosiv_ceramics,03_bubnivka_ceramics,4,train,srcgrp_fa2263c27d459924,src_global_opn_shop_cubbies,mixed_display_or_collection,clear,global_cls__c10__source0p5,motif_texture_weighted_mean__c10__source0p5,texture_weighted_mean,10.0,True,0.44934352758828044,0.05082758326167957,0.17748768190612663,0.015085167516886508,0.3072560397270268
img_ae80dc127da457bb,selection_conditional_full_development_oof_v4,dataset_test/01_opishnyan_ceramics/o236_3.jpg,01_opishnyan_ceramics,01_opishnyan_ceramics,True,0.8909812074739984,01_opishnyan_ceramics,04_petrykivka_painting,02_ornek,4,train,srcgrp_fa2263c27d459924,src_global_opn_shop_cubbies,plate_or_bowl,clear,global_cls__c10__source0p5,motif_texture_weighted_mean__c10__source0p5,texture_weighted_mean,10.0,True,0.8909812074739984,0.01470652714804608,0.008853112511135318,0.07338814126773252,0.01207101159908767
img_61a6858fa49e6e18,selection_conditional_full_development_oof_v4,dataset_test/01_opishnyan_ceramics/o236_4.jpg,01_opishnyan_ceramics,01_opishnyan_ceramics,True,0.8578714829913783,01_opishnyan_ceramics,04_petrykivka_painting,05_kosiv_ceramics,4,train,srcgrp_fa2263c27d459924,src_global_opn_shop_cubbies,plate_or_bowl,clear,global_cls__c10__source0p5,motif_texture_weighted_mean__c10__source0p5,texture_weighted_mean,10.0,True,0.8578714829913783,0.011029945983896573,0.02061131404945005,0.08650195231922969,0.023985304656045404
img_dd839aa9664e10d1,selection_conditional_full_development_oof_v4,dataset_test/01_opishnyan_ceramics/o236_5.jpg,01_opishnyan_ceramics,01_opishnyan_ceramics,True,0.9248744236959152,01_opishnyan_ceramics,03_bubnivka_ceramics,05_kosiv_ceramics,4,train,srcgrp_fa2263c27d459924,src_global_opn_shop_cubbies,cup_or_mug,clear,global_cls__c10__source0p5,motif_texture_weighted_mean__c10__source0p5,texture_weighted_mean,10.0,True,0.9248744236959152,0.007140397359127629,0.0366901408683201,0.005642243510158435,0.025652794566478832
img_1e033e767348e35d,selection_conditional_full_development_oof_v4,dataset_test/01_opishnyan_ceramics/o237_1.jpg,01_opishnyan_ceramics,01_opishnyan_ceramics,True,0.75114677832207,01_opishnyan_ceramics,03_bubnivka_ceramics,05_kosiv_ceramics,4,train,srcgrp_2f3fc2708dc7b50c,src_global_opn_shelf_figurines,figurine_or_sculpture,clear,global_cls__c10__source0p5,motif_texture_weighted_mean__c10__source0p5,texture_weighted_mean,10.0,True,0.75114677832207,0.0031472312662086535,0.12939020217302505,0.004765360282814505,0.1115504279558819
img_9b70353b6ec9307e,selection_conditional_full_development_oof_v4,dataset_test/01_opishnyan_ceramics/o237_2.jpg,01_opishnyan_ceramics,01_opishnyan_ceramics,True,0.811780190685313,01_opishnyan_ceramics,05_kosiv_ceramics,03_bubnivka_ceramics,4,train,srcgrp_2f3fc2708dc7b50c,src_global_opn_shelf_figurines,figurine_or_sculpture,clear,global_cls__c10__source0p5,motif_texture_weighted_mean__c10__source0p5,texture_weighted_mean,10.0,True,0.811780190685313,0.009609751804497222,0.016681511410496074,0.005611120485119195,0.15631742561457473
img_1dee0a163255c260,selection_conditional_full_development_oof_v4,dataset_test/01_opishnyan_ceramics/o237_3.jpg,01_opishnyan_ceramics,01_opishnyan_ceramics,True,0.8203694278360233,01_opishnyan_ceramics,05_kosiv_ceramics,03_bubnivka_ceramics,4,train,srcgrp_2f3fc2708dc7b50c,src_global_opn_shelf_figurines,figurine_or_sculpture,clear,global_cls__c10__source0p5,motif_texture_weighted_mean__c10__source0p5,texture_weighted_mean,10.0,True,0.8203694278360233,0.0012797832556736125,0.06836438792946865,0.008910919709348835,0.10107548126948551
img_8e4e2df20591c6c2,selection_conditional_full_development_oof_v4,dataset_test/01_opishnyan_ceramics/o237_4.jpg,01_opishnyan_ceramics,03_bubnivka_ceramics,False,0.5311886338316212,03_bubnivka_ceramics,01_opishnyan_ceramics,05_kosiv_ceramics,4,train,srcgrp_2f3fc2708dc7b50c,src_global_opn_shelf_figurines,mixed_display_or_collection,partial,global_cls__c10__source0p5,motif_texture_weighted_mean__c10__source0p5,texture_weighted_mean,10.0,True,0.43503359413781123,0.0026049604628007664,0.5311886338316212,0.006221529773344317,0.024951281794422443
img_522edcd776a0834e,selection_conditional_full_development_oof_v4,dataset_test/01_opishnyan_ceramics/o237_5.jpg,01_opishnyan_ceramics,01_opishnyan_ceramics,True,0.8170900762050333,01_opishnyan_ceramics,03_bubnivka_ceramics,05_kosiv_ceramics,4,train,srcgrp_2f3fc2708dc7b50c,src_global_opn_shelf_figurines,mixed_display_or_collection,small,global_cls__c10__source0p5,motif_texture_weighted_mean__c10__source0p5,texture_weighted_mean,10.0,True,0.8170900762050333,0.017457165868698613,0.13745111650638359,0.001020915474496122,0.02698072594538822
img_016ad741c5ec6aee,selection_conditional_full_development_oof_v4,dataset_test/01_opishnyan_ceramics/o248_1.jpg,01_opishnyan_ceramics,01_opishnyan_ceramics,True,0.8461667614642517,01_opishnyan_ceramics,02_ornek,05_kosiv_ceramics,0,train,srcgrp_b30951e6e0850d05,src_global_opn_roundmark_catalog,other,clear,global_cls__c10__source0p5,motif_texture_weighted_mean__c10__source0p5,texture_weighted_mean,10.0,True,0.8461667614642517,0.13873275163331236,0.00457992329146326,0.00013240565253854993,0.010388157958434244
img_16adda10446f0f8e,selection_conditional_full_development_oof_v4,dataset_test/01_opishnyan_ceramics/o248_2.jpg,01_opishnyan_ceramics,01_opishnyan_ceramics,True,0.9967681973120478,01_opishnyan_ceramics,02_ornek,04_petrykivka_painting,0,train,srcgrp_b30951e6e0850d05,src_global_opn_roundmark_catalog,other,partial,global_cls__c10__source0p5,motif_texture_weighted_mean__c10__source0p5,texture_weighted_mean,10.0,True,0.9967681973120478,0.0027531012619811807,0.00012243333319816705,0.00022409421352806764,0.00013217387924513907
img_405b61e590499e61,selection_conditional_full_development_oof_v4,dataset_test/01_opishnyan_ceramics/o252.jpg,01_opishnyan_ceramics,01_opishnyan_ceramics,True,0.8458971873676094,01_opishnyan_ceramics,02_ornek,03_bubnivka_ceramics,0,train,srcgrp_b30951e6e0850d05,src_global_opn_roundmark_catalog,unreviewed,unreviewed,global_cls__c10__source0p5,motif_texture_weighted_mean__c10__source0p5,texture_weighted_mean,10.0,True,0.8458971873676094,0.13268105911666786,0.01859074510784094,0.0011071198331412027,0.001723888574740479
img_1fce5d45a91c61fe,selection_conditional_full_development_oof_v4,dataset_test/01_opishnyan_ceramics/o254.jpg,01_opishnyan_ceramics,01_opishnyan_ceramics,True,0.94654712633071,01_opishnyan_ceramics,02_ornek,03_bubnivka_ceramics,0,train,srcgrp_b30951e6e0850d05,src_global_opn_roundmark_catalog,unreviewed,unreviewed,global_cls__c10__source0p5,motif_texture_weighted_mean__c10__source0p5,texture_weighted_mean,10.0,True,0.94654712633071,0.05015943855977286,0.001403672172269829,0.0004891554875200567,0.0014006074497272425
img_dc38208d2ad0ac7d,selection_conditional_full_development_oof_v4,dataset_test/01_opishnyan_ceramics/o257.jpg,01_opishnyan_ceramics,01_opishnyan_ceramics,True,0.770431586069056,01_opishnyan_ceramics,02_ornek,03_bubnivka_ceramics,0,train,srcgrp_b30951e6e0850d05,src_global_opn_roundmark_catalog,unreviewed,unreviewed,global_cls__c10__source0p5,motif_texture_weighted_mean__c10__source0p5,texture_weighted_mean,10.0,True,0.770431586069056,0.22590966887713818,0.002068212130555898,0.0008587457924853212,0.0007317871307644993
img_c1f5897b897625cd,selection_conditional_full_development_oof_v4,dataset_test/01_opishnyan_ceramics/o264_1.jpg,01_opishnyan_ceramics,01_opishnyan_ceramics,True,0.9172671264963969,01_opishnyan_ceramics,05_kosiv_ceramics,03_bubnivka_ceramics,0,train,srcgrp_b30951e6e0850d05,src_global_opn_roundmark_catalog,figurine_or_sculpture,clear,global_cls__c10__source0p5,motif_texture_weighted_mean__c10__source0p5,texture_weighted_mean,10.0,True,0.9172671264963969,0.0009118445283252662,0.01590930601292225,0.0006873699436238892,0.06522435301873172
img_ee917848c0e2ac85,selection_conditional_full_development_oof_v4,dataset_test/01_opishnyan_ceramics/o264_2.jpg,01_opishnyan_ceramics,01_opishnyan_ceramics,True,0.8603414549672959,01_opishnyan_ceramics,05_kosiv_ceramics,03_bubnivka_ceramics,0,train,srcgrp_b30951e6e0850d05,src_global_opn_roundmark_catalog,figurine_or_sculpture,clear,global_cls__c10__source0p5,motif_texture_weighted_mean__c10__source0p5,texture_weighted_mean,10.0,True,0.8603414549672959,0.0037407440603200092,0.012214340093145115,0.0025126853431637667,0.12119077553607517
img_d9f2362b82df1168,selection_conditional_full_development_oof_v4,dataset_test/01_opishnyan_ceramics/o274.jpg,01_opishnyan_ceramics,01_opishnyan_ceramics,True,0.9984828839840195,01_opishnyan_ceramics,02_ornek,05_kosiv_ceramics,0,train,srcgrp_b30951e6e0850d05,src_global_opn_roundmark_catalog,unreviewed,unreviewed,global_cls__c10__source0p5,motif_texture_weighted_mean__c10__source0p5,texture_weighted_mean,10.0,True,0.9984828839840195,0.000887344628610121,0.000127130421252597,6.44739077931294e-05,0.0004381670583244328
img_c581eedca86c58c7,selection_conditional_full_development_oof_v4,dataset_test/01_opishnyan_ceramics/o280.jpg,01_opishnyan_ceramics,01_opishnyan_ceramics,True,0.994582767283444,01_opishnyan_ceramics,02_ornek,03_bubnivka_ceramics,0,train,srcgrp_b30951e6e0850d05,src_global_opn_roundmark_catalog,unreviewed,unreviewed,global_cls__c10__source0p5,motif_texture_weighted_mean__c10__source0p5,texture_weighted_mean,10.0,True,0.994582767283444,0.0023102151971091094,0.0017327062062902183,0.00022125287855493186,0.001153058434601834
img_132232fc5279c9dc,selection_conditional_full_development_oof_v4,dataset_test/01_opishnyan_ceramics/o283.jpeg,01_opishnyan_ceramics,01_opishnyan_ceramics,True,0.7877636416560723,01_opishnyan_ceramics,02_ornek,05_kosiv_ceramics,0,train,srcgrp_b30951e6e0850d05,src_global_opn_roundmark_catalog,unreviewed,unreviewed,global_cls__c10__source0p5,motif_texture_weighted_mean__c10__source0p5,texture_weighted_mean,10.0,True,0.7877636416560723,0.18997085026847316,0.0020206816191621403,0.00510478780012347,0.015140038656168833
img_4b15a6fe65b93e55,selection_conditional_full_development_oof_v4,dataset_test/01_opishnyan_ceramics/o284.jpeg,01_opishnyan_ceramics,01_opishnyan_ceramics,True,0.5729242230990531,01_opishnyan_ceramics,02_ornek,05_kosiv_ceramics,0,train,srcgrp_b30951e6e0850d05,src_global_opn_roundmark_catalog,other,clear,global_cls__c10__source0p5,motif_texture_weighted_mean__c10__source0p5,texture_weighted_mean,10.0,True,0.5729242230990531,0.36194052548347916,0.009316368439661786,0.008499271627916907,0.04731961134988918
img_56cba7ae17031ba8,selection_conditional_full_development_oof_v4,dataset_test/01_opishnyan_ceramics/o286_2.jpg,01_opishnyan_ceramics,01_opishnyan_ceramics,True,0.9642315568140282,01_opishnyan_ceramics,03_bubnivka_ceramics,05_kosiv_ceramics,0,train,srcgrp_b30951e6e0850d05,src_global_opn_roundmark_catalog,figurine_or_sculpture,clear,global_cls__c10__source0p5,motif_texture_weighted_mean__c10__source0p5,texture_weighted_mean,10.0,True,0.9642315568140282,0.0004985736709646303,0.03157265518138164,0.0008110147211281124,0.002886199612497268
img_bad71dee8ab659a6,selection_conditional_full_development_oof_v4,dataset_test/01_opishnyan_ceramics/o292.jpg,01_opishnyan_ceramics,01_opishnyan_ceramics,True,0.9530612753056413,01_opishnyan_ceramics,02_ornek,05_kosiv_ceramics,0,train,srcgrp_b30951e6e0850d05,src_global_opn_roundmark_catalog,vase_jug_or_vessel,clear,global_cls__c10__source0p5,motif_texture_weighted_mean__c10__source0p5,texture_weighted_mean,10.0,True,0.9530612753056413,0.04049167286990956,0.0024339875004901835,0.0006826005954586109,0.003330463728500073
img_1e2d829fb4be622d,selection_conditional_full_development_oof_v4,dataset_test/01_opishnyan_ceramics/o292_2.jpg,01_opishnyan_ceramics,01_opishnyan_ceramics,True,0.9944069927198504,01_opishnyan_ceramics,02_ornek,03_bubnivka_ceramics,0,train,srcgrp_b30951e6e0850d05,src_global_opn_roundmark_catalog,vase_jug_or_vessel,clear,global_cls__c10__source0p5,motif_texture_weighted_mean__c10__source0p5,texture_weighted_mean,10.0,True,0.9944069927198504,0.0038215937854771185,0.0012524845234460397,0.00012441138087034514,0.00039451759035607614
img_5c8289caa32140d6,selection_conditional_full_development_oof_v4,dataset_test/01_opishnyan_ceramics/o295.jpg,01_opishnyan_ceramics,01_opishnyan_ceramics,True,0.9923776512037634,01_opishnyan_ceramics,05_kosiv_ceramics,02_ornek,0,train,srcgrp_b30951e6e0850d05,src_global_opn_roundmark_catalog,unreviewed,unreviewed,global_cls__c10__source0p5,motif_texture_weighted_mean__c10__source0p5,texture_weighted_mean,10.0,True,0.9923776512037634,0.0022169820995318105,0.0009593365432074612,0.0002001150459569271,0.004245915107540393
img_afdca78c8e225301,selection_conditional_full_development_oof_v4,dataset_test/01_opishnyan_ceramics/o299.jpeg,01_opishnyan_ceramics,01_opishnyan_ceramics,True,0.9930492095025939,01_opishnyan_ceramics,02_ornek,05_kosiv_ceramics,0,train,srcgrp_b30951e6e0850d05,src_global_opn_roundmark_catalog,unreviewed,unreviewed,global_cls__c10__source0p5,motif_texture_weighted_mean__c10__source0p5,texture_weighted_mean,10.0,True,0.9930492095025939,0.005515119227454107,0.0003465688297469641,9.7034714931147e-05,0.0009920677252738895
img_e6bbaf3dda9cc4c0,selection_conditional_full_development_oof_v4,dataset_test/01_opishnyan_ceramics/o303.jpeg,01_opishnyan_ceramics,01_opishnyan_ceramics,True,0.8166007228997578,01_opishnyan_ceramics,02_ornek,04_petrykivka_painting,0,train,srcgrp_b30951e6e0850d05,src_global_opn_roundmark_catalog,unreviewed,unreviewed,global_cls__c10__source0p5,motif_texture_weighted_mean__c10__source0p5,texture_weighted_mean,10.0,True,0.8166007228997578,0.09746322075243498,0.014361019456600527,0.047426610800033416,0.02414842609117327
img_7ce59b9e881e2c58,selection_conditional_full_development_oof_v4,dataset_test/01_opishnyan_ceramics/o308_1.jpg,01_opishnyan_ceramics,01_opishnyan_ceramics,True,0.9701967968264118,01_opishnyan_ceramics,02_ornek,05_kosiv_ceramics,0,train,srcgrp_b30951e6e0850d05,src_global_opn_roundmark_catalog,vase_jug_or_vessel,clear,global_cls__c10__source0p5,motif_texture_weighted_mean__c10__source0p5,texture_weighted_mean,10.0,True,0.9701967968264118,0.016898115721549388,0.005284280636818151,0.0008406315775948357,0.006780175237625772
img_9580e860d4b311cc,selection_conditional_full_development_oof_v4,dataset_test/01_opishnyan_ceramics/o308_2.jpg,01_opishnyan_ceramics,01_opishnyan_ceramics,True,0.9559325850363279,01_opishnyan_ceramics,02_ornek,03_bubnivka_ceramics,0,train,srcgrp_b30951e6e0850d05,src_global_opn_roundmark_catalog,vase_jug_or_vessel,clear,global_cls__c10__source0p5,motif_texture_weighted_mean__c10__source0p5,texture_weighted_mean,10.0,True,0.9559325850363279,0.019673160648611097,0.01200932458369361,0.0014305745781734876,0.010954355153193903
img_3ce592ed41633390,selection_conditional_full_development_oof_v4,dataset_test/01_opishnyan_ceramics/o312_1.jpg,01_opishnyan_ceramics,01_opishnyan_ceramics,True,0.9022747852445929,01_opishnyan_ceramics,02_ornek,05_kosiv_ceramics,0,train,srcgrp_b30951e6e0850d05,src_global_opn_roundmark_catalog,vase_jug_or_vessel,clear,global_cls__c10__source0p5,motif_texture_weighted_mean__c10__source0p5,texture_weighted_mean,10.0,True,0.9022747852445929,0.05294297946322819,0.012414793380157073,0.0037039728682748425,0.028663469043747104
img_553b709122e73f33,selection_conditional_full_development_oof_v4,dataset_test/01_opishnyan_ceramics/o312_2.jpg,01_opishnyan_ceramics,01_opishnyan_ceramics,True,0.9531885031565717,01_opishnyan_ceramics,02_ornek,05_kosiv_ceramics,0,train,srcgrp_b30951e6e0850d05,src_global_opn_roundmark_catalog,vase_jug_or_vessel,clear,global_cls__c10__source0p5,motif_texture_weighted_mean__c10__source0p5,texture_weighted_mean,10.0,True,0.9531885031565717,0.029718065739178637,0.0018956692394508042,0.0022286410313593465,0.01296912083343941
img_d5fc4b4084497255,selection_conditional_full_development_oof_v4,dataset_test/01_opishnyan_ceramics/o319_1.jpeg,01_opishnyan_ceramics,01_opishnyan_ceramics,True,0.6637212634009502,01_opishnyan_ceramics,03_bubnivka_ceramics,02_ornek,0,train,srcgrp_b30951e6e0850d05,src_global_opn_roundmark_catalog,box_or_container,clear,global_cls__c10__source0p5,motif_texture_weighted_mean__c10__source0p5,texture_weighted_mean,10.0,True,0.6637212634009502,0.11487962601451993,0.1445145308235465,0.005220786210548006,0.0716637935504354
img_82597470ef24da72,selection_conditional_full_development_oof_v4,dataset_test/01_opishnyan_ceramics/o319_2.jpeg,01_opishnyan_ceramics,01_opishnyan_ceramics,True,0.964295413166736,01_opishnyan_ceramics,03_bubnivka_ceramics,05_kosiv_ceramics,0,train,srcgrp_b30951e6e0850d05,src_global_opn_roundmark_catalog,box_or_container,clear,global_cls__c10__source0p5,motif_texture_weighted_mean__c10__source0p5,texture_weighted_mean,10.0,True,0.964295413166736,0.006164514601857783,0.01584610117036983,0.003175790124363105,0.01051818093667327
img_af90f81ca583b88d,selection_conditional_full_development_oof_v4,dataset_test/01_opishnyan_ceramics/o321_1.jpg,01_opishnyan_ceramics,01_opishnyan_ceramics,True,0.7420864252149838,01_opishnyan_ceramics,02_ornek,05_kosiv_ceramics,0,train,srcgrp_b30951e6e0850d05,src_global_opn_roundmark_catalog,box_or_container,clear,global_cls__c10__source0p5,motif_texture_weighted_mean__c10__source0p5,texture_weighted_mean,10.0,True,0.7420864252149838,0.18289125685458035,0.013608791700177019,0.0023166209383661245,0.05909690529189271
img_3b58009f83299eb8,selection_conditional_full_development_oof_v4,dataset_test/01_opishnyan_ceramics/o321_2.jpg,01_opishnyan_ceramics,01_opishnyan_ceramics,True,0.9081864507511664,01_opishnyan_ceramics,02_ornek,03_bubnivka_ceramics,0,train,srcgrp_b30951e6e0850d05,src_global_opn_roundmark_catalog,box_or_container,clear,global_cls__c10__source0p5,motif_texture_weighted_mean__c10__source0p5,texture_weighted_mean,10.0,True,0.9081864507511664,0.047769390681028104,0.027576552663688896,0.003898786694261461,0.012568819209855083
img_18060d827c3daf81,selection_conditional_full_development_oof_v4,dataset_test/01_opishnyan_ceramics/o323.jpg,01_opishnyan_ceramics,01_opishnyan_ceramics,True,0.9818113464967719,01_opishnyan_ceramics,05_kosiv_ceramics,03_bubnivka_ceramics,0,train,srcgrp_b30951e6e0850d05,src_global_opn_roundmark_catalog,unreviewed,unreviewed,global_cls__c10__source0p5,motif_texture_weighted_mean__c10__source0p5,texture_weighted_mean,10.0,True,0.9818113464967719,0.0024037845997681314,0.00390691823120739,0.0015528913766162315,0.010325059295636102
img_a8dc2d775ff6ee8c,selection_conditional_full_development_oof_v4,dataset_test/01_opishnyan_ceramics/o326_2.jpg,01_opishnyan_ceramics,01_opishnyan_ceramics,True,0.9793592100991202,01_opishnyan_ceramics,02_ornek,05_kosiv_ceramics,0,train,srcgrp_b30951e6e0850d05,src_global_opn_roundmark_catalog,cup_or_mug,clear,global_cls__c10__source0p5,motif_texture_weighted_mean__c10__source0p5,texture_weighted_mean,10.0,True,0.9793592100991202,0.018103548543966213,5.651860707138278e-05,0.0001122379112092319,0.0023684848386329926
img_bcc8cd23126a5768,selection_conditional_full_development_oof_v4,dataset_test/01_opishnyan_ceramics/o330_1.jpeg,01_opishnyan_ceramics,01_opishnyan_ceramics,True,0.9384535603020397,01_opishnyan_ceramics,03_bubnivka_ceramics,05_kosiv_ceramics,0,train,srcgrp_b30951e6e0850d05,src_global_opn_roundmark_catalog,box_or_container,clear,global_cls__c10__source0p5,motif_texture_weighted_mean__c10__source0p5,texture_weighted_mean,10.0,True,0.9384535603020397,0.011445027456978016,0.02610826673213484,0.0005949822334191731,0.023398163275428357
img_42a15338b3c1eace,selection_conditional_full_development_oof_v4,dataset_test/01_opishnyan_ceramics/o330_2.jpeg,01_opishnyan_ceramics,01_opishnyan_ceramics,True,0.8387953464888042,01_opishnyan_ceramics,05_kosiv_ceramics,02_ornek,0,train,srcgrp_b30951e6e0850d05,src_global_opn_roundmark_catalog,box_or_container,clear,global_cls__c10__source0p5,motif_texture_weighted_mean__c10__source0p5,texture_weighted_mean,10.0,True,0.8387953464888042,0.06374957212561788,0.019509605326260823,0.00204069023820758,0.07590478582110965
img_5d3a6947e0671de9,selection_conditional_full_development_oof_v4,dataset_test/01_opishnyan_ceramics/o336_1.jpg,01_opishnyan_ceramics,01_opishnyan_ceramics,True,0.9334714985953142,01_opishnyan_ceramics,02_ornek,04_petrykivka_painting,0,train,srcgrp_b30951e6e0850d05,src_global_opn_roundmark_catalog,vase_jug_or_vessel,clear,global_cls__c10__source0p5,motif_texture_weighted_mean__c10__source0p5,texture_weighted_mean,10.0,True,0.9334714985953142,0.034463883429138704,0.013660139211439633,0.015750965430142375,0.002653513333965293
img_a2ca5dbabca1ea65,selection_conditional_full_development_oof_v4,dataset_test/01_opishnyan_ceramics/o336_2.jpg,01_opishnyan_ceramics,01_opishnyan_ceramics,True,0.7414463168729419,01_opishnyan_ceramics,03_bubnivka_ceramics,02_ornek,0,train,srcgrp_b30951e6e0850d05,src_global_opn_roundmark_catalog,vase_jug_or_vessel,clear,global_cls__c10__source0p5,motif_texture_weighted_mean__c10__source0p5,texture_weighted_mean,10.0,True,0.7414463168729419,0.09137933589674156,0.15731137780897442,0.005167302599669648,0.004695666821672265
img_295ae82551ac46e5,selection_conditional_full_development_oof_v4,dataset_test/01_opishnyan_ceramics/o337_1.jpg,01_opishnyan_ceramics,01_opishnyan_ceramics,True,0.9795529562965658,01_opishnyan_ceramics,05_kosiv_ceramics,02_ornek,0,train,srcgrp_b30951e6e0850d05,src_global_opn_roundmark_catalog,vase_jug_or_vessel,clear,global_cls__c10__source0p5,motif_texture_weighted_mean__c10__source0p5,texture_weighted_mean,10.0,True,0.9795529562965658,0.008036503813782864,0.001242902887626947,0.0016694248720452625,0.00949821212997924
img_50bb507662906a8a,selection_conditional_full_development_oof_v4,dataset_test/01_opishnyan_ceramics/o337_2.jpg,01_opishnyan_ceramics,01_opishnyan_ceramics,True,0.9785561867804836,01_opishnyan_ceramics,05_kosiv_ceramics,02_ornek,0,train,srcgrp_b30951e6e0850d05,src_global_opn_roundmark_catalog,vase_jug_or_vessel,clear,global_cls__c10__source0p5,motif_texture_weighted_mean__c10__source0p5,texture_weighted_mean,10.0,True,0.9785561867804836,0.007765984331047842,0.0012121023054207066,0.001220253884989137,0.011245472698058995
img_734752b738511b0d,selection_conditional_full_development_oof_v4,dataset_test/01_opishnyan_ceramics/o337_3.jpg,01_opishnyan_ceramics,01_opishnyan_ceramics,True,0.9751853622381859,01_opishnyan_ceramics,03_bubnivka_ceramics,02_ornek,0,train,srcgrp_b30951e6e0850d05,src_global_opn_roundmark_catalog,vase_jug_or_vessel,clear,global_cls__c10__source0p5,motif_texture_weighted_mean__c10__source0p5,texture_weighted_mean,10.0,True,0.9751853622381859,0.008546065248009872,0.012647162799878226,0.0006707948704091216,0.0029506148435171245
img_4cb33cee2798a612,selection_conditional_full_development_oof_v4,dataset_test/01_opishnyan_ceramics/o342.jpg,01_opishnyan_ceramics,01_opishnyan_ceramics,True,0.9917874814176582,01_opishnyan_ceramics,03_bubnivka_ceramics,02_ornek,0,train,srcgrp_b30951e6e0850d05,src_global_opn_roundmark_catalog,unreviewed,unreviewed,global_cls__c10__source0p5,motif_texture_weighted_mean__c10__source0p5,texture_weighted_mean,10.0,True,0.9917874814176582,0.002582210213408919,0.0036242610866439894,0.001008284186333892,0.0009977630959550371
img_74f059af8cdcd958,selection_conditional_full_development_oof_v4,dataset_test/01_opishnyan_ceramics/o345.jpeg,01_opishnyan_ceramics,01_opishnyan_ceramics,True,0.9057791926961185,01_opishnyan_ceramics,02_ornek,05_kosiv_ceramics,0,train,srcgrp_b30951e6e0850d05,src_global_opn_roundmark_catalog,unreviewed,unreviewed,global_cls__c10__source0p5,motif_texture_weighted_mean__c10__source0p5,texture_weighted_mean,10.0,True,0.9057791926961185,0.06213776466125077,0.006222035222821537,0.0013101314077617946,0.02455087601204732
img_1ca9f2febeaf6ae4,selection_conditional_full_development_oof_v4,dataset_test/01_opishnyan_ceramics/o349.jpg,01_opishnyan_ceramics,01_opishnyan_ceramics,True,0.894762335779238,01_opishnyan_ceramics,05_kosiv_ceramics,02_ornek,0,train,srcgrp_b30951e6e0850d05,src_global_opn_roundmark_catalog,unreviewed,unreviewed,global_cls__c10__source0p5,motif_texture_weighted_mean__c10__source0p5,texture_weighted_mean,10.0,True,0.894762335779238,0.010187476214044346,0.004268376431578032,0.0035496017887213524,0.08723220978641846
img_39b616188fad4eaa,selection_conditional_full_development_oof_v4,dataset_test/01_opishnyan_ceramics/o353.jpg,01_opishnyan_ceramics,01_opishnyan_ceramics,True,0.6184681933938394,01_opishnyan_ceramics,03_bubnivka_ceramics,02_ornek,0,train,srcgrp_b30951e6e0850d05,src_global_opn_roundmark_catalog,unreviewed,unreviewed,global_cls__c10__source0p5,motif_texture_weighted_mean__c10__source0p5,texture_weighted_mean,10.0,True,0.6184681933938394,0.07581565455535567,0.2689223031956378,0.004038904956738395,0.032754943898428646
img_d796eebc07c2e289,selection_conditional_full_development_oof_v4,dataset_test/01_opishnyan_ceramics/o355.jpg,01_opishnyan_ceramics,01_opishnyan_ceramics,True,0.9480102403436751,01_opishnyan_ceramics,05_kosiv_ceramics,02_ornek,0,train,srcgrp_b30951e6e0850d05,src_global_opn_roundmark_catalog,unreviewed,unreviewed,global_cls__c10__source0p5,motif_texture_weighted_mean__c10__source0p5,texture_weighted_mean,10.0,True,0.9480102403436751,0.015160447158635062,0.007534545452810445,0.011749888952594593,0.017544878092284808
img_74538819b5b0bbf1,selection_conditional_full_development_oof_v4,dataset_test/01_opishnyan_ceramics/o358.jpg,01_opishnyan_ceramics,01_opishnyan_ceramics,True,0.989464287422613,01_opishnyan_ceramics,03_bubnivka_ceramics,04_petrykivka_painting,0,train,srcgrp_b30951e6e0850d05,src_global_opn_roundmark_catalog,unreviewed,unreviewed,global_cls__c10__source0p5,motif_texture_weighted_mean__c10__source0p5,texture_weighted_mean,10.0,True,0.989464287422613,0.00212578420064811,0.0035724451700745786,0.002773803295584331,0.002063679911079947
img_0d5c7708357a9e5b,selection_conditional_full_development_oof_v4,dataset_test/01_opishnyan_ceramics/o360.jpg,01_opishnyan_ceramics,01_opishnyan_ceramics,True,0.9778027883965866,01_opishnyan_ceramics,03_bubnivka_ceramics,02_ornek,0,train,srcgrp_b30951e6e0850d05,src_global_opn_roundmark_catalog,unreviewed,unreviewed,global_cls__c10__source0p5,motif_texture_weighted_mean__c10__source0p5,texture_weighted_mean,10.0,True,0.9778027883965866,0.00844544603798779,0.01085881608479723,0.0024706596644009445,0.0004222898162271229
img_44dae0b6e6112b8f,selection_conditional_full_development_oof_v4,dataset_test/01_opishnyan_ceramics/o362_1.jpg,01_opishnyan_ceramics,01_opishnyan_ceramics,True,0.938017820412925,01_opishnyan_ceramics,02_ornek,03_bubnivka_ceramics,0,train,srcgrp_b30951e6e0850d05,src_global_opn_roundmark_catalog,cup_or_mug,clear,global_cls__c10__source0p5,motif_texture_weighted_mean__c10__source0p5,texture_weighted_mean,10.0,True,0.938017820412925,0.048046692024218615,0.009219123938040837,0.00020614803200855392,0.004510215592807044
img_4abb9030b7959c85,selection_conditional_full_development_oof_v4,dataset_test/01_opishnyan_ceramics/o362_2.jpg,01_opishnyan_ceramics,01_opishnyan_ceramics,True,0.9534137971030388,01_opishnyan_ceramics,02_ornek,03_bubnivka_ceramics,0,train,srcgrp_b30951e6e0850d05,src_global_opn_roundmark_catalog,cup_or_mug,clear,global_cls__c10__source0p5,motif_texture_weighted_mean__c10__source0p5,texture_weighted_mean,10.0,True,0.9534137971030388,0.03725190062848755,0.0067774533491915786,8.225846416297182e-05,0.0024745904551190276
img_ce2b553062ec2b5f,selection_conditional_full_development_oof_v4,dataset_test/01_opishnyan_ceramics/o365_1.jpg,01_opishnyan_ceramics,01_opishnyan_ceramics,True,0.9850534275608129,01_opishnyan_ceramics,02_ornek,03_bubnivka_ceramics,0,train,srcgrp_b30951e6e0850d05,src_global_opn_roundmark_catalog,cup_or_mug,clear,global_cls__c10__source0p5,motif_texture_weighted_mean__c10__source0p5,texture_weighted_mean,10.0,True,0.9850534275608129,0.007942135313236296,0.006028142548983495,0.0002889732384601486,0.0006873213385068912
img_c86a1ccd325ec77a,selection_conditional_full_development_oof_v4,dataset_test/01_opishnyan_ceramics/o365_2.jpg,01_opishnyan_ceramics,01_opishnyan_ceramics,True,0.9419450795526508,01_opishnyan_ceramics,02_ornek,03_bubnivka_ceramics,0,train,srcgrp_b30951e6e0850d05,src_global_opn_roundmark_catalog,cup_or_mug,clear,global_cls__c10__source0p5,motif_texture_weighted_mean__c10__source0p5,texture_weighted_mean,10.0,True,0.9419450795526508,0.039255492694290524,0.01673211959570567,0.00025828607145029456,0.0018090220859028755
img_5e5f15214adb0fa2,selection_conditional_full_development_oof_v4,dataset_test/01_opishnyan_ceramics/o371_1.jpg,01_opishnyan_ceramics,01_opishnyan_ceramics,True,0.9256600936533624,01_opishnyan_ceramics,05_kosiv_ceramics,02_ornek,0,train,srcgrp_b30951e6e0850d05,src_global_opn_roundmark_catalog,cup_or_mug,clear,global_cls__c10__source0p5,motif_texture_weighted_mean__c10__source0p5,texture_weighted_mean,10.0,True,0.9256600936533624,0.012985985023666442,0.0014463243514902294,0.004996638861200649,0.0549109581102801
img_aa5c718d24f4401f,selection_conditional_full_development_oof_v4,dataset_test/01_opishnyan_ceramics/o371_2.jpg,01_opishnyan_ceramics,01_opishnyan_ceramics,True,0.953430279465699,01_opishnyan_ceramics,05_kosiv_ceramics,02_ornek,0,train,srcgrp_b30951e6e0850d05,src_global_opn_roundmark_catalog,cup_or_mug,clear,global_cls__c10__source0p5,motif_texture_weighted_mean__c10__source0p5,texture_weighted_mean,10.0,True,0.953430279465699,0.008325445796843698,0.004230557692288589,0.0010423704516446882,0.03297134659352399
img_a41f538eaa3ca4fd,selection_conditional_full_development_oof_v4,dataset_test/01_opishnyan_ceramics/o375_1.jpg,01_opishnyan_ceramics,01_opishnyan_ceramics,True,0.9273310193809564,01_opishnyan_ceramics,05_kosiv_ceramics,03_bubnivka_ceramics,0,train,srcgrp_b30951e6e0850d05,src_global_opn_roundmark_catalog,cup_or_mug,clear,global_cls__c10__source0p5,motif_texture_weighted_mean__c10__source0p5,texture_weighted_mean,10.0,True,0.9273310193809564,0.009622033765966785,0.017330850346491813,0.003053779552667781,0.042662316953917444
img_d0833ac497c47d30,selection_conditional_full_development_oof_v4,dataset_test/01_opishnyan_ceramics/o375_3.jpg,01_opishnyan_ceramics,01_opishnyan_ceramics,True,0.9745442345502248,01_opishnyan_ceramics,05_kosiv_ceramics,02_ornek,0,train,srcgrp_b30951e6e0850d05,src_global_opn_roundmark_catalog,cup_or_mug,clear,global_cls__c10__source0p5,motif_texture_weighted_mean__c10__source0p5,texture_weighted_mean,10.0,True,0.9745442345502248,0.00451861336198731,0.0025094037614585996,0.0009557324930342995,0.01747201583329493
img_c00c4c06be6cc2d0,selection_conditional_full_development_oof_v4,dataset_test/01_opishnyan_ceramics/o375_4.jpg,01_opishnyan_ceramics,01_opishnyan_ceramics,True,0.9918235572798719,01_opishnyan_ceramics,02_ornek,05_kosiv_ceramics,0,train,srcgrp_b30951e6e0850d05,src_global_opn_roundmark_catalog,plate_or_bowl,clear,global_cls__c10__source0p5,motif_texture_weighted_mean__c10__source0p5,texture_weighted_mean,10.0,True,0.9918235572798719,0.004075315995113569,0.001100395640678293,0.0014415727798318468,0.001559158304504437
img_166c65513bea513d,selection_conditional_full_development_oof_v4,dataset_test/01_opishnyan_ceramics/o379_1.jpg,01_opishnyan_ceramics,01_opishnyan_ceramics,True,0.99336005231031,01_opishnyan_ceramics,03_bubnivka_ceramics,02_ornek,0,train,srcgrp_b30951e6e0850d05,src_global_opn_roundmark_catalog,cup_or_mug,clear,global_cls__c10__source0p5,motif_texture_weighted_mean__c10__source0p5,texture_weighted_mean,10.0,True,0.99336005231031,0.0019704030265464464,0.003145892470524813,9.739666501357504e-05,0.0014262555276053116
img_763f34bf262c091b,selection_conditional_full_development_oof_v4,dataset_test/01_opishnyan_ceramics/o379_2.jpg,01_opishnyan_ceramics,01_opishnyan_ceramics,True,0.9988203346664268,01_opishnyan_ceramics,03_bubnivka_ceramics,02_ornek,0,train,srcgrp_b30951e6e0850d05,src_global_opn_roundmark_catalog,cup_or_mug,clear,global_cls__c10__source0p5,motif_texture_weighted_mean__c10__source0p5,texture_weighted_mean,10.0,True,0.9988203346664268,0.0002604566903450603,0.0008312538636817787,1.7051398447119188e-05,7.090338109912162e-05
img_0362511ba2fbe757,selection_conditional_full_development_oof_v4,dataset_test/01_opishnyan_ceramics/o380_3.jpg,01_opishnyan_ceramics,01_opishnyan_ceramics,True,0.9937722496898506,01_opishnyan_ceramics,03_bubnivka_ceramics,02_ornek,0,train,srcgrp_b30951e6e0850d05,src_global_opn_roundmark_catalog,figurine_or_sculpture,clear,global_cls__c10__source0p5,motif_texture_weighted_mean__c10__source0p5,texture_weighted_mean,10.0,True,0.9937722496898506,0.0016462247234402298,0.003167449790334906,0.001212333227015285,0.0002017425693588726
img_21379ee2dc031ca9,selection_conditional_full_development_oof_v4,dataset_test/01_opishnyan_ceramics/o380_4.jpg,01_opishnyan_ceramics,01_opishnyan_ceramics,True,0.9950247438536506,01_opishnyan_ceramics,03_bubnivka_ceramics,02_ornek,0,train,srcgrp_b30951e6e0850d05,src_global_opn_roundmark_catalog,figurine_or_sculpture,clear,global_cls__c10__source0p5,motif_texture_weighted_mean__c10__source0p5,texture_weighted_mean,10.0,True,0.9950247438536506,0.0017144173959890029,0.001921669242930674,0.0010825101431696455,0.0002566593642601073
img_e81e5234ac5445db,selection_conditional_full_development_oof_v4,dataset_test/01_opishnyan_ceramics/o384_1.jpg,01_opishnyan_ceramics,01_opishnyan_ceramics,True,0.9374999566593561,01_opishnyan_ceramics,02_ornek,05_kosiv_ceramics,0,train,srcgrp_b30951e6e0850d05,src_global_opn_roundmark_catalog,vase_jug_or_vessel,clear,global_cls__c10__source0p5,motif_texture_weighted_mean__c10__source0p5,texture_weighted_mean,10.0,True,0.9374999566593561,0.028872808406882278,0.0035299209996740933,0.0032115131887486678,0.02688580074533877
img_640c20e82085ca29,selection_conditional_full_development_oof_v4,dataset_test/01_opishnyan_ceramics/o384_2.jpg,01_opishnyan_ceramics,01_opishnyan_ceramics,True,0.9817928622057575,01_opishnyan_ceramics,05_kosiv_ceramics,02_ornek,0,train,srcgrp_b30951e6e0850d05,src_global_opn_roundmark_catalog,vase_jug_or_vessel,clear,global_cls__c10__source0p5,motif_texture_weighted_mean__c10__source0p5,texture_weighted_mean,10.0,True,0.9817928622057575,0.005330551689970763,0.0009235120323575794,0.001561145128856558,0.010391928943057748
img_d474b98398f5f7ce,selection_conditional_full_development_oof_v4,dataset_dev/02_ornek/kt036.jpg,02_ornek,03_bubnivka_ceramics,False,0.3915704087082526,03_bubnivka_ceramics,05_kosiv_ceramics,02_ornek,1,train,obj_single_d474b98398f5f7ce,,unreviewed,unreviewed,global_cls__c10__source0p5,motif_texture_weighted_mean__c10__source0p5,texture_weighted_mean,10.0,True,0.03836456708541854,0.13576301089373313,0.3915704087082526,0.09055395288607278,0.34374806042652295
img_ebe542bf01199a35,selection_conditional_full_development_oof_v4,dataset_dev/02_ornek/kt037.jpg,02_ornek,02_ornek,True,0.93289605060741,02_ornek,01_opishnyan_ceramics,04_petrykivka_painting,1,train,obj_single_ebe542bf01199a35,,unreviewed,unreviewed,global_cls__c10__source0p5,motif_texture_weighted_mean__c10__source0p5,texture_weighted_mean,10.0,True,0.02852654721451109,0.93289605060741,0.00027630261597358363,0.020336571546840054,0.017964528015265508
img_e9aa8f455a86bb53,selection_conditional_full_development_oof_v4,dataset_dev/02_ornek/kt040.jpg,02_ornek,02_ornek,True,0.9971132280184752,02_ornek,05_kosiv_ceramics,04_petrykivka_painting,3,train,obj_single_e9aa8f455a86bb53,,unreviewed,unreviewed,global_cls__c10__source0p5,motif_texture_weighted_mean__c10__source0p5,texture_weighted_mean,10.0,True,0.0001969594548885287,0.9971132280184752,6.034340417035144e-05,0.0010462600544872734,0.0015832090679788718
img_9b0f644c3f0f1c76,selection_conditional_full_development_oof_v4,dataset_dev/02_ornek/kt041.jpg,02_ornek,02_ornek,True,0.9527303307885786,02_ornek,04_petrykivka_painting,03_bubnivka_ceramics,4,train,obj_single_9b0f644c3f0f1c76,,unreviewed,unreviewed,global_cls__c10__source0p5,motif_texture_weighted_mean__c10__source0p5,texture_weighted_mean,10.0,True,0.0008370522087587962,0.9527303307885786,0.0016606509309222827,0.04338927304416182,0.001382693027578527
img_bbe449f6d38f0e0f,selection_conditional_full_development_oof_v4,dataset_dev/02_ornek/kt043.jpg,02_ornek,02_ornek,True,0.9972401866319784,02_ornek,04_petrykivka_painting,05_kosiv_ceramics,3,train,obj_single_bbe449f6d38f0e0f,,unreviewed,unreviewed,global_cls__c10__source0p5,motif_texture_weighted_mean__c10__source0p5,texture_weighted_mean,10.0,True,0.00024086787372086505,0.9972401866319784,0.0006726191831133842,0.0009949572010183529,0.0008513691101691001
img_e88ecb3d87846eb8,selection_conditional_full_development_oof_v4,dataset_dev/02_ornek/kt044.jpg,02_ornek,02_ornek,True,0.9863318730246111,02_ornek,01_opishnyan_ceramics,03_bubnivka_ceramics,0,train,obj_single_e88ecb3d87846eb8,,unreviewed,unreviewed,global_cls__c10__source0p5,motif_texture_weighted_mean__c10__source0p5,texture_weighted_mean,10.0,True,0.009538876472347992,0.9863318730246111,0.0026861960258344783,0.00016542548317165947,0.0012776289940350368
img_e60b766cf9683f58,selection_conditional_full_development_oof_v4,dataset_dev/02_ornek/kt045.jpg,02_ornek,02_ornek,True,0.993418857757986,02_ornek,05_kosiv_ceramics,04_petrykivka_painting,3,train,obj_single_e60b766cf9683f58,,unreviewed,unreviewed,global_cls__c10__source0p5,motif_texture_weighted_mean__c10__source0p5,texture_weighted_mean,10.0,True,0.0003786972254975157,0.993418857757986,0.0008362128532673687,0.0014325949199061217,0.003933637243342961
img_da32e067eda846dd,selection_conditional_full_development_oof_v4,dataset_dev/02_ornek/kt047.jpg,02_ornek,02_ornek,True,0.9869476541271412,02_ornek,04_petrykivka_painting,05_kosiv_ceramics,4,validation,src_manual_105,,textile_or_rug,clear,global_cls__c10__source0p5,motif_texture_weighted_mean__c10__source0p5,texture_weighted_mean,10.0,True,0.0008854643999190465,0.9869476541271412,0.0037516392715842353,0.004267402037268495,0.004147840164086798
img_0716e8a6e8b41c8c,selection_conditional_full_development_oof_v4,dataset_dev/02_ornek/kt047_2.jpg,02_ornek,02_ornek,True,0.988677329174289,02_ornek,05_kosiv_ceramics,03_bubnivka_ceramics,4,validation,src_manual_105,,textile_or_rug,clear,global_cls__c10__source0p5,motif_texture_weighted_mean__c10__source0p5,texture_weighted_mean,10.0,True,0.0016213389808416821,0.988677329174289,0.003352637879887578,0.0026972686029419447,0.0036514253620399946
img_ac9722ac074506d0,selection_conditional_full_development_oof_v4,dataset_dev/02_ornek/kt047_3.jpg,02_ornek,02_ornek,True,0.985407430822748,02_ornek,04_petrykivka_painting,05_kosiv_ceramics,4,validation,src_manual_105,,textile_or_rug,clear,global_cls__c10__source0p5,motif_texture_weighted_mean__c10__source0p5,texture_weighted_mean,10.0,True,0.001078030906276474,0.985407430822748,0.0016882113578755163,0.008827832056891522,0.0029984948562086964
img_3b715f833c61256e,selection_conditional_full_development_oof_v4,dataset_dev/02_ornek/kt047_4.jpg,02_ornek,02_ornek,True,0.9905089806004668,02_ornek,04_petrykivka_painting,05_kosiv_ceramics,4,validation,src_manual_105,,textile_or_rug,clear,global_cls__c10__source0p5,motif_texture_weighted_mean__c10__source0p5,texture_weighted_mean,10.0,True,0.0012268839922880113,0.9905089806004668,0.0023981387951167304,0.0030535122715281953,0.002812484340600322
img_f40223a15b47d932,selection_conditional_full_development_oof_v4,dataset_dev/02_ornek/kt048.jpg,02_ornek,02_ornek,True,0.7271731819401476,02_ornek,05_kosiv_ceramics,01_opishnyan_ceramics,3,train,obj_single_f40223a15b47d932,,unreviewed,unreviewed,global_cls__c10__source0p5,motif_texture_weighted_mean__c10__source0p5,texture_weighted_mean,10.0,True,0.04069426577336332,0.7271731819401476,0.0336796454076854,0.0038056713819381964,0.1946472354968654
img_8afa84e87569f87c,selection_conditional_full_development_oof_v4,dataset_dev/02_ornek/kt049.jpg,02_ornek,02_ornek,True,0.9619523406809357,02_ornek,05_kosiv_ceramics,03_bubnivka_ceramics,1,validation,obj_single_8afa84e87569f87c,,unreviewed,unreviewed,global_cls__c10__source0p5,motif_texture_weighted_mean__c10__source0p5,texture_weighted_mean,10.0,True,0.002034848556461925,0.9619523406809357,0.0024426272902723692,0.0014894146050098793,0.032080768867320024
img_28ebe6d6a71b5f4a,selection_conditional_full_development_oof_v4,dataset_dev/02_ornek/kt050.jpg,02_ornek,02_ornek,True,0.8213741263946339,02_ornek,05_kosiv_ceramics,04_petrykivka_painting,4,train,obj_single_28ebe6d6a71b5f4a,,unreviewed,unreviewed,global_cls__c10__source0p5,motif_texture_weighted_mean__c10__source0p5,texture_weighted_mean,10.0,True,0.015300977214106724,0.8213741263946339,0.0018393145364245162,0.03461314512820689,0.12687243672662796
img_8ebba865428c8c56,selection_conditional_full_development_oof_v4,dataset_dev/02_ornek/kt051.jpg,02_ornek,02_ornek,True,0.9221895219417457,02_ornek,01_opishnyan_ceramics,04_petrykivka_painting,1,train,obj_single_8ebba865428c8c56,,unreviewed,unreviewed,global_cls__c10__source0p5,motif_texture_weighted_mean__c10__source0p5,texture_weighted_mean,10.0,True,0.031916959349188805,0.9221895219417457,0.020595883390462207,0.02311348543274432,0.00218414988585873
img_74490e7f987011e6,selection_conditional_full_development_oof_v4,dataset_dev/02_ornek/kt052.jpg,02_ornek,02_ornek,True,0.9925361589329326,02_ornek,05_kosiv_ceramics,03_bubnivka_ceramics,4,train,obj_single_74490e7f987011e6,,unreviewed,unreviewed,global_cls__c10__source0p5,motif_texture_weighted_mean__c10__source0p5,texture_weighted_mean,10.0,True,7.79328881296988e-05,0.9925361589329326,0.0007413198334476192,0.0007218493546801531,0.0059227389908100255
img_692b7354a9d6d694,selection_conditional_full_development_oof_v4,dataset_dev/02_ornek/kt054.jpg,02_ornek,02_ornek,True,0.9820664379299954,02_ornek,05_kosiv_ceramics,04_petrykivka_painting,3,train,obj_single_692b7354a9d6d694,,unreviewed,unreviewed,global_cls__c10__source0p5,motif_texture_weighted_mean__c10__source0p5,texture_weighted_mean,10.0,True,4.562302259296946e-05,0.9820664379299954,0.0005555299218016529,0.0011480724556936356,0.01618433666991643
img_a5090c5ee6262ca6,selection_conditional_full_development_oof_v4,dataset_dev/02_ornek/kt055.jpg,02_ornek,02_ornek,True,0.9343533656294686,02_ornek,04_petrykivka_painting,03_bubnivka_ceramics,0,train,obj_single_a5090c5ee6262ca6,,unreviewed,unreviewed,global_cls__c10__source0p5,motif_texture_weighted_mean__c10__source0p5,texture_weighted_mean,10.0,True,0.013591577726768396,0.9343533656294686,0.017220166275335503,0.020982364678476927,0.013852525689950393
img_2d5b14c38c59133c,selection_conditional_full_development_oof_v4,dataset_dev/02_ornek/kt056.jpg,02_ornek,02_ornek,True,0.9779074140633909,02_ornek,03_bubnivka_ceramics,05_kosiv_ceramics,4,train,obj_single_2d5b14c38c59133c,,unreviewed,unreviewed,global_cls__c10__source0p5,motif_texture_weighted_mean__c10__source0p5,texture_weighted_mean,10.0,True,0.0011858953418597774,0.9779074140633909,0.01190739091565179,0.0041810246371553105,0.004818275041942399
img_bf0c9370a9592727,selection_conditional_full_development_oof_v4,dataset_dev/02_ornek/kt058.jpg,02_ornek,02_ornek,True,0.914332959538492,02_ornek,04_petrykivka_painting,05_kosiv_ceramics,4,validation,obj_single_bf0c9370a9592727,,unreviewed,unreviewed,global_cls__c10__source0p5,motif_texture_weighted_mean__c10__source0p5,texture_weighted_mean,10.0,True,0.0034380496493837975,0.914332959538492,0.00018072071892773922,0.07416563940821595,0.007882630684980392
img_cb3ace5fec7216d9,selection_conditional_full_development_oof_v4,dataset_dev/02_ornek/kt060.jpg,02_ornek,02_ornek,True,0.9170823481798102,02_ornek,04_petrykivka_painting,05_kosiv_ceramics,2,train,obj_single_cb3ace5fec7216d9,,unreviewed,unreviewed,global_cls__c10__source0p5,motif_texture_weighted_mean__c10__source0p5,texture_weighted_mean,10.0,True,0.0005453918941287439,0.9170823481798102,0.0002780609190276224,0.0726901044049376,0.009404094602095861
img_aff867fb8a5e61c3,selection_conditional_full_development_oof_v4,dataset_dev/02_ornek/kt062.jpg,02_ornek,02_ornek,True,0.9553896567507817,02_ornek,04_petrykivka_painting,05_kosiv_ceramics,0,train,obj_single_aff867fb8a5e61c3,,unreviewed,unreviewed,global_cls__c10__source0p5,motif_texture_weighted_mean__c10__source0p5,texture_weighted_mean,10.0,True,0.0018158483436608083,0.9553896567507817,0.00013137908003153757,0.039911466621704736,0.0027516492038211853
img_994aab31e4bca7a6,selection_conditional_full_development_oof_v4,dataset_dev/02_ornek/kt063.jpg,02_ornek,02_ornek,True,0.9417387852300401,02_ornek,04_petrykivka_painting,05_kosiv_ceramics,0,validation,obj_single_994aab31e4bca7a6,,unreviewed,unreviewed,global_cls__c10__source0p5,motif_texture_weighted_mean__c10__source0p5,texture_weighted_mean,10.0,True,0.0015868534510587666,0.9417387852300401,0.0016361057657565052,0.028778360861656162,0.026259894691488324
img_73fcc22ca989cdd7,selection_conditional_full_development_oof_v4,dataset_dev/02_ornek/kt064.jpg,02_ornek,02_ornek,True,0.9226040955479797,02_ornek,01_opishnyan_ceramics,05_kosiv_ceramics,4,train,obj_single_73fcc22ca989cdd7,,unreviewed,unreviewed,global_cls__c10__source0p5,motif_texture_weighted_mean__c10__source0p5,texture_weighted_mean,10.0,True,0.07073112208153544,0.9226040955479797,0.0013125228797496622,0.0022093984311418384,0.0031428610595932143
img_5c5d775517389a8c,selection_conditional_full_development_oof_v4,dataset_dev/02_ornek/kt066.jpg,02_ornek,02_ornek,True,0.9947700421074486,02_ornek,05_kosiv_ceramics,04_petrykivka_painting,3,validation,obj_single_5c5d775517389a8c,,unreviewed,unreviewed,global_cls__c10__source0p5,motif_texture_weighted_mean__c10__source0p5,texture_weighted_mean,10.0,True,1.3489118633486348e-05,0.9947700421074486,0.00038918640263788427,0.00046726544806357124,0.004360016923216298
img_62909bfb0b972cb0,selection_conditional_full_development_oof_v4,dataset_dev/02_ornek/kt067.jpg,02_ornek,02_ornek,True,0.9730631094268182,02_ornek,05_kosiv_ceramics,04_petrykivka_painting,2,train,obj_single_62909bfb0b972cb0,,unreviewed,unreviewed,global_cls__c10__source0p5,motif_texture_weighted_mean__c10__source0p5,texture_weighted_mean,10.0,True,0.00037686858690377404,0.9730631094268182,0.004771995153951373,0.007934209129476394,0.013853817702850163
img_f77478212f03e4cc,selection_conditional_full_development_oof_v4,dataset_dev/02_ornek/kt069.jpg,02_ornek,02_ornek,True,0.9846683836743071,02_ornek,04_petrykivka_painting,03_bubnivka_ceramics,3,train,obj_single_f77478212f03e4cc,,unreviewed,unreviewed,global_cls__c10__source0p5,motif_texture_weighted_mean__c10__source0p5,texture_weighted_mean,10.0,True,0.00012840530416344522,0.9846683836743071,0.0022334330862334288,0.010802151469901577,0.0021676264653945
img_68e27ef744a8413f,selection_conditional_full_development_oof_v4,dataset_dev/02_ornek/kt070.JPG,02_ornek,02_ornek,True,0.9550374824592857,02_ornek,01_opishnyan_ceramics,05_kosiv_ceramics,0,train,obj_single_68e27ef744a8413f,,unreviewed,unreviewed,global_cls__c10__source0p5,motif_texture_weighted_mean__c10__source0p5,texture_weighted_mean,10.0,True,0.03946034415500208,0.9550374824592857,0.0003623370286045923,0.0017801518370668913,0.0033596845200408606
img_1ef6d9fc62741df7,selection_conditional_full_development_oof_v4,dataset_dev/02_ornek/kt071.JPG,02_ornek,02_ornek,True,0.9571204899919993,02_ornek,05_kosiv_ceramics,01_opishnyan_ceramics,2,train,obj_single_1ef6d9fc62741df7,,unreviewed,unreviewed,global_cls__c10__source0p5,motif_texture_weighted_mean__c10__source0p5,texture_weighted_mean,10.0,True,0.009926018139659347,0.9571204899919993,0.0007767841729142418,0.0006666453097978549,0.03151006238562904
img_ceb0c34d91cd414f,selection_conditional_full_development_oof_v4,dataset_dev/02_ornek/kt072.jpg,02_ornek,02_ornek,True,0.9823986532367937,02_ornek,05_kosiv_ceramics,04_petrykivka_painting,0,train,obj_single_ceb0c34d91cd414f,,unreviewed,unreviewed,global_cls__c10__source0p5,motif_texture_weighted_mean__c10__source0p5,texture_weighted_mean,10.0,True,0.0007526594436387832,0.9823986532367937,0.0005176000501426484,0.004095723997330393,0.012235363272094594
img_c2f216e6e3830b4e,selection_conditional_full_development_oof_v4,dataset_dev/02_ornek/kt074.jpg,02_ornek,02_ornek,True,0.9991012715575558,02_ornek,04_petrykivka_painting,05_kosiv_ceramics,3,train,obj_single_c2f216e6e3830b4e,,unreviewed,unreviewed,global_cls__c10__source0p5,motif_texture_weighted_mean__c10__source0p5,texture_weighted_mean,10.0,True,2.0728407224795858e-05,0.9991012715575558,0.0001927131376250161,0.00041936443909826673,0.0002659224584961393
img_ca33ab67b6e63aa9,selection_conditional_full_development_oof_v4,dataset_dev/02_ornek/kt077.JPG,02_ornek,02_ornek,True,0.8069627662987929,02_ornek,05_kosiv_ceramics,03_bubnivka_ceramics,1,train,obj_single_ca33ab67b6e63aa9,,unreviewed,unreviewed,global_cls__c10__source0p5,motif_texture_weighted_mean__c10__source0p5,texture_weighted_mean,10.0,True,0.01739258718240359,0.8069627662987929,0.03101289912826989,0.0026521999061998505,0.14197954748433375
img_f69069a376bde604,selection_conditional_full_development_oof_v4,dataset_dev/02_ornek/kt078.JPG,02_ornek,02_ornek,True,0.9140479130394566,02_ornek,05_kosiv_ceramics,01_opishnyan_ceramics,4,train,obj_single_f69069a376bde604,,unreviewed,unreviewed,global_cls__c10__source0p5,motif_texture_weighted_mean__c10__source0p5,texture_weighted_mean,10.0,True,0.01194322845019907,0.9140479130394566,0.0008163962060657715,0.0060900363674106575,0.06710242593686769
img_d5e23f6343723b30,selection_conditional_full_development_oof_v4,dataset_dev/02_ornek/kt080.JPG,02_ornek,02_ornek,True,0.9943750797216372,02_ornek,04_petrykivka_painting,03_bubnivka_ceramics,1,train,obj_single_d5e23f6343723b30,,unreviewed,unreviewed,global_cls__c10__source0p5,motif_texture_weighted_mean__c10__source0p5,texture_weighted_mean,10.0,True,0.0002370192120601485,0.9943750797216372,0.0017251115857122958,0.0032449539262195052,0.00041783555437077804
img_1dc97abcc5e84442,selection_conditional_full_development_oof_v4,dataset_dev/02_ornek/kt082.JPG,02_ornek,02_ornek,True,0.9666966188123476,02_ornek,05_kosiv_ceramics,03_bubnivka_ceramics,4,train,obj_single_1dc97abcc5e84442,,unreviewed,unreviewed,global_cls__c10__source0p5,motif_texture_weighted_mean__c10__source0p5,texture_weighted_mean,10.0,True,0.0021285405939025425,0.9666966188123476,0.012279295760447445,0.0028208222492088725,0.016074722584093485
img_7defcd1eb79556f1,selection_conditional_full_development_oof_v4,dataset_dev/02_ornek/kt083.JPG,02_ornek,02_ornek,True,0.9730755282554978,02_ornek,03_bubnivka_ceramics,05_kosiv_ceramics,4,train,obj_single_7defcd1eb79556f1,,unreviewed,unreviewed,global_cls__c10__source0p5,motif_texture_weighted_mean__c10__source0p5,texture_weighted_mean,10.0,True,0.0014177953465142406,0.9730755282554978,0.01752790633587385,0.0015668390912079706,0.0064119309709061096
img_09ba235a2e2c1ab8,selection_conditional_full_development_oof_v4,dataset_dev/02_ornek/kt084.jpg,02_ornek,02_ornek,True,0.981010336966897,02_ornek,05_kosiv_ceramics,03_bubnivka_ceramics,0,train,obj_single_09ba235a2e2c1ab8,,unreviewed,unreviewed,global_cls__c10__source0p5,motif_texture_weighted_mean__c10__source0p5,texture_weighted_mean,10.0,True,0.0006717615441339782,0.981010336966897,0.004579278063632786,0.0012872654445811765,0.012451357980755216
img_36737cf4db4f6361,selection_conditional_full_development_oof_v4,dataset_dev/02_ornek/kt085.jpg,02_ornek,02_ornek,True,0.999525542224997,02_ornek,04_petrykivka_painting,03_bubnivka_ceramics,3,train,obj_single_36737cf4db4f6361,,unreviewed,unreviewed,global_cls__c10__source0p5,motif_texture_weighted_mean__c10__source0p5,texture_weighted_mean,10.0,True,8.737833376328195e-05,0.999525542224997,0.0001170438898515033,0.00017504525540746116,9.49902959808489e-05
img_a28dbf2e0515a2d5,selection_conditional_full_development_oof_v4,dataset_dev/02_ornek/kt086.jpg,02_ornek,02_ornek,True,0.9741406842928675,02_ornek,05_kosiv_ceramics,03_bubnivka_ceramics,2,train,obj_single_a28dbf2e0515a2d5,,unreviewed,unreviewed,global_cls__c10__source0p5,motif_texture_weighted_mean__c10__source0p5,texture_weighted_mean,10.0,True,0.0016197512683405611,0.9741406842928675,0.004075128091811197,0.001715627497822157,0.01844880884915847
img_6578ee54ee33def5,selection_conditional_full_development_oof_v4,dataset_dev/02_ornek/kt087.JPG,02_ornek,02_ornek,True,0.6703495157931857,02_ornek,03_bubnivka_ceramics,01_opishnyan_ceramics,0,train,obj_single_6578ee54ee33def5,,unreviewed,unreviewed,global_cls__c10__source0p5,motif_texture_weighted_mean__c10__source0p5,texture_weighted_mean,10.0,True,0.12201991094099601,0.6703495157931857,0.2044600510604648,0.0012962989606772268,0.0018742232446763744
img_62f6e3ee48c548dc,selection_conditional_full_development_oof_v4,dataset_dev/02_ornek/kt089.jpg,02_ornek,02_ornek,True,0.8444251794547102,02_ornek,05_kosiv_ceramics,01_opishnyan_ceramics,4,train,obj_single_62f6e3ee48c548dc,,unreviewed,unreviewed,global_cls__c10__source0p5,motif_texture_weighted_mean__c10__source0p5,texture_weighted_mean,10.0,True,0.041446814401601736,0.8444251794547102,0.0013197299198646172,0.03304258625626541,0.0797656899675582
img_e5b6b88d0a8feb6f,selection_conditional_full_development_oof_v4,dataset_dev/02_ornek/kt092.jpg,02_ornek,02_ornek,True,0.9930876702933995,02_ornek,04_petrykivka_painting,05_kosiv_ceramics,3,train,obj_single_e5b6b88d0a8feb6f,,unreviewed,unreviewed,global_cls__c10__source0p5,motif_texture_weighted_mean__c10__source0p5,texture_weighted_mean,10.0,True,0.0005247602389620794,0.9930876702933995,0.001135507822542441,0.0027726557536670656,0.002479405891428828
img_db9a20180b026614,selection_conditional_full_development_oof_v4,dataset_dev/02_ornek/kt093.JPG,02_ornek,02_ornek,True,0.9457181870616672,02_ornek,01_opishnyan_ceramics,05_kosiv_ceramics,4,validation,obj_single_db9a20180b026614,,unreviewed,unreviewed,global_cls__c10__source0p5,motif_texture_weighted_mean__c10__source0p5,texture_weighted_mean,10.0,True,0.024405371112319905,0.9457181870616672,0.00460496197374935,0.004274363034824287,0.02099711681743934
img_fe5516feebc93710,selection_conditional_full_development_oof_v4,dataset_dev/02_ornek/kt095.jpg,02_ornek,02_ornek,True,0.9977333567165868,02_ornek,05_kosiv_ceramics,01_opishnyan_ceramics,3,train,obj_single_fe5516feebc93710,,unreviewed,unreviewed,global_cls__c10__source0p5,motif_texture_weighted_mean__c10__source0p5,texture_weighted_mean,10.0,True,0.0006876750887691496,0.9977333567165868,0.0004026336451706776,0.00017942388475757269,0.0009969106647157546
img_c19961d5fb4544a4,selection_conditional_full_development_oof_v4,dataset_dev/02_ornek/kt096.JPG,02_ornek,02_ornek,True,0.9961172681706073,02_ornek,04_petrykivka_painting,05_kosiv_ceramics,1,train,obj_single_c19961d5fb4544a4,,unreviewed,unreviewed,global_cls__c10__source0p5,motif_texture_weighted_mean__c10__source0p5,texture_weighted_mean,10.0,True,0.00011459168805084933,0.9961172681706073,0.0006495640218252282,0.0017193031505966466,0.001399272968919799
img_91ed57602079e64d,selection_conditional_full_development_oof_v4,dataset_dev/02_ornek/kt097.jpg,02_ornek,02_ornek,True,0.9731184260095703,02_ornek,01_opishnyan_ceramics,05_kosiv_ceramics,2,validation,obj_single_91ed57602079e64d,,unreviewed,unreviewed,global_cls__c10__source0p5,motif_texture_weighted_mean__c10__source0p5,texture_weighted_mean,10.0,True,0.02152942329127664,0.9731184260095703,0.00044419046109287895,0.0017729744675775408,0.0031349857704826957
img_ad40ab1b4dd666a3,selection_conditional_full_development_oof_v4,dataset_dev/02_ornek/kt098.jpg,02_ornek,02_ornek,True,0.8979885334515414,02_ornek,05_kosiv_ceramics,03_bubnivka_ceramics,3,train,obj_single_ad40ab1b4dd666a3,,unreviewed,unreviewed,global_cls__c10__source0p5,motif_texture_weighted_mean__c10__source0p5,texture_weighted_mean,10.0,True,0.018111502490501353,0.8979885334515414,0.033946032145519764,0.011955456543844832,0.0379984753685926
img_5948f89a20f8809b,selection_conditional_full_development_oof_v4,dataset_dev/02_ornek/kt101.JPG,02_ornek,02_ornek,True,0.7992699056852147,02_ornek,01_opishnyan_ceramics,05_kosiv_ceramics,4,train,obj_single_5948f89a20f8809b,,unreviewed,unreviewed,global_cls__c10__source0p5,motif_texture_weighted_mean__c10__source0p5,texture_weighted_mean,10.0,True,0.16986830148582635,0.7992699056852147,0.005465040026068202,0.0070814932613464405,0.018315259541544348
img_aaec975cf9084b3c,selection_conditional_full_development_oof_v4,dataset_dev/02_ornek/kt103.jpg,02_ornek,02_ornek,True,0.9980972273915083,02_ornek,04_petrykivka_painting,05_kosiv_ceramics,4,train,obj_single_aaec975cf9084b3c,,unreviewed,unreviewed,global_cls__c10__source0p5,motif_texture_weighted_mean__c10__source0p5,texture_weighted_mean,10.0,True,4.956287021177753e-05,0.9980972273915083,0.0003761925351312063,0.000899564223369685,0.0005774529797791076
img_e55af9bd10197072,selection_conditional_full_development_oof_v4,dataset_dev/02_ornek/kt105.JPG,02_ornek,02_ornek,True,0.9767506394739544,02_ornek,01_opishnyan_ceramics,05_kosiv_ceramics,4,validation,obj_single_e55af9bd10197072,,unreviewed,unreviewed,global_cls__c10__source0p5,motif_texture_weighted_mean__c10__source0p5,texture_weighted_mean,10.0,True,0.010545087026225185,0.9767506394739544,0.002150680855304378,0.00421261104552963,0.006340981598986625
img_4798910d71086b14,selection_conditional_full_development_oof_v4,dataset_dev/02_ornek/kt109.jpg,02_ornek,02_ornek,True,0.979742409692931,02_ornek,03_bubnivka_ceramics,05_kosiv_ceramics,3,train,obj_single_4798910d71086b14,,unreviewed,unreviewed,global_cls__c10__source0p5,motif_texture_weighted_mean__c10__source0p5,texture_weighted_mean,10.0,True,0.0032875696501379528,0.979742409692931,0.009338251089843317,0.00017250575144234578,0.007459263815645491
img_af26d8745585f286,selection_conditional_full_development_oof_v4,dataset_dev/02_ornek/kt110.jpg,02_ornek,02_ornek,True,0.9808628669573219,02_ornek,03_bubnivka_ceramics,05_kosiv_ceramics,4,train,obj_single_af26d8745585f286,,unreviewed,unreviewed,global_cls__c10__source0p5,motif_texture_weighted_mean__c10__source0p5,texture_weighted_mean,10.0,True,0.0020202626268678854,0.9808628669573219,0.012196317223176484,0.00015213561471356837,0.004768417577920281
img_47d9ae5681e65332,selection_conditional_full_development_oof_v4,dataset_dev/02_ornek/kt111.jpg,02_ornek,02_ornek,True,0.9834779514107264,02_ornek,05_kosiv_ceramics,03_bubnivka_ceramics,0,train,obj_single_47d9ae5681e65332,,unreviewed,unreviewed,global_cls__c10__source0p5,motif_texture_weighted_mean__c10__source0p5,texture_weighted_mean,10.0,True,0.0005876483456909877,0.9834779514107264,0.003238417755624716,0.0004332974394599037,0.01226268504849798
img_3284e6abaf9984f8,selection_conditional_full_development_oof_v4,dataset_dev/02_ornek/kt113.jpg,02_ornek,02_ornek,True,0.9877544224915559,02_ornek,03_bubnivka_ceramics,05_kosiv_ceramics,4,train,obj_single_3284e6abaf9984f8,,unreviewed,unreviewed,global_cls__c10__source0p5,motif_texture_weighted_mean__c10__source0p5,texture_weighted_mean,10.0,True,0.001576674642978167,0.9877544224915559,0.00879236233961939,0.0002697162771884825,0.0016068242486580214
img_8c453a7e8bcb5257,selection_conditional_full_development_oof_v4,dataset_dev/02_ornek/kt114.jpg,02_ornek,02_ornek,True,0.5576983983622769,02_ornek,01_opishnyan_ceramics,03_bubnivka_ceramics,2,train,obj_single_8c453a7e8bcb5257,,unreviewed,unreviewed,global_cls__c10__source0p5,motif_texture_weighted_mean__c10__source0p5,texture_weighted_mean,10.0,True,0.42433913384887456,0.5576983983622769,0.010692637147828052,0.0008447205340259199,0.006425110106994616
img_25cfeed84d3a9bba,selection_conditional_full_development_oof_v4,dataset_dev/02_ornek/kt115.jpg,02_ornek,02_ornek,True,0.9796406543535302,02_ornek,05_kosiv_ceramics,03_bubnivka_ceramics,1,train,obj_single_25cfeed84d3a9bba,,unreviewed,unreviewed,global_cls__c10__source0p5,motif_texture_weighted_mean__c10__source0p5,texture_weighted_mean,10.0,True,0.0028748096081438472,0.9796406543535302,0.007441102288867949,0.0014864777271815723,0.008556956022276317
img_7391f0030103aebe,selection_conditional_full_development_oof_v4,dataset_dev/02_ornek/kt116.jpg,02_ornek,02_ornek,True,0.9744838666461778,02_ornek,03_bubnivka_ceramics,05_kosiv_ceramics,3,validation,obj_single_7391f0030103aebe,,unreviewed,unreviewed,global_cls__c10__source0p5,motif_texture_weighted_mean__c10__source0p5,texture_weighted_mean,10.0,True,0.004925921096136079,0.9744838666461778,0.011920036534915815,8.266152719769139e-05,0.008587514195572708
img_7801ce607572275c,selection_conditional_full_development_oof_v4,dataset_dev/02_ornek/kt118.jpg,02_ornek,02_ornek,True,0.9831446087419516,02_ornek,05_kosiv_ceramics,01_opishnyan_ceramics,0,train,obj_single_7801ce607572275c,,unreviewed,unreviewed,global_cls__c10__source0p5,motif_texture_weighted_mean__c10__source0p5,texture_weighted_mean,10.0,True,0.0045723937868296346,0.9831446087419516,0.0010388898224124245,0.0012291781310981218,0.010014929517708429
img_22013e24d1939d3b,selection_conditional_full_development_oof_v4,dataset_dev/02_ornek/kt119.jpg,02_ornek,02_ornek,True,0.9965293539807272,02_ornek,01_opishnyan_ceramics,03_bubnivka_ceramics,3,train,obj_single_22013e24d1939d3b,,unreviewed,unreviewed,global_cls__c10__source0p5,motif_texture_weighted_mean__c10__source0p5,texture_weighted_mean,10.0,True,0.0019933619889555775,0.9965293539807272,0.0008677108609172745,4.131935503070565e-05,0.0005682538143693865
img_32a4d5adc545a6d3,selection_conditional_full_development_oof_v4,dataset_dev/02_ornek/kt120.jpg,02_ornek,02_ornek,True,0.9943680693806516,02_ornek,05_kosiv_ceramics,03_bubnivka_ceramics,2,train,obj_single_32a4d5adc545a6d3,,unreviewed,unreviewed,global_cls__c10__source0p5,motif_texture_weighted_mean__c10__source0p5,texture_weighted_mean,10.0,True,0.0007646913146670284,0.9943680693806516,0.0010271573197475885,0.0008057768704984042,0.0030343051144352943
img_4a68e5a8d933e670,selection_conditional_full_development_oof_v4,dataset_dev/02_ornek/kt123.jpg,02_ornek,02_ornek,True,0.9899042194749642,02_ornek,03_bubnivka_ceramics,05_kosiv_ceramics,4,train,obj_single_4a68e5a8d933e670,,unreviewed,unreviewed,global_cls__c10__source0p5,motif_texture_weighted_mean__c10__source0p5,texture_weighted_mean,10.0,True,0.0011421462256770397,0.9899042194749642,0.0052976478998049345,0.0015145257343308397,0.002141460665222961
img_f63812ec94e10d43,selection_conditional_full_development_oof_v4,dataset_dev/02_ornek/kt124.jpg,02_ornek,02_ornek,True,0.986051531594901,02_ornek,01_opishnyan_ceramics,03_bubnivka_ceramics,4,train,obj_single_f63812ec94e10d43,,unreviewed,unreviewed,global_cls__c10__source0p5,motif_texture_weighted_mean__c10__source0p5,texture_weighted_mean,10.0,True,0.006890505052919179,0.986051531594901,0.0048410555716787386,0.00024292333744168154,0.0019739844430594028
img_847793f7bba24c27,selection_conditional_full_development_oof_v4,dataset_dev/02_ornek/kt126.jpg,02_ornek,02_ornek,True,0.9952386242201546,02_ornek,05_kosiv_ceramics,04_petrykivka_painting,3,train,obj_single_847793f7bba24c27,,unreviewed,unreviewed,global_cls__c10__source0p5,motif_texture_weighted_mean__c10__source0p5,texture_weighted_mean,10.0,True,0.0003197454457784683,0.9952386242201546,0.00011045722265855288,0.000990261319973893,0.003340911791434389
img_26ab75589ea0d31e,selection_conditional_full_development_oof_v4,dataset_dev/02_ornek/kt128.jpg,02_ornek,02_ornek,True,0.9924401657450836,02_ornek,05_kosiv_ceramics,04_petrykivka_painting,1,train,obj_single_26ab75589ea0d31e,,unreviewed,unreviewed,global_cls__c10__source0p5,motif_texture_weighted_mean__c10__source0p5,texture_weighted_mean,10.0,True,6.917443868619284e-05,0.9924401657450836,0.00015574239336650885,0.0014726632771416084,0.0058622541457221955
img_44c67aa0fb7fc689,selection_conditional_full_development_oof_v4,dataset_dev/02_ornek/kt129.JPG,02_ornek,02_ornek,True,0.8846567614621575,02_ornek,03_bubnivka_ceramics,01_opishnyan_ceramics,1,train,obj_single_44c67aa0fb7fc689,,unreviewed,unreviewed,global_cls__c10__source0p5,motif_texture_weighted_mean__c10__source0p5,texture_weighted_mean,10.0,True,0.03639223756349426,0.8846567614621575,0.03801180976215963,0.005918122182461137,0.03502106902972733
img_e203780de80add18,selection_conditional_full_development_oof_v4,dataset_dev/02_ornek/kt131.jpg,02_ornek,02_ornek,True,0.9861257789239996,02_ornek,01_opishnyan_ceramics,04_petrykivka_painting,1,train,obj_single_e203780de80add18,,unreviewed,unreviewed,global_cls__c10__source0p5,motif_texture_weighted_mean__c10__source0p5,texture_weighted_mean,10.0,True,0.008740318661374022,0.9861257789239996,0.002021756338628006,0.0028737391092166936,0.00023840696678179807
img_f8afa3063ae5bea0,selection_conditional_full_development_oof_v4,dataset_dev/02_ornek/kt132.jpg,02_ornek,02_ornek,True,0.9983042274488695,02_ornek,03_bubnivka_ceramics,05_kosiv_ceramics,3,train,obj_single_f8afa3063ae5bea0,,unreviewed,unreviewed,global_cls__c10__source0p5,motif_texture_weighted_mean__c10__source0p5,texture_weighted_mean,10.0,True,0.00025498371404866874,0.9983042274488695,0.0008784718542773519,9.856731662044015e-05,0.00046374966618402934
img_cff0e4a9406cc489,selection_conditional_full_development_oof_v4,dataset_dev/02_ornek/kt140.jpg,02_ornek,02_ornek,True,0.9949116118715117,02_ornek,03_bubnivka_ceramics,01_opishnyan_ceramics,2,train,obj_single_cff0e4a9406cc489,,unreviewed,unreviewed,global_cls__c10__source0p5,motif_texture_weighted_mean__c10__source0p5,texture_weighted_mean,10.0,True,0.00014000957170769607,0.9949116118715117,0.0048182792311690405,3.0611770457960216e-05,9.948755515355586e-05
img_b2c0022103f58310,selection_conditional_full_development_oof_v4,dataset_dev/02_ornek/kt142.jpg,02_ornek,02_ornek,True,0.9847857966849402,02_ornek,05_kosiv_ceramics,01_opishnyan_ceramics,2,train,obj_single_b2c0022103f58310,,unreviewed,unreviewed,global_cls__c10__source0p5,motif_texture_weighted_mean__c10__source0p5,texture_weighted_mean,10.0,True,0.0010619333045719993,0.9847857966849402,0.0008083529722252565,0.00095726856160015,0.012386648476662319
img_10f2202c433f6254,selection_conditional_full_development_oof_v4,dataset_dev/02_ornek/kt143.jpg,02_ornek,02_ornek,True,0.7826823973680489,02_ornek,05_kosiv_ceramics,04_petrykivka_painting,0,train,obj_single_10f2202c433f6254,,unreviewed,unreviewed,global_cls__c10__source0p5,motif_texture_weighted_mean__c10__source0p5,texture_weighted_mean,10.0,True,0.002714095335486719,0.7826823973680489,0.008643219403914583,0.017101359205871733,0.188858928686678
img_12269aadac16fc18,selection_conditional_full_development_oof_v4,dataset_dev/02_ornek/kt145.jpg,02_ornek,02_ornek,True,0.8790891992211444,02_ornek,05_kosiv_ceramics,04_petrykivka_painting,2,train,obj_single_12269aadac16fc18,,unreviewed,unreviewed,global_cls__c10__source0p5,motif_texture_weighted_mean__c10__source0p5,texture_weighted_mean,10.0,True,0.0008918474838309137,0.8790891992211444,0.0016200889079498175,0.0034158859448269645,0.11498297844224808
img_78371529dbe68ccf,selection_conditional_full_development_oof_v4,dataset_dev/02_ornek/kt146.jpg,02_ornek,02_ornek,True,0.994307301664089,02_ornek,05_kosiv_ceramics,03_bubnivka_ceramics,4,validation,obj_single_78371529dbe68ccf,,unreviewed,unreviewed,global_cls__c10__source0p5,motif_texture_weighted_mean__c10__source0p5,texture_weighted_mean,10.0,True,0.0003584755211256588,0.994307301664089,0.00046851713482691314,0.00030176183646535743,0.004563943843493166
img_d88918a0c30b7dfa,selection_conditional_full_development_oof_v4,dataset_dev/02_ornek/kt148.jpg,02_ornek,02_ornek,True,0.9841721618335177,02_ornek,01_opishnyan_ceramics,03_bubnivka_ceramics,0,train,obj_single_d88918a0c30b7dfa,,unreviewed,unreviewed,global_cls__c10__source0p5,motif_texture_weighted_mean__c10__source0p5,texture_weighted_mean,10.0,True,0.014526445708764196,0.9841721618335177,0.0006711169752212162,0.00022992250635496168,0.0004003529761418518
img_833deede1bf90deb,selection_conditional_full_development_oof_v4,dataset_dev/02_ornek/kt149.jpg,02_ornek,02_ornek,True,0.9921580479630078,02_ornek,04_petrykivka_painting,05_kosiv_ceramics,3,validation,obj_single_833deede1bf90deb,,unreviewed,unreviewed,global_cls__c10__source0p5,motif_texture_weighted_mean__c10__source0p5,texture_weighted_mean,10.0,True,0.000298265300075486,0.9921580479630078,1.4279849475264641e-05,0.005818684482466565,0.0017107224049749995
img_833cab8738ff11cd,selection_conditional_full_development_oof_v4,dataset_dev/02_ornek/kt150.JPG,02_ornek,02_ornek,True,0.8181438974315598,02_ornek,01_opishnyan_ceramics,05_kosiv_ceramics,0,validation,obj_single_833cab8738ff11cd,,unreviewed,unreviewed,global_cls__c10__source0p5,motif_texture_weighted_mean__c10__source0p5,texture_weighted_mean,10.0,True,0.15228142797171348,0.8181438974315598,0.0031827315081905685,0.011958912151125219,0.014433030937411067
img_f983c47ae3413a0f,selection_conditional_full_development_oof_v4,dataset_dev/02_ornek/kt153.jpg,02_ornek,02_ornek,True,0.9528243360900782,02_ornek,04_petrykivka_painting,05_kosiv_ceramics,3,train,obj_single_f983c47ae3413a0f,,unreviewed,unreviewed,global_cls__c10__source0p5,motif_texture_weighted_mean__c10__source0p5,texture_weighted_mean,10.0,True,0.0009783360180951647,0.9528243360900782,0.00039230853765551436,0.032541543053111015,0.013263476301060293
img_20228142e283cfc7,selection_conditional_full_development_oof_v4,dataset_dev/02_ornek/kt155.jpg,02_ornek,02_ornek,True,0.9986145948085536,02_ornek,04_petrykivka_painting,05_kosiv_ceramics,0,validation,obj_single_20228142e283cfc7,,unreviewed,unreviewed,global_cls__c10__source0p5,motif_texture_weighted_mean__c10__source0p5,texture_weighted_mean,10.0,True,0.00010565190124746433,0.9986145948085536,2.0966976360517895e-05,0.0008638018305785752,0.00039498448325998853
img_b09bd5d415cf43a5,selection_conditional_full_development_oof_v4,dataset_dev/02_ornek/kt156.jpg,02_ornek,02_ornek,True,0.956580527910788,02_ornek,04_petrykivka_painting,03_bubnivka_ceramics,1,train,obj_single_b09bd5d415cf43a5,,unreviewed,unreviewed,global_cls__c10__source0p5,motif_texture_weighted_mean__c10__source0p5,texture_weighted_mean,10.0,True,0.0016167333002887207,0.956580527910788,0.012793218178250687,0.026436087545437484,0.0025734330652351684
img_020c1150165f29b8,selection_conditional_full_development_oof_v4,dataset_dev/02_ornek/kt157.JPG,02_ornek,02_ornek,True,0.907137922586246,02_ornek,05_kosiv_ceramics,03_bubnivka_ceramics,1,train,obj_single_020c1150165f29b8,,unreviewed,unreviewed,global_cls__c10__source0p5,motif_texture_weighted_mean__c10__source0p5,texture_weighted_mean,10.0,True,0.0009286705932779546,0.907137922586246,0.029842731916243467,0.0018497787386476659,0.06024089616558506
img_0f5959e0c6facdd2,selection_conditional_full_development_oof_v4,dataset_dev/02_ornek/kt160.jpg,02_ornek,02_ornek,True,0.9991786037797703,02_ornek,01_opishnyan_ceramics,03_bubnivka_ceramics,2,train,obj_single_0f5959e0c6facdd2,,unreviewed,unreviewed,global_cls__c10__source0p5,motif_texture_weighted_mean__c10__source0p5,texture_weighted_mean,10.0,True,0.0005619795338625279,0.9991786037797703,0.00015215537558286216,8.391084390726783e-05,2.3350466876933034e-05
img_238cf4955434d4e4,selection_conditional_full_development_oof_v4,dataset_dev/02_ornek/kt161.jpg,02_ornek,02_ornek,True,0.9858646497445082,02_ornek,01_opishnyan_ceramics,04_petrykivka_painting,3,train,obj_single_238cf4955434d4e4,,unreviewed,unreviewed,global_cls__c10__source0p5,motif_texture_weighted_mean__c10__source0p5,texture_weighted_mean,10.0,True,0.00608647869037686,0.9858646497445082,0.0017643600491297508,0.005002696494233697,0.001281815021751567
img_9303c047c1ddaae6,selection_conditional_full_development_oof_v4,dataset_dev/02_ornek/kt162.jpg,02_ornek,02_ornek,True,0.9973307337116251,02_ornek,05_kosiv_ceramics,01_opishnyan_ceramics,2,train,obj_single_9303c047c1ddaae6,,unreviewed,unreviewed,global_cls__c10__source0p5,motif_texture_weighted_mean__c10__source0p5,texture_weighted_mean,10.0,True,0.0012283838157979268,0.9973307337116251,9.499220287772572e-05,4.296836454372502e-05,0.001302921905155612
img_8211b9ef820e408b,selection_conditional_full_development_oof_v4,dataset_dev/02_ornek/kt164.jpg,02_ornek,02_ornek,True,0.9726635950624225,02_ornek,03_bubnivka_ceramics,01_opishnyan_ceramics,0,train,obj_single_8211b9ef820e408b,,unreviewed,unreviewed,global_cls__c10__source0p5,motif_texture_weighted_mean__c10__source0p5,texture_weighted_mean,10.0,True,0.006986583827660712,0.9726635950624225,0.014410221318094503,0.0009091617438293394,0.0050304380479930825
img_9f07269c34a24c16,selection_conditional_full_development_oof_v4,dataset_dev/02_ornek/kt165.jpg,02_ornek,02_ornek,True,0.9817388600391427,02_ornek,03_bubnivka_ceramics,01_opishnyan_ceramics,2,validation,obj_single_9f07269c34a24c16,,unreviewed,unreviewed,global_cls__c10__source0p5,motif_texture_weighted_mean__c10__source0p5,texture_weighted_mean,10.0,True,0.006012505124217034,0.9817388600391427,0.006942468555971441,0.0020920214292457916,0.0032141448514228428
img_46de7fc1e4516b23,selection_conditional_full_development_oof_v4,dataset_dev/02_ornek/kt166.jpg,02_ornek,03_bubnivka_ceramics,False,0.49715068199277346,03_bubnivka_ceramics,02_ornek,01_opishnyan_ceramics,1,validation,obj_single_46de7fc1e4516b23,,unreviewed,unreviewed,global_cls__c10__source0p5,motif_texture_weighted_mean__c10__source0p5,texture_weighted_mean,10.0,True,0.04566740874068191,0.42821396202896644,0.49715068199277346,0.01469071140829096,0.014277235829287272
img_e3e32acdb6a7627b,selection_conditional_full_development_oof_v4,dataset_dev/02_ornek/kt168.jpg,02_ornek,02_ornek,True,0.9392407096816946,02_ornek,01_opishnyan_ceramics,04_petrykivka_painting,3,train,obj_single_e3e32acdb6a7627b,,unreviewed,unreviewed,global_cls__c10__source0p5,motif_texture_weighted_mean__c10__source0p5,texture_weighted_mean,10.0,True,0.03186432515793759,0.9392407096816946,0.003434075087699338,0.014740155777047948,0.010720734295620515
img_a5c930656555c24b,selection_conditional_full_development_oof_v4,dataset_dev/02_ornek/kt169.jpg,02_ornek,02_ornek,True,0.9623404180553186,02_ornek,03_bubnivka_ceramics,05_kosiv_ceramics,0,train,obj_single_a5c930656555c24b,,unreviewed,unreviewed,global_cls__c10__source0p5,motif_texture_weighted_mean__c10__source0p5,texture_weighted_mean,10.0,True,0.0030809856121833488,0.9623404180553186,0.02938546657177517,0.0001426932031829976,0.005050436557539996
img_61422e5203dd2717,selection_conditional_full_development_oof_v4,dataset_dev/02_ornek/kt171.jpg,02_ornek,02_ornek,True,0.9940056815025079,02_ornek,01_opishnyan_ceramics,03_bubnivka_ceramics,0,train,obj_single_61422e5203dd2717,,unreviewed,unreviewed,global_cls__c10__source0p5,motif_texture_weighted_mean__c10__source0p5,texture_weighted_mean,10.0,True,0.0036577056783982024,0.9940056815025079,0.0022539192018417565,2.6897961377784327e-05,5.5795655874519595e-05
img_6da5140f0e8def50,selection_conditional_full_development_oof_v4,dataset_dev/02_ornek/kt172.jpg,02_ornek,02_ornek,True,0.9612417544813108,02_ornek,03_bubnivka_ceramics,01_opishnyan_ceramics,4,train,obj_single_6da5140f0e8def50,,unreviewed,unreviewed,global_cls__c10__source0p5,motif_texture_weighted_mean__c10__source0p5,texture_weighted_mean,10.0,True,0.012664591871760205,0.9612417544813108,0.023192708222551862,0.0005556838227349715,0.002345261601642335
img_f2cb12041a752043,selection_conditional_full_development_oof_v4,dataset_dev/02_ornek/kt174.jpg,02_ornek,02_ornek,True,0.7946052362671918,02_ornek,03_bubnivka_ceramics,01_opishnyan_ceramics,0,train,obj_single_f2cb12041a752043,,unreviewed,unreviewed,global_cls__c10__source0p5,motif_texture_weighted_mean__c10__source0p5,texture_weighted_mean,10.0,True,0.006549073630161118,0.7946052362671918,0.19873671699509535,4.412438356963603e-05,6.484872398222134e-05
img_5c7de826fa789879,selection_conditional_full_development_oof_v4,dataset_dev/02_ornek/kt175.jpg,02_ornek,02_ornek,True,0.9905561735145924,02_ornek,01_opishnyan_ceramics,03_bubnivka_ceramics,1,train,obj_single_5c7de826fa789879,,unreviewed,unreviewed,global_cls__c10__source0p5,motif_texture_weighted_mean__c10__source0p5,texture_weighted_mean,10.0,True,0.007079219293339196,0.9905561735145924,0.0018829667616205286,5.53821733255546e-05,0.00042625825712237905
img_c8adceac0838a889,selection_conditional_full_development_oof_v4,dataset_dev/02_ornek/kt177.jpg,02_ornek,02_ornek,True,0.9515062985288175,02_ornek,05_kosiv_ceramics,01_opishnyan_ceramics,1,train,obj_single_c8adceac0838a889,,unreviewed,unreviewed,global_cls__c10__source0p5,motif_texture_weighted_mean__c10__source0p5,texture_weighted_mean,10.0,True,0.005637653985170475,0.9515062985288175,0.0020279505061903155,0.002767936904939708,0.038060160074881756
img_2fc9f59218d107d1,selection_conditional_full_development_oof_v4,dataset_dev/02_ornek/kt178.jpg,02_ornek,02_ornek,True,0.9965909620542059,02_ornek,04_petrykivka_painting,01_opishnyan_ceramics,0,train,obj_single_2fc9f59218d107d1,,unreviewed,unreviewed,global_cls__c10__source0p5,motif_texture_weighted_mean__c10__source0p5,texture_weighted_mean,10.0,True,0.0010820310043033953,0.9965909620542059,0.00011297971905859059,0.0018090624772656911,0.00040496474516643535
img_e1d43d0ed6655d90,selection_conditional_full_development_oof_v4,dataset_dev/02_ornek/kt179.jpg,02_ornek,02_ornek,True,0.9083787348181154,02_ornek,03_bubnivka_ceramics,01_opishnyan_ceramics,4,train,obj_single_e1d43d0ed6655d90,,unreviewed,unreviewed,global_cls__c10__source0p5,motif_texture_weighted_mean__c10__source0p5,texture_weighted_mean,10.0,True,0.027777162313322636,0.9083787348181154,0.05148238915068435,0.007904850103237172,0.0044568636146404515
img_1909f4f02ff074d8,selection_conditional_full_development_oof_v4,dataset_dev/02_ornek/kt181.jpg,02_ornek,02_ornek,True,0.9955256066124675,02_ornek,01_opishnyan_ceramics,05_kosiv_ceramics,0,train,obj_single_1909f4f02ff074d8,,unreviewed,unreviewed,global_cls__c10__source0p5,motif_texture_weighted_mean__c10__source0p5,texture_weighted_mean,10.0,True,0.0031854548653538887,0.9955256066124675,0.0003152394339243306,0.0001757226991057467,0.0007979763891485605
img_30644491e86e9490,selection_conditional_full_development_oof_v4,dataset_dev/02_ornek/kt182.jpg,02_ornek,02_ornek,True,0.9973117013360959,02_ornek,03_bubnivka_ceramics,05_kosiv_ceramics,4,train,obj_single_30644491e86e9490,,unreviewed,unreviewed,global_cls__c10__source0p5,motif_texture_weighted_mean__c10__source0p5,texture_weighted_mean,10.0,True,5.314503935712103e-05,0.9973117013360959,0.0013900515671976042,0.00046715286969346316,0.000777949187655758
img_c65f2c51276aefc3,selection_conditional_full_development_oof_v4,dataset_dev/02_ornek/kt183.jpg,02_ornek,02_ornek,True,0.9981162785309533,02_ornek,03_bubnivka_ceramics,05_kosiv_ceramics,0,train,obj_single_c65f2c51276aefc3,,unreviewed,unreviewed,global_cls__c10__source0p5,motif_texture_weighted_mean__c10__source0p5,texture_weighted_mean,10.0,True,0.0004276594142422448,0.9981162785309533,0.0006379343712038691,0.00036056031173379227,0.00045756737186664374
img_e9cfc5efecfeacd2,selection_conditional_full_development_oof_v4,dataset_dev/02_ornek/kt185.jpg,02_ornek,02_ornek,True,0.9306796380064781,02_ornek,04_petrykivka_painting,01_opishnyan_ceramics,3,validation,obj_single_e9cfc5efecfeacd2,,unreviewed,unreviewed,global_cls__c10__source0p5,motif_texture_weighted_mean__c10__source0p5,texture_weighted_mean,10.0,True,0.0011070824178018607,0.9306796380064781,0.0002928434666613511,0.06782911315581834,9.132295324052752e-05
img_1a233239493b1c99,selection_conditional_full_development_oof_v4,dataset_dev/02_ornek/kt203.jpg,02_ornek,02_ornek,True,0.9261978738073293,02_ornek,05_kosiv_ceramics,01_opishnyan_ceramics,3,validation,obj_single_1a233239493b1c99,,unreviewed,unreviewed,global_cls__c10__source0p5,motif_texture_weighted_mean__c10__source0p5,texture_weighted_mean,10.0,True,0.0033079700562652324,0.9261978738073293,0.003305578196248739,0.002231186056253915,0.06495739188390286
img_e805b65df0c563eb,selection_conditional_full_development_oof_v4,dataset_dev/02_ornek/kt204.jpg,02_ornek,02_ornek,True,0.9689799897572049,02_ornek,04_petrykivka_painting,05_kosiv_ceramics,0,validation,obj_single_e805b65df0c563eb,,unreviewed,unreviewed,global_cls__c10__source0p5,motif_texture_weighted_mean__c10__source0p5,texture_weighted_mean,10.0,True,0.0008779961176866632,0.9689799897572049,0.004238172696186328,0.016343043442903667,0.009560797986018294
img_397c69a03ed4a1bd,selection_conditional_full_development_oof_v4,dataset_dev/02_ornek/kt205.jpg,02_ornek,02_ornek,True,0.8687894708474052,02_ornek,01_opishnyan_ceramics,05_kosiv_ceramics,2,train,obj_single_397c69a03ed4a1bd,,unreviewed,unreviewed,global_cls__c10__source0p5,motif_texture_weighted_mean__c10__source0p5,texture_weighted_mean,10.0,True,0.1116669048895557,0.8687894708474052,0.0036689254907897894,0.0068107805673456295,0.009063918204903675
img_fe6b3e49914f0918,selection_conditional_full_development_oof_v4,dataset_dev/02_ornek/kt209.jpg,02_ornek,02_ornek,True,0.9189121791634673,02_ornek,01_opishnyan_ceramics,04_petrykivka_painting,3,train,obj_single_fe6b3e49914f0918,,unreviewed,unreviewed,global_cls__c10__source0p5,motif_texture_weighted_mean__c10__source0p5,texture_weighted_mean,10.0,True,0.06364519386949265,0.9189121791634673,0.000630747528863469,0.01621201134268163,0.000599868095494749
img_e61242c1b7b5f31d,selection_conditional_full_development_oof_v4,dataset_dev/02_ornek/kt211.JPG,02_ornek,02_ornek,True,0.9957231417183929,02_ornek,03_bubnivka_ceramics,04_petrykivka_painting,4,validation,obj_single_e61242c1b7b5f31d,,unreviewed,unreviewed,global_cls__c10__source0p5,motif_texture_weighted_mean__c10__source0p5,texture_weighted_mean,10.0,True,0.00044745122048475835,0.9957231417183929,0.002472263120778052,0.0008010036381210215,0.0005561403022231078
img_38b6ff0fad2ab39f,selection_conditional_full_development_oof_v4,dataset_dev/02_ornek/kt212.JPG,02_ornek,02_ornek,True,0.9758968183272981,02_ornek,03_bubnivka_ceramics,01_opishnyan_ceramics,1,train,obj_single_38b6ff0fad2ab39f,,unreviewed,unreviewed,global_cls__c10__source0p5,motif_texture_weighted_mean__c10__source0p5,texture_weighted_mean,10.0,True,0.0024069843749424205,0.9758968183272981,0.017663168880572042,0.0018511932926686746,0.002181835124518918
img_11c200cf25442021,selection_conditional_full_development_oof_v4,dataset_dev/02_ornek/kt214.JPG,02_ornek,02_ornek,True,0.9774016596063977,02_ornek,01_opishnyan_ceramics,04_petrykivka_painting,4,train,obj_single_11c200cf25442021,,unreviewed,unreviewed,global_cls__c10__source0p5,motif_texture_weighted_mean__c10__source0p5,texture_weighted_mean,10.0,True,0.016893256238496877,0.9774016596063977,0.001741463550669158,0.002598498449467261,0.0013651221549690242
img_d6f987737bfc7b75,selection_conditional_full_development_oof_v4,dataset_dev/02_ornek/kt215.jpg,02_ornek,02_ornek,True,0.9547020061181356,02_ornek,04_petrykivka_painting,05_kosiv_ceramics,3,train,obj_single_d6f987737bfc7b75,,unreviewed,unreviewed,global_cls__c10__source0p5,motif_texture_weighted_mean__c10__source0p5,texture_weighted_mean,10.0,True,0.00024833373737573913,0.9547020061181356,0.0006213189755029537,0.029075692899128175,0.015352648269857341
img_54b5034f6ee26314,selection_conditional_full_development_oof_v4,dataset_dev/02_ornek/kt217.JPG,02_ornek,02_ornek,True,0.988774779737717,02_ornek,05_kosiv_ceramics,03_bubnivka_ceramics,1,validation,obj_single_54b5034f6ee26314,,unreviewed,unreviewed,global_cls__c10__source0p5,motif_texture_weighted_mean__c10__source0p5,texture_weighted_mean,10.0,True,0.0011268956183424633,0.988774779737717,0.004468143379732309,0.0008239971922458146,0.004806184071962551
img_de78264718d78149,selection_conditional_full_development_oof_v4,dataset_dev/02_ornek/kt218.JPG,02_ornek,02_ornek,True,0.9979463053082382,02_ornek,01_opishnyan_ceramics,03_bubnivka_ceramics,3,train,obj_single_de78264718d78149,,unreviewed,unreviewed,global_cls__c10__source0p5,motif_texture_weighted_mean__c10__source0p5,texture_weighted_mean,10.0,True,0.0010306491247532804,0.9979463053082382,0.0007414161474790213,0.00022956830246109695,5.206111706854337e-05
img_43785bbbe1f4c0f4,selection_conditional_full_development_oof_v4,dataset_dev/02_ornek/kt219.JPG,02_ornek,02_ornek,True,0.9644300874062152,02_ornek,05_kosiv_ceramics,04_petrykivka_painting,3,train,obj_single_43785bbbe1f4c0f4,,unreviewed,unreviewed,global_cls__c10__source0p5,motif_texture_weighted_mean__c10__source0p5,texture_weighted_mean,10.0,True,0.000566769567450883,0.9644300874062152,0.0034004970706704714,0.008671466723344248,0.022931179232319295
img_b5b5e71e11e007b3,selection_conditional_full_development_oof_v4,dataset_dev/02_ornek/kt220.jpg,02_ornek,02_ornek,True,0.9041413733876152,02_ornek,04_petrykivka_painting,01_opishnyan_ceramics,2,train,obj_single_b5b5e71e11e007b3,,unreviewed,unreviewed,global_cls__c10__source0p5,motif_texture_weighted_mean__c10__source0p5,texture_weighted_mean,10.0,True,0.033582478292426304,0.9041413733876152,3.5859114041056367e-05,0.06212192827864806,0.00011836092726962409
img_ea42815d47048164,selection_conditional_full_development_oof_v4,dataset_dev/02_ornek/kt221.jpg,02_ornek,02_ornek,True,0.9967328554982953,02_ornek,04_petrykivka_painting,05_kosiv_ceramics,3,train,obj_single_ea42815d47048164,,unreviewed,unreviewed,global_cls__c10__source0p5,motif_texture_weighted_mean__c10__source0p5,texture_weighted_mean,10.0,True,0.0005498453540977359,0.9967328554982953,3.173983361331612e-05,0.0016445249478446277,0.0010410343661489926
img_6b3390168b9ba1e8,selection_conditional_full_development_oof_v4,dataset_dev/02_ornek/kt222.JPG,02_ornek,02_ornek,True,0.7159868140583745,02_ornek,03_bubnivka_ceramics,01_opishnyan_ceramics,4,train,obj_single_6b3390168b9ba1e8,,unreviewed,unreviewed,global_cls__c10__source0p5,motif_texture_weighted_mean__c10__source0p5,texture_weighted_mean,10.0,True,0.05904861847700912,0.7159868140583745,0.20005090425268793,0.002143454208621834,0.022770209003306504
img_ded3b829a94e16d8,selection_conditional_full_development_oof_v4,dataset_dev/02_ornek/kt223.JPG,02_ornek,02_ornek,True,0.9921165740477543,02_ornek,01_opishnyan_ceramics,03_bubnivka_ceramics,0,train,obj_single_ded3b829a94e16d8,,unreviewed,unreviewed,global_cls__c10__source0p5,motif_texture_weighted_mean__c10__source0p5,texture_weighted_mean,10.0,True,0.003959664064809952,0.9921165740477543,0.0017108073505827765,0.0014729021129979483,0.0007400524238551116
img_7e4a085f8903beb4,selection_conditional_full_development_oof_v4,dataset_dev/02_ornek/kt226.jpg,02_ornek,02_ornek,True,0.9966194916883988,02_ornek,03_bubnivka_ceramics,04_petrykivka_painting,2,train,obj_single_7e4a085f8903beb4,,unreviewed,unreviewed,global_cls__c10__source0p5,motif_texture_weighted_mean__c10__source0p5,texture_weighted_mean,10.0,True,0.00019663400221289355,0.9966194916883988,0.0024995342498861355,0.0005270797995768415,0.0001572602599254078
img_e43faaacd34b4839,selection_conditional_full_development_oof_v4,dataset_dev/02_ornek/kt228.jpg,02_ornek,02_ornek,True,0.9636883098758768,02_ornek,01_opishnyan_ceramics,04_petrykivka_painting,3,train,obj_single_e43faaacd34b4839,,unreviewed,unreviewed,global_cls__c10__source0p5,motif_texture_weighted_mean__c10__source0p5,texture_weighted_mean,10.0,True,0.017867703803469148,0.9636883098758768,0.004465032715709972,0.010035526535858555,0.003943427069085427
img_48a4679aea15a29d,selection_conditional_full_development_oof_v4,dataset_dev/02_ornek/kt229.jpg,02_ornek,02_ornek,True,0.9757807825092679,02_ornek,05_kosiv_ceramics,04_petrykivka_painting,2,validation,obj_single_48a4679aea15a29d,,unreviewed,unreviewed,global_cls__c10__source0p5,motif_texture_weighted_mean__c10__source0p5,texture_weighted_mean,10.0,True,1.946644707506149e-05,0.9757807825092679,0.00034119354050326134,0.006856766800259248,0.01700179070289462
img_2d12685aa747827d,selection_conditional_full_development_oof_v4,dataset_dev/02_ornek/kt232.jpg,02_ornek,02_ornek,True,0.9852770824532636,02_ornek,05_kosiv_ceramics,04_petrykivka_painting,2,train,obj_single_2d12685aa747827d,,unreviewed,unreviewed,global_cls__c10__source0p5,motif_texture_weighted_mean__c10__source0p5,texture_weighted_mean,10.0,True,4.856306467291349e-05,0.9852770824532636,0.002344322909710366,0.005556993613143887,0.006773037959209237
img_438584cb4dfe7d21,selection_conditional_full_development_oof_v4,dataset_dev/02_ornek/kt234.jpg,02_ornek,02_ornek,True,0.9802403440625864,02_ornek,04_petrykivka_painting,05_kosiv_ceramics,1,train,obj_single_438584cb4dfe7d21,,unreviewed,unreviewed,global_cls__c10__source0p5,motif_texture_weighted_mean__c10__source0p5,texture_weighted_mean,10.0,True,5.5036740816585844e-05,0.9802403440625864,0.0010031038000738626,0.015173897790489804,0.0035276176060333427
img_1cd041b74aef982c,selection_conditional_full_development_oof_v4,dataset_dev/02_ornek/kt236.jpg,02_ornek,02_ornek,True,0.9965383252619452,02_ornek,04_petrykivka_painting,05_kosiv_ceramics,4,train,obj_single_1cd041b74aef982c,,unreviewed,unreviewed,global_cls__c10__source0p5,motif_texture_weighted_mean__c10__source0p5,texture_weighted_mean,10.0,True,6.555974949543714e-05,0.9965383252619452,0.00018891209974426448,0.0025552995038366976,0.0006519033849783849
img_f37d79702ff56a41,selection_conditional_full_development_oof_v4,dataset_dev/02_ornek/kt238.jpg,02_ornek,02_ornek,True,0.9939145656252676,02_ornek,03_bubnivka_ceramics,04_petrykivka_painting,4,train,obj_single_f37d79702ff56a41,,unreviewed,unreviewed,global_cls__c10__source0p5,motif_texture_weighted_mean__c10__source0p5,texture_weighted_mean,10.0,True,9.401134189171031e-05,0.9939145656252676,0.0056675103958961776,0.0002231081281339628,0.00010080450881055043
img_794b4a0ad0e01c9b,selection_conditional_full_development_oof_v4,dataset_dev/02_ornek/kt239.jpg,02_ornek,02_ornek,True,0.9964729561702321,02_ornek,05_kosiv_ceramics,03_bubnivka_ceramics,4,train,obj_single_794b4a0ad0e01c9b,,unreviewed,unreviewed,global_cls__c10__source0p5,motif_texture_weighted_mean__c10__source0p5,texture_weighted_mean,10.0,True,0.0003534354839754536,0.9964729561702321,0.0013355075426074443,0.00030075402688932635,0.0015373467762954606
img_5fec64ca92dc8b2e,selection_conditional_full_development_oof_v4,dataset_dev/02_ornek/kt240.jpg,02_ornek,02_ornek,True,0.988559569875772,02_ornek,04_petrykivka_painting,05_kosiv_ceramics,1,train,obj_single_5fec64ca92dc8b2e,,unreviewed,unreviewed,global_cls__c10__source0p5,motif_texture_weighted_mean__c10__source0p5,texture_weighted_mean,10.0,True,0.00048040451552900737,0.988559569875772,0.0005692486428806214,0.0071669342639071616,0.0032238427019111505
img_9bf00fb20f62911f,selection_conditional_full_development_oof_v4,dataset_dev/02_ornek/kt244.jpg,02_ornek,02_ornek,True,0.9965133524842085,02_ornek,05_kosiv_ceramics,03_bubnivka_ceramics,0,validation,obj_single_9bf00fb20f62911f,,unreviewed,unreviewed,global_cls__c10__source0p5,motif_texture_weighted_mean__c10__source0p5,texture_weighted_mean,10.0,True,6.982086464496277e-05,0.9965133524842085,0.0014328363840332733,0.0002710140542080023,0.0017129762129053413
img_f2bce664ad7718a2,selection_conditional_full_development_oof_v4,dataset_dev/02_ornek/kt246.jpg,02_ornek,02_ornek,True,0.9753341863938209,02_ornek,05_kosiv_ceramics,03_bubnivka_ceramics,0,train,obj_single_f2bce664ad7718a2,,unreviewed,unreviewed,global_cls__c10__source0p5,motif_texture_weighted_mean__c10__source0p5,texture_weighted_mean,10.0,True,0.001788815714881918,0.9753341863938209,0.005171397129397665,0.0035248229255383573,0.01418077783636115
img_8b1e2f99117f4ae1,selection_conditional_full_development_oof_v4,dataset_dev/02_ornek/kt248.jpg,02_ornek,02_ornek,True,0.988396007416335,02_ornek,05_kosiv_ceramics,04_petrykivka_painting,4,train,obj_single_8b1e2f99117f4ae1,,unreviewed,unreviewed,global_cls__c10__source0p5,motif_texture_weighted_mean__c10__source0p5,texture_weighted_mean,10.0,True,2.1148416118840738e-05,0.988396007416335,0.00018456023832947666,0.0007425059665684009,0.010655777962647984
img_90b7a0ec8998b70a,selection_conditional_full_development_oof_v4,dataset_dev/02_ornek/kt249.jpg,02_ornek,02_ornek,True,0.999276239581112,02_ornek,03_bubnivka_ceramics,01_opishnyan_ceramics,1,validation,obj_single_90b7a0ec8998b70a,,unreviewed,unreviewed,global_cls__c10__source0p5,motif_texture_weighted_mean__c10__source0p5,texture_weighted_mean,10.0,True,0.00023409868770573036,0.999276239581112,0.0003305055586147053,5.1749911094488315e-05,0.00010740626147319641
img_815ffb692b09d084,selection_conditional_full_development_oof_v4,dataset_dev/02_ornek/kt250.JPG,02_ornek,02_ornek,True,0.9666831364649878,02_ornek,04_petrykivka_painting,05_kosiv_ceramics,3,validation,obj_single_815ffb692b09d084,,unreviewed,unreviewed,global_cls__c10__source0p5,motif_texture_weighted_mean__c10__source0p5,texture_weighted_mean,10.0,True,0.00020370430075491346,0.9666831364649878,0.00017931751370296156,0.02486521300139899,0.008068628719155391
img_faeb5e3e6118abfb,selection_conditional_full_development_oof_v4,dataset_dev/02_ornek/kt251.jpg,02_ornek,02_ornek,True,0.9908506187121814,02_ornek,03_bubnivka_ceramics,04_petrykivka_painting,4,train,obj_single_faeb5e3e6118abfb,,unreviewed,unreviewed,global_cls__c10__source0p5,motif_texture_weighted_mean__c10__source0p5,texture_weighted_mean,10.0,True,0.0005334897801658748,0.9908506187121814,0.007063472178612266,0.0014657685491515176,8.665077988881173e-05
img_510043a27423f7cb,selection_conditional_full_development_oof_v4,dataset_dev/02_ornek/kt252.jpg,02_ornek,02_ornek,True,0.9996460226614997,02_ornek,04_petrykivka_painting,05_kosiv_ceramics,0,train,obj_single_510043a27423f7cb,,unreviewed,unreviewed,global_cls__c10__source0p5,motif_texture_weighted_mean__c10__source0p5,texture_weighted_mean,10.0,True,7.457737136334875e-06,0.9996460226614997,3.444129907508122e-05,0.0001882426823941889,0.00012383561989472942
img_299f89f647ac3b3f,selection_conditional_full_development_oof_v4,dataset_dev/02_ornek/kt254.jpg,02_ornek,02_ornek,True,0.9994228825084023,02_ornek,03_bubnivka_ceramics,04_petrykivka_painting,1,train,obj_single_299f89f647ac3b3f,,unreviewed,unreviewed,global_cls__c10__source0p5,motif_texture_weighted_mean__c10__source0p5,texture_weighted_mean,10.0,True,8.041822861348688e-05,0.9994228825084023,0.0002548924775356885,0.00014469217383533174,9.711461161319442e-05
img_2f209b67ac531264,selection_conditional_full_development_oof_v4,dataset_dev/02_ornek/kt255.jpg,02_ornek,02_ornek,True,0.9986490805700885,02_ornek,03_bubnivka_ceramics,05_kosiv_ceramics,4,train,obj_single_2f209b67ac531264,,unreviewed,unreviewed,global_cls__c10__source0p5,motif_texture_weighted_mean__c10__source0p5,texture_weighted_mean,10.0,True,0.000195838582686743,0.9986490805700885,0.0007927058855501669,0.00015394378116352143,0.00020843118051119749
img_63fefe7d5c34e09c,selection_conditional_full_development_oof_v4,dataset_dev/02_ornek/kt256.jpg,02_ornek,02_ornek,True,0.9965566225682055,02_ornek,04_petrykivka_painting,05_kosiv_ceramics,1,train,obj_single_63fefe7d5c34e09c,,unreviewed,unreviewed,global_cls__c10__source0p5,motif_texture_weighted_mean__c10__source0p5,texture_weighted_mean,10.0,True,9.045167351988458e-05,0.9965566225682055,0.0005762701794389884,0.0016203955016287944,0.0011562600772066453
img_cb5f99c4a8cf58d3,selection_conditional_full_development_oof_v4,dataset_dev/02_ornek/kt257.jpg,02_ornek,02_ornek,True,0.8923820490836294,02_ornek,04_petrykivka_painting,05_kosiv_ceramics,0,train,obj_single_cb5f99c4a8cf58d3,,unreviewed,unreviewed,global_cls__c10__source0p5,motif_texture_weighted_mean__c10__source0p5,texture_weighted_mean,10.0,True,0.0093460231592392,0.8923820490836294,0.012234449918221401,0.059187237040511764,0.02685024079839801
img_993f4c2051ba7cfa,selection_conditional_full_development_oof_v4,dataset_dev/02_ornek/kt259.jpg,02_ornek,02_ornek,True,0.8898369091728437,02_ornek,05_kosiv_ceramics,01_opishnyan_ceramics,0,validation,obj_single_993f4c2051ba7cfa,,unreviewed,unreviewed,global_cls__c10__source0p5,motif_texture_weighted_mean__c10__source0p5,texture_weighted_mean,10.0,True,0.010153804008889194,0.8898369091728437,0.002935597343662687,0.003592340826623698,0.09348134864798069
img_f9f14d9fea8bf3d2,selection_conditional_full_development_oof_v4,dataset_dev/02_ornek/kt261.jpg,02_ornek,02_ornek,True,0.9627628683274239,02_ornek,04_petrykivka_painting,03_bubnivka_ceramics,4,train,obj_single_f9f14d9fea8bf3d2,,unreviewed,unreviewed,global_cls__c10__source0p5,motif_texture_weighted_mean__c10__source0p5,texture_weighted_mean,10.0,True,0.0006332169807599733,0.9627628683274239,0.006888385229774764,0.02613590971435193,0.003579619747689539
img_e919edefdf83f01a,selection_conditional_full_development_oof_v4,dataset_dev/02_ornek/kt263.JPG,02_ornek,02_ornek,True,0.9934118999324376,02_ornek,04_petrykivka_painting,05_kosiv_ceramics,2,validation,obj_single_e919edefdf83f01a,,unreviewed,unreviewed,global_cls__c10__source0p5,motif_texture_weighted_mean__c10__source0p5,texture_weighted_mean,10.0,True,0.0011630741808806276,0.9934118999324376,0.000705388862460326,0.0034305474148713555,0.0012890896093500906
img_bcb3ee509f03e05a,selection_conditional_full_development_oof_v4,dataset_dev/02_ornek/kt264.jpg,02_ornek,02_ornek,True,0.9568341898238776,02_ornek,04_petrykivka_painting,05_kosiv_ceramics,2,train,obj_single_bcb3ee509f03e05a,,unreviewed,unreviewed,global_cls__c10__source0p5,motif_texture_weighted_mean__c10__source0p5,texture_weighted_mean,10.0,True,0.0001456833050300816,0.9568341898238776,0.00020384001844336215,0.02610029823225038,0.016715988620398553
img_0c3caa4d2a12b406,selection_conditional_full_development_oof_v4,dataset_dev/02_ornek/kt265.jpg,02_ornek,02_ornek,True,0.9977040837783453,02_ornek,04_petrykivka_painting,05_kosiv_ceramics,4,train,obj_single_0c3caa4d2a12b406,,unreviewed,unreviewed,global_cls__c10__source0p5,motif_texture_weighted_mean__c10__source0p5,texture_weighted_mean,10.0,True,0.00015053981388392078,0.9977040837783453,1.953919941513872e-05,0.001707827539326235,0.0004180096690295565
img_ac9a21da78693913,selection_conditional_full_development_oof_v4,dataset_dev/02_ornek/kt266.jpg,02_ornek,02_ornek,True,0.9981119279945748,02_ornek,04_petrykivka_painting,05_kosiv_ceramics,3,train,obj_single_ac9a21da78693913,,unreviewed,unreviewed,global_cls__c10__source0p5,motif_texture_weighted_mean__c10__source0p5,texture_weighted_mean,10.0,True,0.0003016307813811765,0.9981119279945748,0.00011315726832548487,0.0010314031229599065,0.0004418808327585154
img_6c30f0bf7d03c33c,selection_conditional_full_development_oof_v4,dataset_dev/02_ornek/kt269.jpg,02_ornek,02_ornek,True,0.7440980172460138,02_ornek,04_petrykivka_painting,05_kosiv_ceramics,4,validation,obj_single_6c30f0bf7d03c33c,,unreviewed,unreviewed,global_cls__c10__source0p5,motif_texture_weighted_mean__c10__source0p5,texture_weighted_mean,10.0,True,0.003023095539716739,0.7440980172460138,0.001518545525954596,0.2212791614885329,0.030081180199781968
img_5ba8a01e92eaf50e,selection_conditional_full_development_oof_v4,dataset_dev/02_ornek/kt270.jpg,02_ornek,02_ornek,True,0.7217037796316905,02_ornek,05_kosiv_ceramics,01_opishnyan_ceramics,3,train,obj_single_5ba8a01e92eaf50e,,unreviewed,unreviewed,global_cls__c10__source0p5,motif_texture_weighted_mean__c10__source0p5,texture_weighted_mean,10.0,True,0.03910102134806987,0.7217037796316905,0.024823716400023742,0.022112127681120787,0.19225935493909493
img_bcc385c36b86f79a,selection_conditional_full_development_oof_v4,dataset_dev/02_ornek/kt271.jpg,02_ornek,02_ornek,True,0.9819590231123354,02_ornek,04_petrykivka_painting,01_opishnyan_ceramics,2,train,obj_single_bcc385c36b86f79a,,unreviewed,unreviewed,global_cls__c10__source0p5,motif_texture_weighted_mean__c10__source0p5,texture_weighted_mean,10.0,True,0.005892933910186701,0.9819590231123354,0.0006398323726266256,0.00656472657941558,0.0049434840254355674
img_744d6a14cf8aa451,selection_conditional_full_development_oof_v4,dataset_dev/02_ornek/kt274.jpg,02_ornek,02_ornek,True,0.8600226364571408,02_ornek,01_opishnyan_ceramics,03_bubnivka_ceramics,1,train,obj_single_744d6a14cf8aa451,,unreviewed,unreviewed,global_cls__c10__source0p5,motif_texture_weighted_mean__c10__source0p5,texture_weighted_mean,10.0,True,0.12029318425451448,0.8600226364571408,0.008499015255956675,0.00827379620723088,0.002911367825157148
img_8dcbcfd4e6783617,selection_conditional_full_development_oof_v4,dataset_dev/02_ornek/kt275.jpg,02_ornek,02_ornek,True,0.9909729982626955,02_ornek,05_kosiv_ceramics,04_petrykivka_painting,2,train,obj_single_8dcbcfd4e6783617,,unreviewed,unreviewed,global_cls__c10__source0p5,motif_texture_weighted_mean__c10__source0p5,texture_weighted_mean,10.0,True,6.819762129049569e-05,0.9909729982626955,0.000303687110915618,0.0017979888728246161,0.006857128132273601
img_985b78d77115604e,selection_conditional_full_development_oof_v4,dataset_dev/02_ornek/kt276.jpg,02_ornek,02_ornek,True,0.9942379513800796,02_ornek,05_kosiv_ceramics,04_petrykivka_painting,2,train,obj_single_985b78d77115604e,,unreviewed,unreviewed,global_cls__c10__source0p5,motif_texture_weighted_mean__c10__source0p5,texture_weighted_mean,10.0,True,0.000508604665140736,0.9942379513800796,0.00020495964019858422,0.0011716922986270565,0.003876792015953967
img_bb5bb1ba6e46c28e,selection_conditional_full_development_oof_v4,dataset_dev/02_ornek/kt277.jpg,02_ornek,02_ornek,True,0.9714853168936498,02_ornek,05_kosiv_ceramics,04_petrykivka_painting,0,validation,obj_single_bb5bb1ba6e46c28e,,unreviewed,unreviewed,global_cls__c10__source0p5,motif_texture_weighted_mean__c10__source0p5,texture_weighted_mean,10.0,True,0.001474032530288948,0.9714853168936498,0.0004177210286315564,0.0030765914192644023,0.023546338128165253
img_a84f9e7c77aa18e9,selection_conditional_full_development_oof_v4,dataset_dev/02_ornek/kt278.jpg,02_ornek,02_ornek,True,0.9313951756239356,02_ornek,04_petrykivka_painting,03_bubnivka_ceramics,2,train,obj_single_a84f9e7c77aa18e9,,unreviewed,unreviewed,global_cls__c10__source0p5,motif_texture_weighted_mean__c10__source0p5,texture_weighted_mean,10.0,True,0.007595330258718098,0.9313951756239356,0.0173755381984529,0.04291225179656867,0.0007217041223248596
img_714afc20d0a3b2f2,selection_conditional_full_development_oof_v4,dataset_dev/02_ornek/kt280.jpg,02_ornek,02_ornek,True,0.9784829708559751,02_ornek,05_kosiv_ceramics,03_bubnivka_ceramics,4,train,obj_single_714afc20d0a3b2f2,,unreviewed,unreviewed,global_cls__c10__source0p5,motif_texture_weighted_mean__c10__source0p5,texture_weighted_mean,10.0,True,0.00027470304879770633,0.9784829708559751,0.0012838676412645384,0.0011974757290554856,0.018760982724907168
img_13847a7374b5811a,selection_conditional_full_development_oof_v4,dataset_dev/02_ornek/kt281.jpg,02_ornek,02_ornek,True,0.9916534711689732,02_ornek,05_kosiv_ceramics,03_bubnivka_ceramics,1,train,obj_single_13847a7374b5811a,,unreviewed,unreviewed,global_cls__c10__source0p5,motif_texture_weighted_mean__c10__source0p5,texture_weighted_mean,10.0,True,0.0003334450591994834,0.9916534711689732,0.0021184240429034536,0.00023833310296497533,0.005656326625958964
img_5c55acb98b4d3770,selection_conditional_full_development_oof_v4,dataset_dev/02_ornek/kt282.jpg,02_ornek,02_ornek,True,0.9506239692341497,02_ornek,03_bubnivka_ceramics,04_petrykivka_painting,4,train,obj_single_5c55acb98b4d3770,,unreviewed,unreviewed,global_cls__c10__source0p5,motif_texture_weighted_mean__c10__source0p5,texture_weighted_mean,10.0,True,0.0024921271410353356,0.9506239692341497,0.027183967536666763,0.019045439337868366,0.0006544967502799182
img_1eb629e9a7b4a54f,selection_conditional_full_development_oof_v4,dataset_dev/02_ornek/kt283.JPG,02_ornek,02_ornek,True,0.9924116081163852,02_ornek,01_opishnyan_ceramics,04_petrykivka_painting,0,train,obj_single_1eb629e9a7b4a54f,,unreviewed,unreviewed,global_cls__c10__source0p5,motif_texture_weighted_mean__c10__source0p5,texture_weighted_mean,10.0,True,0.003636096019751342,0.9924116081163852,0.00028121072106654214,0.002577958905737566,0.0010931262370591612
img_b7ad04cc895f5813,selection_conditional_full_development_oof_v4,dataset_dev/02_ornek/kt285.jpg,02_ornek,02_ornek,True,0.9940992954650133,02_ornek,01_opishnyan_ceramics,05_kosiv_ceramics,3,validation,obj_single_b7ad04cc895f5813,,unreviewed,unreviewed,global_cls__c10__source0p5,motif_texture_weighted_mean__c10__source0p5,texture_weighted_mean,10.0,True,0.00329040784936946,0.9940992954650133,0.0006195612159872848,0.0005176075837793509,0.001473127885850529
img_6fc462e576a5703e,selection_conditional_full_development_oof_v4,dataset_dev/02_ornek/kt287.JPG,02_ornek,02_ornek,True,0.835789044779471,02_ornek,04_petrykivka_painting,05_kosiv_ceramics,1,train,obj_single_6fc462e576a5703e,,unreviewed,unreviewed,global_cls__c10__source0p5,motif_texture_weighted_mean__c10__source0p5,texture_weighted_mean,10.0,True,0.011599216210574224,0.835789044779471,0.009064641643299941,0.11319393653245126,0.030353160834203446
img_d1205a51d6451832,selection_conditional_full_development_oof_v4,dataset_dev/02_ornek/kt289.jpg,02_ornek,02_ornek,True,0.9748801366743682,02_ornek,05_kosiv_ceramics,04_petrykivka_painting,0,train,obj_single_d1205a51d6451832,,unreviewed,unreviewed,global_cls__c10__source0p5,motif_texture_weighted_mean__c10__source0p5,texture_weighted_mean,10.0,True,0.00025351838919825966,0.9748801366743682,0.00019308492306837572,0.00037347181100742593,0.02429978820235747
img_0c055397f3ef7bfe,selection_conditional_full_development_oof_v4,dataset_dev/02_ornek/kt290.jpg,02_ornek,02_ornek,True,0.9819008005489479,02_ornek,04_petrykivka_painting,05_kosiv_ceramics,1,train,obj_single_0c055397f3ef7bfe,,unreviewed,unreviewed,global_cls__c10__source0p5,motif_texture_weighted_mean__c10__source0p5,texture_weighted_mean,10.0,True,0.0007278247675443957,0.9819008005489479,0.0006461724744338568,0.01583607929370357,0.000889122915370358
img_0fac5736468af3a0,selection_conditional_full_development_oof_v4,dataset_dev/02_ornek/kt293.jpg,02_ornek,02_ornek,True,0.9965138590423608,02_ornek,03_bubnivka_ceramics,05_kosiv_ceramics,4,validation,semgrp_82bcee8a4acb4c8e,,unreviewed,unreviewed,global_cls__c10__source0p5,motif_texture_weighted_mean__c10__source0p5,texture_weighted_mean,10.0,True,0.00028205669584170873,0.9965138590423608,0.0015701386500331749,0.0006225587210099843,0.0010113868907543075
img_8bf279a9dba415f7,selection_conditional_full_development_oof_v4,dataset_dev/02_ornek/kt295.jpg,02_ornek,02_ornek,True,0.9975678075484457,02_ornek,05_kosiv_ceramics,03_bubnivka_ceramics,4,validation,semgrp_82bcee8a4acb4c8e,,unreviewed,unreviewed,global_cls__c10__source0p5,motif_texture_weighted_mean__c10__source0p5,texture_weighted_mean,10.0,True,0.0002918477119578425,0.9975678075484457,0.0004189700669183421,0.00040574284765323575,0.0013156318250248692
img_80c84f01a32b10ca,selection_conditional_full_development_oof_v4,dataset_dev/02_ornek/kt296.jpg,02_ornek,02_ornek,True,0.9975302216739352,02_ornek,04_petrykivka_painting,03_bubnivka_ceramics,2,validation,obj_single_80c84f01a32b10ca,,unreviewed,unreviewed,global_cls__c10__source0p5,motif_texture_weighted_mean__c10__source0p5,texture_weighted_mean,10.0,True,4.6120062850314484e-05,0.9975302216739352,0.0008549931884396468,0.0009171384081940343,0.0006515266665806449
img_9716a5112d12514a,selection_conditional_full_development_oof_v4,dataset_dev/02_ornek/kt300.jpg,02_ornek,02_ornek,True,0.9929230802217385,02_ornek,04_petrykivka_painting,05_kosiv_ceramics,4,train,obj_single_9716a5112d12514a,,unreviewed,unreviewed,global_cls__c10__source0p5,motif_texture_weighted_mean__c10__source0p5,texture_weighted_mean,10.0,True,0.0002309779204394137,0.9929230802217385,0.0005162857351180518,0.005111484953963011,0.0012181711687409861
img_ff9db4e87afc207a,selection_conditional_full_development_oof_v4,dataset_dev/02_ornek/kt302.jpg,02_ornek,02_ornek,True,0.9953265148956221,02_ornek,03_bubnivka_ceramics,01_opishnyan_ceramics,2,train,obj_single_ff9db4e87afc207a,,unreviewed,unreviewed,global_cls__c10__source0p5,motif_texture_weighted_mean__c10__source0p5,texture_weighted_mean,10.0,True,0.001073504429904393,0.9953265148956221,0.002624185893702074,0.00036002372406565233,0.0006157710567058397
img_acbee5623f5d8444,selection_conditional_full_development_oof_v4,dataset_dev/02_ornek/kt303.jpg,02_ornek,02_ornek,True,0.9971487254857337,02_ornek,05_kosiv_ceramics,03_bubnivka_ceramics,0,train,obj_single_acbee5623f5d8444,,unreviewed,unreviewed,global_cls__c10__source0p5,motif_texture_weighted_mean__c10__source0p5,texture_weighted_mean,10.0,True,9.26081989565527e-05,0.9971487254857337,0.0003040835819031229,2.306729995738033e-05,0.002431515433449254
img_6fb696b140c01f26,selection_conditional_full_development_oof_v4,dataset_dev/02_ornek/kt304.jpg,02_ornek,02_ornek,True,0.9951189415785335,02_ornek,01_opishnyan_ceramics,05_kosiv_ceramics,0,validation,obj_single_6fb696b140c01f26,,unreviewed,unreviewed,global_cls__c10__source0p5,motif_texture_weighted_mean__c10__source0p5,texture_weighted_mean,10.0,True,0.002395779198480031,0.9951189415785335,0.001001119213362211,0.00019195389611561644,0.001292206113508415
img_183c806bd8f55192,selection_conditional_full_development_oof_v4,dataset_dev/02_ornek/kt306.jpg,02_ornek,02_ornek,True,0.9974251169016504,02_ornek,03_bubnivka_ceramics,05_kosiv_ceramics,4,train,obj_single_183c806bd8f55192,,unreviewed,unreviewed,global_cls__c10__source0p5,motif_texture_weighted_mean__c10__source0p5,texture_weighted_mean,10.0,True,0.00013617654871582815,0.9974251169016504,0.001443962649136454,0.0001280900543099775,0.000866653846187655
img_1a234e1bedc1b2ec,selection_conditional_full_development_oof_v4,dataset_dev/02_ornek/kt308.jpg,02_ornek,02_ornek,True,0.9992641692190708,02_ornek,01_opishnyan_ceramics,03_bubnivka_ceramics,2,train,obj_single_1a234e1bedc1b2ec,,unreviewed,unreviewed,global_cls__c10__source0p5,motif_texture_weighted_mean__c10__source0p5,texture_weighted_mean,10.0,True,0.00042513311172298927,0.9992641692190708,0.00013198174860008967,0.00012027404654213685,5.8441874064109094e-05
img_c8e81536833c4d07,selection_conditional_full_development_oof_v4,dataset_dev/02_ornek/kt309.jpg,02_ornek,02_ornek,True,0.9955050763986989,02_ornek,01_opishnyan_ceramics,04_petrykivka_painting,0,validation,obj_single_c8e81536833c4d07,,unreviewed,unreviewed,global_cls__c10__source0p5,motif_texture_weighted_mean__c10__source0p5,texture_weighted_mean,10.0,True,0.0032257400040269337,0.9955050763986989,0.0003235054681053824,0.0006653644140814896,0.0002803137150872646
img_898f2a911c8162a2,selection_conditional_full_development_oof_v4,dataset_dev/02_ornek/kt310.JPG,02_ornek,02_ornek,True,0.9978616039369728,02_ornek,05_kosiv_ceramics,03_bubnivka_ceramics,3,train,obj_single_898f2a911c8162a2,,unreviewed,unreviewed,global_cls__c10__source0p5,motif_texture_weighted_mean__c10__source0p5,texture_weighted_mean,10.0,True,0.0003073109861313371,0.9978616039369728,0.0005246942296029941,0.0004196110392157718,0.0008867798080772295
img_740be47e45aaed28,selection_conditional_full_development_oof_v4,dataset_dev/02_ornek/kt313.JPG,02_ornek,02_ornek,True,0.8407222140598632,02_ornek,05_kosiv_ceramics,04_petrykivka_painting,4,train,obj_single_740be47e45aaed28,,unreviewed,unreviewed,global_cls__c10__source0p5,motif_texture_weighted_mean__c10__source0p5,texture_weighted_mean,10.0,True,0.00030507387684623104,0.8407222140598632,0.00041797442697846316,0.06631199406512645,0.09224274357118557
img_76beacf98c0da1c9,selection_conditional_full_development_oof_v4,dataset_dev/02_ornek/kt316.JPG,02_ornek,02_ornek,True,0.9987736779953711,02_ornek,01_opishnyan_ceramics,04_petrykivka_painting,1,train,obj_single_76beacf98c0da1c9,,unreviewed,unreviewed,global_cls__c10__source0p5,motif_texture_weighted_mean__c10__source0p5,texture_weighted_mean,10.0,True,0.0005114590912141097,0.9987736779953711,0.00011455465037967868,0.0003424379659169537,0.0002578702971181098
img_78b16968e874fa75,selection_conditional_full_development_oof_v4,dataset_dev/02_ornek/kt317.jpg,02_ornek,02_ornek,True,0.9997113094912496,02_ornek,04_petrykivka_painting,05_kosiv_ceramics,2,train,obj_single_78b16968e874fa75,,unreviewed,unreviewed,global_cls__c10__source0p5,motif_texture_weighted_mean__c10__source0p5,texture_weighted_mean,10.0,True,2.2363530259910538e-05,0.9997113094912496,2.3866929659937328e-05,0.00015004578299328042,9.241426583730009e-05
img_3ee3316a8f3431dd,selection_conditional_full_development_oof_v4,dataset_dev/02_ornek/kt320.jpg,02_ornek,02_ornek,True,0.9484576307048062,02_ornek,05_kosiv_ceramics,03_bubnivka_ceramics,1,train,obj_single_3ee3316a8f3431dd,,unreviewed,unreviewed,global_cls__c10__source0p5,motif_texture_weighted_mean__c10__source0p5,texture_weighted_mean,10.0,True,0.006958157291996678,0.9484576307048062,0.017190847369082874,0.007128687939125728,0.020264676694988434
img_026ea0c2798b2e8f,selection_conditional_full_development_oof_v4,dataset_dev/02_ornek/kt321.jpg,02_ornek,02_ornek,True,0.9915639628098458,02_ornek,04_petrykivka_painting,05_kosiv_ceramics,1,train,obj_single_026ea0c2798b2e8f,,unreviewed,unreviewed,global_cls__c10__source0p5,motif_texture_weighted_mean__c10__source0p5,texture_weighted_mean,10.0,True,0.00109274511262162,0.9915639628098458,0.0002716393412642213,0.004434181965064366,0.0026374707712040995
img_cbb233be6dd36e04,selection_conditional_full_development_oof_v4,dataset_dev/02_ornek/kt322.jpg,02_ornek,02_ornek,True,0.9814919467766411,02_ornek,04_petrykivka_painting,05_kosiv_ceramics,2,train,obj_single_cbb233be6dd36e04,,unreviewed,unreviewed,global_cls__c10__source0p5,motif_texture_weighted_mean__c10__source0p5,texture_weighted_mean,10.0,True,0.0005286725787692899,0.9814919467766411,0.00010711824890305364,0.015389729610012453,0.002482532785674096
img_7d42fa3107f70f92,selection_conditional_full_development_oof_v4,dataset_dev/02_ornek/kt323.jpg,02_ornek,02_ornek,True,0.9950724640704814,02_ornek,01_opishnyan_ceramics,03_bubnivka_ceramics,4,train,obj_single_7d42fa3107f70f92,,unreviewed,unreviewed,global_cls__c10__source0p5,motif_texture_weighted_mean__c10__source0p5,texture_weighted_mean,10.0,True,0.004039548882394337,0.9950724640704814,0.0004982163591922599,0.00012024512608140587,0.00026952556185056006
img_41d048172f59a3e3,selection_conditional_full_development_oof_v4,dataset_dev/02_ornek/kt325.jpg,02_ornek,02_ornek,True,0.9841564321438622,02_ornek,01_opishnyan_ceramics,05_kosiv_ceramics,4,train,obj_single_41d048172f59a3e3,,unreviewed,unreviewed,global_cls__c10__source0p5,motif_texture_weighted_mean__c10__source0p5,texture_weighted_mean,10.0,True,0.00922918707921011,0.9841564321438622,0.0010292590589475947,0.0018146279987483836,0.0037704937192318535
img_38bab83654158a82,selection_conditional_full_development_oof_v4,dataset_dev/02_ornek/kt328.jpg,02_ornek,02_ornek,True,0.9981485946931459,02_ornek,05_kosiv_ceramics,03_bubnivka_ceramics,1,train,obj_single_38bab83654158a82,,unreviewed,unreviewed,global_cls__c10__source0p5,motif_texture_weighted_mean__c10__source0p5,texture_weighted_mean,10.0,True,2.6850956411612968e-05,0.9981485946931459,0.0006350483565042479,0.0005326571612141788,0.0006568488327240333
img_fdc9dd436fdb0168,selection_conditional_full_development_oof_v4,dataset_dev/02_ornek/kt329.jpg,02_ornek,02_ornek,True,0.9993611584699723,02_ornek,04_petrykivka_painting,05_kosiv_ceramics,0,train,obj_single_fdc9dd436fdb0168,,unreviewed,unreviewed,global_cls__c10__source0p5,motif_texture_weighted_mean__c10__source0p5,texture_weighted_mean,10.0,True,2.9002166704409772e-05,0.9993611584699723,7.910651376078252e-05,0.0003086000475535588,0.00022213280200912146
img_c17c96385e4a6e51,selection_conditional_full_development_oof_v4,dataset_dev/02_ornek/kt332.jpg,02_ornek,02_ornek,True,0.997295871275148,02_ornek,04_petrykivka_painting,05_kosiv_ceramics,1,train,obj_single_c17c96385e4a6e51,,unreviewed,unreviewed,global_cls__c10__source0p5,motif_texture_weighted_mean__c10__source0p5,texture_weighted_mean,10.0,True,6.0344268976244506e-05,0.997295871275148,0.00024435673044651874,0.0019212462034579748,0.0004781815219712639
img_933575053f83acb0,selection_conditional_full_development_oof_v4,dataset_dev/02_ornek/kt333.jpg,02_ornek,02_ornek,True,0.9432061036248685,02_ornek,04_petrykivka_painting,05_kosiv_ceramics,4,train,obj_single_933575053f83acb0,,unreviewed,unreviewed,global_cls__c10__source0p5,motif_texture_weighted_mean__c10__source0p5,texture_weighted_mean,10.0,True,0.00014767120297010385,0.9432061036248685,0.0014964456798784353,0.03914774020203693,0.016002039290246097
img_f7d00607df2cbdd7,selection_conditional_full_development_oof_v4,dataset_dev/02_ornek/kt334.jpg,02_ornek,02_ornek,True,0.9959793578216497,02_ornek,05_kosiv_ceramics,01_opishnyan_ceramics,4,train,obj_single_f7d00607df2cbdd7,,unreviewed,unreviewed,global_cls__c10__source0p5,motif_texture_weighted_mean__c10__source0p5,texture_weighted_mean,10.0,True,0.0005052356926473925,0.9959793578216497,0.00041722933587152794,7.015829939072455e-05,0.003028018850440798
img_b9aeba5193b65817,selection_conditional_full_development_oof_v4,dataset_dev/02_ornek/kt335.jpg,02_ornek,02_ornek,True,0.9873405803983576,02_ornek,04_petrykivka_painting,03_bubnivka_ceramics,1,train,obj_single_b9aeba5193b65817,,unreviewed,unreviewed,global_cls__c10__source0p5,motif_texture_weighted_mean__c10__source0p5,texture_weighted_mean,10.0,True,0.0008290190589787304,0.9873405803983576,0.002025846085943444,0.008045122775194221,0.001759431681526074
img_2d1e3530d1d3d6aa,selection_conditional_full_development_oof_v4,dataset_dev/02_ornek/kt336.jpg,02_ornek,02_ornek,True,0.99808541434036,02_ornek,01_opishnyan_ceramics,04_petrykivka_painting,0,train,obj_single_2d1e3530d1d3d6aa,,unreviewed,unreviewed,global_cls__c10__source0p5,motif_texture_weighted_mean__c10__source0p5,texture_weighted_mean,10.0,True,0.0010390978746199785,0.99808541434036,6.894952959060819e-05,0.0007215939041732334,8.494435125609412e-05
img_8508c11c30f086c1,selection_conditional_full_development_oof_v4,dataset_dev/02_ornek/kt337.jpg,02_ornek,02_ornek,True,0.9668458470836323,02_ornek,05_kosiv_ceramics,04_petrykivka_painting,3,validation,obj_single_8508c11c30f086c1,,unreviewed,unreviewed,global_cls__c10__source0p5,motif_texture_weighted_mean__c10__source0p5,texture_weighted_mean,10.0,True,0.0008911344638310677,0.9668458470836323,0.001050181965713526,0.0021592352372581925,0.029053601249564753
img_f1932412c0efffe5,selection_conditional_full_development_oof_v4,dataset_dev/02_ornek/kt339.jpg,02_ornek,02_ornek,True,0.9864488317456828,02_ornek,04_petrykivka_painting,01_opishnyan_ceramics,3,train,obj_single_f1932412c0efffe5,,unreviewed,unreviewed,global_cls__c10__source0p5,motif_texture_weighted_mean__c10__source0p5,texture_weighted_mean,10.0,True,0.004283010402288238,0.9864488317456828,0.00016576568890832598,0.006412891032185182,0.0026895011309354894
img_d64ed2b6b21bd4ea,selection_conditional_full_development_oof_v4,dataset_dev/02_ornek/kt341.jpg,02_ornek,02_ornek,True,0.9995873216182695,02_ornek,03_bubnivka_ceramics,05_kosiv_ceramics,4,train,obj_single_d64ed2b6b21bd4ea,,unreviewed,unreviewed,global_cls__c10__source0p5,motif_texture_weighted_mean__c10__source0p5,texture_weighted_mean,10.0,True,5.078381317088903e-05,0.9995873216182695,0.00014572414229597908,7.985923540778262e-05,0.00013631119085576765
img_355118940c03fec8,selection_conditional_full_development_oof_v4,dataset_dev/02_ornek/kt342.jpg,02_ornek,02_ornek,True,0.9934166024689355,02_ornek,05_kosiv_ceramics,03_bubnivka_ceramics,2,train,obj_single_355118940c03fec8,,unreviewed,unreviewed,global_cls__c10__source0p5,motif_texture_weighted_mean__c10__source0p5,texture_weighted_mean,10.0,True,0.00016413921072430302,0.9934166024689355,0.0001939553540167942,0.00018453669080434413,0.006040766275519202
img_9e74ef6fb02f4066,selection_conditional_full_development_oof_v4,dataset_dev/02_ornek/kt343.jpg,02_ornek,02_ornek,True,0.9998463081428237,02_ornek,01_opishnyan_ceramics,04_petrykivka_painting,2,train,obj_single_9e74ef6fb02f4066,,unreviewed,unreviewed,global_cls__c10__source0p5,motif_texture_weighted_mean__c10__source0p5,texture_weighted_mean,10.0,True,5.5739448513647035e-05,0.9998463081428237,2.2947787468730423e-05,5.0447112071231195e-05,2.455750912264385e-05
img_dcb17923cb1e79a7,selection_conditional_full_development_oof_v4,dataset_dev/02_ornek/kt344.jpg,02_ornek,02_ornek,True,0.9888125704049294,02_ornek,03_bubnivka_ceramics,05_kosiv_ceramics,1,train,obj_single_dcb17923cb1e79a7,,unreviewed,unreviewed,global_cls__c10__source0p5,motif_texture_weighted_mean__c10__source0p5,texture_weighted_mean,10.0,True,0.0026120616752451273,0.9888125704049294,0.004163078145937335,0.0008185649835312192,0.00359372479035703
img_a4ba030c66002ab0,selection_conditional_full_development_oof_v4,dataset_dev/02_ornek/kt345.jpg,02_ornek,02_ornek,True,0.9965203692874942,02_ornek,03_bubnivka_ceramics,05_kosiv_ceramics,1,train,obj_single_a4ba030c66002ab0,,unreviewed,unreviewed,global_cls__c10__source0p5,motif_texture_weighted_mean__c10__source0p5,texture_weighted_mean,10.0,True,0.00032429735324432125,0.9965203692874942,0.001983188996233241,0.0002466113031245256,0.0009255330599037049
img_3ac01592a39cd0c4,selection_conditional_full_development_oof_v4,dataset_dev/02_ornek/kt346.jpg,02_ornek,02_ornek,True,0.9065264171360967,02_ornek,01_opishnyan_ceramics,05_kosiv_ceramics,1,train,obj_single_3ac01592a39cd0c4,,unreviewed,unreviewed,global_cls__c10__source0p5,motif_texture_weighted_mean__c10__source0p5,texture_weighted_mean,10.0,True,0.06916128887340858,0.9065264171360967,0.003656386709266396,0.0016588654727852853,0.018997041808443
img_8c687916a35cee07,selection_conditional_full_development_oof_v4,dataset_dev/02_ornek/kt348.jpg,02_ornek,02_ornek,True,0.972548634544596,02_ornek,05_kosiv_ceramics,03_bubnivka_ceramics,3,train,obj_single_8c687916a35cee07,,unreviewed,unreviewed,global_cls__c10__source0p5,motif_texture_weighted_mean__c10__source0p5,texture_weighted_mean,10.0,True,0.002786483246994776,0.972548634544596,0.005431339516066896,0.00014532302252163323,0.019088219669820848
img_836a7a5fcaa71968,selection_conditional_full_development_oof_v4,dataset_dev/02_ornek/kt349.jpg,02_ornek,02_ornek,True,0.8664745997686017,02_ornek,01_opishnyan_ceramics,05_kosiv_ceramics,3,train,obj_single_836a7a5fcaa71968,,unreviewed,unreviewed,global_cls__c10__source0p5,motif_texture_weighted_mean__c10__source0p5,texture_weighted_mean,10.0,True,0.09677488117234662,0.8664745997686017,0.01707530890271197,0.0017660845246681366,0.017909125631671408
img_fd16dc45c3638267,selection_conditional_full_development_oof_v4,dataset_dev/02_ornek/kt352.jpg,02_ornek,02_ornek,True,0.6548141861684462,02_ornek,01_opishnyan_ceramics,03_bubnivka_ceramics,1,validation,obj_single_fd16dc45c3638267,,unreviewed,unreviewed,global_cls__c10__source0p5,motif_texture_weighted_mean__c10__source0p5,texture_weighted_mean,10.0,True,0.2814054579420405,0.6548141861684462,0.057593059349699285,0.0016660605959373722,0.004521235943876537
img_c6c37b37ed783f66,selection_conditional_full_development_oof_v4,dataset_dev/02_ornek/kt353.jpg,02_ornek,02_ornek,True,0.9486421077302056,02_ornek,05_kosiv_ceramics,03_bubnivka_ceramics,3,train,obj_single_c6c37b37ed783f66,,unreviewed,unreviewed,global_cls__c10__source0p5,motif_texture_weighted_mean__c10__source0p5,texture_weighted_mean,10.0,True,0.005594924208094936,0.9486421077302056,0.013631567077927004,0.0033914059226499665,0.028739995061122486
img_a4dced8a82c7c1bd,selection_conditional_full_development_oof_v4,dataset_dev/02_ornek/kt356.jpg,02_ornek,02_ornek,True,0.6289370344223462,02_ornek,01_opishnyan_ceramics,03_bubnivka_ceramics,2,train,obj_single_a4dced8a82c7c1bd,,unreviewed,unreviewed,global_cls__c10__source0p5,motif_texture_weighted_mean__c10__source0p5,texture_weighted_mean,10.0,True,0.2817984359604634,0.6289370344223462,0.04741183740208177,0.005763836659268735,0.03608885555584
img_20e15b8ccc51edda,selection_conditional_full_development_oof_v4,dataset_dev/02_ornek/kt357.jpg,02_ornek,02_ornek,True,0.8475115851480045,02_ornek,03_bubnivka_ceramics,05_kosiv_ceramics,0,train,obj_single_20e15b8ccc51edda,,unreviewed,unreviewed,global_cls__c10__source0p5,motif_texture_weighted_mean__c10__source0p5,texture_weighted_mean,10.0,True,0.01245632041863956,0.8475115851480045,0.10609266471263797,0.010152694912485008,0.02378673480823306
img_d888dac1cbc611db,selection_conditional_full_development_oof_v4,dataset_dev/02_ornek/kt360.jpg,02_ornek,02_ornek,True,0.3410773579881655,02_ornek,03_bubnivka_ceramics,01_opishnyan_ceramics,1,train,obj_single_d888dac1cbc611db,,unreviewed,unreviewed,global_cls__c10__source0p5,motif_texture_weighted_mean__c10__source0p5,texture_weighted_mean,10.0,True,0.2107302478051399,0.3410773579881655,0.26270180515072517,0.1526025916581613,0.03288799739780824
img_abaf158dac55c944,selection_conditional_full_development_oof_v4,dataset_dev/02_ornek/kt361.jpg,02_ornek,02_ornek,True,0.9418248634701222,02_ornek,03_bubnivka_ceramics,05_kosiv_ceramics,2,train,obj_single_abaf158dac55c944,,unreviewed,unreviewed,global_cls__c10__source0p5,motif_texture_weighted_mean__c10__source0p5,texture_weighted_mean,10.0,True,0.006628071958860232,0.9418248634701222,0.04219209677927208,0.000896312876171508,0.008458654915573731
img_3ef3208c00d8119f,selection_conditional_full_development_oof_v4,dataset_dev/02_ornek/kt362.jpg,02_ornek,02_ornek,True,0.9544755800093617,02_ornek,05_kosiv_ceramics,01_opishnyan_ceramics,1,validation,obj_single_3ef3208c00d8119f,,unreviewed,unreviewed,global_cls__c10__source0p5,motif_texture_weighted_mean__c10__source0p5,texture_weighted_mean,10.0,True,0.016919408153194638,0.9544755800093617,0.00779747122391719,0.002229599373663569,0.018577941239862804
img_52aec3dfd5240880,selection_conditional_full_development_oof_v4,dataset_dev/02_ornek/kt364.jpg,02_ornek,02_ornek,True,0.9388678155722817,02_ornek,01_opishnyan_ceramics,03_bubnivka_ceramics,3,train,obj_single_52aec3dfd5240880,,unreviewed,unreviewed,global_cls__c10__source0p5,motif_texture_weighted_mean__c10__source0p5,texture_weighted_mean,10.0,True,0.030250616430220912,0.9388678155722817,0.02484625198339723,0.0009508595513243893,0.005084456462775705
img_a0f667e3cd00b8ea,selection_conditional_full_development_oof_v4,dataset_dev/02_ornek/kt365.jpg,02_ornek,02_ornek,True,0.6649290854586649,02_ornek,01_opishnyan_ceramics,03_bubnivka_ceramics,0,train,obj_single_a0f667e3cd00b8ea,,unreviewed,unreviewed,global_cls__c10__source0p5,motif_texture_weighted_mean__c10__source0p5,texture_weighted_mean,10.0,True,0.32716103173619265,0.6649290854586649,0.0035501565684829257,0.002094834734109011,0.0022648915025504884
img_d7834bda68ba8627,selection_conditional_full_development_oof_v4,dataset_dev/02_ornek/kt366.jpg,02_ornek,02_ornek,True,0.9933673273251327,02_ornek,01_opishnyan_ceramics,04_petrykivka_painting,1,train,obj_single_d7834bda68ba8627,,unreviewed,unreviewed,global_cls__c10__source0p5,motif_texture_weighted_mean__c10__source0p5,texture_weighted_mean,10.0,True,0.004192021666184489,0.9933673273251327,0.0006756558712186371,0.0010297590974871003,0.0007352360399770199
img_cdc939acf520d9e1,selection_conditional_full_development_oof_v4,dataset_dev/02_ornek/kt367.jpg,02_ornek,02_ornek,True,0.9813582998017052,02_ornek,01_opishnyan_ceramics,04_petrykivka_painting,2,validation,obj_single_cdc939acf520d9e1,,unreviewed,unreviewed,global_cls__c10__source0p5,motif_texture_weighted_mean__c10__source0p5,texture_weighted_mean,10.0,True,0.009944661769068762,0.9813582998017052,0.0023699543722267504,0.004322437506490321,0.0020046465505090282
img_8df82a3307a9b7ab,selection_conditional_full_development_oof_v4,dataset_dev/02_ornek/kt368.jpg,02_ornek,02_ornek,True,0.9876800999168853,02_ornek,05_kosiv_ceramics,04_petrykivka_painting,2,train,obj_single_8df82a3307a9b7ab,,unreviewed,unreviewed,global_cls__c10__source0p5,motif_texture_weighted_mean__c10__source0p5,texture_weighted_mean,10.0,True,0.0008771433808207161,0.9876800999168853,0.00043081813908894427,0.0026593148547415803,0.008352623708463541
img_09fd3921ce7cc294,selection_conditional_full_development_oof_v4,dataset_dev/02_ornek/kt370.jpg,02_ornek,02_ornek,True,0.995046699736784,02_ornek,05_kosiv_ceramics,03_bubnivka_ceramics,0,train,obj_single_09fd3921ce7cc294,,unreviewed,unreviewed,global_cls__c10__source0p5,motif_texture_weighted_mean__c10__source0p5,texture_weighted_mean,10.0,True,0.00040663757467244093,0.995046699736784,0.000669511227722629,0.0006428894317283667,0.0032342620290927455
img_acc8fad045648429,selection_conditional_full_development_oof_v4,dataset_dev/02_ornek/kt371.jpg,02_ornek,02_ornek,True,0.9652637951209811,02_ornek,04_petrykivka_painting,05_kosiv_ceramics,2,train,obj_single_acc8fad045648429,,unreviewed,unreviewed,global_cls__c10__source0p5,motif_texture_weighted_mean__c10__source0p5,texture_weighted_mean,10.0,True,0.001114379374947659,0.9652637951209811,0.00048452324159950125,0.03071332183212649,0.0024239804303454295
img_d9b61e8f83f70a14,selection_conditional_full_development_oof_v4,dataset_dev/02_ornek/kt373.jpg,02_ornek,02_ornek,True,0.9782802136814379,02_ornek,04_petrykivka_painting,01_opishnyan_ceramics,0,train,obj_single_d9b61e8f83f70a14,,unreviewed,unreviewed,global_cls__c10__source0p5,motif_texture_weighted_mean__c10__source0p5,texture_weighted_mean,10.0,True,0.002255067425794721,0.9782802136814379,0.00025736840874458186,0.018991698885927673,0.0002156515980949408
img_f3e552006be11c6e,selection_conditional_full_development_oof_v4,dataset_dev/02_ornek/kt376.jpg,02_ornek,02_ornek,True,0.9820631886428042,02_ornek,05_kosiv_ceramics,04_petrykivka_painting,1,train,obj_single_f3e552006be11c6e,,unreviewed,unreviewed,global_cls__c10__source0p5,motif_texture_weighted_mean__c10__source0p5,texture_weighted_mean,10.0,True,0.00043404803074811524,0.9820631886428042,0.00028710225503321174,0.00101562580992114,0.016200035261493325
img_af614be8b6fe20ba,selection_conditional_full_development_oof_v4,dataset_dev/02_ornek/kt378.jpg,02_ornek,02_ornek,True,0.9873861737344173,02_ornek,04_petrykivka_painting,05_kosiv_ceramics,2,validation,obj_single_af614be8b6fe20ba,,unreviewed,unreviewed,global_cls__c10__source0p5,motif_texture_weighted_mean__c10__source0p5,texture_weighted_mean,10.0,True,0.0002859732521945584,0.9873861737344173,0.0005788563938987322,0.008247675209851814,0.0035013214096376115
img_36e0ec589c682f13,selection_conditional_full_development_oof_v4,dataset_dev/02_ornek/kt379.jpg,02_ornek,02_ornek,True,0.9847133411655262,02_ornek,04_petrykivka_painting,03_bubnivka_ceramics,1,train,obj_single_36e0ec589c682f13,,unreviewed,unreviewed,global_cls__c10__source0p5,motif_texture_weighted_mean__c10__source0p5,texture_weighted_mean,10.0,True,0.0008598030563957708,0.9847133411655262,0.0015515446558898131,0.011719425426115577,0.0011558856960726767
img_c089dd4143b5338a,selection_conditional_full_development_oof_v4,dataset_dev/02_ornek/kt381.jpg,02_ornek,02_ornek,True,0.9986845586685628,02_ornek,04_petrykivka_painting,05_kosiv_ceramics,1,train,obj_single_c089dd4143b5338a,,unreviewed,unreviewed,global_cls__c10__source0p5,motif_texture_weighted_mean__c10__source0p5,texture_weighted_mean,10.0,True,0.00022848048897889333,0.9986845586685628,4.5490330595478307e-05,0.0007210917247873153,0.00032037878707556083
img_5aa0d7b298ec4f79,selection_conditional_full_development_oof_v4,dataset_dev/02_ornek/kt383.jpg,02_ornek,02_ornek,True,0.9154312274038157,02_ornek,01_opishnyan_ceramics,04_petrykivka_painting,3,train,obj_single_5aa0d7b298ec4f79,,unreviewed,unreviewed,global_cls__c10__source0p5,motif_texture_weighted_mean__c10__source0p5,texture_weighted_mean,10.0,True,0.042215760161196436,0.9154312274038157,0.00027562008706478845,0.040512038882490164,0.0015653534654330651
img_815aa2d2107dfc33,selection_conditional_full_development_oof_v4,dataset_dev/02_ornek/kt384.jpg,02_ornek,02_ornek,True,0.9979860569246058,02_ornek,04_petrykivka_painting,01_opishnyan_ceramics,3,train,obj_single_815aa2d2107dfc33,,unreviewed,unreviewed,global_cls__c10__source0p5,motif_texture_weighted_mean__c10__source0p5,texture_weighted_mean,10.0,True,0.0007246900400574234,0.9979860569246058,9.748154421714938e-06,0.0008382756730588822,0.0004412292078559309
img_3749b8c6e929146c,selection_conditional_full_development_oof_v4,dataset_dev/02_ornek/kt385.jpg,02_ornek,02_ornek,True,0.9138366465365879,02_ornek,05_kosiv_ceramics,04_petrykivka_painting,3,train,obj_single_3749b8c6e929146c,,unreviewed,unreviewed,global_cls__c10__source0p5,motif_texture_weighted_mean__c10__source0p5,texture_weighted_mean,10.0,True,0.00024631951409341356,0.9138366465365879,0.0012149280201259477,0.02809546222076645,0.05660664370842622
img_318ff55c397277f1,selection_conditional_full_development_oof_v4,dataset_dev/02_ornek/kt386.jpg,02_ornek,02_ornek,True,0.9971708295044486,02_ornek,05_kosiv_ceramics,03_bubnivka_ceramics,1,validation,obj_single_318ff55c397277f1,,unreviewed,unreviewed,global_cls__c10__source0p5,motif_texture_weighted_mean__c10__source0p5,texture_weighted_mean,10.0,True,0.00015272730261126118,0.9971708295044486,0.00017865173831173024,0.0001484875417410587,0.002349303912887298
img_a5abe105cb1a1786,selection_conditional_full_development_oof_v4,dataset_dev/02_ornek/kt387.jpg,02_ornek,02_ornek,True,0.5165383511555623,02_ornek,01_opishnyan_ceramics,03_bubnivka_ceramics,1,train,obj_single_a5abe105cb1a1786,,unreviewed,unreviewed,global_cls__c10__source0p5,motif_texture_weighted_mean__c10__source0p5,texture_weighted_mean,10.0,True,0.40706803857913665,0.5165383511555623,0.04053578503790404,0.005875317837978339,0.029982507389418676
img_f99760fe5c824a7a,selection_conditional_full_development_oof_v4,dataset_dev/02_ornek/kt388.jpg,02_ornek,02_ornek,True,0.9852310208036125,02_ornek,01_opishnyan_ceramics,05_kosiv_ceramics,3,train,obj_single_f99760fe5c824a7a,,unreviewed,unreviewed,global_cls__c10__source0p5,motif_texture_weighted_mean__c10__source0p5,texture_weighted_mean,10.0,True,0.005708138419638878,0.9852310208036125,0.0011194365995003635,0.002847797249540723,0.005093606927707737
img_6011ce34496bd69c,selection_conditional_full_development_oof_v4,dataset_dev/02_ornek/kt389.jpg,02_ornek,02_ornek,True,0.9477256258697649,02_ornek,05_kosiv_ceramics,01_opishnyan_ceramics,3,train,obj_single_6011ce34496bd69c,,unreviewed,unreviewed,global_cls__c10__source0p5,motif_texture_weighted_mean__c10__source0p5,texture_weighted_mean,10.0,True,0.0032127969355861432,0.9477256258697649,0.0005566140309239935,0.001558805140269314,0.04694615802345553
img_bda34a5ff86bea02,selection_conditional_full_development_oof_v4,dataset_dev/02_ornek/kt390.jpg,02_ornek,02_ornek,True,0.9945412317433515,02_ornek,05_kosiv_ceramics,03_bubnivka_ceramics,2,validation,obj_single_bda34a5ff86bea02,,unreviewed,unreviewed,global_cls__c10__source0p5,motif_texture_weighted_mean__c10__source0p5,texture_weighted_mean,10.0,True,0.00019727442124797286,0.9945412317433515,0.0010459204547788891,0.00013794891177693565,0.004077624468844546
img_4139e07d39517557,selection_conditional_full_development_oof_v4,dataset_dev/02_ornek/kt391.jpg,02_ornek,02_ornek,True,0.8142552465671783,02_ornek,05_kosiv_ceramics,04_petrykivka_painting,4,train,obj_single_4139e07d39517557,,unreviewed,unreviewed,global_cls__c10__source0p5,motif_texture_weighted_mean__c10__source0p5,texture_weighted_mean,10.0,True,0.019271525400108805,0.8142552465671783,0.03661754325774078,0.048118085724549196,0.08173759905042277
img_323eb48eb21656a7,selection_conditional_full_development_oof_v4,dataset_dev/02_ornek/kt394.jpg,02_ornek,02_ornek,True,0.9821640625424752,02_ornek,05_kosiv_ceramics,03_bubnivka_ceramics,4,train,obj_single_323eb48eb21656a7,,unreviewed,unreviewed,global_cls__c10__source0p5,motif_texture_weighted_mean__c10__source0p5,texture_weighted_mean,10.0,True,5.817678655323767e-05,0.9821640625424752,0.000863736136603547,2.3252020922858532e-05,0.016890772513445052
img_a49ea29bf467e32f,selection_conditional_full_development_oof_v4,dataset_dev/02_ornek/kt395.jpg,02_ornek,02_ornek,True,0.9824442799494363,02_ornek,04_petrykivka_painting,05_kosiv_ceramics,1,train,obj_single_a49ea29bf467e32f,,unreviewed,unreviewed,global_cls__c10__source0p5,motif_texture_weighted_mean__c10__source0p5,texture_weighted_mean,10.0,True,0.0021254718450257636,0.9824442799494363,0.0003807218594982163,0.008651962988509718,0.006397563357529916
img_e1ad787538196f68,selection_conditional_full_development_oof_v4,dataset_dev/02_ornek/kt398.jpg,02_ornek,01_opishnyan_ceramics,False,0.4256219321371364,01_opishnyan_ceramics,05_kosiv_ceramics,02_ornek,1,train,obj_single_e1ad787538196f68,,unreviewed,unreviewed,global_cls__c10__source0p5,motif_texture_weighted_mean__c10__source0p5,texture_weighted_mean,10.0,True,0.4256219321371364,0.20972336848569245,0.028046375684580932,0.0039000595599476304,0.3327082641326425
img_4a4f77a7cccdce3e,selection_conditional_full_development_oof_v4,dataset_dev/02_ornek/kt402.JPG,02_ornek,02_ornek,True,0.9850371255137909,02_ornek,05_kosiv_ceramics,04_petrykivka_painting,1,train,obj_single_4a4f77a7cccdce3e,,unreviewed,unreviewed,global_cls__c10__source0p5,motif_texture_weighted_mean__c10__source0p5,texture_weighted_mean,10.0,True,0.0004884472316939733,0.9850371255137909,0.0001607928839303415,0.007131899327553648,0.007181735043031391
img_9c3503df822c0272,selection_conditional_full_development_oof_v4,dataset_dev/02_ornek/kt403.jpg,02_ornek,02_ornek,True,0.8010845455089289,02_ornek,01_opishnyan_ceramics,05_kosiv_ceramics,1,train,obj_single_9c3503df822c0272,,unreviewed,unreviewed,global_cls__c10__source0p5,motif_texture_weighted_mean__c10__source0p5,texture_weighted_mean,10.0,True,0.12238639264004814,0.8010845455089289,0.011563169074135602,0.00769422205783732,0.05727167071904989
img_289314ac9c0734e0,selection_conditional_full_development_oof_v4,dataset_dev/02_ornek/kt404.jpg,02_ornek,02_ornek,True,0.8911054824930974,02_ornek,05_kosiv_ceramics,04_petrykivka_painting,1,train,obj_single_289314ac9c0734e0,,unreviewed,unreviewed,global_cls__c10__source0p5,motif_texture_weighted_mean__c10__source0p5,texture_weighted_mean,10.0,True,0.0008646797307064667,0.8911054824930974,0.0022639793653380182,0.005562469964266873,0.10020338844659149
img_316ca5aaa47bd179,selection_conditional_full_development_oof_v4,dataset_dev/02_ornek/kt407.jpg,02_ornek,02_ornek,True,0.9996208926099704,02_ornek,03_bubnivka_ceramics,05_kosiv_ceramics,0,train,obj_single_316ca5aaa47bd179,,unreviewed,unreviewed,global_cls__c10__source0p5,motif_texture_weighted_mean__c10__source0p5,texture_weighted_mean,10.0,True,5.848481869822151e-05,0.9996208926099704,0.0001943086456629624,1.9709728081561865e-05,0.00010660419758688224
img_b6c179e56e963b65,selection_conditional_full_development_oof_v4,dataset_dev/02_ornek/kt409.jpg,02_ornek,02_ornek,True,0.9973835753815617,02_ornek,03_bubnivka_ceramics,05_kosiv_ceramics,2,train,obj_single_b6c179e56e963b65,,unreviewed,unreviewed,global_cls__c10__source0p5,motif_texture_weighted_mean__c10__source0p5,texture_weighted_mean,10.0,True,2.098314822201219e-05,0.9973835753815617,0.0018449713290358207,0.0001621605727882433,0.0005883095683920174
img_9ce28dfa791d1756,selection_conditional_full_development_oof_v4,dataset_dev/02_ornek/kt411.JPG,02_ornek,02_ornek,True,0.9980214606955241,02_ornek,04_petrykivka_painting,01_opishnyan_ceramics,0,validation,obj_single_9ce28dfa791d1756,,unreviewed,unreviewed,global_cls__c10__source0p5,motif_texture_weighted_mean__c10__source0p5,texture_weighted_mean,10.0,True,0.000248960399117121,0.9980214606955241,0.00022236169476253734,0.001335440387191375,0.0001717768234047752
img_edabc5441302365a,selection_conditional_full_development_oof_v4,dataset_dev/02_ornek/kt412.jpg,02_ornek,02_ornek,True,0.9979958423059165,02_ornek,03_bubnivka_ceramics,05_kosiv_ceramics,4,train,obj_single_edabc5441302365a,,unreviewed,unreviewed,global_cls__c10__source0p5,motif_texture_weighted_mean__c10__source0p5,texture_weighted_mean,10.0,True,9.860775762875842e-05,0.9979958423059165,0.0008777251099448456,0.0004776411010178468,0.0005501837254923696
img_05159f71cc057a4a,selection_conditional_full_development_oof_v4,dataset_dev/02_ornek/kt414.jpg,02_ornek,02_ornek,True,0.9890900204544665,02_ornek,05_kosiv_ceramics,04_petrykivka_painting,4,train,obj_single_05159f71cc057a4a,,unreviewed,unreviewed,global_cls__c10__source0p5,motif_texture_weighted_mean__c10__source0p5,texture_weighted_mean,10.0,True,0.0007083802923135747,0.9890900204544665,0.0006999183608027581,0.0013196902303644383,0.008181990662052774
img_ab1472096ce38a23,selection_conditional_full_development_oof_v4,dataset_dev/02_ornek/kt415.jpg,02_ornek,02_ornek,True,0.9892950319597272,02_ornek,03_bubnivka_ceramics,05_kosiv_ceramics,3,validation,obj_single_ab1472096ce38a23,,unreviewed,unreviewed,global_cls__c10__source0p5,motif_texture_weighted_mean__c10__source0p5,texture_weighted_mean,10.0,True,5.968435420855579e-05,0.9892950319597272,0.009476198137315948,0.0004911865503892131,0.0006778989983589499
img_6ccc4bb6191bd36b,selection_conditional_full_development_oof_v4,dataset_dev/02_ornek/kt417.jpg,02_ornek,02_ornek,True,0.9994937533716153,02_ornek,04_petrykivka_painting,05_kosiv_ceramics,0,train,obj_single_6ccc4bb6191bd36b,,unreviewed,unreviewed,global_cls__c10__source0p5,motif_texture_weighted_mean__c10__source0p5,texture_weighted_mean,10.0,True,5.992293090680357e-05,0.9994937533716153,8.420702840894679e-05,0.00021878383488823584,0.0001433328341805744
img_8f81cd7fa71cf11a,selection_conditional_full_development_oof_v4,dataset_dev/02_ornek/kt419.JPG,02_ornek,02_ornek,True,0.9975338923436134,02_ornek,05_kosiv_ceramics,04_petrykivka_painting,1,train,obj_single_8f81cd7fa71cf11a,,unreviewed,unreviewed,global_cls__c10__source0p5,motif_texture_weighted_mean__c10__source0p5,texture_weighted_mean,10.0,True,7.688269939996454e-05,0.9975338923436134,0.0005286078204654829,0.0006085115254758325,0.001252105611045233
img_db9aa65bee54ecae,selection_conditional_full_development_oof_v4,dataset_dev/02_ornek/kt421.JPG,02_ornek,02_ornek,True,0.9969375992678093,02_ornek,03_bubnivka_ceramics,05_kosiv_ceramics,1,train,obj_single_db9aa65bee54ecae,,unreviewed,unreviewed,global_cls__c10__source0p5,motif_texture_weighted_mean__c10__source0p5,texture_weighted_mean,10.0,True,9.107630714534105e-06,0.9969375992678093,0.002120074328259167,0.0004168585350522093,0.0005163602381646353
img_db9780a9f3a19a4c,selection_conditional_full_development_oof_v4,dataset_dev/02_ornek/kt423.JPG,02_ornek,02_ornek,True,0.995141977541637,02_ornek,04_petrykivka_painting,03_bubnivka_ceramics,0,train,obj_single_db9780a9f3a19a4c,,unreviewed,unreviewed,global_cls__c10__source0p5,motif_texture_weighted_mean__c10__source0p5,texture_weighted_mean,10.0,True,0.0005573587131580509,0.995141977541637,0.0012538843946074127,0.0022271219426333215,0.0008196574079642347
img_1a3213fa4a4a9232,selection_conditional_full_development_oof_v4,dataset_dev/02_ornek/kt426=036.jpg,02_ornek,02_ornek,True,0.8032149560086648,02_ornek,05_kosiv_ceramics,03_bubnivka_ceramics,2,train,obj_single_1a3213fa4a4a9232,,unreviewed,unreviewed,global_cls__c10__source0p5,motif_texture_weighted_mean__c10__source0p5,texture_weighted_mean,10.0,True,0.00980922072889652,0.8032149560086648,0.030469647999728164,0.0030563591373163174,0.15344981612539402
img_969a520dcf786b1e,selection_conditional_full_development_oof_v4,dataset_dev/02_ornek/kt427.jpg,02_ornek,02_ornek,True,0.9595342336812374,02_ornek,05_kosiv_ceramics,03_bubnivka_ceramics,1,train,obj_single_969a520dcf786b1e,,unreviewed,unreviewed,global_cls__c10__source0p5,motif_texture_weighted_mean__c10__source0p5,texture_weighted_mean,10.0,True,0.0019770649131661323,0.9595342336812374,0.0037101244867593607,0.0015872586959923447,0.033191318222845136
img_5ee4d38cdec312c0,selection_conditional_full_development_oof_v4,dataset_dev/02_ornek/kt428.jpg,02_ornek,02_ornek,True,0.9889232771893585,02_ornek,05_kosiv_ceramics,03_bubnivka_ceramics,0,validation,obj_single_5ee4d38cdec312c0,,unreviewed,unreviewed,global_cls__c10__source0p5,motif_texture_weighted_mean__c10__source0p5,texture_weighted_mean,10.0,True,0.0005951159854885966,0.9889232771893585,0.002141179813482805,0.0017060481898420927,0.006634378821828138
img_4bf6b0581462a4b3,selection_conditional_full_development_oof_v4,dataset_dev/02_ornek/kt431.jpg,02_ornek,02_ornek,True,0.942310305431558,02_ornek,01_opishnyan_ceramics,05_kosiv_ceramics,0,train,obj_single_4bf6b0581462a4b3,,unreviewed,unreviewed,global_cls__c10__source0p5,motif_texture_weighted_mean__c10__source0p5,texture_weighted_mean,10.0,True,0.03385495582946151,0.942310305431558,0.005634851950803216,0.002438913377185081,0.015760973410992286
img_05fe5c81b9fdb573,selection_conditional_full_development_oof_v4,dataset_dev/02_ornek/kt432.jpg,02_ornek,02_ornek,True,0.9534614819543119,02_ornek,05_kosiv_ceramics,04_petrykivka_painting,0,train,obj_single_05fe5c81b9fdb573,,unreviewed,unreviewed,global_cls__c10__source0p5,motif_texture_weighted_mean__c10__source0p5,texture_weighted_mean,10.0,True,0.005567967306079148,0.9534614819543119,0.009304108078080712,0.011733532893290054,0.019932909768238322
img_a5ee740565cb18cc,selection_conditional_full_development_oof_v4,dataset_dev/02_ornek/kt433.jpg,02_ornek,05_kosiv_ceramics,False,0.5937368705483259,05_kosiv_ceramics,02_ornek,01_opishnyan_ceramics,2,train,obj_single_a5ee740565cb18cc,,unreviewed,unreviewed,global_cls__c10__source0p5,motif_texture_weighted_mean__c10__source0p5,texture_weighted_mean,10.0,True,0.09173978403326126,0.29052766266483615,0.017342773763455596,0.0066529089901211525,0.5937368705483259
img_a0acc10591acc1fa,selection_conditional_full_development_oof_v4,dataset_dev/02_ornek/kt434.jpg,02_ornek,02_ornek,True,0.9924701067399131,02_ornek,04_petrykivka_painting,01_opishnyan_ceramics,0,train,obj_single_a0acc10591acc1fa,,unreviewed,unreviewed,global_cls__c10__source0p5,motif_texture_weighted_mean__c10__source0p5,texture_weighted_mean,10.0,True,0.0004618984760704749,0.9924701067399131,0.0003694563975700959,0.006328978997275906,0.0003695593891706482
img_727e7f5cec10c4aa,selection_conditional_full_development_oof_v4,dataset_dev/02_ornek/kt436.JPG,02_ornek,02_ornek,True,0.9848759955206626,02_ornek,04_petrykivka_painting,01_opishnyan_ceramics,2,train,obj_single_727e7f5cec10c4aa,,unreviewed,unreviewed,global_cls__c10__source0p5,motif_texture_weighted_mean__c10__source0p5,texture_weighted_mean,10.0,True,0.003163147176221425,0.9848759955206626,0.002515839234022909,0.007333115829482905,0.002111902239610079
img_55d25915355c675a,selection_conditional_full_development_oof_v4,dataset_dev/02_ornek/kt437.JPG,02_ornek,02_ornek,True,0.9900486750285918,02_ornek,04_petrykivka_painting,01_opishnyan_ceramics,3,train,obj_single_55d25915355c675a,,unreviewed,unreviewed,global_cls__c10__source0p5,motif_texture_weighted_mean__c10__source0p5,texture_weighted_mean,10.0,True,0.002595202669549602,0.9900486750285918,0.0017326226873885231,0.003878710138440586,0.0017447894760293252
img_12b9609b34adc300,selection_conditional_full_development_oof_v4,dataset_dev/02_ornek/kt438.JPG,02_ornek,02_ornek,True,0.9943652109609928,02_ornek,05_kosiv_ceramics,04_petrykivka_painting,1,train,obj_single_12b9609b34adc300,,unreviewed,unreviewed,global_cls__c10__source0p5,motif_texture_weighted_mean__c10__source0p5,texture_weighted_mean,10.0,True,0.00012702239124021854,0.9943652109609928,0.000278329072016677,0.0006305421542743183,0.004598895421476215
img_cb53816b599e9902,selection_conditional_full_development_oof_v4,dataset_dev/02_ornek/kt439.jpg,02_ornek,02_ornek,True,0.9996222191398246,02_ornek,05_kosiv_ceramics,04_petrykivka_painting,2,validation,obj_single_cb53816b599e9902,,unreviewed,unreviewed,global_cls__c10__source0p5,motif_texture_weighted_mean__c10__source0p5,texture_weighted_mean,10.0,True,1.419815932369669e-05,0.9996222191398246,7.065810344171816e-05,0.00011272268181380314,0.0001802019155962471
img_876448b028bf9bbb,selection_conditional_full_development_oof_v4,dataset_dev/02_ornek/kt440.JPG,02_ornek,02_ornek,True,0.9878121119253919,02_ornek,05_kosiv_ceramics,03_bubnivka_ceramics,3,train,obj_single_876448b028bf9bbb,,unreviewed,unreviewed,global_cls__c10__source0p5,motif_texture_weighted_mean__c10__source0p5,texture_weighted_mean,10.0,True,0.0006907803195126664,0.9878121119253919,0.0021562700624202535,0.0010562426039468975,0.00828459508872829
img_eccc49759a59c4b9,selection_conditional_full_development_oof_v4,dataset_dev/02_ornek/kt442.JPG,02_ornek,02_ornek,True,0.9978555587394695,02_ornek,03_bubnivka_ceramics,04_petrykivka_painting,0,train,obj_single_eccc49759a59c4b9,,unreviewed,unreviewed,global_cls__c10__source0p5,motif_texture_weighted_mean__c10__source0p5,texture_weighted_mean,10.0,True,0.00014241955955744486,0.9978555587394695,0.0011331929941278533,0.0007931482077394951,7.568049910578291e-05
img_c9e5833d0509743f,selection_conditional_full_development_oof_v4,dataset_dev/02_ornek/kt443.jpg,02_ornek,02_ornek,True,0.9968240972541548,02_ornek,04_petrykivka_painting,03_bubnivka_ceramics,2,train,obj_single_c9e5833d0509743f,,unreviewed,unreviewed,global_cls__c10__source0p5,motif_texture_weighted_mean__c10__source0p5,texture_weighted_mean,10.0,True,0.00018601685055731978,0.9968240972541548,0.0006856768266899259,0.0018715415064057687,0.00043266756219229805
img_e36aceb4947f4350,selection_conditional_full_development_oof_v4,dataset_dev/02_ornek/kt445.JPG,02_ornek,02_ornek,True,0.9820945939142328,02_ornek,01_opishnyan_ceramics,05_kosiv_ceramics,4,train,obj_single_e36aceb4947f4350,,unreviewed,unreviewed,global_cls__c10__source0p5,motif_texture_weighted_mean__c10__source0p5,texture_weighted_mean,10.0,True,0.014776802572997086,0.9820945939142328,0.0008239149949246333,0.0005806574284959139,0.0017240310893497208
img_c310864bc5dfce2e,selection_conditional_full_development_oof_v4,dataset_dev/02_ornek/kt447.JPG,02_ornek,02_ornek,True,0.9993356894410934,02_ornek,05_kosiv_ceramics,04_petrykivka_painting,2,train,obj_single_c310864bc5dfce2e,,unreviewed,unreviewed,global_cls__c10__source0p5,motif_texture_weighted_mean__c10__source0p5,texture_weighted_mean,10.0,True,9.208431977834983e-05,0.9993356894410934,0.00011431111303940227,0.00020753283649239823,0.00025038228959660804
img_5994a1f2dfe1c562,selection_conditional_full_development_oof_v4,dataset_dev/02_ornek/kt448.JPG,02_ornek,02_ornek,True,0.9974457229890061,02_ornek,05_kosiv_ceramics,04_petrykivka_painting,0,train,obj_single_5994a1f2dfe1c562,,unreviewed,unreviewed,global_cls__c10__source0p5,motif_texture_weighted_mean__c10__source0p5,texture_weighted_mean,10.0,True,7.703839815102593e-05,0.9974457229890061,0.0002632966553230552,0.00043209386005220083,0.0017818480974674982
img_2b6e364d51e1b055,selection_conditional_full_development_oof_v4,dataset_dev/02_ornek/kt450.jpg,02_ornek,02_ornek,True,0.9958601893772349,02_ornek,05_kosiv_ceramics,04_petrykivka_painting,0,train,obj_single_2b6e364d51e1b055,,unreviewed,unreviewed,global_cls__c10__source0p5,motif_texture_weighted_mean__c10__source0p5,texture_weighted_mean,10.0,True,6.390911337655164e-05,0.9958601893772349,0.00027203151504730314,0.0011068257614909043,0.002697044232850566
img_b8d75020ab49f09e,selection_conditional_full_development_oof_v4,dataset_dev/02_ornek/kt452.jpg,02_ornek,02_ornek,True,0.9984216262227787,02_ornek,04_petrykivka_painting,05_kosiv_ceramics,1,train,obj_single_b8d75020ab49f09e,,unreviewed,unreviewed,global_cls__c10__source0p5,motif_texture_weighted_mean__c10__source0p5,texture_weighted_mean,10.0,True,3.8042857252671355e-05,0.9984216262227787,0.000265307913584026,0.0009583173525881402,0.0003167056537964549
img_4524055f8fcfc9e6,selection_conditional_full_development_oof_v4,dataset_dev/02_ornek/kt453.jpg,02_ornek,02_ornek,True,0.914879477476873,02_ornek,04_petrykivka_painting,01_opishnyan_ceramics,3,train,obj_single_4524055f8fcfc9e6,,unreviewed,unreviewed,global_cls__c10__source0p5,motif_texture_weighted_mean__c10__source0p5,texture_weighted_mean,10.0,True,0.002310087530553492,0.914879477476873,0.00010671975471706322,0.08192359445012144,0.0007801207877348248
img_462d2797b23e3fae,selection_conditional_full_development_oof_v4,dataset_dev/02_ornek/kt455.jpg,02_ornek,02_ornek,True,0.954062441106071,02_ornek,04_petrykivka_painting,05_kosiv_ceramics,0,train,obj_single_462d2797b23e3fae,,unreviewed,unreviewed,global_cls__c10__source0p5,motif_texture_weighted_mean__c10__source0p5,texture_weighted_mean,10.0,True,0.005404688003374638,0.954062441106071,0.009565754330287885,0.016448573432774866,0.014518543127491679
img_9f98e95787b0ff5f,selection_conditional_full_development_oof_v4,dataset_dev/02_ornek/kt456.jpg,02_ornek,02_ornek,True,0.9931165423104272,02_ornek,05_kosiv_ceramics,04_petrykivka_painting,3,train,obj_single_9f98e95787b0ff5f,,unreviewed,unreviewed,global_cls__c10__source0p5,motif_texture_weighted_mean__c10__source0p5,texture_weighted_mean,10.0,True,0.0003140404077263592,0.9931165423104272,0.0001532476417519947,0.001963777231678011,0.004452392408416566
img_5e1f784cf224784e,selection_conditional_full_development_oof_v4,dataset_dev/02_ornek/kt459.jpg,02_ornek,02_ornek,True,0.9340072788248533,02_ornek,05_kosiv_ceramics,04_petrykivka_painting,0,train,obj_single_5e1f784cf224784e,,unreviewed,unreviewed,global_cls__c10__source0p5,motif_texture_weighted_mean__c10__source0p5,texture_weighted_mean,10.0,True,0.010287907892149874,0.9340072788248533,0.0017035908099102865,0.025263655490397555,0.02873756698268899
img_07b736e3bac32c9f,selection_conditional_full_development_oof_v4,dataset_dev/02_ornek/kt461.jpg,02_ornek,02_ornek,True,0.9146369148900854,02_ornek,01_opishnyan_ceramics,05_kosiv_ceramics,3,validation,obj_single_07b736e3bac32c9f,,unreviewed,unreviewed,global_cls__c10__source0p5,motif_texture_weighted_mean__c10__source0p5,texture_weighted_mean,10.0,True,0.07808483450543195,0.9146369148900854,0.001209104168423583,0.002695235888558272,0.0033739105475008423
img_4e43280626a9fb9e,selection_conditional_full_development_oof_v4,dataset_dev/02_ornek/kt463.jpg,02_ornek,02_ornek,True,0.9987337227596815,02_ornek,03_bubnivka_ceramics,05_kosiv_ceramics,4,validation,obj_single_4e43280626a9fb9e,,unreviewed,unreviewed,global_cls__c10__source0p5,motif_texture_weighted_mean__c10__source0p5,texture_weighted_mean,10.0,True,9.749298101379064e-05,0.9987337227596815,0.0005578771243961728,0.00025164482131672386,0.0003592623135917251
img_0e0e324ca8935d28,selection_conditional_full_development_oof_v4,dataset_dev/02_ornek/kt464.jpg,02_ornek,02_ornek,True,0.9936262743086213,02_ornek,05_kosiv_ceramics,04_petrykivka_painting,1,validation,obj_single_0e0e324ca8935d28,,unreviewed,unreviewed,global_cls__c10__source0p5,motif_texture_weighted_mean__c10__source0p5,texture_weighted_mean,10.0,True,0.00011246685700198803,0.9936262743086213,0.000726557004133786,0.0007825170482611084,0.004752184781981988
img_e90c0f63b787be16,selection_conditional_full_development_oof_v4,dataset_dev/02_ornek/kt465.jpg,02_ornek,02_ornek,True,0.9453224627357985,02_ornek,01_opishnyan_ceramics,05_kosiv_ceramics,2,validation,obj_single_e90c0f63b787be16,,unreviewed,unreviewed,global_cls__c10__source0p5,motif_texture_weighted_mean__c10__source0p5,texture_weighted_mean,10.0,True,0.04904233713857198,0.9453224627357985,0.0004340210809374918,0.0018111154808825897,0.0033900635638093807
img_b3b16d7e6a8907a3,selection_conditional_full_development_oof_v4,dataset_dev/02_ornek/kt467.jpg,02_ornek,02_ornek,True,0.7269675149464913,02_ornek,01_opishnyan_ceramics,03_bubnivka_ceramics,3,validation,obj_single_b3b16d7e6a8907a3,,unreviewed,unreviewed,global_cls__c10__source0p5,motif_texture_weighted_mean__c10__source0p5,texture_weighted_mean,10.0,True,0.21604006314824542,0.7269675149464913,0.03677501061196563,0.006128862061008826,0.014088549232288895
img_f30726f97bc3a9e0,selection_conditional_full_development_oof_v4,dataset_dev/02_ornek/kt468.jpg,02_ornek,02_ornek,True,0.8290869477621041,02_ornek,05_kosiv_ceramics,04_petrykivka_painting,4,train,obj_single_f30726f97bc3a9e0,,unreviewed,unreviewed,global_cls__c10__source0p5,motif_texture_weighted_mean__c10__source0p5,texture_weighted_mean,10.0,True,0.003566771592310399,0.8290869477621041,0.0011868212925905848,0.07507501746881175,0.09108444188418315
img_28682b13886cfe71,selection_conditional_full_development_oof_v4,dataset_dev/02_ornek/kt469.jpg,02_ornek,02_ornek,True,0.9695096598314721,02_ornek,04_petrykivka_painting,05_kosiv_ceramics,4,train,obj_single_28682b13886cfe71,,unreviewed,unreviewed,global_cls__c10__source0p5,motif_texture_weighted_mean__c10__source0p5,texture_weighted_mean,10.0,True,0.0003693313737911738,0.9695096598314721,0.0005200434370775969,0.026978147734715237,0.0026228176229441654
img_bb8c2c4bfa174b30,selection_conditional_full_development_oof_v4,dataset_dev/02_ornek/kt470.jpg,02_ornek,02_ornek,True,0.8366498480686713,02_ornek,05_kosiv_ceramics,01_opishnyan_ceramics,3,train,obj_single_bb8c2c4bfa174b30,,unreviewed,unreviewed,global_cls__c10__source0p5,motif_texture_weighted_mean__c10__source0p5,texture_weighted_mean,10.0,True,0.0598195619054178,0.8366498480686713,0.01909862018982926,0.005125147688572061,0.0793068221475096
img_66d8e06a38c1c9b1,selection_conditional_full_development_oof_v4,dataset_dev/02_ornek/kt471.jpg,02_ornek,02_ornek,True,0.9958033958897885,02_ornek,04_petrykivka_painting,05_kosiv_ceramics,3,train,obj_single_66d8e06a38c1c9b1,,unreviewed,unreviewed,global_cls__c10__source0p5,motif_texture_weighted_mean__c10__source0p5,texture_weighted_mean,10.0,True,0.00015507785670533758,0.9958033958897885,0.00021005553940060763,0.002042364021205594,0.0017891066928999813
img_68430be77263ed7f,selection_conditional_full_development_oof_v4,dataset_dev/02_ornek/kt472.jpg,02_ornek,02_ornek,True,0.9975442507011439,02_ornek,05_kosiv_ceramics,03_bubnivka_ceramics,0,train,obj_single_68430be77263ed7f,,unreviewed,unreviewed,global_cls__c10__source0p5,motif_texture_weighted_mean__c10__source0p5,texture_weighted_mean,10.0,True,3.115638196759782e-05,0.9975442507011439,0.0006285397645008365,0.00020677275566676956,0.0015892803967206528
img_f71d0507c10ccd12,selection_conditional_full_development_oof_v4,dataset_dev/02_ornek/kt474.jpg,02_ornek,02_ornek,True,0.9169959172877281,02_ornek,05_kosiv_ceramics,04_petrykivka_painting,4,train,obj_single_f71d0507c10ccd12,,unreviewed,unreviewed,global_cls__c10__source0p5,motif_texture_weighted_mean__c10__source0p5,texture_weighted_mean,10.0,True,0.018481384374874548,0.9169959172877281,0.010354603527564673,0.024867524875321595,0.02930056993451098
img_9d1c059a6187d4e3,selection_conditional_full_development_oof_v4,dataset_dev/02_ornek/kt475.jpg,02_ornek,02_ornek,True,0.9749300076699016,02_ornek,04_petrykivka_painting,01_opishnyan_ceramics,2,train,obj_single_9d1c059a6187d4e3,,unreviewed,unreviewed,global_cls__c10__source0p5,motif_texture_weighted_mean__c10__source0p5,texture_weighted_mean,10.0,True,0.004532307564636294,0.9749300076699016,0.0003080592093191432,0.016331695622921368,0.0038979299332218146
img_3c7293b32fdb0fc4,selection_conditional_full_development_oof_v4,dataset_dev/02_ornek/kt476.jpg,02_ornek,02_ornek,True,0.9907813779127086,02_ornek,05_kosiv_ceramics,04_petrykivka_painting,2,train,obj_single_3c7293b32fdb0fc4,,unreviewed,unreviewed,global_cls__c10__source0p5,motif_texture_weighted_mean__c10__source0p5,texture_weighted_mean,10.0,True,0.00022345261048469585,0.9907813779127086,0.0001854084103793523,0.001714694594539781,0.0070950664718874975
img_20e87d1e06bd8671,selection_conditional_full_development_oof_v4,dataset_dev/02_ornek/kt477.jpg,02_ornek,02_ornek,True,0.9715619370313516,02_ornek,05_kosiv_ceramics,04_petrykivka_painting,2,train,obj_single_20e87d1e06bd8671,,unreviewed,unreviewed,global_cls__c10__source0p5,motif_texture_weighted_mean__c10__source0p5,texture_weighted_mean,10.0,True,0.0018813139642294512,0.9715619370313516,0.0024320260458191184,0.0059760285452181905,0.018148694413381745
img_63d6be65bede61e2,selection_conditional_full_development_oof_v4,dataset_dev/02_ornek/kt479.jpg,02_ornek,02_ornek,True,0.8752445212404673,02_ornek,05_kosiv_ceramics,04_petrykivka_painting,2,train,obj_single_63d6be65bede61e2,,unreviewed,unreviewed,global_cls__c10__source0p5,motif_texture_weighted_mean__c10__source0p5,texture_weighted_mean,10.0,True,0.00012389187493992747,0.8752445212404673,0.0002016922144508267,0.0023673515401094656,0.12206254313003231
img_3d73d70484aed1b7,selection_conditional_full_development_oof_v4,dataset_dev/02_ornek/kt480.jpg,02_ornek,02_ornek,True,0.9891335479836105,02_ornek,05_kosiv_ceramics,04_petrykivka_painting,4,train,obj_single_3d73d70484aed1b7,,unreviewed,unreviewed,global_cls__c10__source0p5,motif_texture_weighted_mean__c10__source0p5,texture_weighted_mean,10.0,True,0.0008693822892862894,0.9891335479836105,0.00019031521318565257,0.004588135686651402,0.005218618827266156
img_6a9ccbc984ca076b,selection_conditional_full_development_oof_v4,dataset_dev/02_ornek/kt481.jpg,02_ornek,02_ornek,True,0.8412266811211564,02_ornek,05_kosiv_ceramics,01_opishnyan_ceramics,3,validation,obj_single_6a9ccbc984ca076b,,unreviewed,unreviewed,global_cls__c10__source0p5,motif_texture_weighted_mean__c10__source0p5,texture_weighted_mean,10.0,True,0.026927198475114638,0.8412266811211564,0.010991622134039395,0.006359190426413561,0.11449530784327609
img_22932fadf469dad2,selection_conditional_full_development_oof_v4,dataset_dev/02_ornek/kt483.jpg,02_ornek,02_ornek,True,0.9495142704037777,02_ornek,04_petrykivka_painting,03_bubnivka_ceramics,4,train,obj_single_22932fadf469dad2,,unreviewed,unreviewed,global_cls__c10__source0p5,motif_texture_weighted_mean__c10__source0p5,texture_weighted_mean,10.0,True,0.0020850981337040856,0.9495142704037777,0.0034875446116631056,0.04471530706918014,0.00019777978167504937
img_dcad607012fd1178,selection_conditional_full_development_oof_v4,dataset_dev/02_ornek/kt486.jpg,02_ornek,02_ornek,True,0.7685559506171055,02_ornek,03_bubnivka_ceramics,01_opishnyan_ceramics,1,train,obj_single_dcad607012fd1178,,unreviewed,unreviewed,global_cls__c10__source0p5,motif_texture_weighted_mean__c10__source0p5,texture_weighted_mean,10.0,True,0.025962030091662903,0.7685559506171055,0.18852854598355098,0.004783727512363352,0.012169745795317233
img_9cbe9d9f91f40910,selection_conditional_full_development_oof_v4,dataset_dev/02_ornek/kt487.jpeg,02_ornek,02_ornek,True,0.9907521587520614,02_ornek,03_bubnivka_ceramics,04_petrykivka_painting,4,train,obj_single_9cbe9d9f91f40910,,unreviewed,unreviewed,global_cls__c10__source0p5,motif_texture_weighted_mean__c10__source0p5,texture_weighted_mean,10.0,True,0.0012843233330657447,0.9907521587520614,0.004279040956600424,0.001883545649644987,0.0018009313086274979
img_45b1d0a3b4a5c1c6,selection_conditional_full_development_oof_v4,dataset_dev/02_ornek/kt489.jpeg,02_ornek,02_ornek,True,0.987195582640308,02_ornek,01_opishnyan_ceramics,03_bubnivka_ceramics,2,train,obj_single_45b1d0a3b4a5c1c6,,unreviewed,unreviewed,global_cls__c10__source0p5,motif_texture_weighted_mean__c10__source0p5,texture_weighted_mean,10.0,True,0.008104519365115921,0.987195582640308,0.0026562160265659568,0.0014365742778162894,0.000607107690193744
img_27ff1892e3f593c9,selection_conditional_full_development_oof_v4,dataset_dev/02_ornek/kt493.jpg,02_ornek,02_ornek,True,0.9924850921628017,02_ornek,04_petrykivka_painting,05_kosiv_ceramics,4,train,obj_single_27ff1892e3f593c9,,unreviewed,unreviewed,global_cls__c10__source0p5,motif_texture_weighted_mean__c10__source0p5,texture_weighted_mean,10.0,True,0.00016946538844421426,0.9924850921628017,7.876491486018736e-05,0.006780095135034122,0.0004865823988598862
img_d4d07551f0786876,selection_conditional_full_development_oof_v4,dataset_dev/02_ornek/kt495.jpg,02_ornek,02_ornek,True,0.9979662746334742,02_ornek,04_petrykivka_painting,05_kosiv_ceramics,1,train,obj_single_d4d07551f0786876,,unreviewed,unreviewed,global_cls__c10__source0p5,motif_texture_weighted_mean__c10__source0p5,texture_weighted_mean,10.0,True,4.255286966848239e-05,0.9979662746334742,1.4348850236863698e-05,0.0018439643014670744,0.00013285934515307746
img_e90c40c595ff4474,selection_conditional_full_development_oof_v4,dataset_dev/02_ornek/kt496.jpg,02_ornek,02_ornek,True,0.9734472594529837,02_ornek,04_petrykivka_painting,05_kosiv_ceramics,3,train,obj_single_e90c40c595ff4474,,unreviewed,unreviewed,global_cls__c10__source0p5,motif_texture_weighted_mean__c10__source0p5,texture_weighted_mean,10.0,True,0.0010031244534078106,0.9734472594529837,0.00035233836818056514,0.022658667574694098,0.0025386101507337694
img_2762878bd63df048,selection_conditional_full_development_oof_v4,dataset_dev/02_ornek/kt497.jpg,02_ornek,02_ornek,True,0.9872374037178407,02_ornek,01_opishnyan_ceramics,03_bubnivka_ceramics,1,train,obj_single_2762878bd63df048,,unreviewed,unreviewed,global_cls__c10__source0p5,motif_texture_weighted_mean__c10__source0p5,texture_weighted_mean,10.0,True,0.008613637853676213,0.9872374037178407,0.001991770604926773,0.0009053671728542157,0.001251820650701883
img_c46e799fe0dc8e0e,selection_conditional_full_development_oof_v4,dataset_dev/02_ornek/kt499.jpg,02_ornek,02_ornek,True,0.9598217924795217,02_ornek,01_opishnyan_ceramics,03_bubnivka_ceramics,2,train,obj_single_c46e799fe0dc8e0e,,unreviewed,unreviewed,global_cls__c10__source0p5,motif_texture_weighted_mean__c10__source0p5,texture_weighted_mean,10.0,True,0.0352499297352307,0.9598217924795217,0.0042061969149176,0.0005624223566981684,0.00015965851363174388
img_b25f84e3c0fc3b16,selection_conditional_full_development_oof_v4,dataset_dev/02_ornek/kt500.jpg,02_ornek,02_ornek,True,0.9919641563061208,02_ornek,05_kosiv_ceramics,04_petrykivka_painting,3,train,obj_single_b25f84e3c0fc3b16,,unreviewed,unreviewed,global_cls__c10__source0p5,motif_texture_weighted_mean__c10__source0p5,texture_weighted_mean,10.0,True,0.00015705403974128918,0.9919641563061208,0.00022384804101320438,0.000363729012027898,0.007291212601096821
img_c40d1992a9e8b216,selection_conditional_full_development_oof_v4,dataset_dev/02_ornek/kt501.jpg,02_ornek,02_ornek,True,0.9988545864896928,02_ornek,03_bubnivka_ceramics,01_opishnyan_ceramics,0,train,obj_single_c40d1992a9e8b216,,unreviewed,unreviewed,global_cls__c10__source0p5,motif_texture_weighted_mean__c10__source0p5,texture_weighted_mean,10.0,True,0.00043251756832865225,0.9988545864896928,0.0005923443751319113,9.35355201386586e-05,2.7016046707887687e-05
img_75c423ededd75677,selection_conditional_full_development_oof_v4,dataset_dev/02_ornek/kt502.jpg,02_ornek,02_ornek,True,0.9947396784169211,02_ornek,05_kosiv_ceramics,03_bubnivka_ceramics,4,train,obj_single_75c423ededd75677,,unreviewed,unreviewed,global_cls__c10__source0p5,motif_texture_weighted_mean__c10__source0p5,texture_weighted_mean,10.0,True,0.001046937211633442,0.9947396784169211,0.0013589270790404365,0.0006117840296659819,0.0022426732627391526
img_76e93d7fa0f7f10f,selection_conditional_full_development_oof_v4,dataset_dev/02_ornek/kt503.jpg,02_ornek,02_ornek,True,0.9895737515569399,02_ornek,01_opishnyan_ceramics,04_petrykivka_painting,2,train,obj_single_76e93d7fa0f7f10f,,unreviewed,unreviewed,global_cls__c10__source0p5,motif_texture_weighted_mean__c10__source0p5,texture_weighted_mean,10.0,True,0.0036773754539649707,0.9895737515569399,0.001213920403888084,0.00351288808817352,0.002022064497033657
img_9409cbdc91cc3de5,selection_conditional_full_development_oof_v4,dataset_dev/02_ornek/kt504.JPG,02_ornek,02_ornek,True,0.983612998866125,02_ornek,01_opishnyan_ceramics,03_bubnivka_ceramics,1,train,obj_single_9409cbdc91cc3de5,,unreviewed,unreviewed,global_cls__c10__source0p5,motif_texture_weighted_mean__c10__source0p5,texture_weighted_mean,10.0,True,0.00650603305048477,0.983612998866125,0.006087015375808998,0.0024283965210511074,0.001365556186530057
img_eea7540feb1cae39,selection_conditional_full_development_oof_v4,dataset_dev/02_ornek/kt506.JPG,02_ornek,02_ornek,True,0.9547133354738774,02_ornek,03_bubnivka_ceramics,04_petrykivka_painting,1,train,obj_single_eea7540feb1cae39,,unreviewed,unreviewed,global_cls__c10__source0p5,motif_texture_weighted_mean__c10__source0p5,texture_weighted_mean,10.0,True,0.0032664748195112216,0.9547133354738774,0.03643843004610298,0.004649358013911118,0.0009324016465974495
img_01bd7ca151024353,selection_conditional_full_development_oof_v4,dataset_dev/02_ornek/kt507.jpg,02_ornek,02_ornek,True,0.994331097909159,02_ornek,01_opishnyan_ceramics,03_bubnivka_ceramics,4,train,obj_single_01bd7ca151024353,,unreviewed,unreviewed,global_cls__c10__source0p5,motif_texture_weighted_mean__c10__source0p5,texture_weighted_mean,10.0,True,0.004236356937949551,0.994331097909159,0.0009760266145035328,0.00011697770532209533,0.00033954083306577857
img_bceef9f861a69348,selection_conditional_full_development_oof_v4,dataset_dev/02_ornek/kt508.jpg,02_ornek,02_ornek,True,0.999271929105343,02_ornek,05_kosiv_ceramics,04_petrykivka_painting,3,train,obj_single_bceef9f861a69348,,unreviewed,unreviewed,global_cls__c10__source0p5,motif_texture_weighted_mean__c10__source0p5,texture_weighted_mean,10.0,True,2.5553927700825645e-05,0.999271929105343,3.920313744179984e-05,0.00012828654247461446,0.0005350272870398864
img_80f127ba8c8c8fe8,selection_conditional_full_development_oof_v4,dataset_dev/02_ornek/kt509.jpg,02_ornek,02_ornek,True,0.9911658429179327,02_ornek,05_kosiv_ceramics,03_bubnivka_ceramics,2,train,obj_single_80f127ba8c8c8fe8,,unreviewed,unreviewed,global_cls__c10__source0p5,motif_texture_weighted_mean__c10__source0p5,texture_weighted_mean,10.0,True,0.0010039440830882822,0.9911658429179327,0.002563294871733336,0.00127839850545177,0.003988519621793732
img_43cd8716f7b62d9c,selection_conditional_full_development_oof_v4,dataset_dev/02_ornek/kt510.jpg,02_ornek,02_ornek,True,0.9957790427449282,02_ornek,05_kosiv_ceramics,04_petrykivka_painting,0,train,obj_single_43cd8716f7b62d9c,,unreviewed,unreviewed,global_cls__c10__source0p5,motif_texture_weighted_mean__c10__source0p5,texture_weighted_mean,10.0,True,0.00022731723892524235,0.9957790427449282,0.00035580781987485434,0.0005526245216062876,0.0030852076746653973
img_fe6d88e3f10989df,selection_conditional_full_development_oof_v4,dataset_dev/02_ornek/kt512.jpg,02_ornek,02_ornek,True,0.9880724715775309,02_ornek,05_kosiv_ceramics,04_petrykivka_painting,2,train,obj_single_fe6d88e3f10989df,,unreviewed,unreviewed,global_cls__c10__source0p5,motif_texture_weighted_mean__c10__source0p5,texture_weighted_mean,10.0,True,0.00029003047133268695,0.9880724715775309,0.0011732433750892327,0.004678259097777155,0.0057859954782699076
img_7725888e15be746f,selection_conditional_full_development_oof_v4,dataset_dev/02_ornek/kt513.jpg,02_ornek,02_ornek,True,0.9997694656410299,02_ornek,04_petrykivka_painting,03_bubnivka_ceramics,1,train,obj_single_7725888e15be746f,,unreviewed,unreviewed,global_cls__c10__source0p5,motif_texture_weighted_mean__c10__source0p5,texture_weighted_mean,10.0,True,1.0561885310489285e-05,0.9997694656410299,7.099182756711428e-05,0.00013139135277838104,1.7589293314288575e-05
img_52a3ee6b95592f98,selection_conditional_full_development_oof_v4,dataset_test/02_ornek/kt038.jpg,02_ornek,02_ornek,True,0.9886718371581595,02_ornek,04_petrykivka_painting,05_kosiv_ceramics,4,train,obj_single_52a3ee6b95592f98,,unreviewed,unreviewed,global_cls__c10__source0p5,motif_texture_weighted_mean__c10__source0p5,texture_weighted_mean,10.0,True,2.533035050791939e-05,0.9886718371581595,0.00010854615392265743,0.007966389934534168,0.0032278964028757207
img_7988e08a81fde9b6,selection_conditional_full_development_oof_v4,dataset_test/02_ornek/kt039.jpg,02_ornek,02_ornek,True,0.9933080827551961,02_ornek,01_opishnyan_ceramics,04_petrykivka_painting,2,train,obj_single_7988e08a81fde9b6,,unreviewed,unreviewed,global_cls__c10__source0p5,motif_texture_weighted_mean__c10__source0p5,texture_weighted_mean,10.0,True,0.0029669017386434945,0.9933080827551961,0.00024332343428394693,0.002955906914570518,0.0005257851573060182
img_e53c92ac8b7a6130,selection_conditional_full_development_oof_v4,dataset_test/02_ornek/kt042.jpg,02_ornek,02_ornek,True,0.9900288819970573,02_ornek,01_opishnyan_ceramics,05_kosiv_ceramics,1,train,obj_single_e53c92ac8b7a6130,,unreviewed,unreviewed,global_cls__c10__source0p5,motif_texture_weighted_mean__c10__source0p5,texture_weighted_mean,10.0,True,0.004808756914025827,0.9900288819970573,0.0009749864480324719,0.0004695262459064154,0.003717848394977959
img_387f2e3ad248bcd0,selection_conditional_full_development_oof_v4,dataset_test/02_ornek/kt046.jpg,02_ornek,02_ornek,True,0.954330587091476,02_ornek,04_petrykivka_painting,03_bubnivka_ceramics,3,train,obj_single_387f2e3ad248bcd0,,unreviewed,unreviewed,global_cls__c10__source0p5,motif_texture_weighted_mean__c10__source0p5,texture_weighted_mean,10.0,True,0.0020522594476502097,0.954330587091476,0.013033207833931188,0.023561996087961633,0.007021949538980872
img_3d507b5de3113f32,selection_conditional_full_development_oof_v4,dataset_test/02_ornek/kt053.jpg,02_ornek,02_ornek,True,0.9192877711793338,02_ornek,04_petrykivka_painting,05_kosiv_ceramics,4,train,obj_single_3d507b5de3113f32,,unreviewed,unreviewed,global_cls__c10__source0p5,motif_texture_weighted_mean__c10__source0p5,texture_weighted_mean,10.0,True,0.0013885155096518909,0.9192877711793338,0.0033320601703893484,0.06519399620919038,0.010797656931434505
img_a71feaa14db507e0,selection_conditional_full_development_oof_v4,dataset_test/02_ornek/kt059.jpg,02_ornek,02_ornek,True,0.798342897899499,02_ornek,01_opishnyan_ceramics,03_bubnivka_ceramics,3,train,obj_single_a71feaa14db507e0,,unreviewed,unreviewed,global_cls__c10__source0p5,motif_texture_weighted_mean__c10__source0p5,texture_weighted_mean,10.0,True,0.19973182539534226,0.798342897899499,0.000914324102097411,0.0001226390980258636,0.0008883135050354616
img_7e473101913d6020,selection_conditional_full_development_oof_v4,dataset_test/02_ornek/kt065.jpg,02_ornek,02_ornek,True,0.9929423759079977,02_ornek,01_opishnyan_ceramics,03_bubnivka_ceramics,0,validation,obj_single_7e473101913d6020,,unreviewed,unreviewed,global_cls__c10__source0p5,motif_texture_weighted_mean__c10__source0p5,texture_weighted_mean,10.0,True,0.00379878724642428,0.9929423759079977,0.0017485327929936316,0.0005765480301972641,0.0009337560223869946
img_215afa627c55c528,selection_conditional_full_development_oof_v4,dataset_test/02_ornek/kt068.jpg,02_ornek,02_ornek,True,0.9936213736210285,02_ornek,05_kosiv_ceramics,04_petrykivka_painting,1,train,obj_single_215afa627c55c528,,unreviewed,unreviewed,global_cls__c10__source0p5,motif_texture_weighted_mean__c10__source0p5,texture_weighted_mean,10.0,True,0.0002625052292985009,0.9936213736210285,0.0012695995676235013,0.0013738073810928295,0.0034727142009566077
img_7861f4e27687dce3,selection_conditional_full_development_oof_v4,dataset_test/02_ornek/kt073.jpg,02_ornek,02_ornek,True,0.947736843720343,02_ornek,04_petrykivka_painting,05_kosiv_ceramics,2,train,obj_single_7861f4e27687dce3,,unreviewed,unreviewed,global_cls__c10__source0p5,motif_texture_weighted_mean__c10__source0p5,texture_weighted_mean,10.0,True,0.0002402917212062721,0.947736843720343,0.0006443122813420888,0.050290233108810214,0.0010883191682984049
img_a136e802f2dcd732,selection_conditional_full_development_oof_v4,dataset_test/02_ornek/kt075.JPG,02_ornek,02_ornek,True,0.9855029248405691,02_ornek,05_kosiv_ceramics,04_petrykivka_painting,0,validation,obj_single_a136e802f2dcd732,,unreviewed,unreviewed,global_cls__c10__source0p5,motif_texture_weighted_mean__c10__source0p5,texture_weighted_mean,10.0,True,0.00022584392356676466,0.9855029248405691,0.00019685313909378747,0.0029691537216454886,0.011105224375124907
img_4b8dcf5c2dcc6e2c,selection_conditional_full_development_oof_v4,dataset_test/02_ornek/kt076.jpg,02_ornek,02_ornek,True,0.999527459487655,02_ornek,04_petrykivka_painting,05_kosiv_ceramics,3,train,obj_single_4b8dcf5c2dcc6e2c,,unreviewed,unreviewed,global_cls__c10__source0p5,motif_texture_weighted_mean__c10__source0p5,texture_weighted_mean,10.0,True,1.4020391937504003e-06,0.999527459487655,4.710047670743707e-05,0.00026836654612545635,0.00015567145031856257
img_44c806605e53eda6,selection_conditional_full_development_oof_v4,dataset_test/02_ornek/kt079.jpg,02_ornek,02_ornek,True,0.9980978134536163,02_ornek,05_kosiv_ceramics,03_bubnivka_ceramics,0,train,obj_single_44c806605e53eda6,,unreviewed,unreviewed,global_cls__c10__source0p5,motif_texture_weighted_mean__c10__source0p5,texture_weighted_mean,10.0,True,4.728632685298831e-05,0.9980978134536163,0.00034725908755917,0.00022924191564438227,0.00127839921632718
img_919f34e329d4b08f,selection_conditional_full_development_oof_v4,dataset_test/02_ornek/kt081.JPG,02_ornek,02_ornek,True,0.9910643152761518,02_ornek,05_kosiv_ceramics,01_opishnyan_ceramics,0,validation,obj_single_919f34e329d4b08f,,unreviewed,unreviewed,global_cls__c10__source0p5,motif_texture_weighted_mean__c10__source0p5,texture_weighted_mean,10.0,True,0.0032307457366562765,0.9910643152761518,0.0010589759458797788,0.0006757015751519429,0.00397026146616039
img_3bd5dcf1112b39a9,selection_conditional_full_development_oof_v4,dataset_test/02_ornek/kt088.JPG,02_ornek,02_ornek,True,0.9238254960120177,02_ornek,04_petrykivka_painting,03_bubnivka_ceramics,2,validation,obj_single_3bd5dcf1112b39a9,,unreviewed,unreviewed,global_cls__c10__source0p5,motif_texture_weighted_mean__c10__source0p5,texture_weighted_mean,10.0,True,0.0037157824499385417,0.9238254960120177,0.0050272092338870325,0.06381382342363788,0.003617688880519049
img_a90e9ffbd7f8b2b8,selection_conditional_full_development_oof_v4,dataset_test/02_ornek/kt090.jpg,02_ornek,02_ornek,True,0.9985366662574099,02_ornek,04_petrykivka_painting,05_kosiv_ceramics,0,train,obj_single_a90e9ffbd7f8b2b8,,unreviewed,unreviewed,global_cls__c10__source0p5,motif_texture_weighted_mean__c10__source0p5,texture_weighted_mean,10.0,True,7.086706168044576e-05,0.9985366662574099,0.00016700047479202383,0.0006798285327908746,0.0005456376733268253
img_4b2b0662206ad545,selection_conditional_full_development_oof_v4,dataset_test/02_ornek/kt091.JPG,02_ornek,02_ornek,True,0.9753543074831531,02_ornek,01_opishnyan_ceramics,03_bubnivka_ceramics,1,validation,obj_single_4b2b0662206ad545,,unreviewed,unreviewed,global_cls__c10__source0p5,motif_texture_weighted_mean__c10__source0p5,texture_weighted_mean,10.0,True,0.012316011476062826,0.9753543074831531,0.007226601790378851,0.0027778392006124007,0.0023252400497927616
img_bf0a8cd0508a2cd4,selection_conditional_full_development_oof_v4,dataset_test/02_ornek/kt094.jpg,02_ornek,02_ornek,True,0.9857705365960175,02_ornek,01_opishnyan_ceramics,05_kosiv_ceramics,3,train,obj_single_bf0a8cd0508a2cd4,,unreviewed,unreviewed,global_cls__c10__source0p5,motif_texture_weighted_mean__c10__source0p5,texture_weighted_mean,10.0,True,0.007992662128732852,0.9857705365960175,0.0017395627274873202,0.0016019459785718997,0.002895292569190197
img_de85706ad14e65e0,selection_conditional_full_development_oof_v4,dataset_test/02_ornek/kt099.jpg,02_ornek,02_ornek,True,0.9894337026188351,02_ornek,04_petrykivka_painting,03_bubnivka_ceramics,4,validation,obj_single_de85706ad14e65e0,,unreviewed,unreviewed,global_cls__c10__source0p5,motif_texture_weighted_mean__c10__source0p5,texture_weighted_mean,10.0,True,0.00016268816588985277,0.9894337026188351,0.003071674376262554,0.0068436475308050245,0.0004882873082077164
img_da40779c8d5eb335,selection_conditional_full_development_oof_v4,dataset_test/02_ornek/kt100.jpg,02_ornek,02_ornek,True,0.9624687642216779,02_ornek,05_kosiv_ceramics,04_petrykivka_painting,3,train,obj_single_da40779c8d5eb335,,unreviewed,unreviewed,global_cls__c10__source0p5,motif_texture_weighted_mean__c10__source0p5,texture_weighted_mean,10.0,True,0.003917565331472123,0.9624687642216779,0.000874251067997583,0.012813572424734411,0.01992584695411768
img_53ccb624f9e4b8fa,selection_conditional_full_development_oof_v4,dataset_test/02_ornek/kt102.JPG,02_ornek,02_ornek,True,0.971382255906868,02_ornek,03_bubnivka_ceramics,05_kosiv_ceramics,4,train,obj_single_53ccb624f9e4b8fa,,unreviewed,unreviewed,global_cls__c10__source0p5,motif_texture_weighted_mean__c10__source0p5,texture_weighted_mean,10.0,True,0.003124092660728954,0.971382255906868,0.015202072479974106,0.0032843476075829574,0.007007231344845837
img_bf7409a263b7d33d,selection_conditional_full_development_oof_v4,dataset_test/02_ornek/kt104.jpg,02_ornek,02_ornek,True,0.9995592489158861,02_ornek,04_petrykivka_painting,03_bubnivka_ceramics,1,train,obj_single_bf7409a263b7d33d,,unreviewed,unreviewed,global_cls__c10__source0p5,motif_texture_weighted_mean__c10__source0p5,texture_weighted_mean,10.0,True,2.6711271117982853e-06,0.9995592489158861,5.232908723941937e-05,0.000381021457725214,4.729412037500648e-06
img_1136661885059c9a,selection_conditional_full_development_oof_v4,dataset_test/02_ornek/kt106.JPG,02_ornek,02_ornek,True,0.9895726818802025,02_ornek,01_opishnyan_ceramics,03_bubnivka_ceramics,2,train,obj_single_1136661885059c9a,,unreviewed,unreviewed,global_cls__c10__source0p5,motif_texture_weighted_mean__c10__source0p5,texture_weighted_mean,10.0,True,0.00538864320534208,0.9895726818802025,0.0038135766749650287,5.928571892413431e-05,0.001165812520566097
img_67f32d5144ee95e1,selection_conditional_full_development_oof_v4,dataset_test/02_ornek/kt107.jpg,02_ornek,02_ornek,True,0.8800533176483192,02_ornek,05_kosiv_ceramics,03_bubnivka_ceramics,1,train,obj_single_67f32d5144ee95e1,,unreviewed,unreviewed,global_cls__c10__source0p5,motif_texture_weighted_mean__c10__source0p5,texture_weighted_mean,10.0,True,0.0008050677321414637,0.8800533176483192,0.01920324640237975,0.0007642234517049514,0.09917414476545468
img_1346a1a7f346ff18,selection_conditional_full_development_oof_v4,dataset_test/02_ornek/kt108.jpg,02_ornek,02_ornek,True,0.99584840430901,02_ornek,01_opishnyan_ceramics,03_bubnivka_ceramics,0,validation,obj_single_1346a1a7f346ff18,,unreviewed,unreviewed,global_cls__c10__source0p5,motif_texture_weighted_mean__c10__source0p5,texture_weighted_mean,10.0,True,0.002067519325075237,0.99584840430901,0.0016863795333494783,6.259410274201985e-05,0.00033510272982330215
img_82ff5b02093c3d96,selection_conditional_full_development_oof_v4,dataset_test/02_ornek/kt112.jpg,02_ornek,02_ornek,True,0.9354599288490896,02_ornek,03_bubnivka_ceramics,01_opishnyan_ceramics,3,train,obj_single_82ff5b02093c3d96,,unreviewed,unreviewed,global_cls__c10__source0p5,motif_texture_weighted_mean__c10__source0p5,texture_weighted_mean,10.0,True,0.024907480216909875,0.9354599288490896,0.038839382755745076,0.00023376316531870952,0.0005594450129369809
img_189604f10c69cd10,selection_conditional_full_development_oof_v4,dataset_test/02_ornek/kt117.jpg,02_ornek,02_ornek,True,0.9860928927935344,02_ornek,05_kosiv_ceramics,03_bubnivka_ceramics,1,train,obj_single_189604f10c69cd10,,unreviewed,unreviewed,global_cls__c10__source0p5,motif_texture_weighted_mean__c10__source0p5,texture_weighted_mean,10.0,True,0.000959034064236942,0.9860928927935344,0.002549322544027488,7.62388129600471e-05,0.010322511785241226
img_d6121313c45d6a14,selection_conditional_full_development_oof_v4,dataset_test/02_ornek/kt121.jpg,02_ornek,02_ornek,True,0.9550278401819806,02_ornek,05_kosiv_ceramics,01_opishnyan_ceramics,3,validation,obj_single_d6121313c45d6a14,,unreviewed,unreviewed,global_cls__c10__source0p5,motif_texture_weighted_mean__c10__source0p5,texture_weighted_mean,10.0,True,0.0090022877281629,0.9550278401819806,0.005156547147113301,0.0024049497056324995,0.02840837523711065
img_1dc055b98fbf1432,selection_conditional_full_development_oof_v4,dataset_test/02_ornek/kt122.jpg,02_ornek,02_ornek,True,0.9888867361907553,02_ornek,01_opishnyan_ceramics,05_kosiv_ceramics,0,train,obj_single_1dc055b98fbf1432,,unreviewed,unreviewed,global_cls__c10__source0p5,motif_texture_weighted_mean__c10__source0p5,texture_weighted_mean,10.0,True,0.005625276099637144,0.9888867361907553,0.0003202693975929968,0.0022049590047732797,0.002962759307241209
img_e3437e5c94932a54,selection_conditional_full_development_oof_v4,dataset_test/02_ornek/kt127.jpg,02_ornek,02_ornek,True,0.9985533169441657,02_ornek,05_kosiv_ceramics,04_petrykivka_painting,1,train,obj_single_e3437e5c94932a54,,unreviewed,unreviewed,global_cls__c10__source0p5,motif_texture_weighted_mean__c10__source0p5,texture_weighted_mean,10.0,True,5.4845051433317275e-05,0.9985533169441657,8.32977019243757e-05,0.0005654977918667024,0.0007430425106098258
img_e68daac3d4a32db1,selection_conditional_full_development_oof_v4,dataset_test/02_ornek/kt130.jpg,02_ornek,02_ornek,True,0.9706547385115325,02_ornek,04_petrykivka_painting,05_kosiv_ceramics,0,train,obj_single_e68daac3d4a32db1,,unreviewed,unreviewed,global_cls__c10__source0p5,motif_texture_weighted_mean__c10__source0p5,texture_weighted_mean,10.0,True,0.0003028822772530213,0.9706547385115325,9.501481337484668e-05,0.01627784652461509,0.012669517873224562
img_ba1437bda34cd4ec,selection_conditional_full_development_oof_v4,dataset_test/02_ornek/kt141.jpg,02_ornek,02_ornek,True,0.9957891485400145,02_ornek,05_kosiv_ceramics,03_bubnivka_ceramics,1,train,obj_single_ba1437bda34cd4ec,,unreviewed,unreviewed,global_cls__c10__source0p5,motif_texture_weighted_mean__c10__source0p5,texture_weighted_mean,10.0,True,8.628112677552267e-05,0.9957891485400145,0.0011614793906423251,0.0009060804729290678,0.002057010469638629
img_acfe53b369569871,selection_conditional_full_development_oof_v4,dataset_test/02_ornek/kt144.jpg,02_ornek,02_ornek,True,0.9806163486419278,02_ornek,04_petrykivka_painting,01_opishnyan_ceramics,0,train,obj_single_acfe53b369569871,,unreviewed,unreviewed,global_cls__c10__source0p5,motif_texture_weighted_mean__c10__source0p5,texture_weighted_mean,10.0,True,0.004879540575667737,0.9806163486419278,0.002893085822798993,0.009113727845711702,0.002497297113893757
img_50bae417b9064aa1,selection_conditional_full_development_oof_v4,dataset_test/02_ornek/kt147.jpg,02_ornek,02_ornek,True,0.9718790215493188,02_ornek,04_petrykivka_painting,05_kosiv_ceramics,3,train,obj_single_50bae417b9064aa1,,unreviewed,unreviewed,global_cls__c10__source0p5,motif_texture_weighted_mean__c10__source0p5,texture_weighted_mean,10.0,True,0.00030826425017465203,0.9718790215493188,5.621799769012804e-05,0.024142018957013213,0.0036144772458032853
img_bfaf490f3ffffc10,selection_conditional_full_development_oof_v4,dataset_test/02_ornek/kt151.jpg,02_ornek,02_ornek,True,0.9990678579614375,02_ornek,04_petrykivka_painting,05_kosiv_ceramics,2,train,obj_single_bfaf490f3ffffc10,,unreviewed,unreviewed,global_cls__c10__source0p5,motif_texture_weighted_mean__c10__source0p5,texture_weighted_mean,10.0,True,0.00010253583035306415,0.9990678579614375,0.00014532002162114007,0.0005325306766279169,0.0001517555099602498
img_0a3668a0f249eb52,selection_conditional_full_development_oof_v4,dataset_test/02_ornek/kt152.JPG,02_ornek,02_ornek,True,0.8413365046119687,02_ornek,01_opishnyan_ceramics,05_kosiv_ceramics,0,train,obj_single_0a3668a0f249eb52,,unreviewed,unreviewed,global_cls__c10__source0p5,motif_texture_weighted_mean__c10__source0p5,texture_weighted_mean,10.0,True,0.08799001582659313,0.8413365046119687,0.031487427634176494,0.007365326171150841,0.0318207257561108
img_d643cd4f86822f13,selection_conditional_full_development_oof_v4,dataset_test/02_ornek/kt154.jpg,02_ornek,02_ornek,True,0.9945053027696102,02_ornek,05_kosiv_ceramics,04_petrykivka_painting,0,train,obj_single_d643cd4f86822f13,,unreviewed,unreviewed,global_cls__c10__source0p5,motif_texture_weighted_mean__c10__source0p5,texture_weighted_mean,10.0,True,0.00040701981236347163,0.9945053027696102,8.290969588618634e-05,0.001451556732109476,0.0035532109900305634
img_1983edf31f9c4d3d,selection_conditional_full_development_oof_v4,dataset_test/02_ornek/kt159.jpg,02_ornek,02_ornek,True,0.9970690144862036,02_ornek,04_petrykivka_painting,05_kosiv_ceramics,2,train,obj_single_1983edf31f9c4d3d,,unreviewed,unreviewed,global_cls__c10__source0p5,motif_texture_weighted_mean__c10__source0p5,texture_weighted_mean,10.0,True,0.00014340859901235313,0.9970690144862036,4.881109503691647e-05,0.0019864333113947664,0.0007523325083524168
img_dd4d8731cf99113e,selection_conditional_full_development_oof_v4,dataset_test/02_ornek/kt163.jpg,02_ornek,02_ornek,True,0.9996744231646576,02_ornek,05_kosiv_ceramics,03_bubnivka_ceramics,1,train,obj_single_dd4d8731cf99113e,,unreviewed,unreviewed,global_cls__c10__source0p5,motif_texture_weighted_mean__c10__source0p5,texture_weighted_mean,10.0,True,1.406580064013521e-05,0.9996744231646576,0.00010763486020291872,4.49778916043898e-05,0.00015889828289499482
img_c155f7465630fce1,selection_conditional_full_development_oof_v4,dataset_test/02_ornek/kt167.jpg,02_ornek,02_ornek,True,0.9560901137844823,02_ornek,05_kosiv_ceramics,01_opishnyan_ceramics,3,train,obj_single_c155f7465630fce1,,unreviewed,unreviewed,global_cls__c10__source0p5,motif_texture_weighted_mean__c10__source0p5,texture_weighted_mean,10.0,True,0.012437224352185168,0.9560901137844823,0.0071040241331021955,0.00016193706637752863,0.024206700663852818
img_226b34aff9c02bae,selection_conditional_full_development_oof_v4,dataset_test/02_ornek/kt170.jpg,02_ornek,02_ornek,True,0.991076926774725,02_ornek,03_bubnivka_ceramics,01_opishnyan_ceramics,4,train,obj_single_226b34aff9c02bae,,unreviewed,unreviewed,global_cls__c10__source0p5,motif_texture_weighted_mean__c10__source0p5,texture_weighted_mean,10.0,True,0.0011367897294031785,0.991076926774725,0.007665377754793625,2.2055827576887893e-05,9.884991350125262e-05
img_86b0959e3330c4bc,selection_conditional_full_development_oof_v4,dataset_test/02_ornek/kt173.jpg,02_ornek,02_ornek,True,0.707712198188137,02_ornek,05_kosiv_ceramics,03_bubnivka_ceramics,3,validation,obj_single_86b0959e3330c4bc,,unreviewed,unreviewed,global_cls__c10__source0p5,motif_texture_weighted_mean__c10__source0p5,texture_weighted_mean,10.0,True,0.007238165206416003,0.707712198188137,0.029780179860205796,0.012157958445257428,0.243111498299984
img_e75073ea4f45ee82,selection_conditional_full_development_oof_v4,dataset_test/02_ornek/kt176.jpg,02_ornek,02_ornek,True,0.9695483216471985,02_ornek,04_petrykivka_painting,01_opishnyan_ceramics,2,train,obj_single_e75073ea4f45ee82,,unreviewed,unreviewed,global_cls__c10__source0p5,motif_texture_weighted_mean__c10__source0p5,texture_weighted_mean,10.0,True,0.00915182856143759,0.9695483216471985,0.002742299496457125,0.017109197886398756,0.0014483524085078675
img_afe2be244eb0d632,selection_conditional_full_development_oof_v4,dataset_test/02_ornek/kt184.jpg,02_ornek,02_ornek,True,0.9986485382440977,02_ornek,01_opishnyan_ceramics,05_kosiv_ceramics,0,validation,obj_single_afe2be244eb0d632,,unreviewed,unreviewed,global_cls__c10__source0p5,motif_texture_weighted_mean__c10__source0p5,texture_weighted_mean,10.0,True,0.0004702500382413292,0.9986485382440977,0.0002306840253386299,0.00030121553672406604,0.0003493121555983996
img_a2bcabeeff849533,selection_conditional_full_development_oof_v4,dataset_test/02_ornek/kt206.jpg,02_ornek,02_ornek,True,0.9674193022583834,02_ornek,04_petrykivka_painting,05_kosiv_ceramics,2,train,obj_single_a2bcabeeff849533,,unreviewed,unreviewed,global_cls__c10__source0p5,motif_texture_weighted_mean__c10__source0p5,texture_weighted_mean,10.0,True,0.0001466103911457153,0.9674193022583834,0.0023521342789902485,0.01855382610237255,0.011528126969108383
img_984fdec8db82aa75,selection_conditional_full_development_oof_v4,dataset_test/02_ornek/kt208.jpg,02_ornek,02_ornek,True,0.8071183716442847,02_ornek,01_opishnyan_ceramics,05_kosiv_ceramics,0,train,obj_single_984fdec8db82aa75,,unreviewed,unreviewed,global_cls__c10__source0p5,motif_texture_weighted_mean__c10__source0p5,texture_weighted_mean,10.0,True,0.13245223120909108,0.8071183716442847,0.0014312923515111134,0.0029287608376298074,0.056069343957483135
img_5c434e84c37792b8,selection_conditional_full_development_oof_v4,dataset_test/02_ornek/kt210.JPG,02_ornek,02_ornek,True,0.9257118544995712,02_ornek,01_opishnyan_ceramics,03_bubnivka_ceramics,3,train,obj_single_5c434e84c37792b8,,unreviewed,unreviewed,global_cls__c10__source0p5,motif_texture_weighted_mean__c10__source0p5,texture_weighted_mean,10.0,True,0.06853705277591046,0.9257118544995712,0.0028889567289022105,0.0009292460864218152,0.001932889909194064
img_e2f0d150aca279dd,selection_conditional_full_development_oof_v4,dataset_test/02_ornek/kt213.jpg,02_ornek,02_ornek,True,0.9586362231758093,02_ornek,04_petrykivka_painting,03_bubnivka_ceramics,1,train,obj_single_e2f0d150aca279dd,,unreviewed,unreviewed,global_cls__c10__source0p5,motif_texture_weighted_mean__c10__source0p5,texture_weighted_mean,10.0,True,0.0003066902327406039,0.9586362231758093,0.011868098255653367,0.02463043588264323,0.004558552453153539
img_e2cfecb300bd1e96,selection_conditional_full_development_oof_v4,dataset_test/02_ornek/kt216.JPG,02_ornek,02_ornek,True,0.9104463230169377,02_ornek,01_opishnyan_ceramics,03_bubnivka_ceramics,1,train,obj_single_e2cfecb300bd1e96,,unreviewed,unreviewed,global_cls__c10__source0p5,motif_texture_weighted_mean__c10__source0p5,texture_weighted_mean,10.0,True,0.04076141074163678,0.9104463230169377,0.03787937519747181,0.009278444343594514,0.0016344467003593793
img_532069edfab79d19,selection_conditional_full_development_oof_v4,dataset_test/02_ornek/kt224.JPG,02_ornek,02_ornek,True,0.9959502187052139,02_ornek,01_opishnyan_ceramics,03_bubnivka_ceramics,3,train,obj_single_532069edfab79d19,,unreviewed,unreviewed,global_cls__c10__source0p5,motif_texture_weighted_mean__c10__source0p5,texture_weighted_mean,10.0,True,0.0026292326165986827,0.9959502187052139,0.0006166692980008223,0.0003129406688911533,0.0004909387112954025
img_565f04c402d911bf,selection_conditional_full_development_oof_v4,dataset_test/02_ornek/kt225.jpg,02_ornek,02_ornek,True,0.990646932633487,02_ornek,04_petrykivka_painting,01_opishnyan_ceramics,0,train,obj_single_565f04c402d911bf,,unreviewed,unreviewed,global_cls__c10__source0p5,motif_texture_weighted_mean__c10__source0p5,texture_weighted_mean,10.0,True,0.003707576054315604,0.990646932633487,0.0002292219376932157,0.0038772149090059434,0.001539054465498221
img_5d25126d9c2f247e,selection_conditional_full_development_oof_v4,dataset_test/02_ornek/kt227.jpg,02_ornek,02_ornek,True,0.7587201228001953,02_ornek,05_kosiv_ceramics,03_bubnivka_ceramics,3,train,obj_single_5d25126d9c2f247e,,unreviewed,unreviewed,global_cls__c10__source0p5,motif_texture_weighted_mean__c10__source0p5,texture_weighted_mean,10.0,True,0.0019921695819369927,0.7587201228001953,0.0038799197439723155,0.0018360343263784577,0.23357175354751686
img_ac7a0bcd8a6696af,selection_conditional_full_development_oof_v4,dataset_test/02_ornek/kt231.jpg,02_ornek,02_ornek,True,0.9935044430573866,02_ornek,04_petrykivka_painting,05_kosiv_ceramics,1,train,obj_single_ac7a0bcd8a6696af,,unreviewed,unreviewed,global_cls__c10__source0p5,motif_texture_weighted_mean__c10__source0p5,texture_weighted_mean,10.0,True,3.3589466954804356e-06,0.9935044430573866,5.4815847270817995e-05,0.005272059952051057,0.0011653221965961047
img_3b78fa10a606ab43,selection_conditional_full_development_oof_v4,dataset_test/02_ornek/kt233.jpg,02_ornek,02_ornek,True,0.9963582640424237,02_ornek,04_petrykivka_painting,03_bubnivka_ceramics,1,train,obj_single_3b78fa10a606ab43,,unreviewed,unreviewed,global_cls__c10__source0p5,motif_texture_weighted_mean__c10__source0p5,texture_weighted_mean,10.0,True,0.0001387329305707204,0.9963582640424237,0.0002650422237698325,0.0030539971838314567,0.0001839636194042057
img_9792d8ac3b4e854a,selection_conditional_full_development_oof_v4,dataset_test/02_ornek/kt235.jpg,02_ornek,02_ornek,True,0.8729983264989357,02_ornek,04_petrykivka_painting,05_kosiv_ceramics,2,train,obj_single_9792d8ac3b4e854a,,unreviewed,unreviewed,global_cls__c10__source0p5,motif_texture_weighted_mean__c10__source0p5,texture_weighted_mean,10.0,True,0.011118145526081024,0.8729983264989357,0.0019579046542000955,0.08507318628189707,0.02885243703888609
img_39c33a344a08e67b,selection_conditional_full_development_oof_v4,dataset_test/02_ornek/kt237.jpg,02_ornek,02_ornek,True,0.9984855288813069,02_ornek,05_kosiv_ceramics,04_petrykivka_painting,3,train,obj_single_39c33a344a08e67b,,unreviewed,unreviewed,global_cls__c10__source0p5,motif_texture_weighted_mean__c10__source0p5,texture_weighted_mean,10.0,True,4.0636204926935884e-06,0.9984855288813069,3.763252304089241e-05,0.0001768406259552861,0.0012959343492040649
img_73a3edd6071fa9c0,selection_conditional_full_development_oof_v4,dataset_test/02_ornek/kt241.jpg,02_ornek,02_ornek,True,0.9950295946591513,02_ornek,03_bubnivka_ceramics,01_opishnyan_ceramics,0,train,obj_single_73a3edd6071fa9c0,,unreviewed,unreviewed,global_cls__c10__source0p5,motif_texture_weighted_mean__c10__source0p5,texture_weighted_mean,10.0,True,0.0014489256246926617,0.9950295946591513,0.0017977133168905455,0.001183664980042257,0.0005401014192230484
img_93c7ad90aa21e99a,selection_conditional_full_development_oof_v4,dataset_test/02_ornek/kt242.jpg,02_ornek,02_ornek,True,0.9866244957959003,02_ornek,04_petrykivka_painting,05_kosiv_ceramics,1,train,obj_single_93c7ad90aa21e99a,,unreviewed,unreviewed,global_cls__c10__source0p5,motif_texture_weighted_mean__c10__source0p5,texture_weighted_mean,10.0,True,6.749951935819146e-05,0.9866244957959003,0.00031088302142874677,0.012089975639568774,0.0009071460237439561
img_a68781d0febebc14,selection_conditional_full_development_oof_v4,dataset_test/02_ornek/kt243.jpg,02_ornek,02_ornek,True,0.9441314899298427,02_ornek,04_petrykivka_painting,05_kosiv_ceramics,3,validation,obj_single_a68781d0febebc14,,unreviewed,unreviewed,global_cls__c10__source0p5,motif_texture_weighted_mean__c10__source0p5,texture_weighted_mean,10.0,True,0.00019018727058734238,0.9441314899298427,0.00044597998765355437,0.04427793518137609,0.010954407630540217
img_b1c395b5600d7980,selection_conditional_full_development_oof_v4,dataset_test/02_ornek/kt245.jpg,02_ornek,02_ornek,True,0.9973089855391708,02_ornek,03_bubnivka_ceramics,05_kosiv_ceramics,1,train,obj_single_b1c395b5600d7980,,unreviewed,unreviewed,global_cls__c10__source0p5,motif_texture_weighted_mean__c10__source0p5,texture_weighted_mean,10.0,True,6.887367853881287e-05,0.9973089855391708,0.002094654251855503,0.0001654806739575466,0.0003620058564773508
img_264e7917786a38c4,selection_conditional_full_development_oof_v4,dataset_test/02_ornek/kt247.JPG,02_ornek,02_ornek,True,0.9995545273170657,02_ornek,03_bubnivka_ceramics,01_opishnyan_ceramics,2,train,obj_single_264e7917786a38c4,,unreviewed,unreviewed,global_cls__c10__source0p5,motif_texture_weighted_mean__c10__source0p5,texture_weighted_mean,10.0,True,0.00010693476527742477,0.9995545273170657,0.00020578848797584491,7.965471432537329e-05,5.3094715355597394e-05
img_16c1b5fa660666e6,selection_conditional_full_development_oof_v4,dataset_test/02_ornek/kt253.jpg,02_ornek,02_ornek,True,0.9984442782946963,02_ornek,03_bubnivka_ceramics,04_petrykivka_painting,3,train,obj_single_16c1b5fa660666e6,,unreviewed,unreviewed,global_cls__c10__source0p5,motif_texture_weighted_mean__c10__source0p5,texture_weighted_mean,10.0,True,0.00011400851602515548,0.9984442782946963,0.0006529882378662361,0.00042325332717427157,0.0003654716242379941
img_963449bfdd04cc15,selection_conditional_full_development_oof_v4,dataset_test/02_ornek/kt258.jpg,02_ornek,02_ornek,True,0.9769461556681864,02_ornek,03_bubnivka_ceramics,05_kosiv_ceramics,2,train,obj_single_963449bfdd04cc15,,unreviewed,unreviewed,global_cls__c10__source0p5,motif_texture_weighted_mean__c10__source0p5,texture_weighted_mean,10.0,True,9.256459012196326e-05,0.9769461556681864,0.00797464793112753,0.007050311382083631,0.007936320428480548
img_3dd4d658ecc094a8,selection_conditional_full_development_oof_v4,dataset_test/02_ornek/kt260.jpg,02_ornek,02_ornek,True,0.9889482998290835,02_ornek,05_kosiv_ceramics,04_petrykivka_painting,2,train,obj_single_3dd4d658ecc094a8,,unreviewed,unreviewed,global_cls__c10__source0p5,motif_texture_weighted_mean__c10__source0p5,texture_weighted_mean,10.0,True,0.000960941493906322,0.9889482998290835,0.0006601100507173963,0.0017918067998343122,0.0076388418264585175
img_79ffbf9af6ebc869,selection_conditional_full_development_oof_v4,dataset_test/02_ornek/kt262.jpg,02_ornek,02_ornek,True,0.9621139778788146,02_ornek,04_petrykivka_painting,05_kosiv_ceramics,4,train,obj_single_79ffbf9af6ebc869,,unreviewed,unreviewed,global_cls__c10__source0p5,motif_texture_weighted_mean__c10__source0p5,texture_weighted_mean,10.0,True,0.0004654723691719632,0.9621139778788146,0.00016159083111312494,0.035729211258059924,0.0015297476628405458
img_1972ae3f418ef602,selection_conditional_full_development_oof_v4,dataset_test/02_ornek/kt267.jpg,02_ornek,02_ornek,True,0.9578224396362807,02_ornek,05_kosiv_ceramics,03_bubnivka_ceramics,2,train,obj_single_1972ae3f418ef602,,unreviewed,unreviewed,global_cls__c10__source0p5,motif_texture_weighted_mean__c10__source0p5,texture_weighted_mean,10.0,True,0.003405051503413592,0.9578224396362807,0.0066829155129157726,0.005086901461955201,0.027002691885434537
img_a0883cd68984622c,selection_conditional_full_development_oof_v4,dataset_test/02_ornek/kt268.jpg,02_ornek,02_ornek,True,0.9500468386669221,02_ornek,05_kosiv_ceramics,01_opishnyan_ceramics,2,train,obj_single_a0883cd68984622c,,unreviewed,unreviewed,global_cls__c10__source0p5,motif_texture_weighted_mean__c10__source0p5,texture_weighted_mean,10.0,True,0.021756597298511194,0.9500468386669221,0.0003427090649535879,0.003442886162394772,0.02441096880721843
img_c7a533b150236f1e,selection_conditional_full_development_oof_v4,dataset_test/02_ornek/kt272.jpg,02_ornek,02_ornek,True,0.9786112357311573,02_ornek,05_kosiv_ceramics,04_petrykivka_painting,2,validation,obj_single_c7a533b150236f1e,,unreviewed,unreviewed,global_cls__c10__source0p5,motif_texture_weighted_mean__c10__source0p5,texture_weighted_mean,10.0,True,0.00020739380129020438,0.9786112357311573,0.0003439980493310627,0.004914751405109476,0.015922621013112197
img_8e8c5869c0dc11a3,selection_conditional_full_development_oof_v4,dataset_test/02_ornek/kt273.jpg,02_ornek,02_ornek,True,0.9806556709793242,02_ornek,01_opishnyan_ceramics,05_kosiv_ceramics,2,train,obj_single_8e8c5869c0dc11a3,,unreviewed,unreviewed,global_cls__c10__source0p5,motif_texture_weighted_mean__c10__source0p5,texture_weighted_mean,10.0,True,0.007091256750382398,0.9806556709793242,0.005113472613164026,0.0005855150165908897,0.006554084640538564
img_029b6bcdcbd36deb,selection_conditional_full_development_oof_v4,dataset_test/02_ornek/kt279.jpg,02_ornek,02_ornek,True,0.991020456755448,02_ornek,04_petrykivka_painting,05_kosiv_ceramics,0,train,obj_single_029b6bcdcbd36deb,,unreviewed,unreviewed,global_cls__c10__source0p5,motif_texture_weighted_mean__c10__source0p5,texture_weighted_mean,10.0,True,0.00023394958339122428,0.991020456755448,0.00013145926942769899,0.008049895280807885,0.0005642391109251039
img_adcfdd54eb30d794,selection_conditional_full_development_oof_v4,dataset_test/02_ornek/kt284.jpg,02_ornek,02_ornek,True,0.9178685119403491,02_ornek,04_petrykivka_painting,03_bubnivka_ceramics,1,train,obj_single_adcfdd54eb30d794,,unreviewed,unreviewed,global_cls__c10__source0p5,motif_texture_weighted_mean__c10__source0p5,texture_weighted_mean,10.0,True,0.0064001925761747284,0.9178685119403491,0.008583853009478707,0.061902680058555835,0.005244762415441423
img_f9c651778c1c944f,selection_conditional_full_development_oof_v4,dataset_test/02_ornek/kt288.JPG,02_ornek,02_ornek,True,0.9889861014301454,02_ornek,05_kosiv_ceramics,04_petrykivka_painting,0,validation,obj_single_f9c651778c1c944f,,unreviewed,unreviewed,global_cls__c10__source0p5,motif_texture_weighted_mean__c10__source0p5,texture_weighted_mean,10.0,True,0.0012492838424320773,0.9889861014301454,0.00023977710845078085,0.0026483757140922043,0.006876461904879622
img_1386ddfabe4b6141,selection_conditional_full_development_oof_v4,dataset_test/02_ornek/kt291.jpg,02_ornek,02_ornek,True,0.9784803815077567,02_ornek,03_bubnivka_ceramics,04_petrykivka_painting,2,train,obj_single_1386ddfabe4b6141,,unreviewed,unreviewed,global_cls__c10__source0p5,motif_texture_weighted_mean__c10__source0p5,texture_weighted_mean,10.0,True,0.00035609462252773124,0.9784803815077567,0.015960145731453514,0.004077380532897911,0.0011259976053643113
img_ca90c1098e32a6ed,selection_conditional_full_development_oof_v4,dataset_test/02_ornek/kt294.jpg,02_ornek,02_ornek,True,0.9722920688780263,02_ornek,04_petrykivka_painting,03_bubnivka_ceramics,2,train,obj_single_ca90c1098e32a6ed,,unreviewed,unreviewed,global_cls__c10__source0p5,motif_texture_weighted_mean__c10__source0p5,texture_weighted_mean,10.0,True,0.0008719841177488655,0.9722920688780263,0.011181505199813742,0.013781453849594442,0.001872987954816698
img_bd9fecdd39bdef8c,selection_conditional_full_development_oof_v4,dataset_test/02_ornek/kt297.jpg,02_ornek,02_ornek,True,0.9957812433184954,02_ornek,03_bubnivka_ceramics,05_kosiv_ceramics,0,train,obj_single_bd9fecdd39bdef8c,,unreviewed,unreviewed,global_cls__c10__source0p5,motif_texture_weighted_mean__c10__source0p5,texture_weighted_mean,10.0,True,0.00015521395486559343,0.9957812433184954,0.0035073318345658295,0.0001931926602772297,0.00036301823179588907
img_003d67ba04493b41,selection_conditional_full_development_oof_v4,dataset_test/02_ornek/kt298.jpg,02_ornek,02_ornek,True,0.9978739000956132,02_ornek,04_petrykivka_painting,03_bubnivka_ceramics,3,train,obj_single_003d67ba04493b41,,unreviewed,unreviewed,global_cls__c10__source0p5,motif_texture_weighted_mean__c10__source0p5,texture_weighted_mean,10.0,True,8.4159776921219e-05,0.9978739000956132,0.00041067961034022416,0.001465333555664803,0.0001659269614604341
img_7b36a619fd1c5962,selection_conditional_full_development_oof_v4,dataset_test/02_ornek/kt305.jpg,02_ornek,02_ornek,True,0.9951873307239595,02_ornek,05_kosiv_ceramics,04_petrykivka_painting,3,validation,obj_single_7b36a619fd1c5962,,unreviewed,unreviewed,global_cls__c10__source0p5,motif_texture_weighted_mean__c10__source0p5,texture_weighted_mean,10.0,True,5.837253559294157e-05,0.9951873307239595,0.0001082941831456155,0.0006327073907057619,0.004013295166596169
img_ea957130b2438e21,selection_conditional_full_development_oof_v4,dataset_test/02_ornek/kt307.jpg,02_ornek,02_ornek,True,0.8798757914974847,02_ornek,03_bubnivka_ceramics,01_opishnyan_ceramics,4,train,obj_single_ea957130b2438e21,,unreviewed,unreviewed,global_cls__c10__source0p5,motif_texture_weighted_mean__c10__source0p5,texture_weighted_mean,10.0,True,0.030632837119010593,0.8798757914974847,0.07003034134833701,0.01104745361259839,0.00841357642256946
img_bdc135584a0d50c4,selection_conditional_full_development_oof_v4,dataset_test/02_ornek/kt311.JPG,02_ornek,02_ornek,True,0.9965581862387463,02_ornek,05_kosiv_ceramics,01_opishnyan_ceramics,4,train,obj_single_bdc135584a0d50c4,,unreviewed,unreviewed,global_cls__c10__source0p5,motif_texture_weighted_mean__c10__source0p5,texture_weighted_mean,10.0,True,0.0007873318500207011,0.9965581862387463,0.0007511688868437032,0.00037443851853120067,0.0015288745058580388
img_2022d224ecf8aec5,selection_conditional_full_development_oof_v4,dataset_test/02_ornek/kt312.JPG,02_ornek,02_ornek,True,0.9841557582441572,02_ornek,01_opishnyan_ceramics,05_kosiv_ceramics,2,validation,obj_single_2022d224ecf8aec5,,unreviewed,unreviewed,global_cls__c10__source0p5,motif_texture_weighted_mean__c10__source0p5,texture_weighted_mean,10.0,True,0.010460815829747557,0.9841557582441572,0.00017993032504600925,0.0020008615083661066,0.003202634092683048
img_6680af43a3cd6eb9,selection_conditional_full_development_oof_v4,dataset_test/02_ornek/kt314.jpg,02_ornek,02_ornek,True,0.9975014650767474,02_ornek,05_kosiv_ceramics,04_petrykivka_painting,0,train,obj_single_6680af43a3cd6eb9,,unreviewed,unreviewed,global_cls__c10__source0p5,motif_texture_weighted_mean__c10__source0p5,texture_weighted_mean,10.0,True,0.00017250843183500602,0.9975014650767474,0.0001047714926123285,0.0007813628616797129,0.001439892137125417
img_9f219b4cf1e1d818,selection_conditional_full_development_oof_v4,dataset_test/02_ornek/kt315.jpg,02_ornek,02_ornek,True,0.9894078585649653,02_ornek,05_kosiv_ceramics,04_petrykivka_painting,4,train,obj_single_9f219b4cf1e1d818,,unreviewed,unreviewed,global_cls__c10__source0p5,motif_texture_weighted_mean__c10__source0p5,texture_weighted_mean,10.0,True,0.00014292973396574715,0.9894078585649653,0.001332229018724449,0.0031166064256288213,0.006000376256715776
img_db7ef11f8e9923e4,selection_conditional_full_development_oof_v4,dataset_test/02_ornek/kt318.jpg,02_ornek,02_ornek,True,0.9943618138959732,02_ornek,04_petrykivka_painting,05_kosiv_ceramics,4,train,obj_single_db7ef11f8e9923e4,,unreviewed,unreviewed,global_cls__c10__source0p5,motif_texture_weighted_mean__c10__source0p5,texture_weighted_mean,10.0,True,0.0011335934669158363,0.9943618138959732,0.000560414588865995,0.0021104164586469225,0.0018337615895978516
img_3663b453d23b9061,selection_conditional_full_development_oof_v4,dataset_test/02_ornek/kt319.jpg,02_ornek,02_ornek,True,0.9964878448651154,02_ornek,04_petrykivka_painting,01_opishnyan_ceramics,2,train,obj_single_3663b453d23b9061,,unreviewed,unreviewed,global_cls__c10__source0p5,motif_texture_weighted_mean__c10__source0p5,texture_weighted_mean,10.0,True,0.0007805390435250509,0.9964878448651154,0.0005849347651941319,0.0017225322382769415,0.00042414908788856266
img_62d2dc5703eb8c5c,selection_conditional_full_development_oof_v4,dataset_test/02_ornek/kt324.jpg,02_ornek,02_ornek,True,0.9661663689098661,02_ornek,04_petrykivka_painting,03_bubnivka_ceramics,4,train,obj_single_62d2dc5703eb8c5c,,unreviewed,unreviewed,global_cls__c10__source0p5,motif_texture_weighted_mean__c10__source0p5,texture_weighted_mean,10.0,True,0.0026739395986621057,0.9661663689098661,0.010318338886506418,0.016469861571837382,0.004371491033128077
img_c003828522fa6d37,selection_conditional_full_development_oof_v4,dataset_test/02_ornek/kt327.jpg,02_ornek,02_ornek,True,0.9992414797829874,02_ornek,03_bubnivka_ceramics,05_kosiv_ceramics,1,train,obj_single_c003828522fa6d37,,unreviewed,unreviewed,global_cls__c10__source0p5,motif_texture_weighted_mean__c10__source0p5,texture_weighted_mean,10.0,True,0.0001243074844619356,0.9992414797829874,0.00036836223257304964,4.810736436717402e-05,0.000217743135610654
img_e7d730656e020310,selection_conditional_full_development_oof_v4,dataset_test/02_ornek/kt330.JPG,02_ornek,02_ornek,True,0.9936600304709259,02_ornek,04_petrykivka_painting,05_kosiv_ceramics,1,train,obj_single_e7d730656e020310,,unreviewed,unreviewed,global_cls__c10__source0p5,motif_texture_weighted_mean__c10__source0p5,texture_weighted_mean,10.0,True,5.9333960467426806e-05,0.9936600304709259,0.00010574199486620818,0.0032715015151520066,0.0029033920585885982
img_05b6eb233c4b03f9,selection_conditional_full_development_oof_v4,dataset_test/02_ornek/kt331.jpg,02_ornek,02_ornek,True,0.9973156068405886,02_ornek,04_petrykivka_painting,05_kosiv_ceramics,0,train,obj_single_05b6eb233c4b03f9,,unreviewed,unreviewed,global_cls__c10__source0p5,motif_texture_weighted_mean__c10__source0p5,texture_weighted_mean,10.0,True,2.4671417198771388e-05,0.9973156068405886,3.069877921653177e-05,0.002445802541679691,0.00018322042131632297
img_799d854bfb84b74c,selection_conditional_full_development_oof_v4,dataset_test/02_ornek/kt338.jpg,02_ornek,02_ornek,True,0.9955691389244348,02_ornek,03_bubnivka_ceramics,05_kosiv_ceramics,2,validation,obj_single_799d854bfb84b74c,,unreviewed,unreviewed,global_cls__c10__source0p5,motif_texture_weighted_mean__c10__source0p5,texture_weighted_mean,10.0,True,0.00017785213384298196,0.9955691389244348,0.002637899189676036,0.00045451184666388445,0.0011605979053822136
img_e9c4fd3dde3a7c55,selection_conditional_full_development_oof_v4,dataset_test/02_ornek/kt340.jpg,02_ornek,02_ornek,True,0.9993755643751226,02_ornek,04_petrykivka_painting,03_bubnivka_ceramics,1,train,obj_single_e9c4fd3dde3a7c55,,unreviewed,unreviewed,global_cls__c10__source0p5,motif_texture_weighted_mean__c10__source0p5,texture_weighted_mean,10.0,True,8.912410442644607e-05,0.9993755643751226,0.0001917879775882941,0.0003165612195287966,2.6962323333992003e-05
img_2a814323b27e16d1,selection_conditional_full_development_oof_v4,dataset_test/02_ornek/kt347.jpg,02_ornek,02_ornek,True,0.5636614415592135,02_ornek,01_opishnyan_ceramics,03_bubnivka_ceramics,4,train,obj_single_2a814323b27e16d1,,unreviewed,unreviewed,global_cls__c10__source0p5,motif_texture_weighted_mean__c10__source0p5,texture_weighted_mean,10.0,True,0.2915013606824354,0.5636614415592135,0.12082813346358579,0.012599569817013918,0.011409494477751527
img_9dd74fb7fadf68c1,selection_conditional_full_development_oof_v4,dataset_test/02_ornek/kt350.jpg,02_ornek,02_ornek,True,0.7515364883625163,02_ornek,01_opishnyan_ceramics,05_kosiv_ceramics,0,train,obj_single_9dd74fb7fadf68c1,,unreviewed,unreviewed,global_cls__c10__source0p5,motif_texture_weighted_mean__c10__source0p5,texture_weighted_mean,10.0,True,0.2108525444121596,0.7515364883625163,0.017427416291126874,0.002282228461942359,0.017901322472254896
img_ecbb078a391acb40,selection_conditional_full_development_oof_v4,dataset_test/02_ornek/kt351.jpg,02_ornek,02_ornek,True,0.7396322223927783,02_ornek,01_opishnyan_ceramics,03_bubnivka_ceramics,3,train,obj_single_ecbb078a391acb40,,unreviewed,unreviewed,global_cls__c10__source0p5,motif_texture_weighted_mean__c10__source0p5,texture_weighted_mean,10.0,True,0.2485807598612931,0.7396322223927783,0.006692966936099291,0.002196510300252869,0.0028975405095763127
img_c62959b5089a38a2,selection_conditional_full_development_oof_v4,dataset_test/02_ornek/kt354.jpg,02_ornek,02_ornek,True,0.9825108715610618,02_ornek,05_kosiv_ceramics,04_petrykivka_painting,0,train,obj_single_c62959b5089a38a2,,unreviewed,unreviewed,global_cls__c10__source0p5,motif_texture_weighted_mean__c10__source0p5,texture_weighted_mean,10.0,True,0.0020297587070312486,0.9825108715610618,0.0018733020145422661,0.0020475676412894024,0.011538500076075238
img_e6bd754aa571fb37,selection_conditional_full_development_oof_v4,dataset_test/02_ornek/kt359.jpg,02_ornek,02_ornek,True,0.9800204866904838,02_ornek,03_bubnivka_ceramics,01_opishnyan_ceramics,2,validation,obj_single_e6bd754aa571fb37,,unreviewed,unreviewed,global_cls__c10__source0p5,motif_texture_weighted_mean__c10__source0p5,texture_weighted_mean,10.0,True,0.006282496102022446,0.9800204866904838,0.011942928951890136,0.0005946840391207038,0.0011594042164829305
img_ca52c8c6c04a6f3a,selection_conditional_full_development_oof_v4,dataset_test/02_ornek/kt363.jpg,02_ornek,02_ornek,True,0.8776620375454766,02_ornek,01_opishnyan_ceramics,03_bubnivka_ceramics,3,train,obj_single_ca52c8c6c04a6f3a,,unreviewed,unreviewed,global_cls__c10__source0p5,motif_texture_weighted_mean__c10__source0p5,texture_weighted_mean,10.0,True,0.10749101203565026,0.8776620375454766,0.007060451194848992,0.0007629788666032182,0.007023520357420811
img_3db3f5ef26b67e53,selection_conditional_full_development_oof_v4,dataset_test/02_ornek/kt369.jpg,02_ornek,02_ornek,True,0.9900165366596271,02_ornek,05_kosiv_ceramics,04_petrykivka_painting,4,train,obj_single_3db3f5ef26b67e53,,unreviewed,unreviewed,global_cls__c10__source0p5,motif_texture_weighted_mean__c10__source0p5,texture_weighted_mean,10.0,True,0.0006072229277558657,0.9900165366596271,0.0006668635590717542,0.00409378199931697,0.004615594854228591
img_0a9df44043208d58,selection_conditional_full_development_oof_v4,dataset_test/02_ornek/kt372.jpg,02_ornek,02_ornek,True,0.9954348256059721,02_ornek,04_petrykivka_painting,01_opishnyan_ceramics,3,train,obj_single_0a9df44043208d58,,unreviewed,unreviewed,global_cls__c10__source0p5,motif_texture_weighted_mean__c10__source0p5,texture_weighted_mean,10.0,True,0.0007388903873948557,0.9954348256059721,8.004388614625682e-05,0.003405288018643802,0.0003409521018428127
img_ce196bfd40ec7636,selection_conditional_full_development_oof_v4,dataset_test/02_ornek/kt374.jpg,02_ornek,02_ornek,True,0.998293053473488,02_ornek,04_petrykivka_painting,05_kosiv_ceramics,0,train,obj_single_ce196bfd40ec7636,,unreviewed,unreviewed,global_cls__c10__source0p5,motif_texture_weighted_mean__c10__source0p5,texture_weighted_mean,10.0,True,5.420628172097926e-05,0.998293053473488,3.718132189138206e-05,0.0010904931544802488,0.0005250657684194156
img_edb928cc2c5374e5,selection_conditional_full_development_oof_v4,dataset_test/02_ornek/kt375.jpg,02_ornek,02_ornek,True,0.9374809956502979,02_ornek,01_opishnyan_ceramics,04_petrykivka_painting,3,train,obj_single_edb928cc2c5374e5,,unreviewed,unreviewed,global_cls__c10__source0p5,motif_texture_weighted_mean__c10__source0p5,texture_weighted_mean,10.0,True,0.04520684114579267,0.9374809956502979,0.0001838382931971466,0.01361971237045959,0.003508612540252561
img_93e9fd91fb209ed6,selection_conditional_full_development_oof_v4,dataset_test/02_ornek/kt377.jpg,02_ornek,02_ornek,True,0.9491351763665906,02_ornek,04_petrykivka_painting,01_opishnyan_ceramics,4,train,obj_single_93e9fd91fb209ed6,,unreviewed,unreviewed,global_cls__c10__source0p5,motif_texture_weighted_mean__c10__source0p5,texture_weighted_mean,10.0,True,0.005844192500091796,0.9491351763665906,0.0020145308938177287,0.040657073146142655,0.0023490270933572313
img_7bbe73b734404765,selection_conditional_full_development_oof_v4,dataset_test/02_ornek/kt380.jpg,02_ornek,02_ornek,True,0.9810995156228284,02_ornek,01_opishnyan_ceramics,04_petrykivka_painting,2,train,obj_single_7bbe73b734404765,,unreviewed,unreviewed,global_cls__c10__source0p5,motif_texture_weighted_mean__c10__source0p5,texture_weighted_mean,10.0,True,0.010172937455640184,0.9810995156228284,0.002916313534279082,0.004315337284969008,0.0014958961022835092
img_9ee79847fb4f6c4f,selection_conditional_full_development_oof_v4,dataset_test/02_ornek/kt382.jpg,02_ornek,02_ornek,True,0.8027344140688396,02_ornek,04_petrykivka_painting,01_opishnyan_ceramics,2,train,obj_single_9ee79847fb4f6c4f,,unreviewed,unreviewed,global_cls__c10__source0p5,motif_texture_weighted_mean__c10__source0p5,texture_weighted_mean,10.0,True,0.01633504606267179,0.8027344140688396,0.01489279257340916,0.15853179973228215,0.0075059475627975375
img_a3569e1ba3b0f28c,selection_conditional_full_development_oof_v4,dataset_test/02_ornek/kt392.jpg,02_ornek,02_ornek,True,0.9164283169973702,02_ornek,05_kosiv_ceramics,03_bubnivka_ceramics,1,train,obj_single_a3569e1ba3b0f28c,,unreviewed,unreviewed,global_cls__c10__source0p5,motif_texture_weighted_mean__c10__source0p5,texture_weighted_mean,10.0,True,0.0046956673953224325,0.9164283169973702,0.0366844652676434,0.0023180637302048263,0.03987348660945896
img_c90d5042ee48b7e3,selection_conditional_full_development_oof_v4,dataset_test/02_ornek/kt396.jpg,02_ornek,02_ornek,True,0.9948125320895252,02_ornek,05_kosiv_ceramics,03_bubnivka_ceramics,0,validation,obj_single_c90d5042ee48b7e3,,unreviewed,unreviewed,global_cls__c10__source0p5,motif_texture_weighted_mean__c10__source0p5,texture_weighted_mean,10.0,True,9.86667862481118e-05,0.9948125320895252,0.0006515316520710485,0.00010539271424648442,0.004331876757909138
img_145a5542859665f7,selection_conditional_full_development_oof_v4,dataset_test/02_ornek/kt397.jpg,02_ornek,02_ornek,True,0.6520663522081168,02_ornek,05_kosiv_ceramics,01_opishnyan_ceramics,2,train,obj_single_145a5542859665f7,,unreviewed,unreviewed,global_cls__c10__source0p5,motif_texture_weighted_mean__c10__source0p5,texture_weighted_mean,10.0,True,0.06071178709469708,0.6520663522081168,0.023378718256234804,0.03026642209643062,0.23357672034452062
img_00dd435c8a7110d1,selection_conditional_full_development_oof_v4,dataset_test/02_ornek/kt399.JPG,02_ornek,02_ornek,True,0.9962639280305716,02_ornek,05_kosiv_ceramics,04_petrykivka_painting,1,train,obj_single_00dd435c8a7110d1,,unreviewed,unreviewed,global_cls__c10__source0p5,motif_texture_weighted_mean__c10__source0p5,texture_weighted_mean,10.0,True,0.00016004951729374834,0.9962639280305716,0.00024747932179516576,0.0002957091316869688,0.003032833998652594
img_5544bf01af05443d,selection_conditional_full_development_oof_v4,dataset_test/02_ornek/kt400.jpg,02_ornek,02_ornek,True,0.9137621990736623,02_ornek,04_petrykivka_painting,05_kosiv_ceramics,3,train,obj_single_5544bf01af05443d,,unreviewed,unreviewed,global_cls__c10__source0p5,motif_texture_weighted_mean__c10__source0p5,texture_weighted_mean,10.0,True,0.0011390680294122199,0.9137621990736623,0.001489361760403291,0.07834314514189684,0.005266225994625319
img_a482a6e9d8a6b507,selection_conditional_full_development_oof_v4,dataset_test/02_ornek/kt401.jpg,02_ornek,02_ornek,True,0.8928660370218966,02_ornek,05_kosiv_ceramics,04_petrykivka_painting,3,train,obj_single_a482a6e9d8a6b507,,unreviewed,unreviewed,global_cls__c10__source0p5,motif_texture_weighted_mean__c10__source0p5,texture_weighted_mean,10.0,True,0.0006693435748516703,0.8928660370218966,0.0003899361960311966,0.0017987973935980526,0.10427588581362253
img_2e94ec9787df0062,selection_conditional_full_development_oof_v4,dataset_test/02_ornek/kt405.jpg,02_ornek,02_ornek,True,0.9531619756357468,02_ornek,04_petrykivka_painting,05_kosiv_ceramics,2,train,obj_single_2e94ec9787df0062,,unreviewed,unreviewed,global_cls__c10__source0p5,motif_texture_weighted_mean__c10__source0p5,texture_weighted_mean,10.0,True,0.0017614011564848096,0.9531619756357468,0.002353099378390736,0.027000840752438846,0.015722683076938634
img_12f1de2fe232183a,selection_conditional_full_development_oof_v4,dataset_test/02_ornek/kt406.jpg,02_ornek,02_ornek,True,0.997999445357861,02_ornek,03_bubnivka_ceramics,04_petrykivka_painting,0,train,obj_single_12f1de2fe232183a,,unreviewed,unreviewed,global_cls__c10__source0p5,motif_texture_weighted_mean__c10__source0p5,texture_weighted_mean,10.0,True,0.0002122658929489791,0.997999445357861,0.001067537090282044,0.0005910129101135254,0.00012973874879440055
img_315e284c822db828,selection_conditional_full_development_oof_v4,dataset_test/02_ornek/kt408.jpg,02_ornek,02_ornek,True,0.9996771801244774,02_ornek,04_petrykivka_painting,03_bubnivka_ceramics,4,train,obj_single_315e284c822db828,,unreviewed,unreviewed,global_cls__c10__source0p5,motif_texture_weighted_mean__c10__source0p5,texture_weighted_mean,10.0,True,4.211470270860278e-05,0.9996771801244774,6.702742592873024e-05,0.00015153934421845784,6.213840266682566e-05
img_8f62b53f3796f489,selection_conditional_full_development_oof_v4,dataset_test/02_ornek/kt410.JPG,02_ornek,02_ornek,True,0.9942966933740525,02_ornek,04_petrykivka_painting,03_bubnivka_ceramics,0,train,obj_single_8f62b53f3796f489,,unreviewed,unreviewed,global_cls__c10__source0p5,motif_texture_weighted_mean__c10__source0p5,texture_weighted_mean,10.0,True,0.0007750135958714422,0.9942966933740525,0.002218603926466328,0.002284048579292621,0.00042564052431701566
img_cbc319eb5735ca19,selection_conditional_full_development_oof_v4,dataset_test/02_ornek/kt413.JPG,02_ornek,02_ornek,True,0.9948426860101697,02_ornek,03_bubnivka_ceramics,04_petrykivka_painting,4,validation,obj_single_cbc319eb5735ca19,,unreviewed,unreviewed,global_cls__c10__source0p5,motif_texture_weighted_mean__c10__source0p5,texture_weighted_mean,10.0,True,6.669696849203028e-05,0.9948426860101697,0.003464234798202316,0.0010340883832078427,0.0005922938399284415
img_b139a3082ba9b420,selection_conditional_full_development_oof_v4,dataset_test/02_ornek/kt416.jpg,02_ornek,02_ornek,True,0.9935234867223278,02_ornek,03_bubnivka_ceramics,04_petrykivka_painting,3,train,obj_single_b139a3082ba9b420,,unreviewed,unreviewed,global_cls__c10__source0p5,motif_texture_weighted_mean__c10__source0p5,texture_weighted_mean,10.0,True,0.0002342050221654006,0.9935234867223278,0.003073521161845556,0.0023267814081802994,0.0008420056854807291
img_34ce12263305fb57,selection_conditional_full_development_oof_v4,dataset_test/02_ornek/kt418.JPG,02_ornek,02_ornek,True,0.957291531401081,02_ornek,03_bubnivka_ceramics,04_petrykivka_painting,4,train,obj_single_34ce12263305fb57,,unreviewed,unreviewed,global_cls__c10__source0p5,motif_texture_weighted_mean__c10__source0p5,texture_weighted_mean,10.0,True,0.00040376614423279217,0.957291531401081,0.03418570362300303,0.0045647558383474784,0.003554242993335696
img_c02daf61fd5058bb,selection_conditional_full_development_oof_v4,dataset_test/02_ornek/kt420.JPG,02_ornek,02_ornek,True,0.976080777267437,02_ornek,04_petrykivka_painting,05_kosiv_ceramics,0,validation,obj_single_c02daf61fd5058bb,,unreviewed,unreviewed,global_cls__c10__source0p5,motif_texture_weighted_mean__c10__source0p5,texture_weighted_mean,10.0,True,0.0024866317935060196,0.976080777267437,0.0003100367679654599,0.013609185099036492,0.007513369072054835
img_a35ca14dc4ffadf4,selection_conditional_full_development_oof_v4,dataset_test/02_ornek/kt422.jpg,02_ornek,02_ornek,True,0.9905779134354913,02_ornek,05_kosiv_ceramics,03_bubnivka_ceramics,0,train,obj_single_a35ca14dc4ffadf4,,unreviewed,unreviewed,global_cls__c10__source0p5,motif_texture_weighted_mean__c10__source0p5,texture_weighted_mean,10.0,True,0.0008760156938035891,0.9905779134354913,0.0027036142091194314,0.002529812920042354,0.003312643741543371
img_c1089b9a24fa8979,selection_conditional_full_development_oof_v4,dataset_test/02_ornek/kt424.jpg,02_ornek,02_ornek,True,0.998556373820518,02_ornek,04_petrykivka_painting,03_bubnivka_ceramics,1,train,obj_single_c1089b9a24fa8979,,unreviewed,unreviewed,global_cls__c10__source0p5,motif_texture_weighted_mean__c10__source0p5,texture_weighted_mean,10.0,True,0.00015186931564821861,0.998556373820518,0.00042348754125598703,0.0007293376773076576,0.00013893164527001756
img_e9dad6c56a753607,selection_conditional_full_development_oof_v4,dataset_test/02_ornek/kt425.jpg,02_ornek,02_ornek,True,0.5690800365370373,02_ornek,05_kosiv_ceramics,01_opishnyan_ceramics,2,train,obj_single_e9dad6c56a753607,,unreviewed,unreviewed,global_cls__c10__source0p5,motif_texture_weighted_mean__c10__source0p5,texture_weighted_mean,10.0,True,0.056779686365072225,0.5690800365370373,0.01617140566967996,0.0007716585544962556,0.35719721287371425
img_612e3fec890d4bde,selection_conditional_full_development_oof_v4,dataset_test/02_ornek/kt429.jpg,02_ornek,01_opishnyan_ceramics,False,0.7017376041347895,01_opishnyan_ceramics,02_ornek,05_kosiv_ceramics,3,train,obj_single_612e3fec890d4bde,,unreviewed,unreviewed,global_cls__c10__source0p5,motif_texture_weighted_mean__c10__source0p5,texture_weighted_mean,10.0,True,0.7017376041347895,0.15637235661994625,0.05475712678649546,0.0015273443636967397,0.0856055680950721
img_4d7e71df6e208503,selection_conditional_full_development_oof_v4,dataset_test/02_ornek/kt430.jpg,02_ornek,02_ornek,True,0.9892037567792996,02_ornek,05_kosiv_ceramics,04_petrykivka_painting,4,train,obj_single_4d7e71df6e208503,,unreviewed,unreviewed,global_cls__c10__source0p5,motif_texture_weighted_mean__c10__source0p5,texture_weighted_mean,10.0,True,0.0009549796910007872,0.9892037567792996,0.0010426258620606127,0.001492545066893803,0.007306092600745204
img_36904f8622930f70,selection_conditional_full_development_oof_v4,dataset_test/02_ornek/kt441.JPG,02_ornek,02_ornek,True,0.9921601961467489,02_ornek,05_kosiv_ceramics,03_bubnivka_ceramics,2,train,obj_single_36904f8622930f70,,unreviewed,unreviewed,global_cls__c10__source0p5,motif_texture_weighted_mean__c10__source0p5,texture_weighted_mean,10.0,True,0.0011948429851515083,0.9921601961467489,0.0019538527727113175,0.0010326625729999224,0.00365844552238838
img_0c09c14325c2b0b3,selection_conditional_full_development_oof_v4,dataset_test/02_ornek/kt444.jpg,02_ornek,02_ornek,True,0.9981459354685858,02_ornek,05_kosiv_ceramics,03_bubnivka_ceramics,0,train,obj_single_0c09c14325c2b0b3,,unreviewed,unreviewed,global_cls__c10__source0p5,motif_texture_weighted_mean__c10__source0p5,texture_weighted_mean,10.0,True,0.00031152042607860146,0.9981459354685858,0.0004601026791638453,0.00021626376817173788,0.0008661776579999183
img_049791581eb28ac0,selection_conditional_full_development_oof_v4,dataset_test/02_ornek/kt446.JPG,02_ornek,02_ornek,True,0.9930771316466315,02_ornek,03_bubnivka_ceramics,05_kosiv_ceramics,0,train,obj_single_049791581eb28ac0,,unreviewed,unreviewed,global_cls__c10__source0p5,motif_texture_weighted_mean__c10__source0p5,texture_weighted_mean,10.0,True,0.00042696436126179603,0.9930771316466315,0.004073298783143909,0.0004984285417598774,0.0019241766672029774
img_46f34712289a0ee1,selection_conditional_full_development_oof_v4,dataset_test/02_ornek/kt449.jpg,02_ornek,02_ornek,True,0.9972534816600587,02_ornek,04_petrykivka_painting,01_opishnyan_ceramics,4,train,obj_single_46f34712289a0ee1,,unreviewed,unreviewed,global_cls__c10__source0p5,motif_texture_weighted_mean__c10__source0p5,texture_weighted_mean,10.0,True,0.00044372254204713354,0.9972534816600587,0.0001486626932248388,0.002051022934048929,0.00010311017062031235
img_30b1f6ccc02ec44d,selection_conditional_full_development_oof_v4,dataset_test/02_ornek/kt451.jpg,02_ornek,02_ornek,True,0.9534292025289484,02_ornek,04_petrykivka_painting,05_kosiv_ceramics,4,train,obj_single_30b1f6ccc02ec44d,,unreviewed,unreviewed,global_cls__c10__source0p5,motif_texture_weighted_mean__c10__source0p5,texture_weighted_mean,10.0,True,0.0002562053950127056,0.9534292025289484,0.0008084838152455478,0.030655060420838976,0.014851047839954527
img_2f45c7c1c1aac892,selection_conditional_full_development_oof_v4,dataset_test/02_ornek/kt454.jpg,02_ornek,02_ornek,True,0.9928564932426353,02_ornek,01_opishnyan_ceramics,04_petrykivka_painting,3,train,obj_single_2f45c7c1c1aac892,,unreviewed,unreviewed,global_cls__c10__source0p5,motif_texture_weighted_mean__c10__source0p5,texture_weighted_mean,10.0,True,0.004960411214533954,0.9928564932426353,5.971936908915932e-05,0.0019395633034550313,0.00018381287028674035
img_2a07de9179f98dc0,selection_conditional_full_development_oof_v4,dataset_test/02_ornek/kt457.jpg,02_ornek,02_ornek,True,0.9938137598386361,02_ornek,05_kosiv_ceramics,04_petrykivka_painting,1,train,obj_single_2a07de9179f98dc0,,unreviewed,unreviewed,global_cls__c10__source0p5,motif_texture_weighted_mean__c10__source0p5,texture_weighted_mean,10.0,True,0.00016589426512249978,0.9938137598386361,0.000430084756992264,0.001798734413744507,0.0037915267255047456
img_100d28fd55a8c1d3,selection_conditional_full_development_oof_v4,dataset_test/02_ornek/kt460.jpg,02_ornek,02_ornek,True,0.9865884809306674,02_ornek,05_kosiv_ceramics,03_bubnivka_ceramics,1,validation,obj_single_100d28fd55a8c1d3,,unreviewed,unreviewed,global_cls__c10__source0p5,motif_texture_weighted_mean__c10__source0p5,texture_weighted_mean,10.0,True,7.713175544870421e-05,0.9865884809306674,0.0003661758509453539,0.00036095732461943785,0.012607254138319299
img_094200d21dab3010,selection_conditional_full_development_oof_v4,dataset_test/02_ornek/kt462.jpg,02_ornek,02_ornek,True,0.9945232882531287,02_ornek,05_kosiv_ceramics,04_petrykivka_painting,3,train,obj_single_094200d21dab3010,,unreviewed,unreviewed,global_cls__c10__source0p5,motif_texture_weighted_mean__c10__source0p5,texture_weighted_mean,10.0,True,4.75926937152334e-05,0.9945232882531287,0.00010779371765924989,0.0007685638916173707,0.004552761443879559
img_5f52ef0cf3960983,selection_conditional_full_development_oof_v4,dataset_test/02_ornek/kt466.jpg,02_ornek,02_ornek,True,0.991375539740454,02_ornek,01_opishnyan_ceramics,05_kosiv_ceramics,2,validation,obj_single_5f52ef0cf3960983,,unreviewed,unreviewed,global_cls__c10__source0p5,motif_texture_weighted_mean__c10__source0p5,texture_weighted_mean,10.0,True,0.003406685794048809,0.991375539740454,0.0007877337253403767,0.0017852262426538165,0.0026448144975028042
img_9ff687e16b75cb06,selection_conditional_full_development_oof_v4,dataset_test/02_ornek/kt473.jpg,02_ornek,02_ornek,True,0.9959946169515929,02_ornek,05_kosiv_ceramics,04_petrykivka_painting,0,validation,obj_single_9ff687e16b75cb06,,unreviewed,unreviewed,global_cls__c10__source0p5,motif_texture_weighted_mean__c10__source0p5,texture_weighted_mean,10.0,True,0.00035438658297340804,0.9959946169515929,0.000690045669997458,0.001105999673405735,0.001854951122030566
img_98aa3e0ed2d23217,selection_conditional_full_development_oof_v4,dataset_test/02_ornek/kt478.jpg,02_ornek,02_ornek,True,0.9910526012048128,02_ornek,05_kosiv_ceramics,04_petrykivka_painting,2,train,obj_single_98aa3e0ed2d23217,,unreviewed,unreviewed,global_cls__c10__source0p5,motif_texture_weighted_mean__c10__source0p5,texture_weighted_mean,10.0,True,0.00035004711909792605,0.9910526012048128,0.0003804488903065251,0.0012327206825002784,0.006984182103282559
img_915d3b26c554671a,selection_conditional_full_development_oof_v4,dataset_test/02_ornek/kt482.jpg,02_ornek,02_ornek,True,0.998599670793457,02_ornek,05_kosiv_ceramics,03_bubnivka_ceramics,2,train,obj_single_915d3b26c554671a,,unreviewed,unreviewed,global_cls__c10__source0p5,motif_texture_weighted_mean__c10__source0p5,texture_weighted_mean,10.0,True,3.47495054518165e-05,0.998599670793457,0.0001383036751763989,9.408898642501122e-05,0.001133187039489813
img_d7b98cf9635af868,selection_conditional_full_development_oof_v4,dataset_test/02_ornek/kt484.jpg,02_ornek,02_ornek,True,0.9800179008177533,02_ornek,04_petrykivka_painting,01_opishnyan_ceramics,4,train,obj_single_d7b98cf9635af868,,unreviewed,unreviewed,global_cls__c10__source0p5,motif_texture_weighted_mean__c10__source0p5,texture_weighted_mean,10.0,True,0.006967558999370718,0.9800179008177533,0.000497018157783275,0.012205221590527806,0.00031230043456493016
img_1c778eb96030f770,selection_conditional_full_development_oof_v4,dataset_test/02_ornek/kt485.jpeg,02_ornek,02_ornek,True,0.948152308199504,02_ornek,03_bubnivka_ceramics,01_opishnyan_ceramics,2,train,obj_single_1c778eb96030f770,,unreviewed,unreviewed,global_cls__c10__source0p5,motif_texture_weighted_mean__c10__source0p5,texture_weighted_mean,10.0,True,0.00992099737727621,0.948152308199504,0.03711476982201878,0.0026521188101035703,0.002159805791097622
img_62f62dd261842bbf,selection_conditional_full_development_oof_v4,dataset_test/02_ornek/kt490.JPG,02_ornek,02_ornek,True,0.993721329199899,02_ornek,05_kosiv_ceramics,01_opishnyan_ceramics,4,train,obj_single_62f62dd261842bbf,,unreviewed,unreviewed,global_cls__c10__source0p5,motif_texture_weighted_mean__c10__source0p5,texture_weighted_mean,10.0,True,0.001777739209702735,0.993721329199899,0.0016788850973246123,0.00010777608041919526,0.0027142704126542935
img_1a764a95691f3653,selection_conditional_full_development_oof_v4,dataset_test/02_ornek/kt492.JPG,02_ornek,02_ornek,True,0.946997397019949,02_ornek,01_opishnyan_ceramics,05_kosiv_ceramics,3,train,obj_single_1a764a95691f3653,,unreviewed,unreviewed,global_cls__c10__source0p5,motif_texture_weighted_mean__c10__source0p5,texture_weighted_mean,10.0,True,0.027597956973918387,0.946997397019949,0.004711554559484831,0.003123723721932175,0.01756936772471555
img_36554fd6901f0fa9,selection_conditional_full_development_oof_v4,dataset_test/02_ornek/kt494.jpg,02_ornek,02_ornek,True,0.9966199194326292,02_ornek,04_petrykivka_painting,05_kosiv_ceramics,3,train,obj_single_36554fd6901f0fa9,,unreviewed,unreviewed,global_cls__c10__source0p5,motif_texture_weighted_mean__c10__source0p5,texture_weighted_mean,10.0,True,0.00011964610716208584,0.9966199194326292,3.450498154109173e-05,0.0021521588093313337,0.0010737706693363072
img_5be65d0daa11dad8,selection_conditional_full_development_oof_v4,dataset_test/02_ornek/kt498.jpg,02_ornek,02_ornek,True,0.9129598960500409,02_ornek,01_opishnyan_ceramics,03_bubnivka_ceramics,1,train,obj_single_5be65d0daa11dad8,,unreviewed,unreviewed,global_cls__c10__source0p5,motif_texture_weighted_mean__c10__source0p5,texture_weighted_mean,10.0,True,0.05540319061437594,0.9129598960500409,0.013308498326880198,0.007350480806009375,0.01097793420269356
img_6f1aff5820d3e6e2,selection_conditional_full_development_oof_v4,dataset_test/02_ornek/kt505.jpg,02_ornek,02_ornek,True,0.9684238927851236,02_ornek,01_opishnyan_ceramics,04_petrykivka_painting,2,train,obj_single_6f1aff5820d3e6e2,,unreviewed,unreviewed,global_cls__c10__source0p5,motif_texture_weighted_mean__c10__source0p5,texture_weighted_mean,10.0,True,0.025729293239222902,0.9684238927851236,0.001749814589720491,0.003942934475619972,0.00015406491031264878
img_9ccf71ac524126ec,selection_conditional_full_development_oof_v4,dataset_test/02_ornek/kt511.jpg,02_ornek,02_ornek,True,0.9974019398647768,02_ornek,05_kosiv_ceramics,03_bubnivka_ceramics,1,validation,obj_single_9ccf71ac524126ec,,unreviewed,unreviewed,global_cls__c10__source0p5,motif_texture_weighted_mean__c10__source0p5,texture_weighted_mean,10.0,True,4.578684109098579e-05,0.9974019398647768,0.0005328402569577541,0.00030329348668625943,0.001716139550488317
img_64ed8e766b1b75a1,selection_conditional_full_development_oof_v4,dataset_test/02_ornek/kt514.jpg,02_ornek,02_ornek,True,0.9985585764662988,02_ornek,04_petrykivka_painting,03_bubnivka_ceramics,0,train,obj_single_64ed8e766b1b75a1,,unreviewed,unreviewed,global_cls__c10__source0p5,motif_texture_weighted_mean__c10__source0p5,texture_weighted_mean,10.0,True,5.075137447818927e-05,0.9985585764662988,0.0004251235763456134,0.0007987517175890553,0.00016679686528847833
img_9623c23395af5d40,selection_conditional_full_development_oof_v4,dataset_dev/03_bubnivka_ceramics/b001.jpg,03_bubnivka_ceramics,03_bubnivka_ceramics,True,0.9917223971738723,03_bubnivka_ceramics,01_opishnyan_ceramics,05_kosiv_ceramics,4,validation,srcgrp_6d5d4ba8acb3dedc,src_global_bub_vognik_watermark,unreviewed,unreviewed,global_cls__c10__source0p5,motif_texture_weighted_mean__c10__source0p5,texture_weighted_mean,10.0,True,0.0030392120083124765,0.001874991123373094,0.9917223971738723,0.0008127422306459175,0.0025506574637961937
img_02bb4c74ad691db8,selection_conditional_full_development_oof_v4,dataset_dev/03_bubnivka_ceramics/b003.jpg,03_bubnivka_ceramics,03_bubnivka_ceramics,True,0.9509795180140189,03_bubnivka_ceramics,01_opishnyan_ceramics,04_petrykivka_painting,4,validation,srcgrp_6d5d4ba8acb3dedc,src_global_bub_vognik_watermark,unreviewed,unreviewed,global_cls__c10__source0p5,motif_texture_weighted_mean__c10__source0p5,texture_weighted_mean,10.0,True,0.02543643338723386,0.003151306195755189,0.9509795180140189,0.01796162573632162,0.0024711166666705527
img_d2b3ddad4e440a4d,selection_conditional_full_development_oof_v4,dataset_dev/03_bubnivka_ceramics/b005.jpg,03_bubnivka_ceramics,03_bubnivka_ceramics,True,0.8426487666795733,03_bubnivka_ceramics,01_opishnyan_ceramics,05_kosiv_ceramics,4,validation,srcgrp_6d5d4ba8acb3dedc,src_global_bub_vognik_watermark,unreviewed,unreviewed,global_cls__c10__source0p5,motif_texture_weighted_mean__c10__source0p5,texture_weighted_mean,10.0,True,0.091160707673032,0.015607976591612595,0.8426487666795733,0.003742774227166394,0.04683977482861566
img_eb2aba37644280cf,selection_conditional_full_development_oof_v4,dataset_dev/03_bubnivka_ceramics/b008.jpg,03_bubnivka_ceramics,03_bubnivka_ceramics,True,0.9957992439671032,03_bubnivka_ceramics,01_opishnyan_ceramics,02_ornek,4,validation,srcgrp_6d5d4ba8acb3dedc,src_global_bub_vognik_watermark,unreviewed,unreviewed,global_cls__c10__source0p5,motif_texture_weighted_mean__c10__source0p5,texture_weighted_mean,10.0,True,0.0023739500176772075,0.0009577355460189517,0.9957992439671032,0.000590129958826906,0.0002789405103738391
img_0817f6b51ac0baac,selection_conditional_full_development_oof_v4,dataset_dev/03_bubnivka_ceramics/b010.jpg,03_bubnivka_ceramics,03_bubnivka_ceramics,True,0.9560020450788439,03_bubnivka_ceramics,01_opishnyan_ceramics,02_ornek,4,validation,srcgrp_6d5d4ba8acb3dedc,src_global_bub_vognik_watermark,unreviewed,unreviewed,global_cls__c10__source0p5,motif_texture_weighted_mean__c10__source0p5,texture_weighted_mean,10.0,True,0.04037696617736295,0.0022054998070896227,0.9560020450788439,0.0002496979944513453,0.001165790942252258
img_8ef0412adc70c34a,selection_conditional_full_development_oof_v4,dataset_dev/03_bubnivka_ceramics/b013.jpg,03_bubnivka_ceramics,03_bubnivka_ceramics,True,0.9133270235528794,03_bubnivka_ceramics,01_opishnyan_ceramics,02_ornek,4,validation,srcgrp_6d5d4ba8acb3dedc,src_global_bub_vognik_watermark,unreviewed,unreviewed,global_cls__c10__source0p5,motif_texture_weighted_mean__c10__source0p5,texture_weighted_mean,10.0,True,0.07588823661203385,0.009135374027091714,0.9133270235528794,0.00047450303401414933,0.001174862773981041
img_a658230d4ec711ef,selection_conditional_full_development_oof_v4,dataset_dev/03_bubnivka_ceramics/b022.jpg,03_bubnivka_ceramics,03_bubnivka_ceramics,True,0.9877880561527852,03_bubnivka_ceramics,01_opishnyan_ceramics,02_ornek,4,validation,srcgrp_6d5d4ba8acb3dedc,src_global_bub_vognik_watermark,unreviewed,unreviewed,global_cls__c10__source0p5,motif_texture_weighted_mean__c10__source0p5,texture_weighted_mean,10.0,True,0.010239357551341716,0.0008686348884631074,0.9877880561527852,0.0005834775919924166,0.0005204738154175855
img_f43c46bb808bc89c,selection_conditional_full_development_oof_v4,dataset_dev/03_bubnivka_ceramics/b023.jpg,03_bubnivka_ceramics,03_bubnivka_ceramics,True,0.9844907551101049,03_bubnivka_ceramics,01_opishnyan_ceramics,05_kosiv_ceramics,4,validation,srcgrp_6d5d4ba8acb3dedc,src_global_bub_vognik_watermark,unreviewed,unreviewed,global_cls__c10__source0p5,motif_texture_weighted_mean__c10__source0p5,texture_weighted_mean,10.0,True,0.012190897007090709,0.0012665456273497264,0.9844907551101049,0.0003514877144469752,0.0017003145410080106
img_536449dae8586727,selection_conditional_full_development_oof_v4,dataset_dev/03_bubnivka_ceramics/b024.jpg,03_bubnivka_ceramics,03_bubnivka_ceramics,True,0.9982193072860057,03_bubnivka_ceramics,05_kosiv_ceramics,01_opishnyan_ceramics,4,validation,srcgrp_6d5d4ba8acb3dedc,src_global_bub_vognik_watermark,unreviewed,unreviewed,global_cls__c10__source0p5,motif_texture_weighted_mean__c10__source0p5,texture_weighted_mean,10.0,True,0.0002869415731679995,0.00016997451341282146,0.9982193072860057,1.9957660425726997e-05,0.0013038189669877032
img_f6bb97809832ae4f,selection_conditional_full_development_oof_v4,dataset_dev/03_bubnivka_ceramics/b025.jpg,03_bubnivka_ceramics,03_bubnivka_ceramics,True,0.6061371761292234,03_bubnivka_ceramics,02_ornek,01_opishnyan_ceramics,4,validation,srcgrp_6d5d4ba8acb3dedc,src_global_bub_vognik_watermark,unreviewed,unreviewed,global_cls__c10__source0p5,motif_texture_weighted_mean__c10__source0p5,texture_weighted_mean,10.0,True,0.07377190918439668,0.29739284718709286,0.6061371761292234,0.008413539297639641,0.01428452820164742
img_3af12bcb802b49b8,selection_conditional_full_development_oof_v4,dataset_dev/03_bubnivka_ceramics/b026.jpg,03_bubnivka_ceramics,03_bubnivka_ceramics,True,0.7193006562577571,03_bubnivka_ceramics,01_opishnyan_ceramics,05_kosiv_ceramics,4,validation,srcgrp_6d5d4ba8acb3dedc,src_global_bub_vognik_watermark,unreviewed,unreviewed,global_cls__c10__source0p5,motif_texture_weighted_mean__c10__source0p5,texture_weighted_mean,10.0,True,0.21190014178116157,0.014451889227304475,0.7193006562577571,0.018017245154975433,0.036330067578801514
img_716f27243d812fcd,selection_conditional_full_development_oof_v4,dataset_dev/03_bubnivka_ceramics/b027.jpg,03_bubnivka_ceramics,03_bubnivka_ceramics,True,0.9307308298928015,03_bubnivka_ceramics,01_opishnyan_ceramics,05_kosiv_ceramics,4,validation,srcgrp_6d5d4ba8acb3dedc,src_global_bub_vognik_watermark,unreviewed,unreviewed,global_cls__c10__source0p5,motif_texture_weighted_mean__c10__source0p5,texture_weighted_mean,10.0,True,0.06524345092363644,0.00041916486663564067,0.9307308298928015,0.0014691428027384706,0.0021374115141880147
img_b5f2fb2ff3e6d063,selection_conditional_full_development_oof_v4,dataset_dev/03_bubnivka_ceramics/b029.jpg,03_bubnivka_ceramics,03_bubnivka_ceramics,True,0.9929695613085974,03_bubnivka_ceramics,01_opishnyan_ceramics,05_kosiv_ceramics,4,validation,srcgrp_6d5d4ba8acb3dedc,src_global_bub_vognik_watermark,unreviewed,unreviewed,global_cls__c10__source0p5,motif_texture_weighted_mean__c10__source0p5,texture_weighted_mean,10.0,True,0.0029127464036252503,0.0012356891848834663,0.9929695613085974,0.0007164535928455009,0.002165549510048416
img_47b6dff8eacd5864,selection_conditional_full_development_oof_v4,dataset_dev/03_bubnivka_ceramics/b031.jpg,03_bubnivka_ceramics,03_bubnivka_ceramics,True,0.9856233927791469,03_bubnivka_ceramics,01_opishnyan_ceramics,05_kosiv_ceramics,4,validation,srcgrp_6d5d4ba8acb3dedc,src_global_bub_vognik_watermark,unreviewed,unreviewed,global_cls__c10__source0p5,motif_texture_weighted_mean__c10__source0p5,texture_weighted_mean,10.0,True,0.013121621539461323,1.887906231853342e-05,0.9856233927791469,0.00029242492507424074,0.0009436816939990307
img_d2d8dd5d55963553,selection_conditional_full_development_oof_v4,dataset_dev/03_bubnivka_ceramics/b032.jpg,03_bubnivka_ceramics,03_bubnivka_ceramics,True,0.9653787704489201,03_bubnivka_ceramics,02_ornek,01_opishnyan_ceramics,4,validation,srcgrp_6d5d4ba8acb3dedc,src_global_bub_vognik_watermark,unreviewed,unreviewed,global_cls__c10__source0p5,motif_texture_weighted_mean__c10__source0p5,texture_weighted_mean,10.0,True,0.003654209876989953,0.026548983533303414,0.9653787704489201,0.0021453123376986424,0.002272723803088025
img_1cf71c5d04494d61,selection_conditional_full_development_oof_v4,dataset_dev/03_bubnivka_ceramics/b034.jpg,03_bubnivka_ceramics,03_bubnivka_ceramics,True,0.8842933975631415,03_bubnivka_ceramics,01_opishnyan_ceramics,05_kosiv_ceramics,4,validation,srcgrp_6d5d4ba8acb3dedc,src_global_bub_vognik_watermark,unreviewed,unreviewed,global_cls__c10__source0p5,motif_texture_weighted_mean__c10__source0p5,texture_weighted_mean,10.0,True,0.08040574901354437,0.011478097158559073,0.8842933975631415,0.0006077225127767073,0.023215033751978368
img_17740cbfd2fa8d53,selection_conditional_full_development_oof_v4,dataset_dev/03_bubnivka_ceramics/b035.jpg,03_bubnivka_ceramics,03_bubnivka_ceramics,True,0.9810843132298643,03_bubnivka_ceramics,01_opishnyan_ceramics,05_kosiv_ceramics,4,validation,srcgrp_6d5d4ba8acb3dedc,src_global_bub_vognik_watermark,unreviewed,unreviewed,global_cls__c10__source0p5,motif_texture_weighted_mean__c10__source0p5,texture_weighted_mean,10.0,True,0.01730515811844841,3.793701122250201e-05,0.9810843132298643,0.0001541886930308771,0.001418402947434084
img_05b75ad7646d23e8,selection_conditional_full_development_oof_v4,dataset_dev/03_bubnivka_ceramics/b036.jpg,03_bubnivka_ceramics,01_opishnyan_ceramics,False,0.6475057247593052,01_opishnyan_ceramics,03_bubnivka_ceramics,05_kosiv_ceramics,0,train,obj_single_05b75ad7646d23e8,,unreviewed,unreviewed,global_cls__c10__source0p5,motif_texture_weighted_mean__c10__source0p5,texture_weighted_mean,10.0,True,0.6475057247593052,0.0007767780160148674,0.33260956936154695,0.0026203650540654105,0.016487562809067605
img_daf9125500369102,selection_conditional_full_development_oof_v4,dataset_dev/03_bubnivka_ceramics/b038.jpg,03_bubnivka_ceramics,03_bubnivka_ceramics,True,0.7904065482117324,03_bubnivka_ceramics,01_opishnyan_ceramics,05_kosiv_ceramics,0,train,obj_single_daf9125500369102,,unreviewed,unreviewed,global_cls__c10__source0p5,motif_texture_weighted_mean__c10__source0p5,texture_weighted_mean,10.0,True,0.20838155475761003,0.00030187189105030315,0.7904065482117324,0.0002922390968966609,0.0006177860427107052
img_da2860ed7b0f6223,selection_conditional_full_development_oof_v4,dataset_dev/03_bubnivka_ceramics/b039.jpg,03_bubnivka_ceramics,03_bubnivka_ceramics,True,0.9991354194081584,03_bubnivka_ceramics,02_ornek,04_petrykivka_painting,3,train,obj_single_da2860ed7b0f6223,,unreviewed,unreviewed,global_cls__c10__source0p5,motif_texture_weighted_mean__c10__source0p5,texture_weighted_mean,10.0,True,6.705288619576824e-05,0.0004100746371643364,0.9991354194081584,0.00019953009128436273,0.00018792297719690218
img_3595dc0cc3727651,selection_conditional_full_development_oof_v4,dataset_dev/03_bubnivka_ceramics/b040.jpg,03_bubnivka_ceramics,03_bubnivka_ceramics,True,0.6802295542350318,03_bubnivka_ceramics,01_opishnyan_ceramics,02_ornek,0,train,obj_single_3595dc0cc3727651,,unreviewed,unreviewed,global_cls__c10__source0p5,motif_texture_weighted_mean__c10__source0p5,texture_weighted_mean,10.0,True,0.2941765831310386,0.0163028688963553,0.6802295542350318,0.0023356844361648744,0.006955309301409289
img_d768dc3dbbe471f6,selection_conditional_full_development_oof_v4,dataset_dev/03_bubnivka_ceramics/b041.jpg,03_bubnivka_ceramics,03_bubnivka_ceramics,True,0.9319738580499651,03_bubnivka_ceramics,01_opishnyan_ceramics,05_kosiv_ceramics,1,train,obj_single_d768dc3dbbe471f6,,unreviewed,unreviewed,global_cls__c10__source0p5,motif_texture_weighted_mean__c10__source0p5,texture_weighted_mean,10.0,True,0.04782219186036422,3.874860688241457e-05,0.9319738580499651,6.75548129606473e-05,0.020097646669827548
img_42007b9042a81eef,selection_conditional_full_development_oof_v4,dataset_dev/03_bubnivka_ceramics/b044.jpg,03_bubnivka_ceramics,03_bubnivka_ceramics,True,0.9881278621530134,03_bubnivka_ceramics,01_opishnyan_ceramics,02_ornek,0,train,obj_single_42007b9042a81eef,,unreviewed,unreviewed,global_cls__c10__source0p5,motif_texture_weighted_mean__c10__source0p5,texture_weighted_mean,10.0,True,0.00999471975555312,0.001576203871626094,0.9881278621530134,0.00011895743663400703,0.0001822567831731997
img_c8172c1bbbb62485,selection_conditional_full_development_oof_v4,dataset_dev/03_bubnivka_ceramics/b045.jpg,03_bubnivka_ceramics,03_bubnivka_ceramics,True,0.9411894806736647,03_bubnivka_ceramics,01_opishnyan_ceramics,02_ornek,0,train,obj_single_c8172c1bbbb62485,,unreviewed,unreviewed,global_cls__c10__source0p5,motif_texture_weighted_mean__c10__source0p5,texture_weighted_mean,10.0,True,0.037597168478814134,0.012308835633985916,0.9411894806736647,0.0013247809808319237,0.007579734232703386
img_741f0ccc0e34fe45,selection_conditional_full_development_oof_v4,dataset_dev/03_bubnivka_ceramics/b046.jpg,03_bubnivka_ceramics,03_bubnivka_ceramics,True,0.9915745390869365,03_bubnivka_ceramics,01_opishnyan_ceramics,05_kosiv_ceramics,0,train,obj_single_741f0ccc0e34fe45,,unreviewed,unreviewed,global_cls__c10__source0p5,motif_texture_weighted_mean__c10__source0p5,texture_weighted_mean,10.0,True,0.007381083664096561,8.236560334308487e-05,0.9915745390869365,1.1987799131560776e-05,0.0009500238464921051
img_f0cdaa76d69f76ea,selection_conditional_full_development_oof_v4,dataset_dev/03_bubnivka_ceramics/b047.jpg,03_bubnivka_ceramics,03_bubnivka_ceramics,True,0.9760106619646779,03_bubnivka_ceramics,05_kosiv_ceramics,01_opishnyan_ceramics,2,train,obj_single_f0cdaa76d69f76ea,,unreviewed,unreviewed,global_cls__c10__source0p5,motif_texture_weighted_mean__c10__source0p5,texture_weighted_mean,10.0,True,0.009934587977657647,0.0015988521413700778,0.9760106619646779,0.00014703434626893542,0.012308863570025535
img_ed22db6f51f153a1,selection_conditional_full_development_oof_v4,dataset_dev/03_bubnivka_ceramics/b049.jpg,03_bubnivka_ceramics,03_bubnivka_ceramics,True,0.574620357405412,03_bubnivka_ceramics,01_opishnyan_ceramics,02_ornek,0,train,obj_single_ed22db6f51f153a1,,unreviewed,unreviewed,global_cls__c10__source0p5,motif_texture_weighted_mean__c10__source0p5,texture_weighted_mean,10.0,True,0.41225780221956587,0.011590623688433782,0.574620357405412,0.0002720339661922959,0.0012591827203961635
img_43bd35c16f32c303,selection_conditional_full_development_oof_v4,dataset_dev/03_bubnivka_ceramics/b051.jpg,03_bubnivka_ceramics,03_bubnivka_ceramics,True,0.9987707496088993,03_bubnivka_ceramics,05_kosiv_ceramics,02_ornek,2,train,obj_single_43bd35c16f32c303,,unreviewed,unreviewed,global_cls__c10__source0p5,motif_texture_weighted_mean__c10__source0p5,texture_weighted_mean,10.0,True,6.826307838694698e-05,0.0001555164413081071,0.9987707496088993,0.00010114061562277584,0.0009043302557828002
img_2539da6b791142f4,selection_conditional_full_development_oof_v4,dataset_dev/03_bubnivka_ceramics/b052.jpg,03_bubnivka_ceramics,03_bubnivka_ceramics,True,0.9994575323283144,03_bubnivka_ceramics,01_opishnyan_ceramics,02_ornek,2,train,obj_single_2539da6b791142f4,,unreviewed,unreviewed,global_cls__c10__source0p5,motif_texture_weighted_mean__c10__source0p5,texture_weighted_mean,10.0,True,0.0002852727557541297,0.00015725974183785425,0.9994575323283144,6.0850067050125355e-05,3.90851070436445e-05
img_45033e7326787990,selection_conditional_full_development_oof_v4,dataset_dev/03_bubnivka_ceramics/b053.jpg,03_bubnivka_ceramics,03_bubnivka_ceramics,True,0.926607982177379,03_bubnivka_ceramics,02_ornek,01_opishnyan_ceramics,4,train,obj_single_45033e7326787990,,unreviewed,unreviewed,global_cls__c10__source0p5,motif_texture_weighted_mean__c10__source0p5,texture_weighted_mean,10.0,True,0.030805846040322323,0.03527771737414648,0.926607982177379,0.0022022860545549785,0.0051061683535971875
img_ee6c498d25b23be3,selection_conditional_full_development_oof_v4,dataset_dev/03_bubnivka_ceramics/b054.jpg,03_bubnivka_ceramics,03_bubnivka_ceramics,True,0.9989636318396351,03_bubnivka_ceramics,02_ornek,01_opishnyan_ceramics,1,train,obj_single_ee6c498d25b23be3,,unreviewed,unreviewed,global_cls__c10__source0p5,motif_texture_weighted_mean__c10__source0p5,texture_weighted_mean,10.0,True,0.00026852521735047267,0.0005426755738500353,0.9989636318396351,5.385273980976567e-05,0.00017131462935464521
img_95ef2358ac188ab2,selection_conditional_full_development_oof_v4,dataset_dev/03_bubnivka_ceramics/b056.jpg,03_bubnivka_ceramics,03_bubnivka_ceramics,True,0.6654635972857709,03_bubnivka_ceramics,01_opishnyan_ceramics,04_petrykivka_painting,0,train,obj_single_95ef2358ac188ab2,,unreviewed,unreviewed,global_cls__c10__source0p5,motif_texture_weighted_mean__c10__source0p5,texture_weighted_mean,10.0,True,0.3113120382256183,0.01089907408617461,0.6654635972857709,0.011646813043091685,0.0006784773593444415
img_f1f9bbbad2041116,selection_conditional_full_development_oof_v4,dataset_dev/03_bubnivka_ceramics/b057.jpg,03_bubnivka_ceramics,03_bubnivka_ceramics,True,0.934356860013518,03_bubnivka_ceramics,05_kosiv_ceramics,01_opishnyan_ceramics,2,train,obj_single_f1f9bbbad2041116,,unreviewed,unreviewed,global_cls__c10__source0p5,motif_texture_weighted_mean__c10__source0p5,texture_weighted_mean,10.0,True,0.017602399926618287,0.009663674852408112,0.934356860013518,0.0011730516456412085,0.037204013561814235
img_f218eb79dff41879,selection_conditional_full_development_oof_v4,dataset_dev/03_bubnivka_ceramics/b058.jpg,03_bubnivka_ceramics,03_bubnivka_ceramics,True,0.99877425123006,03_bubnivka_ceramics,05_kosiv_ceramics,01_opishnyan_ceramics,1,train,obj_single_f218eb79dff41879,,unreviewed,unreviewed,global_cls__c10__source0p5,motif_texture_weighted_mean__c10__source0p5,texture_weighted_mean,10.0,True,0.00024921746155084234,6.199355188007631e-05,0.99877425123006,0.00019279457083657743,0.0007217431856725136
img_ba4affc4e86593c1,selection_conditional_full_development_oof_v4,dataset_dev/03_bubnivka_ceramics/b059.jpg,03_bubnivka_ceramics,03_bubnivka_ceramics,True,0.9987973126044468,03_bubnivka_ceramics,05_kosiv_ceramics,02_ornek,1,train,obj_single_ba4affc4e86593c1,,unreviewed,unreviewed,global_cls__c10__source0p5,motif_texture_weighted_mean__c10__source0p5,texture_weighted_mean,10.0,True,0.00018796930855121763,0.00025990967372763304,0.9987973126044468,0.00017286423238076806,0.0005819441808932895
img_65a11280b0f13ed2,selection_conditional_full_development_oof_v4,dataset_dev/03_bubnivka_ceramics/b060.jpg,03_bubnivka_ceramics,03_bubnivka_ceramics,True,0.9783517410251925,03_bubnivka_ceramics,01_opishnyan_ceramics,02_ornek,0,train,obj_single_65a11280b0f13ed2,,unreviewed,unreviewed,global_cls__c10__source0p5,motif_texture_weighted_mean__c10__source0p5,texture_weighted_mean,10.0,True,0.013750718600294788,0.003469982607886833,0.9783517410251925,0.0013452640216600417,0.0030822937449658883
img_16159f7b0c2839cc,selection_conditional_full_development_oof_v4,dataset_dev/03_bubnivka_ceramics/b061(=054).jpg,03_bubnivka_ceramics,03_bubnivka_ceramics,True,0.98907544024448,03_bubnivka_ceramics,01_opishnyan_ceramics,02_ornek,0,train,obj_single_16159f7b0c2839cc,,unreviewed,unreviewed,global_cls__c10__source0p5,motif_texture_weighted_mean__c10__source0p5,texture_weighted_mean,10.0,True,0.005107776021742944,0.00387620717705522,0.98907544024448,0.001088387164762438,0.0008521893919592801
img_069a90d4ee626244,selection_conditional_full_development_oof_v4,dataset_dev/03_bubnivka_ceramics/b062.jpg,03_bubnivka_ceramics,03_bubnivka_ceramics,True,0.9539707254745701,03_bubnivka_ceramics,01_opishnyan_ceramics,02_ornek,1,train,obj_single_069a90d4ee626244,,unreviewed,unreviewed,global_cls__c10__source0p5,motif_texture_weighted_mean__c10__source0p5,texture_weighted_mean,10.0,True,0.037766122003153206,0.004494981479904138,0.9539707254745701,0.0027957318174347216,0.0009724392249378201
img_1e5e57195a9d768c,selection_conditional_full_development_oof_v4,dataset_dev/03_bubnivka_ceramics/b063.jpg,03_bubnivka_ceramics,03_bubnivka_ceramics,True,0.9975221600614608,03_bubnivka_ceramics,02_ornek,01_opishnyan_ceramics,0,train,obj_single_1e5e57195a9d768c,,unreviewed,unreviewed,global_cls__c10__source0p5,motif_texture_weighted_mean__c10__source0p5,texture_weighted_mean,10.0,True,0.0005430011008849677,0.0013925396059598332,0.9975221600614608,0.00010130633625033995,0.0004409928954440875
img_7f731ddca4cec0c6,selection_conditional_full_development_oof_v4,dataset_dev/03_bubnivka_ceramics/b065.jpg,03_bubnivka_ceramics,03_bubnivka_ceramics,True,0.7574686290446705,03_bubnivka_ceramics,05_kosiv_ceramics,02_ornek,0,train,obj_single_7f731ddca4cec0c6,,unreviewed,unreviewed,global_cls__c10__source0p5,motif_texture_weighted_mean__c10__source0p5,texture_weighted_mean,10.0,True,0.006482314795955499,0.021608144594513545,0.7574686290446705,0.011472283773785176,0.2029686277910754
img_1487a58066643b85,selection_conditional_full_development_oof_v4,dataset_dev/03_bubnivka_ceramics/b066.jpg,03_bubnivka_ceramics,03_bubnivka_ceramics,True,0.7728664910772535,03_bubnivka_ceramics,01_opishnyan_ceramics,05_kosiv_ceramics,0,train,obj_single_1487a58066643b85,,unreviewed,unreviewed,global_cls__c10__source0p5,motif_texture_weighted_mean__c10__source0p5,texture_weighted_mean,10.0,True,0.19059001953574622,0.001923426911389275,0.7728664910772535,0.0034933933858242107,0.031126669089786944
img_2945d9fc487159c2,selection_conditional_full_development_oof_v4,dataset_dev/03_bubnivka_ceramics/b067.jpg,03_bubnivka_ceramics,03_bubnivka_ceramics,True,0.48061577915481907,03_bubnivka_ceramics,02_ornek,05_kosiv_ceramics,0,train,obj_single_2945d9fc487159c2,,unreviewed,unreviewed,global_cls__c10__source0p5,motif_texture_weighted_mean__c10__source0p5,texture_weighted_mean,10.0,True,0.04749104027752137,0.26944979597789026,0.48061577915481907,0.020847620006496453,0.18159576458327278
img_d5d574bcc8d9dc0d,selection_conditional_full_development_oof_v4,dataset_dev/03_bubnivka_ceramics/b068.jpg,03_bubnivka_ceramics,03_bubnivka_ceramics,True,0.883173789089786,03_bubnivka_ceramics,02_ornek,01_opishnyan_ceramics,0,train,obj_single_d5d574bcc8d9dc0d,,unreviewed,unreviewed,global_cls__c10__source0p5,motif_texture_weighted_mean__c10__source0p5,texture_weighted_mean,10.0,True,0.0344339455539117,0.05150966784023724,0.883173789089786,0.0024878548525438197,0.028394742663521183
img_7fb6eccab3eedfb6,selection_conditional_full_development_oof_v4,dataset_dev/03_bubnivka_ceramics/b074.jpg,03_bubnivka_ceramics,01_opishnyan_ceramics,False,0.7523513787324903,01_opishnyan_ceramics,03_bubnivka_ceramics,04_petrykivka_painting,2,train,obj_single_7fb6eccab3eedfb6,,unreviewed,unreviewed,global_cls__c10__source0p5,motif_texture_weighted_mean__c10__source0p5,texture_weighted_mean,10.0,True,0.7523513787324903,0.0008833821295203813,0.23688933350350966,0.005440895607410875,0.004435010027068777
img_ecf260246b630663,selection_conditional_full_development_oof_v4,dataset_dev/03_bubnivka_ceramics/b075.jpg,03_bubnivka_ceramics,01_opishnyan_ceramics,False,0.8606336952266901,01_opishnyan_ceramics,05_kosiv_ceramics,03_bubnivka_ceramics,2,train,obj_single_ecf260246b630663,,unreviewed,unreviewed,global_cls__c10__source0p5,motif_texture_weighted_mean__c10__source0p5,texture_weighted_mean,10.0,True,0.8606336952266901,0.018305549884358584,0.035524612247599036,0.005875368480932177,0.07966077416042
img_7753c06072d61785,selection_conditional_full_development_oof_v4,dataset_dev/03_bubnivka_ceramics/b076.jpg,03_bubnivka_ceramics,03_bubnivka_ceramics,True,0.9325041494194476,03_bubnivka_ceramics,01_opishnyan_ceramics,02_ornek,1,train,obj_single_7753c06072d61785,,unreviewed,unreviewed,global_cls__c10__source0p5,motif_texture_weighted_mean__c10__source0p5,texture_weighted_mean,10.0,True,0.05130074364153299,0.008055024208445227,0.9325041494194476,0.0006429450258907226,0.007497137704683522
img_ebb0c2ccb7796103,selection_conditional_full_development_oof_v4,dataset_dev/03_bubnivka_ceramics/b081.jpg,03_bubnivka_ceramics,03_bubnivka_ceramics,True,0.9972200626456538,03_bubnivka_ceramics,04_petrykivka_painting,01_opishnyan_ceramics,0,train,obj_single_ebb0c2ccb7796103,,unreviewed,unreviewed,global_cls__c10__source0p5,motif_texture_weighted_mean__c10__source0p5,texture_weighted_mean,10.0,True,0.0006567891552853037,0.00017361516644080443,0.9972200626456538,0.0017545562420402156,0.00019497679057995954
img_afac8a835b27496b,selection_conditional_full_development_oof_v4,dataset_dev/03_bubnivka_ceramics/b082.jpg,03_bubnivka_ceramics,03_bubnivka_ceramics,True,0.9922540934182397,03_bubnivka_ceramics,01_opishnyan_ceramics,02_ornek,2,train,obj_single_afac8a835b27496b,,unreviewed,unreviewed,global_cls__c10__source0p5,motif_texture_weighted_mean__c10__source0p5,texture_weighted_mean,10.0,True,0.005275227300914412,0.0009566280545762153,0.9922540934182397,0.0007105391508649986,0.0008035120754046517
img_2e94d54e2284b54d,selection_conditional_full_development_oof_v4,dataset_dev/03_bubnivka_ceramics/b084.jpg,03_bubnivka_ceramics,03_bubnivka_ceramics,True,0.9508753283477556,03_bubnivka_ceramics,02_ornek,01_opishnyan_ceramics,1,train,srcgrp_02dcb43a6e59f452,src_global_bub_fair_vendor_a,unreviewed,unreviewed,global_cls__c10__source0p5,motif_texture_weighted_mean__c10__source0p5,texture_weighted_mean,10.0,True,0.012155666307646787,0.03433943846650694,0.9508753283477556,0.0021030719438706086,0.0005264949342203201
img_331b7f802dbc25f3,selection_conditional_full_development_oof_v4,dataset_dev/03_bubnivka_ceramics/b086.jpg,03_bubnivka_ceramics,03_bubnivka_ceramics,True,0.9195802950524532,03_bubnivka_ceramics,04_petrykivka_painting,02_ornek,1,train,srcgrp_02dcb43a6e59f452,src_global_bub_fair_vendor_a,unreviewed,unreviewed,global_cls__c10__source0p5,motif_texture_weighted_mean__c10__source0p5,texture_weighted_mean,10.0,True,0.005982024952654169,0.03635015082792236,0.9195802950524532,0.03696591146709316,0.001121617699877202
img_a8f1b10f599425ff,selection_conditional_full_development_oof_v4,dataset_dev/03_bubnivka_ceramics/b088.jpg,03_bubnivka_ceramics,03_bubnivka_ceramics,True,0.867524799174011,03_bubnivka_ceramics,05_kosiv_ceramics,01_opishnyan_ceramics,1,train,srcgrp_02dcb43a6e59f452,src_global_bub_fair_vendor_a,unreviewed,unreviewed,global_cls__c10__source0p5,motif_texture_weighted_mean__c10__source0p5,texture_weighted_mean,10.0,True,0.01929498823431215,0.004353563478930508,0.867524799174011,0.0007904476432016362,0.10803620146954473
img_31a22cf98af2fa6a,selection_conditional_full_development_oof_v4,dataset_dev/03_bubnivka_ceramics/b089.jpg,03_bubnivka_ceramics,03_bubnivka_ceramics,True,0.9982731291166403,03_bubnivka_ceramics,01_opishnyan_ceramics,05_kosiv_ceramics,1,train,srcgrp_02dcb43a6e59f452,src_global_bub_fair_vendor_a,unreviewed,unreviewed,global_cls__c10__source0p5,motif_texture_weighted_mean__c10__source0p5,texture_weighted_mean,10.0,True,0.0006384288708835216,0.00043481233928946574,0.9982731291166403,8.038602714788007e-05,0.0005732436460387955
img_5c22fb3bee8f2de6,selection_conditional_full_development_oof_v4,dataset_dev/03_bubnivka_ceramics/b090.jpg,03_bubnivka_ceramics,03_bubnivka_ceramics,True,0.9943526520393821,03_bubnivka_ceramics,02_ornek,05_kosiv_ceramics,1,train,srcgrp_02dcb43a6e59f452,src_global_bub_fair_vendor_a,unreviewed,unreviewed,global_cls__c10__source0p5,motif_texture_weighted_mean__c10__source0p5,texture_weighted_mean,10.0,True,0.0010756638639782476,0.0024899316417367097,0.9943526520393821,0.00020754219137570818,0.0018742102635272188
img_72d816de4a7b41f1,selection_conditional_full_development_oof_v4,dataset_dev/03_bubnivka_ceramics/b091.jpg,03_bubnivka_ceramics,03_bubnivka_ceramics,True,0.9907542697553077,03_bubnivka_ceramics,04_petrykivka_painting,01_opishnyan_ceramics,1,train,srcgrp_02dcb43a6e59f452,src_global_bub_fair_vendor_a,unreviewed,unreviewed,global_cls__c10__source0p5,motif_texture_weighted_mean__c10__source0p5,texture_weighted_mean,10.0,True,0.002279451360607068,0.0004718404383933947,0.9907542697553077,0.0044960264134434064,0.001998412032248477
img_0caeb02ddec9bc03,selection_conditional_full_development_oof_v4,dataset_dev/03_bubnivka_ceramics/b092.jpg,03_bubnivka_ceramics,03_bubnivka_ceramics,True,0.9935263582565881,03_bubnivka_ceramics,01_opishnyan_ceramics,04_petrykivka_painting,1,train,srcgrp_02dcb43a6e59f452,src_global_bub_fair_vendor_a,unreviewed,unreviewed,global_cls__c10__source0p5,motif_texture_weighted_mean__c10__source0p5,texture_weighted_mean,10.0,True,0.0025042516762464806,0.0007663563404868865,0.9935263582565881,0.0022127132284528034,0.0009903204982257136
img_b5f811837e2aca9c,selection_conditional_full_development_oof_v4,dataset_dev/03_bubnivka_ceramics/b095.jpg,03_bubnivka_ceramics,03_bubnivka_ceramics,True,0.9969979999116415,03_bubnivka_ceramics,01_opishnyan_ceramics,04_petrykivka_painting,1,train,srcgrp_02dcb43a6e59f452,src_global_bub_fair_vendor_a,unreviewed,unreviewed,global_cls__c10__source0p5,motif_texture_weighted_mean__c10__source0p5,texture_weighted_mean,10.0,True,0.0021384688465373503,9.319345430625836e-05,0.9969979999116415,0.0004334479109898071,0.0003368898765248339
img_1a083fd5fe621820,selection_conditional_full_development_oof_v4,dataset_dev/03_bubnivka_ceramics/b097.jpg,03_bubnivka_ceramics,03_bubnivka_ceramics,True,0.9965430882320945,03_bubnivka_ceramics,05_kosiv_ceramics,01_opishnyan_ceramics,1,train,srcgrp_02dcb43a6e59f452,src_global_bub_fair_vendor_a,unreviewed,unreviewed,global_cls__c10__source0p5,motif_texture_weighted_mean__c10__source0p5,texture_weighted_mean,10.0,True,0.0012734272249794777,8.873429138410487e-05,0.9965430882320945,0.0007386399264905423,0.001356110325051416
img_371059ea5c7cfe59,selection_conditional_full_development_oof_v4,dataset_dev/03_bubnivka_ceramics/b098.jpg,03_bubnivka_ceramics,03_bubnivka_ceramics,True,0.9921633960195644,03_bubnivka_ceramics,01_opishnyan_ceramics,04_petrykivka_painting,1,train,srcgrp_02dcb43a6e59f452,src_global_bub_fair_vendor_a,unreviewed,unreviewed,global_cls__c10__source0p5,motif_texture_weighted_mean__c10__source0p5,texture_weighted_mean,10.0,True,0.004302556808220923,0.00010158023617932749,0.9921633960195644,0.002014980076720823,0.00141748685931459
img_18413752a4ee3955,selection_conditional_full_development_oof_v4,dataset_dev/03_bubnivka_ceramics/b099.jpg,03_bubnivka_ceramics,03_bubnivka_ceramics,True,0.9969581064108144,03_bubnivka_ceramics,01_opishnyan_ceramics,04_petrykivka_painting,1,train,srcgrp_02dcb43a6e59f452,src_global_bub_fair_vendor_a,unreviewed,unreviewed,global_cls__c10__source0p5,motif_texture_weighted_mean__c10__source0p5,texture_weighted_mean,10.0,True,0.0020714286840639823,9.233761437997652e-05,0.9969581064108144,0.0007425011729567519,0.0001356261177849878
img_f406f04f6a95961c,selection_conditional_full_development_oof_v4,dataset_dev/03_bubnivka_ceramics/b101.jpg,03_bubnivka_ceramics,03_bubnivka_ceramics,True,0.9928292894093237,03_bubnivka_ceramics,01_opishnyan_ceramics,05_kosiv_ceramics,1,train,srcgrp_02dcb43a6e59f452,src_global_bub_fair_vendor_a,unreviewed,unreviewed,global_cls__c10__source0p5,motif_texture_weighted_mean__c10__source0p5,texture_weighted_mean,10.0,True,0.0036147074107705612,5.558278638239557e-05,0.9928292894093237,0.0004928496090188536,0.0030075707845045483
img_9b6aabe685e12965,selection_conditional_full_development_oof_v4,dataset_dev/03_bubnivka_ceramics/b102.jpg,03_bubnivka_ceramics,03_bubnivka_ceramics,True,0.9974377361800612,03_bubnivka_ceramics,01_opishnyan_ceramics,05_kosiv_ceramics,1,train,srcgrp_02dcb43a6e59f452,src_global_bub_fair_vendor_a,unreviewed,unreviewed,global_cls__c10__source0p5,motif_texture_weighted_mean__c10__source0p5,texture_weighted_mean,10.0,True,0.002129323990458394,1.5726389940184764e-05,0.9974377361800612,3.741264936375753e-05,0.00037980079017631817
img_5c1413721788d8b4,selection_conditional_full_development_oof_v4,dataset_dev/03_bubnivka_ceramics/b103.jpg,03_bubnivka_ceramics,03_bubnivka_ceramics,True,0.9946218974068027,03_bubnivka_ceramics,01_opishnyan_ceramics,05_kosiv_ceramics,1,train,srcgrp_02dcb43a6e59f452,src_global_bub_fair_vendor_a,unreviewed,unreviewed,global_cls__c10__source0p5,motif_texture_weighted_mean__c10__source0p5,texture_weighted_mean,10.0,True,0.003954764698876286,0.00027806024957918583,0.9946218974068027,0.00041762352299959523,0.0007276541217421076
img_9a1562ecc3d8d28c,selection_conditional_full_development_oof_v4,dataset_dev/03_bubnivka_ceramics/b105.jpg,03_bubnivka_ceramics,03_bubnivka_ceramics,True,0.9966666801376031,03_bubnivka_ceramics,01_opishnyan_ceramics,04_petrykivka_painting,1,train,srcgrp_02dcb43a6e59f452,src_global_bub_fair_vendor_a,unreviewed,unreviewed,global_cls__c10__source0p5,motif_texture_weighted_mean__c10__source0p5,texture_weighted_mean,10.0,True,0.0016028688040583747,0.00012170338994067621,0.9966666801376031,0.001445776411054137,0.00016297125734384714
img_60fbf5c6e880fe0a,selection_conditional_full_development_oof_v4,dataset_dev/03_bubnivka_ceramics/b106.jpg,03_bubnivka_ceramics,03_bubnivka_ceramics,True,0.9588790337069105,03_bubnivka_ceramics,01_opishnyan_ceramics,05_kosiv_ceramics,1,train,srcgrp_02dcb43a6e59f452,src_global_bub_fair_vendor_a,unreviewed,unreviewed,global_cls__c10__source0p5,motif_texture_weighted_mean__c10__source0p5,texture_weighted_mean,10.0,True,0.03806184515966326,0.0006147948534134968,0.9588790337069105,0.0004061653099683122,0.002038160970044333
img_b4ccf1867a57adaa,selection_conditional_full_development_oof_v4,dataset_dev/03_bubnivka_ceramics/b109.jpg,03_bubnivka_ceramics,01_opishnyan_ceramics,False,0.37777353294475896,01_opishnyan_ceramics,02_ornek,03_bubnivka_ceramics,0,train,src_manual_072,,plate_or_bowl,clear,global_cls__c10__source0p5,motif_texture_weighted_mean__c10__source0p5,texture_weighted_mean,10.0,True,0.37777353294475896,0.28840343703131527,0.2478114747545178,0.07620321828315604,0.009808336986251847
img_4a584ba2ee926b0a,selection_conditional_full_development_oof_v4,dataset_dev/03_bubnivka_ceramics/b109_2.jpg,03_bubnivka_ceramics,03_bubnivka_ceramics,True,0.820762479268837,03_bubnivka_ceramics,01_opishnyan_ceramics,02_ornek,0,train,src_manual_072,,plate_or_bowl,clear,global_cls__c10__source0p5,motif_texture_weighted_mean__c10__source0p5,texture_weighted_mean,10.0,True,0.08343123045208369,0.07019495440990553,0.820762479268837,0.02236048558038347,0.0032508502887901563
img_514d9b1af98af92a,selection_conditional_full_development_oof_v4,dataset_dev/03_bubnivka_ceramics/b109_3.jpg,03_bubnivka_ceramics,03_bubnivka_ceramics,True,0.928021406275022,03_bubnivka_ceramics,02_ornek,01_opishnyan_ceramics,0,train,src_manual_072,,plate_or_bowl,clear,global_cls__c10__source0p5,motif_texture_weighted_mean__c10__source0p5,texture_weighted_mean,10.0,True,0.026007124541040427,0.036984744290954975,0.928021406275022,0.007878149887541187,0.0011085750054412897
img_5caa8825b2a31776,selection_conditional_full_development_oof_v4,dataset_dev/03_bubnivka_ceramics/b109_4.jpg,03_bubnivka_ceramics,03_bubnivka_ceramics,True,0.3990859364871522,03_bubnivka_ceramics,01_opishnyan_ceramics,02_ornek,0,train,src_manual_072,,plate_or_bowl,clear,global_cls__c10__source0p5,motif_texture_weighted_mean__c10__source0p5,texture_weighted_mean,10.0,True,0.33495689173228504,0.18084259330164326,0.3990859364871522,0.07921754794760616,0.005897030531313479
img_be871d409981e3b4,selection_conditional_full_development_oof_v4,dataset_dev/03_bubnivka_ceramics/b110.jpg,03_bubnivka_ceramics,03_bubnivka_ceramics,True,0.9973413127077051,03_bubnivka_ceramics,02_ornek,01_opishnyan_ceramics,4,train,srcgrp_c84a287f983aa7cd,src_global_bub_leaf_stump,unreviewed,unreviewed,global_cls__c10__source0p5,motif_texture_weighted_mean__c10__source0p5,texture_weighted_mean,10.0,True,0.001060707036208214,0.001171197902469375,0.9973413127077051,0.0002070739759675116,0.00021970837764979722
img_a87a6e46ab0893b2,selection_conditional_full_development_oof_v4,dataset_dev/03_bubnivka_ceramics/b111.jpg,03_bubnivka_ceramics,03_bubnivka_ceramics,True,0.9994575232605135,03_bubnivka_ceramics,01_opishnyan_ceramics,02_ornek,4,train,srcgrp_c84a287f983aa7cd,src_global_bub_leaf_stump,unreviewed,unreviewed,global_cls__c10__source0p5,motif_texture_weighted_mean__c10__source0p5,texture_weighted_mean,10.0,True,0.00045091414138622815,4.7994734314960124e-05,0.9994575232605135,3.224314943374955e-05,1.1324714351484152e-05
img_e4cff5be4f5face7,selection_conditional_full_development_oof_v4,dataset_dev/03_bubnivka_ceramics/b112.jpg,03_bubnivka_ceramics,03_bubnivka_ceramics,True,0.9915368883325737,03_bubnivka_ceramics,01_opishnyan_ceramics,02_ornek,4,train,srcgrp_c84a287f983aa7cd,src_global_bub_leaf_stump,unreviewed,unreviewed,global_cls__c10__source0p5,motif_texture_weighted_mean__c10__source0p5,texture_weighted_mean,10.0,True,0.004513484867948363,0.0024921092486213155,0.9915368883325737,0.0008538693190061927,0.0006036482318503784
img_541bd47877da72c4,selection_conditional_full_development_oof_v4,dataset_dev/03_bubnivka_ceramics/b113.jpg,03_bubnivka_ceramics,03_bubnivka_ceramics,True,0.9973491899795127,03_bubnivka_ceramics,01_opishnyan_ceramics,02_ornek,4,train,srcgrp_c84a287f983aa7cd,src_global_bub_leaf_stump,unreviewed,unreviewed,global_cls__c10__source0p5,motif_texture_weighted_mean__c10__source0p5,texture_weighted_mean,10.0,True,0.0019925002582688394,0.0002841262092315729,0.9973491899795127,0.00013386408712116085,0.0002403194658656932
img_7fb0d10d2640b88d,selection_conditional_full_development_oof_v4,dataset_dev/03_bubnivka_ceramics/b115.jpg,03_bubnivka_ceramics,03_bubnivka_ceramics,True,0.9987527625235588,03_bubnivka_ceramics,02_ornek,05_kosiv_ceramics,4,train,srcgrp_c84a287f983aa7cd,src_global_bub_leaf_stump,unreviewed,unreviewed,global_cls__c10__source0p5,motif_texture_weighted_mean__c10__source0p5,texture_weighted_mean,10.0,True,0.00022089805059841952,0.0005876537854643488,0.9987527625235588,7.907742172460634e-05,0.0003596082186538603
img_e667888c4ed831a8,selection_conditional_full_development_oof_v4,dataset_dev/03_bubnivka_ceramics/b116.jpg,03_bubnivka_ceramics,03_bubnivka_ceramics,True,0.9978937843858393,03_bubnivka_ceramics,01_opishnyan_ceramics,05_kosiv_ceramics,4,train,srcgrp_c84a287f983aa7cd,src_global_bub_leaf_stump,unreviewed,unreviewed,global_cls__c10__source0p5,motif_texture_weighted_mean__c10__source0p5,texture_weighted_mean,10.0,True,0.0012819128371610244,6.11086242752031e-05,0.9978937843858393,8.338020264690897e-05,0.0006798139500775212
img_50a04827d56abd42,selection_conditional_full_development_oof_v4,dataset_dev/03_bubnivka_ceramics/b117.jpg,03_bubnivka_ceramics,03_bubnivka_ceramics,True,0.998557859311297,03_bubnivka_ceramics,01_opishnyan_ceramics,05_kosiv_ceramics,1,train,obj_single_50a04827d56abd42,,unreviewed,unreviewed,global_cls__c10__source0p5,motif_texture_weighted_mean__c10__source0p5,texture_weighted_mean,10.0,True,0.0007742659680946932,0.00023661729248975003,0.998557859311297,0.0001688165029560312,0.0002624409251623717
img_438a14d3163337b6,selection_conditional_full_development_oof_v4,dataset_dev/03_bubnivka_ceramics/b120.jpg,03_bubnivka_ceramics,03_bubnivka_ceramics,True,0.9180896030539634,03_bubnivka_ceramics,01_opishnyan_ceramics,02_ornek,2,train,obj_single_438a14d3163337b6,,unreviewed,unreviewed,global_cls__c10__source0p5,motif_texture_weighted_mean__c10__source0p5,texture_weighted_mean,10.0,True,0.07497102050402017,0.0035106281511263233,0.9180896030539634,0.0011609169741608268,0.0022678313167294106
img_bc3f255d0f8808f6,selection_conditional_full_development_oof_v4,dataset_dev/03_bubnivka_ceramics/b122.jpg,03_bubnivka_ceramics,03_bubnivka_ceramics,True,0.8725200542423646,03_bubnivka_ceramics,05_kosiv_ceramics,02_ornek,2,train,obj_single_bc3f255d0f8808f6,,unreviewed,unreviewed,global_cls__c10__source0p5,motif_texture_weighted_mean__c10__source0p5,texture_weighted_mean,10.0,True,0.0037664567063874976,0.02413004147312726,0.8725200542423646,0.015055230504798692,0.08452821707332187
img_0a3830439765bcf1,selection_conditional_full_development_oof_v4,dataset_dev/03_bubnivka_ceramics/b123.jpg,03_bubnivka_ceramics,03_bubnivka_ceramics,True,0.9944312165843588,03_bubnivka_ceramics,01_opishnyan_ceramics,05_kosiv_ceramics,1,train,src_manual_027,,mixed_display_or_collection,clear,global_cls__c10__source0p5,motif_texture_weighted_mean__c10__source0p5,texture_weighted_mean,10.0,True,0.002804768048938729,0.0003330728109859663,0.9944312165843588,0.001044284741060157,0.0013866578146561593
img_064d03bb46200c0b,selection_conditional_full_development_oof_v4,dataset_dev/03_bubnivka_ceramics/b125.jpg,03_bubnivka_ceramics,03_bubnivka_ceramics,True,0.9769238240120643,03_bubnivka_ceramics,01_opishnyan_ceramics,02_ornek,2,train,obj_single_064d03bb46200c0b,,unreviewed,unreviewed,global_cls__c10__source0p5,motif_texture_weighted_mean__c10__source0p5,texture_weighted_mean,10.0,True,0.019492200391174958,0.003032640946416878,0.9769238240120643,0.000250880764855619,0.00030045388548826404
img_db3fd2129b3a042d,selection_conditional_full_development_oof_v4,dataset_dev/03_bubnivka_ceramics/b126.jpg,03_bubnivka_ceramics,03_bubnivka_ceramics,True,0.9980491705463963,03_bubnivka_ceramics,05_kosiv_ceramics,02_ornek,0,train,obj_single_db3fd2129b3a042d,,unreviewed,unreviewed,global_cls__c10__source0p5,motif_texture_weighted_mean__c10__source0p5,texture_weighted_mean,10.0,True,0.00017117744243781322,0.0002662474190539427,0.9980491705463963,3.856460230192202e-05,0.0014748399898100164
img_08a71a3580503299,selection_conditional_full_development_oof_v4,dataset_dev/03_bubnivka_ceramics/b194.jpg,03_bubnivka_ceramics,03_bubnivka_ceramics,True,0.9671500449265472,03_bubnivka_ceramics,05_kosiv_ceramics,04_petrykivka_painting,2,train,obj_single_08a71a3580503299,,unreviewed,unreviewed,global_cls__c10__source0p5,motif_texture_weighted_mean__c10__source0p5,texture_weighted_mean,10.0,True,0.0009105829677422034,0.000609040958913042,0.9671500449265472,0.0022111117454537634,0.02911921940134369
img_5b3054efa596c367,selection_conditional_full_development_oof_v4,dataset_dev/03_bubnivka_ceramics/b196.jpg,03_bubnivka_ceramics,03_bubnivka_ceramics,True,0.9981219156898159,03_bubnivka_ceramics,01_opishnyan_ceramics,02_ornek,0,train,obj_single_5b3054efa596c367,,unreviewed,unreviewed,global_cls__c10__source0p5,motif_texture_weighted_mean__c10__source0p5,texture_weighted_mean,10.0,True,0.001262232511621322,0.0002622182576631136,0.9981219156898159,0.0001759898076051578,0.00017764373329433805
img_ca6997820626e903,selection_conditional_full_development_oof_v4,dataset_dev/03_bubnivka_ceramics/b197.jpg,03_bubnivka_ceramics,03_bubnivka_ceramics,True,0.9915157451940801,03_bubnivka_ceramics,01_opishnyan_ceramics,02_ornek,0,train,obj_single_ca6997820626e903,,unreviewed,unreviewed,global_cls__c10__source0p5,motif_texture_weighted_mean__c10__source0p5,texture_weighted_mean,10.0,True,0.003811455542247244,0.003458992514615625,0.9915157451940801,0.0003066753496007265,0.0009071313994564113
img_eb308e08bae7ce81,selection_conditional_full_development_oof_v4,dataset_dev/03_bubnivka_ceramics/b198.jpg,03_bubnivka_ceramics,03_bubnivka_ceramics,True,0.986602072506997,03_bubnivka_ceramics,05_kosiv_ceramics,02_ornek,1,train,obj_single_eb308e08bae7ce81,,unreviewed,unreviewed,global_cls__c10__source0p5,motif_texture_weighted_mean__c10__source0p5,texture_weighted_mean,10.0,True,0.0005119472294072649,0.0019267635865084338,0.986602072506997,0.0015078053905186717,0.009451411286568675
img_3a8fefcb916a104a,selection_conditional_full_development_oof_v4,dataset_dev/03_bubnivka_ceramics/b199.jpg,03_bubnivka_ceramics,03_bubnivka_ceramics,True,0.9993013844962868,03_bubnivka_ceramics,01_opishnyan_ceramics,04_petrykivka_painting,1,train,obj_single_3a8fefcb916a104a,,unreviewed,unreviewed,global_cls__c10__source0p5,motif_texture_weighted_mean__c10__source0p5,texture_weighted_mean,10.0,True,0.00041108029673186307,0.00010221240990444107,0.9993013844962868,0.00011908847915818106,6.623431791875406e-05
img_f54218e34f9c427a,selection_conditional_full_development_oof_v4,dataset_dev/03_bubnivka_ceramics/b202.jpg,03_bubnivka_ceramics,03_bubnivka_ceramics,True,0.9934489379588552,03_bubnivka_ceramics,05_kosiv_ceramics,01_opishnyan_ceramics,3,train,obj_single_f54218e34f9c427a,,unreviewed,unreviewed,global_cls__c10__source0p5,motif_texture_weighted_mean__c10__source0p5,texture_weighted_mean,10.0,True,0.0010702702568583758,0.0005783929022140913,0.9934489379588552,0.0002959592747730738,0.004606439607299241
img_02152c9b2ffcf6f8,selection_conditional_full_development_oof_v4,dataset_dev/03_bubnivka_ceramics/b203.jpg,03_bubnivka_ceramics,03_bubnivka_ceramics,True,0.7397483759179069,03_bubnivka_ceramics,05_kosiv_ceramics,02_ornek,0,train,obj_single_02152c9b2ffcf6f8,,unreviewed,unreviewed,global_cls__c10__source0p5,motif_texture_weighted_mean__c10__source0p5,texture_weighted_mean,10.0,True,0.02390677973400835,0.03344806329686592,0.7397483759179069,0.00284051948991464,0.20005626156130413
img_fb2412bdcc177a82,selection_conditional_full_development_oof_v4,dataset_dev/03_bubnivka_ceramics/b204.jpg,03_bubnivka_ceramics,05_kosiv_ceramics,False,0.5718621863743522,05_kosiv_ceramics,02_ornek,03_bubnivka_ceramics,0,train,obj_single_fb2412bdcc177a82,,unreviewed,unreviewed,global_cls__c10__source0p5,motif_texture_weighted_mean__c10__source0p5,texture_weighted_mean,10.0,True,0.009993650803512751,0.2513889744477395,0.16561038511654153,0.0011448032578539804,0.5718621863743522
img_0bb359910fd11433,selection_conditional_full_development_oof_v4,dataset_dev/03_bubnivka_ceramics/b205.jpg,03_bubnivka_ceramics,01_opishnyan_ceramics,False,0.6183931737990198,01_opishnyan_ceramics,03_bubnivka_ceramics,05_kosiv_ceramics,3,train,srcgrp_32f746da59345286,src_global_bub_museum_interior,unreviewed,unreviewed,global_cls__c10__source0p5,motif_texture_weighted_mean__c10__source0p5,texture_weighted_mean,10.0,True,0.6183931737990198,0.008707117405413956,0.3461254115883977,0.0020009467744107954,0.02477335043275778
img_f9cc3aa9918ce171,selection_conditional_full_development_oof_v4,dataset_dev/03_bubnivka_ceramics/b206.jpg,03_bubnivka_ceramics,03_bubnivka_ceramics,True,0.5692487205211131,03_bubnivka_ceramics,05_kosiv_ceramics,01_opishnyan_ceramics,3,train,srcgrp_32f746da59345286,src_global_bub_museum_interior,mixed_display_or_collection,clear,global_cls__c10__source0p5,motif_texture_weighted_mean__c10__source0p5,texture_weighted_mean,10.0,True,0.09443357281146346,0.03631795664598666,0.5692487205211131,0.019316095508168613,0.28068365451326815
img_a7eb0297b535676e,selection_conditional_full_development_oof_v4,dataset_dev/03_bubnivka_ceramics/b206_2.jpg,03_bubnivka_ceramics,03_bubnivka_ceramics,True,0.6986755763347134,03_bubnivka_ceramics,05_kosiv_ceramics,01_opishnyan_ceramics,3,train,srcgrp_32f746da59345286,src_global_bub_museum_interior,mixed_display_or_collection,clear,global_cls__c10__source0p5,motif_texture_weighted_mean__c10__source0p5,texture_weighted_mean,10.0,True,0.11580196076984027,0.042155632764776234,0.6986755763347134,0.020566715319382586,0.12280011481128753
img_26b15cbbecf66be7,selection_conditional_full_development_oof_v4,dataset_dev/03_bubnivka_ceramics/b207.jpg,03_bubnivka_ceramics,03_bubnivka_ceramics,True,0.7662297315612381,03_bubnivka_ceramics,02_ornek,05_kosiv_ceramics,3,train,srcgrp_32f746da59345286,src_global_bub_museum_interior,unreviewed,unreviewed,global_cls__c10__source0p5,motif_texture_weighted_mean__c10__source0p5,texture_weighted_mean,10.0,True,0.005382114425183365,0.16319212539056305,0.7662297315612381,0.002768472141794213,0.06242755648122127
img_d099e2c33371f142,selection_conditional_full_development_oof_v4,dataset_dev/03_bubnivka_ceramics/b208.jpg,03_bubnivka_ceramics,03_bubnivka_ceramics,True,0.9438317375521202,03_bubnivka_ceramics,02_ornek,01_opishnyan_ceramics,3,train,srcgrp_32f746da59345286,src_global_bub_museum_interior,unreviewed,unreviewed,global_cls__c10__source0p5,motif_texture_weighted_mean__c10__source0p5,texture_weighted_mean,10.0,True,0.008726262149394462,0.04095356345085156,0.9438317375521202,0.0027179898697546486,0.003770446977878899
img_9dc08ce1df8083fd,selection_conditional_full_development_oof_v4,dataset_dev/03_bubnivka_ceramics/b212.jpg,03_bubnivka_ceramics,03_bubnivka_ceramics,True,0.8830967254252319,03_bubnivka_ceramics,01_opishnyan_ceramics,02_ornek,3,train,srcgrp_32f746da59345286,src_global_bub_museum_interior,unreviewed,unreviewed,global_cls__c10__source0p5,motif_texture_weighted_mean__c10__source0p5,texture_weighted_mean,10.0,True,0.04107152140322058,0.0397518199579546,0.8830967254252319,0.001564688779508171,0.034515244434084824
img_248093a764ffc019,selection_conditional_full_development_oof_v4,dataset_dev/03_bubnivka_ceramics/b213.jpg,03_bubnivka_ceramics,03_bubnivka_ceramics,True,0.9776820182923848,03_bubnivka_ceramics,01_opishnyan_ceramics,05_kosiv_ceramics,3,train,srcgrp_32f746da59345286,src_global_bub_museum_interior,unreviewed,unreviewed,global_cls__c10__source0p5,motif_texture_weighted_mean__c10__source0p5,texture_weighted_mean,10.0,True,0.01688472765842853,0.00029119139178296127,0.9776820182923848,0.0006862192336820158,0.004455843423721735
img_c991ba7c5d4afb71,selection_conditional_full_development_oof_v4,dataset_dev/03_bubnivka_ceramics/b214.jpg,03_bubnivka_ceramics,03_bubnivka_ceramics,True,0.7348113003673422,03_bubnivka_ceramics,01_opishnyan_ceramics,05_kosiv_ceramics,3,train,srcgrp_32f746da59345286,src_global_bub_museum_interior,unreviewed,unreviewed,global_cls__c10__source0p5,motif_texture_weighted_mean__c10__source0p5,texture_weighted_mean,10.0,True,0.21846206611546812,0.01273581326117112,0.7348113003673422,0.0026497801444210723,0.03134104011159729
img_b0a24bedaa753e82,selection_conditional_full_development_oof_v4,dataset_dev/03_bubnivka_ceramics/b215.jpg,03_bubnivka_ceramics,03_bubnivka_ceramics,True,0.9235170449797278,03_bubnivka_ceramics,01_opishnyan_ceramics,05_kosiv_ceramics,3,train,srcgrp_32f746da59345286,src_global_bub_museum_interior,unreviewed,unreviewed,global_cls__c10__source0p5,motif_texture_weighted_mean__c10__source0p5,texture_weighted_mean,10.0,True,0.06093772307720898,0.0014095692427319084,0.9235170449797278,0.0009136212666860222,0.013222041433645174
img_a6e20a016cef411e,selection_conditional_full_development_oof_v4,dataset_dev/03_bubnivka_ceramics/b216.jpg,03_bubnivka_ceramics,01_opishnyan_ceramics,False,0.9794546013871098,01_opishnyan_ceramics,02_ornek,05_kosiv_ceramics,3,train,srcgrp_32f746da59345286,src_global_bub_museum_interior,unreviewed,unreviewed,global_cls__c10__source0p5,motif_texture_weighted_mean__c10__source0p5,texture_weighted_mean,10.0,True,0.9794546013871098,0.010610340872023196,0.0033009201083172624,0.000901879046183762,0.005732258586366031
img_4519bdea3758eb44,selection_conditional_full_development_oof_v4,dataset_dev/03_bubnivka_ceramics/b220.jpg,03_bubnivka_ceramics,03_bubnivka_ceramics,True,0.7773348475020196,03_bubnivka_ceramics,01_opishnyan_ceramics,05_kosiv_ceramics,3,train,srcgrp_32f746da59345286,src_global_bub_museum_interior,unreviewed,unreviewed,global_cls__c10__source0p5,motif_texture_weighted_mean__c10__source0p5,texture_weighted_mean,10.0,True,0.2212397571505793,0.00046101266386514706,0.7773348475020196,0.0002070649922090546,0.0007573176913269015
img_5fe43c8863280588,selection_conditional_full_development_oof_v4,dataset_dev/03_bubnivka_ceramics/b221.jpg,03_bubnivka_ceramics,03_bubnivka_ceramics,True,0.9977806549305724,03_bubnivka_ceramics,02_ornek,05_kosiv_ceramics,3,train,srcgrp_32f746da59345286,src_global_bub_museum_interior,unreviewed,unreviewed,global_cls__c10__source0p5,motif_texture_weighted_mean__c10__source0p5,texture_weighted_mean,10.0,True,0.000619262189861283,0.0007909497958095372,0.9977806549305724,8.700196867722498e-05,0.000722131115079367
img_cdc0f5d21f1e1a0f,selection_conditional_full_development_oof_v4,dataset_dev/03_bubnivka_ceramics/b222.jpg,03_bubnivka_ceramics,03_bubnivka_ceramics,True,0.7925092431588547,03_bubnivka_ceramics,01_opishnyan_ceramics,02_ornek,3,train,srcgrp_32f746da59345286,src_global_bub_museum_interior,unreviewed,unreviewed,global_cls__c10__source0p5,motif_texture_weighted_mean__c10__source0p5,texture_weighted_mean,10.0,True,0.20224081135926344,0.0032878573607876787,0.7925092431588547,0.000497171283337774,0.0014649168377563991
img_660f93e8e100b9a7,selection_conditional_full_development_oof_v4,dataset_dev/03_bubnivka_ceramics/b223.jpg,03_bubnivka_ceramics,03_bubnivka_ceramics,True,0.8979345107501165,03_bubnivka_ceramics,01_opishnyan_ceramics,05_kosiv_ceramics,3,train,srcgrp_32f746da59345286,src_global_bub_museum_interior,unreviewed,unreviewed,global_cls__c10__source0p5,motif_texture_weighted_mean__c10__source0p5,texture_weighted_mean,10.0,True,0.09978485944973456,0.00040236790651486035,0.8979345107501165,0.0003020241847021287,0.0015762377089319918
img_69d61dad044c7abb,selection_conditional_full_development_oof_v4,dataset_dev/03_bubnivka_ceramics/b225.jpg,03_bubnivka_ceramics,03_bubnivka_ceramics,True,0.9007783576500424,03_bubnivka_ceramics,01_opishnyan_ceramics,05_kosiv_ceramics,3,train,srcgrp_32f746da59345286,src_global_bub_museum_interior,unreviewed,unreviewed,global_cls__c10__source0p5,motif_texture_weighted_mean__c10__source0p5,texture_weighted_mean,10.0,True,0.09740209382193059,0.0005489835435098673,0.9007783576500424,8.56646300244879e-05,0.001184900354492609
img_e9b4a87a18b8688a,selection_conditional_full_development_oof_v4,dataset_dev/03_bubnivka_ceramics/b226.jpg,03_bubnivka_ceramics,01_opishnyan_ceramics,False,0.7543974294045385,01_opishnyan_ceramics,03_bubnivka_ceramics,02_ornek,3,train,srcgrp_32f746da59345286,src_global_bub_museum_interior,unreviewed,unreviewed,global_cls__c10__source0p5,motif_texture_weighted_mean__c10__source0p5,texture_weighted_mean,10.0,True,0.7543974294045385,0.004596114918235353,0.24047297144858476,7.510375956652826e-05,0.0004583804690749524
img_7daa936e79ea6da0,selection_conditional_full_development_oof_v4,dataset_dev/03_bubnivka_ceramics/b227.jpg,03_bubnivka_ceramics,01_opishnyan_ceramics,False,0.6390395689019531,01_opishnyan_ceramics,03_bubnivka_ceramics,05_kosiv_ceramics,3,train,srcgrp_32f746da59345286,src_global_bub_museum_interior,unreviewed,unreviewed,global_cls__c10__source0p5,motif_texture_weighted_mean__c10__source0p5,texture_weighted_mean,10.0,True,0.6390395689019531,0.00030074190027510895,0.35844656580057577,0.00019950621776841982,0.002013617179427573
img_6fd39037899a10db,selection_conditional_full_development_oof_v4,dataset_dev/03_bubnivka_ceramics/b228.jpg,03_bubnivka_ceramics,01_opishnyan_ceramics,False,0.5986622815673601,01_opishnyan_ceramics,03_bubnivka_ceramics,02_ornek,3,train,srcgrp_32f746da59345286,src_global_bub_museum_interior,unreviewed,unreviewed,global_cls__c10__source0p5,motif_texture_weighted_mean__c10__source0p5,texture_weighted_mean,10.0,True,0.5986622815673601,0.13754799130679835,0.20965090713090126,0.0009751978063782503,0.05316362218856198
img_a8e039e860a9d465,selection_conditional_full_development_oof_v4,dataset_dev/03_bubnivka_ceramics/b231.jpg,03_bubnivka_ceramics,01_opishnyan_ceramics,False,0.5302724712400001,01_opishnyan_ceramics,03_bubnivka_ceramics,02_ornek,3,train,srcgrp_32f746da59345286,src_global_bub_museum_interior,unreviewed,unreviewed,global_cls__c10__source0p5,motif_texture_weighted_mean__c10__source0p5,texture_weighted_mean,10.0,True,0.5302724712400001,0.036001407561185035,0.4134728684875314,0.0024445140903132287,0.017808738620970134
img_bf1427a7e8fd57ac,selection_conditional_full_development_oof_v4,dataset_dev/03_bubnivka_ceramics/b234.jpg,03_bubnivka_ceramics,03_bubnivka_ceramics,True,0.9617245966418853,03_bubnivka_ceramics,01_opishnyan_ceramics,02_ornek,3,train,srcgrp_32f746da59345286,src_global_bub_museum_interior,unreviewed,unreviewed,global_cls__c10__source0p5,motif_texture_weighted_mean__c10__source0p5,texture_weighted_mean,10.0,True,0.02274082741775355,0.013021237857927172,0.9617245966418853,0.00016779490335515804,0.0023455431790789906
img_6406ebac3be8c7bc,selection_conditional_full_development_oof_v4,dataset_dev/03_bubnivka_ceramics/b235.jpg,03_bubnivka_ceramics,03_bubnivka_ceramics,True,0.7752273088389557,03_bubnivka_ceramics,01_opishnyan_ceramics,02_ornek,3,train,srcgrp_32f746da59345286,src_global_bub_museum_interior,unreviewed,unreviewed,global_cls__c10__source0p5,motif_texture_weighted_mean__c10__source0p5,texture_weighted_mean,10.0,True,0.2140875989365084,0.007625231554388733,0.7752273088389557,0.00013872849087620434,0.0029211321792708645
img_16626c6cdaf572ec,selection_conditional_full_development_oof_v4,dataset_dev/03_bubnivka_ceramics/b236.jpg,03_bubnivka_ceramics,03_bubnivka_ceramics,True,0.9918984486567834,03_bubnivka_ceramics,02_ornek,05_kosiv_ceramics,2,train,srcgrp_8f610c5515edc7b9,src_global_bub_mesh_plate_pairs,plate_or_bowl,clear,global_cls__c10__source0p5,motif_texture_weighted_mean__c10__source0p5,texture_weighted_mean,10.0,True,0.00034941302547758935,0.004908086109901127,0.9918984486567834,0.0005099521648350076,0.0023341000430030126
img_271ef815035ccb1e,selection_conditional_full_development_oof_v4,dataset_dev/03_bubnivka_ceramics/b236_2.jpg,03_bubnivka_ceramics,03_bubnivka_ceramics,True,0.6974940175674379,03_bubnivka_ceramics,01_opishnyan_ceramics,02_ornek,2,train,srcgrp_8f610c5515edc7b9,src_global_bub_mesh_plate_pairs,plate_or_bowl,partial,global_cls__c10__source0p5,motif_texture_weighted_mean__c10__source0p5,texture_weighted_mean,10.0,True,0.29343035899357994,0.006016721299719311,0.6974940175674379,0.001803435032123479,0.0012554671071393984
img_3a28fcd4939bea31,selection_conditional_full_development_oof_v4,dataset_dev/03_bubnivka_ceramics/b237.jpg,03_bubnivka_ceramics,03_bubnivka_ceramics,True,0.9956558584747297,03_bubnivka_ceramics,01_opishnyan_ceramics,05_kosiv_ceramics,2,train,srcgrp_8f610c5515edc7b9,src_global_bub_mesh_plate_pairs,plate_or_bowl,clear,global_cls__c10__source0p5,motif_texture_weighted_mean__c10__source0p5,texture_weighted_mean,10.0,True,0.002128282058771909,0.0008133633678101871,0.9956558584747297,0.00023928752221297832,0.0011632085764751551
img_591815414d87bfcd,selection_conditional_full_development_oof_v4,dataset_dev/03_bubnivka_ceramics/b237_2.jpg,03_bubnivka_ceramics,01_opishnyan_ceramics,False,0.6029215666094915,01_opishnyan_ceramics,03_bubnivka_ceramics,02_ornek,2,train,srcgrp_8f610c5515edc7b9,src_global_bub_mesh_plate_pairs,plate_or_bowl,partial,global_cls__c10__source0p5,motif_texture_weighted_mean__c10__source0p5,texture_weighted_mean,10.0,True,0.6029215666094915,0.017579589667490403,0.37180073307736056,0.002157413283304615,0.005540697362352903
img_f57d2a035e0e7e73,selection_conditional_full_development_oof_v4,dataset_dev/03_bubnivka_ceramics/b238.jpg,03_bubnivka_ceramics,03_bubnivka_ceramics,True,0.9938188859653242,03_bubnivka_ceramics,05_kosiv_ceramics,02_ornek,2,train,srcgrp_8f610c5515edc7b9,src_global_bub_mesh_plate_pairs,plate_or_bowl,clear,global_cls__c10__source0p5,motif_texture_weighted_mean__c10__source0p5,texture_weighted_mean,10.0,True,0.0015024324446797038,0.0020489679423732936,0.9938188859653242,0.0002596869801228081,0.002370026667500145
img_65847e8071f3f242,selection_conditional_full_development_oof_v4,dataset_dev/03_bubnivka_ceramics/b238_2.jpg,03_bubnivka_ceramics,01_opishnyan_ceramics,False,0.694760690133215,01_opishnyan_ceramics,03_bubnivka_ceramics,02_ornek,2,train,srcgrp_8f610c5515edc7b9,src_global_bub_mesh_plate_pairs,plate_or_bowl,partial,global_cls__c10__source0p5,motif_texture_weighted_mean__c10__source0p5,texture_weighted_mean,10.0,True,0.694760690133215,0.019375524598236406,0.2769138393362388,0.0021116283482451154,0.00683831758406485
img_a5a9d42159f19a42,selection_conditional_full_development_oof_v4,dataset_dev/03_bubnivka_ceramics/b239.jpg,03_bubnivka_ceramics,03_bubnivka_ceramics,True,0.9950916244404341,03_bubnivka_ceramics,05_kosiv_ceramics,01_opishnyan_ceramics,2,train,srcgrp_8f610c5515edc7b9,src_global_bub_mesh_plate_pairs,plate_or_bowl,clear,global_cls__c10__source0p5,motif_texture_weighted_mean__c10__source0p5,texture_weighted_mean,10.0,True,0.0011174131588697481,0.0008338012714560931,0.9950916244404341,4.741886441119971e-05,0.0029097422648289182
img_198c35968dd81cc2,selection_conditional_full_development_oof_v4,dataset_dev/03_bubnivka_ceramics/b239_2.jpg,03_bubnivka_ceramics,03_bubnivka_ceramics,True,0.8821577384554351,03_bubnivka_ceramics,01_opishnyan_ceramics,02_ornek,2,train,srcgrp_8f610c5515edc7b9,src_global_bub_mesh_plate_pairs,plate_or_bowl,partial,global_cls__c10__source0p5,motif_texture_weighted_mean__c10__source0p5,texture_weighted_mean,10.0,True,0.11065520837909636,0.0032220809361398948,0.8821577384554351,0.003095428136625836,0.0008695440927029148
img_0c01474cb95ab6e5,selection_conditional_full_development_oof_v4,dataset_dev/03_bubnivka_ceramics/b240.jpg,03_bubnivka_ceramics,03_bubnivka_ceramics,True,0.995302445684523,03_bubnivka_ceramics,02_ornek,05_kosiv_ceramics,2,train,srcgrp_8f610c5515edc7b9,src_global_bub_mesh_plate_pairs,plate_or_bowl,clear,global_cls__c10__source0p5,motif_texture_weighted_mean__c10__source0p5,texture_weighted_mean,10.0,True,0.0004817955100507733,0.0031064155976598864,0.995302445684523,0.00014056469925060718,0.0009687785085157821
img_f89b50d021c32e3f,selection_conditional_full_development_oof_v4,dataset_dev/03_bubnivka_ceramics/b240_2.jpg,03_bubnivka_ceramics,01_opishnyan_ceramics,False,0.6392726479283526,01_opishnyan_ceramics,03_bubnivka_ceramics,02_ornek,2,train,srcgrp_8f610c5515edc7b9,src_global_bub_mesh_plate_pairs,plate_or_bowl,partial,global_cls__c10__source0p5,motif_texture_weighted_mean__c10__source0p5,texture_weighted_mean,10.0,True,0.6392726479283526,0.0067834460846924695,0.3468050641585662,0.0010566538174586512,0.006082188010930043
img_c2b38ddaf202663e,selection_conditional_full_development_oof_v4,dataset_dev/03_bubnivka_ceramics/b244.jpg,03_bubnivka_ceramics,03_bubnivka_ceramics,True,0.8266225032631936,03_bubnivka_ceramics,01_opishnyan_ceramics,05_kosiv_ceramics,0,train,obj_single_c2b38ddaf202663e,,unreviewed,unreviewed,global_cls__c10__source0p5,motif_texture_weighted_mean__c10__source0p5,texture_weighted_mean,10.0,True,0.13431407045713686,0.002424409211574275,0.8266225032631936,0.009878862092704653,0.026760154975390592
img_f77018162aedca35,selection_conditional_full_development_oof_v4,dataset_dev/03_bubnivka_ceramics/b245.jpg,03_bubnivka_ceramics,03_bubnivka_ceramics,True,0.7981656944473986,03_bubnivka_ceramics,05_kosiv_ceramics,01_opishnyan_ceramics,2,train,obj_single_f77018162aedca35,,unreviewed,unreviewed,global_cls__c10__source0p5,motif_texture_weighted_mean__c10__source0p5,texture_weighted_mean,10.0,True,0.04385012827184432,0.03701550714507299,0.7981656944473986,0.025734345104955734,0.0952343250307283
img_1e4f0753856f0cba,selection_conditional_full_development_oof_v4,dataset_dev/03_bubnivka_ceramics/b246.jpg,03_bubnivka_ceramics,03_bubnivka_ceramics,True,0.9811194876128829,03_bubnivka_ceramics,04_petrykivka_painting,02_ornek,2,train,obj_single_1e4f0753856f0cba,,unreviewed,unreviewed,global_cls__c10__source0p5,motif_texture_weighted_mean__c10__source0p5,texture_weighted_mean,10.0,True,0.003001648791402722,0.005733158989500493,0.9811194876128829,0.0061718572896770334,0.003973847316536731
img_3210550318a9b87c,selection_conditional_full_development_oof_v4,dataset_dev/03_bubnivka_ceramics/b247.jpg,03_bubnivka_ceramics,03_bubnivka_ceramics,True,0.9824224705136688,03_bubnivka_ceramics,01_opishnyan_ceramics,05_kosiv_ceramics,1,train,obj_single_3210550318a9b87c,,unreviewed,unreviewed,global_cls__c10__source0p5,motif_texture_weighted_mean__c10__source0p5,texture_weighted_mean,10.0,True,0.010144374399028018,0.00031333979006492276,0.9824224705136688,0.0016484614707312495,0.005471353826506903
img_8fdf789d4ac7e3ce,selection_conditional_full_development_oof_v4,dataset_dev/03_bubnivka_ceramics/b248.jpg,03_bubnivka_ceramics,03_bubnivka_ceramics,True,0.9865773991974972,03_bubnivka_ceramics,02_ornek,01_opishnyan_ceramics,0,train,obj_single_8fdf789d4ac7e3ce,,unreviewed,unreviewed,global_cls__c10__source0p5,motif_texture_weighted_mean__c10__source0p5,texture_weighted_mean,10.0,True,0.003946859726375808,0.008045225313625122,0.9865773991974972,0.00027196127610042153,0.001158554486401366
img_2ff39e5c693c1e96,selection_conditional_full_development_oof_v4,dataset_dev/03_bubnivka_ceramics/b263.jpg,03_bubnivka_ceramics,03_bubnivka_ceramics,True,0.9959308920877521,03_bubnivka_ceramics,01_opishnyan_ceramics,04_petrykivka_painting,4,validation,srcgrp_6d5d4ba8acb3dedc,src_global_bub_vognik_watermark,unreviewed,unreviewed,global_cls__c10__source0p5,motif_texture_weighted_mean__c10__source0p5,texture_weighted_mean,10.0,True,0.0017623520392177666,0.00020519307191146395,0.9959308920877521,0.0011399099717167751,0.0009616528294018688
img_dcda2b8e285fae28,selection_conditional_full_development_oof_v4,dataset_dev/03_bubnivka_ceramics/b264.jpg,03_bubnivka_ceramics,03_bubnivka_ceramics,True,0.9950726888844655,03_bubnivka_ceramics,05_kosiv_ceramics,04_petrykivka_painting,4,validation,srcgrp_6d5d4ba8acb3dedc,src_global_bub_vognik_watermark,unreviewed,unreviewed,global_cls__c10__source0p5,motif_texture_weighted_mean__c10__source0p5,texture_weighted_mean,10.0,True,0.0005306372245824669,0.0007897269590579686,0.9950726888844655,0.001159191811104171,0.0024477551207900124
img_d54ed9bdedd5d00c,selection_conditional_full_development_oof_v4,dataset_dev/03_bubnivka_ceramics/b265.jpg,03_bubnivka_ceramics,03_bubnivka_ceramics,True,0.8985309798302534,03_bubnivka_ceramics,02_ornek,04_petrykivka_painting,4,validation,srcgrp_6d5d4ba8acb3dedc,src_global_bub_vognik_watermark,unreviewed,unreviewed,global_cls__c10__source0p5,motif_texture_weighted_mean__c10__source0p5,texture_weighted_mean,10.0,True,0.0015166794650197683,0.09485070520588856,0.8985309798302534,0.0035059987689251564,0.0015956367299131903
img_5eadfe43455ebf1f,selection_conditional_full_development_oof_v4,dataset_dev/03_bubnivka_ceramics/b266.jpg,03_bubnivka_ceramics,03_bubnivka_ceramics,True,0.7913402836686732,03_bubnivka_ceramics,05_kosiv_ceramics,02_ornek,4,validation,srcgrp_6d5d4ba8acb3dedc,src_global_bub_vognik_watermark,unreviewed,unreviewed,global_cls__c10__source0p5,motif_texture_weighted_mean__c10__source0p5,texture_weighted_mean,10.0,True,0.034940121682131384,0.06974512730075497,0.7913402836686732,0.005190854724372611,0.09878361262406786
img_66ffbed5596b907d,selection_conditional_full_development_oof_v4,dataset_dev/03_bubnivka_ceramics/b267.jpg,03_bubnivka_ceramics,03_bubnivka_ceramics,True,0.9952694977297364,03_bubnivka_ceramics,05_kosiv_ceramics,01_opishnyan_ceramics,4,validation,srcgrp_6d5d4ba8acb3dedc,src_global_bub_vognik_watermark,unreviewed,unreviewed,global_cls__c10__source0p5,motif_texture_weighted_mean__c10__source0p5,texture_weighted_mean,10.0,True,0.0015578547480168056,0.00044083909411833,0.9952694977297364,0.0005350565609610094,0.0021967518671672953
img_f38edeebc519198c,selection_conditional_full_development_oof_v4,dataset_dev/03_bubnivka_ceramics/b268.jpg,03_bubnivka_ceramics,03_bubnivka_ceramics,True,0.9554890101759769,03_bubnivka_ceramics,05_kosiv_ceramics,01_opishnyan_ceramics,4,validation,srcgrp_6d5d4ba8acb3dedc,src_global_bub_vognik_watermark,unreviewed,unreviewed,global_cls__c10__source0p5,motif_texture_weighted_mean__c10__source0p5,texture_weighted_mean,10.0,True,0.010322281246996724,0.00727965592967261,0.9554890101759769,0.0016402910336648026,0.02526876161368914
img_ec347acfebc1c534,selection_conditional_full_development_oof_v4,dataset_dev/03_bubnivka_ceramics/b275.jpg,03_bubnivka_ceramics,03_bubnivka_ceramics,True,0.984760916419361,03_bubnivka_ceramics,02_ornek,01_opishnyan_ceramics,0,train,obj_single_ec347acfebc1c534,,unreviewed,unreviewed,global_cls__c10__source0p5,motif_texture_weighted_mean__c10__source0p5,texture_weighted_mean,10.0,True,0.0036401980327653437,0.009921435232668111,0.984760916419361,0.0005835589106496379,0.0010938914045558051
img_614141ec2451f82e,selection_conditional_full_development_oof_v4,dataset_dev/03_bubnivka_ceramics/b277.jpg,03_bubnivka_ceramics,03_bubnivka_ceramics,True,0.9987217225279565,03_bubnivka_ceramics,01_opishnyan_ceramics,05_kosiv_ceramics,1,train,obj_single_614141ec2451f82e,,unreviewed,unreviewed,global_cls__c10__source0p5,motif_texture_weighted_mean__c10__source0p5,texture_weighted_mean,10.0,True,0.000671752786391681,0.0002227980403510618,0.9987217225279565,0.00013346456919193162,0.00025026207610886347
img_d53f3ca5baf499a2,selection_conditional_full_development_oof_v4,dataset_dev/03_bubnivka_ceramics/b280.jpg,03_bubnivka_ceramics,03_bubnivka_ceramics,True,0.9933907826339853,03_bubnivka_ceramics,05_kosiv_ceramics,01_opishnyan_ceramics,0,train,obj_single_d53f3ca5baf499a2,,unreviewed,unreviewed,global_cls__c10__source0p5,motif_texture_weighted_mean__c10__source0p5,texture_weighted_mean,10.0,True,0.0006413105559400557,0.0006036589628349078,0.9933907826339853,0.00013769663020126913,0.005226551217038237
img_79515fd601e6a6e2,selection_conditional_full_development_oof_v4,dataset_dev/03_bubnivka_ceramics/b284.jpg,03_bubnivka_ceramics,03_bubnivka_ceramics,True,0.9991775777500311,03_bubnivka_ceramics,05_kosiv_ceramics,02_ornek,1,train,obj_single_79515fd601e6a6e2,,unreviewed,unreviewed,global_cls__c10__source0p5,motif_texture_weighted_mean__c10__source0p5,texture_weighted_mean,10.0,True,8.451560838919979e-05,0.00027643273326484794,0.9991775777500311,0.00016428622333188833,0.0002971876849829379
img_caf7900894d6afa2,selection_conditional_full_development_oof_v4,dataset_dev/03_bubnivka_ceramics/b286.jpg,03_bubnivka_ceramics,03_bubnivka_ceramics,True,0.9915366216504484,03_bubnivka_ceramics,05_kosiv_ceramics,01_opishnyan_ceramics,2,train,obj_single_caf7900894d6afa2,,unreviewed,unreviewed,global_cls__c10__source0p5,motif_texture_weighted_mean__c10__source0p5,texture_weighted_mean,10.0,True,0.0013133522068092189,0.0004635243861369425,0.9915366216504484,4.542776756277581e-05,0.006641073989042594
img_dcbe7bb9a7faab56,selection_conditional_full_development_oof_v4,dataset_dev/03_bubnivka_ceramics/b288.jpg,03_bubnivka_ceramics,03_bubnivka_ceramics,True,0.9737414842962927,03_bubnivka_ceramics,01_opishnyan_ceramics,05_kosiv_ceramics,4,train,obj_single_dcbe7bb9a7faab56,,unreviewed,unreviewed,global_cls__c10__source0p5,motif_texture_weighted_mean__c10__source0p5,texture_weighted_mean,10.0,True,0.02465781401070327,0.000158007664906958,0.9737414842962927,0.00014666528927130294,0.0012960287388255817
img_ac59e3e6d17d38f6,selection_conditional_full_development_oof_v4,dataset_dev/03_bubnivka_ceramics/b290.jpg,03_bubnivka_ceramics,03_bubnivka_ceramics,True,0.7186080365873292,03_bubnivka_ceramics,02_ornek,01_opishnyan_ceramics,0,train,obj_single_ac59e3e6d17d38f6,,unreviewed,unreviewed,global_cls__c10__source0p5,motif_texture_weighted_mean__c10__source0p5,texture_weighted_mean,10.0,True,0.09888111646932933,0.15326929150712185,0.7186080365873292,0.005663679509601355,0.023577875926618218
img_d0bf1a42720f71fe,selection_conditional_full_development_oof_v4,dataset_dev/03_bubnivka_ceramics/b294.jpg,03_bubnivka_ceramics,03_bubnivka_ceramics,True,0.9964863515237612,03_bubnivka_ceramics,02_ornek,01_opishnyan_ceramics,2,validation,srcgrp_12bb6621dab44eb0,src_global_bub_dark_cloth_closeups,unreviewed,unreviewed,global_cls__c10__source0p5,motif_texture_weighted_mean__c10__source0p5,texture_weighted_mean,10.0,True,0.0009039013945262103,0.0018220070053196742,0.9964863515237612,0.0006463274549849207,0.00014141262140806728
img_ee59c5d4382cc9a1,selection_conditional_full_development_oof_v4,dataset_dev/03_bubnivka_ceramics/b296.jpg,03_bubnivka_ceramics,03_bubnivka_ceramics,True,0.9984484248070596,03_bubnivka_ceramics,04_petrykivka_painting,01_opishnyan_ceramics,2,validation,srcgrp_12bb6621dab44eb0,src_global_bub_dark_cloth_closeups,unreviewed,unreviewed,global_cls__c10__source0p5,motif_texture_weighted_mean__c10__source0p5,texture_weighted_mean,10.0,True,0.000672897901707067,8.263380600389658e-05,0.9984484248070596,0.000741184814999861,5.485867022937189e-05
img_0f314014e178659a,selection_conditional_full_development_oof_v4,dataset_dev/03_bubnivka_ceramics/b298.jpg,03_bubnivka_ceramics,03_bubnivka_ceramics,True,0.998606936979563,03_bubnivka_ceramics,01_opishnyan_ceramics,04_petrykivka_painting,2,validation,srcgrp_12bb6621dab44eb0,src_global_bub_dark_cloth_closeups,unreviewed,unreviewed,global_cls__c10__source0p5,motif_texture_weighted_mean__c10__source0p5,texture_weighted_mean,10.0,True,0.0005105867122496426,0.0003200591331398309,0.998606936979563,0.00046452716429610467,9.789001075151609e-05
img_81bf7176fed4af37,selection_conditional_full_development_oof_v4,dataset_dev/03_bubnivka_ceramics/b300.jpg,03_bubnivka_ceramics,03_bubnivka_ceramics,True,0.9749978461951112,03_bubnivka_ceramics,01_opishnyan_ceramics,02_ornek,2,validation,srcgrp_12bb6621dab44eb0,src_global_bub_dark_cloth_closeups,unreviewed,unreviewed,global_cls__c10__source0p5,motif_texture_weighted_mean__c10__source0p5,texture_weighted_mean,10.0,True,0.019860403853568853,0.00325028726229491,0.9749978461951112,0.0010295596464309827,0.0008619030425941113
img_5aa3296bc5410d0f,selection_conditional_full_development_oof_v4,dataset_dev/03_bubnivka_ceramics/b302.jpg,03_bubnivka_ceramics,03_bubnivka_ceramics,True,0.9352855407130528,03_bubnivka_ceramics,01_opishnyan_ceramics,05_kosiv_ceramics,2,validation,srcgrp_12bb6621dab44eb0,src_global_bub_dark_cloth_closeups,unreviewed,unreviewed,global_cls__c10__source0p5,motif_texture_weighted_mean__c10__source0p5,texture_weighted_mean,10.0,True,0.040432250236429566,0.005284692766654456,0.9352855407130528,0.004048314697113465,0.014949201586749618
img_cf8f39fc8e4eb741,selection_conditional_full_development_oof_v4,dataset_dev/03_bubnivka_ceramics/b306.jpg,03_bubnivka_ceramics,03_bubnivka_ceramics,True,0.9690251207594038,03_bubnivka_ceramics,01_opishnyan_ceramics,02_ornek,2,validation,srcgrp_12bb6621dab44eb0,src_global_bub_dark_cloth_closeups,unreviewed,unreviewed,global_cls__c10__source0p5,motif_texture_weighted_mean__c10__source0p5,texture_weighted_mean,10.0,True,0.028000706443936273,0.001474712402686403,0.9690251207594038,0.0008274852891828372,0.0006719751047905215
img_19ad82ae22d01c3b,selection_conditional_full_development_oof_v4,dataset_dev/03_bubnivka_ceramics/b307.jpg,03_bubnivka_ceramics,03_bubnivka_ceramics,True,0.9895369703821238,03_bubnivka_ceramics,01_opishnyan_ceramics,02_ornek,2,validation,srcgrp_12bb6621dab44eb0,src_global_bub_dark_cloth_closeups,unreviewed,unreviewed,global_cls__c10__source0p5,motif_texture_weighted_mean__c10__source0p5,texture_weighted_mean,10.0,True,0.005874768915990115,0.0030293272717048154,0.9895369703821238,0.0005143315570698051,0.0010446018731114686
img_475836cf0ae16d6a,selection_conditional_full_development_oof_v4,dataset_dev/03_bubnivka_ceramics/b308.jpg,03_bubnivka_ceramics,03_bubnivka_ceramics,True,0.9892341946449139,03_bubnivka_ceramics,01_opishnyan_ceramics,05_kosiv_ceramics,3,train,srcgrp_b5344db4840ccf55,src_global_bub_blue_fair_table,unreviewed,unreviewed,global_cls__c10__source0p5,motif_texture_weighted_mean__c10__source0p5,texture_weighted_mean,10.0,True,0.009292981799422345,0.0001500442659028019,0.9892341946449139,0.00012073999866264639,0.0012020392910982568
img_bbb940ad1ce14fac,selection_conditional_full_development_oof_v4,dataset_dev/03_bubnivka_ceramics/b309.jpg,03_bubnivka_ceramics,03_bubnivka_ceramics,True,0.9853486784464058,03_bubnivka_ceramics,01_opishnyan_ceramics,05_kosiv_ceramics,3,train,srcgrp_b5344db4840ccf55,src_global_bub_blue_fair_table,unreviewed,unreviewed,global_cls__c10__source0p5,motif_texture_weighted_mean__c10__source0p5,texture_weighted_mean,10.0,True,0.012837479575397708,0.00015337729961917523,0.9853486784464058,0.00013208351606187183,0.0015283811625154769
img_d94a449e9900ca0b,selection_conditional_full_development_oof_v4,dataset_dev/03_bubnivka_ceramics/b311.jpg,03_bubnivka_ceramics,03_bubnivka_ceramics,True,0.9507462379547369,03_bubnivka_ceramics,01_opishnyan_ceramics,02_ornek,3,train,srcgrp_b5344db4840ccf55,src_global_bub_blue_fair_table,unreviewed,unreviewed,global_cls__c10__source0p5,motif_texture_weighted_mean__c10__source0p5,texture_weighted_mean,10.0,True,0.04701673312485165,0.0014072902963982758,0.9507462379547369,0.0003426478512436235,0.00048709077276950905
img_45d1de0d3a1dd253,selection_conditional_full_development_oof_v4,dataset_dev/03_bubnivka_ceramics/b312.jpg,03_bubnivka_ceramics,03_bubnivka_ceramics,True,0.8419641190176284,03_bubnivka_ceramics,01_opishnyan_ceramics,05_kosiv_ceramics,3,train,srcgrp_b5344db4840ccf55,src_global_bub_blue_fair_table,unreviewed,unreviewed,global_cls__c10__source0p5,motif_texture_weighted_mean__c10__source0p5,texture_weighted_mean,10.0,True,0.14960496813112328,0.002577296795686288,0.8419641190176284,0.0004422805349807796,0.005411335520581299
img_8db25b7ad8735709,selection_conditional_full_development_oof_v4,dataset_dev/03_bubnivka_ceramics/b313.jpg,03_bubnivka_ceramics,03_bubnivka_ceramics,True,0.9412204358395189,03_bubnivka_ceramics,01_opishnyan_ceramics,02_ornek,3,train,srcgrp_b5344db4840ccf55,src_global_bub_blue_fair_table,unreviewed,unreviewed,global_cls__c10__source0p5,motif_texture_weighted_mean__c10__source0p5,texture_weighted_mean,10.0,True,0.05546826198887412,0.0016535370572417199,0.9412204358395189,0.00015243688293619775,0.001505328231429191
img_0d4befbe46ae4b67,selection_conditional_full_development_oof_v4,dataset_dev/03_bubnivka_ceramics/b314.jpg,03_bubnivka_ceramics,03_bubnivka_ceramics,True,0.7775871166183294,03_bubnivka_ceramics,01_opishnyan_ceramics,02_ornek,3,train,srcgrp_b5344db4840ccf55,src_global_bub_blue_fair_table,unreviewed,unreviewed,global_cls__c10__source0p5,motif_texture_weighted_mean__c10__source0p5,texture_weighted_mean,10.0,True,0.21221511643267715,0.006056020553188835,0.7775871166183294,0.0006587307213261706,0.0034830156744783147
img_09d93f9a5484ef08,selection_conditional_full_development_oof_v4,dataset_dev/03_bubnivka_ceramics/b315.jpg,03_bubnivka_ceramics,03_bubnivka_ceramics,True,0.741718277281718,03_bubnivka_ceramics,01_opishnyan_ceramics,02_ornek,3,train,srcgrp_b5344db4840ccf55,src_global_bub_blue_fair_table,unreviewed,unreviewed,global_cls__c10__source0p5,motif_texture_weighted_mean__c10__source0p5,texture_weighted_mean,10.0,True,0.24107283191318107,0.014445213494846358,0.741718277281718,0.001526223557524939,0.001237453752729647
img_37d37aabd7d1709f,selection_conditional_full_development_oof_v4,dataset_dev/03_bubnivka_ceramics/b316.jpg,03_bubnivka_ceramics,03_bubnivka_ceramics,True,0.8781449312210621,03_bubnivka_ceramics,01_opishnyan_ceramics,02_ornek,3,train,srcgrp_b5344db4840ccf55,src_global_bub_blue_fair_table,unreviewed,unreviewed,global_cls__c10__source0p5,motif_texture_weighted_mean__c10__source0p5,texture_weighted_mean,10.0,True,0.06067380238751104,0.05978431178086041,0.8781449312210621,0.0006673966086556801,0.0007295580019106737
img_15d44c05af9c3818,selection_conditional_full_development_oof_v4,dataset_dev/03_bubnivka_ceramics/b317.jpg,03_bubnivka_ceramics,03_bubnivka_ceramics,True,0.9890121851911401,03_bubnivka_ceramics,01_opishnyan_ceramics,02_ornek,3,train,srcgrp_b5344db4840ccf55,src_global_bub_blue_fair_table,unreviewed,unreviewed,global_cls__c10__source0p5,motif_texture_weighted_mean__c10__source0p5,texture_weighted_mean,10.0,True,0.01042874718838351,0.0004866111117461306,0.9890121851911401,4.718050032753369e-05,2.5276008402857975e-05
img_03ae66fe0dacfa51,selection_conditional_full_development_oof_v4,dataset_dev/03_bubnivka_ceramics/b321.jpg,03_bubnivka_ceramics,03_bubnivka_ceramics,True,0.840827525761876,03_bubnivka_ceramics,01_opishnyan_ceramics,02_ornek,0,train,obj_single_03ae66fe0dacfa51,,unreviewed,unreviewed,global_cls__c10__source0p5,motif_texture_weighted_mean__c10__source0p5,texture_weighted_mean,10.0,True,0.13710237905775388,0.012565396036639398,0.840827525761876,0.0009662587727616618,0.008538440370968943
img_eb3dd3b4c32ed418,selection_conditional_full_development_oof_v4,dataset_dev/03_bubnivka_ceramics/b325.jpeg,03_bubnivka_ceramics,03_bubnivka_ceramics,True,0.9948598867233925,03_bubnivka_ceramics,05_kosiv_ceramics,01_opishnyan_ceramics,0,train,obj_single_eb3dd3b4c32ed418,,unreviewed,unreviewed,global_cls__c10__source0p5,motif_texture_weighted_mean__c10__source0p5,texture_weighted_mean,10.0,True,0.00183337425942083,0.0003628394553023974,0.9948598867233925,0.00036969061683824774,0.0025742089450461127
img_8cef85b35523c90d,selection_conditional_full_development_oof_v4,dataset_dev/03_bubnivka_ceramics/b326.jpg,03_bubnivka_ceramics,03_bubnivka_ceramics,True,0.6864432056307366,03_bubnivka_ceramics,01_opishnyan_ceramics,04_petrykivka_painting,0,train,obj_single_8cef85b35523c90d,,unreviewed,unreviewed,global_cls__c10__source0p5,motif_texture_weighted_mean__c10__source0p5,texture_weighted_mean,10.0,True,0.19592207105961673,0.016239912523892383,0.6864432056307366,0.08852303305296172,0.012871777732792728
img_20d2e8f5d74407f5,selection_conditional_full_development_oof_v4,dataset_dev/03_bubnivka_ceramics/b327.jpg,03_bubnivka_ceramics,03_bubnivka_ceramics,True,0.9240172166929779,03_bubnivka_ceramics,01_opishnyan_ceramics,05_kosiv_ceramics,2,train,obj_single_20d2e8f5d74407f5,,unreviewed,unreviewed,global_cls__c10__source0p5,motif_texture_weighted_mean__c10__source0p5,texture_weighted_mean,10.0,True,0.04371468172901523,0.0037300174693872283,0.9240172166929779,0.0014402357977120453,0.0270978483109077
img_dfd1573c8b816542,selection_conditional_full_development_oof_v4,dataset_dev/03_bubnivka_ceramics/b329.jpg,03_bubnivka_ceramics,03_bubnivka_ceramics,True,0.9801185601887448,03_bubnivka_ceramics,01_opishnyan_ceramics,02_ornek,0,train,obj_single_dfd1573c8b816542,,unreviewed,unreviewed,global_cls__c10__source0p5,motif_texture_weighted_mean__c10__source0p5,texture_weighted_mean,10.0,True,0.013829143389667873,0.0050018993313546535,0.9801185601887448,0.0009324087336790511,0.0001179883565537163
img_271612f4b7263c51,selection_conditional_full_development_oof_v4,dataset_test/03_bubnivka_ceramics/b002.jpg,03_bubnivka_ceramics,03_bubnivka_ceramics,True,0.9908912847670126,03_bubnivka_ceramics,05_kosiv_ceramics,01_opishnyan_ceramics,4,validation,srcgrp_6d5d4ba8acb3dedc,src_global_bub_vognik_watermark,unreviewed,unreviewed,global_cls__c10__source0p5,motif_texture_weighted_mean__c10__source0p5,texture_weighted_mean,10.0,True,0.002163445818770169,0.0010553062559870612,0.9908912847670126,0.00034377640445519325,0.00554618675377512
img_0edd2b9f2d573b54,selection_conditional_full_development_oof_v4,dataset_test/03_bubnivka_ceramics/b004.jpg,03_bubnivka_ceramics,03_bubnivka_ceramics,True,0.962823614402285,03_bubnivka_ceramics,01_opishnyan_ceramics,02_ornek,4,validation,srcgrp_6d5d4ba8acb3dedc,src_global_bub_vognik_watermark,unreviewed,unreviewed,global_cls__c10__source0p5,motif_texture_weighted_mean__c10__source0p5,texture_weighted_mean,10.0,True,0.03427522081196004,0.0023062225958527987,0.962823614402285,0.00033452496303622883,0.00026041722686593997
img_4a0ddc840c35265c,selection_conditional_full_development_oof_v4,dataset_test/03_bubnivka_ceramics/b006.jpg,03_bubnivka_ceramics,03_bubnivka_ceramics,True,0.9420537527183143,03_bubnivka_ceramics,05_kosiv_ceramics,02_ornek,4,validation,srcgrp_6d5d4ba8acb3dedc,src_global_bub_vognik_watermark,unreviewed,unreviewed,global_cls__c10__source0p5,motif_texture_weighted_mean__c10__source0p5,texture_weighted_mean,10.0,True,0.013708129385261045,0.01871096568793547,0.9420537527183143,0.005450616104733759,0.020076536103755486
img_6874c882f217410c,selection_conditional_full_development_oof_v4,dataset_test/03_bubnivka_ceramics/b009.jpg,03_bubnivka_ceramics,03_bubnivka_ceramics,True,0.9968816173547356,03_bubnivka_ceramics,05_kosiv_ceramics,01_opishnyan_ceramics,4,validation,srcgrp_6d5d4ba8acb3dedc,src_global_bub_vognik_watermark,unreviewed,unreviewed,global_cls__c10__source0p5,motif_texture_weighted_mean__c10__source0p5,texture_weighted_mean,10.0,True,0.0009447343311579703,0.0006992722309598555,0.9968816173547356,0.0002682728812420963,0.0012061032019044756
img_398152084381f72c,selection_conditional_full_development_oof_v4,dataset_test/03_bubnivka_ceramics/b011.jpg,03_bubnivka_ceramics,03_bubnivka_ceramics,True,0.9810487064161669,03_bubnivka_ceramics,01_opishnyan_ceramics,02_ornek,4,validation,srcgrp_6d5d4ba8acb3dedc,src_global_bub_vognik_watermark,unreviewed,unreviewed,global_cls__c10__source0p5,motif_texture_weighted_mean__c10__source0p5,texture_weighted_mean,10.0,True,0.017976562640754274,0.0005765712375670585,0.9810487064161669,6.503172488349563e-05,0.0003331279806283426
img_c956fe56f2b2dbbc,selection_conditional_full_development_oof_v4,dataset_test/03_bubnivka_ceramics/b017.jpg,03_bubnivka_ceramics,03_bubnivka_ceramics,True,0.9520526385371331,03_bubnivka_ceramics,01_opishnyan_ceramics,05_kosiv_ceramics,4,validation,srcgrp_6d5d4ba8acb3dedc,src_global_bub_vognik_watermark,unreviewed,unreviewed,global_cls__c10__source0p5,motif_texture_weighted_mean__c10__source0p5,texture_weighted_mean,10.0,True,0.03386710862013928,0.0022615493642753172,0.9520526385371331,0.00011009986543189573,0.011708603613020563
img_07218a591e02d3ca,selection_conditional_full_development_oof_v4,dataset_test/03_bubnivka_ceramics/b028.jpg,03_bubnivka_ceramics,03_bubnivka_ceramics,True,0.997829836703716,03_bubnivka_ceramics,01_opishnyan_ceramics,02_ornek,4,validation,srcgrp_6d5d4ba8acb3dedc,src_global_bub_vognik_watermark,unreviewed,unreviewed,global_cls__c10__source0p5,motif_texture_weighted_mean__c10__source0p5,texture_weighted_mean,10.0,True,0.000979578257367258,0.0008994976805493211,0.997829836703716,0.00011928621217320436,0.00017180114619422731
img_c068b6adaf1acdd2,selection_conditional_full_development_oof_v4,dataset_test/03_bubnivka_ceramics/b030.jpg,03_bubnivka_ceramics,03_bubnivka_ceramics,True,0.9602509550250646,03_bubnivka_ceramics,01_opishnyan_ceramics,02_ornek,4,validation,srcgrp_6d5d4ba8acb3dedc,src_global_bub_vognik_watermark,unreviewed,unreviewed,global_cls__c10__source0p5,motif_texture_weighted_mean__c10__source0p5,texture_weighted_mean,10.0,True,0.01921196839104949,0.015241421324928648,0.9602509550250646,0.00042741787760062745,0.004868237381356536
img_b1ab8ca6ead0b14d,selection_conditional_full_development_oof_v4,dataset_test/03_bubnivka_ceramics/b033.jpg,03_bubnivka_ceramics,03_bubnivka_ceramics,True,0.9971558367610878,03_bubnivka_ceramics,05_kosiv_ceramics,01_opishnyan_ceramics,4,validation,srcgrp_6d5d4ba8acb3dedc,src_global_bub_vognik_watermark,unreviewed,unreviewed,global_cls__c10__source0p5,motif_texture_weighted_mean__c10__source0p5,texture_weighted_mean,10.0,True,0.0007322939092831562,0.00022805001424275532,0.9971558367610878,6.934606426896433e-05,0.0018144732511173119
img_38ff1e10118591dd,selection_conditional_full_development_oof_v4,dataset_test/03_bubnivka_ceramics/b037.jpg,03_bubnivka_ceramics,03_bubnivka_ceramics,True,0.8949174436024301,03_bubnivka_ceramics,01_opishnyan_ceramics,02_ornek,1,train,obj_single_38ff1e10118591dd,,unreviewed,unreviewed,global_cls__c10__source0p5,motif_texture_weighted_mean__c10__source0p5,texture_weighted_mean,10.0,True,0.10101513798716799,0.003157398746615897,0.8949174436024301,0.00023957813894308542,0.0006704415248426841
img_23172f7819bdd1f1,selection_conditional_full_development_oof_v4,dataset_test/03_bubnivka_ceramics/b042.jpg,03_bubnivka_ceramics,03_bubnivka_ceramics,True,0.9210171090813399,03_bubnivka_ceramics,01_opishnyan_ceramics,02_ornek,0,train,obj_single_23172f7819bdd1f1,,unreviewed,unreviewed,global_cls__c10__source0p5,motif_texture_weighted_mean__c10__source0p5,texture_weighted_mean,10.0,True,0.04547832986961728,0.0187092409493849,0.9210171090813399,0.002124231329492644,0.01267108877016532
img_2e49a3a548ad7b93,selection_conditional_full_development_oof_v4,dataset_test/03_bubnivka_ceramics/b043.jpg,03_bubnivka_ceramics,03_bubnivka_ceramics,True,0.9169071413985463,03_bubnivka_ceramics,01_opishnyan_ceramics,05_kosiv_ceramics,2,train,obj_single_2e49a3a548ad7b93,,unreviewed,unreviewed,global_cls__c10__source0p5,motif_texture_weighted_mean__c10__source0p5,texture_weighted_mean,10.0,True,0.08196924582449205,0.00040431674947087105,0.9169071413985463,8.104659629049995e-05,0.0006382494312001339
img_613071d744fd423b,selection_conditional_full_development_oof_v4,dataset_test/03_bubnivka_ceramics/b048.jpg,03_bubnivka_ceramics,03_bubnivka_ceramics,True,0.8310441183584849,03_bubnivka_ceramics,02_ornek,05_kosiv_ceramics,0,train,obj_single_613071d744fd423b,,unreviewed,unreviewed,global_cls__c10__source0p5,motif_texture_weighted_mean__c10__source0p5,texture_weighted_mean,10.0,True,0.031930005705992144,0.08170758127089225,0.8310441183584849,0.003543403994129007,0.0517748906705018
img_7137c88e9d4c893d,selection_conditional_full_development_oof_v4,dataset_test/03_bubnivka_ceramics/b050.jpg,03_bubnivka_ceramics,03_bubnivka_ceramics,True,0.987715077067982,03_bubnivka_ceramics,01_opishnyan_ceramics,05_kosiv_ceramics,2,train,obj_single_7137c88e9d4c893d,,unreviewed,unreviewed,global_cls__c10__source0p5,motif_texture_weighted_mean__c10__source0p5,texture_weighted_mean,10.0,True,0.01164218946964087,0.00010317037891663679,0.987715077067982,4.645147925836317e-05,0.0004931116042020939
img_fef1e812733aa7b4,selection_conditional_full_development_oof_v4,dataset_test/03_bubnivka_ceramics/b083.jpg,03_bubnivka_ceramics,03_bubnivka_ceramics,True,0.985597088412745,03_bubnivka_ceramics,02_ornek,01_opishnyan_ceramics,1,train,srcgrp_02dcb43a6e59f452,src_global_bub_fair_vendor_a,unreviewed,unreviewed,global_cls__c10__source0p5,motif_texture_weighted_mean__c10__source0p5,texture_weighted_mean,10.0,True,0.002061057077770971,0.012128505962905017,0.985597088412745,0.00010046475578142286,0.00011288379079765239
img_9730a0bef77209a2,selection_conditional_full_development_oof_v4,dataset_test/03_bubnivka_ceramics/b085.jpg,03_bubnivka_ceramics,03_bubnivka_ceramics,True,0.9573910159650358,03_bubnivka_ceramics,02_ornek,01_opishnyan_ceramics,1,train,srcgrp_02dcb43a6e59f452,src_global_bub_fair_vendor_a,unreviewed,unreviewed,global_cls__c10__source0p5,motif_texture_weighted_mean__c10__source0p5,texture_weighted_mean,10.0,True,0.0023214953772804124,0.039617738200532604,0.9573910159650358,0.0004212438538532532,0.0002485066032980069
img_30e985fd97200ef9,selection_conditional_full_development_oof_v4,dataset_test/03_bubnivka_ceramics/b087.jpg,03_bubnivka_ceramics,03_bubnivka_ceramics,True,0.9271624801090843,03_bubnivka_ceramics,01_opishnyan_ceramics,02_ornek,1,train,srcgrp_02dcb43a6e59f452,src_global_bub_fair_vendor_a,unreviewed,unreviewed,global_cls__c10__source0p5,motif_texture_weighted_mean__c10__source0p5,texture_weighted_mean,10.0,True,0.040518287419436534,0.027699680301068397,0.9271624801090843,0.004184482564686105,0.00043506960572462964
img_6ec380bf0d545b56,selection_conditional_full_development_oof_v4,dataset_test/03_bubnivka_ceramics/b094.jpg,03_bubnivka_ceramics,03_bubnivka_ceramics,True,0.9858203022265597,03_bubnivka_ceramics,01_opishnyan_ceramics,04_petrykivka_painting,1,train,srcgrp_02dcb43a6e59f452,src_global_bub_fair_vendor_a,unreviewed,unreviewed,global_cls__c10__source0p5,motif_texture_weighted_mean__c10__source0p5,texture_weighted_mean,10.0,True,0.011540308972318598,0.0005400705019708664,0.9858203022265597,0.0019135653890597962,0.0001857529100911866
img_98808e79431a3d38,selection_conditional_full_development_oof_v4,dataset_test/03_bubnivka_ceramics/b096.jpg,03_bubnivka_ceramics,03_bubnivka_ceramics,True,0.9956989178323932,03_bubnivka_ceramics,01_opishnyan_ceramics,04_petrykivka_painting,1,train,srcgrp_02dcb43a6e59f452,src_global_bub_fair_vendor_a,unreviewed,unreviewed,global_cls__c10__source0p5,motif_texture_weighted_mean__c10__source0p5,texture_weighted_mean,10.0,True,0.0019682981608512896,9.358856148059386e-05,0.9956989178323932,0.0017109965237689267,0.0005281989215059727
img_2753b13ff9a67e2c,selection_conditional_full_development_oof_v4,dataset_test/03_bubnivka_ceramics/b100.jpg,03_bubnivka_ceramics,03_bubnivka_ceramics,True,0.9973661461865553,03_bubnivka_ceramics,01_opishnyan_ceramics,04_petrykivka_painting,1,train,srcgrp_02dcb43a6e59f452,src_global_bub_fair_vendor_a,unreviewed,unreviewed,global_cls__c10__source0p5,motif_texture_weighted_mean__c10__source0p5,texture_weighted_mean,10.0,True,0.0016537718729360954,5.458210957329935e-05,0.9973661461865553,0.0006581163299050753,0.00026738350103033636
img_f3318553c1045820,selection_conditional_full_development_oof_v4,dataset_test/03_bubnivka_ceramics/b104.jpg,03_bubnivka_ceramics,03_bubnivka_ceramics,True,0.9919337974987532,03_bubnivka_ceramics,01_opishnyan_ceramics,04_petrykivka_painting,1,train,srcgrp_02dcb43a6e59f452,src_global_bub_fair_vendor_a,unreviewed,unreviewed,global_cls__c10__source0p5,motif_texture_weighted_mean__c10__source0p5,texture_weighted_mean,10.0,True,0.004872745830028881,0.0004013014343654229,0.9919337974987532,0.0014011640362323323,0.0013909912006201675
img_56d18554111a520a,selection_conditional_full_development_oof_v4,dataset_test/03_bubnivka_ceramics/b114.jpg,03_bubnivka_ceramics,03_bubnivka_ceramics,True,0.9948413545453134,03_bubnivka_ceramics,05_kosiv_ceramics,02_ornek,4,train,srcgrp_c84a287f983aa7cd,src_global_bub_leaf_stump,unreviewed,unreviewed,global_cls__c10__source0p5,motif_texture_weighted_mean__c10__source0p5,texture_weighted_mean,10.0,True,0.000582728564990765,0.0014324211346276828,0.9948413545453134,0.0004846525817301249,0.0026588431733382285
img_de6df33704efe442,selection_conditional_full_development_oof_v4,dataset_test/03_bubnivka_ceramics/b118.jpg,03_bubnivka_ceramics,03_bubnivka_ceramics,True,0.9920024873310396,03_bubnivka_ceramics,01_opishnyan_ceramics,02_ornek,1,train,obj_single_de6df33704efe442,,unreviewed,unreviewed,global_cls__c10__source0p5,motif_texture_weighted_mean__c10__source0p5,texture_weighted_mean,10.0,True,0.00348519303510866,0.0032881409114090317,0.9920024873310396,0.0004233408853929202,0.0008008378370497188
img_969935f917bf018f,selection_conditional_full_development_oof_v4,dataset_test/03_bubnivka_ceramics/b119.jpg,03_bubnivka_ceramics,03_bubnivka_ceramics,True,0.9979197679969701,03_bubnivka_ceramics,01_opishnyan_ceramics,05_kosiv_ceramics,1,train,obj_single_969935f917bf018f,,unreviewed,unreviewed,global_cls__c10__source0p5,motif_texture_weighted_mean__c10__source0p5,texture_weighted_mean,10.0,True,0.001910789816224163,1.2496082208858561e-05,0.9979197679969701,2.4809085853467923e-05,0.00013213701874327093
img_cd8d687f52630531,selection_conditional_full_development_oof_v4,dataset_test/03_bubnivka_ceramics/b124.jpg,03_bubnivka_ceramics,03_bubnivka_ceramics,True,0.9239986189925157,03_bubnivka_ceramics,01_opishnyan_ceramics,05_kosiv_ceramics,1,train,obj_single_cd8d687f52630531,,unreviewed,unreviewed,global_cls__c10__source0p5,motif_texture_weighted_mean__c10__source0p5,texture_weighted_mean,10.0,True,0.0737466590786748,0.00038343122720050504,0.9239986189925157,0.0005359685708270846,0.0013353221307818989
img_3b5a43fc056f82b1,selection_conditional_full_development_oof_v4,dataset_test/03_bubnivka_ceramics/b195.jpg,03_bubnivka_ceramics,03_bubnivka_ceramics,True,0.9944950367919615,03_bubnivka_ceramics,02_ornek,05_kosiv_ceramics,0,train,obj_single_3b5a43fc056f82b1,,unreviewed,unreviewed,global_cls__c10__source0p5,motif_texture_weighted_mean__c10__source0p5,texture_weighted_mean,10.0,True,0.0007516261692206682,0.002843105363539567,0.9944950367919615,0.0003481677229647242,0.0015620639523136201
img_26328ff20ada7096,selection_conditional_full_development_oof_v4,dataset_test/03_bubnivka_ceramics/b200.jpg,03_bubnivka_ceramics,03_bubnivka_ceramics,True,0.9919264789329189,03_bubnivka_ceramics,01_opishnyan_ceramics,02_ornek,1,train,obj_single_26328ff20ada7096,,unreviewed,unreviewed,global_cls__c10__source0p5,motif_texture_weighted_mean__c10__source0p5,texture_weighted_mean,10.0,True,0.004135595169848099,0.001604518717333047,0.9919264789329189,0.0013115907952941245,0.0010218163846059554
img_e2de58e72ef3c4ce,selection_conditional_full_development_oof_v4,dataset_test/03_bubnivka_ceramics/b209.jpg,03_bubnivka_ceramics,03_bubnivka_ceramics,True,0.9868153523289649,03_bubnivka_ceramics,05_kosiv_ceramics,02_ornek,3,train,srcgrp_32f746da59345286,src_global_bub_museum_interior,unreviewed,unreviewed,global_cls__c10__source0p5,motif_texture_weighted_mean__c10__source0p5,texture_weighted_mean,10.0,True,0.0003573617974118168,0.004612348142601633,0.9868153523289649,0.00032787933511823784,0.007887058395903538
img_473e3ac138961a4a,selection_conditional_full_development_oof_v4,dataset_test/03_bubnivka_ceramics/b210.jpg,03_bubnivka_ceramics,01_opishnyan_ceramics,False,0.8382562352053028,01_opishnyan_ceramics,03_bubnivka_ceramics,05_kosiv_ceramics,3,train,srcgrp_32f746da59345286,src_global_bub_museum_interior,unreviewed,unreviewed,global_cls__c10__source0p5,motif_texture_weighted_mean__c10__source0p5,texture_weighted_mean,10.0,True,0.8382562352053028,0.0020286904012690693,0.15256873269645033,0.0019941061358245762,0.005152235561153221
img_9198927409806e22,selection_conditional_full_development_oof_v4,dataset_test/03_bubnivka_ceramics/b211.jpg,03_bubnivka_ceramics,01_opishnyan_ceramics,False,0.9648715873004424,01_opishnyan_ceramics,03_bubnivka_ceramics,02_ornek,3,train,srcgrp_32f746da59345286,src_global_bub_museum_interior,unreviewed,unreviewed,global_cls__c10__source0p5,motif_texture_weighted_mean__c10__source0p5,texture_weighted_mean,10.0,True,0.9648715873004424,0.0031631154242687132,0.027817079961483325,0.001632736760490942,0.0025154805533144993
img_e1e95533e8dd3a80,selection_conditional_full_development_oof_v4,dataset_test/03_bubnivka_ceramics/b217.jpg,03_bubnivka_ceramics,03_bubnivka_ceramics,True,0.9961153375114513,03_bubnivka_ceramics,01_opishnyan_ceramics,02_ornek,3,train,srcgrp_32f746da59345286,src_global_bub_museum_interior,unreviewed,unreviewed,global_cls__c10__source0p5,motif_texture_weighted_mean__c10__source0p5,texture_weighted_mean,10.0,True,0.0015120806987114527,0.001411688658880351,0.9961153375114513,0.00021852762277138502,0.0007423655081856093
img_e13ba14d8e5683d3,selection_conditional_full_development_oof_v4,dataset_test/03_bubnivka_ceramics/b218.jpg,03_bubnivka_ceramics,01_opishnyan_ceramics,False,0.8578640440029379,01_opishnyan_ceramics,03_bubnivka_ceramics,05_kosiv_ceramics,3,train,srcgrp_32f746da59345286,src_global_bub_museum_interior,unreviewed,unreviewed,global_cls__c10__source0p5,motif_texture_weighted_mean__c10__source0p5,texture_weighted_mean,10.0,True,0.8578640440029379,0.0006358490815461298,0.13881619629890618,0.00034379684258217173,0.002340113774027518
img_dcf9e3de59857391,selection_conditional_full_development_oof_v4,dataset_test/03_bubnivka_ceramics/b219.jpg,03_bubnivka_ceramics,01_opishnyan_ceramics,False,0.8682262052121771,01_opishnyan_ceramics,03_bubnivka_ceramics,02_ornek,3,train,srcgrp_32f746da59345286,src_global_bub_museum_interior,unreviewed,unreviewed,global_cls__c10__source0p5,motif_texture_weighted_mean__c10__source0p5,texture_weighted_mean,10.0,True,0.8682262052121771,0.014396547844271934,0.112107469412093,0.00033544623524381075,0.004934331296214225
img_9b4abbf3c6bc552b,selection_conditional_full_development_oof_v4,dataset_test/03_bubnivka_ceramics/b224.jpg,03_bubnivka_ceramics,03_bubnivka_ceramics,True,0.6942368778335322,03_bubnivka_ceramics,01_opishnyan_ceramics,02_ornek,3,train,srcgrp_32f746da59345286,src_global_bub_museum_interior,unreviewed,unreviewed,global_cls__c10__source0p5,motif_texture_weighted_mean__c10__source0p5,texture_weighted_mean,10.0,True,0.3013485678534278,0.0032730146615730423,0.6942368778335322,0.0007111822114329437,0.0004303574400341103
img_0438561b7972dccf,selection_conditional_full_development_oof_v4,dataset_test/03_bubnivka_ceramics/b229.jpg,03_bubnivka_ceramics,03_bubnivka_ceramics,True,0.907043199948795,03_bubnivka_ceramics,01_opishnyan_ceramics,05_kosiv_ceramics,3,train,srcgrp_32f746da59345286,src_global_bub_museum_interior,unreviewed,unreviewed,global_cls__c10__source0p5,motif_texture_weighted_mean__c10__source0p5,texture_weighted_mean,10.0,True,0.07188145421435076,0.010395342240378917,0.907043199948795,0.00026743902097559345,0.010412564575499609
img_583efadb0d838488,selection_conditional_full_development_oof_v4,dataset_test/03_bubnivka_ceramics/b230.jpg,03_bubnivka_ceramics,01_opishnyan_ceramics,False,0.4981360445762746,01_opishnyan_ceramics,03_bubnivka_ceramics,02_ornek,3,train,srcgrp_32f746da59345286,src_global_bub_museum_interior,unreviewed,unreviewed,global_cls__c10__source0p5,motif_texture_weighted_mean__c10__source0p5,texture_weighted_mean,10.0,True,0.4981360445762746,0.007701325323746866,0.4919657212455204,0.001280803968911773,0.0009161048855463331
img_92bf3e9b6d82c988,selection_conditional_full_development_oof_v4,dataset_test/03_bubnivka_ceramics/b270.jpg,03_bubnivka_ceramics,03_bubnivka_ceramics,True,0.9968710710258089,03_bubnivka_ceramics,01_opishnyan_ceramics,05_kosiv_ceramics,4,validation,srcgrp_6d5d4ba8acb3dedc,src_global_bub_vognik_watermark,unreviewed,unreviewed,global_cls__c10__source0p5,motif_texture_weighted_mean__c10__source0p5,texture_weighted_mean,10.0,True,0.0015217784229206532,0.00032679311634427663,0.9968710710258089,0.0005228720873729363,0.000757485347553178
img_41e335883d59e27a,selection_conditional_full_development_oof_v4,dataset_test/03_bubnivka_ceramics/b271.jpg,03_bubnivka_ceramics,03_bubnivka_ceramics,True,0.9936257806801858,03_bubnivka_ceramics,01_opishnyan_ceramics,05_kosiv_ceramics,0,train,obj_single_41e335883d59e27a,,unreviewed,unreviewed,global_cls__c10__source0p5,motif_texture_weighted_mean__c10__source0p5,texture_weighted_mean,10.0,True,0.002949102790091551,0.0002631515993258402,0.9936257806801858,0.00022855650398237107,0.002933408426414466
img_c6d933ed1ed489f0,selection_conditional_full_development_oof_v4,dataset_test/03_bubnivka_ceramics/b272.jpg,03_bubnivka_ceramics,03_bubnivka_ceramics,True,0.9654671298230743,03_bubnivka_ceramics,02_ornek,05_kosiv_ceramics,2,train,obj_single_c6d933ed1ed489f0,,unreviewed,unreviewed,global_cls__c10__source0p5,motif_texture_weighted_mean__c10__source0p5,texture_weighted_mean,10.0,True,0.0026335464420035324,0.021725162532894724,0.9654671298230743,0.0017130714448615725,0.008461089757166074
img_123c787431cceb36,selection_conditional_full_development_oof_v4,dataset_test/03_bubnivka_ceramics/b273.jpg,03_bubnivka_ceramics,03_bubnivka_ceramics,True,0.9985305825390027,03_bubnivka_ceramics,01_opishnyan_ceramics,02_ornek,2,train,obj_single_123c787431cceb36,,unreviewed,unreviewed,global_cls__c10__source0p5,motif_texture_weighted_mean__c10__source0p5,texture_weighted_mean,10.0,True,0.0006754393091811461,0.000445998170547301,0.9985305825390027,0.0001577499271488768,0.0001902300541199912
img_c3bebdc328ddc87e,selection_conditional_full_development_oof_v4,dataset_test/03_bubnivka_ceramics/b278.jpg,03_bubnivka_ceramics,03_bubnivka_ceramics,True,0.43769446907345394,03_bubnivka_ceramics,02_ornek,01_opishnyan_ceramics,0,train,obj_single_c3bebdc328ddc87e,,unreviewed,unreviewed,global_cls__c10__source0p5,motif_texture_weighted_mean__c10__source0p5,texture_weighted_mean,10.0,True,0.12755543457908547,0.3488646079314235,0.43769446907345394,0.0019907909415441626,0.08389469747449305
img_65bbadfb71dacade,selection_conditional_full_development_oof_v4,dataset_test/03_bubnivka_ceramics/b287.jpg,03_bubnivka_ceramics,03_bubnivka_ceramics,True,0.6892772523870707,03_bubnivka_ceramics,01_opishnyan_ceramics,05_kosiv_ceramics,0,train,obj_single_65bbadfb71dacade,,unreviewed,unreviewed,global_cls__c10__source0p5,motif_texture_weighted_mean__c10__source0p5,texture_weighted_mean,10.0,True,0.2975207636669203,0.0006841677162862949,0.6892772523870707,0.0009863355511568902,0.01153148067856584
img_5c15b9d8cce94b8a,selection_conditional_full_development_oof_v4,dataset_test/03_bubnivka_ceramics/b289.jpg,03_bubnivka_ceramics,03_bubnivka_ceramics,True,0.9463256940108798,03_bubnivka_ceramics,05_kosiv_ceramics,01_opishnyan_ceramics,0,train,obj_single_5c15b9d8cce94b8a,,unreviewed,unreviewed,global_cls__c10__source0p5,motif_texture_weighted_mean__c10__source0p5,texture_weighted_mean,10.0,True,0.016083298269717456,0.0036132832943206834,0.9463256940108798,0.00019510600044525057,0.03378261842463684
img_2950b4f304213f6b,selection_conditional_full_development_oof_v4,dataset_test/03_bubnivka_ceramics/b292.jpg,03_bubnivka_ceramics,03_bubnivka_ceramics,True,0.9942284029791331,03_bubnivka_ceramics,05_kosiv_ceramics,01_opishnyan_ceramics,1,train,obj_single_2950b4f304213f6b,,unreviewed,unreviewed,global_cls__c10__source0p5,motif_texture_weighted_mean__c10__source0p5,texture_weighted_mean,10.0,True,0.0020031157957563555,6.09812268892781e-05,0.9942284029791331,0.0001128561194473799,0.003594643878773682
img_6e1d011f044980e9,selection_conditional_full_development_oof_v4,dataset_test/03_bubnivka_ceramics/b295.jpg,03_bubnivka_ceramics,03_bubnivka_ceramics,True,0.9942000894232256,03_bubnivka_ceramics,01_opishnyan_ceramics,04_petrykivka_painting,2,validation,srcgrp_12bb6621dab44eb0,src_global_bub_dark_cloth_closeups,unreviewed,unreviewed,global_cls__c10__source0p5,motif_texture_weighted_mean__c10__source0p5,texture_weighted_mean,10.0,True,0.004192939627686894,0.0002462923946024124,0.9942000894232256,0.0012637912650814186,9.688728940356753e-05
img_be25fc833f4b7ebb,selection_conditional_full_development_oof_v4,dataset_test/03_bubnivka_ceramics/b297.jpg,03_bubnivka_ceramics,03_bubnivka_ceramics,True,0.9975350702632781,03_bubnivka_ceramics,01_opishnyan_ceramics,04_petrykivka_painting,2,validation,srcgrp_12bb6621dab44eb0,src_global_bub_dark_cloth_closeups,unreviewed,unreviewed,global_cls__c10__source0p5,motif_texture_weighted_mean__c10__source0p5,texture_weighted_mean,10.0,True,0.0016668893963664784,0.0001235598381708206,0.9975350702632781,0.0005173056982701416,0.00015717480391435031
img_fdd1c79575243573,selection_conditional_full_development_oof_v4,dataset_test/03_bubnivka_ceramics/b299.jpg,03_bubnivka_ceramics,03_bubnivka_ceramics,True,0.9882681914942042,03_bubnivka_ceramics,01_opishnyan_ceramics,05_kosiv_ceramics,2,validation,srcgrp_12bb6621dab44eb0,src_global_bub_dark_cloth_closeups,unreviewed,unreviewed,global_cls__c10__source0p5,motif_texture_weighted_mean__c10__source0p5,texture_weighted_mean,10.0,True,0.007769199479735125,0.0013815177182612938,0.9882681914942042,0.0009764003801080556,0.0016046909276913922
img_4caba2215c35da80,selection_conditional_full_development_oof_v4,dataset_test/03_bubnivka_ceramics/b301.jpg,03_bubnivka_ceramics,03_bubnivka_ceramics,True,0.8245508596814884,03_bubnivka_ceramics,05_kosiv_ceramics,01_opishnyan_ceramics,2,validation,srcgrp_12bb6621dab44eb0,src_global_bub_dark_cloth_closeups,unreviewed,unreviewed,global_cls__c10__source0p5,motif_texture_weighted_mean__c10__source0p5,texture_weighted_mean,10.0,True,0.07689266900210918,0.014546215244852598,0.8245508596814884,0.005590392345995805,0.07841986372555396
img_0095bea433d45455,selection_conditional_full_development_oof_v4,dataset_test/03_bubnivka_ceramics/b304.jpg,03_bubnivka_ceramics,03_bubnivka_ceramics,True,0.9877251891788636,03_bubnivka_ceramics,01_opishnyan_ceramics,05_kosiv_ceramics,2,validation,srcgrp_12bb6621dab44eb0,src_global_bub_dark_cloth_closeups,unreviewed,unreviewed,global_cls__c10__source0p5,motif_texture_weighted_mean__c10__source0p5,texture_weighted_mean,10.0,True,0.009817447447512657,0.00044304557675947393,0.9877251891788636,0.00023987362020645644,0.0017744441766576284
img_cd0419751b8992bc,selection_conditional_full_development_oof_v4,dataset_test/03_bubnivka_ceramics/b305.jpg,03_bubnivka_ceramics,03_bubnivka_ceramics,True,0.9833115166194774,03_bubnivka_ceramics,01_opishnyan_ceramics,02_ornek,2,validation,srcgrp_12bb6621dab44eb0,src_global_bub_dark_cloth_closeups,unreviewed,unreviewed,global_cls__c10__source0p5,motif_texture_weighted_mean__c10__source0p5,texture_weighted_mean,10.0,True,0.010699390315854583,0.004351521879728633,0.9833115166194774,0.0003604569113074238,0.0012771142736320337
img_c7e32682d476e923,selection_conditional_full_development_oof_v4,dataset_test/03_bubnivka_ceramics/b310.jpg,03_bubnivka_ceramics,03_bubnivka_ceramics,True,0.9409812925749104,03_bubnivka_ceramics,01_opishnyan_ceramics,05_kosiv_ceramics,3,train,srcgrp_b5344db4840ccf55,src_global_bub_blue_fair_table,unreviewed,unreviewed,global_cls__c10__source0p5,motif_texture_weighted_mean__c10__source0p5,texture_weighted_mean,10.0,True,0.056164989024674636,0.0005015119613044044,0.9409812925749104,0.00018181581358775223,0.0021703906255228418
img_07226e6e8e112cd9,selection_conditional_full_development_oof_v4,dataset_test/03_bubnivka_ceramics/b322.jpg,03_bubnivka_ceramics,03_bubnivka_ceramics,True,0.7877253935283405,03_bubnivka_ceramics,01_opishnyan_ceramics,02_ornek,0,train,obj_single_07226e6e8e112cd9,,unreviewed,unreviewed,global_cls__c10__source0p5,motif_texture_weighted_mean__c10__source0p5,texture_weighted_mean,10.0,True,0.1850688860099053,0.014816345535460995,0.7877253935283405,0.0031997810303233043,0.009189593895970065
img_ffda01d8ee04bbf2,selection_conditional_full_development_oof_v4,dataset_test/03_bubnivka_ceramics/b323.jpeg,03_bubnivka_ceramics,03_bubnivka_ceramics,True,0.9528539839634844,03_bubnivka_ceramics,01_opishnyan_ceramics,02_ornek,1,train,obj_single_ffda01d8ee04bbf2,,unreviewed,unreviewed,global_cls__c10__source0p5,motif_texture_weighted_mean__c10__source0p5,texture_weighted_mean,10.0,True,0.03805224051936625,0.004959479512007914,0.9528539839634844,0.0027059811447453955,0.0014283148603960558
img_4b8be63267d06224,selection_conditional_full_development_oof_v4,dataset_test/03_bubnivka_ceramics/b324.jpeg,03_bubnivka_ceramics,03_bubnivka_ceramics,True,0.9509130002991504,03_bubnivka_ceramics,01_opishnyan_ceramics,05_kosiv_ceramics,2,train,obj_single_4b8be63267d06224,,unreviewed,unreviewed,global_cls__c10__source0p5,motif_texture_weighted_mean__c10__source0p5,texture_weighted_mean,10.0,True,0.022399752626500954,0.005907506572760405,0.9509130002991504,0.0026307046628729724,0.018149035838715372
img_444562ef04ffe9b1,selection_conditional_full_development_oof_v4,dataset_test/03_bubnivka_ceramics/b328.jpg,03_bubnivka_ceramics,03_bubnivka_ceramics,True,0.4734944022046252,03_bubnivka_ceramics,01_opishnyan_ceramics,02_ornek,0,train,obj_single_444562ef04ffe9b1,,unreviewed,unreviewed,global_cls__c10__source0p5,motif_texture_weighted_mean__c10__source0p5,texture_weighted_mean,10.0,True,0.35850761751073035,0.08668708750046017,0.4734944022046252,0.009065935756558166,0.07224495702762608
img_f84dfd74441c7b25,selection_conditional_full_development_oof_v4,dataset_dev/04_petrykivka_painting/001.jpg,04_petrykivka_painting,04_petrykivka_painting,True,0.8464452769229529,04_petrykivka_painting,05_kosiv_ceramics,02_ornek,2,train,obj_single_f84dfd74441c7b25,,unreviewed,unreviewed,global_cls__c10__source0p5,motif_texture_weighted_mean__c10__source0p5,texture_weighted_mean,10.0,True,0.01120293518996041,0.06850419033604198,0.0027547048386992665,0.8464452769229529,0.07109289271234555
img_a94d0ae64a2dc81b,selection_conditional_full_development_oof_v4,dataset_dev/04_petrykivka_painting/002.jpg,04_petrykivka_painting,04_petrykivka_painting,True,0.9982966136109732,04_petrykivka_painting,02_ornek,03_bubnivka_ceramics,4,train,obj_single_a94d0ae64a2dc81b,,unreviewed,unreviewed,global_cls__c10__source0p5,motif_texture_weighted_mean__c10__source0p5,texture_weighted_mean,10.0,True,0.0001809324432219796,0.0007987109335552952,0.0006411227284876946,0.9982966136109732,8.262028376167021e-05
img_fbbb4f5836074e3b,selection_conditional_full_development_oof_v4,dataset_dev/04_petrykivka_painting/003.jpg,04_petrykivka_painting,04_petrykivka_painting,True,0.726929045691118,04_petrykivka_painting,03_bubnivka_ceramics,05_kosiv_ceramics,1,train,obj_single_fbbb4f5836074e3b,,unreviewed,unreviewed,global_cls__c10__source0p5,motif_texture_weighted_mean__c10__source0p5,texture_weighted_mean,10.0,True,0.006399962807102581,0.014450624178675084,0.22449330284921856,0.726929045691118,0.027727064473885663
img_df16aa0b9d2090c5,selection_conditional_full_development_oof_v4,dataset_dev/04_petrykivka_painting/004.jpg,04_petrykivka_painting,04_petrykivka_painting,True,0.6408094063769633,04_petrykivka_painting,05_kosiv_ceramics,03_bubnivka_ceramics,1,validation,obj_single_df16aa0b9d2090c5,,unreviewed,unreviewed,global_cls__c10__source0p5,motif_texture_weighted_mean__c10__source0p5,texture_weighted_mean,10.0,True,0.01509911140673038,0.1090381796423998,0.1129230664908283,0.6408094063769633,0.12213023608307831
img_15c4e71aba14f69b,selection_conditional_full_development_oof_v4,dataset_dev/04_petrykivka_painting/005.jpg,04_petrykivka_painting,04_petrykivka_painting,True,0.9996850975378505,04_petrykivka_painting,03_bubnivka_ceramics,02_ornek,2,train,obj_single_15c4e71aba14f69b,,unreviewed,unreviewed,global_cls__c10__source0p5,motif_texture_weighted_mean__c10__source0p5,texture_weighted_mean,10.0,True,2.4236752790881893e-05,0.00011881898781033814,0.00012078496413436057,0.9996850975378505,5.1061757413761e-05
img_6438078a8bf203b1,selection_conditional_full_development_oof_v4,dataset_dev/04_petrykivka_painting/006.jpg,04_petrykivka_painting,04_petrykivka_painting,True,0.8825568562312468,04_petrykivka_painting,02_ornek,03_bubnivka_ceramics,1,train,obj_single_6438078a8bf203b1,,unreviewed,unreviewed,global_cls__c10__source0p5,motif_texture_weighted_mean__c10__source0p5,texture_weighted_mean,10.0,True,0.0020477488103613057,0.10377968051984296,0.006227378970862026,0.8825568562312468,0.005388335467686861
img_eec7a98c61173cf1,selection_conditional_full_development_oof_v4,dataset_dev/04_petrykivka_painting/007.jpg,04_petrykivka_painting,04_petrykivka_painting,True,0.9994809710230288,04_petrykivka_painting,05_kosiv_ceramics,03_bubnivka_ceramics,0,train,obj_single_eec7a98c61173cf1,,unreviewed,unreviewed,global_cls__c10__source0p5,motif_texture_weighted_mean__c10__source0p5,texture_weighted_mean,10.0,True,2.779541920757835e-05,5.63354774167057e-05,0.00010098361090336624,0.9994809710230288,0.00033391446944373073
img_52c007c097a00227,selection_conditional_full_development_oof_v4,dataset_dev/04_petrykivka_painting/008.jpg,04_petrykivka_painting,04_petrykivka_painting,True,0.9983200470507911,04_petrykivka_painting,01_opishnyan_ceramics,02_ornek,0,train,obj_single_52c007c097a00227,,unreviewed,unreviewed,global_cls__c10__source0p5,motif_texture_weighted_mean__c10__source0p5,texture_weighted_mean,10.0,True,0.0008456159791818781,0.0007645589566386419,5.280704507126081e-05,0.9983200470507911,1.6970968317112144e-05
img_09acf7084d20134b,selection_conditional_full_development_oof_v4,dataset_dev/04_petrykivka_painting/009.jpg,04_petrykivka_painting,05_kosiv_ceramics,False,0.6294307489574383,05_kosiv_ceramics,04_petrykivka_painting,02_ornek,1,train,obj_single_09acf7084d20134b,,unreviewed,unreviewed,global_cls__c10__source0p5,motif_texture_weighted_mean__c10__source0p5,texture_weighted_mean,10.0,True,0.010121046243871319,0.0793342068381533,0.014367691477146206,0.26674630648339087,0.6294307489574383
img_b40c31eae4524eb5,selection_conditional_full_development_oof_v4,dataset_dev/04_petrykivka_painting/010.jpg,04_petrykivka_painting,04_petrykivka_painting,True,0.9291819983515676,04_petrykivka_painting,05_kosiv_ceramics,02_ornek,2,validation,obj_single_b40c31eae4524eb5,,unreviewed,unreviewed,global_cls__c10__source0p5,motif_texture_weighted_mean__c10__source0p5,texture_weighted_mean,10.0,True,0.001920376087970564,0.010991352564888719,0.005861352828452777,0.9291819983515676,0.052044920167120305
img_dbfee1a536d760f7,selection_conditional_full_development_oof_v4,dataset_dev/04_petrykivka_painting/012.jpg,04_petrykivka_painting,04_petrykivka_painting,True,0.9643773592514183,04_petrykivka_painting,01_opishnyan_ceramics,05_kosiv_ceramics,4,train,obj_single_dbfee1a536d760f7,,unreviewed,unreviewed,global_cls__c10__source0p5,motif_texture_weighted_mean__c10__source0p5,texture_weighted_mean,10.0,True,0.02531506781170312,0.0017016766029610397,0.0007199889692690288,0.9643773592514183,0.007885907364648467
img_f713f0c412f0d674,selection_conditional_full_development_oof_v4,dataset_dev/04_petrykivka_painting/013.jpg,04_petrykivka_painting,04_petrykivka_painting,True,0.9958073581697365,04_petrykivka_painting,02_ornek,01_opishnyan_ceramics,0,train,obj_single_f713f0c412f0d674,,unreviewed,unreviewed,global_cls__c10__source0p5,motif_texture_weighted_mean__c10__source0p5,texture_weighted_mean,10.0,True,0.001757148158497799,0.0020228134234259627,0.0003592783839106222,0.9958073581697365,5.340186442908092e-05
img_f9689d40bda2da3b,selection_conditional_full_development_oof_v4,dataset_dev/04_petrykivka_painting/014.jpg,04_petrykivka_painting,04_petrykivka_painting,True,0.9296737925534866,04_petrykivka_painting,05_kosiv_ceramics,01_opishnyan_ceramics,3,train,obj_single_f9689d40bda2da3b,,unreviewed,unreviewed,global_cls__c10__source0p5,motif_texture_weighted_mean__c10__source0p5,texture_weighted_mean,10.0,True,0.009666090658502264,0.005425775543279607,0.00024319909602163768,0.9296737925534866,0.05499114214870996
img_80595b0a2e4373c6,selection_conditional_full_development_oof_v4,dataset_dev/04_petrykivka_painting/015.jpg,04_petrykivka_painting,04_petrykivka_painting,True,0.9980922650988978,04_petrykivka_painting,03_bubnivka_ceramics,01_opishnyan_ceramics,4,train,obj_single_80595b0a2e4373c6,,unreviewed,unreviewed,global_cls__c10__source0p5,motif_texture_weighted_mean__c10__source0p5,texture_weighted_mean,10.0,True,0.0003513242566499412,0.00019928109499100006,0.0013313858345459385,0.9980922650988978,2.5743714915382408e-05
img_027b09c66eaf5805,selection_conditional_full_development_oof_v4,dataset_dev/04_petrykivka_painting/016.jpg,04_petrykivka_painting,04_petrykivka_painting,True,0.9865908175448408,04_petrykivka_painting,01_opishnyan_ceramics,02_ornek,1,train,obj_single_027b09c66eaf5805,,unreviewed,unreviewed,global_cls__c10__source0p5,motif_texture_weighted_mean__c10__source0p5,texture_weighted_mean,10.0,True,0.010922707676849356,0.0022789192545673116,0.000184533110447439,0.9865908175448408,2.3022413295156e-05
img_57e89cefd5e7f7cc,selection_conditional_full_development_oof_v4,dataset_dev/04_petrykivka_painting/018.jpg,04_petrykivka_painting,04_petrykivka_painting,True,0.9981394257841482,04_petrykivka_painting,03_bubnivka_ceramics,05_kosiv_ceramics,2,train,obj_single_57e89cefd5e7f7cc,,unreviewed,unreviewed,global_cls__c10__source0p5,motif_texture_weighted_mean__c10__source0p5,texture_weighted_mean,10.0,True,0.0002790392164479315,0.00019454203455324017,0.0007050304756311353,0.9981394257841482,0.0006819624892194535
img_d552ba4b52b33c4b,selection_conditional_full_development_oof_v4,dataset_dev/04_petrykivka_painting/019.jpg,04_petrykivka_painting,04_petrykivka_painting,True,0.9909351018792103,04_petrykivka_painting,02_ornek,05_kosiv_ceramics,2,train,obj_single_d552ba4b52b33c4b,,unreviewed,unreviewed,global_cls__c10__source0p5,motif_texture_weighted_mean__c10__source0p5,texture_weighted_mean,10.0,True,0.00038693630687425354,0.0037507908073458186,0.0012288518772906039,0.9909351018792103,0.00369831912927912
img_9ceed89265516a6c,selection_conditional_full_development_oof_v4,dataset_dev/04_petrykivka_painting/020.jpg,04_petrykivka_painting,04_petrykivka_painting,True,0.997949828655286,04_petrykivka_painting,05_kosiv_ceramics,02_ornek,0,train,obj_single_9ceed89265516a6c,,unreviewed,unreviewed,global_cls__c10__source0p5,motif_texture_weighted_mean__c10__source0p5,texture_weighted_mean,10.0,True,0.00015266860924748719,0.00027635871350648603,0.00011931280603962621,0.997949828655286,0.0015018312159205036
img_f2640a03f7b4a8e9,selection_conditional_full_development_oof_v4,dataset_dev/04_petrykivka_painting/024.jpg,04_petrykivka_painting,04_petrykivka_painting,True,0.9987053483470267,04_petrykivka_painting,03_bubnivka_ceramics,02_ornek,1,train,obj_single_f2640a03f7b4a8e9,,unreviewed,unreviewed,global_cls__c10__source0p5,motif_texture_weighted_mean__c10__source0p5,texture_weighted_mean,10.0,True,0.00016230223925617568,0.00044627218168713897,0.0006349036473450928,0.9987053483470267,5.1173584684760954e-05
img_a88a3c2d6225a331,selection_conditional_full_development_oof_v4,dataset_dev/04_petrykivka_painting/026.jpg,04_petrykivka_painting,04_petrykivka_painting,True,0.9482719362672147,04_petrykivka_painting,02_ornek,01_opishnyan_ceramics,3,train,obj_single_a88a3c2d6225a331,,unreviewed,unreviewed,global_cls__c10__source0p5,motif_texture_weighted_mean__c10__source0p5,texture_weighted_mean,10.0,True,0.008438548797951303,0.035568084084862055,0.0033105475739126124,0.9482719362672147,0.004410883276059245
img_ab10f2f1f17975a5,selection_conditional_full_development_oof_v4,dataset_dev/04_petrykivka_painting/027.jpg,04_petrykivka_painting,04_petrykivka_painting,True,0.9747952325157181,04_petrykivka_painting,02_ornek,01_opishnyan_ceramics,0,validation,obj_single_ab10f2f1f17975a5,,unreviewed,unreviewed,global_cls__c10__source0p5,motif_texture_weighted_mean__c10__source0p5,texture_weighted_mean,10.0,True,0.0011451839320547426,0.0235381583134545,7.368366108583388e-05,0.9747952325157181,0.00044774157768674835
img_732aff65ab85aa99,selection_conditional_full_development_oof_v4,dataset_dev/04_petrykivka_painting/028.jpg,04_petrykivka_painting,04_petrykivka_painting,True,0.9945103428878541,04_petrykivka_painting,03_bubnivka_ceramics,01_opishnyan_ceramics,2,train,obj_single_732aff65ab85aa99,,unreviewed,unreviewed,global_cls__c10__source0p5,motif_texture_weighted_mean__c10__source0p5,texture_weighted_mean,10.0,True,0.001992897000640072,0.0004258432905730217,0.0022718043786301417,0.9945103428878541,0.0007991124423025217
img_e4e3837b0fa065fa,selection_conditional_full_development_oof_v4,dataset_dev/04_petrykivka_painting/030.jpg,04_petrykivka_painting,04_petrykivka_painting,True,0.9996172578217352,04_petrykivka_painting,02_ornek,05_kosiv_ceramics,0,train,obj_single_e4e3837b0fa065fa,,unreviewed,unreviewed,global_cls__c10__source0p5,motif_texture_weighted_mean__c10__source0p5,texture_weighted_mean,10.0,True,1.8151505770601103e-05,0.00022677381819910387,4.6084362007376164e-06,0.9996172578217352,0.00013320841809450414
img_af02056a277a36fe,selection_conditional_full_development_oof_v4,dataset_dev/04_petrykivka_painting/032.jpg,04_petrykivka_painting,04_petrykivka_painting,True,0.9995371173382943,04_petrykivka_painting,05_kosiv_ceramics,02_ornek,3,train,obj_single_af02056a277a36fe,,unreviewed,unreviewed,global_cls__c10__source0p5,motif_texture_weighted_mean__c10__source0p5,texture_weighted_mean,10.0,True,6.561885876795552e-05,9.7665690975865e-05,1.5623401427454238e-05,0.9995371173382943,0.00028397471053439785
img_5d02b32a5f5baf05,selection_conditional_full_development_oof_v4,dataset_dev/04_petrykivka_painting/033.jpg,04_petrykivka_painting,04_petrykivka_painting,True,0.9314251834933125,04_petrykivka_painting,05_kosiv_ceramics,01_opishnyan_ceramics,0,train,obj_single_5d02b32a5f5baf05,,unreviewed,unreviewed,global_cls__c10__source0p5,motif_texture_weighted_mean__c10__source0p5,texture_weighted_mean,10.0,True,0.010771069932566537,0.00403901728996416,0.00019942259467893542,0.9314251834933125,0.0535653066894777
img_a5735a6f27d1bb0d,selection_conditional_full_development_oof_v4,dataset_dev/04_petrykivka_painting/036.jpg,04_petrykivka_painting,04_petrykivka_painting,True,0.9983117085101203,04_petrykivka_painting,05_kosiv_ceramics,02_ornek,3,validation,obj_single_a5735a6f27d1bb0d,,unreviewed,unreviewed,global_cls__c10__source0p5,motif_texture_weighted_mean__c10__source0p5,texture_weighted_mean,10.0,True,0.00015936940955483622,0.0005913833007969796,2.447394253718053e-05,0.9983117085101203,0.000913064836990688
img_43c5942414e024a1,selection_conditional_full_development_oof_v4,dataset_dev/04_petrykivka_painting/038.jpg,04_petrykivka_painting,04_petrykivka_painting,True,0.972563107227092,04_petrykivka_painting,05_kosiv_ceramics,01_opishnyan_ceramics,3,train,obj_single_43c5942414e024a1,,unreviewed,unreviewed,global_cls__c10__source0p5,motif_texture_weighted_mean__c10__source0p5,texture_weighted_mean,10.0,True,0.007018475187578853,0.002405974245853734,0.00087504068869482,0.972563107227092,0.01713740265078063
img_36ab02a9caac73d5,selection_conditional_full_development_oof_v4,dataset_dev/04_petrykivka_painting/039.jpg,04_petrykivka_painting,04_petrykivka_painting,True,0.9983554103486909,04_petrykivka_painting,05_kosiv_ceramics,02_ornek,2,validation,obj_single_36ab02a9caac73d5,,unreviewed,unreviewed,global_cls__c10__source0p5,motif_texture_weighted_mean__c10__source0p5,texture_weighted_mean,10.0,True,0.00012142449159894416,0.0006822852505612142,3.371023368578845e-05,0.9983554103486909,0.0008071696754632004
img_2c87b30dfc48468e,selection_conditional_full_development_oof_v4,dataset_dev/04_petrykivka_painting/040.jpg,04_petrykivka_painting,04_petrykivka_painting,True,0.9694786885338227,04_petrykivka_painting,02_ornek,01_opishnyan_ceramics,0,train,obj_single_2c87b30dfc48468e,,unreviewed,unreviewed,global_cls__c10__source0p5,motif_texture_weighted_mean__c10__source0p5,texture_weighted_mean,10.0,True,0.012552120058669841,0.01636445447028805,0.0001860685119648619,0.9694786885338227,0.0014186684252544162
img_0530c8356c564080,selection_conditional_full_development_oof_v4,dataset_dev/04_petrykivka_painting/042.jpg,04_petrykivka_painting,04_petrykivka_painting,True,0.9782972998944077,04_petrykivka_painting,02_ornek,05_kosiv_ceramics,0,train,obj_single_0530c8356c564080,,unreviewed,unreviewed,global_cls__c10__source0p5,motif_texture_weighted_mean__c10__source0p5,texture_weighted_mean,10.0,True,0.0007956730329798378,0.01806601635201726,0.0006026827761881928,0.9782972998944077,0.002238327944407042
img_d4392c5474172f19,selection_conditional_full_development_oof_v4,dataset_dev/04_petrykivka_painting/043.jpg,04_petrykivka_painting,04_petrykivka_painting,True,0.9948448507502511,04_petrykivka_painting,02_ornek,03_bubnivka_ceramics,4,train,obj_single_d4392c5474172f19,,unreviewed,unreviewed,global_cls__c10__source0p5,motif_texture_weighted_mean__c10__source0p5,texture_weighted_mean,10.0,True,0.00030894275318691993,0.003784891763179693,0.0006511602781182044,0.9948448507502511,0.00041015445526420636
img_c1b80a9133e431a6,selection_conditional_full_development_oof_v4,dataset_dev/04_petrykivka_painting/044.jpg,04_petrykivka_painting,04_petrykivka_painting,True,0.8613931635136928,04_petrykivka_painting,05_kosiv_ceramics,01_opishnyan_ceramics,4,train,obj_single_c1b80a9133e431a6,,unreviewed,unreviewed,global_cls__c10__source0p5,motif_texture_weighted_mean__c10__source0p5,texture_weighted_mean,10.0,True,0.02965722334236754,0.004717047181759677,0.0006768413498536719,0.8613931635136928,0.10355572461232636
img_133b33f8cc03e008,selection_conditional_full_development_oof_v4,dataset_dev/04_petrykivka_painting/045.jpg,04_petrykivka_painting,04_petrykivka_painting,True,0.9995160333513031,04_petrykivka_painting,02_ornek,05_kosiv_ceramics,1,train,obj_single_133b33f8cc03e008,,unreviewed,unreviewed,global_cls__c10__source0p5,motif_texture_weighted_mean__c10__source0p5,texture_weighted_mean,10.0,True,1.163321499556194e-05,0.00025860884155375747,1.0261368933502452e-05,0.9995160333513031,0.00020346322321398766
img_1db7bc3d501848e6,selection_conditional_full_development_oof_v4,dataset_dev/04_petrykivka_painting/046.jpg,04_petrykivka_painting,04_petrykivka_painting,True,0.9884616840598716,04_petrykivka_painting,02_ornek,01_opishnyan_ceramics,2,train,obj_single_1db7bc3d501848e6,,unreviewed,unreviewed,global_cls__c10__source0p5,motif_texture_weighted_mean__c10__source0p5,texture_weighted_mean,10.0,True,0.0033884666015290762,0.005927982282132222,0.0006986394272259932,0.9884616840598716,0.00152322762924129
img_cae5aa889ed5df2c,selection_conditional_full_development_oof_v4,dataset_dev/04_petrykivka_painting/047.jpg,04_petrykivka_painting,04_petrykivka_painting,True,0.8104228027032396,04_petrykivka_painting,01_opishnyan_ceramics,02_ornek,0,train,obj_single_cae5aa889ed5df2c,,unreviewed,unreviewed,global_cls__c10__source0p5,motif_texture_weighted_mean__c10__source0p5,texture_weighted_mean,10.0,True,0.11656479793504233,0.05150049955397734,0.007508328192487215,0.8104228027032396,0.014003571615253575
img_f7454109f83b123c,selection_conditional_full_development_oof_v4,dataset_dev/04_petrykivka_painting/048.jpg,04_petrykivka_painting,04_petrykivka_painting,True,0.9973564226970081,04_petrykivka_painting,05_kosiv_ceramics,01_opishnyan_ceramics,0,validation,obj_single_f7454109f83b123c,,unreviewed,unreviewed,global_cls__c10__source0p5,motif_texture_weighted_mean__c10__source0p5,texture_weighted_mean,10.0,True,0.000786777321700411,0.0006792735089041506,0.00017920641900803563,0.9973564226970081,0.0009983200533792594
img_3ca3dd4e2fade24c,selection_conditional_full_development_oof_v4,dataset_dev/04_petrykivka_painting/049.jpg,04_petrykivka_painting,04_petrykivka_painting,True,0.9492546528647412,04_petrykivka_painting,02_ornek,05_kosiv_ceramics,0,train,obj_single_3ca3dd4e2fade24c,,unreviewed,unreviewed,global_cls__c10__source0p5,motif_texture_weighted_mean__c10__source0p5,texture_weighted_mean,10.0,True,0.003196318090117945,0.032923939044409004,0.0004147111485598261,0.9492546528647412,0.014210378852171987
img_0777664641c6dc62,selection_conditional_full_development_oof_v4,dataset_dev/04_petrykivka_painting/050.jpg,04_petrykivka_painting,04_petrykivka_painting,True,0.9974405997413938,04_petrykivka_painting,05_kosiv_ceramics,03_bubnivka_ceramics,1,train,obj_single_0777664641c6dc62,,unreviewed,unreviewed,global_cls__c10__source0p5,motif_texture_weighted_mean__c10__source0p5,texture_weighted_mean,10.0,True,0.00011213898279468694,0.0002780049065664596,0.00038298153355985755,0.9974405997413938,0.001786274835685178
img_b0240d7f3e0a23ee,selection_conditional_full_development_oof_v4,dataset_dev/04_petrykivka_painting/058.jpg,04_petrykivka_painting,04_petrykivka_painting,True,0.9994841145363837,04_petrykivka_painting,02_ornek,03_bubnivka_ceramics,1,train,obj_single_b0240d7f3e0a23ee,,unreviewed,unreviewed,global_cls__c10__source0p5,motif_texture_weighted_mean__c10__source0p5,texture_weighted_mean,10.0,True,5.6850543098504e-05,0.00023861377142329621,0.00021334984583101677,0.9994841145363837,7.071303263478268e-06
img_0e9427fb2f5b3eb1,selection_conditional_full_development_oof_v4,dataset_dev/04_petrykivka_painting/059.jpg,04_petrykivka_painting,04_petrykivka_painting,True,0.9997644522455961,04_petrykivka_painting,01_opishnyan_ceramics,03_bubnivka_ceramics,1,validation,obj_single_0e9427fb2f5b3eb1,,unreviewed,unreviewed,global_cls__c10__source0p5,motif_texture_weighted_mean__c10__source0p5,texture_weighted_mean,10.0,True,0.0001427365140059188,2.840791758212352e-05,3.953399754977002e-05,0.9997644522455961,2.486932526615506e-05
img_fcd5fcdd19863f17,selection_conditional_full_development_oof_v4,dataset_dev/04_petrykivka_painting/060.jpg,04_petrykivka_painting,04_petrykivka_painting,True,0.979007971202776,04_petrykivka_painting,02_ornek,03_bubnivka_ceramics,4,train,obj_single_fcd5fcdd19863f17,,unreviewed,unreviewed,global_cls__c10__source0p5,motif_texture_weighted_mean__c10__source0p5,texture_weighted_mean,10.0,True,0.0008677952314945088,0.016299913923223233,0.002343685468528299,0.979007971202776,0.0014806341739779189
img_ed1aff6fdb13513c,selection_conditional_full_development_oof_v4,dataset_dev/04_petrykivka_painting/062.jpg,04_petrykivka_painting,04_petrykivka_painting,True,0.902305396941673,04_petrykivka_painting,05_kosiv_ceramics,02_ornek,1,train,obj_single_ed1aff6fdb13513c,,unreviewed,unreviewed,global_cls__c10__source0p5,motif_texture_weighted_mean__c10__source0p5,texture_weighted_mean,10.0,True,0.0029539285295507377,0.03768266200182247,0.0004556005763754922,0.902305396941673,0.05660241195057828
img_0196c54d4a02f395,selection_conditional_full_development_oof_v4,dataset_dev/04_petrykivka_painting/063.jpg,04_petrykivka_painting,04_petrykivka_painting,True,0.9464480142391901,04_petrykivka_painting,05_kosiv_ceramics,02_ornek,0,train,obj_single_0196c54d4a02f395,,unreviewed,unreviewed,global_cls__c10__source0p5,motif_texture_weighted_mean__c10__source0p5,texture_weighted_mean,10.0,True,0.005892648365469438,0.007583447676004419,0.0010978115577748532,0.9464480142391901,0.03897807816156126
img_5459d64e8b768e79,selection_conditional_full_development_oof_v4,dataset_dev/04_petrykivka_painting/065.jpg,04_petrykivka_painting,04_petrykivka_painting,True,0.9677001159781956,04_petrykivka_painting,05_kosiv_ceramics,02_ornek,1,train,obj_single_5459d64e8b768e79,,unreviewed,unreviewed,global_cls__c10__source0p5,motif_texture_weighted_mean__c10__source0p5,texture_weighted_mean,10.0,True,0.00035642468272676443,0.012346604365916341,3.8667987109236434e-06,0.9677001159781956,0.019592988174450397
img_b181a6f3eee1e494,selection_conditional_full_development_oof_v4,dataset_dev/04_petrykivka_painting/066.jpg,04_petrykivka_painting,04_petrykivka_painting,True,0.9995948978957627,04_petrykivka_painting,02_ornek,05_kosiv_ceramics,0,train,obj_single_b181a6f3eee1e494,,unreviewed,unreviewed,global_cls__c10__source0p5,motif_texture_weighted_mean__c10__source0p5,texture_weighted_mean,10.0,True,4.31756069249227e-05,0.00028132664321289927,2.836631370756077e-07,0.9995948978957627,8.031619096234585e-05
img_8a4a16b5a85db96a,selection_conditional_full_development_oof_v4,dataset_dev/04_petrykivka_painting/069.jpeg,04_petrykivka_painting,04_petrykivka_painting,True,0.9998061439793492,04_petrykivka_painting,02_ornek,05_kosiv_ceramics,0,train,obj_single_8a4a16b5a85db96a,,unreviewed,unreviewed,global_cls__c10__source0p5,motif_texture_weighted_mean__c10__source0p5,texture_weighted_mean,10.0,True,6.100471282098945e-05,6.647773124563397e-05,4.157091143166391e-06,0.9998061439793492,6.221648544112035e-05
img_baefda6839d777b7,selection_conditional_full_development_oof_v4,dataset_dev/04_petrykivka_painting/070.jpg,04_petrykivka_painting,04_petrykivka_painting,True,0.9977161874355251,04_petrykivka_painting,02_ornek,05_kosiv_ceramics,4,train,obj_single_baefda6839d777b7,,unreviewed,unreviewed,global_cls__c10__source0p5,motif_texture_weighted_mean__c10__source0p5,texture_weighted_mean,10.0,True,7.770362429916745e-05,0.0013231435289120595,2.0179348423528952e-05,0.9977161874355251,0.0008627860628400866
img_de826787989f1d95,selection_conditional_full_development_oof_v4,dataset_dev/04_petrykivka_painting/072.jpg,04_petrykivka_painting,04_petrykivka_painting,True,0.9985959215178052,04_petrykivka_painting,05_kosiv_ceramics,02_ornek,3,train,obj_single_de826787989f1d95,,unreviewed,unreviewed,global_cls__c10__source0p5,motif_texture_weighted_mean__c10__source0p5,texture_weighted_mean,10.0,True,0.00023985228681236255,0.00044058446485398386,4.224067636587857e-05,0.9985959215178052,0.0006814010541624958
img_f8403b014c2d4a47,selection_conditional_full_development_oof_v4,dataset_dev/04_petrykivka_painting/073.jpg,04_petrykivka_painting,04_petrykivka_painting,True,0.8465172220446294,04_petrykivka_painting,05_kosiv_ceramics,01_opishnyan_ceramics,1,validation,obj_single_f8403b014c2d4a47,,unreviewed,unreviewed,global_cls__c10__source0p5,motif_texture_weighted_mean__c10__source0p5,texture_weighted_mean,10.0,True,0.01976804984030127,0.004105561618578117,0.00112458340503863,0.8465172220446294,0.12848458309145266
img_a95ca63d0558f359,selection_conditional_full_development_oof_v4,dataset_dev/04_petrykivka_painting/074.jpg,04_petrykivka_painting,04_petrykivka_painting,True,0.9503038831190098,04_petrykivka_painting,02_ornek,05_kosiv_ceramics,2,train,obj_single_a95ca63d0558f359,,unreviewed,unreviewed,global_cls__c10__source0p5,motif_texture_weighted_mean__c10__source0p5,texture_weighted_mean,10.0,True,0.00023988494922541975,0.03372154470599451,0.0005532930609172226,0.9503038831190098,0.015181394164852972
img_f9a0f610437dbf4f,selection_conditional_full_development_oof_v4,dataset_dev/04_petrykivka_painting/076.jpg,04_petrykivka_painting,04_petrykivka_painting,True,0.9941919492148588,04_petrykivka_painting,05_kosiv_ceramics,02_ornek,0,train,obj_single_f9a0f610437dbf4f,,unreviewed,unreviewed,global_cls__c10__source0p5,motif_texture_weighted_mean__c10__source0p5,texture_weighted_mean,10.0,True,0.0002526695583684658,0.0010830864253664006,1.5009968768400911e-05,0.9941919492148588,0.004457284832637924
img_7b1d315fefcd5c33,selection_conditional_full_development_oof_v4,dataset_dev/04_petrykivka_painting/077.jpg,04_petrykivka_painting,04_petrykivka_painting,True,0.9930832014783876,04_petrykivka_painting,05_kosiv_ceramics,01_opishnyan_ceramics,1,train,obj_single_7b1d315fefcd5c33,,unreviewed,unreviewed,global_cls__c10__source0p5,motif_texture_weighted_mean__c10__source0p5,texture_weighted_mean,10.0,True,0.0007963792321592931,0.00019684611391963434,4.271798476545803e-05,0.9930832014783876,0.00588085519076813
img_8ae7f340a9168a46,selection_conditional_full_development_oof_v4,dataset_dev/04_petrykivka_painting/078.jpg,04_petrykivka_painting,04_petrykivka_painting,True,0.9998132563909586,04_petrykivka_painting,05_kosiv_ceramics,02_ornek,2,train,obj_single_8ae7f340a9168a46,,unreviewed,unreviewed,global_cls__c10__source0p5,motif_texture_weighted_mean__c10__source0p5,texture_weighted_mean,10.0,True,5.261105939280518e-06,6.845438411891648e-05,7.06190562929619e-07,0.9998132563909586,0.00011232192842021495
img_cd93e8de1db9231b,selection_conditional_full_development_oof_v4,dataset_dev/04_petrykivka_painting/080.jpg,04_petrykivka_painting,04_petrykivka_painting,True,0.9995914289626767,04_petrykivka_painting,05_kosiv_ceramics,02_ornek,4,train,obj_single_cd93e8de1db9231b,,unreviewed,unreviewed,global_cls__c10__source0p5,motif_texture_weighted_mean__c10__source0p5,texture_weighted_mean,10.0,True,1.1292378773424289e-05,9.312416012348629e-05,1.9904483361245346e-06,0.9995914289626767,0.00030216405009018916
img_da3a5f18276183ff,selection_conditional_full_development_oof_v4,dataset_dev/04_petrykivka_painting/082.jpg,04_petrykivka_painting,04_petrykivka_painting,True,0.9784402419986928,04_petrykivka_painting,05_kosiv_ceramics,02_ornek,1,train,obj_single_da3a5f18276183ff,,unreviewed,unreviewed,global_cls__c10__source0p5,motif_texture_weighted_mean__c10__source0p5,texture_weighted_mean,10.0,True,0.0003627587804230895,0.007021299414683478,0.0017913143129636463,0.9784402419986928,0.012384385493236982
img_d7a6f433aa31daab,selection_conditional_full_development_oof_v4,dataset_dev/04_petrykivka_painting/083.jpg,04_petrykivka_painting,04_petrykivka_painting,True,0.9996788007470138,04_petrykivka_painting,05_kosiv_ceramics,02_ornek,4,train,obj_single_d7a6f433aa31daab,,unreviewed,unreviewed,global_cls__c10__source0p5,motif_texture_weighted_mean__c10__source0p5,texture_weighted_mean,10.0,True,8.776244227597499e-05,0.00010814792312784484,2.6603635187704273e-06,0.9996788007470138,0.00012262852406363234
img_a98f48d0bb154ceb,selection_conditional_full_development_oof_v4,dataset_dev/04_petrykivka_painting/084.jpg,04_petrykivka_painting,04_petrykivka_painting,True,0.9995529278439558,04_petrykivka_painting,05_kosiv_ceramics,02_ornek,2,train,obj_single_a98f48d0bb154ceb,,unreviewed,unreviewed,global_cls__c10__source0p5,motif_texture_weighted_mean__c10__source0p5,texture_weighted_mean,10.0,True,0.0001167619652883685,0.00015020818627472997,1.0502264205496814e-05,0.9995529278439558,0.0001695997402757735
img_35e93b64e5d04abf,selection_conditional_full_development_oof_v4,dataset_dev/04_petrykivka_painting/085.jpg,04_petrykivka_painting,04_petrykivka_painting,True,0.9939646641511901,04_petrykivka_painting,03_bubnivka_ceramics,02_ornek,1,train,obj_single_35e93b64e5d04abf,,unreviewed,unreviewed,global_cls__c10__source0p5,motif_texture_weighted_mean__c10__source0p5,texture_weighted_mean,10.0,True,0.00024063488157530086,0.0015937175793784661,0.004017277178391753,0.9939646641511901,0.00018370620946444794
img_9bba7d6af47f4409,selection_conditional_full_development_oof_v4,dataset_dev/04_petrykivka_painting/086.jpg,04_petrykivka_painting,04_petrykivka_painting,True,0.9992007343301608,04_petrykivka_painting,05_kosiv_ceramics,02_ornek,2,train,obj_single_9bba7d6af47f4409,,unreviewed,unreviewed,global_cls__c10__source0p5,motif_texture_weighted_mean__c10__source0p5,texture_weighted_mean,10.0,True,3.5185943520001198e-06,0.00020830909557912624,3.1651662308647296e-05,0.9992007343301608,0.0005557863175994175
img_66309dc403ef43de,selection_conditional_full_development_oof_v4,dataset_dev/04_petrykivka_painting/087.jpg,04_petrykivka_painting,01_opishnyan_ceramics,False,0.7534050979038276,01_opishnyan_ceramics,04_petrykivka_painting,05_kosiv_ceramics,2,train,obj_single_66309dc403ef43de,,unreviewed,unreviewed,global_cls__c10__source0p5,motif_texture_weighted_mean__c10__source0p5,texture_weighted_mean,10.0,True,0.7534050979038276,0.003368679069893961,0.002459691627792463,0.21785029669654887,0.022916234701937006
img_1e9af7972505fe8a,selection_conditional_full_development_oof_v4,dataset_dev/04_petrykivka_painting/088.jpg,04_petrykivka_painting,04_petrykivka_painting,True,0.9968429793721092,04_petrykivka_painting,05_kosiv_ceramics,01_opishnyan_ceramics,4,train,obj_single_1e9af7972505fe8a,,unreviewed,unreviewed,global_cls__c10__source0p5,motif_texture_weighted_mean__c10__source0p5,texture_weighted_mean,10.0,True,0.00013245187390516789,0.00012590239016126276,6.477760266093127e-06,0.9968429793721092,0.002892188603558247
img_0f404b2b781db4a2,selection_conditional_full_development_oof_v4,dataset_dev/04_petrykivka_painting/091.jpg,04_petrykivka_painting,04_petrykivka_painting,True,0.959960054658658,04_petrykivka_painting,02_ornek,05_kosiv_ceramics,4,train,obj_single_0f404b2b781db4a2,,unreviewed,unreviewed,global_cls__c10__source0p5,motif_texture_weighted_mean__c10__source0p5,texture_weighted_mean,10.0,True,0.0025862339665265583,0.02469588303231912,0.00021405639835110458,0.959960054658658,0.0125437719441452
img_54511c9a93b73f89,selection_conditional_full_development_oof_v4,dataset_dev/04_petrykivka_painting/092.jpg,04_petrykivka_painting,04_petrykivka_painting,True,0.4729782193872309,04_petrykivka_painting,02_ornek,05_kosiv_ceramics,0,train,obj_single_54511c9a93b73f89,,unreviewed,unreviewed,global_cls__c10__source0p5,motif_texture_weighted_mean__c10__source0p5,texture_weighted_mean,10.0,True,0.002402929934499352,0.4633633219741799,0.000824642899402316,0.4729782193872309,0.06043088580468767
img_3560308d213b15cf,selection_conditional_full_development_oof_v4,dataset_dev/04_petrykivka_painting/096.jpg,04_petrykivka_painting,04_petrykivka_painting,True,0.9981247352223952,04_petrykivka_painting,05_kosiv_ceramics,01_opishnyan_ceramics,0,train,obj_single_3560308d213b15cf,,unreviewed,unreviewed,global_cls__c10__source0p5,motif_texture_weighted_mean__c10__source0p5,texture_weighted_mean,10.0,True,0.0002280628136941911,0.00013046770697542438,1.2802298960834757e-05,0.9981247352223952,0.001503931957974326
img_1dc2ff34a8267c60,selection_conditional_full_development_oof_v4,dataset_dev/04_petrykivka_painting/098.jpg,04_petrykivka_painting,04_petrykivka_painting,True,0.9986972608541617,04_petrykivka_painting,01_opishnyan_ceramics,05_kosiv_ceramics,3,train,obj_single_1dc2ff34a8267c60,,unreviewed,unreviewed,global_cls__c10__source0p5,motif_texture_weighted_mean__c10__source0p5,texture_weighted_mean,10.0,True,0.00045123886735965547,0.0002712953684548382,0.00021321261127291033,0.9986972608541617,0.0003669922987507784
img_e1e3d7b3bb8e5b39,selection_conditional_full_development_oof_v4,dataset_dev/04_petrykivka_painting/099.jpg,04_petrykivka_painting,04_petrykivka_painting,True,0.9963545227243562,04_petrykivka_painting,02_ornek,05_kosiv_ceramics,2,train,obj_single_e1e3d7b3bb8e5b39,,unreviewed,unreviewed,global_cls__c10__source0p5,motif_texture_weighted_mean__c10__source0p5,texture_weighted_mean,10.0,True,5.870134479993594e-05,0.002268808149749448,0.00014617591039250085,0.9963545227243562,0.0011717918707019788
img_6156c690c8b9b514,selection_conditional_full_development_oof_v4,dataset_dev/04_petrykivka_painting/100.jpg,04_petrykivka_painting,04_petrykivka_painting,True,0.9996605304468004,04_petrykivka_painting,02_ornek,03_bubnivka_ceramics,3,train,obj_single_6156c690c8b9b514,,unreviewed,unreviewed,global_cls__c10__source0p5,motif_texture_weighted_mean__c10__source0p5,texture_weighted_mean,10.0,True,6.261668456889798e-06,0.0002066865573581951,6.704946449200322e-05,0.9996605304468004,5.9471862892506567e-05
img_268f3c441a8cedc9,selection_conditional_full_development_oof_v4,dataset_dev/04_petrykivka_painting/102.jpg,04_petrykivka_painting,04_petrykivka_painting,True,0.9617552166754288,04_petrykivka_painting,01_opishnyan_ceramics,02_ornek,0,train,obj_single_268f3c441a8cedc9,,unreviewed,unreviewed,global_cls__c10__source0p5,motif_texture_weighted_mean__c10__source0p5,texture_weighted_mean,10.0,True,0.024355172890796566,0.011057558021752371,0.0007224685788450773,0.9617552166754288,0.002109583833177096
img_e9c5eaecab6d544f,selection_conditional_full_development_oof_v4,dataset_dev/04_petrykivka_painting/104.jpg,04_petrykivka_painting,04_petrykivka_painting,True,0.9958297709410935,04_petrykivka_painting,05_kosiv_ceramics,02_ornek,3,train,obj_single_e9c5eaecab6d544f,,unreviewed,unreviewed,global_cls__c10__source0p5,motif_texture_weighted_mean__c10__source0p5,texture_weighted_mean,10.0,True,0.00017177364632021966,0.0011679995389655055,0.0005524379936490575,0.9958297709410935,0.002278017879971752
img_e61af6c787277791,selection_conditional_full_development_oof_v4,dataset_dev/04_petrykivka_painting/105.jpg,04_petrykivka_painting,04_petrykivka_painting,True,0.9073793420303287,04_petrykivka_painting,05_kosiv_ceramics,02_ornek,1,train,obj_single_e61af6c787277791,,unreviewed,unreviewed,global_cls__c10__source0p5,motif_texture_weighted_mean__c10__source0p5,texture_weighted_mean,10.0,True,0.0027792266577311778,0.0172861027561253,0.0001266445044337327,0.9073793420303287,0.07242868405138105
img_ce312d5a463e89bf,selection_conditional_full_development_oof_v4,dataset_dev/04_petrykivka_painting/107.jpg,04_petrykivka_painting,04_petrykivka_painting,True,0.9981703981116518,04_petrykivka_painting,02_ornek,01_opishnyan_ceramics,4,train,obj_single_ce312d5a463e89bf,,unreviewed,unreviewed,global_cls__c10__source0p5,motif_texture_weighted_mean__c10__source0p5,texture_weighted_mean,10.0,True,0.0004233109584508886,0.0012525515658088685,9.460075424659199e-05,0.9981703981116518,5.913860984180158e-05
img_db8925faac455979,selection_conditional_full_development_oof_v4,dataset_dev/04_petrykivka_painting/108.jpeg,04_petrykivka_painting,04_petrykivka_painting,True,0.9983602918028124,04_petrykivka_painting,01_opishnyan_ceramics,02_ornek,1,validation,obj_single_db8925faac455979,,unreviewed,unreviewed,global_cls__c10__source0p5,motif_texture_weighted_mean__c10__source0p5,texture_weighted_mean,10.0,True,0.0010102351958477204,0.0005128048647037636,7.749617982489021e-05,0.9983602918028124,3.917195681125454e-05
img_bd600197ff11e8a9,selection_conditional_full_development_oof_v4,dataset_dev/04_petrykivka_painting/109.jpg,04_petrykivka_painting,04_petrykivka_painting,True,0.97624222442486,04_petrykivka_painting,02_ornek,05_kosiv_ceramics,2,train,obj_single_bd600197ff11e8a9,,unreviewed,unreviewed,global_cls__c10__source0p5,motif_texture_weighted_mean__c10__source0p5,texture_weighted_mean,10.0,True,0.004257754493633799,0.013881090685379315,8.595795172654228e-05,0.97624222442486,0.005532972444400474
img_a14264c4383669aa,selection_conditional_full_development_oof_v4,dataset_dev/04_petrykivka_painting/110.jpg,04_petrykivka_painting,04_petrykivka_painting,True,0.9906552523879568,04_petrykivka_painting,01_opishnyan_ceramics,02_ornek,0,train,obj_single_a14264c4383669aa,,unreviewed,unreviewed,global_cls__c10__source0p5,motif_texture_weighted_mean__c10__source0p5,texture_weighted_mean,10.0,True,0.008365943573823616,0.0007614429704876479,0.00016517811265913813,0.9906552523879568,5.218295507282472e-05
img_9879126054463474,selection_conditional_full_development_oof_v4,dataset_dev/04_petrykivka_painting/112.jpg,04_petrykivka_painting,04_petrykivka_painting,True,0.9998466616273769,04_petrykivka_painting,01_opishnyan_ceramics,02_ornek,0,train,obj_single_9879126054463474,,unreviewed,unreviewed,global_cls__c10__source0p5,motif_texture_weighted_mean__c10__source0p5,texture_weighted_mean,10.0,True,9.067607399511355e-05,3.728160581082395e-05,2.8198231720467938e-06,0.9998466616273769,2.2560869645221545e-05
img_ff16c37e95db5c34,selection_conditional_full_development_oof_v4,dataset_dev/04_petrykivka_painting/113.jpg,04_petrykivka_painting,04_petrykivka_painting,True,0.9973877335801884,04_petrykivka_painting,01_opishnyan_ceramics,02_ornek,2,train,obj_single_ff16c37e95db5c34,,unreviewed,unreviewed,global_cls__c10__source0p5,motif_texture_weighted_mean__c10__source0p5,texture_weighted_mean,10.0,True,0.0007949847331490407,0.0007309999257031355,0.0006228784319245481,0.9973877335801884,0.0004634033290350129
img_be184d088ae6707e,selection_conditional_full_development_oof_v4,dataset_dev/04_petrykivka_painting/115.jpg,04_petrykivka_painting,04_petrykivka_painting,True,0.9154884363287898,04_petrykivka_painting,02_ornek,03_bubnivka_ceramics,1,train,obj_single_be184d088ae6707e,,unreviewed,unreviewed,global_cls__c10__source0p5,motif_texture_weighted_mean__c10__source0p5,texture_weighted_mean,10.0,True,0.003496308766708317,0.05000353158006722,0.024225540817423685,0.9154884363287898,0.006786182507010882
img_3506f780e01ca0db,selection_conditional_full_development_oof_v4,dataset_dev/04_petrykivka_painting/116.jpg,04_petrykivka_painting,04_petrykivka_painting,True,0.9009132734694739,04_petrykivka_painting,02_ornek,03_bubnivka_ceramics,4,train,obj_single_3506f780e01ca0db,,unreviewed,unreviewed,global_cls__c10__source0p5,motif_texture_weighted_mean__c10__source0p5,texture_weighted_mean,10.0,True,0.005742583847203485,0.0775886001766023,0.010321793109810436,0.9009132734694739,0.005433749396909895
img_ddd0ac2058ad3bba,selection_conditional_full_development_oof_v4,dataset_dev/04_petrykivka_painting/118.jpeg,04_petrykivka_painting,04_petrykivka_painting,True,0.9996251379158182,04_petrykivka_painting,01_opishnyan_ceramics,02_ornek,2,train,obj_single_ddd0ac2058ad3bba,,unreviewed,unreviewed,global_cls__c10__source0p5,motif_texture_weighted_mean__c10__source0p5,texture_weighted_mean,10.0,True,0.000160968486980189,0.00012157948476455555,1.1079053997230036e-05,0.9996251379158182,8.123505843981323e-05
img_475d21bd7a757a7d,selection_conditional_full_development_oof_v4,dataset_dev/04_petrykivka_painting/119.jpg,04_petrykivka_painting,04_petrykivka_painting,True,0.9992348836940106,04_petrykivka_painting,03_bubnivka_ceramics,02_ornek,4,train,obj_single_475d21bd7a757a7d,,unreviewed,unreviewed,global_cls__c10__source0p5,motif_texture_weighted_mean__c10__source0p5,texture_weighted_mean,10.0,True,2.254574343101748e-05,0.00015887546946064226,0.0005773661352367317,0.9992348836940106,6.328957861069244e-06
img_d4156d21ee2de221,selection_conditional_full_development_oof_v4,dataset_dev/04_petrykivka_painting/120.jpg,04_petrykivka_painting,04_petrykivka_painting,True,0.9996570098561246,04_petrykivka_painting,01_opishnyan_ceramics,02_ornek,2,train,obj_single_d4156d21ee2de221,,unreviewed,unreviewed,global_cls__c10__source0p5,motif_texture_weighted_mean__c10__source0p5,texture_weighted_mean,10.0,True,0.00012122530377134474,0.00010473780269618476,2.4462985782322227e-05,0.9996570098561246,9.256405162542811e-05
img_b7b6d931bce5c4ea,selection_conditional_full_development_oof_v4,dataset_dev/04_petrykivka_painting/121.jpg,04_petrykivka_painting,04_petrykivka_painting,True,0.9985967681787687,04_petrykivka_painting,02_ornek,01_opishnyan_ceramics,2,train,obj_single_b7b6d931bce5c4ea,,unreviewed,unreviewed,global_cls__c10__source0p5,motif_texture_weighted_mean__c10__source0p5,texture_weighted_mean,10.0,True,0.00017338432157318361,0.0011158225111444651,3.664332424254681e-05,0.9985967681787687,7.738166427108064e-05
img_b8d23af68d1c6955,selection_conditional_full_development_oof_v4,dataset_dev/04_petrykivka_painting/122.jpg,04_petrykivka_painting,04_petrykivka_painting,True,0.9991177164144763,04_petrykivka_painting,02_ornek,01_opishnyan_ceramics,0,train,obj_single_b8d23af68d1c6955,,unreviewed,unreviewed,global_cls__c10__source0p5,motif_texture_weighted_mean__c10__source0p5,texture_weighted_mean,10.0,True,4.656853134948844e-05,0.0008126904463834969,2.208536158267866e-06,0.9991177164144763,2.0816071632406528e-05
img_3ff986580ff73d63,selection_conditional_full_development_oof_v4,dataset_dev/04_petrykivka_painting/127.jpg,04_petrykivka_painting,04_petrykivka_painting,True,0.9583169747989985,04_petrykivka_painting,02_ornek,03_bubnivka_ceramics,1,train,obj_single_3ff986580ff73d63,,unreviewed,unreviewed,global_cls__c10__source0p5,motif_texture_weighted_mean__c10__source0p5,texture_weighted_mean,10.0,True,0.0011998647051166666,0.03425678934052758,0.003515923996633469,0.9583169747989985,0.002710447158723879
img_98c4360411412022,selection_conditional_full_development_oof_v4,dataset_dev/04_petrykivka_painting/129.jpg,04_petrykivka_painting,04_petrykivka_painting,True,0.9991978870299159,04_petrykivka_painting,02_ornek,03_bubnivka_ceramics,1,train,obj_single_98c4360411412022,,unreviewed,unreviewed,global_cls__c10__source0p5,motif_texture_weighted_mean__c10__source0p5,texture_weighted_mean,10.0,True,2.073581287907776e-05,0.0006670824467157497,7.816794273136007e-05,0.9991978870299159,3.6126767757855e-05
img_f6f05b0ed68f6d0b,selection_conditional_full_development_oof_v4,dataset_dev/04_petrykivka_painting/130.jpg,04_petrykivka_painting,04_petrykivka_painting,True,0.9992671948399757,04_petrykivka_painting,05_kosiv_ceramics,01_opishnyan_ceramics,4,train,obj_single_f6f05b0ed68f6d0b,,unreviewed,unreviewed,global_cls__c10__source0p5,motif_texture_weighted_mean__c10__source0p5,texture_weighted_mean,10.0,True,0.0001563758926205954,0.00010163140831780523,4.418508877614665e-05,0.9992671948399757,0.0004306127703098066
img_08cf2c1d68a5fa38,selection_conditional_full_development_oof_v4,dataset_dev/04_petrykivka_painting/131.jpg,04_petrykivka_painting,04_petrykivka_painting,True,0.9999310479272199,04_petrykivka_painting,03_bubnivka_ceramics,05_kosiv_ceramics,3,train,obj_single_08cf2c1d68a5fa38,,unreviewed,unreviewed,global_cls__c10__source0p5,motif_texture_weighted_mean__c10__source0p5,texture_weighted_mean,10.0,True,9.45606956645405e-06,1.3947422621288738e-05,2.4038477050936313e-05,0.9999310479272199,2.151010354137757e-05
img_c50e7a53213b153a,selection_conditional_full_development_oof_v4,dataset_dev/04_petrykivka_painting/134.jpg,04_petrykivka_painting,04_petrykivka_painting,True,0.9993765354254189,04_petrykivka_painting,01_opishnyan_ceramics,02_ornek,4,train,obj_single_c50e7a53213b153a,,unreviewed,unreviewed,global_cls__c10__source0p5,motif_texture_weighted_mean__c10__source0p5,texture_weighted_mean,10.0,True,0.0002587108975344927,0.00021289816077514227,0.00011946334495679496,0.9993765354254189,3.239217131462642e-05
img_1cac6d0b7f1635af,selection_conditional_full_development_oof_v4,dataset_dev/04_petrykivka_painting/139.jpg,04_petrykivka_painting,04_petrykivka_painting,True,0.9921122688573341,04_petrykivka_painting,05_kosiv_ceramics,02_ornek,0,train,obj_single_1cac6d0b7f1635af,,unreviewed,unreviewed,global_cls__c10__source0p5,motif_texture_weighted_mean__c10__source0p5,texture_weighted_mean,10.0,True,0.0011343623790004444,0.0014455170656798738,0.00019569114084631322,0.9921122688573341,0.005112160557139078
img_7269b19a4562d582,selection_conditional_full_development_oof_v4,dataset_dev/04_petrykivka_painting/140.jpg,04_petrykivka_painting,04_petrykivka_painting,True,0.9992930993647748,04_petrykivka_painting,02_ornek,03_bubnivka_ceramics,4,train,obj_single_7269b19a4562d582,,unreviewed,unreviewed,global_cls__c10__source0p5,motif_texture_weighted_mean__c10__source0p5,texture_weighted_mean,10.0,True,1.2226703728048948e-05,0.0005826029557909578,7.142671219516171e-05,0.9992930993647748,4.064426351091519e-05
img_0a0049ddb1eb9549,selection_conditional_full_development_oof_v4,dataset_dev/04_petrykivka_painting/141.jpg,04_petrykivka_painting,04_petrykivka_painting,True,0.9899726274305516,04_petrykivka_painting,01_opishnyan_ceramics,02_ornek,2,validation,obj_single_0a0049ddb1eb9549,,unreviewed,unreviewed,global_cls__c10__source0p5,motif_texture_weighted_mean__c10__source0p5,texture_weighted_mean,10.0,True,0.006906730985576344,0.0015389100124527837,0.00022291160357266698,0.9899726274305516,0.0013588199678466618
img_4dbca33c85bd3712,selection_conditional_full_development_oof_v4,dataset_dev/04_petrykivka_painting/142.jpg,04_petrykivka_painting,04_petrykivka_painting,True,0.9995049071005422,04_petrykivka_painting,02_ornek,05_kosiv_ceramics,4,train,obj_single_4dbca33c85bd3712,,unreviewed,unreviewed,global_cls__c10__source0p5,motif_texture_weighted_mean__c10__source0p5,texture_weighted_mean,10.0,True,7.868262152775533e-05,0.00023864211964484347,1.6256004351234076e-05,0.9995049071005422,0.00016151215393408962
img_98ef46c93a36af73,selection_conditional_full_development_oof_v4,dataset_dev/04_petrykivka_painting/145.jpg,04_petrykivka_painting,04_petrykivka_painting,True,0.9980232971563946,04_petrykivka_painting,01_opishnyan_ceramics,02_ornek,1,train,obj_single_98ef46c93a36af73,,unreviewed,unreviewed,global_cls__c10__source0p5,motif_texture_weighted_mean__c10__source0p5,texture_weighted_mean,10.0,True,0.0008301010347283104,0.0007609798275958592,0.0001061839085215792,0.9980232971563946,0.0002794380727596124
img_6a1063cc7d802b43,selection_conditional_full_development_oof_v4,dataset_dev/04_petrykivka_painting/147.jpg,04_petrykivka_painting,04_petrykivka_painting,True,0.9873276683804783,04_petrykivka_painting,02_ornek,03_bubnivka_ceramics,2,train,obj_single_6a1063cc7d802b43,,unreviewed,unreviewed,global_cls__c10__source0p5,motif_texture_weighted_mean__c10__source0p5,texture_weighted_mean,10.0,True,0.0004250506467013315,0.007874851897929459,0.004246023139196492,0.9873276683804783,0.00012640593569468236
img_57231575effdb11e,selection_conditional_full_development_oof_v4,dataset_dev/04_petrykivka_painting/148.jpg,04_petrykivka_painting,04_petrykivka_painting,True,0.9993695783018655,04_petrykivka_painting,02_ornek,01_opishnyan_ceramics,3,train,obj_single_57231575effdb11e,,unreviewed,unreviewed,global_cls__c10__source0p5,motif_texture_weighted_mean__c10__source0p5,texture_weighted_mean,10.0,True,7.448704599391275e-05,0.0005288983403206752,1.0658171670471363e-05,0.9993695783018655,1.637814014951873e-05
img_f553117c65359cdf,selection_conditional_full_development_oof_v4,dataset_dev/04_petrykivka_painting/150.png,04_petrykivka_painting,04_petrykivka_painting,True,0.9991775355362456,04_petrykivka_painting,02_ornek,05_kosiv_ceramics,1,train,obj_single_f553117c65359cdf,,unreviewed,unreviewed,global_cls__c10__source0p5,motif_texture_weighted_mean__c10__source0p5,texture_weighted_mean,10.0,True,2.408773607414238e-05,0.0005914824007733322,4.783306609184109e-05,0.9991775355362456,0.00015906126081514533
img_794dc757653cb287,selection_conditional_full_development_oof_v4,dataset_dev/04_petrykivka_painting/154.jpg,04_petrykivka_painting,04_petrykivka_painting,True,0.9979816808446779,04_petrykivka_painting,02_ornek,03_bubnivka_ceramics,0,train,obj_single_794dc757653cb287,,unreviewed,unreviewed,global_cls__c10__source0p5,motif_texture_weighted_mean__c10__source0p5,texture_weighted_mean,10.0,True,0.0001497744797671589,0.0013215518042406643,0.0004786838026751941,0.9979816808446779,6.830906863927565e-05
img_ac01772115fc308e,selection_conditional_full_development_oof_v4,dataset_dev/04_petrykivka_painting/155.jpg,04_petrykivka_painting,04_petrykivka_painting,True,0.992257022768676,04_petrykivka_painting,02_ornek,05_kosiv_ceramics,3,validation,obj_single_ac01772115fc308e,,unreviewed,unreviewed,global_cls__c10__source0p5,motif_texture_weighted_mean__c10__source0p5,texture_weighted_mean,10.0,True,0.0009056817646022342,0.003235054989164177,0.0010027364055918433,0.992257022768676,0.002599504071965846
img_59c3681633a3b582,selection_conditional_full_development_oof_v4,dataset_dev/04_petrykivka_painting/156.png,04_petrykivka_painting,04_petrykivka_painting,True,0.9988384958919726,04_petrykivka_painting,01_opishnyan_ceramics,05_kosiv_ceramics,0,validation,obj_single_59c3681633a3b582,,unreviewed,unreviewed,global_cls__c10__source0p5,motif_texture_weighted_mean__c10__source0p5,texture_weighted_mean,10.0,True,0.00040864091327117596,0.00025437319032740023,0.00011320739867248294,0.9988384958919726,0.00038528260575651144
img_00780650deb32990,selection_conditional_full_development_oof_v4,dataset_dev/04_petrykivka_painting/158.jpg,04_petrykivka_painting,04_petrykivka_painting,True,0.9590454218816483,04_petrykivka_painting,02_ornek,05_kosiv_ceramics,3,train,obj_single_00780650deb32990,,unreviewed,unreviewed,global_cls__c10__source0p5,motif_texture_weighted_mean__c10__source0p5,texture_weighted_mean,10.0,True,0.007656311163907485,0.021296889565571686,0.003853350599462134,0.9590454218816483,0.008148026789410507
img_f3a24a7834a8726f,selection_conditional_full_development_oof_v4,dataset_dev/04_petrykivka_painting/159.jpg,04_petrykivka_painting,04_petrykivka_painting,True,0.9912945948144197,04_petrykivka_painting,02_ornek,05_kosiv_ceramics,1,train,obj_single_f3a24a7834a8726f,,unreviewed,unreviewed,global_cls__c10__source0p5,motif_texture_weighted_mean__c10__source0p5,texture_weighted_mean,10.0,True,0.0017185164524533027,0.0034322511778680917,0.0005613301565882797,0.9912945948144197,0.002993307398670685
img_1be2529bf4cec0cf,selection_conditional_full_development_oof_v4,dataset_dev/04_petrykivka_painting/160.jpg,04_petrykivka_painting,04_petrykivka_painting,True,0.9492651181137309,04_petrykivka_painting,02_ornek,05_kosiv_ceramics,2,train,obj_single_1be2529bf4cec0cf,,unreviewed,unreviewed,global_cls__c10__source0p5,motif_texture_weighted_mean__c10__source0p5,texture_weighted_mean,10.0,True,0.0008608053762479662,0.044137072929317775,0.001994137973973773,0.9492651181137309,0.0037428656067294277
img_cdd26535c06234c7,selection_conditional_full_development_oof_v4,dataset_dev/04_petrykivka_painting/161.png,04_petrykivka_painting,04_petrykivka_painting,True,0.9997590503709127,04_petrykivka_painting,02_ornek,05_kosiv_ceramics,3,train,obj_single_cdd26535c06234c7,,unreviewed,unreviewed,global_cls__c10__source0p5,motif_texture_weighted_mean__c10__source0p5,texture_weighted_mean,10.0,True,1.8545308165889077e-05,0.00014026814803152126,2.433786363391293e-05,0.9997590503709127,5.779830925583783e-05
img_843c56645c71a1a2,selection_conditional_full_development_oof_v4,dataset_dev/04_petrykivka_painting/163.jpg,04_petrykivka_painting,04_petrykivka_painting,True,0.9830092348916057,04_petrykivka_painting,02_ornek,05_kosiv_ceramics,4,train,obj_single_843c56645c71a1a2,,unreviewed,unreviewed,global_cls__c10__source0p5,motif_texture_weighted_mean__c10__source0p5,texture_weighted_mean,10.0,True,0.0004908337416218259,0.008263946086745633,0.0005277466363272969,0.9830092348916057,0.007708238643699531
img_9c7fa97d1ea2b01b,selection_conditional_full_development_oof_v4,dataset_dev/04_petrykivka_painting/164.jpg,04_petrykivka_painting,04_petrykivka_painting,True,0.9992424859170709,04_petrykivka_painting,02_ornek,05_kosiv_ceramics,0,train,obj_single_9c7fa97d1ea2b01b,,unreviewed,unreviewed,global_cls__c10__source0p5,motif_texture_weighted_mean__c10__source0p5,texture_weighted_mean,10.0,True,5.174568001934497e-05,0.0005446534753531585,7.921492749461356e-05,0.9992424859170709,8.190000006188234e-05
img_efe7066bf9c759f0,selection_conditional_full_development_oof_v4,dataset_dev/04_petrykivka_painting/166.png,04_petrykivka_painting,04_petrykivka_painting,True,0.9969034426048294,04_petrykivka_painting,02_ornek,05_kosiv_ceramics,3,train,obj_single_efe7066bf9c759f0,,unreviewed,unreviewed,global_cls__c10__source0p5,motif_texture_weighted_mean__c10__source0p5,texture_weighted_mean,10.0,True,0.0002996043241925462,0.001991675674406502,0.0002447401658911443,0.9969034426048294,0.000560537230680413
img_1f78d13464afd425,selection_conditional_full_development_oof_v4,dataset_dev/04_petrykivka_painting/167.png,04_petrykivka_painting,04_petrykivka_painting,True,0.9973149424577351,04_petrykivka_painting,02_ornek,03_bubnivka_ceramics,1,train,obj_single_1f78d13464afd425,,unreviewed,unreviewed,global_cls__c10__source0p5,motif_texture_weighted_mean__c10__source0p5,texture_weighted_mean,10.0,True,0.0003261945632096369,0.0014726823696280874,0.0005391181911437084,0.9973149424577351,0.0003470624182834587
img_2bd0240b52bb0f0f,selection_conditional_full_development_oof_v4,dataset_dev/04_petrykivka_painting/169.png,04_petrykivka_painting,04_petrykivka_painting,True,0.9982523587875285,04_petrykivka_painting,03_bubnivka_ceramics,02_ornek,1,train,obj_single_2bd0240b52bb0f0f,,unreviewed,unreviewed,global_cls__c10__source0p5,motif_texture_weighted_mean__c10__source0p5,texture_weighted_mean,10.0,True,3.827495217529665e-05,0.00032424493362994046,0.001292395214094065,0.9982523587875285,9.272611257211353e-05
img_8ec1fed358da90fc,selection_conditional_full_development_oof_v4,dataset_dev/04_petrykivka_painting/170.png,04_petrykivka_painting,04_petrykivka_painting,True,0.9995497752864236,04_petrykivka_painting,02_ornek,03_bubnivka_ceramics,1,train,obj_single_8ec1fed358da90fc,,unreviewed,unreviewed,global_cls__c10__source0p5,motif_texture_weighted_mean__c10__source0p5,texture_weighted_mean,10.0,True,4.459005281574641e-05,0.00026026084095873695,7.630093458632766e-05,0.9995497752864236,6.907288521569646e-05
img_f5a874e81c2262a7,selection_conditional_full_development_oof_v4,dataset_dev/04_petrykivka_painting/171.jpg,04_petrykivka_painting,04_petrykivka_painting,True,0.9961574843181333,04_petrykivka_painting,03_bubnivka_ceramics,02_ornek,2,train,obj_single_f5a874e81c2262a7,,unreviewed,unreviewed,global_cls__c10__source0p5,motif_texture_weighted_mean__c10__source0p5,texture_weighted_mean,10.0,True,0.0004071023313965954,0.0014178775182146597,0.001942970373835547,0.9961574843181333,7.456545841986746e-05
img_40e8a4a0353fb1a8,selection_conditional_full_development_oof_v4,dataset_dev/04_petrykivka_painting/174.jpg,04_petrykivka_painting,04_petrykivka_painting,True,0.815976029096064,04_petrykivka_painting,05_kosiv_ceramics,03_bubnivka_ceramics,4,train,obj_single_40e8a4a0353fb1a8,,unreviewed,unreviewed,global_cls__c10__source0p5,motif_texture_weighted_mean__c10__source0p5,texture_weighted_mean,10.0,True,0.010499695227277027,0.04070347235554779,0.0440930264483237,0.815976029096064,0.08872777687278734
img_a5d90d6c472ddcac,selection_conditional_full_development_oof_v4,dataset_dev/04_petrykivka_painting/175.jpg,04_petrykivka_painting,04_petrykivka_painting,True,0.9996299534535475,04_petrykivka_painting,02_ornek,01_opishnyan_ceramics,4,train,obj_single_a5d90d6c472ddcac,,unreviewed,unreviewed,global_cls__c10__source0p5,motif_texture_weighted_mean__c10__source0p5,texture_weighted_mean,10.0,True,8.64219756628752e-05,0.0001958778372245175,4.3948517496724726e-05,0.9996299534535475,4.379821606821025e-05
img_520b84c00c3f2b00,selection_conditional_full_development_oof_v4,dataset_dev/04_petrykivka_painting/176.jpg,04_petrykivka_painting,04_petrykivka_painting,True,0.9998192823463595,04_petrykivka_painting,02_ornek,01_opishnyan_ceramics,2,train,obj_single_520b84c00c3f2b00,,unreviewed,unreviewed,global_cls__c10__source0p5,motif_texture_weighted_mean__c10__source0p5,texture_weighted_mean,10.0,True,6.82614437729699e-05,7.235276579520215e-05,2.0357273550551356e-05,0.9998192823463595,1.974617052166036e-05
img_741ed92d16e51792,selection_conditional_full_development_oof_v4,dataset_dev/04_petrykivka_painting/177.jpg,04_petrykivka_painting,04_petrykivka_painting,True,0.99824352611851,04_petrykivka_painting,02_ornek,05_kosiv_ceramics,4,train,obj_single_741ed92d16e51792,,unreviewed,unreviewed,global_cls__c10__source0p5,motif_texture_weighted_mean__c10__source0p5,texture_weighted_mean,10.0,True,0.00010478850522114185,0.0009259044689624812,0.0002205695355655263,0.99824352611851,0.00050521137174103
img_76b53f9227445531,selection_conditional_full_development_oof_v4,dataset_dev/04_petrykivka_painting/179.jpg,04_petrykivka_painting,04_petrykivka_painting,True,0.9761925841915137,04_petrykivka_painting,01_opishnyan_ceramics,02_ornek,3,train,obj_single_76b53f9227445531,,unreviewed,unreviewed,global_cls__c10__source0p5,motif_texture_weighted_mean__c10__source0p5,texture_weighted_mean,10.0,True,0.017869010331124754,0.0033468716319474596,0.0017492770576477941,0.9761925841915137,0.0008422567877662008
img_438acd29e59b74b0,selection_conditional_full_development_oof_v4,dataset_dev/04_petrykivka_painting/181.jpg,04_petrykivka_painting,04_petrykivka_painting,True,0.9972147974676929,04_petrykivka_painting,02_ornek,05_kosiv_ceramics,1,train,obj_single_438acd29e59b74b0,,unreviewed,unreviewed,global_cls__c10__source0p5,motif_texture_weighted_mean__c10__source0p5,texture_weighted_mean,10.0,True,0.00018018542636889117,0.0018867461488666297,8.892345457073651e-05,0.9972147974676929,0.0006293475025009521
img_65b809074578f318,selection_conditional_full_development_oof_v4,dataset_dev/04_petrykivka_painting/182.jpg,04_petrykivka_painting,04_petrykivka_painting,True,0.9987140742922535,04_petrykivka_painting,02_ornek,01_opishnyan_ceramics,0,train,obj_single_65b809074578f318,,unreviewed,unreviewed,global_cls__c10__source0p5,motif_texture_weighted_mean__c10__source0p5,texture_weighted_mean,10.0,True,0.00032578532566674085,0.0005685222296839023,0.00010717835133251947,0.9987140742922535,0.00028443980106332417
img_ce5c2baec4200a6f,selection_conditional_full_development_oof_v4,dataset_dev/04_petrykivka_painting/186.jpg,04_petrykivka_painting,04_petrykivka_painting,True,0.9994256858747523,04_petrykivka_painting,02_ornek,03_bubnivka_ceramics,0,train,obj_single_ce5c2baec4200a6f,,unreviewed,unreviewed,global_cls__c10__source0p5,motif_texture_weighted_mean__c10__source0p5,texture_weighted_mean,10.0,True,0.0001449781070558809,0.00018369187801151995,0.00016763773525065663,0.9994256858747523,7.800640492976286e-05
img_f0f85d3604747bf7,selection_conditional_full_development_oof_v4,dataset_dev/04_petrykivka_painting/187.jpg,04_petrykivka_painting,04_petrykivka_painting,True,0.9976398962848574,04_petrykivka_painting,02_ornek,01_opishnyan_ceramics,1,train,obj_single_f0f85d3604747bf7,,unreviewed,unreviewed,global_cls__c10__source0p5,motif_texture_weighted_mean__c10__source0p5,texture_weighted_mean,10.0,True,0.0006312519022673512,0.001258745005392316,0.00014231512991487742,0.9976398962848574,0.0003277916775680802
img_d1b29d5bb04a1bdf,selection_conditional_full_development_oof_v4,dataset_dev/04_petrykivka_painting/188.jpg,04_petrykivka_painting,04_petrykivka_painting,True,0.9989074741581668,04_petrykivka_painting,02_ornek,03_bubnivka_ceramics,0,train,obj_single_d1b29d5bb04a1bdf,,unreviewed,unreviewed,global_cls__c10__source0p5,motif_texture_weighted_mean__c10__source0p5,texture_weighted_mean,10.0,True,1.58323061957102e-05,0.0008152977407528937,0.00013990666717993472,0.9989074741581668,0.00012148912770455581
img_9e91104e632a46ed,selection_conditional_full_development_oof_v4,dataset_dev/04_petrykivka_painting/191.jpg,04_petrykivka_painting,04_petrykivka_painting,True,0.9994043429134388,04_petrykivka_painting,02_ornek,03_bubnivka_ceramics,4,validation,obj_single_9e91104e632a46ed,,unreviewed,unreviewed,global_cls__c10__source0p5,motif_texture_weighted_mean__c10__source0p5,texture_weighted_mean,10.0,True,2.4618354640946022e-05,0.0004066943461769226,0.00010643109521022048,0.9994043429134388,5.7913290532972984e-05
img_cdc518ce074ec8c6,selection_conditional_full_development_oof_v4,dataset_dev/04_petrykivka_painting/193.jpg,04_petrykivka_painting,04_petrykivka_painting,True,0.9985417868279333,04_petrykivka_painting,02_ornek,03_bubnivka_ceramics,1,train,obj_single_cdc518ce074ec8c6,,unreviewed,unreviewed,global_cls__c10__source0p5,motif_texture_weighted_mean__c10__source0p5,texture_weighted_mean,10.0,True,0.00037638663099158064,0.000507160900575865,0.0004264194220065864,0.9985417868279333,0.00014824621849263367
img_891d86a4dd3518cb,selection_conditional_full_development_oof_v4,dataset_dev/04_petrykivka_painting/194.png,04_petrykivka_painting,04_petrykivka_painting,True,0.9769809374936682,04_petrykivka_painting,02_ornek,05_kosiv_ceramics,0,train,obj_single_891d86a4dd3518cb,,unreviewed,unreviewed,global_cls__c10__source0p5,motif_texture_weighted_mean__c10__source0p5,texture_weighted_mean,10.0,True,0.0006291957805066321,0.01744018665122569,0.00016603016679654658,0.9769809374936682,0.004783649907802926
img_fe891fc1c905629b,selection_conditional_full_development_oof_v4,dataset_dev/04_petrykivka_painting/195.png,04_petrykivka_painting,04_petrykivka_painting,True,0.9913855064215981,04_petrykivka_painting,02_ornek,05_kosiv_ceramics,2,train,obj_single_fe891fc1c905629b,,unreviewed,unreviewed,global_cls__c10__source0p5,motif_texture_weighted_mean__c10__source0p5,texture_weighted_mean,10.0,True,0.0001509223935842047,0.006446537228685657,0.0004030049962059445,0.9913855064215981,0.0016140289599260692
img_35993783fd4cc510,selection_conditional_full_development_oof_v4,dataset_dev/04_petrykivka_painting/196.png,04_petrykivka_painting,04_petrykivka_painting,True,0.9991991120879795,04_petrykivka_painting,02_ornek,03_bubnivka_ceramics,0,train,obj_single_35993783fd4cc510,,unreviewed,unreviewed,global_cls__c10__source0p5,motif_texture_weighted_mean__c10__source0p5,texture_weighted_mean,10.0,True,8.854879003711066e-05,0.00037804763741790373,0.00021177208218769918,0.9991991120879795,0.00012251940237771315
img_bc94298c68793e44,selection_conditional_full_development_oof_v4,dataset_dev/04_petrykivka_painting/199.png,04_petrykivka_painting,04_petrykivka_painting,True,0.9971711348718786,04_petrykivka_painting,03_bubnivka_ceramics,02_ornek,2,train,obj_single_bc94298c68793e44,,unreviewed,unreviewed,global_cls__c10__source0p5,motif_texture_weighted_mean__c10__source0p5,texture_weighted_mean,10.0,True,2.471306941351987e-05,0.0003989943190179154,0.0022751384924627953,0.9971711348718786,0.00013001924722729445
img_8515d4a87991c252,selection_conditional_full_development_oof_v4,dataset_dev/04_petrykivka_painting/201.png,04_petrykivka_painting,04_petrykivka_painting,True,0.9615270736042026,04_petrykivka_painting,02_ornek,01_opishnyan_ceramics,3,validation,semgrp_297ad5d0229c75d3,,unreviewed,unreviewed,global_cls__c10__source0p5,motif_texture_weighted_mean__c10__source0p5,texture_weighted_mean,10.0,True,0.003599130212931143,0.03215790276921238,0.001574227311064488,0.9615270736042026,0.001141666102589388
img_c57a475c774e5f2f,selection_conditional_full_development_oof_v4,dataset_dev/04_petrykivka_painting/203.png,04_petrykivka_painting,04_petrykivka_painting,True,0.9859134004960222,04_petrykivka_painting,02_ornek,03_bubnivka_ceramics,4,train,obj_single_c57a475c774e5f2f,,unreviewed,unreviewed,global_cls__c10__source0p5,motif_texture_weighted_mean__c10__source0p5,texture_weighted_mean,10.0,True,0.0004652919412681566,0.011398288027018668,0.0011873323475526825,0.9859134004960222,0.0010356871881383263
img_a5ec0989f2ed54a7,selection_conditional_full_development_oof_v4,dataset_dev/04_petrykivka_painting/204.jpg,04_petrykivka_painting,04_petrykivka_painting,True,0.9578420881809294,04_petrykivka_painting,02_ornek,05_kosiv_ceramics,4,train,obj_single_a5ec0989f2ed54a7,,unreviewed,unreviewed,global_cls__c10__source0p5,motif_texture_weighted_mean__c10__source0p5,texture_weighted_mean,10.0,True,0.0005743650739470895,0.023726252490473606,0.0004391354879665866,0.9578420881809294,0.01741815876668344
img_d84bd8c5022f368f,selection_conditional_full_development_oof_v4,dataset_dev/04_petrykivka_painting/207.jpg,04_petrykivka_painting,04_petrykivka_painting,True,0.9637395233558055,04_petrykivka_painting,02_ornek,03_bubnivka_ceramics,3,validation,semgrp_297ad5d0229c75d3,,unreviewed,unreviewed,global_cls__c10__source0p5,motif_texture_weighted_mean__c10__source0p5,texture_weighted_mean,10.0,True,0.002530943307711995,0.028781689569133708,0.0038231901731443727,0.9637395233558055,0.0011246535942043981
img_841a9b229266a530,selection_conditional_full_development_oof_v4,dataset_dev/04_petrykivka_painting/208.jpg,04_petrykivka_painting,04_petrykivka_painting,True,0.9950551003202908,04_petrykivka_painting,02_ornek,05_kosiv_ceramics,3,validation,semgrp_ec4c1e3160283890,,unreviewed,unreviewed,global_cls__c10__source0p5,motif_texture_weighted_mean__c10__source0p5,texture_weighted_mean,10.0,True,0.00030720409518389266,0.00400558448536858,0.00010240383522053266,0.9950551003202908,0.0005297072639361854
img_310ff1d6ef5cfacd,selection_conditional_full_development_oof_v4,dataset_dev/04_petrykivka_painting/209.jpg,04_petrykivka_painting,04_petrykivka_painting,True,0.9765991269310631,04_petrykivka_painting,02_ornek,05_kosiv_ceramics,1,train,obj_single_310ff1d6ef5cfacd,,unreviewed,unreviewed,global_cls__c10__source0p5,motif_texture_weighted_mean__c10__source0p5,texture_weighted_mean,10.0,True,0.0006820790186462402,0.0182728660393301,0.0008334062958328625,0.9765991269310631,0.0036125217151277257
img_460fb755e4108d39,selection_conditional_full_development_oof_v4,dataset_dev/04_petrykivka_painting/213.jpg,04_petrykivka_painting,04_petrykivka_painting,True,0.9982274987073183,04_petrykivka_painting,01_opishnyan_ceramics,02_ornek,4,train,obj_single_460fb755e4108d39,,unreviewed,unreviewed,global_cls__c10__source0p5,motif_texture_weighted_mean__c10__source0p5,texture_weighted_mean,10.0,True,0.0008742149608855257,0.0007707977423837508,5.793445814033916e-05,0.9982274987073183,6.955413127223407e-05
img_7cdd212cc04df9da,selection_conditional_full_development_oof_v4,dataset_dev/04_petrykivka_painting/214.jpg,04_petrykivka_painting,04_petrykivka_painting,True,0.999204974221644,04_petrykivka_painting,01_opishnyan_ceramics,03_bubnivka_ceramics,4,train,obj_single_7cdd212cc04df9da,,unreviewed,unreviewed,global_cls__c10__source0p5,motif_texture_weighted_mean__c10__source0p5,texture_weighted_mean,10.0,True,0.00047858804685578277,0.00010802150127353562,0.00019877986247544298,0.999204974221644,9.63636775133061e-06
img_9e4a5c341b2837d8,selection_conditional_full_development_oof_v4,dataset_dev/04_petrykivka_painting/215.jpg,04_petrykivka_painting,04_petrykivka_painting,True,0.9985833900442337,04_petrykivka_painting,02_ornek,01_opishnyan_ceramics,2,train,obj_single_9e4a5c341b2837d8,,unreviewed,unreviewed,global_cls__c10__source0p5,motif_texture_weighted_mean__c10__source0p5,texture_weighted_mean,10.0,True,0.0005703241919462917,0.0006069270889899702,9.694409560877831e-05,0.9985833900442337,0.0001424145792212465
img_c738b266e51ead28,selection_conditional_full_development_oof_v4,dataset_dev/04_petrykivka_painting/216.jpg,04_petrykivka_painting,04_petrykivka_painting,True,0.9993247102045789,04_petrykivka_painting,05_kosiv_ceramics,02_ornek,3,train,obj_single_c738b266e51ead28,,unreviewed,unreviewed,global_cls__c10__source0p5,motif_texture_weighted_mean__c10__source0p5,texture_weighted_mean,10.0,True,8.125658870370344e-05,8.439724079162782e-05,3.0173062192550247e-05,0.9993247102045789,0.0004794629037331877
img_9cc907346274a418,selection_conditional_full_development_oof_v4,dataset_dev/04_petrykivka_painting/218.jpg,04_petrykivka_painting,04_petrykivka_painting,True,0.9995408557315119,04_petrykivka_painting,02_ornek,01_opishnyan_ceramics,2,train,obj_single_9cc907346274a418,,unreviewed,unreviewed,global_cls__c10__source0p5,motif_texture_weighted_mean__c10__source0p5,texture_weighted_mean,10.0,True,0.00012826245828152297,0.00021467058906312494,8.947699090828921e-05,0.9995408557315119,2.673423023523882e-05
img_f9b735b50750a202,selection_conditional_full_development_oof_v4,dataset_dev/04_petrykivka_painting/219.jpg,04_petrykivka_painting,04_petrykivka_painting,True,0.995310863533891,04_petrykivka_painting,02_ornek,01_opishnyan_ceramics,3,train,obj_single_f9b735b50750a202,,unreviewed,unreviewed,global_cls__c10__source0p5,motif_texture_weighted_mean__c10__source0p5,texture_weighted_mean,10.0,True,0.00015323768572144777,0.00440481374286512,3.900505956002724e-05,0.995310863533891,9.207997796240977e-05
img_2463b67feb19bb5f,selection_conditional_full_development_oof_v4,dataset_dev/04_petrykivka_painting/221.jpg,04_petrykivka_painting,04_petrykivka_painting,True,0.9996386484599138,04_petrykivka_painting,03_bubnivka_ceramics,01_opishnyan_ceramics,1,train,obj_single_2463b67feb19bb5f,,unreviewed,unreviewed,global_cls__c10__source0p5,motif_texture_weighted_mean__c10__source0p5,texture_weighted_mean,10.0,True,6.336426709261074e-05,5.12533775494729e-05,0.0001838457427431593,0.9996386484599138,6.288815270093993e-05
img_643782600742890b,selection_conditional_full_development_oof_v4,dataset_dev/04_petrykivka_painting/222.jpg,04_petrykivka_painting,04_petrykivka_painting,True,0.9983567797636017,04_petrykivka_painting,02_ornek,03_bubnivka_ceramics,0,train,obj_single_643782600742890b,,unreviewed,unreviewed,global_cls__c10__source0p5,motif_texture_weighted_mean__c10__source0p5,texture_weighted_mean,10.0,True,8.656479286454314e-05,0.0008590011753170992,0.0006753362430670893,0.9983567797636017,2.2318025149618454e-05
img_01846c4485488e98,selection_conditional_full_development_oof_v4,dataset_dev/04_petrykivka_painting/224.jpg,04_petrykivka_painting,04_petrykivka_painting,True,0.9991834627452639,04_petrykivka_painting,01_opishnyan_ceramics,05_kosiv_ceramics,2,train,obj_single_01846c4485488e98,,unreviewed,unreviewed,global_cls__c10__source0p5,motif_texture_weighted_mean__c10__source0p5,texture_weighted_mean,10.0,True,0.0005085019647781998,0.00010670042796200197,2.197272243576261e-05,0.9991834627452639,0.0001793621395599717
img_3649822e616075f3,selection_conditional_full_development_oof_v4,dataset_dev/04_petrykivka_painting/225.jpg,04_petrykivka_painting,04_petrykivka_painting,True,0.9965108551214577,04_petrykivka_painting,02_ornek,05_kosiv_ceramics,4,train,obj_single_3649822e616075f3,,unreviewed,unreviewed,global_cls__c10__source0p5,motif_texture_weighted_mean__c10__source0p5,texture_weighted_mean,10.0,True,0.0007957884473541689,0.00116652624818443,0.0006087253066417915,0.9965108551214577,0.0009181048763620606
img_23e846f6613d9a4a,selection_conditional_full_development_oof_v4,dataset_dev/04_petrykivka_painting/227.jpg,04_petrykivka_painting,04_petrykivka_painting,True,0.9930541668606544,04_petrykivka_painting,02_ornek,01_opishnyan_ceramics,1,train,obj_single_23e846f6613d9a4a,,unreviewed,unreviewed,global_cls__c10__source0p5,motif_texture_weighted_mean__c10__source0p5,texture_weighted_mean,10.0,True,0.0018580562903037947,0.004911788714097312,1.8712129351696942e-05,0.9930541668606544,0.0001572760055929156
img_c5d53d56f8ccc8c2,selection_conditional_full_development_oof_v4,dataset_dev/04_petrykivka_painting/228.jpg,04_petrykivka_painting,04_petrykivka_painting,True,0.9991671848828475,04_petrykivka_painting,02_ornek,03_bubnivka_ceramics,2,train,obj_single_c5d53d56f8ccc8c2,,unreviewed,unreviewed,global_cls__c10__source0p5,motif_texture_weighted_mean__c10__source0p5,texture_weighted_mean,10.0,True,3.977546117478618e-05,0.0006624696982750699,0.00010771852798391618,0.9991671848828475,2.28514297188315e-05
img_b59a02f8f01e38f9,selection_conditional_full_development_oof_v4,dataset_dev/04_petrykivka_painting/231.jpg,04_petrykivka_painting,04_petrykivka_painting,True,0.9984447822180803,04_petrykivka_painting,02_ornek,05_kosiv_ceramics,3,train,obj_single_b59a02f8f01e38f9,,unreviewed,unreviewed,global_cls__c10__source0p5,motif_texture_weighted_mean__c10__source0p5,texture_weighted_mean,10.0,True,0.00023558464096237562,0.0007192589447480873,0.0002373862849857398,0.9984447822180803,0.0003629879112234152
img_13b22c98275faa07,selection_conditional_full_development_oof_v4,dataset_dev/04_petrykivka_painting/234.jpg,04_petrykivka_painting,04_petrykivka_painting,True,0.9987916477815522,04_petrykivka_painting,02_ornek,01_opishnyan_ceramics,1,train,obj_single_13b22c98275faa07,,unreviewed,unreviewed,global_cls__c10__source0p5,motif_texture_weighted_mean__c10__source0p5,texture_weighted_mean,10.0,True,0.00016610085529252647,0.000945350487308648,6.97339638876082e-05,0.9987916477815522,2.7166911958903637e-05
img_cb5dbccb92c5d3e1,selection_conditional_full_development_oof_v4,dataset_dev/04_petrykivka_painting/236.jpg,04_petrykivka_painting,04_petrykivka_painting,True,0.9975000277892222,04_petrykivka_painting,02_ornek,01_opishnyan_ceramics,0,train,obj_single_cb5dbccb92c5d3e1,,unreviewed,unreviewed,global_cls__c10__source0p5,motif_texture_weighted_mean__c10__source0p5,texture_weighted_mean,10.0,True,0.0006599660431544319,0.0015506198787032703,6.486243035473444e-05,0.9975000277892222,0.00022452385856547093
img_9c14b4dfa1d480a2,selection_conditional_full_development_oof_v4,dataset_dev/04_petrykivka_painting/238.jpg,04_petrykivka_painting,04_petrykivka_painting,True,0.9617533544767944,04_petrykivka_painting,02_ornek,01_opishnyan_ceramics,0,train,obj_single_9c14b4dfa1d480a2,,unreviewed,unreviewed,global_cls__c10__source0p5,motif_texture_weighted_mean__c10__source0p5,texture_weighted_mean,10.0,True,0.0045945799964322714,0.030757273005687858,0.0014331014393676436,0.9617533544767944,0.0014616910817178833
img_b391139d74a29015,selection_conditional_full_development_oof_v4,dataset_dev/04_petrykivka_painting/239.jpg,04_petrykivka_painting,04_petrykivka_painting,True,0.9981243088434208,04_petrykivka_painting,02_ornek,03_bubnivka_ceramics,4,train,obj_single_b391139d74a29015,,unreviewed,unreviewed,global_cls__c10__source0p5,motif_texture_weighted_mean__c10__source0p5,texture_weighted_mean,10.0,True,6.12183985765687e-05,0.0014385007702411487,0.0002891775929173268,0.9981243088434208,8.679439484395507e-05
img_1aceddceac2fc9a0,selection_conditional_full_development_oof_v4,dataset_dev/04_petrykivka_painting/240.jpg,04_petrykivka_painting,04_petrykivka_painting,True,0.990641900339282,04_petrykivka_painting,02_ornek,01_opishnyan_ceramics,2,train,obj_single_1aceddceac2fc9a0,,unreviewed,unreviewed,global_cls__c10__source0p5,motif_texture_weighted_mean__c10__source0p5,texture_weighted_mean,10.0,True,0.0005127230003058186,0.008268113238976603,0.0003760884449058201,0.990641900339282,0.0002011749765299133
img_99f7a8834fa81622,selection_conditional_full_development_oof_v4,dataset_dev/04_petrykivka_painting/241.jpg,04_petrykivka_painting,04_petrykivka_painting,True,0.9948236491781003,04_petrykivka_painting,02_ornek,05_kosiv_ceramics,4,train,obj_single_99f7a8834fa81622,,unreviewed,unreviewed,global_cls__c10__source0p5,motif_texture_weighted_mean__c10__source0p5,texture_weighted_mean,10.0,True,5.752952552340462e-05,0.005022149238489967,1.9135030526992466e-05,0.9948236491781003,7.753702735953657e-05
img_620c7356e590c7c3,selection_conditional_full_development_oof_v4,dataset_dev/04_petrykivka_painting/243.jpg,04_petrykivka_painting,04_petrykivka_painting,True,0.9804335405248755,04_petrykivka_painting,02_ornek,05_kosiv_ceramics,3,train,obj_single_620c7356e590c7c3,,unreviewed,unreviewed,global_cls__c10__source0p5,motif_texture_weighted_mean__c10__source0p5,texture_weighted_mean,10.0,True,0.00011407249693007467,0.014423196115948875,0.0005824381741212304,0.9804335405248755,0.004446752688124221
img_91d080f3c42d3140,selection_conditional_full_development_oof_v4,dataset_dev/04_petrykivka_painting/244.jpg,04_petrykivka_painting,04_petrykivka_painting,True,0.9698696470171007,04_petrykivka_painting,02_ornek,05_kosiv_ceramics,0,train,obj_single_91d080f3c42d3140,,unreviewed,unreviewed,global_cls__c10__source0p5,motif_texture_weighted_mean__c10__source0p5,texture_weighted_mean,10.0,True,0.00030906746345800293,0.029251886132600102,0.0001422106531657969,0.9698696470171007,0.0004271887336755834
img_1e91bb7f2bf843d0,selection_conditional_full_development_oof_v4,dataset_dev/04_petrykivka_painting/245.jpg,04_petrykivka_painting,04_petrykivka_painting,True,0.9984382780569834,04_petrykivka_painting,02_ornek,03_bubnivka_ceramics,4,train,obj_single_1e91bb7f2bf843d0,,unreviewed,unreviewed,global_cls__c10__source0p5,motif_texture_weighted_mean__c10__source0p5,texture_weighted_mean,10.0,True,7.569999918445799e-05,0.0011819655275895193,0.0002688129386818588,0.9984382780569834,3.5243477560751064e-05
img_bde04633cd70eef5,selection_conditional_full_development_oof_v4,dataset_dev/04_petrykivka_painting/247.jpg,04_petrykivka_painting,04_petrykivka_painting,True,0.9948024154541151,04_petrykivka_painting,02_ornek,03_bubnivka_ceramics,4,train,obj_single_bde04633cd70eef5,,unreviewed,unreviewed,global_cls__c10__source0p5,motif_texture_weighted_mean__c10__source0p5,texture_weighted_mean,10.0,True,0.0003649365226804094,0.003601307718444561,0.0008804782822046875,0.9948024154541151,0.00035086202255519417
img_8b5b87d9267b4072,selection_conditional_full_development_oof_v4,dataset_dev/04_petrykivka_painting/248.jpg,04_petrykivka_painting,04_petrykivka_painting,True,0.9989794558157739,04_petrykivka_painting,05_kosiv_ceramics,01_opishnyan_ceramics,0,train,obj_single_8b5b87d9267b4072,,unreviewed,unreviewed,global_cls__c10__source0p5,motif_texture_weighted_mean__c10__source0p5,texture_weighted_mean,10.0,True,0.0003142311516934508,0.00026097811104524026,5.05099222228122e-06,0.9989794558157739,0.000440283929265171
img_51d742815442bd6b,selection_conditional_full_development_oof_v4,dataset_dev/04_petrykivka_painting/250.jpg,04_petrykivka_painting,04_petrykivka_painting,True,0.9998329697136085,04_petrykivka_painting,02_ornek,05_kosiv_ceramics,4,train,obj_single_51d742815442bd6b,,unreviewed,unreviewed,global_cls__c10__source0p5,motif_texture_weighted_mean__c10__source0p5,texture_weighted_mean,10.0,True,4.489733759896373e-05,6.1032037885834573e-05,1.1298749545132658e-05,0.9998329697136085,4.980216136157301e-05
img_20e6d6b2c2774782,selection_conditional_full_development_oof_v4,dataset_dev/04_petrykivka_painting/252.jpg,04_petrykivka_painting,02_ornek,False,0.7653370667048027,02_ornek,04_petrykivka_painting,03_bubnivka_ceramics,3,validation,srcgrp_64933052340ae2fe,src_global_pet_gold_x_watermark,unreviewed,unreviewed,global_cls__c10__source0p5,motif_texture_weighted_mean__c10__source0p5,texture_weighted_mean,10.0,True,0.0026221834493152006,0.7653370667048027,0.007749849022934621,0.2195755158462763,0.004715384976671082
img_011f7d62c38f4ff2,selection_conditional_full_development_oof_v4,dataset_dev/04_petrykivka_painting/253.jpg,04_petrykivka_painting,04_petrykivka_painting,True,0.6829510346584429,04_petrykivka_painting,02_ornek,05_kosiv_ceramics,3,validation,srcgrp_64933052340ae2fe,src_global_pet_gold_x_watermark,unreviewed,unreviewed,global_cls__c10__source0p5,motif_texture_weighted_mean__c10__source0p5,texture_weighted_mean,10.0,True,0.0011824410861962745,0.25777904276466995,0.008713878752470167,0.6829510346584429,0.04937360273822085
img_fef7160191e032d1,selection_conditional_full_development_oof_v4,dataset_dev/04_petrykivka_painting/254.jpg,04_petrykivka_painting,04_petrykivka_painting,True,0.8622299216520657,04_petrykivka_painting,02_ornek,05_kosiv_ceramics,3,validation,srcgrp_64933052340ae2fe,src_global_pet_gold_x_watermark,unreviewed,unreviewed,global_cls__c10__source0p5,motif_texture_weighted_mean__c10__source0p5,texture_weighted_mean,10.0,True,0.0038273795345328274,0.10168818308575939,0.01134522044388049,0.8622299216520657,0.02090929528376162
img_b468235ba477a956,selection_conditional_full_development_oof_v4,dataset_dev/04_petrykivka_painting/256.jpg,04_petrykivka_painting,04_petrykivka_painting,True,0.773514223848355,04_petrykivka_painting,05_kosiv_ceramics,02_ornek,3,validation,srcgrp_64933052340ae2fe,src_global_pet_gold_x_watermark,unreviewed,unreviewed,global_cls__c10__source0p5,motif_texture_weighted_mean__c10__source0p5,texture_weighted_mean,10.0,True,0.003699768106686671,0.018526690638305997,0.0024782792308706207,0.773514223848355,0.2017810381757817
img_6c8b37830476211a,selection_conditional_full_development_oof_v4,dataset_dev/04_petrykivka_painting/258.jpg,04_petrykivka_painting,04_petrykivka_painting,True,0.9913862815510162,04_petrykivka_painting,05_kosiv_ceramics,03_bubnivka_ceramics,3,validation,srcgrp_64933052340ae2fe,src_global_pet_gold_x_watermark,unreviewed,unreviewed,global_cls__c10__source0p5,motif_texture_weighted_mean__c10__source0p5,texture_weighted_mean,10.0,True,0.0014164709966074866,0.0013989332524571164,0.002465153313813253,0.9913862815510162,0.003333160886106207
img_3546c7f4ae9df4ed,selection_conditional_full_development_oof_v4,dataset_dev/04_petrykivka_painting/259.jpg,04_petrykivka_painting,05_kosiv_ceramics,False,0.5309865121955647,05_kosiv_ceramics,04_petrykivka_painting,02_ornek,3,validation,srcgrp_64933052340ae2fe,src_global_pet_gold_x_watermark,unreviewed,unreviewed,global_cls__c10__source0p5,motif_texture_weighted_mean__c10__source0p5,texture_weighted_mean,10.0,True,0.0050455783065448045,0.09448697820527427,0.0018016501619244967,0.36767928113069176,0.5309865121955647
img_bf12c71541a8c816,selection_conditional_full_development_oof_v4,dataset_dev/04_petrykivka_painting/262.jpg,04_petrykivka_painting,04_petrykivka_painting,True,0.9909940781258071,04_petrykivka_painting,05_kosiv_ceramics,02_ornek,3,validation,srcgrp_64933052340ae2fe,src_global_pet_gold_x_watermark,unreviewed,unreviewed,global_cls__c10__source0p5,motif_texture_weighted_mean__c10__source0p5,texture_weighted_mean,10.0,True,0.0004615127625264698,0.003550438276506147,0.0001364345483654422,0.9909940781258071,0.004857536286794786
img_89ba160cbfff60fa,selection_conditional_full_development_oof_v4,dataset_dev/04_petrykivka_painting/263.jpg,04_petrykivka_painting,02_ornek,False,0.5307756016322319,02_ornek,04_petrykivka_painting,05_kosiv_ceramics,3,validation,srcgrp_64933052340ae2fe,src_global_pet_gold_x_watermark,unreviewed,unreviewed,global_cls__c10__source0p5,motif_texture_weighted_mean__c10__source0p5,texture_weighted_mean,10.0,True,0.009417155952630502,0.5307756016322319,0.03366266135336713,0.3086008975189288,0.11754368354284163
img_be9774a16fd4ddb1,selection_conditional_full_development_oof_v4,dataset_dev/04_petrykivka_painting/265.jpg,04_petrykivka_painting,04_petrykivka_painting,True,0.507640963226987,04_petrykivka_painting,02_ornek,03_bubnivka_ceramics,3,validation,srcgrp_64933052340ae2fe,src_global_pet_gold_x_watermark,unreviewed,unreviewed,global_cls__c10__source0p5,motif_texture_weighted_mean__c10__source0p5,texture_weighted_mean,10.0,True,0.002577445804908109,0.4489571498355571,0.035305623304532394,0.507640963226987,0.005518817828015268
img_7f57aba79b0fe226,selection_conditional_full_development_oof_v4,dataset_dev/04_petrykivka_painting/267.jpg,04_petrykivka_painting,04_petrykivka_painting,True,0.870182543942546,04_petrykivka_painting,05_kosiv_ceramics,02_ornek,3,validation,srcgrp_64933052340ae2fe,src_global_pet_gold_x_watermark,unreviewed,unreviewed,global_cls__c10__source0p5,motif_texture_weighted_mean__c10__source0p5,texture_weighted_mean,10.0,True,0.002769154312924317,0.052066658652032256,0.00466533464732508,0.870182543942546,0.07031630844517232
img_5299314629f95b4d,selection_conditional_full_development_oof_v4,dataset_dev/04_petrykivka_painting/268.jpg,04_petrykivka_painting,04_petrykivka_painting,True,0.8850171882741557,04_petrykivka_painting,05_kosiv_ceramics,02_ornek,3,validation,srcgrp_64933052340ae2fe,src_global_pet_gold_x_watermark,unreviewed,unreviewed,global_cls__c10__source0p5,motif_texture_weighted_mean__c10__source0p5,texture_weighted_mean,10.0,True,0.0015873579422300158,0.008831504139342403,0.0006078522223270095,0.8850171882741557,0.1039560974219448
img_0675030f34272e1c,selection_conditional_full_development_oof_v4,dataset_dev/04_petrykivka_painting/313.png,04_petrykivka_painting,04_petrykivka_painting,True,0.9970370923694721,04_petrykivka_painting,03_bubnivka_ceramics,02_ornek,3,train,obj_single_0675030f34272e1c,,unreviewed,unreviewed,global_cls__c10__source0p5,motif_texture_weighted_mean__c10__source0p5,texture_weighted_mean,10.0,True,0.0005935574057316534,0.0008332004323369933,0.0011552675681011128,0.9970370923694721,0.0003808822243582283
img_8163df442a3fdbb4,selection_conditional_full_development_oof_v4,dataset_dev/04_petrykivka_painting/314.png,04_petrykivka_painting,04_petrykivka_painting,True,0.9995045322833201,04_petrykivka_painting,05_kosiv_ceramics,02_ornek,4,train,obj_single_8163df442a3fdbb4,,unreviewed,unreviewed,global_cls__c10__source0p5,motif_texture_weighted_mean__c10__source0p5,texture_weighted_mean,10.0,True,5.772485164491418e-05,0.00014568377543044318,2.1496391368881715e-05,0.9995045322833201,0.0002705626982355215
img_9e354c797023ffe0,selection_conditional_full_development_oof_v4,dataset_dev/04_petrykivka_painting/316.png,04_petrykivka_painting,04_petrykivka_painting,True,0.9992721685325769,04_petrykivka_painting,02_ornek,01_opishnyan_ceramics,0,train,obj_single_9e354c797023ffe0,,unreviewed,unreviewed,global_cls__c10__source0p5,motif_texture_weighted_mean__c10__source0p5,texture_weighted_mean,10.0,True,0.00019679130988297598,0.0002728751894992531,0.00017591986786271506,0.9992721685325769,8.224510017816918e-05
img_3e046b6bd356ca42,selection_conditional_full_development_oof_v4,dataset_dev/04_petrykivka_painting/317.jpg,04_petrykivka_painting,04_petrykivka_painting,True,0.9983829690974789,04_petrykivka_painting,02_ornek,05_kosiv_ceramics,1,train,obj_single_3e046b6bd356ca42,,unreviewed,unreviewed,global_cls__c10__source0p5,motif_texture_weighted_mean__c10__source0p5,texture_weighted_mean,10.0,True,6.259650174136527e-05,0.0012261544765828905,0.0001553351724654937,0.9983829690974789,0.00017294475173132052
img_5399d72a01569c4f,selection_conditional_full_development_oof_v4,dataset_dev/04_petrykivka_painting/319.jpg,04_petrykivka_painting,04_petrykivka_painting,True,0.7469584263554703,04_petrykivka_painting,05_kosiv_ceramics,02_ornek,1,train,obj_single_5399d72a01569c4f,,unreviewed,unreviewed,global_cls__c10__source0p5,motif_texture_weighted_mean__c10__source0p5,texture_weighted_mean,10.0,True,0.000421772717692737,0.12240050325691627,0.004618821120150659,0.7469584263554703,0.12560047654977002
img_af9cc7745fa4fede,selection_conditional_full_development_oof_v4,dataset_test/04_petrykivka_painting/011.jpg,04_petrykivka_painting,04_petrykivka_painting,True,0.9968853100944494,04_petrykivka_painting,05_kosiv_ceramics,01_opishnyan_ceramics,4,train,obj_single_af9cc7745fa4fede,,unreviewed,unreviewed,global_cls__c10__source0p5,motif_texture_weighted_mean__c10__source0p5,texture_weighted_mean,10.0,True,0.0011855915510972444,0.00047843840331436105,0.0002021181907591619,0.9968853100944494,0.001248541760379819
img_351efbc56785c78f,selection_conditional_full_development_oof_v4,dataset_test/04_petrykivka_painting/017.jpg,04_petrykivka_painting,04_petrykivka_painting,True,0.963418891076056,04_petrykivka_painting,01_opishnyan_ceramics,02_ornek,0,train,obj_single_351efbc56785c78f,,unreviewed,unreviewed,global_cls__c10__source0p5,motif_texture_weighted_mean__c10__source0p5,texture_weighted_mean,10.0,True,0.022340749425084166,0.013427780699971631,0.0006937546048772581,0.963418891076056,0.00011882419401083863
img_83563b693dbb1806,selection_conditional_full_development_oof_v4,dataset_test/04_petrykivka_painting/022.jpg,04_petrykivka_painting,04_petrykivka_painting,True,0.9993559098560323,04_petrykivka_painting,05_kosiv_ceramics,02_ornek,0,train,obj_single_83563b693dbb1806,,unreviewed,unreviewed,global_cls__c10__source0p5,motif_texture_weighted_mean__c10__source0p5,texture_weighted_mean,10.0,True,0.00013798549245092986,0.00015193773574062087,0.0001233202904516382,0.9993559098560323,0.00023084662532448178
img_bc83b64a2a99b846,selection_conditional_full_development_oof_v4,dataset_test/04_petrykivka_painting/025.jpg,04_petrykivka_painting,04_petrykivka_painting,True,0.998860416523863,04_petrykivka_painting,02_ornek,01_opishnyan_ceramics,0,train,obj_single_bc83b64a2a99b846,,unreviewed,unreviewed,global_cls__c10__source0p5,motif_texture_weighted_mean__c10__source0p5,texture_weighted_mean,10.0,True,0.00035447275783428566,0.0004136677981722331,0.00012532736790106663,0.998860416523863,0.0002461155522294399
img_4d21a696da1d6948,selection_conditional_full_development_oof_v4,dataset_test/04_petrykivka_painting/029.jpeg,04_petrykivka_painting,04_petrykivka_painting,True,0.8036260325419422,04_petrykivka_painting,02_ornek,05_kosiv_ceramics,4,train,obj_single_4d21a696da1d6948,,unreviewed,unreviewed,global_cls__c10__source0p5,motif_texture_weighted_mean__c10__source0p5,texture_weighted_mean,10.0,True,0.001822386146707097,0.14711297379038282,0.00555445100280851,0.8036260325419422,0.0418841565181592
img_1165d3cb962c94b0,selection_conditional_full_development_oof_v4,dataset_test/04_petrykivka_painting/031.jpg,04_petrykivka_painting,04_petrykivka_painting,True,0.9995612509920445,04_petrykivka_painting,05_kosiv_ceramics,02_ornek,1,train,obj_single_1165d3cb962c94b0,,unreviewed,unreviewed,global_cls__c10__source0p5,motif_texture_weighted_mean__c10__source0p5,texture_weighted_mean,10.0,True,9.617021446668014e-05,0.00012251465341408833,4.459222719725293e-05,0.9995612509920445,0.0001754719128775962
img_4abf99329b12016d,selection_conditional_full_development_oof_v4,dataset_test/04_petrykivka_painting/034.jpg,04_petrykivka_painting,04_petrykivka_painting,True,0.6696545815593399,04_petrykivka_painting,05_kosiv_ceramics,01_opishnyan_ceramics,4,train,obj_single_4abf99329b12016d,,unreviewed,unreviewed,global_cls__c10__source0p5,motif_texture_weighted_mean__c10__source0p5,texture_weighted_mean,10.0,True,0.010305048747564898,0.00484753734246488,0.000531465880783752,0.6696545815593399,0.31466136646984666
img_ba4003d3ce1e99f2,selection_conditional_full_development_oof_v4,dataset_test/04_petrykivka_painting/035.jpg,04_petrykivka_painting,04_petrykivka_painting,True,0.98975852533348,04_petrykivka_painting,02_ornek,05_kosiv_ceramics,2,train,obj_single_ba4003d3ce1e99f2,,unreviewed,unreviewed,global_cls__c10__source0p5,motif_texture_weighted_mean__c10__source0p5,texture_weighted_mean,10.0,True,0.0006014531104780254,0.00864731634343614,0.00011267117746939494,0.98975852533348,0.0008800340351365581
img_39e3ca4645ec31f8,selection_conditional_full_development_oof_v4,dataset_test/04_petrykivka_painting/037.jpg,04_petrykivka_painting,04_petrykivka_painting,True,0.9786886276406362,04_petrykivka_painting,05_kosiv_ceramics,01_opishnyan_ceramics,1,validation,obj_single_39e3ca4645ec31f8,,unreviewed,unreviewed,global_cls__c10__source0p5,motif_texture_weighted_mean__c10__source0p5,texture_weighted_mean,10.0,True,0.001683944705084128,0.0005150802435071462,0.0007026673123335891,0.9786886276406362,0.018409680098438946
img_069c9c71b4433e55,selection_conditional_full_development_oof_v4,dataset_test/04_petrykivka_painting/041.jpg,04_petrykivka_painting,04_petrykivka_painting,True,0.991500770854034,04_petrykivka_painting,02_ornek,03_bubnivka_ceramics,1,train,obj_single_069c9c71b4433e55,,unreviewed,unreviewed,global_cls__c10__source0p5,motif_texture_weighted_mean__c10__source0p5,texture_weighted_mean,10.0,True,0.00010605540769024246,0.007596633590400267,0.0006189722898802347,0.991500770854034,0.00017756785799523994
img_c412839081011455,selection_conditional_full_development_oof_v4,dataset_test/04_petrykivka_painting/051.jpg,04_petrykivka_painting,04_petrykivka_painting,True,0.9907238410356394,04_petrykivka_painting,02_ornek,03_bubnivka_ceramics,1,train,obj_single_c412839081011455,,unreviewed,unreviewed,global_cls__c10__source0p5,motif_texture_weighted_mean__c10__source0p5,texture_weighted_mean,10.0,True,0.0018490360496120804,0.004138094333982169,0.003031606954680426,0.9907238410356394,0.0002574216260857942
img_eb9eb41a5ae5e1fd,selection_conditional_full_development_oof_v4,dataset_test/04_petrykivka_painting/057.jpg,04_petrykivka_painting,04_petrykivka_painting,True,0.9979090399822235,04_petrykivka_painting,02_ornek,01_opishnyan_ceramics,0,train,obj_single_eb9eb41a5ae5e1fd,,unreviewed,unreviewed,global_cls__c10__source0p5,motif_texture_weighted_mean__c10__source0p5,texture_weighted_mean,10.0,True,0.00037912977464291955,0.0013241648644430812,0.00032372927740492746,0.9979090399822235,6.393610128563487e-05
img_17d31d8839bf9b7c,selection_conditional_full_development_oof_v4,dataset_test/04_petrykivka_painting/061.jpg,04_petrykivka_painting,04_petrykivka_painting,True,0.9972564841627003,04_petrykivka_painting,02_ornek,05_kosiv_ceramics,0,train,obj_single_17d31d8839bf9b7c,,unreviewed,unreviewed,global_cls__c10__source0p5,motif_texture_weighted_mean__c10__source0p5,texture_weighted_mean,10.0,True,0.0002843297844403443,0.0016457730039348667,0.00027282486410657965,0.9972564841627003,0.000540588184818041
img_6123652e968a36f1,selection_conditional_full_development_oof_v4,dataset_test/04_petrykivka_painting/064.jpg,04_petrykivka_painting,04_petrykivka_painting,True,0.9827706806016787,04_petrykivka_painting,05_kosiv_ceramics,02_ornek,1,train,obj_single_6123652e968a36f1,,unreviewed,unreviewed,global_cls__c10__source0p5,motif_texture_weighted_mean__c10__source0p5,texture_weighted_mean,10.0,True,0.00045864937504894626,0.0055080077030588625,0.0007408240945548105,0.9827706806016787,0.010521838225658725
img_ea1685a1cc6b328c,selection_conditional_full_development_oof_v4,dataset_test/04_petrykivka_painting/067.jpg,04_petrykivka_painting,04_petrykivka_painting,True,0.9664379381739447,04_petrykivka_painting,02_ornek,05_kosiv_ceramics,4,train,obj_single_ea1685a1cc6b328c,,unreviewed,unreviewed,global_cls__c10__source0p5,motif_texture_weighted_mean__c10__source0p5,texture_weighted_mean,10.0,True,6.090771525302221e-05,0.03058212409348832,1.862741710816637e-05,0.9664379381739447,0.0029004026002057578
img_e5833d6abd348b52,selection_conditional_full_development_oof_v4,dataset_test/04_petrykivka_painting/071.jpg,04_petrykivka_painting,04_petrykivka_painting,True,0.9866182341477037,04_petrykivka_painting,05_kosiv_ceramics,02_ornek,1,train,obj_single_e5833d6abd348b52,,unreviewed,unreviewed,global_cls__c10__source0p5,motif_texture_weighted_mean__c10__source0p5,texture_weighted_mean,10.0,True,0.0011187638462634023,0.005322344121490339,0.0004527958088235484,0.9866182341477037,0.006487862075719073
img_a0fcd0d5cf7644ea,selection_conditional_full_development_oof_v4,dataset_test/04_petrykivka_painting/075.jpg,04_petrykivka_painting,04_petrykivka_painting,True,0.9995178670111756,04_petrykivka_painting,02_ornek,05_kosiv_ceramics,2,validation,obj_single_a0fcd0d5cf7644ea,,unreviewed,unreviewed,global_cls__c10__source0p5,motif_texture_weighted_mean__c10__source0p5,texture_weighted_mean,10.0,True,5.7912511049072205e-05,0.00029441258680665825,1.9977664419113415e-05,0.9995178670111756,0.00010983022654961641
img_f58b5ff8a8a1ef77,selection_conditional_full_development_oof_v4,dataset_test/04_petrykivka_painting/079.jpg,04_petrykivka_painting,04_petrykivka_painting,True,0.9997231089880599,04_petrykivka_painting,05_kosiv_ceramics,02_ornek,2,train,obj_single_f58b5ff8a8a1ef77,,unreviewed,unreviewed,global_cls__c10__source0p5,motif_texture_weighted_mean__c10__source0p5,texture_weighted_mean,10.0,True,4.677309769862932e-05,8.01417410789996e-05,4.580141412658436e-07,0.9997231089880599,0.0001495181590211773
img_6c696e0769b90531,selection_conditional_full_development_oof_v4,dataset_test/04_petrykivka_painting/081.jpg,04_petrykivka_painting,04_petrykivka_painting,True,0.991024927237876,04_petrykivka_painting,02_ornek,05_kosiv_ceramics,2,train,obj_single_6c696e0769b90531,,unreviewed,unreviewed,global_cls__c10__source0p5,motif_texture_weighted_mean__c10__source0p5,texture_weighted_mean,10.0,True,7.664059051157627e-05,0.007190610175011771,0.00014833232121550018,0.991024927237876,0.0015594896753851192
img_688f768bd33cde11,selection_conditional_full_development_oof_v4,dataset_test/04_petrykivka_painting/089.jpg,04_petrykivka_painting,04_petrykivka_painting,True,0.999300149917321,04_petrykivka_painting,02_ornek,03_bubnivka_ceramics,1,train,obj_single_688f768bd33cde11,,unreviewed,unreviewed,global_cls__c10__source0p5,motif_texture_weighted_mean__c10__source0p5,texture_weighted_mean,10.0,True,0.00011815668448202982,0.00026236910708628416,0.00020570294150171358,0.999300149917321,0.00011362134960889838
img_c8e963e2a21f2e42,selection_conditional_full_development_oof_v4,dataset_test/04_petrykivka_painting/090.jpg,04_petrykivka_painting,04_petrykivka_painting,True,0.9989419025613698,04_petrykivka_painting,05_kosiv_ceramics,02_ornek,2,validation,obj_single_c8e963e2a21f2e42,,unreviewed,unreviewed,global_cls__c10__source0p5,motif_texture_weighted_mean__c10__source0p5,texture_weighted_mean,10.0,True,7.450251457603818e-05,0.00010983097742256698,8.35418441333678e-05,0.9989419025613698,0.0007902221024981975
img_12c4e1f6e98f5dc3,selection_conditional_full_development_oof_v4,dataset_test/04_petrykivka_painting/094.jpg,04_petrykivka_painting,04_petrykivka_painting,True,0.9667799902896901,04_petrykivka_painting,02_ornek,05_kosiv_ceramics,3,train,obj_single_12c4e1f6e98f5dc3,,unreviewed,unreviewed,global_cls__c10__source0p5,motif_texture_weighted_mean__c10__source0p5,texture_weighted_mean,10.0,True,0.00032250672667503283,0.022094511458518446,0.0019602895925714906,0.9667799902896901,0.00884270193254509
img_1d6fd062134716c3,selection_conditional_full_development_oof_v4,dataset_test/04_petrykivka_painting/097.jpg,04_petrykivka_painting,04_petrykivka_painting,True,0.9980953948770448,04_petrykivka_painting,03_bubnivka_ceramics,01_opishnyan_ceramics,4,train,obj_single_1d6fd062134716c3,,unreviewed,unreviewed,global_cls__c10__source0p5,motif_texture_weighted_mean__c10__source0p5,texture_weighted_mean,10.0,True,0.0007171542569444767,0.00019995733573589626,0.0007748562479941081,0.9980953948770448,0.00021263728228070115
img_f29d0c28eff9f389,selection_conditional_full_development_oof_v4,dataset_test/04_petrykivka_painting/101.jpg,04_petrykivka_painting,04_petrykivka_painting,True,0.9996083829473449,04_petrykivka_painting,02_ornek,05_kosiv_ceramics,3,train,obj_single_f29d0c28eff9f389,,unreviewed,unreviewed,global_cls__c10__source0p5,motif_texture_weighted_mean__c10__source0p5,texture_weighted_mean,10.0,True,1.2263920596666982e-05,0.00032403506818081394,1.4033171270319364e-05,0.9996083829473449,4.1284892607375986e-05
img_a60f485440262983,selection_conditional_full_development_oof_v4,dataset_test/04_petrykivka_painting/103.jpg,04_petrykivka_painting,04_petrykivka_painting,True,0.9943958117606719,04_petrykivka_painting,05_kosiv_ceramics,02_ornek,1,validation,obj_single_a60f485440262983,,unreviewed,unreviewed,global_cls__c10__source0p5,motif_texture_weighted_mean__c10__source0p5,texture_weighted_mean,10.0,True,0.00046649273985433594,0.001968286571516844,0.00022258483661847131,0.9943958117606719,0.002946824091338454
img_5d6d3749caad2a3c,selection_conditional_full_development_oof_v4,dataset_test/04_petrykivka_painting/106.jpg,04_petrykivka_painting,04_petrykivka_painting,True,0.9363894895216545,04_petrykivka_painting,05_kosiv_ceramics,02_ornek,4,train,obj_single_5d6d3749caad2a3c,,unreviewed,unreviewed,global_cls__c10__source0p5,motif_texture_weighted_mean__c10__source0p5,texture_weighted_mean,10.0,True,0.004114791348477737,0.00840205236262752,0.0004302201672734159,0.9363894895216545,0.050663446599966966
img_c948aea5e7abcab5,selection_conditional_full_development_oof_v4,dataset_test/04_petrykivka_painting/111.jpg,04_petrykivka_painting,04_petrykivka_painting,True,0.9981382620970584,04_petrykivka_painting,05_kosiv_ceramics,01_opishnyan_ceramics,4,train,obj_single_c948aea5e7abcab5,,unreviewed,unreviewed,global_cls__c10__source0p5,motif_texture_weighted_mean__c10__source0p5,texture_weighted_mean,10.0,True,0.0004963077195292635,6.348736116601739e-05,7.89477750140382e-05,0.9981382620970584,0.0012229950472324505
img_07c4c1d68fe46011,selection_conditional_full_development_oof_v4,dataset_test/04_petrykivka_painting/114.jpg,04_petrykivka_painting,04_petrykivka_painting,True,0.9505410577923227,04_petrykivka_painting,05_kosiv_ceramics,03_bubnivka_ceramics,3,train,obj_single_07c4c1d68fe46011,,unreviewed,unreviewed,global_cls__c10__source0p5,motif_texture_weighted_mean__c10__source0p5,texture_weighted_mean,10.0,True,0.0039794715634152425,0.005753826203570112,0.008443349026880832,0.9505410577923227,0.03128229541381121
img_5f7be5494fb162af,selection_conditional_full_development_oof_v4,dataset_test/04_petrykivka_painting/117.jpg,04_petrykivka_painting,04_petrykivka_painting,True,0.8835674854296097,04_petrykivka_painting,03_bubnivka_ceramics,02_ornek,2,validation,obj_single_5f7be5494fb162af,,unreviewed,unreviewed,global_cls__c10__source0p5,motif_texture_weighted_mean__c10__source0p5,texture_weighted_mean,10.0,True,0.0009166178493710546,0.004070123183134037,0.10967183715761557,0.8835674854296097,0.0017739363802696045
img_effa9f74fe053594,selection_conditional_full_development_oof_v4,dataset_test/04_petrykivka_painting/123.jpg,04_petrykivka_painting,04_petrykivka_painting,True,0.9995156633746528,04_petrykivka_painting,01_opishnyan_ceramics,02_ornek,2,validation,obj_single_effa9f74fe053594,,unreviewed,unreviewed,global_cls__c10__source0p5,motif_texture_weighted_mean__c10__source0p5,texture_weighted_mean,10.0,True,0.00018966678891992557,0.00018186184089759698,9.72804567864979e-06,0.9995156633746528,0.00010307994985095415
img_1c25864b6ff0c620,selection_conditional_full_development_oof_v4,dataset_test/04_petrykivka_painting/125.jpg,04_petrykivka_painting,04_petrykivka_painting,True,0.99809649439456,04_petrykivka_painting,02_ornek,01_opishnyan_ceramics,2,train,obj_single_1c25864b6ff0c620,,unreviewed,unreviewed,global_cls__c10__source0p5,motif_texture_weighted_mean__c10__source0p5,texture_weighted_mean,10.0,True,0.0006057456344157301,0.0010206265681779474,5.88930776438068e-06,0.99809649439456,0.0002712440950821231
img_2830092fe7571da9,selection_conditional_full_development_oof_v4,dataset_test/04_petrykivka_painting/126.jpg,04_petrykivka_painting,04_petrykivka_painting,True,0.9977102729952521,04_petrykivka_painting,01_opishnyan_ceramics,02_ornek,4,train,obj_single_2830092fe7571da9,,unreviewed,unreviewed,global_cls__c10__source0p5,motif_texture_weighted_mean__c10__source0p5,texture_weighted_mean,10.0,True,0.00193964147196023,0.00025607805342858986,5.4374574569032954e-05,0.9977102729952521,3.963290479023452e-05
img_1b6bb7f1fdd6839c,selection_conditional_full_development_oof_v4,dataset_test/04_petrykivka_painting/128.jpg,04_petrykivka_painting,04_petrykivka_painting,True,0.998554797981449,04_petrykivka_painting,01_opishnyan_ceramics,05_kosiv_ceramics,3,train,obj_single_1b6bb7f1fdd6839c,,unreviewed,unreviewed,global_cls__c10__source0p5,motif_texture_weighted_mean__c10__source0p5,texture_weighted_mean,10.0,True,0.001223005812820599,6.097471990404028e-05,6.222558108040541e-06,0.998554797981449,0.00015499892771842335
img_fd01e33eeb79fd3e,selection_conditional_full_development_oof_v4,dataset_test/04_petrykivka_painting/132.jpg,04_petrykivka_painting,04_petrykivka_painting,True,0.9986133214013315,04_petrykivka_painting,05_kosiv_ceramics,02_ornek,2,train,obj_single_fd01e33eeb79fd3e,,unreviewed,unreviewed,global_cls__c10__source0p5,motif_texture_weighted_mean__c10__source0p5,texture_weighted_mean,10.0,True,0.0002079054545988857,0.000229452281793789,6.340921433884229e-05,0.9986133214013315,0.00088591164793686
img_6868aecc45cc1cb0,selection_conditional_full_development_oof_v4,dataset_test/04_petrykivka_painting/133.jpg,04_petrykivka_painting,04_petrykivka_painting,True,0.9998388133043851,04_petrykivka_painting,01_opishnyan_ceramics,02_ornek,1,train,obj_single_6868aecc45cc1cb0,,unreviewed,unreviewed,global_cls__c10__source0p5,motif_texture_weighted_mean__c10__source0p5,texture_weighted_mean,10.0,True,5.498676527307545e-05,5.390312378709498e-05,1.4374854074116699e-05,0.9998388133043851,3.7921952480809846e-05
img_20b3ddf70b4fc155,selection_conditional_full_development_oof_v4,dataset_test/04_petrykivka_painting/135.jpg,04_petrykivka_painting,04_petrykivka_painting,True,0.9979400343905136,04_petrykivka_painting,02_ornek,03_bubnivka_ceramics,4,train,obj_single_20b3ddf70b4fc155,,unreviewed,unreviewed,global_cls__c10__source0p5,motif_texture_weighted_mean__c10__source0p5,texture_weighted_mean,10.0,True,0.0001757319309620509,0.0011236741216496026,0.0006404148040825996,0.9979400343905136,0.00012014475279203312
img_2ee99576d34ec5b2,selection_conditional_full_development_oof_v4,dataset_test/04_petrykivka_painting/136.jpg,04_petrykivka_painting,04_petrykivka_painting,True,0.9898750945756536,04_petrykivka_painting,02_ornek,01_opishnyan_ceramics,1,train,obj_single_2ee99576d34ec5b2,,unreviewed,unreviewed,global_cls__c10__source0p5,motif_texture_weighted_mean__c10__source0p5,texture_weighted_mean,10.0,True,0.00032484228370735984,0.009522660998115435,0.00016508872652365762,0.9898750945756536,0.00011231341599998865
img_bc0a2c5eb1ca7c75,selection_conditional_full_development_oof_v4,dataset_test/04_petrykivka_painting/137.png,04_petrykivka_painting,04_petrykivka_painting,True,0.9947790984121089,04_petrykivka_painting,01_opishnyan_ceramics,05_kosiv_ceramics,4,train,obj_single_bc0a2c5eb1ca7c75,,unreviewed,unreviewed,global_cls__c10__source0p5,motif_texture_weighted_mean__c10__source0p5,texture_weighted_mean,10.0,True,0.00201324559614623,0.0011807582385197724,0.0006362135900943737,0.9947790984121089,0.0013906841631308863
img_fdc0218dd2da3ecb,selection_conditional_full_development_oof_v4,dataset_test/04_petrykivka_painting/138.jpg,04_petrykivka_painting,04_petrykivka_painting,True,0.9991016922597986,04_petrykivka_painting,02_ornek,01_opishnyan_ceramics,4,train,obj_single_fdc0218dd2da3ecb,,unreviewed,unreviewed,global_cls__c10__source0p5,motif_texture_weighted_mean__c10__source0p5,texture_weighted_mean,10.0,True,0.00014344191088208,0.0004961702383074611,0.00013987265276151756,0.9991016922597986,0.00011882293825028014
img_5bcfc8cb3d267bd9,selection_conditional_full_development_oof_v4,dataset_test/04_petrykivka_painting/143.jpg,04_petrykivka_painting,04_petrykivka_painting,True,0.9992115960347461,04_petrykivka_painting,02_ornek,01_opishnyan_ceramics,4,train,obj_single_5bcfc8cb3d267bd9,,unreviewed,unreviewed,global_cls__c10__source0p5,motif_texture_weighted_mean__c10__source0p5,texture_weighted_mean,10.0,True,0.00018407629464350787,0.00043938911342731056,0.00011801275865430188,0.9992115960347461,4.692579852894635e-05
img_215aa5d8c020e17d,selection_conditional_full_development_oof_v4,dataset_test/04_petrykivka_painting/146.jpg,04_petrykivka_painting,04_petrykivka_painting,True,0.9973491228386913,04_petrykivka_painting,02_ornek,05_kosiv_ceramics,2,train,obj_single_215aa5d8c020e17d,,unreviewed,unreviewed,global_cls__c10__source0p5,motif_texture_weighted_mean__c10__source0p5,texture_weighted_mean,10.0,True,0.0003886376256423192,0.0011673368704999726,4.805825319075033e-05,0.9973491228386913,0.001046844411975734
img_75a861900e8039e5,selection_conditional_full_development_oof_v4,dataset_test/04_petrykivka_painting/149.jpg,04_petrykivka_painting,04_petrykivka_painting,True,0.9983051280971694,04_petrykivka_painting,01_opishnyan_ceramics,02_ornek,2,train,obj_single_75a861900e8039e5,,unreviewed,unreviewed,global_cls__c10__source0p5,motif_texture_weighted_mean__c10__source0p5,texture_weighted_mean,10.0,True,0.0006232238294935219,0.0005194600345766577,0.00015477594914670089,0.9983051280971694,0.0003974120896136341
img_d16db869194cb873,selection_conditional_full_development_oof_v4,dataset_test/04_petrykivka_painting/151.png,04_petrykivka_painting,04_petrykivka_painting,True,0.9951875471351909,04_petrykivka_painting,02_ornek,05_kosiv_ceramics,0,validation,obj_single_d16db869194cb873,,unreviewed,unreviewed,global_cls__c10__source0p5,motif_texture_weighted_mean__c10__source0p5,texture_weighted_mean,10.0,True,9.506403048102983e-05,0.003142433770382558,0.0007184844779241715,0.9951875471351909,0.0008564705860213901
img_7a5d96062e504da7,selection_conditional_full_development_oof_v4,dataset_test/04_petrykivka_painting/152.png,04_petrykivka_painting,04_petrykivka_painting,True,0.9989599270636464,04_petrykivka_painting,03_bubnivka_ceramics,02_ornek,0,train,obj_single_7a5d96062e504da7,,unreviewed,unreviewed,global_cls__c10__source0p5,motif_texture_weighted_mean__c10__source0p5,texture_weighted_mean,10.0,True,6.445630410676407e-05,0.00024348731603154327,0.0007094799214477094,0.9989599270636464,2.2649394767684656e-05
img_6ea4885417d3a0d1,selection_conditional_full_development_oof_v4,dataset_test/04_petrykivka_painting/157.png,04_petrykivka_painting,04_petrykivka_painting,True,0.9998748101001134,04_petrykivka_painting,02_ornek,01_opishnyan_ceramics,2,train,obj_single_6ea4885417d3a0d1,,unreviewed,unreviewed,global_cls__c10__source0p5,motif_texture_weighted_mean__c10__source0p5,texture_weighted_mean,10.0,True,3.795359236927463e-05,6.25058021293416e-05,3.7431499195650435e-06,0.9998748101001134,2.098735546837053e-05
img_3af37735eb6a4c86,selection_conditional_full_development_oof_v4,dataset_test/04_petrykivka_painting/162.png,04_petrykivka_painting,04_petrykivka_painting,True,0.9982200793190381,04_petrykivka_painting,01_opishnyan_ceramics,02_ornek,0,train,obj_single_3af37735eb6a4c86,,unreviewed,unreviewed,global_cls__c10__source0p5,motif_texture_weighted_mean__c10__source0p5,texture_weighted_mean,10.0,True,0.0011839426614846384,0.0003077723264915886,0.00020960953948240954,0.9982200793190381,7.859615350335946e-05
img_54777ada7befa2bc,selection_conditional_full_development_oof_v4,dataset_test/04_petrykivka_painting/165.jpg,04_petrykivka_painting,04_petrykivka_painting,True,0.9964931792788121,04_petrykivka_painting,02_ornek,01_opishnyan_ceramics,2,train,obj_single_54777ada7befa2bc,,unreviewed,unreviewed,global_cls__c10__source0p5,motif_texture_weighted_mean__c10__source0p5,texture_weighted_mean,10.0,True,0.0003262258912107418,0.0028890655621693017,0.00019023098669748102,0.9964931792788121,0.00010129828111040502
img_63890c3dea88656f,selection_conditional_full_development_oof_v4,dataset_test/04_petrykivka_painting/168.png,04_petrykivka_painting,04_petrykivka_painting,True,0.9928175778386502,04_petrykivka_painting,01_opishnyan_ceramics,02_ornek,0,train,obj_single_63890c3dea88656f,,unreviewed,unreviewed,global_cls__c10__source0p5,motif_texture_weighted_mean__c10__source0p5,texture_weighted_mean,10.0,True,0.004213276101829003,0.0018579873515777018,0.0006724374259013394,0.9928175778386502,0.00043872128204171766
img_8ed82c4285e2a322,selection_conditional_full_development_oof_v4,dataset_test/04_petrykivka_painting/172.jpg,04_petrykivka_painting,04_petrykivka_painting,True,0.9948798397059349,04_petrykivka_painting,02_ornek,05_kosiv_ceramics,3,train,obj_single_8ed82c4285e2a322,,unreviewed,unreviewed,global_cls__c10__source0p5,motif_texture_weighted_mean__c10__source0p5,texture_weighted_mean,10.0,True,0.00011598028494685467,0.0030314820001841034,0.0006442104636824504,0.9948798397059349,0.0013284875452517584
img_f7dbd5877a2bb7ba,selection_conditional_full_development_oof_v4,dataset_test/04_petrykivka_painting/173.jpg,04_petrykivka_painting,04_petrykivka_painting,True,0.9994243767661509,04_petrykivka_painting,02_ornek,03_bubnivka_ceramics,3,train,obj_single_f7dbd5877a2bb7ba,,unreviewed,unreviewed,global_cls__c10__source0p5,motif_texture_weighted_mean__c10__source0p5,texture_weighted_mean,10.0,True,6.0007855587206453e-05,0.00033208589975659115,0.0001782187723881193,0.9994243767661509,5.31070611722647e-06
img_b521c04dc05563cc,selection_conditional_full_development_oof_v4,dataset_test/04_petrykivka_painting/178.jpg,04_petrykivka_painting,04_petrykivka_painting,True,0.9987008318111953,04_petrykivka_painting,02_ornek,05_kosiv_ceramics,0,validation,obj_single_b521c04dc05563cc,,unreviewed,unreviewed,global_cls__c10__source0p5,motif_texture_weighted_mean__c10__source0p5,texture_weighted_mean,10.0,True,0.00010038763622434405,0.0008849689685723236,0.00012905555169504454,0.9987008318111953,0.0001847560323131083
img_f9985b5aec883c44,selection_conditional_full_development_oof_v4,dataset_test/04_petrykivka_painting/180.jpg,04_petrykivka_painting,04_petrykivka_painting,True,0.9995864501645397,04_petrykivka_painting,02_ornek,01_opishnyan_ceramics,1,train,obj_single_f9985b5aec883c44,,unreviewed,unreviewed,global_cls__c10__source0p5,motif_texture_weighted_mean__c10__source0p5,texture_weighted_mean,10.0,True,0.00012446541834569425,0.00020770134571908454,7.588380583102518e-05,0.9995864501645397,5.499265564304452e-06
img_494691b9e203d75f,selection_conditional_full_development_oof_v4,dataset_test/04_petrykivka_painting/183.jpg,04_petrykivka_painting,04_petrykivka_painting,True,0.9990340702581291,04_petrykivka_painting,01_opishnyan_ceramics,02_ornek,0,validation,obj_single_494691b9e203d75f,,unreviewed,unreviewed,global_cls__c10__source0p5,motif_texture_weighted_mean__c10__source0p5,texture_weighted_mean,10.0,True,0.00036507583127455404,0.00030953962373400233,3.872909587532965e-05,0.9990340702581291,0.0002525851909870052
img_f9a47b605f705137,selection_conditional_full_development_oof_v4,dataset_test/04_petrykivka_painting/184.jpg,04_petrykivka_painting,04_petrykivka_painting,True,0.9993014186502466,04_petrykivka_painting,01_opishnyan_ceramics,05_kosiv_ceramics,2,train,obj_single_f9a47b605f705137,,unreviewed,unreviewed,global_cls__c10__source0p5,motif_texture_weighted_mean__c10__source0p5,texture_weighted_mean,10.0,True,0.0004666201446259428,7.353693765559308e-05,5.916883098052552e-05,0.9993014186502466,9.925543649137265e-05
img_fe63c51d79ecde1d,selection_conditional_full_development_oof_v4,dataset_test/04_petrykivka_painting/185.jpg,04_petrykivka_painting,04_petrykivka_painting,True,0.9978289265052128,04_petrykivka_painting,01_opishnyan_ceramics,05_kosiv_ceramics,3,train,obj_single_fe63c51d79ecde1d,,unreviewed,unreviewed,global_cls__c10__source0p5,motif_texture_weighted_mean__c10__source0p5,texture_weighted_mean,10.0,True,0.0010710849264502862,0.0001052232547750964,1.9167924109022355e-05,0.9978289265052128,0.0009755973894527498
img_05beb6be6373a4d0,selection_conditional_full_development_oof_v4,dataset_test/04_petrykivka_painting/189.jpg,04_petrykivka_painting,04_petrykivka_painting,True,0.9946713457180568,04_petrykivka_painting,02_ornek,03_bubnivka_ceramics,4,train,obj_single_05beb6be6373a4d0,,unreviewed,unreviewed,global_cls__c10__source0p5,motif_texture_weighted_mean__c10__source0p5,texture_weighted_mean,10.0,True,0.0010385264323289026,0.0024697495824037166,0.0015685989637866213,0.9946713457180568,0.00025177930342378056
img_e5504d419f4e25d0,selection_conditional_full_development_oof_v4,dataset_test/04_petrykivka_painting/190.jpg,04_petrykivka_painting,04_petrykivka_painting,True,0.999581065986455,04_petrykivka_painting,05_kosiv_ceramics,01_opishnyan_ceramics,1,train,obj_single_e5504d419f4e25d0,,unreviewed,unreviewed,global_cls__c10__source0p5,motif_texture_weighted_mean__c10__source0p5,texture_weighted_mean,10.0,True,9.357322169910915e-05,7.64808188642487e-05,8.631683797470297e-05,0.999581065986455,0.00016256313500678487
img_7e54054b596d69e5,selection_conditional_full_development_oof_v4,dataset_test/04_petrykivka_painting/192.jpg,04_petrykivka_painting,04_petrykivka_painting,True,0.998466326816199,04_petrykivka_painting,02_ornek,03_bubnivka_ceramics,3,train,obj_single_7e54054b596d69e5,,unreviewed,unreviewed,global_cls__c10__source0p5,motif_texture_weighted_mean__c10__source0p5,texture_weighted_mean,10.0,True,0.00010795643518754828,0.000883391634440637,0.0004100181897939025,0.998466326816199,0.00013230692437901832
img_660a77c3537ba19d,selection_conditional_full_development_oof_v4,dataset_test/04_petrykivka_painting/197.png,04_petrykivka_painting,04_petrykivka_painting,True,0.9936173722055786,04_petrykivka_painting,02_ornek,05_kosiv_ceramics,4,train,obj_single_660a77c3537ba19d,,unreviewed,unreviewed,global_cls__c10__source0p5,motif_texture_weighted_mean__c10__source0p5,texture_weighted_mean,10.0,True,1.764963423903083e-05,0.0039631451486357655,0.0010874375560825072,0.9936173722055786,0.0013143954554640867
img_2348efcac740ca91,selection_conditional_full_development_oof_v4,dataset_test/04_petrykivka_painting/198.png,04_petrykivka_painting,04_petrykivka_painting,True,0.9962167500984607,04_petrykivka_painting,02_ornek,05_kosiv_ceramics,3,validation,semgrp_ec4c1e3160283890,,unreviewed,unreviewed,global_cls__c10__source0p5,motif_texture_weighted_mean__c10__source0p5,texture_weighted_mean,10.0,True,0.00034331448308759597,0.002922424602262511,9.70956320470824e-05,0.9962167500984607,0.00042041518414218565
img_00f952f73b595a4b,selection_conditional_full_development_oof_v4,dataset_test/04_petrykivka_painting/200.png,04_petrykivka_painting,04_petrykivka_painting,True,0.9993711691072628,04_petrykivka_painting,02_ornek,03_bubnivka_ceramics,2,train,obj_single_00f952f73b595a4b,,unreviewed,unreviewed,global_cls__c10__source0p5,motif_texture_weighted_mean__c10__source0p5,texture_weighted_mean,10.0,True,4.597531936988664e-05,0.00042880299672582947,0.00013947392676990527,0.9993711691072628,1.4578649871629829e-05
img_e9ed25dd56687923,selection_conditional_full_development_oof_v4,dataset_test/04_petrykivka_painting/206.jpg,04_petrykivka_painting,04_petrykivka_painting,True,0.9667101400244522,04_petrykivka_painting,02_ornek,05_kosiv_ceramics,1,train,obj_single_e9ed25dd56687923,,unreviewed,unreviewed,global_cls__c10__source0p5,motif_texture_weighted_mean__c10__source0p5,texture_weighted_mean,10.0,True,0.00030670395704081847,0.02166009565397575,0.004595114820358631,0.9667101400244522,0.006727945544172776
img_24dc365698db735c,selection_conditional_full_development_oof_v4,dataset_test/04_petrykivka_painting/210.jpg,04_petrykivka_painting,04_petrykivka_painting,True,0.9685357208880516,04_petrykivka_painting,02_ornek,05_kosiv_ceramics,0,train,obj_single_24dc365698db735c,,unreviewed,unreviewed,global_cls__c10__source0p5,motif_texture_weighted_mean__c10__source0p5,texture_weighted_mean,10.0,True,0.0002782913997567926,0.020531049018177934,0.0030044649217386746,0.9685357208880516,0.007650473772275101
img_f9c0c55ca811d6bb,selection_conditional_full_development_oof_v4,dataset_test/04_petrykivka_painting/211.jpg,04_petrykivka_painting,04_petrykivka_painting,True,0.9989267629343055,04_petrykivka_painting,02_ornek,03_bubnivka_ceramics,2,train,obj_single_f9c0c55ca811d6bb,,unreviewed,unreviewed,global_cls__c10__source0p5,motif_texture_weighted_mean__c10__source0p5,texture_weighted_mean,10.0,True,0.00022391939251089227,0.00031306509896617674,0.00028410423728474456,0.9989267629343055,0.0002521483369326708
img_5a283ec449fd5131,selection_conditional_full_development_oof_v4,dataset_test/04_petrykivka_painting/212.jpg,04_petrykivka_painting,04_petrykivka_painting,True,0.9982147594941221,04_petrykivka_painting,03_bubnivka_ceramics,01_opishnyan_ceramics,4,train,obj_single_5a283ec449fd5131,,unreviewed,unreviewed,global_cls__c10__source0p5,motif_texture_weighted_mean__c10__source0p5,texture_weighted_mean,10.0,True,0.0006276234692853038,0.0003020494803627831,0.0007509373317351616,0.9982147594941221,0.00010463022449470801
img_714b00cfcd76dcfb,selection_conditional_full_development_oof_v4,dataset_test/04_petrykivka_painting/217.jpg,04_petrykivka_painting,04_petrykivka_painting,True,0.9997112166347359,04_petrykivka_painting,05_kosiv_ceramics,02_ornek,1,train,src_manual_040,,painting_print_or_panel,clear,global_cls__c10__source0p5,motif_texture_weighted_mean__c10__source0p5,texture_weighted_mean,10.0,True,4.184692560734011e-05,6.51507879465831e-05,4.676062030312859e-06,0.9997112166347359,0.0001771095896799346
img_bfa82f29305f6969,selection_conditional_full_development_oof_v4,dataset_test/04_petrykivka_painting/220.jpg,04_petrykivka_painting,04_petrykivka_painting,True,0.997340936502987,04_petrykivka_painting,02_ornek,01_opishnyan_ceramics,2,train,obj_single_bfa82f29305f6969,,unreviewed,unreviewed,global_cls__c10__source0p5,motif_texture_weighted_mean__c10__source0p5,texture_weighted_mean,10.0,True,0.0005596935429498505,0.001242290242183274,0.00034926972092697207,0.997340936502987,0.0005078099909529648
img_9858fe78ef0be9d1,selection_conditional_full_development_oof_v4,dataset_test/04_petrykivka_painting/223.jpg,04_petrykivka_painting,04_petrykivka_painting,True,0.9980978981011231,04_petrykivka_painting,01_opishnyan_ceramics,05_kosiv_ceramics,2,train,obj_single_9858fe78ef0be9d1,,unreviewed,unreviewed,global_cls__c10__source0p5,motif_texture_weighted_mean__c10__source0p5,texture_weighted_mean,10.0,True,0.0012992338201274858,0.00026564417212384067,5.5200925367312765e-05,0.9980978981011231,0.0002820229812580609
img_f924485ae98d3be4,selection_conditional_full_development_oof_v4,dataset_test/04_petrykivka_painting/226.jpg,04_petrykivka_painting,04_petrykivka_painting,True,0.9993032376352715,04_petrykivka_painting,02_ornek,03_bubnivka_ceramics,2,train,obj_single_f924485ae98d3be4,,unreviewed,unreviewed,global_cls__c10__source0p5,motif_texture_weighted_mean__c10__source0p5,texture_weighted_mean,10.0,True,7.601064301354475e-05,0.0004969615332057131,0.00010193903181733722,0.9993032376352715,2.185115669198848e-05
img_4fcc810283228a7b,selection_conditional_full_development_oof_v4,dataset_test/04_petrykivka_painting/229.jpg,04_petrykivka_painting,04_petrykivka_painting,True,0.978399195068497,04_petrykivka_painting,02_ornek,01_opishnyan_ceramics,2,train,obj_single_4fcc810283228a7b,,unreviewed,unreviewed,global_cls__c10__source0p5,motif_texture_weighted_mean__c10__source0p5,texture_weighted_mean,10.0,True,0.003946287710746707,0.017219530766899825,0.0004027767781578623,0.978399195068497,3.220967569856335e-05
img_18c436a050172336,selection_conditional_full_development_oof_v4,dataset_test/04_petrykivka_painting/230.jpg,04_petrykivka_painting,04_petrykivka_painting,True,0.9952847763908413,04_petrykivka_painting,02_ornek,03_bubnivka_ceramics,2,validation,obj_single_18c436a050172336,,unreviewed,unreviewed,global_cls__c10__source0p5,motif_texture_weighted_mean__c10__source0p5,texture_weighted_mean,10.0,True,6.573178590673148e-05,0.0043218461043201106,0.00019853692453681687,0.9952847763908413,0.00012910879439519495
img_773f86423d4bba63,selection_conditional_full_development_oof_v4,dataset_test/04_petrykivka_painting/233.jpg,04_petrykivka_painting,04_petrykivka_painting,True,0.995793136005616,04_petrykivka_painting,02_ornek,05_kosiv_ceramics,4,train,obj_single_773f86423d4bba63,,unreviewed,unreviewed,global_cls__c10__source0p5,motif_texture_weighted_mean__c10__source0p5,texture_weighted_mean,10.0,True,0.00011455419471907887,0.002481377917886338,3.785329538822774e-05,0.995793136005616,0.0015730785863903197
img_85c12efa647f1278,selection_conditional_full_development_oof_v4,dataset_test/04_petrykivka_painting/235.jpg,04_petrykivka_painting,04_petrykivka_painting,True,0.9847041518585249,04_petrykivka_painting,02_ornek,01_opishnyan_ceramics,0,train,obj_single_85c12efa647f1278,,unreviewed,unreviewed,global_cls__c10__source0p5,motif_texture_weighted_mean__c10__source0p5,texture_weighted_mean,10.0,True,0.0022249653463790237,0.011842063954210006,7.418305140042861e-05,0.9847041518585249,0.0011546357894857838
img_b0aeaadac56ba363,selection_conditional_full_development_oof_v4,dataset_test/04_petrykivka_painting/237.jpg,04_petrykivka_painting,04_petrykivka_painting,True,0.9740402171779364,04_petrykivka_painting,02_ornek,03_bubnivka_ceramics,3,train,obj_single_b0aeaadac56ba363,,unreviewed,unreviewed,global_cls__c10__source0p5,motif_texture_weighted_mean__c10__source0p5,texture_weighted_mean,10.0,True,0.0002986232716135325,0.025149514766562575,0.0004913147367568792,0.9740402171779364,2.0330047130598347e-05
img_c78092efbfb41d32,selection_conditional_full_development_oof_v4,dataset_test/04_petrykivka_painting/242.jpg,04_petrykivka_painting,04_petrykivka_painting,True,0.9991355230480882,04_petrykivka_painting,02_ornek,03_bubnivka_ceramics,1,validation,obj_single_c78092efbfb41d32,,unreviewed,unreviewed,global_cls__c10__source0p5,motif_texture_weighted_mean__c10__source0p5,texture_weighted_mean,10.0,True,8.92721945471109e-05,0.000499320036078659,0.00014746470906667905,0.9991355230480882,0.0001284200122194303
img_af7498d05384ca05,selection_conditional_full_development_oof_v4,dataset_test/04_petrykivka_painting/246.jpg,04_petrykivka_painting,04_petrykivka_painting,True,0.9872929666794883,04_petrykivka_painting,02_ornek,03_bubnivka_ceramics,4,train,obj_single_af7498d05384ca05,,unreviewed,unreviewed,global_cls__c10__source0p5,motif_texture_weighted_mean__c10__source0p5,texture_weighted_mean,10.0,True,0.0009401663047948781,0.007474177122703537,0.00427211230822565,0.9872929666794883,2.0577584787737897e-05
img_46489ac39971a6f5,selection_conditional_full_development_oof_v4,dataset_test/04_petrykivka_painting/249.jpg,04_petrykivka_painting,04_petrykivka_painting,True,0.9986735307523356,04_petrykivka_painting,02_ornek,01_opishnyan_ceramics,0,train,obj_single_46489ac39971a6f5,,unreviewed,unreviewed,global_cls__c10__source0p5,motif_texture_weighted_mean__c10__source0p5,texture_weighted_mean,10.0,True,0.0002694756402708844,0.0009566902442541392,1.2683043012534026e-05,0.9986735307523356,8.762032012675176e-05
img_a89a7b220600a6d4,selection_conditional_full_development_oof_v4,dataset_test/04_petrykivka_painting/251.jpg,04_petrykivka_painting,04_petrykivka_painting,True,0.999223842424208,04_petrykivka_painting,02_ornek,05_kosiv_ceramics,0,train,obj_single_a89a7b220600a6d4,,unreviewed,unreviewed,global_cls__c10__source0p5,motif_texture_weighted_mean__c10__source0p5,texture_weighted_mean,10.0,True,1.9102358506381745e-05,0.000639935948316723,2.6546571789435162e-05,0.999223842424208,9.057269717932522e-05
img_5d5cc0bfe247fe19,selection_conditional_full_development_oof_v4,dataset_test/04_petrykivka_painting/255.jpg,04_petrykivka_painting,04_petrykivka_painting,True,0.9992829050677573,04_petrykivka_painting,05_kosiv_ceramics,02_ornek,3,validation,srcgrp_64933052340ae2fe,src_global_pet_gold_x_watermark,unreviewed,unreviewed,global_cls__c10__source0p5,motif_texture_weighted_mean__c10__source0p5,texture_weighted_mean,10.0,True,0.00017079432786420016,0.00019761319145344657,3.90654290916169e-06,0.9992829050677573,0.0003447808700159021
img_4735ad83cb189910,selection_conditional_full_development_oof_v4,dataset_test/04_petrykivka_painting/257.jpg,04_petrykivka_painting,04_petrykivka_painting,True,0.9947547739039176,04_petrykivka_painting,05_kosiv_ceramics,01_opishnyan_ceramics,3,validation,srcgrp_64933052340ae2fe,src_global_pet_gold_x_watermark,unreviewed,unreviewed,global_cls__c10__source0p5,motif_texture_weighted_mean__c10__source0p5,texture_weighted_mean,10.0,True,0.0006536855459982649,0.00025098106006787526,5.6973762690195306e-05,0.9947547739039176,0.0042835857273259975
img_c6d1ef7bbc8a02a3,selection_conditional_full_development_oof_v4,dataset_test/04_petrykivka_painting/260.jpg,04_petrykivka_painting,04_petrykivka_painting,True,0.7035883565480191,04_petrykivka_painting,05_kosiv_ceramics,02_ornek,3,validation,srcgrp_64933052340ae2fe,src_global_pet_gold_x_watermark,unreviewed,unreviewed,global_cls__c10__source0p5,motif_texture_weighted_mean__c10__source0p5,texture_weighted_mean,10.0,True,0.019154716518204138,0.030035007471384066,0.016424281010723057,0.7035883565480191,0.2307976384516696
img_c87ce70390ffd789,selection_conditional_full_development_oof_v4,dataset_test/04_petrykivka_painting/261.jpg,04_petrykivka_painting,04_petrykivka_painting,True,0.9303547985826296,04_petrykivka_painting,02_ornek,05_kosiv_ceramics,3,validation,srcgrp_64933052340ae2fe,src_global_pet_gold_x_watermark,unreviewed,unreviewed,global_cls__c10__source0p5,motif_texture_weighted_mean__c10__source0p5,texture_weighted_mean,10.0,True,0.005588568641745887,0.03427743182690583,0.009946977052296017,0.9303547985826296,0.01983222389642264
img_2ac141168fc50677,selection_conditional_full_development_oof_v4,dataset_test/04_petrykivka_painting/264.jpg,04_petrykivka_painting,04_petrykivka_painting,True,0.930884776852093,04_petrykivka_painting,02_ornek,05_kosiv_ceramics,3,validation,srcgrp_64933052340ae2fe,src_global_pet_gold_x_watermark,unreviewed,unreviewed,global_cls__c10__source0p5,motif_texture_weighted_mean__c10__source0p5,texture_weighted_mean,10.0,True,0.0003913127645192224,0.04290322903742552,0.0005397531079340071,0.930884776852093,0.02528092823802826
img_2c8eb41f970aba65,selection_conditional_full_development_oof_v4,dataset_test/04_petrykivka_painting/266.jpg,04_petrykivka_painting,04_petrykivka_painting,True,0.9951349045925041,04_petrykivka_painting,05_kosiv_ceramics,02_ornek,3,validation,srcgrp_64933052340ae2fe,src_global_pet_gold_x_watermark,unreviewed,unreviewed,global_cls__c10__source0p5,motif_texture_weighted_mean__c10__source0p5,texture_weighted_mean,10.0,True,0.0001045879089532108,0.0019334076211271923,0.00014665826673052916,0.9951349045925041,0.002680441610684966
img_6afdaea51458bb28,selection_conditional_full_development_oof_v4,dataset_test/04_petrykivka_painting/269.jpg,04_petrykivka_painting,04_petrykivka_painting,True,0.9956719324593869,04_petrykivka_painting,02_ornek,05_kosiv_ceramics,3,validation,srcgrp_64933052340ae2fe,src_global_pet_gold_x_watermark,unreviewed,unreviewed,global_cls__c10__source0p5,motif_texture_weighted_mean__c10__source0p5,texture_weighted_mean,10.0,True,5.85900527726066e-05,0.003580567987154004,0.00013031250095024076,0.9956719324593869,0.0005585969997362282
img_1978d3317988ce7f,selection_conditional_full_development_oof_v4,dataset_test/04_petrykivka_painting/315.png,04_petrykivka_painting,04_petrykivka_painting,True,0.9994930187473077,04_petrykivka_painting,02_ornek,05_kosiv_ceramics,4,train,obj_single_1978d3317988ce7f,,unreviewed,unreviewed,global_cls__c10__source0p5,motif_texture_weighted_mean__c10__source0p5,texture_weighted_mean,10.0,True,9.78680589436974e-06,0.0004195422806957063,2.5649673592312514e-05,0.9994930187473077,5.2002492510008485e-05
img_ae9a717e64772631,selection_conditional_full_development_oof_v4,dataset_test/04_petrykivka_painting/318.jpg,04_petrykivka_painting,04_petrykivka_painting,True,0.9987471407677686,04_petrykivka_painting,05_kosiv_ceramics,02_ornek,1,train,obj_single_ae9a717e64772631,,unreviewed,unreviewed,global_cls__c10__source0p5,motif_texture_weighted_mean__c10__source0p5,texture_weighted_mean,10.0,True,5.302658942124423e-05,0.0004430719988222962,6.32442444816743e-05,0.9987471407677686,0.0006935163995062134
img_3ba9f191c0a489f7,selection_conditional_full_development_oof_v4,dataset_dev/05_kosiv_ceramics/k001.jpg,05_kosiv_ceramics,05_kosiv_ceramics,True,0.9677606834981676,05_kosiv_ceramics,03_bubnivka_ceramics,02_ornek,2,train,obj_single_3ba9f191c0a489f7,,unreviewed,unreviewed,global_cls__c10__source0p5,motif_texture_weighted_mean__c10__source0p5,texture_weighted_mean,10.0,True,0.0016577171721650298,0.007570633674008527,0.0228254529715959,0.00018551268406293798,0.9677606834981676
img_f0a4cb4a5e654295,selection_conditional_full_development_oof_v4,dataset_dev/05_kosiv_ceramics/k002.jpg,05_kosiv_ceramics,05_kosiv_ceramics,True,0.9810951238113857,05_kosiv_ceramics,03_bubnivka_ceramics,02_ornek,2,train,obj_single_f0a4cb4a5e654295,,unreviewed,unreviewed,global_cls__c10__source0p5,motif_texture_weighted_mean__c10__source0p5,texture_weighted_mean,10.0,True,0.0008651506405994971,0.006619573898678728,0.011016358627762075,0.0004037930215740009,0.9810951238113857
img_25ca69de6ceb0452,selection_conditional_full_development_oof_v4,dataset_dev/05_kosiv_ceramics/k003.jpg,05_kosiv_ceramics,05_kosiv_ceramics,True,0.42099113192509535,05_kosiv_ceramics,03_bubnivka_ceramics,02_ornek,0,train,obj_single_25ca69de6ceb0452,,unreviewed,unreviewed,global_cls__c10__source0p5,motif_texture_weighted_mean__c10__source0p5,texture_weighted_mean,10.0,True,0.1383656347562815,0.15213081004837364,0.2468907001975272,0.04162172307272226,0.42099113192509535
img_dccd1b71fd2c83bd,selection_conditional_full_development_oof_v4,dataset_dev/05_kosiv_ceramics/k004.jpg,05_kosiv_ceramics,05_kosiv_ceramics,True,0.9872624671766154,05_kosiv_ceramics,02_ornek,04_petrykivka_painting,0,train,obj_single_dccd1b71fd2c83bd,,unreviewed,unreviewed,global_cls__c10__source0p5,motif_texture_weighted_mean__c10__source0p5,texture_weighted_mean,10.0,True,0.001220231141749925,0.0063158390336592735,0.002091564739469376,0.0031098979085059726,0.9872624671766154
img_65c78018615433e7,selection_conditional_full_development_oof_v4,dataset_dev/05_kosiv_ceramics/k005.jpg,05_kosiv_ceramics,05_kosiv_ceramics,True,0.7866742644634516,05_kosiv_ceramics,01_opishnyan_ceramics,02_ornek,0,train,obj_single_65c78018615433e7,,unreviewed,unreviewed,global_cls__c10__source0p5,motif_texture_weighted_mean__c10__source0p5,texture_weighted_mean,10.0,True,0.10026112498397752,0.09566419287213769,0.009411097906979603,0.007989319773453692,0.7866742644634516
img_f5cb9d79c4ee108a,selection_conditional_full_development_oof_v4,dataset_dev/05_kosiv_ceramics/k006.jpg,05_kosiv_ceramics,05_kosiv_ceramics,True,0.9004207318189441,05_kosiv_ceramics,01_opishnyan_ceramics,02_ornek,2,train,obj_single_f5cb9d79c4ee108a,,unreviewed,unreviewed,global_cls__c10__source0p5,motif_texture_weighted_mean__c10__source0p5,texture_weighted_mean,10.0,True,0.0937344139293095,0.002302621212046488,0.0012727614080856838,0.0022694716316141,0.9004207318189441
img_c5332abf821190a5,selection_conditional_full_development_oof_v4,dataset_dev/05_kosiv_ceramics/k007.jpg,05_kosiv_ceramics,05_kosiv_ceramics,True,0.9889007131477732,05_kosiv_ceramics,02_ornek,01_opishnyan_ceramics,1,train,obj_single_c5332abf821190a5,,unreviewed,unreviewed,global_cls__c10__source0p5,motif_texture_weighted_mean__c10__source0p5,texture_weighted_mean,10.0,True,0.0015349197590271916,0.007806217456094371,0.0011720851596953529,0.0005860644774098631,0.9889007131477732
img_4cd76eb3362af207,selection_conditional_full_development_oof_v4,dataset_dev/05_kosiv_ceramics/k008.jpg,05_kosiv_ceramics,05_kosiv_ceramics,True,0.8216719737729224,05_kosiv_ceramics,01_opishnyan_ceramics,03_bubnivka_ceramics,2,train,obj_single_4cd76eb3362af207,,unreviewed,unreviewed,global_cls__c10__source0p5,motif_texture_weighted_mean__c10__source0p5,texture_weighted_mean,10.0,True,0.16567119236221906,0.002846563851889886,0.008838104849316084,0.000972165163652549,0.8216719737729224
img_15e593138dec0051,selection_conditional_full_development_oof_v4,dataset_dev/05_kosiv_ceramics/k009.jpg,05_kosiv_ceramics,05_kosiv_ceramics,True,0.9808288037669588,05_kosiv_ceramics,01_opishnyan_ceramics,03_bubnivka_ceramics,1,train,obj_single_15e593138dec0051,,unreviewed,unreviewed,global_cls__c10__source0p5,motif_texture_weighted_mean__c10__source0p5,texture_weighted_mean,10.0,True,0.010829314379659373,0.0029615393231291268,0.005125533023076037,0.0002548095071767203,0.9808288037669588
img_1182b8ad14328ce6,selection_conditional_full_development_oof_v4,dataset_dev/05_kosiv_ceramics/k010.jpg,05_kosiv_ceramics,05_kosiv_ceramics,True,0.9394744556078832,05_kosiv_ceramics,01_opishnyan_ceramics,02_ornek,0,train,obj_single_1182b8ad14328ce6,,unreviewed,unreviewed,global_cls__c10__source0p5,motif_texture_weighted_mean__c10__source0p5,texture_weighted_mean,10.0,True,0.043258177366410834,0.010690614376246904,0.004838247918292473,0.0017385047311666276,0.9394744556078832
img_f8116bd0df381933,selection_conditional_full_development_oof_v4,dataset_dev/05_kosiv_ceramics/k011.png,05_kosiv_ceramics,05_kosiv_ceramics,True,0.8262455668322828,05_kosiv_ceramics,02_ornek,03_bubnivka_ceramics,1,train,obj_single_f8116bd0df381933,,unreviewed,unreviewed,global_cls__c10__source0p5,motif_texture_weighted_mean__c10__source0p5,texture_weighted_mean,10.0,True,0.016967189565528135,0.11216152384978524,0.03834656890386309,0.006279150848540863,0.8262455668322828
img_a783a7d439974891,selection_conditional_full_development_oof_v4,dataset_dev/05_kosiv_ceramics/k012.png,05_kosiv_ceramics,05_kosiv_ceramics,True,0.8709117700204616,05_kosiv_ceramics,02_ornek,01_opishnyan_ceramics,3,train,obj_single_a783a7d439974891,,unreviewed,unreviewed,global_cls__c10__source0p5,motif_texture_weighted_mean__c10__source0p5,texture_weighted_mean,10.0,True,0.04289472933205524,0.06990307874743586,0.011804998861746956,0.004485423038300465,0.8709117700204616
img_d99f73828e206680,selection_conditional_full_development_oof_v4,dataset_dev/05_kosiv_ceramics/k013.png,05_kosiv_ceramics,05_kosiv_ceramics,True,0.8825717647519787,05_kosiv_ceramics,02_ornek,01_opishnyan_ceramics,0,train,obj_single_d99f73828e206680,,unreviewed,unreviewed,global_cls__c10__source0p5,motif_texture_weighted_mean__c10__source0p5,texture_weighted_mean,10.0,True,0.011897912271645411,0.0902892356853416,0.0066176121829732565,0.008623475108060951,0.8825717647519787
img_25047cdda55701cb,selection_conditional_full_development_oof_v4,dataset_dev/05_kosiv_ceramics/k014.jpg,05_kosiv_ceramics,05_kosiv_ceramics,True,0.9576141007961617,05_kosiv_ceramics,01_opishnyan_ceramics,02_ornek,1,train,obj_single_25047cdda55701cb,,unreviewed,unreviewed,global_cls__c10__source0p5,motif_texture_weighted_mean__c10__source0p5,texture_weighted_mean,10.0,True,0.02297176216568915,0.009577503656430827,0.008293128330342356,0.001543505051375956,0.9576141007961617
img_a3854d88d2c1d05b,selection_conditional_full_development_oof_v4,dataset_dev/05_kosiv_ceramics/k024.jpg,05_kosiv_ceramics,05_kosiv_ceramics,True,0.9917333808828981,05_kosiv_ceramics,01_opishnyan_ceramics,03_bubnivka_ceramics,3,train,obj_single_a3854d88d2c1d05b,,unreviewed,unreviewed,global_cls__c10__source0p5,motif_texture_weighted_mean__c10__source0p5,texture_weighted_mean,10.0,True,0.005738907495160636,0.00018866617495500533,0.0020928965197672153,0.0002461489272190463,0.9917333808828981
img_201ea327ecbda98b,selection_conditional_full_development_oof_v4,dataset_dev/05_kosiv_ceramics/k026.jpg,05_kosiv_ceramics,05_kosiv_ceramics,True,0.9934574516541322,05_kosiv_ceramics,02_ornek,01_opishnyan_ceramics,3,train,src_manual_098,,vase_jug_or_vessel,clear,global_cls__c10__source0p5,motif_texture_weighted_mean__c10__source0p5,texture_weighted_mean,10.0,True,0.002141739541138371,0.0027466815387144363,0.0010176322588535767,0.0006364950071613437,0.9934574516541322
img_d94560ac59a4f026,selection_conditional_full_development_oof_v4,dataset_dev/05_kosiv_ceramics/k028.jpg,05_kosiv_ceramics,05_kosiv_ceramics,True,0.9981692832166681,05_kosiv_ceramics,01_opishnyan_ceramics,03_bubnivka_ceramics,2,train,src_manual_134,,plate_or_bowl,clear,global_cls__c10__source0p5,motif_texture_weighted_mean__c10__source0p5,texture_weighted_mean,10.0,True,0.0010797384743059329,0.00021482343883753603,0.0003961537156529573,0.00014000115453548885,0.9981692832166681
img_712c1c98a143eb40,selection_conditional_full_development_oof_v4,dataset_dev/05_kosiv_ceramics/k029.jpg,05_kosiv_ceramics,05_kosiv_ceramics,True,0.9808604007274663,05_kosiv_ceramics,01_opishnyan_ceramics,02_ornek,2,train,src_manual_068,,vase_jug_or_vessel,clear,global_cls__c10__source0p5,motif_texture_weighted_mean__c10__source0p5,texture_weighted_mean,10.0,True,0.017044870446441596,0.001240455236048706,0.0002621258007538387,0.0005921477892896038,0.9808604007274663
img_35a0eb48838172f1,selection_conditional_full_development_oof_v4,dataset_dev/05_kosiv_ceramics/k030.jpg,05_kosiv_ceramics,05_kosiv_ceramics,True,0.9899528012472064,05_kosiv_ceramics,02_ornek,03_bubnivka_ceramics,2,train,src_manual_063,,plate_or_bowl,clear,global_cls__c10__source0p5,motif_texture_weighted_mean__c10__source0p5,texture_weighted_mean,10.0,True,0.0012499454884299195,0.004696851329752449,0.0037106265597080146,0.0003897753749031249,0.9899528012472064
img_b6d4993a947d934b,selection_conditional_full_development_oof_v4,dataset_dev/05_kosiv_ceramics/k031.jpg,05_kosiv_ceramics,05_kosiv_ceramics,True,0.9969257490993125,05_kosiv_ceramics,03_bubnivka_ceramics,01_opishnyan_ceramics,1,train,src_manual_069,,plate_or_bowl,clear,global_cls__c10__source0p5,motif_texture_weighted_mean__c10__source0p5,texture_weighted_mean,10.0,True,0.0009793160439396822,0.0005564876920544771,0.0011603758519011533,0.00037807131279215633,0.9969257490993125
img_ddc67032f41ea357,selection_conditional_full_development_oof_v4,dataset_dev/05_kosiv_ceramics/k032.jpg,05_kosiv_ceramics,05_kosiv_ceramics,True,0.9752589562852836,05_kosiv_ceramics,01_opishnyan_ceramics,02_ornek,0,train,src_manual_022,,box_or_container,clear,global_cls__c10__source0p5,motif_texture_weighted_mean__c10__source0p5,texture_weighted_mean,10.0,True,0.018282116433311464,0.004217842273899906,0.0005185269487269113,0.001722558058778182,0.9752589562852836
img_ff407e2cdad41c6e,selection_conditional_full_development_oof_v4,dataset_dev/05_kosiv_ceramics/k033.jpg,05_kosiv_ceramics,05_kosiv_ceramics,True,0.9831890422815269,05_kosiv_ceramics,02_ornek,01_opishnyan_ceramics,3,train,src_manual_129,,vase_jug_or_vessel,clear,global_cls__c10__source0p5,motif_texture_weighted_mean__c10__source0p5,texture_weighted_mean,10.0,True,0.003015376531075795,0.01024811433611241,0.002362080394734622,0.0011853864565503074,0.9831890422815269
img_7194ca574b05eba0,selection_conditional_full_development_oof_v4,dataset_dev/05_kosiv_ceramics/k034.jpg,05_kosiv_ceramics,05_kosiv_ceramics,True,0.9896318927123303,05_kosiv_ceramics,01_opishnyan_ceramics,04_petrykivka_painting,1,train,src_manual_029,,figurine_or_sculpture,clear,global_cls__c10__source0p5,motif_texture_weighted_mean__c10__source0p5,texture_weighted_mean,10.0,True,0.0038880110630156177,0.0007845932940195285,0.0027013479898198734,0.0029941549408147635,0.9896318927123303
img_1518da0810767353,selection_conditional_full_development_oof_v4,dataset_dev/05_kosiv_ceramics/k035.jpg,05_kosiv_ceramics,05_kosiv_ceramics,True,0.9953843865883183,05_kosiv_ceramics,01_opishnyan_ceramics,04_petrykivka_painting,0,train,obj_single_1518da0810767353,,unreviewed,unreviewed,global_cls__c10__source0p5,motif_texture_weighted_mean__c10__source0p5,texture_weighted_mean,10.0,True,0.003238456167555865,0.00038455512748909726,0.0002657420512160332,0.0007268600654207979,0.9953843865883183
img_2f9cbeaa6d4a81f6,selection_conditional_full_development_oof_v4,dataset_dev/05_kosiv_ceramics/k036.jpg,05_kosiv_ceramics,05_kosiv_ceramics,True,0.9988077992642458,05_kosiv_ceramics,01_opishnyan_ceramics,03_bubnivka_ceramics,0,train,obj_single_2f9cbeaa6d4a81f6,,unreviewed,unreviewed,global_cls__c10__source0p5,motif_texture_weighted_mean__c10__source0p5,texture_weighted_mean,10.0,True,0.0009555278134897068,3.118720257152202e-05,0.00016638260234619746,3.9103117346671905e-05,0.9988077992642458
img_e6c533d7bbda4934,selection_conditional_full_development_oof_v4,dataset_dev/05_kosiv_ceramics/k037.jpg,05_kosiv_ceramics,05_kosiv_ceramics,True,0.9501905563764081,05_kosiv_ceramics,01_opishnyan_ceramics,04_petrykivka_painting,3,train,obj_single_e6c533d7bbda4934,,unreviewed,unreviewed,global_cls__c10__source0p5,motif_texture_weighted_mean__c10__source0p5,texture_weighted_mean,10.0,True,0.018478708617999162,0.006620244614381076,0.007397197452273134,0.017313292938938615,0.9501905563764081
img_becb79f335935ecc,selection_conditional_full_development_oof_v4,dataset_dev/05_kosiv_ceramics/k038.jpg,05_kosiv_ceramics,05_kosiv_ceramics,True,0.9942847351895217,05_kosiv_ceramics,01_opishnyan_ceramics,04_petrykivka_painting,2,train,obj_single_becb79f335935ecc,,unreviewed,unreviewed,global_cls__c10__source0p5,motif_texture_weighted_mean__c10__source0p5,texture_weighted_mean,10.0,True,0.004811711237680643,0.00041646277530689934,6.947355220979908e-05,0.00041761724528113835,0.9942847351895217
img_b690731c3aab9dd8,selection_conditional_full_development_oof_v4,dataset_dev/05_kosiv_ceramics/k039.jpg,05_kosiv_ceramics,05_kosiv_ceramics,True,0.985283860333378,05_kosiv_ceramics,01_opishnyan_ceramics,03_bubnivka_ceramics,0,train,obj_single_b690731c3aab9dd8,,unreviewed,unreviewed,global_cls__c10__source0p5,motif_texture_weighted_mean__c10__source0p5,texture_weighted_mean,10.0,True,0.010490340034624096,0.0016187886262036247,0.0019522354326662313,0.0006547755731279963,0.985283860333378
img_c6505bfe6d1989e8,selection_conditional_full_development_oof_v4,dataset_dev/05_kosiv_ceramics/k041.jpg,05_kosiv_ceramics,05_kosiv_ceramics,True,0.8992846021502988,05_kosiv_ceramics,01_opishnyan_ceramics,03_bubnivka_ceramics,1,train,obj_single_c6505bfe6d1989e8,,unreviewed,unreviewed,global_cls__c10__source0p5,motif_texture_weighted_mean__c10__source0p5,texture_weighted_mean,10.0,True,0.09792947210688574,0.00028491911454972747,0.0014251923756345738,0.0010758142526310008,0.8992846021502988
img_9bd1d97ab04116be,selection_conditional_full_development_oof_v4,dataset_dev/05_kosiv_ceramics/k042.jpg,05_kosiv_ceramics,05_kosiv_ceramics,True,0.9237990651498856,05_kosiv_ceramics,01_opishnyan_ceramics,03_bubnivka_ceramics,2,validation,obj_single_9bd1d97ab04116be,,unreviewed,unreviewed,global_cls__c10__source0p5,motif_texture_weighted_mean__c10__source0p5,texture_weighted_mean,10.0,True,0.06171020206054566,0.005430567964081973,0.00558402366084532,0.003476141164641361,0.9237990651498856
img_cc4b1e0db0ffa59d,selection_conditional_full_development_oof_v4,dataset_dev/05_kosiv_ceramics/k044.jpg,05_kosiv_ceramics,05_kosiv_ceramics,True,0.9708375882059873,05_kosiv_ceramics,02_ornek,03_bubnivka_ceramics,1,train,obj_single_cc4b1e0db0ffa59d,,unreviewed,unreviewed,global_cls__c10__source0p5,motif_texture_weighted_mean__c10__source0p5,texture_weighted_mean,10.0,True,0.0006814088057951514,0.016510553020195634,0.006868024749202221,0.005102425218819791,0.9708375882059873
img_c004baa4587ad0c8,selection_conditional_full_development_oof_v4,dataset_dev/05_kosiv_ceramics/k045.jpg,05_kosiv_ceramics,02_ornek,False,0.44246929668612983,02_ornek,05_kosiv_ceramics,01_opishnyan_ceramics,4,validation,srcgrp_48f4ed28de700f87,src_global_kos_textile_archive,unreviewed,unreviewed,global_cls__c10__source0p5,motif_texture_weighted_mean__c10__source0p5,texture_weighted_mean,10.0,True,0.04694799466791897,0.44246929668612983,0.03158336867907346,0.03815844728067306,0.4408408926862047
img_bdd5e1662abead18,selection_conditional_full_development_oof_v4,dataset_dev/05_kosiv_ceramics/k046.jpg,05_kosiv_ceramics,05_kosiv_ceramics,True,0.852663414268306,05_kosiv_ceramics,02_ornek,04_petrykivka_painting,4,validation,srcgrp_48f4ed28de700f87,src_global_kos_textile_archive,unreviewed,unreviewed,global_cls__c10__source0p5,motif_texture_weighted_mean__c10__source0p5,texture_weighted_mean,10.0,True,0.002032768856147648,0.0996982692513176,0.022432484037175102,0.023173063587053577,0.852663414268306
img_6c2fde452821d3e3,selection_conditional_full_development_oof_v4,dataset_dev/05_kosiv_ceramics/k048.jpg,05_kosiv_ceramics,05_kosiv_ceramics,True,0.9306208579520514,05_kosiv_ceramics,02_ornek,04_petrykivka_painting,4,validation,srcgrp_48f4ed28de700f87,src_global_kos_textile_archive,unreviewed,unreviewed,global_cls__c10__source0p5,motif_texture_weighted_mean__c10__source0p5,texture_weighted_mean,10.0,True,0.011993062956706926,0.03541851545988329,0.00767281273609439,0.014294750895263997,0.9306208579520514
img_030a712144a55558,selection_conditional_full_development_oof_v4,dataset_dev/05_kosiv_ceramics/k049.jpg,05_kosiv_ceramics,05_kosiv_ceramics,True,0.8359488339891746,05_kosiv_ceramics,03_bubnivka_ceramics,04_petrykivka_painting,4,validation,srcgrp_48f4ed28de700f87,src_global_kos_textile_archive,unreviewed,unreviewed,global_cls__c10__source0p5,motif_texture_weighted_mean__c10__source0p5,texture_weighted_mean,10.0,True,0.0017785468283433704,0.011803407882739921,0.0848072180681624,0.0656619932315797,0.8359488339891746
img_ade5e7554a95ab06,selection_conditional_full_development_oof_v4,dataset_dev/05_kosiv_ceramics/k051.jpg,05_kosiv_ceramics,05_kosiv_ceramics,True,0.9459218514770503,05_kosiv_ceramics,02_ornek,03_bubnivka_ceramics,4,validation,srcgrp_48f4ed28de700f87,src_global_kos_textile_archive,unreviewed,unreviewed,global_cls__c10__source0p5,motif_texture_weighted_mean__c10__source0p5,texture_weighted_mean,10.0,True,0.0042542241021744824,0.04039083616099613,0.00478067591886799,0.004652412340911097,0.9459218514770503
img_eb6257d176b13255,selection_conditional_full_development_oof_v4,dataset_dev/05_kosiv_ceramics/k052.jpg,05_kosiv_ceramics,05_kosiv_ceramics,True,0.9957604326087321,05_kosiv_ceramics,04_petrykivka_painting,01_opishnyan_ceramics,4,validation,srcgrp_48f4ed28de700f87,src_global_kos_textile_archive,unreviewed,unreviewed,global_cls__c10__source0p5,motif_texture_weighted_mean__c10__source0p5,texture_weighted_mean,10.0,True,0.0011296567785420578,0.0010870088540458449,0.00044717763262175277,0.00157572412605809,0.9957604326087321
img_5d3835d8e6b384be,selection_conditional_full_development_oof_v4,dataset_dev/05_kosiv_ceramics/k054.jpg,05_kosiv_ceramics,05_kosiv_ceramics,True,0.983248096006816,05_kosiv_ceramics,03_bubnivka_ceramics,04_petrykivka_painting,4,validation,srcgrp_48f4ed28de700f87,src_global_kos_textile_archive,unreviewed,unreviewed,global_cls__c10__source0p5,motif_texture_weighted_mean__c10__source0p5,texture_weighted_mean,10.0,True,0.0014740877540805313,0.0005325569259805865,0.007410528500468373,0.00733473081265454,0.983248096006816
img_bbb6f7d136e62076,selection_conditional_full_development_oof_v4,dataset_dev/05_kosiv_ceramics/k055.jpg,05_kosiv_ceramics,05_kosiv_ceramics,True,0.958936181513117,05_kosiv_ceramics,03_bubnivka_ceramics,02_ornek,4,validation,srcgrp_48f4ed28de700f87,src_global_kos_textile_archive,unreviewed,unreviewed,global_cls__c10__source0p5,motif_texture_weighted_mean__c10__source0p5,texture_weighted_mean,10.0,True,0.00796509846220675,0.009480255138678968,0.017716079600538504,0.005902385285458843,0.958936181513117
img_c9c6ead5cd42b9db,selection_conditional_full_development_oof_v4,dataset_dev/05_kosiv_ceramics/k057.jpg,05_kosiv_ceramics,05_kosiv_ceramics,True,0.898948877943253,05_kosiv_ceramics,01_opishnyan_ceramics,03_bubnivka_ceramics,4,validation,srcgrp_48f4ed28de700f87,src_global_kos_textile_archive,unreviewed,unreviewed,global_cls__c10__source0p5,motif_texture_weighted_mean__c10__source0p5,texture_weighted_mean,10.0,True,0.046395384528259136,0.025961561559326062,0.026258379795394308,0.0024357961737675954,0.898948877943253
img_f89f265604241cc8,selection_conditional_full_development_oof_v4,dataset_dev/05_kosiv_ceramics/k059.jpg,05_kosiv_ceramics,05_kosiv_ceramics,True,0.7882674214317287,05_kosiv_ceramics,01_opishnyan_ceramics,03_bubnivka_ceramics,4,validation,srcgrp_48f4ed28de700f87,src_global_kos_textile_archive,unreviewed,unreviewed,global_cls__c10__source0p5,motif_texture_weighted_mean__c10__source0p5,texture_weighted_mean,10.0,True,0.18691810788087873,0.0111947869758988,0.012264856523674712,0.0013548271878190737,0.7882674214317287
img_7baaf5490cab4294,selection_conditional_full_development_oof_v4,dataset_dev/05_kosiv_ceramics/k061.jpg,05_kosiv_ceramics,05_kosiv_ceramics,True,0.9517818189853546,05_kosiv_ceramics,02_ornek,03_bubnivka_ceramics,4,validation,srcgrp_48f4ed28de700f87,src_global_kos_textile_archive,unreviewed,unreviewed,global_cls__c10__source0p5,motif_texture_weighted_mean__c10__source0p5,texture_weighted_mean,10.0,True,0.0009612432133368163,0.03645269692225096,0.010534780614763982,0.0002694602642936672,0.9517818189853546
img_0dbe5daebf3b6fb6,selection_conditional_full_development_oof_v4,dataset_dev/05_kosiv_ceramics/k062.jpg,05_kosiv_ceramics,05_kosiv_ceramics,True,0.9012168742011113,05_kosiv_ceramics,03_bubnivka_ceramics,02_ornek,4,validation,srcgrp_48f4ed28de700f87,src_global_kos_textile_archive,unreviewed,unreviewed,global_cls__c10__source0p5,motif_texture_weighted_mean__c10__source0p5,texture_weighted_mean,10.0,True,0.003961234706501082,0.020401394081776946,0.06785578892954205,0.006564708081068638,0.9012168742011113
img_8dd60cd715905ae6,selection_conditional_full_development_oof_v4,dataset_dev/05_kosiv_ceramics/k063.jpg,05_kosiv_ceramics,05_kosiv_ceramics,True,0.9432206324232273,05_kosiv_ceramics,01_opishnyan_ceramics,04_petrykivka_painting,4,validation,srcgrp_48f4ed28de700f87,src_global_kos_textile_archive,unreviewed,unreviewed,global_cls__c10__source0p5,motif_texture_weighted_mean__c10__source0p5,texture_weighted_mean,10.0,True,0.02258334382861171,0.008485487165761888,0.00611224541721042,0.019598291165188655,0.9432206324232273
img_bf0d88285b74f318,selection_conditional_full_development_oof_v4,dataset_dev/05_kosiv_ceramics/k065.jpg,05_kosiv_ceramics,05_kosiv_ceramics,True,0.857783778323137,05_kosiv_ceramics,03_bubnivka_ceramics,02_ornek,4,validation,srcgrp_48f4ed28de700f87,src_global_kos_textile_archive,unreviewed,unreviewed,global_cls__c10__source0p5,motif_texture_weighted_mean__c10__source0p5,texture_weighted_mean,10.0,True,0.012730298173795453,0.028221949033196553,0.10024360362037554,0.001020370849495432,0.857783778323137
img_b801da16b6f9b3ff,selection_conditional_full_development_oof_v4,dataset_dev/05_kosiv_ceramics/k066.jpg,05_kosiv_ceramics,05_kosiv_ceramics,True,0.9759487953816992,05_kosiv_ceramics,02_ornek,04_petrykivka_painting,4,validation,srcgrp_48f4ed28de700f87,src_global_kos_textile_archive,unreviewed,unreviewed,global_cls__c10__source0p5,motif_texture_weighted_mean__c10__source0p5,texture_weighted_mean,10.0,True,0.0022586789256474186,0.014836185560947627,0.003074031767613425,0.003882308364092197,0.9759487953816992
img_64a263961626438d,selection_conditional_full_development_oof_v4,dataset_dev/05_kosiv_ceramics/k067.jpg,05_kosiv_ceramics,05_kosiv_ceramics,True,0.9172648195479227,05_kosiv_ceramics,02_ornek,03_bubnivka_ceramics,4,validation,srcgrp_48f4ed28de700f87,src_global_kos_textile_archive,unreviewed,unreviewed,global_cls__c10__source0p5,motif_texture_weighted_mean__c10__source0p5,texture_weighted_mean,10.0,True,0.005061068035412335,0.03480396524155412,0.027525039745055477,0.015345107430055412,0.9172648195479227
img_58771329921d7c49,selection_conditional_full_development_oof_v4,dataset_dev/05_kosiv_ceramics/k068.jpg,05_kosiv_ceramics,05_kosiv_ceramics,True,0.8920381758401988,05_kosiv_ceramics,04_petrykivka_painting,03_bubnivka_ceramics,4,validation,srcgrp_48f4ed28de700f87,src_global_kos_textile_archive,plate_or_bowl,clear,global_cls__c10__source0p5,motif_texture_weighted_mean__c10__source0p5,texture_weighted_mean,10.0,True,0.007778016034137968,0.005756521649743636,0.019172408941858017,0.07525487753406152,0.8920381758401988
img_76e52093d5bb6492,selection_conditional_full_development_oof_v4,dataset_dev/05_kosiv_ceramics/k069.jpg,05_kosiv_ceramics,05_kosiv_ceramics,True,0.9792316046500544,05_kosiv_ceramics,02_ornek,03_bubnivka_ceramics,4,validation,srcgrp_48f4ed28de700f87,src_global_kos_textile_archive,unreviewed,unreviewed,global_cls__c10__source0p5,motif_texture_weighted_mean__c10__source0p5,texture_weighted_mean,10.0,True,0.0005271728264097417,0.015660386931960295,0.003137354807689628,0.0014434807838858705,0.9792316046500544
img_10d55a4ef345f5b5,selection_conditional_full_development_oof_v4,dataset_dev/05_kosiv_ceramics/k070.jpg,05_kosiv_ceramics,05_kosiv_ceramics,True,0.853351344426024,05_kosiv_ceramics,02_ornek,04_petrykivka_painting,4,validation,srcgrp_48f4ed28de700f87,src_global_kos_textile_archive,unreviewed,unreviewed,global_cls__c10__source0p5,motif_texture_weighted_mean__c10__source0p5,texture_weighted_mean,10.0,True,0.00420423464439214,0.12723740814161486,0.00462802244860934,0.01057899033935971,0.853351344426024
img_c3d8db03fbdff2c8,selection_conditional_full_development_oof_v4,dataset_dev/05_kosiv_ceramics/k084.jpg,05_kosiv_ceramics,05_kosiv_ceramics,True,0.9977256246041885,05_kosiv_ceramics,01_opishnyan_ceramics,04_petrykivka_painting,1,train,obj_single_c3d8db03fbdff2c8,,unreviewed,unreviewed,global_cls__c10__source0p5,motif_texture_weighted_mean__c10__source0p5,texture_weighted_mean,10.0,True,0.0012110515287985589,1.9782890938852534e-05,0.00013707541573782525,0.0009064655603362724,0.9977256246041885
img_db0937e23c4251b5,selection_conditional_full_development_oof_v4,dataset_dev/05_kosiv_ceramics/k085.jpg,05_kosiv_ceramics,05_kosiv_ceramics,True,0.9251875325798791,05_kosiv_ceramics,01_opishnyan_ceramics,03_bubnivka_ceramics,2,train,obj_single_db0937e23c4251b5,,unreviewed,unreviewed,global_cls__c10__source0p5,motif_texture_weighted_mean__c10__source0p5,texture_weighted_mean,10.0,True,0.05238998774459045,0.000713590520670355,0.011094310223781056,0.010614578931078969,0.9251875325798791
img_3ebaec761a87f9c3,selection_conditional_full_development_oof_v4,dataset_dev/05_kosiv_ceramics/k086.jpg,05_kosiv_ceramics,05_kosiv_ceramics,True,0.9439219318336721,05_kosiv_ceramics,02_ornek,03_bubnivka_ceramics,1,train,obj_single_3ebaec761a87f9c3,,unreviewed,unreviewed,global_cls__c10__source0p5,motif_texture_weighted_mean__c10__source0p5,texture_weighted_mean,10.0,True,0.003644105769678518,0.03393644668700526,0.00925520331690782,0.009242312392736334,0.9439219318336721
img_014efdd9052641f0,selection_conditional_full_development_oof_v4,dataset_dev/05_kosiv_ceramics/k088.jpg,05_kosiv_ceramics,05_kosiv_ceramics,True,0.951793607130831,05_kosiv_ceramics,03_bubnivka_ceramics,02_ornek,3,train,obj_single_014efdd9052641f0,,unreviewed,unreviewed,global_cls__c10__source0p5,motif_texture_weighted_mean__c10__source0p5,texture_weighted_mean,10.0,True,0.0015903807559204369,0.013695698023626676,0.02852143605614083,0.004398878033480884,0.951793607130831
img_22ae978e6f6a2683,selection_conditional_full_development_oof_v4,dataset_dev/05_kosiv_ceramics/k089.png,05_kosiv_ceramics,05_kosiv_ceramics,True,0.9924658817099831,05_kosiv_ceramics,02_ornek,03_bubnivka_ceramics,1,train,obj_single_22ae978e6f6a2683,,unreviewed,unreviewed,global_cls__c10__source0p5,motif_texture_weighted_mean__c10__source0p5,texture_weighted_mean,10.0,True,0.00029288501954804455,0.004520940007174396,0.0017317964759436366,0.0009884967873509218,0.9924658817099831
img_cc1f2de5d73e4197,selection_conditional_full_development_oof_v4,dataset_dev/05_kosiv_ceramics/k090.png,05_kosiv_ceramics,05_kosiv_ceramics,True,0.9344549255995135,05_kosiv_ceramics,01_opishnyan_ceramics,04_petrykivka_painting,1,train,obj_single_cc1f2de5d73e4197,,unreviewed,unreviewed,global_cls__c10__source0p5,motif_texture_weighted_mean__c10__source0p5,texture_weighted_mean,10.0,True,0.06442706720662783,8.403019627328393e-05,0.0003870733596292604,0.0006469036379561755,0.9344549255995135
img_fc43a814cf287259,selection_conditional_full_development_oof_v4,dataset_dev/05_kosiv_ceramics/k091.png,05_kosiv_ceramics,05_kosiv_ceramics,True,0.9926931721358037,05_kosiv_ceramics,01_opishnyan_ceramics,03_bubnivka_ceramics,2,train,obj_single_fc43a814cf287259,,unreviewed,unreviewed,global_cls__c10__source0p5,motif_texture_weighted_mean__c10__source0p5,texture_weighted_mean,10.0,True,0.002782488498126422,0.0016203164743201954,0.002744857168953629,0.00015916572279613418,0.9926931721358037
img_cbf142756cb28968,selection_conditional_full_development_oof_v4,dataset_dev/05_kosiv_ceramics/k094.jpg,05_kosiv_ceramics,05_kosiv_ceramics,True,0.9711879170895663,05_kosiv_ceramics,04_petrykivka_painting,02_ornek,1,train,src_manual_067,,painting_print_or_panel,clear,global_cls__c10__source0p5,motif_texture_weighted_mean__c10__source0p5,texture_weighted_mean,10.0,True,0.0012908813038990258,0.007547496967863455,0.00453280725899551,0.015440897379675753,0.9711879170895663
img_4e3bcfc77c226c11,selection_conditional_full_development_oof_v4,dataset_dev/05_kosiv_ceramics/k097.jpg,05_kosiv_ceramics,05_kosiv_ceramics,True,0.9260641743428134,05_kosiv_ceramics,01_opishnyan_ceramics,02_ornek,2,train,obj_single_4e3bcfc77c226c11,,unreviewed,unreviewed,global_cls__c10__source0p5,motif_texture_weighted_mean__c10__source0p5,texture_weighted_mean,10.0,True,0.0715017653016767,0.001010537435667455,0.0008024769956206891,0.0006210459242216861,0.9260641743428134
img_48a2f48d83afa129,selection_conditional_full_development_oof_v4,dataset_dev/05_kosiv_ceramics/k098.jpg,05_kosiv_ceramics,05_kosiv_ceramics,True,0.9853213660556077,05_kosiv_ceramics,02_ornek,04_petrykivka_painting,2,train,obj_single_48a2f48d83afa129,,unreviewed,unreviewed,global_cls__c10__source0p5,motif_texture_weighted_mean__c10__source0p5,texture_weighted_mean,10.0,True,0.0001458146702981355,0.00922829800083948,0.0005574614034199513,0.004747059869834623,0.9853213660556077
img_741a34a61772d185,selection_conditional_full_development_oof_v4,dataset_dev/05_kosiv_ceramics/k100.jpg,05_kosiv_ceramics,05_kosiv_ceramics,True,0.9937033255551929,05_kosiv_ceramics,04_petrykivka_painting,02_ornek,2,train,obj_single_741a34a61772d185,,unreviewed,unreviewed,global_cls__c10__source0p5,motif_texture_weighted_mean__c10__source0p5,texture_weighted_mean,10.0,True,0.00026446483566306203,0.00237362928505553,0.0010285838634781373,0.002629996460610297,0.9937033255551929
img_294d3fb6f88c009d,selection_conditional_full_development_oof_v4,dataset_dev/05_kosiv_ceramics/k102.jpg,05_kosiv_ceramics,05_kosiv_ceramics,True,0.9964228738849378,05_kosiv_ceramics,01_opishnyan_ceramics,03_bubnivka_ceramics,2,train,obj_single_294d3fb6f88c009d,,unreviewed,unreviewed,global_cls__c10__source0p5,motif_texture_weighted_mean__c10__source0p5,texture_weighted_mean,10.0,True,0.0015532419808124128,0.0008600123224980077,0.000873250394235456,0.00029062141751633506,0.9964228738849378
img_e75fa1156a79bd07,selection_conditional_full_development_oof_v4,dataset_dev/05_kosiv_ceramics/k103.jpg,05_kosiv_ceramics,05_kosiv_ceramics,True,0.9905471276200926,05_kosiv_ceramics,03_bubnivka_ceramics,02_ornek,3,train,obj_single_e75fa1156a79bd07,,unreviewed,unreviewed,global_cls__c10__source0p5,motif_texture_weighted_mean__c10__source0p5,texture_weighted_mean,10.0,True,0.0019711993595260364,0.002251421230457431,0.004687163582621523,0.000543088207302356,0.9905471276200926
img_be4fd1192f54884e,selection_conditional_full_development_oof_v4,dataset_dev/05_kosiv_ceramics/k105.jpg,05_kosiv_ceramics,05_kosiv_ceramics,True,0.9925335838672996,05_kosiv_ceramics,02_ornek,04_petrykivka_painting,1,train,obj_single_be4fd1192f54884e,,unreviewed,unreviewed,global_cls__c10__source0p5,motif_texture_weighted_mean__c10__source0p5,texture_weighted_mean,10.0,True,0.0005880626070183465,0.004797283306138344,0.0006038148238399515,0.0014772553957037092,0.9925335838672996
img_bb771794a10153ae,selection_conditional_full_development_oof_v4,dataset_dev/05_kosiv_ceramics/k107.jpg,05_kosiv_ceramics,05_kosiv_ceramics,True,0.9961129160585908,05_kosiv_ceramics,04_petrykivka_painting,01_opishnyan_ceramics,2,train,obj_single_bb771794a10153ae,,unreviewed,unreviewed,global_cls__c10__source0p5,motif_texture_weighted_mean__c10__source0p5,texture_weighted_mean,10.0,True,0.0010872529535126928,0.0006712606227414311,0.0005050495330775403,0.0016235208320774352,0.9961129160585908
img_0244da99143c60bb,selection_conditional_full_development_oof_v4,dataset_dev/05_kosiv_ceramics/k108.jpg,05_kosiv_ceramics,05_kosiv_ceramics,True,0.9937668384664451,05_kosiv_ceramics,04_petrykivka_painting,02_ornek,0,train,obj_single_0244da99143c60bb,,unreviewed,unreviewed,global_cls__c10__source0p5,motif_texture_weighted_mean__c10__source0p5,texture_weighted_mean,10.0,True,0.00037049024377577925,0.002459938002222065,0.0003408796383436308,0.003061853649213339,0.9937668384664451
img_0641acb2063ab1be,selection_conditional_full_development_oof_v4,dataset_dev/05_kosiv_ceramics/k109.jpg,05_kosiv_ceramics,05_kosiv_ceramics,True,0.9841419758485979,05_kosiv_ceramics,01_opishnyan_ceramics,04_petrykivka_painting,0,train,obj_single_0641acb2063ab1be,,unreviewed,unreviewed,global_cls__c10__source0p5,motif_texture_weighted_mean__c10__source0p5,texture_weighted_mean,10.0,True,0.012914202697938245,0.0005107571288867806,0.0011829156968796402,0.0012501486276973806,0.9841419758485979
img_b80d25f3a9995232,selection_conditional_full_development_oof_v4,dataset_dev/05_kosiv_ceramics/k110.jpg,05_kosiv_ceramics,05_kosiv_ceramics,True,0.749705824418921,05_kosiv_ceramics,02_ornek,03_bubnivka_ceramics,3,train,obj_single_b80d25f3a9995232,,unreviewed,unreviewed,global_cls__c10__source0p5,motif_texture_weighted_mean__c10__source0p5,texture_weighted_mean,10.0,True,0.057728887660471774,0.11872800054944643,0.0636329353826539,0.010204351988506912,0.749705824418921
img_90fdcf6bf065b1a9,selection_conditional_full_development_oof_v4,dataset_dev/05_kosiv_ceramics/k111.jpg,05_kosiv_ceramics,02_ornek,False,0.5097279358306522,02_ornek,05_kosiv_ceramics,01_opishnyan_ceramics,3,train,obj_single_90fdcf6bf065b1a9,,unreviewed,unreviewed,global_cls__c10__source0p5,motif_texture_weighted_mean__c10__source0p5,texture_weighted_mean,10.0,True,0.013322251270035218,0.5097279358306522,0.0053600125993356305,0.0006263511269997407,0.470963449172977
img_3a2e716dba0ac3ae,selection_conditional_full_development_oof_v4,dataset_dev/05_kosiv_ceramics/k149.jpg,05_kosiv_ceramics,05_kosiv_ceramics,True,0.9931049802673065,05_kosiv_ceramics,01_opishnyan_ceramics,02_ornek,4,validation,srcgrp_12d0f482c0fc3b5c,src_global_kos_shop_camera_series,unreviewed,unreviewed,global_cls__c10__source0p5,motif_texture_weighted_mean__c10__source0p5,texture_weighted_mean,10.0,True,0.005409128194881332,0.0008119714850695658,0.0005040478448688052,0.0001698722078736646,0.9931049802673065
img_eb8b8171b06e7991,selection_conditional_full_development_oof_v4,dataset_dev/05_kosiv_ceramics/k158.jpg,05_kosiv_ceramics,05_kosiv_ceramics,True,0.997264994938673,05_kosiv_ceramics,03_bubnivka_ceramics,02_ornek,4,validation,srcgrp_12d0f482c0fc3b5c,src_global_kos_shop_camera_series,unreviewed,unreviewed,global_cls__c10__source0p5,motif_texture_weighted_mean__c10__source0p5,texture_weighted_mean,10.0,True,0.000136770755461143,0.0008638878954775537,0.0011580515031568727,0.0005762949072314098,0.997264994938673
img_86185bda3778c7a5,selection_conditional_full_development_oof_v4,dataset_dev/05_kosiv_ceramics/k165.jpg,05_kosiv_ceramics,05_kosiv_ceramics,True,0.9749412031446559,05_kosiv_ceramics,02_ornek,04_petrykivka_painting,4,validation,srcgrp_12d0f482c0fc3b5c,src_global_kos_shop_camera_series,unreviewed,unreviewed,global_cls__c10__source0p5,motif_texture_weighted_mean__c10__source0p5,texture_weighted_mean,10.0,True,4.7016112158202395e-05,0.021858393565881398,0.001469269930369089,0.0016841172469354532,0.9749412031446559
img_d186c5b4e3d5f8a1,selection_conditional_full_development_oof_v4,dataset_dev/05_kosiv_ceramics/k170.jpg,05_kosiv_ceramics,05_kosiv_ceramics,True,0.9926629024050636,05_kosiv_ceramics,03_bubnivka_ceramics,02_ornek,4,validation,srcgrp_12d0f482c0fc3b5c,src_global_kos_shop_camera_series,unreviewed,unreviewed,global_cls__c10__source0p5,motif_texture_weighted_mean__c10__source0p5,texture_weighted_mean,10.0,True,0.0003247579234300695,0.001702320390266951,0.0050227135339502675,0.00028730574728916703,0.9926629024050636
img_7856824919164370,selection_conditional_full_development_oof_v4,dataset_dev/05_kosiv_ceramics/k171.jpg,05_kosiv_ceramics,05_kosiv_ceramics,True,0.9943420763703921,05_kosiv_ceramics,01_opishnyan_ceramics,02_ornek,0,train,obj_single_7856824919164370,,unreviewed,unreviewed,global_cls__c10__source0p5,motif_texture_weighted_mean__c10__source0p5,texture_weighted_mean,10.0,True,0.0021399730679208975,0.0021045059495516647,0.0009849574903077125,0.0004284871218276256,0.9943420763703921
img_4a8c05837f8ce520,selection_conditional_full_development_oof_v4,dataset_dev/05_kosiv_ceramics/k172.jpg,05_kosiv_ceramics,05_kosiv_ceramics,True,0.9933037625173149,05_kosiv_ceramics,03_bubnivka_ceramics,02_ornek,0,train,src_manual_132,,plate_or_bowl,clear,global_cls__c10__source0p5,motif_texture_weighted_mean__c10__source0p5,texture_weighted_mean,10.0,True,0.0011252064315058466,0.0020823800772840646,0.002665016438250218,0.0008236345356448778,0.9933037625173149
img_0127c4ff1f3b2432,selection_conditional_full_development_oof_v4,dataset_dev/05_kosiv_ceramics/k173.jpg,05_kosiv_ceramics,05_kosiv_ceramics,True,0.9937475362570095,05_kosiv_ceramics,02_ornek,04_petrykivka_painting,3,train,src_manual_052,,painting_print_or_panel,clear,global_cls__c10__source0p5,motif_texture_weighted_mean__c10__source0p5,texture_weighted_mean,10.0,True,5.9167547135691027e-05,0.0034415762190701093,0.00110802706683435,0.0016436929099504208,0.9937475362570095
img_cf878b0e509dea78,selection_conditional_full_development_oof_v4,dataset_dev/05_kosiv_ceramics/k176.jpg,05_kosiv_ceramics,05_kosiv_ceramics,True,0.988797903122864,05_kosiv_ceramics,01_opishnyan_ceramics,02_ornek,0,train,obj_single_cf878b0e509dea78,,unreviewed,unreviewed,global_cls__c10__source0p5,motif_texture_weighted_mean__c10__source0p5,texture_weighted_mean,10.0,True,0.006070358907515633,0.003479995738066121,0.0010048071476435748,0.0006469350839107661,0.988797903122864
img_6b50317e8ce4f75a,selection_conditional_full_development_oof_v4,dataset_dev/05_kosiv_ceramics/k177.jpg,05_kosiv_ceramics,05_kosiv_ceramics,True,0.9700191305521983,05_kosiv_ceramics,02_ornek,04_petrykivka_painting,0,train,obj_single_6b50317e8ce4f75a,,unreviewed,unreviewed,global_cls__c10__source0p5,motif_texture_weighted_mean__c10__source0p5,texture_weighted_mean,10.0,True,0.000253405433271426,0.027646670407503925,0.0008363474702804694,0.0012444461367459017,0.9700191305521983
img_da4fdd82af7784ac,selection_conditional_full_development_oof_v4,dataset_dev/05_kosiv_ceramics/k180.jpg,05_kosiv_ceramics,05_kosiv_ceramics,True,0.8731378302681608,05_kosiv_ceramics,02_ornek,01_opishnyan_ceramics,2,train,obj_single_da4fdd82af7784ac,,unreviewed,unreviewed,global_cls__c10__source0p5,motif_texture_weighted_mean__c10__source0p5,texture_weighted_mean,10.0,True,0.004428962983437982,0.11493328551924938,0.0031647611936469833,0.004335160035504928,0.8731378302681608
img_a418648f2c5e4d1b,selection_conditional_full_development_oof_v4,dataset_dev/05_kosiv_ceramics/k187.jpg,05_kosiv_ceramics,05_kosiv_ceramics,True,0.5206561204260347,05_kosiv_ceramics,04_petrykivka_painting,02_ornek,3,train,obj_single_a418648f2c5e4d1b,,unreviewed,unreviewed,global_cls__c10__source0p5,motif_texture_weighted_mean__c10__source0p5,texture_weighted_mean,10.0,True,0.03209357031809276,0.0827088174774191,0.01892123446673276,0.34562025731172075,0.5206561204260347
img_b73aedff8069b9d5,selection_conditional_full_development_oof_v4,dataset_dev/05_kosiv_ceramics/k189.jpg,05_kosiv_ceramics,05_kosiv_ceramics,True,0.9530262837153437,05_kosiv_ceramics,01_opishnyan_ceramics,02_ornek,2,train,obj_single_b73aedff8069b9d5,,unreviewed,unreviewed,global_cls__c10__source0p5,motif_texture_weighted_mean__c10__source0p5,texture_weighted_mean,10.0,True,0.03381319279062193,0.006417318518589797,0.0020101984965012957,0.004733006478943167,0.9530262837153437
img_6a4ff3216ea6a4e7,selection_conditional_full_development_oof_v4,dataset_dev/05_kosiv_ceramics/k190.jpg,05_kosiv_ceramics,05_kosiv_ceramics,True,0.9513907686814442,05_kosiv_ceramics,02_ornek,04_petrykivka_painting,0,train,obj_single_6a4ff3216ea6a4e7,,unreviewed,unreviewed,global_cls__c10__source0p5,motif_texture_weighted_mean__c10__source0p5,texture_weighted_mean,10.0,True,0.002265180424604376,0.03601880626767372,0.003436218741360508,0.00688902588491712,0.9513907686814442
img_15270ac7cdf1890e,selection_conditional_full_development_oof_v4,dataset_dev/05_kosiv_ceramics/k191.jpg,05_kosiv_ceramics,05_kosiv_ceramics,True,0.8782158134283158,05_kosiv_ceramics,02_ornek,01_opishnyan_ceramics,3,train,obj_single_15270ac7cdf1890e,,unreviewed,unreviewed,global_cls__c10__source0p5,motif_texture_weighted_mean__c10__source0p5,texture_weighted_mean,10.0,True,0.02023209245524751,0.07439463164234997,0.014014174333308411,0.013143288140778408,0.8782158134283158
img_a431e7a829f5b2ff,selection_conditional_full_development_oof_v4,dataset_dev/05_kosiv_ceramics/k195.jpg,05_kosiv_ceramics,05_kosiv_ceramics,True,0.9578905395012313,05_kosiv_ceramics,02_ornek,04_petrykivka_painting,3,train,obj_single_a431e7a829f5b2ff,,unreviewed,unreviewed,global_cls__c10__source0p5,motif_texture_weighted_mean__c10__source0p5,texture_weighted_mean,10.0,True,0.0032914709833541927,0.03047681828670731,0.003334869309725764,0.005006301918981377,0.9578905395012313
img_a7fa4c0ba64e19b3,selection_conditional_full_development_oof_v4,dataset_dev/05_kosiv_ceramics/k197.jpg,05_kosiv_ceramics,05_kosiv_ceramics,True,0.7980920956171231,05_kosiv_ceramics,02_ornek,01_opishnyan_ceramics,3,train,obj_single_a7fa4c0ba64e19b3,,unreviewed,unreviewed,global_cls__c10__source0p5,motif_texture_weighted_mean__c10__source0p5,texture_weighted_mean,10.0,True,0.0788557123925095,0.0934274366955838,0.027100197651235714,0.002524557643547855,0.7980920956171231
img_44edc2fb53ced032,selection_conditional_full_development_oof_v4,dataset_dev/05_kosiv_ceramics/k198.jpg,05_kosiv_ceramics,05_kosiv_ceramics,True,0.9369228116177175,05_kosiv_ceramics,02_ornek,04_petrykivka_painting,3,train,obj_single_44edc2fb53ced032,,unreviewed,unreviewed,global_cls__c10__source0p5,motif_texture_weighted_mean__c10__source0p5,texture_weighted_mean,10.0,True,0.0009085833025259475,0.0393995177553438,0.0065294269672039745,0.016239660357208727,0.9369228116177175
img_8b4d52277a4f6784,selection_conditional_full_development_oof_v4,dataset_dev/05_kosiv_ceramics/k202.jpg,05_kosiv_ceramics,05_kosiv_ceramics,True,0.9708504136626545,05_kosiv_ceramics,01_opishnyan_ceramics,02_ornek,3,train,obj_single_8b4d52277a4f6784,,unreviewed,unreviewed,global_cls__c10__source0p5,motif_texture_weighted_mean__c10__source0p5,texture_weighted_mean,10.0,True,0.019916017680311163,0.003975359396359652,0.002453993642001535,0.0028042156186731232,0.9708504136626545
img_d91e2808078cb270,selection_conditional_full_development_oof_v4,dataset_dev/05_kosiv_ceramics/k203.jpg,05_kosiv_ceramics,05_kosiv_ceramics,True,0.9943349095588723,05_kosiv_ceramics,01_opishnyan_ceramics,04_petrykivka_painting,1,train,obj_single_d91e2808078cb270,,unreviewed,unreviewed,global_cls__c10__source0p5,motif_texture_weighted_mean__c10__source0p5,texture_weighted_mean,10.0,True,0.0022309632800134893,0.001130944175291653,0.0007339127323641577,0.00156927025345846,0.9943349095588723
img_0ac2aec1a477479e,selection_conditional_full_development_oof_v4,dataset_dev/05_kosiv_ceramics/k204.jpg,05_kosiv_ceramics,05_kosiv_ceramics,True,0.9907578236198056,05_kosiv_ceramics,04_petrykivka_painting,03_bubnivka_ceramics,1,train,src_manual_089,,vase_jug_or_vessel,clear,global_cls__c10__source0p5,motif_texture_weighted_mean__c10__source0p5,texture_weighted_mean,10.0,True,0.0007964793240311361,0.0017550283361324585,0.002281096378208356,0.004409572341822507,0.9907578236198056
img_6a787c43754347fd,selection_conditional_full_development_oof_v4,dataset_dev/05_kosiv_ceramics/k205.jpg,05_kosiv_ceramics,05_kosiv_ceramics,True,0.963267895779849,05_kosiv_ceramics,02_ornek,04_petrykivka_painting,1,train,obj_single_6a787c43754347fd,,unreviewed,unreviewed,global_cls__c10__source0p5,motif_texture_weighted_mean__c10__source0p5,texture_weighted_mean,10.0,True,0.0005920553929532245,0.030121312442994146,0.0029948590325778574,0.0030238773516258646,0.963267895779849
img_0afcd1fec3a5538a,selection_conditional_full_development_oof_v4,dataset_dev/05_kosiv_ceramics/k206.jpg,05_kosiv_ceramics,05_kosiv_ceramics,True,0.9960599253431921,05_kosiv_ceramics,02_ornek,04_petrykivka_painting,2,train,obj_single_0afcd1fec3a5538a,,unreviewed,unreviewed,global_cls__c10__source0p5,motif_texture_weighted_mean__c10__source0p5,texture_weighted_mean,10.0,True,0.000234787287906046,0.001822602467964549,0.0008360305050389778,0.0010466543958983032,0.9960599253431921
img_d49437ee72e9b67c,selection_conditional_full_development_oof_v4,dataset_dev/05_kosiv_ceramics/k207.jpg,05_kosiv_ceramics,05_kosiv_ceramics,True,0.9738200127821256,05_kosiv_ceramics,04_petrykivka_painting,02_ornek,1,train,obj_single_d49437ee72e9b67c,,unreviewed,unreviewed,global_cls__c10__source0p5,motif_texture_weighted_mean__c10__source0p5,texture_weighted_mean,10.0,True,0.00584949040097156,0.008097354603938628,0.002495114254479561,0.009738027958484712,0.9738200127821256
img_0bf4f8a6950fff03,selection_conditional_full_development_oof_v4,dataset_dev/05_kosiv_ceramics/k212.jpg,05_kosiv_ceramics,05_kosiv_ceramics,True,0.9540412705292625,05_kosiv_ceramics,02_ornek,01_opishnyan_ceramics,4,train,obj_single_0bf4f8a6950fff03,,unreviewed,unreviewed,global_cls__c10__source0p5,motif_texture_weighted_mean__c10__source0p5,texture_weighted_mean,10.0,True,0.010844053121946291,0.02695979476585844,0.007676392205846773,0.0004784893770860505,0.9540412705292625
img_dc9024342557ab45,selection_conditional_full_development_oof_v4,dataset_dev/05_kosiv_ceramics/k214.jpg,05_kosiv_ceramics,05_kosiv_ceramics,True,0.9892404926258282,05_kosiv_ceramics,04_petrykivka_painting,03_bubnivka_ceramics,2,train,obj_single_dc9024342557ab45,,unreviewed,unreviewed,global_cls__c10__source0p5,motif_texture_weighted_mean__c10__source0p5,texture_weighted_mean,10.0,True,0.0002180480193987342,0.0008637033320039436,0.0038444431490414865,0.00583331287372754,0.9892404926258282
img_606ca58fdaa0ab3d,selection_conditional_full_development_oof_v4,dataset_dev/05_kosiv_ceramics/k215.jpg,05_kosiv_ceramics,05_kosiv_ceramics,True,0.9967531415668989,05_kosiv_ceramics,01_opishnyan_ceramics,04_petrykivka_painting,3,train,obj_single_606ca58fdaa0ab3d,,unreviewed,unreviewed,global_cls__c10__source0p5,motif_texture_weighted_mean__c10__source0p5,texture_weighted_mean,10.0,True,0.001276531626695359,0.0003119325649073725,0.0006666727369089984,0.0009917215045893986,0.9967531415668989
img_1f57bf54655f2a1e,selection_conditional_full_development_oof_v4,dataset_dev/05_kosiv_ceramics/k217.jpg,05_kosiv_ceramics,05_kosiv_ceramics,True,0.9743818342369431,05_kosiv_ceramics,04_petrykivka_painting,03_bubnivka_ceramics,1,train,obj_single_1f57bf54655f2a1e,,unreviewed,unreviewed,global_cls__c10__source0p5,motif_texture_weighted_mean__c10__source0p5,texture_weighted_mean,10.0,True,0.0019926626656926053,0.0031408299102300983,0.004231798266479138,0.016252874920655025,0.9743818342369431
img_5c7b162384be51cd,selection_conditional_full_development_oof_v4,dataset_dev/05_kosiv_ceramics/k219.jpg,05_kosiv_ceramics,05_kosiv_ceramics,True,0.9852150888389739,05_kosiv_ceramics,04_petrykivka_painting,02_ornek,1,train,obj_single_5c7b162384be51cd,,unreviewed,unreviewed,global_cls__c10__source0p5,motif_texture_weighted_mean__c10__source0p5,texture_weighted_mean,10.0,True,0.00047022760217411015,0.0018197369217934978,0.0014634503287201477,0.011031496308338322,0.9852150888389739
img_8937a240a4b03368,selection_conditional_full_development_oof_v4,dataset_dev/05_kosiv_ceramics/k221.jpg,05_kosiv_ceramics,05_kosiv_ceramics,True,0.9895084713502785,05_kosiv_ceramics,01_opishnyan_ceramics,04_petrykivka_painting,1,train,obj_single_8937a240a4b03368,,unreviewed,unreviewed,global_cls__c10__source0p5,motif_texture_weighted_mean__c10__source0p5,texture_weighted_mean,10.0,True,0.007084177888193207,0.0002885438507708969,0.0014790471651726117,0.001639759745584815,0.9895084713502785
img_5bc033de55b6eeea,selection_conditional_full_development_oof_v4,dataset_dev/05_kosiv_ceramics/k222.jpg,05_kosiv_ceramics,05_kosiv_ceramics,True,0.9861055682137113,05_kosiv_ceramics,01_opishnyan_ceramics,03_bubnivka_ceramics,1,train,obj_single_5bc033de55b6eeea,,unreviewed,unreviewed,global_cls__c10__source0p5,motif_texture_weighted_mean__c10__source0p5,texture_weighted_mean,10.0,True,0.013122233572030025,0.00024513639791335235,0.0003085644274915165,0.00021849738885368767,0.9861055682137113
img_7457902db88a9b35,selection_conditional_full_development_oof_v4,dataset_dev/05_kosiv_ceramics/k223.jpg,05_kosiv_ceramics,05_kosiv_ceramics,True,0.9870825766587408,05_kosiv_ceramics,03_bubnivka_ceramics,01_opishnyan_ceramics,1,train,obj_single_7457902db88a9b35,,unreviewed,unreviewed,global_cls__c10__source0p5,motif_texture_weighted_mean__c10__source0p5,texture_weighted_mean,10.0,True,0.002596128525497633,0.0017962375207630033,0.007816902941386672,0.0007081543536120226,0.9870825766587408
img_dc0d6d38453e97d7,selection_conditional_full_development_oof_v4,dataset_dev/05_kosiv_ceramics/k224.jpg,05_kosiv_ceramics,05_kosiv_ceramics,True,0.9896647356844924,05_kosiv_ceramics,03_bubnivka_ceramics,04_petrykivka_painting,1,train,obj_single_dc0d6d38453e97d7,,unreviewed,unreviewed,global_cls__c10__source0p5,motif_texture_weighted_mean__c10__source0p5,texture_weighted_mean,10.0,True,0.0020696786491386796,0.0007306167015598762,0.0050937535460681815,0.0024412154187408324,0.9896647356844924
img_b066df9a9c17ee0a,selection_conditional_full_development_oof_v4,dataset_dev/05_kosiv_ceramics/k225.jpg,05_kosiv_ceramics,05_kosiv_ceramics,True,0.9543784089204268,05_kosiv_ceramics,02_ornek,03_bubnivka_ceramics,0,train,obj_single_b066df9a9c17ee0a,,unreviewed,unreviewed,global_cls__c10__source0p5,motif_texture_weighted_mean__c10__source0p5,texture_weighted_mean,10.0,True,0.0008872010461035885,0.015427121574898416,0.01521827863217068,0.014088989826400554,0.9543784089204268
img_5b5d0065a3f3f5a0,selection_conditional_full_development_oof_v4,dataset_dev/05_kosiv_ceramics/k228.jpg,05_kosiv_ceramics,05_kosiv_ceramics,True,0.9266711662311738,05_kosiv_ceramics,03_bubnivka_ceramics,04_petrykivka_painting,2,train,obj_single_5b5d0065a3f3f5a0,,unreviewed,unreviewed,global_cls__c10__source0p5,motif_texture_weighted_mean__c10__source0p5,texture_weighted_mean,10.0,True,0.0019789714474241996,0.0023947054753146644,0.05063746711294859,0.018317689733138656,0.9266711662311738
img_1008a3d9ba9d6f25,selection_conditional_full_development_oof_v4,dataset_dev/05_kosiv_ceramics/k229.jpg,05_kosiv_ceramics,05_kosiv_ceramics,True,0.9617796048061608,05_kosiv_ceramics,04_petrykivka_painting,03_bubnivka_ceramics,3,train,obj_single_1008a3d9ba9d6f25,,unreviewed,unreviewed,global_cls__c10__source0p5,motif_texture_weighted_mean__c10__source0p5,texture_weighted_mean,10.0,True,0.00030916231855274037,0.0014137568893558827,0.013313613155732248,0.02318386283019823,0.9617796048061608
img_f9936e631b5bf44e,selection_conditional_full_development_oof_v4,dataset_dev/05_kosiv_ceramics/k230.jpg,05_kosiv_ceramics,05_kosiv_ceramics,True,0.994174093906999,05_kosiv_ceramics,03_bubnivka_ceramics,02_ornek,1,train,obj_single_f9936e631b5bf44e,,unreviewed,unreviewed,global_cls__c10__source0p5,motif_texture_weighted_mean__c10__source0p5,texture_weighted_mean,10.0,True,0.001207620988719299,0.0015756924846856847,0.002216627712156553,0.0008259649074395485,0.994174093906999
img_7b628da131174a9e,selection_conditional_full_development_oof_v4,dataset_dev/05_kosiv_ceramics/k231.jpg,05_kosiv_ceramics,05_kosiv_ceramics,True,0.979392236224209,05_kosiv_ceramics,03_bubnivka_ceramics,02_ornek,3,train,obj_single_7b628da131174a9e,,unreviewed,unreviewed,global_cls__c10__source0p5,motif_texture_weighted_mean__c10__source0p5,texture_weighted_mean,10.0,True,0.0023037752421766634,0.0024358758423180704,0.014089388263819894,0.00177872442747641,0.979392236224209
img_c4cf869ffabebb42,selection_conditional_full_development_oof_v4,dataset_dev/05_kosiv_ceramics/k232.jpg,05_kosiv_ceramics,05_kosiv_ceramics,True,0.9798137763078514,05_kosiv_ceramics,03_bubnivka_ceramics,02_ornek,3,train,obj_single_c4cf869ffabebb42,,unreviewed,unreviewed,global_cls__c10__source0p5,motif_texture_weighted_mean__c10__source0p5,texture_weighted_mean,10.0,True,0.0006234096536835337,0.008666898732850118,0.009185484838767346,0.0017104304668475662,0.9798137763078514
img_2c53f34dd94cbe3f,selection_conditional_full_development_oof_v4,dataset_dev/05_kosiv_ceramics/k233.jpg,05_kosiv_ceramics,05_kosiv_ceramics,True,0.9167528155049092,05_kosiv_ceramics,03_bubnivka_ceramics,02_ornek,2,train,obj_single_2c53f34dd94cbe3f,,unreviewed,unreviewed,global_cls__c10__source0p5,motif_texture_weighted_mean__c10__source0p5,texture_weighted_mean,10.0,True,0.017207707775742636,0.03147100904303991,0.03303291424318716,0.0015355534331211772,0.9167528155049092
img_1f749a38353f380c,selection_conditional_full_development_oof_v4,dataset_dev/05_kosiv_ceramics/k236.jpg,05_kosiv_ceramics,05_kosiv_ceramics,True,0.8990736828435835,05_kosiv_ceramics,03_bubnivka_ceramics,01_opishnyan_ceramics,2,train,obj_single_1f749a38353f380c,,unreviewed,unreviewed,global_cls__c10__source0p5,motif_texture_weighted_mean__c10__source0p5,texture_weighted_mean,10.0,True,0.028965979699629066,0.007960033429056336,0.06315454506987635,0.000845758957854772,0.8990736828435835
img_26f956c1716c8b44,selection_conditional_full_development_oof_v4,dataset_dev/05_kosiv_ceramics/k237.jpg,05_kosiv_ceramics,05_kosiv_ceramics,True,0.9689354736414253,05_kosiv_ceramics,04_petrykivka_painting,02_ornek,1,train,obj_single_26f956c1716c8b44,,unreviewed,unreviewed,global_cls__c10__source0p5,motif_texture_weighted_mean__c10__source0p5,texture_weighted_mean,10.0,True,0.00605604716147491,0.006541315485818781,0.0009661473264761943,0.017501016384804762,0.9689354736414253
img_668aa36c79d85d89,selection_conditional_full_development_oof_v4,dataset_dev/05_kosiv_ceramics/k238.jpg,05_kosiv_ceramics,05_kosiv_ceramics,True,0.9935033729740385,05_kosiv_ceramics,03_bubnivka_ceramics,02_ornek,3,train,obj_single_668aa36c79d85d89,,unreviewed,unreviewed,global_cls__c10__source0p5,motif_texture_weighted_mean__c10__source0p5,texture_weighted_mean,10.0,True,0.000795788567187082,0.0010010296841653327,0.003983569807695516,0.0007162389669137376,0.9935033729740385
img_78feab9317cea470,selection_conditional_full_development_oof_v4,dataset_dev/05_kosiv_ceramics/k240.jpg,05_kosiv_ceramics,05_kosiv_ceramics,True,0.99945585571422,05_kosiv_ceramics,04_petrykivka_painting,02_ornek,2,train,obj_single_78feab9317cea470,,unreviewed,unreviewed,global_cls__c10__source0p5,motif_texture_weighted_mean__c10__source0p5,texture_weighted_mean,10.0,True,8.660194561405976e-05,0.00015913953313297866,9.729448723868095e-05,0.0002011083197942347,0.99945585571422
img_dadad62fe6e0ee96,selection_conditional_full_development_oof_v4,dataset_dev/05_kosiv_ceramics/k241.jpg,05_kosiv_ceramics,05_kosiv_ceramics,True,0.9910658989814096,05_kosiv_ceramics,04_petrykivka_painting,01_opishnyan_ceramics,2,train,obj_single_dadad62fe6e0ee96,,unreviewed,unreviewed,global_cls__c10__source0p5,motif_texture_weighted_mean__c10__source0p5,texture_weighted_mean,10.0,True,0.0020515458267950097,0.000695341787205299,0.0009385875608819077,0.0052486258437082775,0.9910658989814096
img_c3f1abcc33f8720c,selection_conditional_full_development_oof_v4,dataset_dev/05_kosiv_ceramics/k243.jpg,05_kosiv_ceramics,05_kosiv_ceramics,True,0.8241718808995409,05_kosiv_ceramics,02_ornek,04_petrykivka_painting,1,train,obj_single_c3f1abcc33f8720c,,unreviewed,unreviewed,global_cls__c10__source0p5,motif_texture_weighted_mean__c10__source0p5,texture_weighted_mean,10.0,True,0.004357836915055449,0.11832237044307342,0.0007918870009308686,0.05235602474139941,0.8241718808995409
img_f189802edd349754,selection_conditional_full_development_oof_v4,dataset_dev/05_kosiv_ceramics/k244.jpg,05_kosiv_ceramics,05_kosiv_ceramics,True,0.9775368119770121,05_kosiv_ceramics,02_ornek,03_bubnivka_ceramics,3,train,semgrp_c1a847c5b2e39e33,,unreviewed,unreviewed,global_cls__c10__source0p5,motif_texture_weighted_mean__c10__source0p5,texture_weighted_mean,10.0,True,0.0007209376005809735,0.011530523699826344,0.008623795303125657,0.0015879314194549498,0.9775368119770121
img_02ac6c4e11d08064,selection_conditional_full_development_oof_v4,dataset_dev/05_kosiv_ceramics/k245.jpg,05_kosiv_ceramics,05_kosiv_ceramics,True,0.9761621153421225,05_kosiv_ceramics,03_bubnivka_ceramics,02_ornek,3,train,semgrp_c1a847c5b2e39e33,,unreviewed,unreviewed,global_cls__c10__source0p5,motif_texture_weighted_mean__c10__source0p5,texture_weighted_mean,10.0,True,0.0034518977569281653,0.00643774008854583,0.012594474913885385,0.0013537718985181066,0.9761621153421225
img_d5edf9ccf62f1742,selection_conditional_full_development_oof_v4,dataset_dev/05_kosiv_ceramics/k246.jpg,05_kosiv_ceramics,05_kosiv_ceramics,True,0.9895984318789482,05_kosiv_ceramics,01_opishnyan_ceramics,04_petrykivka_painting,0,train,obj_single_d5edf9ccf62f1742,,unreviewed,unreviewed,global_cls__c10__source0p5,motif_texture_weighted_mean__c10__source0p5,texture_weighted_mean,10.0,True,0.005616068042946103,0.0014621368100664583,2.1667171787167243e-05,0.0033016960962520708,0.9895984318789482
img_db8efc68c3dc3cf0,selection_conditional_full_development_oof_v4,dataset_dev/05_kosiv_ceramics/k247.jpg,05_kosiv_ceramics,05_kosiv_ceramics,True,0.7431763712395838,05_kosiv_ceramics,03_bubnivka_ceramics,01_opishnyan_ceramics,3,train,obj_single_db8efc68c3dc3cf0,,unreviewed,unreviewed,global_cls__c10__source0p5,motif_texture_weighted_mean__c10__source0p5,texture_weighted_mean,10.0,True,0.04743217332322367,0.012456669854573419,0.19141071680776642,0.005524068774852701,0.7431763712395838
img_9c48805942346051,selection_conditional_full_development_oof_v4,dataset_dev/05_kosiv_ceramics/k249.jpg,05_kosiv_ceramics,05_kosiv_ceramics,True,0.9949328958480942,05_kosiv_ceramics,04_petrykivka_painting,02_ornek,3,train,obj_single_9c48805942346051,,unreviewed,unreviewed,global_cls__c10__source0p5,motif_texture_weighted_mean__c10__source0p5,texture_weighted_mean,10.0,True,0.0006669940229792042,0.0013179545469362145,0.0004211701395258985,0.002660985442464376,0.9949328958480942
img_15d419d94956b417,selection_conditional_full_development_oof_v4,dataset_dev/05_kosiv_ceramics/k250.jpg,05_kosiv_ceramics,05_kosiv_ceramics,True,0.9929515958243369,05_kosiv_ceramics,01_opishnyan_ceramics,03_bubnivka_ceramics,2,train,obj_single_15d419d94956b417,,unreviewed,unreviewed,global_cls__c10__source0p5,motif_texture_weighted_mean__c10__source0p5,texture_weighted_mean,10.0,True,0.004796032427177286,0.00014491883714086142,0.0015142365011045248,0.0005932164102404587,0.9929515958243369
img_ec3bd868e9f56114,selection_conditional_full_development_oof_v4,dataset_dev/05_kosiv_ceramics/k252.jpg,05_kosiv_ceramics,05_kosiv_ceramics,True,0.9880638941556927,05_kosiv_ceramics,01_opishnyan_ceramics,04_petrykivka_painting,1,train,obj_single_ec3bd868e9f56114,,unreviewed,unreviewed,global_cls__c10__source0p5,motif_texture_weighted_mean__c10__source0p5,texture_weighted_mean,10.0,True,0.007697851983871038,0.0012692719843527035,0.0009691276197375352,0.0019998542563460183,0.9880638941556927
img_5d05cf65895524eb,selection_conditional_full_development_oof_v4,dataset_dev/05_kosiv_ceramics/k253.jpg,05_kosiv_ceramics,05_kosiv_ceramics,True,0.9551890552291532,05_kosiv_ceramics,02_ornek,03_bubnivka_ceramics,1,train,obj_single_5d05cf65895524eb,,unreviewed,unreviewed,global_cls__c10__source0p5,motif_texture_weighted_mean__c10__source0p5,texture_weighted_mean,10.0,True,0.00023992897022432068,0.028544733568332294,0.014968702945242149,0.0010575792870480976,0.9551890552291532
img_af5e4874eb5e3817,selection_conditional_full_development_oof_v4,dataset_dev/05_kosiv_ceramics/k254.jpg,05_kosiv_ceramics,05_kosiv_ceramics,True,0.997708068085849,05_kosiv_ceramics,01_opishnyan_ceramics,03_bubnivka_ceramics,2,train,obj_single_af5e4874eb5e3817,,unreviewed,unreviewed,global_cls__c10__source0p5,motif_texture_weighted_mean__c10__source0p5,texture_weighted_mean,10.0,True,0.0011879000921279654,0.00020598398121706758,0.0005827067203756403,0.00031534112043033613,0.997708068085849
img_c4844df4470f86d6,selection_conditional_full_development_oof_v4,dataset_dev/05_kosiv_ceramics/k255.jpg,05_kosiv_ceramics,05_kosiv_ceramics,True,0.9650475485930313,05_kosiv_ceramics,03_bubnivka_ceramics,04_petrykivka_painting,2,train,obj_single_c4844df4470f86d6,,unreviewed,unreviewed,global_cls__c10__source0p5,motif_texture_weighted_mean__c10__source0p5,texture_weighted_mean,10.0,True,0.0008343998388064631,0.002990324487960253,0.027697127395177122,0.0034305996850248145,0.9650475485930313
img_fef5d1b52736814f,selection_conditional_full_development_oof_v4,dataset_dev/05_kosiv_ceramics/k256.jpg,05_kosiv_ceramics,05_kosiv_ceramics,True,0.9989792190111371,05_kosiv_ceramics,01_opishnyan_ceramics,04_petrykivka_painting,1,train,obj_single_fef5d1b52736814f,,unreviewed,unreviewed,global_cls__c10__source0p5,motif_texture_weighted_mean__c10__source0p5,texture_weighted_mean,10.0,True,0.0007651405719894308,9.837164731465379e-06,0.00010741980196901936,0.00013838345017306634,0.9989792190111371
img_4c2a1c06f92c1913,selection_conditional_full_development_oof_v4,dataset_dev/05_kosiv_ceramics/k258.jpg,05_kosiv_ceramics,05_kosiv_ceramics,True,0.9918896463513308,05_kosiv_ceramics,02_ornek,03_bubnivka_ceramics,3,train,obj_single_4c2a1c06f92c1913,,unreviewed,unreviewed,global_cls__c10__source0p5,motif_texture_weighted_mean__c10__source0p5,texture_weighted_mean,10.0,True,0.0016445337268562023,0.0034581331693457214,0.0018708669952588364,0.001136819757208429,0.9918896463513308
img_1d9538a873f6dd8f,selection_conditional_full_development_oof_v4,dataset_dev/05_kosiv_ceramics/k259.jpg,05_kosiv_ceramics,05_kosiv_ceramics,True,0.980823034973595,05_kosiv_ceramics,01_opishnyan_ceramics,04_petrykivka_painting,0,train,obj_single_1d9538a873f6dd8f,,unreviewed,unreviewed,global_cls__c10__source0p5,motif_texture_weighted_mean__c10__source0p5,texture_weighted_mean,10.0,True,0.010146797502675326,0.0035303973372440064,0.0011366081956013297,0.00436316199088431,0.980823034973595
img_27c5e7fca0c7a59a,selection_conditional_full_development_oof_v4,dataset_dev/05_kosiv_ceramics/k260.jpg,05_kosiv_ceramics,05_kosiv_ceramics,True,0.930708624069443,05_kosiv_ceramics,02_ornek,04_petrykivka_painting,2,train,obj_single_27c5e7fca0c7a59a,,unreviewed,unreviewed,global_cls__c10__source0p5,motif_texture_weighted_mean__c10__source0p5,texture_weighted_mean,10.0,True,0.0010336920321297035,0.06268145907972822,0.0009964571438730375,0.0045797676748260486,0.930708624069443
img_8c62747ccd0c0e63,selection_conditional_full_development_oof_v4,dataset_dev/05_kosiv_ceramics/k261.jpg,05_kosiv_ceramics,05_kosiv_ceramics,True,0.9925048607287724,05_kosiv_ceramics,02_ornek,01_opishnyan_ceramics,0,train,obj_single_8c62747ccd0c0e63,,unreviewed,unreviewed,global_cls__c10__source0p5,motif_texture_weighted_mean__c10__source0p5,texture_weighted_mean,10.0,True,0.002325996976977817,0.0036244360227468244,0.0007655690695570449,0.0007791372019459714,0.9925048607287724
img_e0b4cb352ba67882,selection_conditional_full_development_oof_v4,dataset_dev/05_kosiv_ceramics/k262.jpg,05_kosiv_ceramics,05_kosiv_ceramics,True,0.9801529830167448,05_kosiv_ceramics,02_ornek,04_petrykivka_painting,0,train,obj_single_e0b4cb352ba67882,,unreviewed,unreviewed,global_cls__c10__source0p5,motif_texture_weighted_mean__c10__source0p5,texture_weighted_mean,10.0,True,0.0006832385362444979,0.01663138151426527,0.00025730052344267296,0.0022750964093027604,0.9801529830167448
img_6acdb026c125cf27,selection_conditional_full_development_oof_v4,dataset_dev/05_kosiv_ceramics/k263.jpg,05_kosiv_ceramics,05_kosiv_ceramics,True,0.9905957110465115,05_kosiv_ceramics,02_ornek,01_opishnyan_ceramics,3,train,obj_single_6acdb026c125cf27,,unreviewed,unreviewed,global_cls__c10__source0p5,motif_texture_weighted_mean__c10__source0p5,texture_weighted_mean,10.0,True,0.0016761020502636512,0.005904905814533742,0.0007881840809689334,0.0010350970077221669,0.9905957110465115
img_fb72c2e1309d8a91,selection_conditional_full_development_oof_v4,dataset_dev/05_kosiv_ceramics/k264.jpg,05_kosiv_ceramics,05_kosiv_ceramics,True,0.9966302619442089,05_kosiv_ceramics,01_opishnyan_ceramics,04_petrykivka_painting,1,train,obj_single_fb72c2e1309d8a91,,unreviewed,unreviewed,global_cls__c10__source0p5,motif_texture_weighted_mean__c10__source0p5,texture_weighted_mean,10.0,True,0.0024181438856679034,0.00043921246848815086,4.4165671128478436e-05,0.0004682160305065693,0.9966302619442089
img_1384cf7d9abca7ab,selection_conditional_full_development_oof_v4,dataset_dev/05_kosiv_ceramics/k268.jpg,05_kosiv_ceramics,05_kosiv_ceramics,True,0.9781644436072907,05_kosiv_ceramics,02_ornek,03_bubnivka_ceramics,1,train,obj_single_1384cf7d9abca7ab,,unreviewed,unreviewed,global_cls__c10__source0p5,motif_texture_weighted_mean__c10__source0p5,texture_weighted_mean,10.0,True,0.0006830407346674892,0.018930066793408463,0.001413865805876201,0.000808583058757197,0.9781644436072907
img_42212af9b25cba1f,selection_conditional_full_development_oof_v4,dataset_dev/05_kosiv_ceramics/k269.jpg,05_kosiv_ceramics,05_kosiv_ceramics,True,0.9266957389910774,05_kosiv_ceramics,02_ornek,01_opishnyan_ceramics,3,train,srcgrp_5f9e5027d6137bf2,src_global_kos_museum_emblem,unreviewed,unreviewed,global_cls__c10__source0p5,motif_texture_weighted_mean__c10__source0p5,texture_weighted_mean,10.0,True,0.025586241447164305,0.02824986236925497,0.017005684863568096,0.0024624723289351415,0.9266957389910774
img_2d495cb1f213684b,selection_conditional_full_development_oof_v4,dataset_dev/05_kosiv_ceramics/k270.jpg,05_kosiv_ceramics,05_kosiv_ceramics,True,0.9845206281799516,05_kosiv_ceramics,03_bubnivka_ceramics,02_ornek,3,train,srcgrp_5f9e5027d6137bf2,src_global_kos_museum_emblem,unreviewed,unreviewed,global_cls__c10__source0p5,motif_texture_weighted_mean__c10__source0p5,texture_weighted_mean,10.0,True,0.0008685321372429185,0.0008811801321828148,0.012941219408521012,0.0007884401421018085,0.9845206281799516
img_4f1e5d684d9e7cdd,selection_conditional_full_development_oof_v4,dataset_dev/05_kosiv_ceramics/k273.jpg,05_kosiv_ceramics,05_kosiv_ceramics,True,0.9942280054746251,05_kosiv_ceramics,04_petrykivka_painting,03_bubnivka_ceramics,3,train,srcgrp_5f9e5027d6137bf2,src_global_kos_museum_emblem,unreviewed,unreviewed,global_cls__c10__source0p5,motif_texture_weighted_mean__c10__source0p5,texture_weighted_mean,10.0,True,2.1221866478174955e-05,0.001395440510827083,0.00143228316136098,0.0029230489867086385,0.9942280054746251
img_502c4e1635f141bc,selection_conditional_full_development_oof_v4,dataset_dev/05_kosiv_ceramics/k274.jpg,05_kosiv_ceramics,05_kosiv_ceramics,True,0.9940802907963671,05_kosiv_ceramics,04_petrykivka_painting,03_bubnivka_ceramics,3,train,srcgrp_5f9e5027d6137bf2,src_global_kos_museum_emblem,unreviewed,unreviewed,global_cls__c10__source0p5,motif_texture_weighted_mean__c10__source0p5,texture_weighted_mean,10.0,True,0.00044345183789925566,0.0005675259437461004,0.0012479334411475797,0.003660797980840041,0.9940802907963671
img_7f86d7deee44bbcb,selection_conditional_full_development_oof_v4,dataset_dev/05_kosiv_ceramics/k275.jpg,05_kosiv_ceramics,05_kosiv_ceramics,True,0.9506925629792158,05_kosiv_ceramics,02_ornek,04_petrykivka_painting,3,train,srcgrp_5f9e5027d6137bf2,src_global_kos_museum_emblem,unreviewed,unreviewed,global_cls__c10__source0p5,motif_texture_weighted_mean__c10__source0p5,texture_weighted_mean,10.0,True,0.004902697752839781,0.032881285408803064,0.004094223528135104,0.0074292303310063215,0.9506925629792158
img_d5c3eae7cb8b84b0,selection_conditional_full_development_oof_v4,dataset_dev/05_kosiv_ceramics/k279.jpg,05_kosiv_ceramics,05_kosiv_ceramics,True,0.975215708777633,05_kosiv_ceramics,01_opishnyan_ceramics,02_ornek,2,train,src_manual_002,,vase_jug_or_vessel,clear,global_cls__c10__source0p5,motif_texture_weighted_mean__c10__source0p5,texture_weighted_mean,10.0,True,0.022185465940000763,0.0015681324210220732,0.00027326475143801907,0.0007574281099061962,0.975215708777633
img_e71d1bf708b2d758,selection_conditional_full_development_oof_v4,dataset_dev/05_kosiv_ceramics/k286.jpg,05_kosiv_ceramics,05_kosiv_ceramics,True,0.7673210487606286,05_kosiv_ceramics,01_opishnyan_ceramics,03_bubnivka_ceramics,2,train,obj_single_e71d1bf708b2d758,,unreviewed,unreviewed,global_cls__c10__source0p5,motif_texture_weighted_mean__c10__source0p5,texture_weighted_mean,10.0,True,0.2225225449077503,7.055349671496189e-05,0.00841719354829341,0.0016686592866127867,0.7673210487606286
img_3dfcaa2711ede055,selection_conditional_full_development_oof_v4,dataset_dev/05_kosiv_ceramics/k290.jpg,05_kosiv_ceramics,05_kosiv_ceramics,True,0.5561954902772083,05_kosiv_ceramics,02_ornek,04_petrykivka_painting,0,train,obj_single_3dfcaa2711ede055,,unreviewed,unreviewed,global_cls__c10__source0p5,motif_texture_weighted_mean__c10__source0p5,texture_weighted_mean,10.0,True,0.007408082957496909,0.4168267220136911,0.0032420265225133285,0.01632767822909053,0.5561954902772083
img_6912368ebd993bc7,selection_conditional_full_development_oof_v4,dataset_dev/05_kosiv_ceramics/k291.png,05_kosiv_ceramics,05_kosiv_ceramics,True,0.9591507635764693,05_kosiv_ceramics,01_opishnyan_ceramics,03_bubnivka_ceramics,0,train,obj_single_6912368ebd993bc7,,unreviewed,unreviewed,global_cls__c10__source0p5,motif_texture_weighted_mean__c10__source0p5,texture_weighted_mean,10.0,True,0.035772423474176966,0.001462894839008979,0.0026187882785084727,0.0009951298318362958,0.9591507635764693
img_cea0df8455934a11,selection_conditional_full_development_oof_v4,dataset_dev/05_kosiv_ceramics/k292.png,05_kosiv_ceramics,05_kosiv_ceramics,True,0.9448908941636551,05_kosiv_ceramics,01_opishnyan_ceramics,04_petrykivka_painting,4,train,obj_single_cea0df8455934a11,,unreviewed,unreviewed,global_cls__c10__source0p5,motif_texture_weighted_mean__c10__source0p5,texture_weighted_mean,10.0,True,0.04978934290822304,0.000908862006386897,0.0006486245707253505,0.0037622763510096846,0.9448908941636551
img_781393bf7e36572f,selection_conditional_full_development_oof_v4,dataset_dev/05_kosiv_ceramics/k295.jpg,05_kosiv_ceramics,05_kosiv_ceramics,True,0.9389352095494763,05_kosiv_ceramics,01_opishnyan_ceramics,02_ornek,1,train,obj_single_781393bf7e36572f,,unreviewed,unreviewed,global_cls__c10__source0p5,motif_texture_weighted_mean__c10__source0p5,texture_weighted_mean,10.0,True,0.0509129362753966,0.00841468103958261,0.0013075387419647258,0.0004296343935797279,0.9389352095494763
img_af5700c9217cfb08,selection_conditional_full_development_oof_v4,dataset_dev/05_kosiv_ceramics/k296.jpg,05_kosiv_ceramics,05_kosiv_ceramics,True,0.9902784140240607,05_kosiv_ceramics,04_petrykivka_painting,03_bubnivka_ceramics,1,train,obj_single_af5700c9217cfb08,,unreviewed,unreviewed,global_cls__c10__source0p5,motif_texture_weighted_mean__c10__source0p5,texture_weighted_mean,10.0,True,0.0001849212437556141,0.001770675188142773,0.001859632297292792,0.005906357246748039,0.9902784140240607
img_d9e288438aab63ab,selection_conditional_full_development_oof_v4,dataset_dev/05_kosiv_ceramics/k298.jpg,05_kosiv_ceramics,05_kosiv_ceramics,True,0.9797222027537915,05_kosiv_ceramics,02_ornek,04_petrykivka_painting,3,train,obj_single_d9e288438aab63ab,,unreviewed,unreviewed,global_cls__c10__source0p5,motif_texture_weighted_mean__c10__source0p5,texture_weighted_mean,10.0,True,0.00015397153885246548,0.01597579822520975,0.00018265848489772756,0.003965368997248416,0.9797222027537915
img_dc539dd59ad47e1b,selection_conditional_full_development_oof_v4,dataset_dev/05_kosiv_ceramics/k299.jpg,05_kosiv_ceramics,05_kosiv_ceramics,True,0.9922733990825228,05_kosiv_ceramics,02_ornek,04_petrykivka_painting,0,train,obj_single_dc539dd59ad47e1b,,unreviewed,unreviewed,global_cls__c10__source0p5,motif_texture_weighted_mean__c10__source0p5,texture_weighted_mean,10.0,True,7.106268104796324e-05,0.00646124099934174,0.0005751968225574653,0.0006191004145300193,0.9922733990825228
img_579c8a9db7382be9,selection_conditional_full_development_oof_v4,dataset_dev/05_kosiv_ceramics/k301.jpg,05_kosiv_ceramics,05_kosiv_ceramics,True,0.9823860688702029,05_kosiv_ceramics,02_ornek,04_petrykivka_painting,3,train,obj_single_579c8a9db7382be9,,unreviewed,unreviewed,global_cls__c10__source0p5,motif_texture_weighted_mean__c10__source0p5,texture_weighted_mean,10.0,True,0.005101410753170052,0.006165650855051082,0.0010039862353602214,0.005342883286215822,0.9823860688702029
img_5fe0f1020d1444ac,selection_conditional_full_development_oof_v4,dataset_dev/05_kosiv_ceramics/k302.jpg,05_kosiv_ceramics,05_kosiv_ceramics,True,0.9992949616828396,05_kosiv_ceramics,01_opishnyan_ceramics,03_bubnivka_ceramics,4,train,obj_single_5fe0f1020d1444ac,,unreviewed,unreviewed,global_cls__c10__source0p5,motif_texture_weighted_mean__c10__source0p5,texture_weighted_mean,10.0,True,0.00041168800246321833,9.268979263144852e-05,0.00011965530878786181,8.100521327800858e-05,0.9992949616828396
img_cb9d4b5389eabb81,selection_conditional_full_development_oof_v4,dataset_dev/05_kosiv_ceramics/k303.jpg,05_kosiv_ceramics,05_kosiv_ceramics,True,0.9942194804967878,05_kosiv_ceramics,01_opishnyan_ceramics,03_bubnivka_ceramics,0,train,obj_single_cb9d4b5389eabb81,,unreviewed,unreviewed,global_cls__c10__source0p5,motif_texture_weighted_mean__c10__source0p5,texture_weighted_mean,10.0,True,0.004981215997970443,0.00015181124790339525,0.0003755396744993335,0.00027195258283898996,0.9942194804967878
img_22279edee2597813,selection_conditional_full_development_oof_v4,dataset_dev/05_kosiv_ceramics/k305.jpg,05_kosiv_ceramics,05_kosiv_ceramics,True,0.9198931843525019,05_kosiv_ceramics,04_petrykivka_painting,02_ornek,0,train,obj_single_22279edee2597813,,unreviewed,unreviewed,global_cls__c10__source0p5,motif_texture_weighted_mean__c10__source0p5,texture_weighted_mean,10.0,True,0.00489859988929413,0.014958850041683869,0.0026871377068232176,0.05756222800969679,0.9198931843525019
img_51095312f9abcda1,selection_conditional_full_development_oof_v4,dataset_dev/05_kosiv_ceramics/k306.jpg,05_kosiv_ceramics,05_kosiv_ceramics,True,0.9812374525442401,05_kosiv_ceramics,04_petrykivka_painting,02_ornek,0,train,obj_single_51095312f9abcda1,,unreviewed,unreviewed,global_cls__c10__source0p5,motif_texture_weighted_mean__c10__source0p5,texture_weighted_mean,10.0,True,0.001890715279740487,0.0034125544891958743,0.0028860630583366844,0.010573214628486944,0.9812374525442401
img_9312bb6c9a4b2ce3,selection_conditional_full_development_oof_v4,dataset_dev/05_kosiv_ceramics/k307.jpg,05_kosiv_ceramics,05_kosiv_ceramics,True,0.9654646471975616,05_kosiv_ceramics,02_ornek,03_bubnivka_ceramics,1,train,obj_single_9312bb6c9a4b2ce3,,unreviewed,unreviewed,global_cls__c10__source0p5,motif_texture_weighted_mean__c10__source0p5,texture_weighted_mean,10.0,True,1.8413457862602512e-05,0.017624797643298183,0.016537055347456163,0.00035508635382146253,0.9654646471975616
img_f39a910c0fcd90e1,selection_conditional_full_development_oof_v4,dataset_dev/05_kosiv_ceramics/k308.jpg,05_kosiv_ceramics,05_kosiv_ceramics,True,0.9716614731543319,05_kosiv_ceramics,01_opishnyan_ceramics,03_bubnivka_ceramics,0,train,obj_single_f39a910c0fcd90e1,,unreviewed,unreviewed,global_cls__c10__source0p5,motif_texture_weighted_mean__c10__source0p5,texture_weighted_mean,10.0,True,0.012714087099937694,0.006806501053639497,0.007839916152106552,0.0009780225399844038,0.9716614731543319
img_ca01e6152b1b4c30,selection_conditional_full_development_oof_v4,dataset_dev/05_kosiv_ceramics/k309.jpg,05_kosiv_ceramics,05_kosiv_ceramics,True,0.9821565119262817,05_kosiv_ceramics,03_bubnivka_ceramics,04_petrykivka_painting,0,train,obj_single_ca01e6152b1b4c30,,unreviewed,unreviewed,global_cls__c10__source0p5,motif_texture_weighted_mean__c10__source0p5,texture_weighted_mean,10.0,True,0.00019328769861149176,0.0004512171821480004,0.01521405075033932,0.0019849324426195166,0.9821565119262817
img_00d692746dabf607,selection_conditional_full_development_oof_v4,dataset_dev/05_kosiv_ceramics/k311.jpg,05_kosiv_ceramics,05_kosiv_ceramics,True,0.9937432252898313,05_kosiv_ceramics,04_petrykivka_painting,03_bubnivka_ceramics,3,train,obj_single_00d692746dabf607,,unreviewed,unreviewed,global_cls__c10__source0p5,motif_texture_weighted_mean__c10__source0p5,texture_weighted_mean,10.0,True,0.00012724470702350692,0.0007186489053085486,0.0008373575200623439,0.00457352357777436,0.9937432252898313
img_4a2f6b05f6d235f6,selection_conditional_full_development_oof_v4,dataset_dev/05_kosiv_ceramics/k317.jpg,05_kosiv_ceramics,05_kosiv_ceramics,True,0.9950557403582563,05_kosiv_ceramics,02_ornek,03_bubnivka_ceramics,1,train,obj_single_4a2f6b05f6d235f6,,unreviewed,unreviewed,global_cls__c10__source0p5,motif_texture_weighted_mean__c10__source0p5,texture_weighted_mean,10.0,True,8.693085955437399e-05,0.0026559209261462803,0.0017379477074157637,0.00046346014862728,0.9950557403582563
img_fb3fa70803128156,selection_conditional_full_development_oof_v4,dataset_dev/05_kosiv_ceramics/k318.jpg,05_kosiv_ceramics,05_kosiv_ceramics,True,0.7718882980503372,05_kosiv_ceramics,04_petrykivka_painting,02_ornek,2,train,obj_single_fb3fa70803128156,,unreviewed,unreviewed,global_cls__c10__source0p5,motif_texture_weighted_mean__c10__source0p5,texture_weighted_mean,10.0,True,0.008838985438733477,0.012533040126586988,0.00035350278862776775,0.20638617359571446,0.7718882980503372
img_a6dac0f3142eb559,selection_conditional_full_development_oof_v4,dataset_dev/05_kosiv_ceramics/k319.jpg,05_kosiv_ceramics,05_kosiv_ceramics,True,0.8808198276414727,05_kosiv_ceramics,02_ornek,03_bubnivka_ceramics,0,train,obj_single_a6dac0f3142eb559,,unreviewed,unreviewed,global_cls__c10__source0p5,motif_texture_weighted_mean__c10__source0p5,texture_weighted_mean,10.0,True,0.0005957327180086225,0.09089689702147155,0.025881604543429627,0.0018059380756174069,0.8808198276414727
img_3373bcc06c400630,selection_conditional_full_development_oof_v4,dataset_dev/05_kosiv_ceramics/k320.jpg,05_kosiv_ceramics,05_kosiv_ceramics,True,0.9415216628798839,05_kosiv_ceramics,01_opishnyan_ceramics,03_bubnivka_ceramics,0,train,obj_single_3373bcc06c400630,,unreviewed,unreviewed,global_cls__c10__source0p5,motif_texture_weighted_mean__c10__source0p5,texture_weighted_mean,10.0,True,0.05611961240052092,0.0004994342660983189,0.0011218649722303737,0.0007374254812664139,0.9415216628798839
img_5b7303bca41ad0a4,selection_conditional_full_development_oof_v4,dataset_dev/05_kosiv_ceramics/k321.jpg,05_kosiv_ceramics,05_kosiv_ceramics,True,0.849938681333936,05_kosiv_ceramics,01_opishnyan_ceramics,03_bubnivka_ceramics,2,train,obj_single_5b7303bca41ad0a4,,unreviewed,unreviewed,global_cls__c10__source0p5,motif_texture_weighted_mean__c10__source0p5,texture_weighted_mean,10.0,True,0.1394641741553364,0.0013634413500274822,0.008531326345400686,0.0007023768152993849,0.849938681333936
img_a2d515bfed5d2f01,selection_conditional_full_development_oof_v4,dataset_dev/05_kosiv_ceramics/k322.jpg,05_kosiv_ceramics,05_kosiv_ceramics,True,0.9947249007959892,05_kosiv_ceramics,03_bubnivka_ceramics,02_ornek,1,train,obj_single_a2d515bfed5d2f01,,unreviewed,unreviewed,global_cls__c10__source0p5,motif_texture_weighted_mean__c10__source0p5,texture_weighted_mean,10.0,True,0.0008748448783996627,0.0014095744672435297,0.002841029101922743,0.00014965075644479984,0.9947249007959892
img_c12d141e5485f800,selection_conditional_full_development_oof_v4,dataset_dev/05_kosiv_ceramics/k323.jpg,05_kosiv_ceramics,05_kosiv_ceramics,True,0.9856250900848077,05_kosiv_ceramics,02_ornek,01_opishnyan_ceramics,3,train,obj_single_c12d141e5485f800,,unreviewed,unreviewed,global_cls__c10__source0p5,motif_texture_weighted_mean__c10__source0p5,texture_weighted_mean,10.0,True,0.0024865582176053056,0.010766111576626025,0.000531926007628445,0.0005903141133325311,0.9856250900848077
img_15efd77de90f2732,selection_conditional_full_development_oof_v4,dataset_dev/05_kosiv_ceramics/k324.jpg,05_kosiv_ceramics,05_kosiv_ceramics,True,0.9615692424170454,05_kosiv_ceramics,03_bubnivka_ceramics,04_petrykivka_painting,1,train,obj_single_15efd77de90f2732,,unreviewed,unreviewed,global_cls__c10__source0p5,motif_texture_weighted_mean__c10__source0p5,texture_weighted_mean,10.0,True,0.006443110000558396,0.008149251331335951,0.014161369149141142,0.009677027101919047,0.9615692424170454
img_18e9da9232e95c91,selection_conditional_full_development_oof_v4,dataset_dev/05_kosiv_ceramics/k325.jpg,05_kosiv_ceramics,05_kosiv_ceramics,True,0.944326381038289,05_kosiv_ceramics,02_ornek,04_petrykivka_painting,0,train,obj_single_18e9da9232e95c91,,unreviewed,unreviewed,global_cls__c10__source0p5,motif_texture_weighted_mean__c10__source0p5,texture_weighted_mean,10.0,True,0.006732522535286002,0.026643380333811827,0.004483017480440744,0.01781469861217246,0.944326381038289
img_a10839705ffd64e9,selection_conditional_full_development_oof_v4,dataset_dev/05_kosiv_ceramics/k326.jpg,05_kosiv_ceramics,05_kosiv_ceramics,True,0.9030277452972735,05_kosiv_ceramics,02_ornek,03_bubnivka_ceramics,0,train,obj_single_a10839705ffd64e9,,unreviewed,unreviewed,global_cls__c10__source0p5,motif_texture_weighted_mean__c10__source0p5,texture_weighted_mean,10.0,True,0.002464633635376529,0.06369137418979182,0.028251030529089675,0.0025652163484684125,0.9030277452972735
img_921cab19ed105147,selection_conditional_full_development_oof_v4,dataset_dev/05_kosiv_ceramics/k327.jpg,05_kosiv_ceramics,05_kosiv_ceramics,True,0.5553570292210201,05_kosiv_ceramics,02_ornek,03_bubnivka_ceramics,2,train,obj_single_921cab19ed105147,,unreviewed,unreviewed,global_cls__c10__source0p5,motif_texture_weighted_mean__c10__source0p5,texture_weighted_mean,10.0,True,0.0041773473382268715,0.42360729099136335,0.013960775955865201,0.002897556493524451,0.5553570292210201
img_c210ae77ea963969,selection_conditional_full_development_oof_v4,dataset_dev/05_kosiv_ceramics/k328.jpg,05_kosiv_ceramics,05_kosiv_ceramics,True,0.9470391519970487,05_kosiv_ceramics,03_bubnivka_ceramics,02_ornek,1,train,obj_single_c210ae77ea963969,,unreviewed,unreviewed,global_cls__c10__source0p5,motif_texture_weighted_mean__c10__source0p5,texture_weighted_mean,10.0,True,0.0009321992361101684,0.009701980944628472,0.041609222584339606,0.0007174452378730719,0.9470391519970487
img_8f34e2a754b3e26d,selection_conditional_full_development_oof_v4,dataset_dev/05_kosiv_ceramics/k330.jpg,05_kosiv_ceramics,05_kosiv_ceramics,True,0.9745803683482044,05_kosiv_ceramics,01_opishnyan_ceramics,03_bubnivka_ceramics,3,train,obj_single_8f34e2a754b3e26d,,unreviewed,unreviewed,global_cls__c10__source0p5,motif_texture_weighted_mean__c10__source0p5,texture_weighted_mean,10.0,True,0.02086732815863541,5.638177748289591e-05,0.002610218579023769,0.0018857031366534042,0.9745803683482044
img_0be10f50431fb9ac,selection_conditional_full_development_oof_v4,dataset_dev/05_kosiv_ceramics/k331.jpg,05_kosiv_ceramics,05_kosiv_ceramics,True,0.9714426093102119,05_kosiv_ceramics,02_ornek,01_opishnyan_ceramics,2,train,obj_single_0be10f50431fb9ac,,unreviewed,unreviewed,global_cls__c10__source0p5,motif_texture_weighted_mean__c10__source0p5,texture_weighted_mean,10.0,True,0.0017068282018832424,0.025325874894536488,0.001115593449920736,0.0004090941434476357,0.9714426093102119
img_a6d6c6d6bbec743d,selection_conditional_full_development_oof_v4,dataset_dev/05_kosiv_ceramics/k332.jpg,05_kosiv_ceramics,05_kosiv_ceramics,True,0.986444289643861,05_kosiv_ceramics,01_opishnyan_ceramics,02_ornek,2,train,obj_single_a6d6c6d6bbec743d,,unreviewed,unreviewed,global_cls__c10__source0p5,motif_texture_weighted_mean__c10__source0p5,texture_weighted_mean,10.0,True,0.0055737353716951935,0.0040418152854120116,0.00370243596440646,0.00023772373462524075,0.986444289643861
img_01a5cbc2b8962f3f,selection_conditional_full_development_oof_v4,dataset_dev/05_kosiv_ceramics/k333.jpg,05_kosiv_ceramics,05_kosiv_ceramics,True,0.9433950242597866,05_kosiv_ceramics,01_opishnyan_ceramics,02_ornek,0,train,obj_single_01a5cbc2b8962f3f,,unreviewed,unreviewed,global_cls__c10__source0p5,motif_texture_weighted_mean__c10__source0p5,texture_weighted_mean,10.0,True,0.0351580294227716,0.013694285362241912,0.006239921393598011,0.0015127395616018186,0.9433950242597866
img_de21505ba41a5488,selection_conditional_full_development_oof_v4,dataset_dev/05_kosiv_ceramics/k335.jpg,05_kosiv_ceramics,05_kosiv_ceramics,True,0.9659498245580702,05_kosiv_ceramics,01_opishnyan_ceramics,02_ornek,3,train,obj_single_de21505ba41a5488,,unreviewed,unreviewed,global_cls__c10__source0p5,motif_texture_weighted_mean__c10__source0p5,texture_weighted_mean,10.0,True,0.02808603912465647,0.0033272912643085785,0.0015337523205733894,0.0011030927323913984,0.9659498245580702
img_421ad8aaddaa695f,selection_conditional_full_development_oof_v4,dataset_dev/05_kosiv_ceramics/k336.jpg,05_kosiv_ceramics,05_kosiv_ceramics,True,0.9954630716784321,05_kosiv_ceramics,01_opishnyan_ceramics,03_bubnivka_ceramics,2,train,obj_single_421ad8aaddaa695f,,unreviewed,unreviewed,global_cls__c10__source0p5,motif_texture_weighted_mean__c10__source0p5,texture_weighted_mean,10.0,True,0.0036684799326489087,0.0003312153068132035,0.0004055033779156188,0.00013172970419020596,0.9954630716784321
img_fbbdc1cea19664d0,selection_conditional_full_development_oof_v4,dataset_dev/05_kosiv_ceramics/k338.jpg,05_kosiv_ceramics,05_kosiv_ceramics,True,0.9934892348618484,05_kosiv_ceramics,03_bubnivka_ceramics,02_ornek,1,train,obj_single_fbbdc1cea19664d0,,unreviewed,unreviewed,global_cls__c10__source0p5,motif_texture_weighted_mean__c10__source0p5,texture_weighted_mean,10.0,True,0.0005035310606219866,0.0018496626787767676,0.0027353759032291564,0.0014221954955238297,0.9934892348618484
img_bf69f51456873da4,selection_conditional_full_development_oof_v4,dataset_dev/05_kosiv_ceramics/k340.jpg,05_kosiv_ceramics,05_kosiv_ceramics,True,0.9896178218462148,05_kosiv_ceramics,04_petrykivka_painting,01_opishnyan_ceramics,2,train,obj_single_bf69f51456873da4,,unreviewed,unreviewed,global_cls__c10__source0p5,motif_texture_weighted_mean__c10__source0p5,texture_weighted_mean,10.0,True,0.0031923973722110415,0.0006914936827465618,0.0004737731246106865,0.0060245139742168465,0.9896178218462148
img_f6af8ddd164fe54e,selection_conditional_full_development_oof_v4,dataset_dev/05_kosiv_ceramics/k342.jpg,05_kosiv_ceramics,05_kosiv_ceramics,True,0.9584392156487017,05_kosiv_ceramics,01_opishnyan_ceramics,02_ornek,0,train,obj_single_f6af8ddd164fe54e,,unreviewed,unreviewed,global_cls__c10__source0p5,motif_texture_weighted_mean__c10__source0p5,texture_weighted_mean,10.0,True,0.020872185220901503,0.01688453136093424,0.0005138090554080716,0.003290258714054359,0.9584392156487017
img_81e4ef6ec5339de5,selection_conditional_full_development_oof_v4,dataset_dev/05_kosiv_ceramics/k343.jpg,05_kosiv_ceramics,05_kosiv_ceramics,True,0.9856236755946333,05_kosiv_ceramics,02_ornek,01_opishnyan_ceramics,0,train,obj_single_81e4ef6ec5339de5,,unreviewed,unreviewed,global_cls__c10__source0p5,motif_texture_weighted_mean__c10__source0p5,texture_weighted_mean,10.0,True,0.003928117274589792,0.007494931607690042,0.00030194041146872774,0.002651335111618304,0.9856236755946333
img_24b9801c86d566a1,selection_conditional_full_development_oof_v4,dataset_dev/05_kosiv_ceramics/k344.jpg,05_kosiv_ceramics,05_kosiv_ceramics,True,0.9666424199060781,05_kosiv_ceramics,01_opishnyan_ceramics,04_petrykivka_painting,2,train,obj_single_24b9801c86d566a1,,unreviewed,unreviewed,global_cls__c10__source0p5,motif_texture_weighted_mean__c10__source0p5,texture_weighted_mean,10.0,True,0.024544377699609418,0.0029626590717388938,0.0002729753114937854,0.005577568011079866,0.9666424199060781
img_fb1e1cd2b047e251,selection_conditional_full_development_oof_v4,dataset_dev/05_kosiv_ceramics/k345.jpg,05_kosiv_ceramics,05_kosiv_ceramics,True,0.9597497083372722,05_kosiv_ceramics,04_petrykivka_painting,01_opishnyan_ceramics,2,train,obj_single_fb1e1cd2b047e251,,unreviewed,unreviewed,global_cls__c10__source0p5,motif_texture_weighted_mean__c10__source0p5,texture_weighted_mean,10.0,True,0.006375818835541691,0.004104938698782138,0.0031063201042655746,0.026663214024138248,0.9597497083372722
img_217bcdfb3dca7589,selection_conditional_full_development_oof_v4,dataset_dev/05_kosiv_ceramics/k346.jpg,05_kosiv_ceramics,05_kosiv_ceramics,True,0.9971237503808114,05_kosiv_ceramics,04_petrykivka_painting,02_ornek,1,train,obj_single_217bcdfb3dca7589,,unreviewed,unreviewed,global_cls__c10__source0p5,motif_texture_weighted_mean__c10__source0p5,texture_weighted_mean,10.0,True,8.08076692478669e-05,0.0006421195876415609,0.0004931107173963942,0.001660211644902776,0.9971237503808114
img_f8eb5d4616be79f0,selection_conditional_full_development_oof_v4,dataset_dev/05_kosiv_ceramics/k348.jpg,05_kosiv_ceramics,05_kosiv_ceramics,True,0.9589327553773987,05_kosiv_ceramics,01_opishnyan_ceramics,04_petrykivka_painting,0,train,obj_single_f8eb5d4616be79f0,,unreviewed,unreviewed,global_cls__c10__source0p5,motif_texture_weighted_mean__c10__source0p5,texture_weighted_mean,10.0,True,0.030380253681093004,0.00018231640786006183,0.0012608264076596869,0.009243848125988543,0.9589327553773987
img_5bcbd48076d05a46,selection_conditional_full_development_oof_v4,dataset_dev/05_kosiv_ceramics/k349.jpg,05_kosiv_ceramics,05_kosiv_ceramics,True,0.996744921863751,05_kosiv_ceramics,02_ornek,04_petrykivka_painting,2,train,obj_single_5bcbd48076d05a46,,unreviewed,unreviewed,global_cls__c10__source0p5,motif_texture_weighted_mean__c10__source0p5,texture_weighted_mean,10.0,True,6.507530280655079e-05,0.0011801384559972654,0.0008629303728221461,0.0011469340046231266,0.996744921863751
img_87728b397f2091f6,selection_conditional_full_development_oof_v4,dataset_dev/05_kosiv_ceramics/k351.jpg,05_kosiv_ceramics,05_kosiv_ceramics,True,0.9988000268774913,05_kosiv_ceramics,04_petrykivka_painting,01_opishnyan_ceramics,2,train,obj_single_87728b397f2091f6,,unreviewed,unreviewed,global_cls__c10__source0p5,motif_texture_weighted_mean__c10__source0p5,texture_weighted_mean,10.0,True,0.0002926846829532951,0.00014628510069516996,8.101456567392497e-05,0.0006799887731863994,0.9988000268774913
img_5d977d2ec0fa2a1c,selection_conditional_full_development_oof_v4,dataset_dev/05_kosiv_ceramics/k353.jpg,05_kosiv_ceramics,05_kosiv_ceramics,True,0.99210411997671,05_kosiv_ceramics,01_opishnyan_ceramics,04_petrykivka_painting,1,train,obj_single_5d977d2ec0fa2a1c,,unreviewed,unreviewed,global_cls__c10__source0p5,motif_texture_weighted_mean__c10__source0p5,texture_weighted_mean,10.0,True,0.004667683676253448,0.0013243828714786915,0.0004598151451017302,0.0014439983304560314,0.99210411997671
img_e06c9dcb9bfdf427,selection_conditional_full_development_oof_v4,dataset_dev/05_kosiv_ceramics/k354.jpg,05_kosiv_ceramics,05_kosiv_ceramics,True,0.7471168973797097,05_kosiv_ceramics,01_opishnyan_ceramics,03_bubnivka_ceramics,3,train,srcgrp_fde3339b0158efdf,src_global_kos_huclia_watermark,unreviewed,unreviewed,global_cls__c10__source0p5,motif_texture_weighted_mean__c10__source0p5,texture_weighted_mean,10.0,True,0.0965969795833446,0.050444937931848,0.08851552561256068,0.017325659492537056,0.7471168973797097
img_a07ac3c295ebf731,selection_conditional_full_development_oof_v4,dataset_dev/05_kosiv_ceramics/k355.jpg,05_kosiv_ceramics,05_kosiv_ceramics,True,0.8285600997848683,05_kosiv_ceramics,01_opishnyan_ceramics,03_bubnivka_ceramics,3,train,srcgrp_fde3339b0158efdf,src_global_kos_huclia_watermark,unreviewed,unreviewed,global_cls__c10__source0p5,motif_texture_weighted_mean__c10__source0p5,texture_weighted_mean,10.0,True,0.16377240233453483,0.00189831977283781,0.004701936185021836,0.0010672419227371703,0.8285600997848683
img_27e5a8e5c679e3e8,selection_conditional_full_development_oof_v4,dataset_dev/05_kosiv_ceramics/k356.jpg,05_kosiv_ceramics,05_kosiv_ceramics,True,0.6530931895087235,05_kosiv_ceramics,02_ornek,03_bubnivka_ceramics,3,train,srcgrp_fde3339b0158efdf,src_global_kos_huclia_watermark,unreviewed,unreviewed,global_cls__c10__source0p5,motif_texture_weighted_mean__c10__source0p5,texture_weighted_mean,10.0,True,0.002615490336167384,0.2597263243159398,0.07630204682207216,0.008262949017097147,0.6530931895087235
img_72082c222c67ebf1,selection_conditional_full_development_oof_v4,dataset_test/05_kosiv_ceramics/k027.jpg,05_kosiv_ceramics,05_kosiv_ceramics,True,0.9862611777364407,05_kosiv_ceramics,01_opishnyan_ceramics,02_ornek,1,train,obj_single_72082c222c67ebf1,,unreviewed,unreviewed,global_cls__c10__source0p5,motif_texture_weighted_mean__c10__source0p5,texture_weighted_mean,10.0,True,0.0071414518152172,0.004598627256828153,0.0016354718438474794,0.00036327134766650574,0.9862611777364407
img_89144b17bc916ae6,selection_conditional_full_development_oof_v4,dataset_test/05_kosiv_ceramics/k040.jpg,05_kosiv_ceramics,05_kosiv_ceramics,True,0.7197868998297374,05_kosiv_ceramics,02_ornek,01_opishnyan_ceramics,3,train,obj_single_89144b17bc916ae6,,unreviewed,unreviewed,global_cls__c10__source0p5,motif_texture_weighted_mean__c10__source0p5,texture_weighted_mean,10.0,True,0.0671378041158836,0.18944958128569656,0.01994559489101105,0.0036801198776715014,0.7197868998297374
img_c0b455399eb23f25,selection_conditional_full_development_oof_v4,dataset_test/05_kosiv_ceramics/k043.jpg,05_kosiv_ceramics,05_kosiv_ceramics,True,0.8615524811865618,05_kosiv_ceramics,03_bubnivka_ceramics,01_opishnyan_ceramics,0,train,obj_single_c0b455399eb23f25,,unreviewed,unreviewed,global_cls__c10__source0p5,motif_texture_weighted_mean__c10__source0p5,texture_weighted_mean,10.0,True,0.05165544877831472,0.026062854597602072,0.05620145679356517,0.004527758643956227,0.8615524811865618
img_158fb7a42031f244,selection_conditional_full_development_oof_v4,dataset_test/05_kosiv_ceramics/k047.jpg,05_kosiv_ceramics,05_kosiv_ceramics,True,0.921769812360598,05_kosiv_ceramics,02_ornek,04_petrykivka_painting,4,validation,srcgrp_48f4ed28de700f87,src_global_kos_textile_archive,unreviewed,unreviewed,global_cls__c10__source0p5,motif_texture_weighted_mean__c10__source0p5,texture_weighted_mean,10.0,True,0.007613618505565457,0.03481076798461849,0.012656457305102257,0.02314934384411593,0.921769812360598
img_e3f2f852fc35c1cb,selection_conditional_full_development_oof_v4,dataset_test/05_kosiv_ceramics/k050.jpg,05_kosiv_ceramics,05_kosiv_ceramics,True,0.9636268575164062,05_kosiv_ceramics,03_bubnivka_ceramics,04_petrykivka_painting,4,validation,srcgrp_48f4ed28de700f87,src_global_kos_textile_archive,unreviewed,unreviewed,global_cls__c10__source0p5,motif_texture_weighted_mean__c10__source0p5,texture_weighted_mean,10.0,True,0.005582195559151402,0.006388368715453173,0.012560847865093882,0.011841730343895332,0.9636268575164062
img_2cc414501e658a97,selection_conditional_full_development_oof_v4,dataset_test/05_kosiv_ceramics/k053.jpg,05_kosiv_ceramics,05_kosiv_ceramics,True,0.9022861247765912,05_kosiv_ceramics,03_bubnivka_ceramics,02_ornek,4,validation,srcgrp_48f4ed28de700f87,src_global_kos_textile_archive,unreviewed,unreviewed,global_cls__c10__source0p5,motif_texture_weighted_mean__c10__source0p5,texture_weighted_mean,10.0,True,0.0051789723071717225,0.023918634043086136,0.051143791773335966,0.017472477099814875,0.9022861247765912
img_4c16cda8808d74c9,selection_conditional_full_development_oof_v4,dataset_test/05_kosiv_ceramics/k056.jpg,05_kosiv_ceramics,05_kosiv_ceramics,True,0.8618668061623564,05_kosiv_ceramics,04_petrykivka_painting,03_bubnivka_ceramics,4,validation,srcgrp_48f4ed28de700f87,src_global_kos_textile_archive,unreviewed,unreviewed,global_cls__c10__source0p5,motif_texture_weighted_mean__c10__source0p5,texture_weighted_mean,10.0,True,0.008485221628124005,0.02572999846391504,0.028068157386337018,0.07584981635926746,0.8618668061623564
img_7a4dcae3b0eee6a7,selection_conditional_full_development_oof_v4,dataset_test/05_kosiv_ceramics/k058.jpg,05_kosiv_ceramics,05_kosiv_ceramics,True,0.9677256897568086,05_kosiv_ceramics,01_opishnyan_ceramics,02_ornek,4,validation,srcgrp_48f4ed28de700f87,src_global_kos_textile_archive,unreviewed,unreviewed,global_cls__c10__source0p5,motif_texture_weighted_mean__c10__source0p5,texture_weighted_mean,10.0,True,0.02722870477205825,0.002807071437509298,0.0014495100730090988,0.0007890239606146206,0.9677256897568086
img_09cfabacf9980d12,selection_conditional_full_development_oof_v4,dataset_test/05_kosiv_ceramics/k060.jpg,05_kosiv_ceramics,05_kosiv_ceramics,True,0.9906367463424661,05_kosiv_ceramics,01_opishnyan_ceramics,02_ornek,4,validation,srcgrp_48f4ed28de700f87,src_global_kos_textile_archive,unreviewed,unreviewed,global_cls__c10__source0p5,motif_texture_weighted_mean__c10__source0p5,texture_weighted_mean,10.0,True,0.006700207826312509,0.001381470803561319,0.00016749549757061831,0.001114079530089454,0.9906367463424661
img_2652b703562fab1a,selection_conditional_full_development_oof_v4,dataset_test/05_kosiv_ceramics/k064.jpg,05_kosiv_ceramics,05_kosiv_ceramics,True,0.9694242559709602,05_kosiv_ceramics,04_petrykivka_painting,03_bubnivka_ceramics,4,validation,srcgrp_48f4ed28de700f87,src_global_kos_textile_archive,unreviewed,unreviewed,global_cls__c10__source0p5,motif_texture_weighted_mean__c10__source0p5,texture_weighted_mean,10.0,True,0.0019390168654742877,0.006283365144315703,0.007859455835327326,0.014493906183922461,0.9694242559709602
img_cefe8d0773792e2d,selection_conditional_full_development_oof_v4,dataset_test/05_kosiv_ceramics/k071.jpg,05_kosiv_ceramics,05_kosiv_ceramics,True,0.9961061606206556,05_kosiv_ceramics,02_ornek,04_petrykivka_painting,0,train,obj_single_cefe8d0773792e2d,,unreviewed,unreviewed,global_cls__c10__source0p5,motif_texture_weighted_mean__c10__source0p5,texture_weighted_mean,10.0,True,0.0006229645046102385,0.002254476310061553,0.00014780226747720222,0.0008685962971953991,0.9961061606206556
img_86f63a8da35ed635,selection_conditional_full_development_oof_v4,dataset_test/05_kosiv_ceramics/k087.jpg,05_kosiv_ceramics,05_kosiv_ceramics,True,0.8980967696632941,05_kosiv_ceramics,01_opishnyan_ceramics,03_bubnivka_ceramics,3,train,obj_single_86f63a8da35ed635,,unreviewed,unreviewed,global_cls__c10__source0p5,motif_texture_weighted_mean__c10__source0p5,texture_weighted_mean,10.0,True,0.078210141899729,9.883631337499265e-05,0.0171800986737976,0.006414153449804367,0.8980967696632941
img_1cfec80078d31420,selection_conditional_full_development_oof_v4,dataset_test/05_kosiv_ceramics/k099.jpg,05_kosiv_ceramics,05_kosiv_ceramics,True,0.9535580998012909,05_kosiv_ceramics,02_ornek,04_petrykivka_painting,1,train,obj_single_1cfec80078d31420,,unreviewed,unreviewed,global_cls__c10__source0p5,motif_texture_weighted_mean__c10__source0p5,texture_weighted_mean,10.0,True,0.000516383135906094,0.020355625176810613,0.009679414395220074,0.01589047749077226,0.9535580998012909
img_99f1e661ab23999b,selection_conditional_full_development_oof_v4,dataset_test/05_kosiv_ceramics/k101.jpg,05_kosiv_ceramics,05_kosiv_ceramics,True,0.9857344639003243,05_kosiv_ceramics,02_ornek,01_opishnyan_ceramics,0,train,obj_single_99f1e661ab23999b,,unreviewed,unreviewed,global_cls__c10__source0p5,motif_texture_weighted_mean__c10__source0p5,texture_weighted_mean,10.0,True,0.005413052445434985,0.006680066014954152,0.0010815523119923835,0.0010908653272942413,0.9857344639003243
img_f829c54a8d6fa33b,selection_conditional_full_development_oof_v4,dataset_test/05_kosiv_ceramics/k104.jpg,05_kosiv_ceramics,05_kosiv_ceramics,True,0.9174126728881694,05_kosiv_ceramics,01_opishnyan_ceramics,02_ornek,3,train,obj_single_f829c54a8d6fa33b,,unreviewed,unreviewed,global_cls__c10__source0p5,motif_texture_weighted_mean__c10__source0p5,texture_weighted_mean,10.0,True,0.06984237939049422,0.0055460190550289615,0.002556401880137304,0.004642526786170085,0.9174126728881694
img_129d3629c4da0654,selection_conditional_full_development_oof_v4,dataset_test/05_kosiv_ceramics/k106.jpg,05_kosiv_ceramics,05_kosiv_ceramics,True,0.9732874910890487,05_kosiv_ceramics,02_ornek,01_opishnyan_ceramics,0,train,obj_single_129d3629c4da0654,,unreviewed,unreviewed,global_cls__c10__source0p5,motif_texture_weighted_mean__c10__source0p5,texture_weighted_mean,10.0,True,0.006682785869691284,0.016751072951523973,0.0006126247571180455,0.002666025332618077,0.9732874910890487
img_5d6c87612fcb3062,selection_conditional_full_development_oof_v4,dataset_test/05_kosiv_ceramics/k148.jpg,05_kosiv_ceramics,03_bubnivka_ceramics,False,0.45375602514645463,03_bubnivka_ceramics,02_ornek,01_opishnyan_ceramics,4,validation,srcgrp_12d0f482c0fc3b5c,src_global_kos_shop_camera_series,unreviewed,unreviewed,global_cls__c10__source0p5,motif_texture_weighted_mean__c10__source0p5,texture_weighted_mean,10.0,True,0.15125877649105984,0.32835168934964165,0.45375602514645463,0.022019990644373936,0.04461351836847002
img_e6d4b3a26d3f9243,selection_conditional_full_development_oof_v4,dataset_test/05_kosiv_ceramics/k150.jpg,05_kosiv_ceramics,05_kosiv_ceramics,True,0.9626838206503469,05_kosiv_ceramics,03_bubnivka_ceramics,02_ornek,4,validation,srcgrp_12d0f482c0fc3b5c,src_global_kos_shop_camera_series,unreviewed,unreviewed,global_cls__c10__source0p5,motif_texture_weighted_mean__c10__source0p5,texture_weighted_mean,10.0,True,0.01012386150397055,0.01252662662132481,0.013049688402819934,0.0016160028215378094,0.9626838206503469
img_d5e8754e07c1a3fa,selection_conditional_full_development_oof_v4,dataset_test/05_kosiv_ceramics/k151.jpg,05_kosiv_ceramics,05_kosiv_ceramics,True,0.9402299774171508,05_kosiv_ceramics,02_ornek,03_bubnivka_ceramics,4,validation,srcgrp_12d0f482c0fc3b5c,src_global_kos_shop_camera_series,unreviewed,unreviewed,global_cls__c10__source0p5,motif_texture_weighted_mean__c10__source0p5,texture_weighted_mean,10.0,True,0.005068499227075496,0.041750859744876835,0.010522397262701494,0.0024282663481955276,0.9402299774171508
img_aae41be814cbb150,selection_conditional_full_development_oof_v4,dataset_test/05_kosiv_ceramics/k152.jpg,05_kosiv_ceramics,05_kosiv_ceramics,True,0.976223009259706,05_kosiv_ceramics,03_bubnivka_ceramics,02_ornek,4,validation,srcgrp_12d0f482c0fc3b5c,src_global_kos_shop_camera_series,unreviewed,unreviewed,global_cls__c10__source0p5,motif_texture_weighted_mean__c10__source0p5,texture_weighted_mean,10.0,True,0.006484573263200611,0.006978911775491863,0.00725133987703895,0.0030621658245626663,0.976223009259706
img_7f8a922470a69e7e,selection_conditional_full_development_oof_v4,dataset_test/05_kosiv_ceramics/k153.jpg,05_kosiv_ceramics,05_kosiv_ceramics,True,0.9848014020090389,05_kosiv_ceramics,03_bubnivka_ceramics,02_ornek,4,validation,srcgrp_12d0f482c0fc3b5c,src_global_kos_shop_camera_series,unreviewed,unreviewed,global_cls__c10__source0p5,motif_texture_weighted_mean__c10__source0p5,texture_weighted_mean,10.0,True,0.0021744526761769936,0.004544150841863097,0.006907424262388574,0.0015725702105324052,0.9848014020090389
img_20dcec7f5102c585,selection_conditional_full_development_oof_v4,dataset_test/05_kosiv_ceramics/k154.jpg,05_kosiv_ceramics,05_kosiv_ceramics,True,0.9316392346235267,05_kosiv_ceramics,03_bubnivka_ceramics,02_ornek,4,validation,srcgrp_12d0f482c0fc3b5c,src_global_kos_shop_camera_series,unreviewed,unreviewed,global_cls__c10__source0p5,motif_texture_weighted_mean__c10__source0p5,texture_weighted_mean,10.0,True,0.0017764336695481914,0.005316988805912314,0.058900741722910946,0.002366601178101772,0.9316392346235267
img_4e3a243306ff927f,selection_conditional_full_development_oof_v4,dataset_test/05_kosiv_ceramics/k155.jpg,05_kosiv_ceramics,05_kosiv_ceramics,True,0.9931901981222867,05_kosiv_ceramics,03_bubnivka_ceramics,01_opishnyan_ceramics,4,validation,srcgrp_12d0f482c0fc3b5c,src_global_kos_shop_camera_series,unreviewed,unreviewed,global_cls__c10__source0p5,motif_texture_weighted_mean__c10__source0p5,texture_weighted_mean,10.0,True,0.001582358684753072,0.0004901446760632273,0.004053223892995523,0.0006840746239015335,0.9931901981222867
img_3a265a633dc99ef7,selection_conditional_full_development_oof_v4,dataset_test/05_kosiv_ceramics/k156.jpg,05_kosiv_ceramics,05_kosiv_ceramics,True,0.9873049967658788,05_kosiv_ceramics,04_petrykivka_painting,03_bubnivka_ceramics,4,validation,srcgrp_12d0f482c0fc3b5c,src_global_kos_shop_camera_series,unreviewed,unreviewed,global_cls__c10__source0p5,motif_texture_weighted_mean__c10__source0p5,texture_weighted_mean,10.0,True,0.00029056399372781247,0.00310697221500216,0.003389646892082668,0.005907820133308478,0.9873049967658788
img_dab3277408ff152d,selection_conditional_full_development_oof_v4,dataset_test/05_kosiv_ceramics/k157.jpg,05_kosiv_ceramics,05_kosiv_ceramics,True,0.8602526960573841,05_kosiv_ceramics,03_bubnivka_ceramics,02_ornek,4,validation,srcgrp_12d0f482c0fc3b5c,src_global_kos_shop_camera_series,unreviewed,unreviewed,global_cls__c10__source0p5,motif_texture_weighted_mean__c10__source0p5,texture_weighted_mean,10.0,True,0.01079416086003916,0.04949228055586884,0.07090154477435531,0.008559317752352521,0.8602526960573841
img_dbd965cbdc9dfc00,selection_conditional_full_development_oof_v4,dataset_test/05_kosiv_ceramics/k159.jpg,05_kosiv_ceramics,05_kosiv_ceramics,True,0.999055650925685,05_kosiv_ceramics,03_bubnivka_ceramics,02_ornek,4,validation,srcgrp_12d0f482c0fc3b5c,src_global_kos_shop_camera_series,unreviewed,unreviewed,global_cls__c10__source0p5,motif_texture_weighted_mean__c10__source0p5,texture_weighted_mean,10.0,True,8.579123538855714e-05,0.0002485311739828736,0.00036738530071115234,0.0002426413642323026,0.999055650925685
img_9bddb217195e1edd,selection_conditional_full_development_oof_v4,dataset_test/05_kosiv_ceramics/k160.jpg,05_kosiv_ceramics,05_kosiv_ceramics,True,0.9983600814561625,05_kosiv_ceramics,01_opishnyan_ceramics,03_bubnivka_ceramics,4,validation,srcgrp_12d0f482c0fc3b5c,src_global_kos_shop_camera_series,unreviewed,unreviewed,global_cls__c10__source0p5,motif_texture_weighted_mean__c10__source0p5,texture_weighted_mean,10.0,True,0.0008519188255992911,0.00012635810568853534,0.0005559737701336172,0.00010566784241592152,0.9983600814561625
img_e12e95b8fd287161,selection_conditional_full_development_oof_v4,dataset_test/05_kosiv_ceramics/k161.jpg,05_kosiv_ceramics,05_kosiv_ceramics,True,0.991833676598308,05_kosiv_ceramics,03_bubnivka_ceramics,01_opishnyan_ceramics,4,validation,srcgrp_12d0f482c0fc3b5c,src_global_kos_shop_camera_series,unreviewed,unreviewed,global_cls__c10__source0p5,motif_texture_weighted_mean__c10__source0p5,texture_weighted_mean,10.0,True,0.0024644940541599073,0.002120740114650994,0.0029388114797784803,0.0006422777531026011,0.991833676598308
img_f6d1b745bd681e96,selection_conditional_full_development_oof_v4,dataset_test/05_kosiv_ceramics/k162.jpg,05_kosiv_ceramics,05_kosiv_ceramics,True,0.9972293571674767,05_kosiv_ceramics,03_bubnivka_ceramics,02_ornek,4,validation,srcgrp_12d0f482c0fc3b5c,src_global_kos_shop_camera_series,unreviewed,unreviewed,global_cls__c10__source0p5,motif_texture_weighted_mean__c10__source0p5,texture_weighted_mean,10.0,True,0.00010054685100391031,0.0011242170665657632,0.0011533340465275255,0.00039254486842612196,0.9972293571674767
img_5dcd9a0e95cf7c89,selection_conditional_full_development_oof_v4,dataset_test/05_kosiv_ceramics/k163.jpg,05_kosiv_ceramics,05_kosiv_ceramics,True,0.5312250927093284,05_kosiv_ceramics,02_ornek,03_bubnivka_ceramics,4,validation,srcgrp_12d0f482c0fc3b5c,src_global_kos_shop_camera_series,unreviewed,unreviewed,global_cls__c10__source0p5,motif_texture_weighted_mean__c10__source0p5,texture_weighted_mean,10.0,True,0.07541584076982899,0.2536171059509579,0.12254432006901853,0.01719764050086618,0.5312250927093284
img_d57ea5189e712ada,selection_conditional_full_development_oof_v4,dataset_test/05_kosiv_ceramics/k164.jpg,05_kosiv_ceramics,05_kosiv_ceramics,True,0.8930532332733123,05_kosiv_ceramics,01_opishnyan_ceramics,03_bubnivka_ceramics,4,validation,srcgrp_12d0f482c0fc3b5c,src_global_kos_shop_camera_series,unreviewed,unreviewed,global_cls__c10__source0p5,motif_texture_weighted_mean__c10__source0p5,texture_weighted_mean,10.0,True,0.06887425308851701,0.01624134988866824,0.019055615460012325,0.002775548289490151,0.8930532332733123
img_1f3486ba26633e08,selection_conditional_full_development_oof_v4,dataset_test/05_kosiv_ceramics/k166.jpg,05_kosiv_ceramics,05_kosiv_ceramics,True,0.7387514784870816,05_kosiv_ceramics,02_ornek,03_bubnivka_ceramics,4,validation,srcgrp_12d0f482c0fc3b5c,src_global_kos_shop_camera_series,unreviewed,unreviewed,global_cls__c10__source0p5,motif_texture_weighted_mean__c10__source0p5,texture_weighted_mean,10.0,True,0.0008348328107998923,0.245843266894976,0.012167309844785689,0.0024031119623567883,0.7387514784870816
img_3d892fc243d7f9f8,selection_conditional_full_development_oof_v4,dataset_test/05_kosiv_ceramics/k167.jpg,05_kosiv_ceramics,05_kosiv_ceramics,True,0.9927297709318993,05_kosiv_ceramics,03_bubnivka_ceramics,04_petrykivka_painting,4,validation,srcgrp_12d0f482c0fc3b5c,src_global_kos_shop_camera_series,unreviewed,unreviewed,global_cls__c10__source0p5,motif_texture_weighted_mean__c10__source0p5,texture_weighted_mean,10.0,True,0.00015646279264168745,0.000466052969570081,0.003365049755280923,0.003282663550607975,0.9927297709318993
img_3c2c657b67cd141e,selection_conditional_full_development_oof_v4,dataset_test/05_kosiv_ceramics/k168.jpg,05_kosiv_ceramics,05_kosiv_ceramics,True,0.9985313630525686,05_kosiv_ceramics,03_bubnivka_ceramics,01_opishnyan_ceramics,4,validation,srcgrp_12d0f482c0fc3b5c,src_global_kos_shop_camera_series,unreviewed,unreviewed,global_cls__c10__source0p5,motif_texture_weighted_mean__c10__source0p5,texture_weighted_mean,10.0,True,0.0003047818461448004,0.00013104043333997728,0.0009020488267268434,0.00013076584121961274,0.9985313630525686
img_269d00339df856ae,selection_conditional_full_development_oof_v4,dataset_test/05_kosiv_ceramics/k169.jpg,05_kosiv_ceramics,05_kosiv_ceramics,True,0.9960300351818919,05_kosiv_ceramics,01_opishnyan_ceramics,03_bubnivka_ceramics,4,validation,srcgrp_12d0f482c0fc3b5c,src_global_kos_shop_camera_series,unreviewed,unreviewed,global_cls__c10__source0p5,motif_texture_weighted_mean__c10__source0p5,texture_weighted_mean,10.0,True,0.002415457650005649,0.0002895061246987664,0.0010866835162920104,0.00017831752711157115,0.9960300351818919
img_1ad2f7efb115b706,selection_conditional_full_development_oof_v4,dataset_test/05_kosiv_ceramics/k174.jpg,05_kosiv_ceramics,05_kosiv_ceramics,True,0.7122163249823669,05_kosiv_ceramics,03_bubnivka_ceramics,01_opishnyan_ceramics,2,train,obj_single_1ad2f7efb115b706,,unreviewed,unreviewed,global_cls__c10__source0p5,motif_texture_weighted_mean__c10__source0p5,texture_weighted_mean,10.0,True,0.07772844654499053,0.00732422086304816,0.17299980717496694,0.029731200434627604,0.7122163249823669
img_a9d5594ccb55fd31,selection_conditional_full_development_oof_v4,dataset_test/05_kosiv_ceramics/k175.jpg,05_kosiv_ceramics,05_kosiv_ceramics,True,0.9116861160246988,05_kosiv_ceramics,02_ornek,04_petrykivka_painting,2,train,obj_single_a9d5594ccb55fd31,,unreviewed,unreviewed,global_cls__c10__source0p5,motif_texture_weighted_mean__c10__source0p5,texture_weighted_mean,10.0,True,0.0023023752978519408,0.04571752292438129,0.002864575519457608,0.03742941023361036,0.9116861160246988
img_053aad3cf470da05,selection_conditional_full_development_oof_v4,dataset_test/05_kosiv_ceramics/k178.jpg,05_kosiv_ceramics,05_kosiv_ceramics,True,0.9841332435031906,05_kosiv_ceramics,01_opishnyan_ceramics,02_ornek,2,train,obj_single_053aad3cf470da05,,unreviewed,unreviewed,global_cls__c10__source0p5,motif_texture_weighted_mean__c10__source0p5,texture_weighted_mean,10.0,True,0.009129595202838512,0.003228000902481776,0.0027220587095212307,0.0007871016819676821,0.9841332435031906
img_1cc5a27ab305ce25,selection_conditional_full_development_oof_v4,dataset_test/05_kosiv_ceramics/k179.jpg,05_kosiv_ceramics,05_kosiv_ceramics,True,0.9898880397983714,05_kosiv_ceramics,02_ornek,04_petrykivka_painting,0,train,obj_single_1cc5a27ab305ce25,,unreviewed,unreviewed,global_cls__c10__source0p5,motif_texture_weighted_mean__c10__source0p5,texture_weighted_mean,10.0,True,0.001094392356606532,0.003993122926773978,0.0015750935580969357,0.003449351360151178,0.9898880397983714
img_f6fbde5afe4d384b,selection_conditional_full_development_oof_v4,dataset_test/05_kosiv_ceramics/k181.jpg,05_kosiv_ceramics,05_kosiv_ceramics,True,0.7839114200733207,05_kosiv_ceramics,01_opishnyan_ceramics,03_bubnivka_ceramics,0,train,obj_single_f6fbde5afe4d384b,,unreviewed,unreviewed,global_cls__c10__source0p5,motif_texture_weighted_mean__c10__source0p5,texture_weighted_mean,10.0,True,0.16531343954500188,0.007115569150685061,0.04143851361942926,0.0022210576115630353,0.7839114200733207
img_e394401ef1f7be81,selection_conditional_full_development_oof_v4,dataset_test/05_kosiv_ceramics/k183.jpg,05_kosiv_ceramics,05_kosiv_ceramics,True,0.9948135488304484,05_kosiv_ceramics,03_bubnivka_ceramics,01_opishnyan_ceramics,2,train,obj_single_e394401ef1f7be81,,unreviewed,unreviewed,global_cls__c10__source0p5,motif_texture_weighted_mean__c10__source0p5,texture_weighted_mean,10.0,True,0.0011072830685027969,0.00019854981027195718,0.003417953883173715,0.00046266440760318433,0.9948135488304484
img_11777d2610a65ccb,selection_conditional_full_development_oof_v4,dataset_test/05_kosiv_ceramics/k184.jpg,05_kosiv_ceramics,05_kosiv_ceramics,True,0.9548503444427271,05_kosiv_ceramics,04_petrykivka_painting,02_ornek,1,train,obj_single_11777d2610a65ccb,,unreviewed,unreviewed,global_cls__c10__source0p5,motif_texture_weighted_mean__c10__source0p5,texture_weighted_mean,10.0,True,0.0058817720762437305,0.01308680641152341,0.003772159696978689,0.022408917372527058,0.9548503444427271
img_4f45f36d5c7bbbce,selection_conditional_full_development_oof_v4,dataset_test/05_kosiv_ceramics/k185.jpg,05_kosiv_ceramics,05_kosiv_ceramics,True,0.9886278152629158,05_kosiv_ceramics,03_bubnivka_ceramics,02_ornek,1,train,obj_single_4f45f36d5c7bbbce,,unreviewed,unreviewed,global_cls__c10__source0p5,motif_texture_weighted_mean__c10__source0p5,texture_weighted_mean,10.0,True,0.0019045308555234292,0.002846507934430062,0.006467891116007048,0.00015325483112366167,0.9886278152629158
img_2ff6b3f71fde67c8,selection_conditional_full_development_oof_v4,dataset_test/05_kosiv_ceramics/k186.jpg,05_kosiv_ceramics,05_kosiv_ceramics,True,0.9805613543464479,05_kosiv_ceramics,01_opishnyan_ceramics,02_ornek,3,train,obj_single_2ff6b3f71fde67c8,,unreviewed,unreviewed,global_cls__c10__source0p5,motif_texture_weighted_mean__c10__source0p5,texture_weighted_mean,10.0,True,0.014661720115575106,0.002255938904053489,0.0015933046645458528,0.000927681969377547,0.9805613543464479
img_fc60b69e36143a46,selection_conditional_full_development_oof_v4,dataset_test/05_kosiv_ceramics/k188.jpg,05_kosiv_ceramics,05_kosiv_ceramics,True,0.8424647849234528,05_kosiv_ceramics,02_ornek,01_opishnyan_ceramics,0,train,obj_single_fc60b69e36143a46,,unreviewed,unreviewed,global_cls__c10__source0p5,motif_texture_weighted_mean__c10__source0p5,texture_weighted_mean,10.0,True,0.020101596387474843,0.12859097803548675,0.006582255573887109,0.002260385079698612,0.8424647849234528
img_b5851be025112e53,selection_conditional_full_development_oof_v4,dataset_test/05_kosiv_ceramics/k192.jpg,05_kosiv_ceramics,05_kosiv_ceramics,True,0.9597988084131992,05_kosiv_ceramics,01_opishnyan_ceramics,02_ornek,0,train,obj_single_b5851be025112e53,,unreviewed,unreviewed,global_cls__c10__source0p5,motif_texture_weighted_mean__c10__source0p5,texture_weighted_mean,10.0,True,0.02352025062485504,0.010647653892871867,0.005037603466590572,0.0009956836024832647,0.9597988084131992
img_33ac2374afd538f7,selection_conditional_full_development_oof_v4,dataset_test/05_kosiv_ceramics/k193.jpg,05_kosiv_ceramics,02_ornek,False,0.4364240540629603,02_ornek,04_petrykivka_painting,05_kosiv_ceramics,3,train,obj_single_33ac2374afd538f7,,unreviewed,unreviewed,global_cls__c10__source0p5,motif_texture_weighted_mean__c10__source0p5,texture_weighted_mean,10.0,True,0.06530767144246373,0.4364240540629603,0.07234580488447524,0.23963433950854116,0.18628813010155965
img_623af1a2af0e4c6b,selection_conditional_full_development_oof_v4,dataset_test/05_kosiv_ceramics/k194.jpg,05_kosiv_ceramics,05_kosiv_ceramics,True,0.9550753784798888,05_kosiv_ceramics,02_ornek,03_bubnivka_ceramics,4,train,obj_single_623af1a2af0e4c6b,,unreviewed,unreviewed,global_cls__c10__source0p5,motif_texture_weighted_mean__c10__source0p5,texture_weighted_mean,10.0,True,0.008781587686537808,0.019346516492754512,0.013296911363237553,0.0034996059775813234,0.9550753784798888
img_a4bad939a8fd5f87,selection_conditional_full_development_oof_v4,dataset_test/05_kosiv_ceramics/k196.jpg,05_kosiv_ceramics,05_kosiv_ceramics,True,0.9470990845922357,05_kosiv_ceramics,02_ornek,01_opishnyan_ceramics,2,train,obj_single_a4bad939a8fd5f87,,unreviewed,unreviewed,global_cls__c10__source0p5,motif_texture_weighted_mean__c10__source0p5,texture_weighted_mean,10.0,True,0.013093399640076685,0.024337061454843555,0.004116142335540802,0.011354311977303296,0.9470990845922357
img_9762e3d047d12218,selection_conditional_full_development_oof_v4,dataset_test/05_kosiv_ceramics/k199.jpg,05_kosiv_ceramics,05_kosiv_ceramics,True,0.5175519334254988,05_kosiv_ceramics,01_opishnyan_ceramics,02_ornek,2,train,obj_single_9762e3d047d12218,,unreviewed,unreviewed,global_cls__c10__source0p5,motif_texture_weighted_mean__c10__source0p5,texture_weighted_mean,10.0,True,0.33323637954750635,0.09544406021893764,0.025516288593333616,0.028251338214723618,0.5175519334254988
img_70af808a4ce4079e,selection_conditional_full_development_oof_v4,dataset_test/05_kosiv_ceramics/k200.jpg,05_kosiv_ceramics,05_kosiv_ceramics,True,0.89026892925629,05_kosiv_ceramics,01_opishnyan_ceramics,03_bubnivka_ceramics,3,train,obj_single_70af808a4ce4079e,,unreviewed,unreviewed,global_cls__c10__source0p5,motif_texture_weighted_mean__c10__source0p5,texture_weighted_mean,10.0,True,0.08214487951270948,0.006388330853224513,0.01542165124195816,0.005776209135817859,0.89026892925629
img_9da79d107c989b7f,selection_conditional_full_development_oof_v4,dataset_test/05_kosiv_ceramics/k201.jpg,05_kosiv_ceramics,05_kosiv_ceramics,True,0.9916188950159026,05_kosiv_ceramics,02_ornek,03_bubnivka_ceramics,1,train,obj_single_9da79d107c989b7f,,unreviewed,unreviewed,global_cls__c10__source0p5,motif_texture_weighted_mean__c10__source0p5,texture_weighted_mean,10.0,True,0.00016157373010902563,0.007324215010811997,0.0005413857795741919,0.0003539304636021786,0.9916188950159026
img_02d87e9553342db8,selection_conditional_full_development_oof_v4,dataset_test/05_kosiv_ceramics/k208.jpg,05_kosiv_ceramics,05_kosiv_ceramics,True,0.9950173714660923,05_kosiv_ceramics,02_ornek,03_bubnivka_ceramics,4,train,obj_single_02d87e9553342db8,,unreviewed,unreviewed,global_cls__c10__source0p5,motif_texture_weighted_mean__c10__source0p5,texture_weighted_mean,10.0,True,0.0008861726632375973,0.0021539110111580364,0.0012397746968537612,0.0007027701626582928,0.9950173714660923
img_a8b877aea7d82313,selection_conditional_full_development_oof_v4,dataset_test/05_kosiv_ceramics/k209.jpg,05_kosiv_ceramics,05_kosiv_ceramics,True,0.9990776035098176,05_kosiv_ceramics,03_bubnivka_ceramics,01_opishnyan_ceramics,2,train,obj_single_a8b877aea7d82313,,unreviewed,unreviewed,global_cls__c10__source0p5,motif_texture_weighted_mean__c10__source0p5,texture_weighted_mean,10.0,True,0.0003241401794375624,0.00011635988898000971,0.00041004160240790653,7.185481935703593e-05,0.9990776035098176
img_d2c343f68ab9fc15,selection_conditional_full_development_oof_v4,dataset_test/05_kosiv_ceramics/k213.jpg,05_kosiv_ceramics,05_kosiv_ceramics,True,0.9841988330001338,05_kosiv_ceramics,04_petrykivka_painting,02_ornek,3,train,obj_single_d2c343f68ab9fc15,,unreviewed,unreviewed,global_cls__c10__source0p5,motif_texture_weighted_mean__c10__source0p5,texture_weighted_mean,10.0,True,0.00013631420973729425,0.0023715930853543486,0.0013229795028731534,0.011970280201901277,0.9841988330001338
img_73cbf55283e55981,selection_conditional_full_development_oof_v4,dataset_test/05_kosiv_ceramics/k216.jpg,05_kosiv_ceramics,05_kosiv_ceramics,True,0.9939265364883122,05_kosiv_ceramics,04_petrykivka_painting,01_opishnyan_ceramics,0,train,obj_single_73cbf55283e55981,,unreviewed,unreviewed,global_cls__c10__source0p5,motif_texture_weighted_mean__c10__source0p5,texture_weighted_mean,10.0,True,0.0015993580100439628,0.0006029895436551637,0.0009376918183776672,0.0029334241396109526,0.9939265364883122
img_a6e559fe1ad4f2b9,selection_conditional_full_development_oof_v4,dataset_test/05_kosiv_ceramics/k218.jpg,05_kosiv_ceramics,05_kosiv_ceramics,True,0.7803446413879531,05_kosiv_ceramics,02_ornek,04_petrykivka_painting,2,train,obj_single_a6e559fe1ad4f2b9,,unreviewed,unreviewed,global_cls__c10__source0p5,motif_texture_weighted_mean__c10__source0p5,texture_weighted_mean,10.0,True,0.042596304657166434,0.09270074841851704,0.023252821765185505,0.06110548377117781,0.7803446413879531
img_3b4225477cb8df9b,selection_conditional_full_development_oof_v4,dataset_test/05_kosiv_ceramics/k220.jpg,05_kosiv_ceramics,05_kosiv_ceramics,True,0.8955684219097831,05_kosiv_ceramics,03_bubnivka_ceramics,04_petrykivka_painting,3,train,obj_single_3b4225477cb8df9b,,unreviewed,unreviewed,global_cls__c10__source0p5,motif_texture_weighted_mean__c10__source0p5,texture_weighted_mean,10.0,True,0.01185406551634038,0.003478529744286005,0.05145810551847891,0.03764087731111163,0.8955684219097831
img_cae64157ffb161c9,selection_conditional_full_development_oof_v4,dataset_test/05_kosiv_ceramics/k226.jpg,05_kosiv_ceramics,05_kosiv_ceramics,True,0.9688539126298689,05_kosiv_ceramics,02_ornek,03_bubnivka_ceramics,2,train,obj_single_cae64157ffb161c9,,unreviewed,unreviewed,global_cls__c10__source0p5,motif_texture_weighted_mean__c10__source0p5,texture_weighted_mean,10.0,True,0.001711171378296521,0.012678928498084514,0.01145853652420602,0.0052974509695440175,0.9688539126298689
img_580e7a490e020633,selection_conditional_full_development_oof_v4,dataset_test/05_kosiv_ceramics/k227.jpg,05_kosiv_ceramics,05_kosiv_ceramics,True,0.9885846387252825,05_kosiv_ceramics,03_bubnivka_ceramics,04_petrykivka_painting,4,train,obj_single_580e7a490e020633,,unreviewed,unreviewed,global_cls__c10__source0p5,motif_texture_weighted_mean__c10__source0p5,texture_weighted_mean,10.0,True,0.0002502880569252608,0.0013131641947750263,0.0060422559327091155,0.0038096530903081903,0.9885846387252825
img_35d4c855ea6cdc48,selection_conditional_full_development_oof_v4,dataset_test/05_kosiv_ceramics/k234.jpg,05_kosiv_ceramics,05_kosiv_ceramics,True,0.9796682403068354,05_kosiv_ceramics,01_opishnyan_ceramics,03_bubnivka_ceramics,2,train,obj_single_35d4c855ea6cdc48,,unreviewed,unreviewed,global_cls__c10__source0p5,motif_texture_weighted_mean__c10__source0p5,texture_weighted_mean,10.0,True,0.015921785278693992,0.0009439824271882789,0.002413192866429599,0.0010527991208528625,0.9796682403068354
img_3298c8064efe8a1a,selection_conditional_full_development_oof_v4,dataset_test/05_kosiv_ceramics/k235.jpg,05_kosiv_ceramics,05_kosiv_ceramics,True,0.9576109636896648,05_kosiv_ceramics,01_opishnyan_ceramics,02_ornek,0,train,obj_single_3298c8064efe8a1a,,unreviewed,unreviewed,global_cls__c10__source0p5,motif_texture_weighted_mean__c10__source0p5,texture_weighted_mean,10.0,True,0.03241700937816861,0.004397489402016675,0.0037408781350623315,0.0018336593950875441,0.9576109636896648
img_200288969134e2f6,selection_conditional_full_development_oof_v4,dataset_test/05_kosiv_ceramics/k239.jpg,05_kosiv_ceramics,05_kosiv_ceramics,True,0.9976384284135147,05_kosiv_ceramics,04_petrykivka_painting,01_opishnyan_ceramics,1,train,obj_single_200288969134e2f6,,unreviewed,unreviewed,global_cls__c10__source0p5,motif_texture_weighted_mean__c10__source0p5,texture_weighted_mean,10.0,True,0.0005509644470863207,0.0003748621788799115,0.00010971311334284941,0.0013260318471761878,0.9976384284135147
img_5c51690a99ef9e12,selection_conditional_full_development_oof_v4,dataset_test/05_kosiv_ceramics/k242.jpg,05_kosiv_ceramics,05_kosiv_ceramics,True,0.6106935629404173,05_kosiv_ceramics,02_ornek,04_petrykivka_painting,1,train,obj_single_5c51690a99ef9e12,,unreviewed,unreviewed,global_cls__c10__source0p5,motif_texture_weighted_mean__c10__source0p5,texture_weighted_mean,10.0,True,0.008812868421736078,0.30916704697243436,0.007254324220821249,0.06407219744459097,0.6106935629404173
img_dbea5716fa572e6b,selection_conditional_full_development_oof_v4,dataset_test/05_kosiv_ceramics/k248.jpg,05_kosiv_ceramics,05_kosiv_ceramics,True,0.9457360861552736,05_kosiv_ceramics,01_opishnyan_ceramics,02_ornek,1,train,obj_single_dbea5716fa572e6b,,unreviewed,unreviewed,global_cls__c10__source0p5,motif_texture_weighted_mean__c10__source0p5,texture_weighted_mean,10.0,True,0.03933746134643659,0.009278496967152126,0.004275740171960856,0.0013722153591767706,0.9457360861552736
img_b440bf29adbcd007,selection_conditional_full_development_oof_v4,dataset_test/05_kosiv_ceramics/k251.jpg,05_kosiv_ceramics,05_kosiv_ceramics,True,0.7985923619388043,05_kosiv_ceramics,01_opishnyan_ceramics,04_petrykivka_painting,2,train,obj_single_b440bf29adbcd007,,unreviewed,unreviewed,global_cls__c10__source0p5,motif_texture_weighted_mean__c10__source0p5,texture_weighted_mean,10.0,True,0.19877442101180237,0.0003453732310707489,0.0006155099393920488,0.0016723338789304994,0.7985923619388043
img_55041a435915ac3a,selection_conditional_full_development_oof_v4,dataset_test/05_kosiv_ceramics/k257.jpg,05_kosiv_ceramics,05_kosiv_ceramics,True,0.9613279345476716,05_kosiv_ceramics,03_bubnivka_ceramics,02_ornek,0,train,obj_single_55041a435915ac3a,,unreviewed,unreviewed,global_cls__c10__source0p5,motif_texture_weighted_mean__c10__source0p5,texture_weighted_mean,10.0,True,0.005863671381578631,0.00614719937010505,0.020543915459145357,0.006117279241499274,0.9613279345476716
img_30cdee5e9354ba6b,selection_conditional_full_development_oof_v4,dataset_test/05_kosiv_ceramics/k265.jpg,05_kosiv_ceramics,05_kosiv_ceramics,True,0.9494951622958784,05_kosiv_ceramics,01_opishnyan_ceramics,03_bubnivka_ceramics,3,train,obj_single_30cdee5e9354ba6b,,unreviewed,unreviewed,global_cls__c10__source0p5,motif_texture_weighted_mean__c10__source0p5,texture_weighted_mean,10.0,True,0.04546064465697947,0.0009719040771744174,0.002999638286978534,0.0010726506829892267,0.9494951622958784
img_015c8244bc7ef19f,selection_conditional_full_development_oof_v4,dataset_test/05_kosiv_ceramics/k266.jpg,05_kosiv_ceramics,05_kosiv_ceramics,True,0.9927518404285056,05_kosiv_ceramics,04_petrykivka_painting,02_ornek,1,train,obj_single_015c8244bc7ef19f,,unreviewed,unreviewed,global_cls__c10__source0p5,motif_texture_weighted_mean__c10__source0p5,texture_weighted_mean,10.0,True,0.0015525185931663664,0.0018477777128619768,0.001082769785313836,0.0027650934801521985,0.9927518404285056
img_d16c62829ff8b96e,selection_conditional_full_development_oof_v4,dataset_test/05_kosiv_ceramics/k267.jpg,05_kosiv_ceramics,05_kosiv_ceramics,True,0.9454310755492054,05_kosiv_ceramics,02_ornek,04_petrykivka_painting,0,train,obj_single_d16c62829ff8b96e,,unreviewed,unreviewed,global_cls__c10__source0p5,motif_texture_weighted_mean__c10__source0p5,texture_weighted_mean,10.0,True,0.01056378837046889,0.025535102929507583,0.0017571804318346617,0.01671285271898348,0.9454310755492054
img_b90a1cc9c970f1d7,selection_conditional_full_development_oof_v4,dataset_test/05_kosiv_ceramics/k276.jpg,05_kosiv_ceramics,05_kosiv_ceramics,True,0.9876542648442616,05_kosiv_ceramics,01_opishnyan_ceramics,03_bubnivka_ceramics,1,train,obj_single_b90a1cc9c970f1d7,,unreviewed,unreviewed,global_cls__c10__source0p5,motif_texture_weighted_mean__c10__source0p5,texture_weighted_mean,10.0,True,0.007787623393856073,0.0015046532213587906,0.002939847500218112,0.00011361104030550489,0.9876542648442616
img_1ab7b1da4253dfa0,selection_conditional_full_development_oof_v4,dataset_test/05_kosiv_ceramics/k283.jpg,05_kosiv_ceramics,05_kosiv_ceramics,True,0.9898406038408226,05_kosiv_ceramics,04_petrykivka_painting,01_opishnyan_ceramics,3,train,obj_single_1ab7b1da4253dfa0,,unreviewed,unreviewed,global_cls__c10__source0p5,motif_texture_weighted_mean__c10__source0p5,texture_weighted_mean,10.0,True,0.00243716486167083,0.0015563486009029272,0.0012905686693679681,0.004875314027235572,0.9898406038408226
img_fcbbd76cd2c09a70,selection_conditional_full_development_oof_v4,dataset_test/05_kosiv_ceramics/k293.jpg,05_kosiv_ceramics,05_kosiv_ceramics,True,0.9899055043839498,05_kosiv_ceramics,01_opishnyan_ceramics,04_petrykivka_painting,2,train,obj_single_fcbbd76cd2c09a70,,unreviewed,unreviewed,global_cls__c10__source0p5,motif_texture_weighted_mean__c10__source0p5,texture_weighted_mean,10.0,True,0.005553877547537198,0.0016524076911376686,0.001180973050170759,0.0017072373272046086,0.9899055043839498
img_44c3ee7526aca5c7,selection_conditional_full_development_oof_v4,dataset_test/05_kosiv_ceramics/k297.jpg,05_kosiv_ceramics,05_kosiv_ceramics,True,0.9310963917633236,05_kosiv_ceramics,01_opishnyan_ceramics,03_bubnivka_ceramics,4,train,obj_single_44c3ee7526aca5c7,,unreviewed,unreviewed,global_cls__c10__source0p5,motif_texture_weighted_mean__c10__source0p5,texture_weighted_mean,10.0,True,0.05982470608016142,0.0010176672970383129,0.00434478106673505,0.0037164537927414833,0.9310963917633236
img_8a25312d7b11aeaa,selection_conditional_full_development_oof_v4,dataset_test/05_kosiv_ceramics/k300.jpg,05_kosiv_ceramics,05_kosiv_ceramics,True,0.9968010049606106,05_kosiv_ceramics,01_opishnyan_ceramics,03_bubnivka_ceramics,0,train,obj_single_8a25312d7b11aeaa,,unreviewed,unreviewed,global_cls__c10__source0p5,motif_texture_weighted_mean__c10__source0p5,texture_weighted_mean,10.0,True,0.0014226201955260544,0.0005699514269062656,0.0008542382058339933,0.0003521852111231418,0.9968010049606106
img_fe68871f75add030,selection_conditional_full_development_oof_v4,dataset_test/05_kosiv_ceramics/k304.jpg,05_kosiv_ceramics,05_kosiv_ceramics,True,0.9725783028862297,05_kosiv_ceramics,04_petrykivka_painting,02_ornek,0,train,obj_single_fe68871f75add030,,unreviewed,unreviewed,global_cls__c10__source0p5,motif_texture_weighted_mean__c10__source0p5,texture_weighted_mean,10.0,True,0.002117887780285419,0.003945129414894367,0.0034234759920192897,0.01793520392657115,0.9725783028862297
img_6cdeef4c30dac3d6,selection_conditional_full_development_oof_v4,dataset_test/05_kosiv_ceramics/k310.jpg,05_kosiv_ceramics,05_kosiv_ceramics,True,0.9891475043056336,05_kosiv_ceramics,04_petrykivka_painting,01_opishnyan_ceramics,1,train,obj_single_6cdeef4c30dac3d6,,unreviewed,unreviewed,global_cls__c10__source0p5,motif_texture_weighted_mean__c10__source0p5,texture_weighted_mean,10.0,True,0.002701382460883136,0.0008382402625013058,0.0013666084566173523,0.005946264514364739,0.9891475043056336
img_1a7e1856ba5f6c0c,selection_conditional_full_development_oof_v4,dataset_test/05_kosiv_ceramics/k312.jpg,05_kosiv_ceramics,05_kosiv_ceramics,True,0.9804607047747161,05_kosiv_ceramics,02_ornek,04_petrykivka_painting,0,train,obj_single_1a7e1856ba5f6c0c,,unreviewed,unreviewed,global_cls__c10__source0p5,motif_texture_weighted_mean__c10__source0p5,texture_weighted_mean,10.0,True,0.0004929949970896928,0.009231683537173166,0.000801616527112643,0.009013000163908314,0.9804607047747161
img_87e0555e321a5c0a,selection_conditional_full_development_oof_v4,dataset_test/05_kosiv_ceramics/k313.jpg,05_kosiv_ceramics,05_kosiv_ceramics,True,0.9866699931272593,05_kosiv_ceramics,01_opishnyan_ceramics,04_petrykivka_painting,1,train,obj_single_87e0555e321a5c0a,,unreviewed,unreviewed,global_cls__c10__source0p5,motif_texture_weighted_mean__c10__source0p5,texture_weighted_mean,10.0,True,0.010223254876217669,0.0002039406542898309,0.0010793854788009383,0.0018234258634321615,0.9866699931272593
img_fcd495fa73e5847a,selection_conditional_full_development_oof_v4,dataset_test/05_kosiv_ceramics/k314.jpg,05_kosiv_ceramics,05_kosiv_ceramics,True,0.9947026431955049,05_kosiv_ceramics,01_opishnyan_ceramics,03_bubnivka_ceramics,2,train,obj_single_fcd495fa73e5847a,,unreviewed,unreviewed,global_cls__c10__source0p5,motif_texture_weighted_mean__c10__source0p5,texture_weighted_mean,10.0,True,0.0028020742827079043,0.0007558520128649452,0.0015855024861487336,0.0001539280227734055,0.9947026431955049
img_fea70f7921e640e4,selection_conditional_full_development_oof_v4,dataset_test/05_kosiv_ceramics/k329.jpg,05_kosiv_ceramics,05_kosiv_ceramics,True,0.9728195506534584,05_kosiv_ceramics,01_opishnyan_ceramics,04_petrykivka_painting,1,train,obj_single_fea70f7921e640e4,,unreviewed,unreviewed,global_cls__c10__source0p5,motif_texture_weighted_mean__c10__source0p5,texture_weighted_mean,10.0,True,0.02586437266220501,0.00020463075999190968,0.0004009928001115612,0.0007104531242332346,0.9728195506534584
img_04f86fb60aac54a1,selection_conditional_full_development_oof_v4,dataset_test/05_kosiv_ceramics/k334.jpg,05_kosiv_ceramics,05_kosiv_ceramics,True,0.8801190887396149,05_kosiv_ceramics,01_opishnyan_ceramics,03_bubnivka_ceramics,2,train,obj_single_04f86fb60aac54a1,,unreviewed,unreviewed,global_cls__c10__source0p5,motif_texture_weighted_mean__c10__source0p5,texture_weighted_mean,10.0,True,0.04238739393303783,0.03235987347919937,0.041215974094618524,0.0039176697535293695,0.8801190887396149
img_fba17471d011b288,selection_conditional_full_development_oof_v4,dataset_test/05_kosiv_ceramics/k337.jpg,05_kosiv_ceramics,05_kosiv_ceramics,True,0.944503810932542,05_kosiv_ceramics,01_opishnyan_ceramics,02_ornek,0,train,obj_single_fba17471d011b288,,unreviewed,unreviewed,global_cls__c10__source0p5,motif_texture_weighted_mean__c10__source0p5,texture_weighted_mean,10.0,True,0.025535440877950295,0.018233576527523394,0.01099621060102072,0.000730961060963551,0.944503810932542
img_665e1d08c64ac662,selection_conditional_full_development_oof_v4,dataset_test/05_kosiv_ceramics/k339.jpg,05_kosiv_ceramics,05_kosiv_ceramics,True,0.9928785627295316,05_kosiv_ceramics,04_petrykivka_painting,03_bubnivka_ceramics,1,train,obj_single_665e1d08c64ac662,,unreviewed,unreviewed,global_cls__c10__source0p5,motif_texture_weighted_mean__c10__source0p5,texture_weighted_mean,10.0,True,0.0004348441956689751,0.00022894929848786913,0.0004561609297864431,0.006001482846525158,0.9928785627295316
img_6dec71e49cf7af63,selection_conditional_full_development_oof_v4,dataset_test/05_kosiv_ceramics/k341.jpg,05_kosiv_ceramics,05_kosiv_ceramics,True,0.9907399468997944,05_kosiv_ceramics,03_bubnivka_ceramics,02_ornek,3,train,obj_single_6dec71e49cf7af63,,unreviewed,unreviewed,global_cls__c10__source0p5,motif_texture_weighted_mean__c10__source0p5,texture_weighted_mean,10.0,True,0.0016394966207972934,0.003371119975040048,0.003530927886269048,0.0007185086180991732,0.9907399468997944
img_b359a31c0f32b18c,selection_conditional_full_development_oof_v4,dataset_test/05_kosiv_ceramics/k347.jpg,05_kosiv_ceramics,05_kosiv_ceramics,True,0.9858891446121361,05_kosiv_ceramics,01_opishnyan_ceramics,04_petrykivka_painting,0,train,obj_single_b359a31c0f32b18c,,unreviewed,unreviewed,global_cls__c10__source0p5,motif_texture_weighted_mean__c10__source0p5,texture_weighted_mean,10.0,True,0.01172662588352909,3.06758944740294e-05,0.001095356463728734,0.0012581971461321196,0.9858891446121361
img_18cc2797f6a63030,selection_conditional_full_development_oof_v4,dataset_test/05_kosiv_ceramics/k350.jpg,05_kosiv_ceramics,05_kosiv_ceramics,True,0.9910351348684613,05_kosiv_ceramics,03_bubnivka_ceramics,02_ornek,3,train,obj_single_18cc2797f6a63030,,unreviewed,unreviewed,global_cls__c10__source0p5,motif_texture_weighted_mean__c10__source0p5,texture_weighted_mean,10.0,True,0.0013786564020373314,0.0030835239420804275,0.0039289395684252194,0.0005737452189958352,0.9910351348684613
img_9158bbc730443cd0,selection_conditional_full_development_oof_v4,dataset_test/05_kosiv_ceramics/k352.jpg,05_kosiv_ceramics,05_kosiv_ceramics,True,0.9187084908816919,05_kosiv_ceramics,02_ornek,04_petrykivka_painting,0,train,obj_single_9158bbc730443cd0,,unreviewed,unreviewed,global_cls__c10__source0p5,motif_texture_weighted_mean__c10__source0p5,texture_weighted_mean,10.0,True,0.0020424111062991106,0.07024414545589826,0.0036665313191576137,0.005338421236953078,0.9187084908816919
img_03b5715718c2c557,selection_conditional_full_development_oof_v4,dataset_test/05_kosiv_ceramics/k357.jpg,05_kosiv_ceramics,05_kosiv_ceramics,True,0.9898751723962592,05_kosiv_ceramics,01_opishnyan_ceramics,03_bubnivka_ceramics,3,train,srcgrp_fde3339b0158efdf,src_global_kos_huclia_watermark,unreviewed,unreviewed,global_cls__c10__source0p5,motif_texture_weighted_mean__c10__source0p5,texture_weighted_mean,10.0,True,0.008928071094166695,0.00034927427567529266,0.0007541246412351189,9.335759266367196e-05,0.9898751723962592
img_c0afa7e699efe4d2,selection_conditional_full_development_oof_v4,dataset_test/05_kosiv_ceramics/k358.jpg,05_kosiv_ceramics,02_ornek,False,0.7154406375174258,02_ornek,05_kosiv_ceramics,01_opishnyan_ceramics,3,train,srcgrp_fde3339b0158efdf,src_global_kos_huclia_watermark,unreviewed,unreviewed,global_cls__c10__source0p5,motif_texture_weighted_mean__c10__source0p5,texture_weighted_mean,10.0,True,0.10482053439502893,0.7154406375174258,0.012707841667139128,0.009696718877683036,0.15733426754272292
img_d37a4c5484b60c3b,selection_conditional_full_development_oof_v4,dataset_test/05_kosiv_ceramics/k359.jpg,05_kosiv_ceramics,05_kosiv_ceramics,True,0.9694746923333226,05_kosiv_ceramics,01_opishnyan_ceramics,03_bubnivka_ceramics,3,train,srcgrp_fde3339b0158efdf,src_global_kos_huclia_watermark,unreviewed,unreviewed,global_cls__c10__source0p5,motif_texture_weighted_mean__c10__source0p5,texture_weighted_mean,10.0,True,0.014015296971307994,0.0038499688021169523,0.011594887503834177,0.0010651543894181408,0.9694746923333226
img_509f9404953676b3,selection_conditional_full_development_oof_v4,dataset_test/05_kosiv_ceramics/k360.jpg,05_kosiv_ceramics,05_kosiv_ceramics,True,0.9816017284691603,05_kosiv_ceramics,03_bubnivka_ceramics,01_opishnyan_ceramics,0,train,obj_single_509f9404953676b3,,unreviewed,unreviewed,global_cls__c10__source0p5,motif_texture_weighted_mean__c10__source0p5,texture_weighted_mean,10.0,True,0.002811156433799444,0.0010239177654281448,0.013713420867414883,0.0008497764641973345,0.9816017284691603
